대학명,모집단위,유형,전형명,기준,컷70,연도,모집인원27,경쟁률26
가야대,간호학과,교과,학생부교과(가야인재전형),70%컷(최종),3.5,2026,110,6
가야대,물리치료학과,교과,학생부교과(가야인재전형),70%컷(최종),3.88,2026,41,6.62
가야대,사회복지상담학과,교과,학생부교과(일반전형),70%컷(최종),7,2026,39,1.03
가야대,치유웰니스학과,교과,학생부교과(일반전형),70%컷(최종),6,2026,19,1.21
가야대,특수교육과,교과,학생부교과(일반전형),70%컷(최종),5.13,2026,25,2.04
가야대,간호학과,교과,학생부교과(일반전형),70%컷(최종),3.13,2026,16,11.41
가야대,물리치료학과,교과,학생부교과(일반전형),70%컷(최종),2.75,2026,2,18.25
가야대,방사선학과,교과,학생부교과(일반전형),70%컷(최종),3.88,2026,44,7.61
가야대,스포츠재활복지학과,교과,학생부교과(일반전형),70%컷(최종),4.5,2026,39,4.95
가야대,간호학과,교과,학생부교과(지역인재전형),70%컷(최종),3.63,2026,18,7.11
가야대,물리치료학과,교과,학생부교과(지역인재전형),70%컷(최종),4.38,2026,8,5.7
가천대(글로벌),AI인문대학,논술,논술,90%컷(최종),5.84,2025,73,45.2
가천대(글로벌),경영학과,논술,논술,90%컷(최종),6.21,2025,40,58.73
가천대(글로벌),경제학과,논술,논술,90%컷(최종),5.36,2025,15,43.8
가천대(글로벌),관광경영학과,논술,논술,90%컷(최종),5.94,2025,14,43.38
가천대(글로벌),미디어커뮤니케이션학과,논술,논술,90%컷(최종),6.87,2025,8,83.75
가천대(글로벌),법과대학,논술,논술,90%컷(최종),5.66,2025,46,42.16
가천대(글로벌),사회복지학과,논술,논술,90%컷(최종),5.98,2025,12,40.33
가천대(글로벌),심리학과,논술,논술,90%컷(최종),5.2,2025,10,54.9
가천대(글로벌),유아교육학과,논술,논술,90%컷(최종),5.71,2025,15,40
가천대(글로벌),의료산업경영학과,논술,논술,90%컷(최종),5.96,2025,13,41.15
가천대(글로벌),패션산업학과,논술,논술,90%컷(최종),4.43,2025,12,44.42
가천대(글로벌),회계세무학과,논술,논술,90%컷(최종),6.27,2025,16,42.06
가천대(글로벌),건설환경공학과,논술,논술,90%컷(최종),5.93,2025,14,26.43
가천대(글로벌),건축학부,논술,논술,90%컷(최종),5.93,2025,20,52.4
가천대(글로벌),금융·빅데이터학부,논술,논술,90%컷(최종),5.98,2025,26,29.08
가천대(글로벌),기계공학부,논술,논술,90%컷(최종),6.18,2025,56,32.45
가천대(글로벌),도시계획·조경학부,논술,논술,90%컷(최종),5.51,2025,21,28.43
가천대(글로벌),바이오나노학과,논술,논술,90%컷(최종),4.62,2025,14,29.5
가천대(글로벌),반도체대학,논술,논술,90%컷(최종),5.42,2025,73,33.37
가천대(글로벌),반도체물리학과,논술,논술,90%컷(최종),5.73,2025,13,25.77
가천대(글로벌),생명과학과,논술,논술,90%컷(최종),5.15,2025,15,39
가천대(글로벌),스마트시티학과,논술,논술,90%컷(최종),6.31,2025,18,29.56
가천대(글로벌),스마트팩토리학과,논술,논술,90%컷(최종),5.69,2025,18,28.63
가천대(글로벌),시스템반도체학과,논술,논술,90%컷(최종),7.04,2025,16,28.5
가천대(글로벌),식품생명공학과,논술,논술,90%컷(최종),5.45,2025,14,33.79
가천대(글로벌),식품영양학과,논술,논술,90%컷(최종),5.41,2025,12,33.33
가천대(글로벌),신소재공학과,논술,논술,90%컷(최종),6.28,2025,14,35.57
가천대(글로벌),운동재활학과,논술,논술,90%컷(최종),5.01,2025,13,30.54
가천대(글로벌),응용통계학과,논술,논술,90%컷(최종),5.92,2025,13,41.38
가천대(글로벌),의공학과,논술,논술,90%컷(최종),6.06,2025,14,26.14
가천대(글로벌),인공지능학과,논술,논술,90%컷(최종),5.8,2025,46,33.6
가천대(글로벌),전기공학과,논술,논술,90%컷(최종),5.25,2025,20,30.75
가천대(글로벌),정보보호학과,논술,논술,90%컷(최종),6.08,2025,18,28.17
가천대(글로벌),컴퓨터공학과,논술,논술,90%컷(최종),6.18,2025,31,33.68
가천대(글로벌),화공생명배터리공학부,논술,논술,90%컷(최종),5.26,2025,59,29.65
가천대(글로벌),화학과,논술,논술,90%컷(최종),6.05,2025,14,27.64
가천대(글로벌),유아교육학과,교과,학생부교과(지역균형),70%컷(최종),3.65,2026,6,27.33
가천대(글로벌),[유형1] 자유전공학부,교과,학생부교과(지역균형),70%컷(최종),3.18,2026,321,15.95
가천대(글로벌),AI인문대학,교과,학생부교과(학생부우수자),70%컷(최종),2.9,2026,22,14.59
가천대(글로벌),경영학과,교과,학생부교과(학생부우수자),70%컷(최종),2.52,2026,15,14.33
가천대(글로벌),경제학과,교과,학생부교과(학생부우수자),70%컷(최종),2.8,2026,8,11
가천대(글로벌),관광경영학과,교과,학생부교과(학생부우수자),70%컷(최종),3.04,2026,7,11.86
가천대(글로벌),미디어커뮤니케이션학과,교과,학생부교과(학생부우수자),70%컷(최종),2.66,2026,5,13.6
가천대(글로벌),법과대학,교과,학생부교과(학생부우수자),70%컷(최종),2.8,2026,17,12.82
가천대(글로벌),사회복지학과,교과,학생부교과(학생부우수자),70%컷(최종),2.94,2026,6,25.5
가천대(글로벌),심리학과,교과,학생부교과(학생부우수자),70%컷(최종),2.39,2026,6,11.67
가천대(글로벌),유아교육학과,교과,학생부교과(학생부우수자),70%컷(최종),3.15,2026,6,14.17
가천대(글로벌),의료산업경영학과,교과,학생부교과(학생부우수자),70%컷(최종),2.74,2026,7,13.43
가천대(글로벌),패션산업학과,교과,학생부교과(학생부우수자),70%컷(최종),2.75,2026,6,16.67
가천대(글로벌),회계세무학과,교과,학생부교과(학생부우수자),70%컷(최종),2.67,2026,7,12.43
가천대(글로벌),건설환경공학과,교과,학생부교과(학생부우수자),70%컷(최종),2.86,2026,7,10.57
가천대(글로벌),건축공학과,교과,학생부교과(학생부우수자),70%컷(최종),3.17,2026,6,14.17
가천대(글로벌),건축학부,교과,학생부교과(학생부우수자),70%컷(최종),2.81,2026,9,23.71
가천대(글로벌),금융·빅데이터학부,교과,학생부교과(학생부우수자),70%컷(최종),2.96,2026,12,12.5
가천대(글로벌),기계공학부,교과,학생부교과(학생부우수자),70%컷(최종),2.79,2026,18,11.94
가천대(글로벌),도시계획·조경학부,교과,학생부교과(학생부우수자),70%컷(최종),2.95,2026,10,19.1
가천대(글로벌),바이오나노학과,교과,학생부교과(학생부우수자),70%컷(최종),2.81,2026,7,18.14
가천대(글로벌),반도체대학,교과,학생부교과(학생부우수자),70%컷(최종),2.82,2026,22,11.14
가천대(글로벌),반도체물리학과,교과,학생부교과(학생부우수자),70%컷(최종),2.92,2026,6,11
가천대(글로벌),생명과학과,교과,학생부교과(학생부우수자),70%컷(최종),2.78,2026,7,28.14
가천대(글로벌),스마트시티학과,교과,학생부교과(학생부우수자),70%컷(최종),2.98,2026,8,12.75
가천대(글로벌),스마트팩토리학과,교과,학생부교과(학생부우수자),70%컷(최종),2.96,2026,7,13.78
가천대(글로벌),시스템반도체학과,교과,학생부교과(학생부우수자),70%컷(최종),3.01,2026,8,17.78
가천대(글로벌),식품생명공학과,교과,학생부교과(학생부우수자),70%컷(최종),2.7,2026,7,14.29
가천대(글로벌),식품영양학과,교과,학생부교과(학생부우수자),70%컷(최종),2.75,2026,6,15.67
가천대(글로벌),신소재공학과,교과,학생부교과(학생부우수자),70%컷(최종),2.92,2026,7,15.71
가천대(글로벌),운동재활학과,교과,학생부교과(학생부우수자),70%컷(최종),3.17,2026,6,41.33
가천대(글로벌),응용통계학과,교과,학생부교과(학생부우수자),70%컷(최종),2.85,2026,7,9.71
가천대(글로벌),의공학과,교과,학생부교과(학생부우수자),70%컷(최종),2.88,2026,6,32.33
가천대(글로벌),인공지능학과,교과,학생부교과(학생부우수자),70%컷(최종),2.8,2026,20,7.86
가천대(글로벌),전기공학과,교과,학생부교과(학생부우수자),70%컷(최종),3,2026,8,15.38
가천대(글로벌),정보보호학과,교과,학생부교과(학생부우수자),70%컷(최종),3.16,2026,8,8.63
가천대(글로벌),컴퓨터공학과,교과,학생부교과(학생부우수자),70%컷(최종),2.64,2026,10,7.81
가천대(글로벌),한의예과,교과,학생부교과(학생부우수자),70%컷(최종),1.15,2026,7,19.43
가천대(글로벌),화공생명배터리공학부,교과,학생부교과(학생부우수자),70%컷(최종),2.73,2026,25,7.56
가천대(글로벌),화학과,교과,학생부교과(학생부우수자),70%컷(최종),2.69,2026,7,11.14
가천대(글로벌),AI인문대학,종합,학생부종합(가천바람개비),70%컷(최종),3.95,2026,22,34.36
가천대(글로벌),경영학과,종합,학생부종합(가천바람개비),70%컷(최종),3.9,2026,18,41.04
가천대(글로벌),경제학과,종합,학생부종합(가천바람개비),70%컷(최종),3.83,2026,9,28.3
가천대(글로벌),관광경영학과,종합,학생부종합(가천바람개비),70%컷(최종),3.76,2026,7,37.75
가천대(글로벌),미디어커뮤니케이션학과,종합,학생부종합(가천바람개비),70%컷(최종),3.86,2026,6,114.67
가천대(글로벌),법과대학,종합,학생부종합(가천바람개비),70%컷(최종),3.64,2026,21,36.05
가천대(글로벌),사회복지학과,종합,학생부종합(가천바람개비),70%컷(최종),4.14,2026,7,43.14
가천대(글로벌),심리학과,종합,학생부종합(가천바람개비),70%컷(최종),3.28,2026,7,49
가천대(글로벌),유아교육학과,종합,학생부종합(가천바람개비),70%컷(최종),3.79,2026,8,33.63
가천대(글로벌),의료산업경영학과,종합,학생부종합(가천바람개비),70%컷(최종),3.87,2026,6,15.83
가천대(글로벌),패션산업학과,종합,학생부종합(가천바람개비),70%컷(최종),3.9,2026,7,42.43
가천대(글로벌),회계세무학과,종합,학생부종합(가천바람개비),70%컷(최종),3.53,2026,10,15.6
가천대(글로벌),건설환경공학과,종합,학생부종합(가천바람개비),70%컷(최종),3.78,2026,6,24.67
가천대(글로벌),건축공학과,종합,학생부종합(가천바람개비),70%컷(최종),3.92,2026,7,20.14
가천대(글로벌),건축학부,종합,학생부종합(가천바람개비),70%컷(최종),3.94,2026,7,39.5
가천대(글로벌),금융·빅데이터학부,종합,학생부종합(가천바람개비),70%컷(최종),3.51,2026,12,15.42
가천대(글로벌),기계공학부,종합,학생부종합(가천바람개비),70%컷(최종),3.95,2026,18,35.72
가천대(글로벌),도시계획·조경학부,종합,학생부종합(가천바람개비),70%컷(최종),4.15,2026,7,30.86
가천대(글로벌),바이오나노학과,종합,학생부종합(가천바람개비),70%컷(최종),3.15,2026,6,24
가천대(글로벌),반도체대학,종합,학생부종합(가천바람개비),70%컷(최종),3.55,2026,16,16.12
가천대(글로벌),반도체물리학과,종합,학생부종합(가천바람개비),70%컷(최종),4.34,2026,13,13.69
가천대(글로벌),생명과학과,종합,학생부종합(가천바람개비),70%컷(최종),3.71,2026,6,77
가천대(글로벌),스마트시티학과,종합,학생부종합(가천바람개비),70%컷(최종),4.23,2026,8,27.6
가천대(글로벌),스마트팩토리학과,종합,학생부종합(가천바람개비),70%컷(최종),4.06,2026,7,15.29
가천대(글로벌),시스템반도체학과,종합,학생부종합(가천바람개비),70%컷(최종),3.56,2026,8,13.57
가천대(글로벌),식품생명공학과,종합,학생부종합(가천바람개비),70%컷(최종),3.56,2026,6,36.33
가천대(글로벌),식품영양학과,종합,학생부종합(가천바람개비),70%컷(최종),3.86,2026,6,36.5
가천대(글로벌),신소재공학과,종합,학생부종합(가천바람개비),70%컷(최종),3.54,2026,6,20.67
가천대(글로벌),운동재활학과,종합,학생부종합(가천바람개비),70%컷(최종),3.92,2026,7,65.14
가천대(글로벌),응용통계학과,종합,학생부종합(가천바람개비),70%컷(최종),3.55,2026,7,14.71
가천대(글로벌),의공학과,종합,학생부종합(가천바람개비),70%컷(최종),3.61,2026,6,19.33
가천대(글로벌),인공지능학과,종합,학생부종합(가천바람개비),70%컷(최종),3.74,2026,14,25.38
가천대(글로벌),전기공학과,종합,학생부종합(가천바람개비),70%컷(최종),3.45,2026,9,16.89
가천대(글로벌),정보보호학과,종합,학생부종합(가천바람개비),70%컷(최종),4.05,2026,7,45.29
가천대(글로벌),컴퓨터공학과,종합,학생부종합(가천바람개비),70%컷(최종),3.46,2026,10,32.57
가천대(글로벌),화공생명배터리공학부,종합,학생부종합(가천바람개비),70%컷(최종),3.86,2026,27,18.7
가천대(글로벌),화학과,종합,학생부종합(가천바람개비),70%컷(최종),3.67,2026,7,24.86
가천대(글로벌),게임·영상학과,종합,학생부종합(조기취업형 계약학과),90%컷(최종),6.1,2025,30,25.67
가천대(글로벌),미래자동차학과,종합,학생부종합(조기취업형 계약학과),90%컷(최종),5.48,2025,30,6.92
가천대(글로벌),바이오의료기기학과,종합,학생부종합(조기취업형 계약학과),90%컷(최종),7.03,2025,35,5.94
가천대(글로벌),반도체·디스플레이학과,종합,학생부종합(조기취업형 계약학과),90%컷(최종),6.46,2025,130,4.56
가천대(글로벌),반도체설계학과,종합,학생부종합(조기취업형 계약학과),90%컷(최종),6.8,2025,35,4.37
가천대(메디컬),간호학과,논술,논술,90%컷(최종),5.01,2025,77,47.68
가천대(메디컬),물리치료학과,논술,논술,90%컷(최종),5.2,2025,9,76.25
가천대(메디컬),바이오로직스학과,논술,논술,90%컷(최종),5.3,2025,29,33.36
가천대(메디컬),방사선학과,논술,논술,90%컷(최종),4.99,2025,9,64.25
가천대(메디컬),응급구조학과,논술,논술,90%컷(최종),5.78,2025,6,39.83
가천대(메디컬),의예과,논술,논술,90%컷(최종),4,2025,6,577
가천대(메디컬),치위생학과,논술,논술,90%컷(최종),4.44,2025,9,32
가천대(메디컬),간호학과,교과,학생부교과(지역균형),70%컷(최종),2.32,2026,13,40.08
가천대(메디컬),물리치료학과,교과,학생부교과(지역균형),70%컷(최종),2.41,2026,6,21.33
가천대(메디컬),방사선학과,교과,학생부교과(지역균형),70%컷(최종),2.65,2026,6,23.17
가천대(메디컬),치위생학과,교과,학생부교과(지역균형),70%컷(최종),3.48,2026,6,11
가천대(메디컬),간호학과,교과,학생부교과(학생부우수자),70%컷(최종),1.99,2026,28,7.54
가천대(메디컬),물리치료학과,교과,학생부교과(학생부우수자),70%컷(최종),2.3,2026,6,16.83
가천대(메디컬),바이오로직스학과,교과,학생부교과(학생부우수자),70%컷(최종),2.68,2026,12,12.5
가천대(메디컬),방사선학과,교과,학생부교과(학생부우수자),70%컷(최종),1.96,2026,6,11.17
가천대(메디컬),약학과,교과,학생부교과(학생부우수자),70%컷(최종),1.17,2026,3,13.33
가천대(메디컬),의예과,교과,학생부교과(학생부우수자),70%컷(최종),1.04,2026,4,15.75
가천대(메디컬),치위생학과,교과,학생부교과(학생부우수자),70%컷(최종),2.86,2026,6,15.6
가천대(메디컬),간호학과,종합,학생부종합(가천바람개비),70%컷(최종),2.88,2026,33,28.18
가천대(메디컬),물리치료학과,종합,학생부종합(가천바람개비),70%컷(최종),3.48,2026,6,62.67
가천대(메디컬),바이오로직스학과,종합,학생부종합(가천바람개비),70%컷(최종),3.33,2026,14,11.8
가천대(메디컬),방사선학과,종합,학생부종합(가천바람개비),70%컷(최종),3.05,2026,6,42
가천대(메디컬),응급구조학과,종합,학생부종합(가천바람개비),70%컷(최종),4.64,2026,4,83
가천대(메디컬),치위생학과,종합,학생부종합(가천바람개비),70%컷(최종),3.67,2026,6,22.5
가천대(메디컬),약학과,종합,학생부종합(가천의약학),70%컷(최종),2.69,2026,10,48.17
가천대(메디컬),의예과,종합,학생부종합(가천의약학),70%컷(최종),1.81,2026,16,39.31
가톨릭관동대,경영학전공,교과,학생부교과(일반전형),70%컷(최종),5.07,2026,25,1.87
가톨릭관동대,경찰학부,교과,학생부교과(일반전형),70%컷(최종),5.63,2026,93,3.09
가톨릭관동대,국어교육과,교과,학생부교과(일반전형),70%컷(최종),3.62,2026,18,5.9
가톨릭관동대,미디어콘텐츠전공,교과,학생부교과(일반전형),70%컷(최종),4.81,2026,16,7.13
가톨릭관동대,사회복지학전공,교과,학생부교과(일반전형),70%컷(최종),5.95,2026,25,4.15
가톨릭관동대,역사교육과,교과,학생부교과(일반전형),70%컷(최종),3,2026,14,9.44
가톨릭관동대,영어교육과,교과,학생부교과(일반전형),70%컷(최종),4.33,2026,26,2.35
가톨릭관동대,조리외식경영학전공,교과,학생부교과(일반전형),70%컷(최종),5.92,2026,31,3.83
가톨릭관동대,지리교육과,교과,학생부교과(일반전형),70%컷(최종),2.92,2026,15,6.73
가톨릭관동대,항공교통물류전공,교과,학생부교과(일반전형),70%컷(최종),5.19,2026,17,1.88
가톨릭관동대,AI·소프트웨어융합학부,교과,학생부교과(일반전형),70%컷(최종),4.81,2026,25,1.57
가톨릭관동대,간호학과,교과,학생부교과(일반전형),70%컷(최종),3.04,2026,40,5.78
가톨릭관동대,건축학부,교과,학생부교과(일반전형),70%컷(최종),6,2026,38,3.38
가톨릭관동대,생명과학전공,교과,학생부교과(일반전형),70%컷(최종),4.34,2026,17,1.52
가톨릭관동대,수학교육과,교과,학생부교과(일반전형),70%컷(최종),3.61,2026,26,2
가톨릭관동대,의학과(의예과),교과,학생부교과(일반전형),70%컷(최종),1.1,2026,12,19.78
가톨릭관동대,임상병리학과,교과,학생부교과(일반전형),70%컷(최종),2.9,2026,15,14.6
가톨릭관동대,작업치료학과,교과,학생부교과(일반전형),70%컷(최종),4.48,2026,15,4.73
가톨릭관동대,치위생학과,교과,학생부교과(일반전형),70%컷(최종),3.68,2026,20,8.8
가톨릭관동대,컴퓨터교육과,교과,학생부교과(일반전형),70%컷(최종),4.14,2026,20,4.05
가톨릭관동대,항공운항전공,교과,학생부교과(일반전형),70%컷(최종),5.12,2026,26,4.48
가톨릭관동대,항공정비학전공,교과,학생부교과(일반전형),70%컷(최종),4.72,2026,31,5.92
가톨릭관동대,CG디자인전공,교과,학생부교과(일반전형),70%컷(최종),5.67,2026,26,2.04
가톨릭관동대,실용음악전공,교과,학생부교과(일반전형),70%컷(최종),5.79,2026,16,1.47
가톨릭관동대,[유형1] 자율전공학부,교과,학생부교과(일반전형),70%컷(최종),5.93,2026,162,2.93
가톨릭관동대,경찰학부,종합,학생부종합(일반전형),70%컷(최종),5,2026,5,3.4
가톨릭관동대,국어교육과,종합,학생부종합(일반전형),70%컷(최종),3.7,2026,3,3.67
가톨릭관동대,사회복지학전공,종합,학생부종합(일반전형),70%컷(최종),5.36,2026,5,3.2
가톨릭관동대,역사교육과,종합,학생부종합(일반전형),70%컷(최종),3.42,2026,3,10.33
가톨릭관동대,지리교육과,종합,학생부종합(일반전형),70%컷(최종),3.06,2026,3,4.67
가톨릭관동대,간호학과,종합,학생부종합(일반전형),70%컷(최종),3.16,2026,13,11.17
가톨릭관동대,의학과(의예과),종합,학생부종합(일반전형),70%컷(최종),1.21,2026,5,20.4
가톨릭관동대,임상병리학과,종합,학생부종합(일반전형),70%컷(최종),3.63,2026,4,10.25
가톨릭관동대,작업치료학과,종합,학생부종합(일반전형),70%컷(최종),5.15,2026,5,2.8
가톨릭관동대,치위생학과,종합,학생부종합(일반전형),70%컷(최종),4.67,2026,4,6.2
가톨릭관동대,컴퓨터교육과,종합,학생부종합(일반전형),70%컷(최종),4.4,2026,3,3.67
가톨릭관동대,경영학전공,교과,학생부교과(지역인재전형),70%컷(최종),4.78,2026,6,1.5
가톨릭관동대,경찰학부,교과,학생부교과(지역인재전형),70%컷(최종),4.98,2026,30,2
가톨릭관동대,국어교육과,교과,학생부교과(지역인재전형),70%컷(최종),3.7,2026,4,3.4
가톨릭관동대,미디어콘텐츠전공,교과,학생부교과(지역인재전형),70%컷(최종),4.18,2026,5,4
가톨릭관동대,사회복지학전공,교과,학생부교과(지역인재전형),70%컷(최종),4.08,2026,8,4.11
가톨릭관동대,역사교육과,교과,학생부교과(지역인재전형),70%컷(최종),3.24,2026,7,4.29
가톨릭관동대,영어교육과,교과,학생부교과(지역인재전형),70%컷(최종),4.11,2026,5,1.6
가톨릭관동대,조리외식경영학전공,교과,학생부교과(지역인재전형),70%컷(최종),5.29,2026,10,2
가톨릭관동대,지리교육과,교과,학생부교과(지역인재전형),70%컷(최종),4.08,2026,7,2.43
가톨릭관동대,항공교통물류전공,교과,학생부교과(지역인재전형),70%컷(최종),5.39,2026,4,0.8
가톨릭관동대,AI·소프트웨어융합학부,교과,학생부교과(지역인재전형),70%컷(최종),4.44,2026,5,1
가톨릭관동대,간호학과,교과,학생부교과(지역인재전형),70%컷(최종),3.4,2026,30,4.5
가톨릭관동대,건축학부,교과,학생부교과(지역인재전형),70%컷(최종),4.98,2026,12,3.8
가톨릭관동대,생명과학전공,교과,학생부교과(지역인재전형),70%컷(최종),4.72,2026,4,0.6
가톨릭관동대,수학교육과,교과,학생부교과(지역인재전형),70%컷(최종),3.73,2026,5,3
가톨릭관동대,의학과(의예과),교과,학생부교과(지역인재전형),70%컷(최종),1.24,2026,6,19.71
가톨릭관동대,임상병리학과,교과,학생부교과(지역인재전형),70%컷(최종),3.66,2026,10,6
가톨릭관동대,작업치료학과,교과,학생부교과(지역인재전형),70%컷(최종),4.45,2026,8,2.63
가톨릭관동대,치위생학과,교과,학생부교과(지역인재전형),70%컷(최종),3.84,2026,10,6
가톨릭관동대,컴퓨터교육과,교과,학생부교과(지역인재전형),70%컷(최종),3.31,2026,4,2.6
가톨릭관동대,항공운항전공,교과,학생부교과(지역인재전형),70%컷(최종),2.63,2026,5,1.4
가톨릭관동대,항공정비학전공,교과,학생부교과(지역인재전형),70%컷(최종),4.08,2026,5,2.6
가톨릭관동대,CG디자인전공,교과,학생부교과(지역인재전형),70%컷(최종),3.13,2026,5,3.6
가톨릭관동대,실용음악전공,교과,학생부교과(지역인재전형),70%컷(최종),4.23,2026,5,1
가톨릭관동대,[유형1] 자율전공학부,교과,학생부교과(지역인재전형),70%컷(최종),5.18,2026,50,1.83
가톨릭관동대,국어교육과,종합,학생부종합(지역인재전형),70%컷(최종),3.2,2026,2,2
가톨릭관동대,역사교육과,종합,학생부종합(지역인재전형),70%컷(최종),3.53,2026,2,2
가톨릭관동대,지리교육과,종합,학생부종합(지역인재전형),70%컷(최종),2.3,2026,2,2.5
가톨릭관동대,간호학과,종합,학생부종합(지역인재전형),70%컷(최종),3.37,2026,7,7.71
가톨릭관동대,의학과(의예과),종합,학생부종합(지역인재전형),70%컷(최종),1.52,2026,2,26
가톨릭관동대,임상병리학과,종합,학생부종합(지역인재전형),70%컷(최종),3.07,2026,2,5
가톨릭관동대,컴퓨터교육과,종합,학생부종합(지역인재전형),70%컷(최종),4.5,2026,2,2
가톨릭관동대,항공정비학전공,종합,학생부종합(지역인재전형),70%컷(최종),6.35,2026,5,1.2
가톨릭꽃동네대,간호학과,교과,학생부교과(가톨릭지도자추천전형),70%컷(최종),5.33,2026,13,4.9
가톨릭꽃동네대,[유형1] 자율전공학부,교과,학생부교과(가톨릭지도자추천전형),환산70%컷(최종),200.45,2025,3,1.67
가톨릭꽃동네대,간호학과,교과,학생부교과(일반학생전형),70%컷(최종),3.67,2026,15,7.87
가톨릭꽃동네대,[유형1] 자율전공학부,교과,학생부교과(일반학생전형),70%컷(최종),5.5,2026,18,1.5
가톨릭꽃동네대,간호학과,교과,학생부교과(휴먼리더면접전형),70%컷(최종),4.89,2026,10,7.54
가톨릭꽃동네대,간호학과,교과,학생부교과(지역인재전형),70%컷(최종),4.11,2026,18,5.28
가톨릭대(성신),신학과,종합,학생부종합(잠재능력우수자면접전형),70%컷(최종),5.81,2026,32,1.4
가톨릭대(성심),경영학과,논술,논술(논술전형),최저(최종),4.56,2025,5,49.2
가톨릭대(성심),경제학과,논술,논술(논술전형),최저(최종),4.16,2025,4,38
가톨릭대(성심),국사학과,논술,논술(논술전형),최저(최종),4.00,2025,3,33.33
가톨릭대(성심),국어국문학과,논술,논술(논술전형),최저(최종),5.59,2025,4,37.75
가톨릭대(성심),국제학부,논술,논술(논술전형),최저(최종),5.85,2025,5,42.2
가톨릭대(성심),법학과,논술,논술(논술전형),최저(최종),5.14,2025,4,42.75
가톨릭대(성심),사회복지학과,논술,논술(논술전형),최저(최종),5.25,2025,4,37
가톨릭대(성심),사회학과,논술,논술(논술전형),최저(최종),3.94,2025,4,39
가톨릭대(성심),심리학과,논술,논술(논술전형),최저(최종),4.94,2025,5,48.2
가톨릭대(성심),아동학과,논술,논술(논술전형),최저(최종),4.43,2025,4,41.75
가톨릭대(성심),영어영문학부,논술,논술(논술전형),최저(최종),5.79,2025,5,38.2
가톨릭대(성심),일어일본문화학과,논술,논술(논술전형),최저(최종),5.11,2025,4,40
가톨릭대(성심),중국언어문화학과,논술,논술(논술전형),최저(최종),4.00,2025,4,35.5
가톨릭대(성심),철학과,논술,논술(논술전형),최저(최종),3.84,2025,4,39.75
가톨릭대(성심),행정학과,논술,논술(논술전형),최저(최종),5.63,2025,4,46.75
가톨릭대(성심),회계학과,논술,논술(논술전형),최저(최종),5.60,2025,5,43.2
가톨릭대(성심),공간디자인·소비자학과,논술,논술(논술전형),최저(최종),4.15,2025,4,17
가톨릭대(성심),데이터사이언스학과,논술,논술(논술전형),최저(최종),3.71,2025,5,12.8
가톨릭대(성심),물리학과,논술,논술(논술전형),최저(최종),3.65,2025,3,10
가톨릭대(성심),미디어기술콘텐츠학과,논술,논술(논술전형),최저(최종),3.92,2025,4,17
가톨릭대(성심),바이오메디컬소프트웨어학과,논술,논술(논술전형),최저(최종),5.62,2025,4,13.25
가톨릭대(성심),바이오메디컬화학공학과,논술,논술(논술전형),최저(최종),4.46,2025,5,12.2
가톨릭대(성심),생명공학과,논술,논술(논술전형),최저(최종),5.65,2025,3,12.33
가톨릭대(성심),수학과,논술,논술(논술전형),최저(최종),5.13,2025,3,16.33
가톨릭대(성심),식품영양학과,논술,논술(논술전형),최저(최종),5.00,2025,3,13.67
가톨릭대(성심),약학과,논술,논술(논술전형),최저(최종),4.25,2025,7,160.25
가톨릭대(성심),에너지환경공학과,논술,논술(논술전형),최저(최종),3.00,2025,3,10.67
가톨릭대(성심),의류학과,논술,논술(논술전형),최저(최종),6.16,2025,4,14.75
가톨릭대(성심),의생명과학과,논술,논술(논술전형),최저(최종),4.49,2025,5,14
가톨릭대(성심),인공지능학과,논술,논술(논술전형),최저(최종),5.62,2025,5,15
가톨릭대(성심),정보통신전자공학부,논술,논술(논술전형),최저(최종),4.51,2025,5,14.6
가톨릭대(성심),컴퓨터정보공학부,논술,논술(논술전형),최저(최종),4.50,2025,5,17
가톨릭대(성심),화학과,논술,논술(논술전형),최저(최종),4.00,2025,3,11.67
가톨릭대(성심),경영학과,교과,학생부교과(지역균형전형),70%컷(최종),2.51,2026,5,6.6
가톨릭대(성심),경제학과,교과,학생부교과(지역균형전형),70%컷(최종),2.86,2026,5,15.6
가톨릭대(성심),국사학과,교과,학생부교과(지역균형전형),70%컷(최종),2.78,2026,5,12.6
가톨릭대(성심),국어국문학과,교과,학생부교과(지역균형전형),70%컷(최종),2.92,2026,5,6.4
가톨릭대(성심),국제학부,교과,학생부교과(지역균형전형),70%컷(최종),2.92,2026,7,6.2
가톨릭대(성심),법학과,교과,학생부교과(지역균형전형),70%컷(최종),2.6,2026,5,6
가톨릭대(성심),사회복지학과,교과,학생부교과(지역균형전형),70%컷(최종),2.74,2026,5,6
가톨릭대(성심),사회학과,교과,학생부교과(지역균형전형),70%컷(최종),2.53,2026,5,6.2
가톨릭대(성심),심리학과,교과,학생부교과(지역균형전형),70%컷(최종),2.42,2026,5,8.4
가톨릭대(성심),아동학과,교과,학생부교과(지역균형전형),70%컷(최종),2.75,2026,5,5
가톨릭대(성심),영어영문학부,교과,학생부교과(지역균형전형),70%컷(최종),3.05,2026,6,5.2
가톨릭대(성심),일어일본문화학과,교과,학생부교과(지역균형전형),70%컷(최종),2.58,2026,5,11.4
가톨릭대(성심),중국언어문화학과,교과,학생부교과(지역균형전형),70%컷(최종),2.88,2026,5,8.6
가톨릭대(성심),철학과,교과,학생부교과(지역균형전형),70%컷(최종),2.51,2026,5,6.4
가톨릭대(성심),특수교육과,교과,학생부교과(지역균형전형),70%컷(최종),2.91,2026,10,5.17
가톨릭대(성심),프랑스어문화학과,교과,학생부교과(지역균형전형),70%컷(최종),2.83,2026,5,11.6
가톨릭대(성심),행정학과,교과,학생부교과(지역균형전형),70%컷(최종),2.74,2026,5,6.2
가톨릭대(성심),회계학과,교과,학생부교과(지역균형전형),70%컷(최종),2.67,2026,5,5.4
가톨릭대(성심),AI의공학과,교과,학생부교과(지역균형전형),70%컷(최종),3.06,2026,5,5.5
가톨릭대(성심),공간디자인·소비자학과,교과,학생부교과(지역균형전형),70%컷(최종),2.71,2026,5,10
가톨릭대(성심),데이터사이언스학과,교과,학생부교과(지역균형전형),70%컷(최종),2.74,2026,8,5.4
가톨릭대(성심),물리학과,교과,학생부교과(지역균형전형),70%컷(최종),2.65,2026,5,7
가톨릭대(성심),미디어기술콘텐츠학과,교과,학생부교과(지역균형전형),70%컷(최종),2.93,2026,5,5
가톨릭대(성심),바이오로직스공학부,교과,학생부교과(지역균형전형),70%컷(최종),2.67,2026,6,6.57
가톨릭대(성심),바이오메디컬소프트웨어학과,교과,학생부교과(지역균형전형),70%컷(최종),2.63,2026,7,7.4
가톨릭대(성심),바이오메디컬화학공학과,교과,학생부교과(지역균형전형),70%컷(최종),2.29,2026,5,4.4
가톨릭대(성심),생명공학과,교과,학생부교과(지역균형전형),70%컷(최종),3.52,2026,5,5.6
가톨릭대(성심),수학과,교과,학생부교과(지역균형전형),70%컷(최종),2.55,2026,5,12
가톨릭대(성심),식품영양학과,교과,학생부교과(지역균형전형),70%컷(최종),2.6,2026,5,7.6
가톨릭대(성심),약학과,교과,학생부교과(지역균형전형),70%컷(최종),1.13,2026,4,6.25
가톨릭대(성심),에너지환경공학과,교과,학생부교과(지역균형전형),70%컷(최종),2.49,2026,5,8.6
가톨릭대(성심),의류학과,교과,학생부교과(지역균형전형),70%컷(최종),2.68,2026,5,8.8
가톨릭대(성심),의생명과학과,교과,학생부교과(지역균형전형),70%컷(최종),3.15,2026,8,5.4
가톨릭대(성심),인공지능학과,교과,학생부교과(지역균형전형),70%컷(최종),2.75,2026,9,9.8
가톨릭대(성심),정보통신전자공학부,교과,학생부교과(지역균형전형),70%컷(최종),2.58,2026,6,5.2
가톨릭대(성심),컴퓨터정보공학부,교과,학생부교과(지역균형전형),70%컷(최종),3.84,2026,6,5
가톨릭대(성심),화학과,교과,학생부교과(지역균형전형),70%컷(최종),2.46,2026,5,5.6
가톨릭대(성심),[유형1] 자유전공학부,교과,학생부교과(지역균형전형),70%컷(최종),2.62,2026,5,6.27
가톨릭대(성심),[유형2] 인문사회계열,교과,학생부교과(지역균형전형),70%컷(최종),2.68,2026,15,8.5
가톨릭대(성심),[유형2] 자연공학계열,교과,학생부교과(지역균형전형),70%컷(최종),2.58,2026,10,5.15
가톨릭대(성심),경영학과,종합,학생부종합(잠재능력우수자면접전형),70%컷(최종),3.77,2026,9,39.22
가톨릭대(성심),경제학과,종합,학생부종합(잠재능력우수자면접전형),70%컷(최종),3.38,2026,6,22.67
가톨릭대(성심),국사학과,종합,학생부종합(잠재능력우수자면접전형),70%컷(최종),3.52,2026,6,24.33
가톨릭대(성심),국어국문학과,종합,학생부종합(잠재능력우수자면접전형),70%컷(최종),3.47,2026,5,17.4
가톨릭대(성심),국제학부,종합,학생부종합(잠재능력우수자면접전형),70%컷(최종),4.04,2026,10,22.6
가톨릭대(성심),법학과,종합,학생부종합(잠재능력우수자면접전형),70%컷(최종),3.07,2026,5,29.6
가톨릭대(성심),사회복지학과,종합,학생부종합(잠재능력우수자면접전형),70%컷(최종),3.17,2026,6,20.33
가톨릭대(성심),사회학과,종합,학생부종합(잠재능력우수자면접전형),70%컷(최종),3.03,2026,5,26
가톨릭대(성심),심리학과,종합,학생부종합(잠재능력우수자면접전형),70%컷(최종),2.76,2026,8,27.13
가톨릭대(성심),아동학과,종합,학생부종합(잠재능력우수자면접전형),70%컷(최종),3.67,2026,5,14.2
가톨릭대(성심),영어영문학부,종합,학생부종합(잠재능력우수자면접전형),70%컷(최종),4.2,2026,10,21.5
가톨릭대(성심),일어일본문화학과,종합,학생부종합(잠재능력우수자면접전형),70%컷(최종),5.88,2026,6,34.17
가톨릭대(성심),중국언어문화학과,종합,학생부종합(잠재능력우수자면접전형),70%컷(최종),5.44,2026,6,19.67
가톨릭대(성심),철학과,종합,학생부종합(잠재능력우수자면접전형),70%컷(최종),4.82,2026,5,25.4
가톨릭대(성심),특수교육과,종합,학생부종합(잠재능력우수자면접전형),70%컷(최종),3.79,2026,10,8.5
가톨릭대(성심),행정학과,종합,학생부종합(잠재능력우수자면접전형),70%컷(최종),3.03,2026,5,15.2
가톨릭대(성심),회계학과,종합,학생부종합(잠재능력우수자면접전형),70%컷(최종),3.29,2026,9,11.22
가톨릭대(성심),공간디자인·소비자학과,종합,학생부종합(잠재능력우수자면접전형),70%컷(최종),3.53,2026,5,21.6
가톨릭대(성심),데이터사이언스학과,종합,학생부종합(잠재능력우수자면접전형),70%컷(최종),3.75,2026,10,16.4
가톨릭대(성심),물리학과,종합,학생부종합(잠재능력우수자면접전형),70%컷(최종),3.5,2026,6,13
가톨릭대(성심),미디어기술콘텐츠학과,종합,학생부종합(잠재능력우수자면접전형),70%컷(최종),3.31,2026,6,38.17
가톨릭대(성심),바이오메디컬소프트웨어학과,종합,학생부종합(잠재능력우수자면접전형),70%컷(최종),3.12,2026,6,17.2
가톨릭대(성심),바이오메디컬화학공학과,종합,학생부종합(잠재능력우수자면접전형),70%컷(최종),2.74,2026,9,20.56
가톨릭대(성심),생명공학과,종합,학생부종합(잠재능력우수자면접전형),70%컷(최종),2.74,2026,6,29.67
가톨릭대(성심),수학과,종합,학생부종합(잠재능력우수자면접전형),70%컷(최종),3.74,2026,6,11.5
가톨릭대(성심),식품영양학과,종합,학생부종합(잠재능력우수자면접전형),70%컷(최종),3.41,2026,5,37.2
가톨릭대(성심),에너지환경공학과,종합,학생부종합(잠재능력우수자면접전형),70%컷(최종),2.8,2026,6,30.5
가톨릭대(성심),의류학과,종합,학생부종합(잠재능력우수자면접전형),70%컷(최종),3.47,2026,5,29.8
가톨릭대(성심),의생명과학과,종합,학생부종합(잠재능력우수자면접전형),70%컷(최종),2.63,2026,10,38.33
가톨릭대(성심),인공지능학과,종합,학생부종합(잠재능력우수자면접전형),70%컷(최종),3.54,2026,10,17.83
가톨릭대(성심),정보통신전자공학부,종합,학생부종합(잠재능력우수자면접전형),70%컷(최종),3.26,2026,10,13.8
가톨릭대(성심),컴퓨터정보공학부,종합,학생부종합(잠재능력우수자면접전형),70%컷(최종),4.06,2026,10,17.9
가톨릭대(성심),화학과,종합,학생부종합(잠재능력우수자면접전형),70%컷(최종),3.05,2026,6,31.33
가톨릭대(성심),경영학과,종합,학생부종합(잠재능력우수자서류전형),70%컷(최종),3.25,2026,9,18.22
가톨릭대(성심),경제학과,종합,학생부종합(잠재능력우수자서류전형),70%컷(최종),3.09,2026,5,14.8
가톨릭대(성심),국사학과,종합,학생부종합(잠재능력우수자서류전형),70%컷(최종),3.25,2026,4,21.5
가톨릭대(성심),국어국문학과,종합,학생부종합(잠재능력우수자서류전형),70%컷(최종),3.36,2026,4,12.5
가톨릭대(성심),국제학부,종합,학생부종합(잠재능력우수자서류전형),70%컷(최종),4.03,2026,9,14.25
가톨릭대(성심),법학과,종합,학생부종합(잠재능력우수자서류전형),70%컷(최종),2.95,2026,4,19.5
가톨릭대(성심),사회복지학과,종합,학생부종합(잠재능력우수자서류전형),70%컷(최종),3.22,2026,5,10.6
가톨릭대(성심),사회학과,종합,학생부종합(잠재능력우수자서류전형),70%컷(최종),2.8,2026,5,12.8
가톨릭대(성심),심리학과,종합,학생부종합(잠재능력우수자서류전형),70%컷(최종),2.38,2026,8,17.5
가톨릭대(성심),아동학과,종합,학생부종합(잠재능력우수자서류전형),70%컷(최종),3.05,2026,4,12
가톨릭대(성심),영어영문학부,종합,학생부종합(잠재능력우수자서류전형),70%컷(최종),4.91,2026,10,18.91
가톨릭대(성심),일어일본문화학과,종합,학생부종합(잠재능력우수자서류전형),70%컷(최종),5.58,2026,5,45.8
가톨릭대(성심),중국언어문화학과,종합,학생부종합(잠재능력우수자서류전형),70%컷(최종),4.93,2026,5,23.4
가톨릭대(성심),철학과,종합,학생부종합(잠재능력우수자서류전형),70%컷(최종),2.83,2026,4,13.75
가톨릭대(성심),프랑스어문화학과,종합,학생부종합(잠재능력우수자서류전형),70%컷(최종),4.24,2026,9,13.67
가톨릭대(성심),행정학과,종합,학생부종합(잠재능력우수자서류전형),70%컷(최종),3.16,2026,4,11.5
가톨릭대(성심),회계학과,종합,학생부종합(잠재능력우수자서류전형),70%컷(최종),3.24,2026,9,8.67
가톨릭대(성심),AI의공학과,종합,학생부종합(잠재능력우수자서류전형),70%컷(최종),2.91,2026,6,10.56
가톨릭대(성심),공간디자인·소비자학과,종합,학생부종합(잠재능력우수자서류전형),70%컷(최종),3.28,2026,5,12.2
가톨릭대(성심),데이터사이언스학과,종합,학생부종합(잠재능력우수자서류전형),70%컷(최종),3.51,2026,8,10.33
가톨릭대(성심),물리학과,종합,학생부종합(잠재능력우수자서류전형),70%컷(최종),3.09,2026,5,10.6
가톨릭대(성심),미디어기술콘텐츠학과,종합,학생부종합(잠재능력우수자서류전형),70%컷(최종),3.01,2026,6,28.5
가톨릭대(성심),바이오로직스공학부,종합,학생부종합(잠재능력우수자서류전형),70%컷(최종),2.53,2026,8,14.36
가톨릭대(성심),바이오메디컬소프트웨어학과,종합,학생부종합(잠재능력우수자서류전형),70%컷(최종),2.68,2026,5,10.5
가톨릭대(성심),바이오메디컬화학공학과,종합,학생부종합(잠재능력우수자서류전형),70%컷(최종),2.56,2026,8,12.75
가톨릭대(성심),생명공학과,종합,학생부종합(잠재능력우수자서류전형),70%컷(최종),2.56,2026,7,13.86
가톨릭대(성심),수학과,종합,학생부종합(잠재능력우수자서류전형),70%컷(최종),2.94,2026,5,9
가톨릭대(성심),식품영양학과,종합,학생부종합(잠재능력우수자서류전형),70%컷(최종),3.41,2026,5,23.6
가톨릭대(성심),에너지환경공학과,종합,학생부종합(잠재능력우수자서류전형),70%컷(최종),3.11,2026,5,15.2
가톨릭대(성심),의류학과,종합,학생부종합(잠재능력우수자서류전형),70%컷(최종),3.45,2026,5,15.4
가톨릭대(성심),의생명과학과,종합,학생부종합(잠재능력우수자서류전형),70%컷(최종),2.64,2026,8,26
가톨릭대(성심),인공지능학과,종합,학생부종합(잠재능력우수자서류전형),70%컷(최종),3.45,2026,10,12.67
가톨릭대(성심),정보통신전자공학부,종합,학생부종합(잠재능력우수자서류전형),70%컷(최종),3,2026,10,9.55
가톨릭대(성심),컴퓨터정보공학부,종합,학생부종합(잠재능력우수자서류전형),70%컷(최종),3.23,2026,10,15.09
가톨릭대(성심),화학과,종합,학생부종합(잠재능력우수자서류전형),70%컷(최종),3.19,2026,5,16.6
가톨릭대(성심),[유형2] 인문사회계열,종합,학생부종합(잠재능력우수자서류전형),70%컷(최종),5.08,2026,10,26.21
가톨릭대(성심),[유형2] 자연공학계열,종합,학생부종합(잠재능력우수자서류전형),70%컷(최종),2.95,2026,9,19.22
가톨릭대(성심),약학과,종합,학생부종합(학교장추천전형),70%컷(최종),1.67,2026,9,29.88
가톨릭대(성의),간호학과,논술,논술(논술전형),최저(최종),5.91,2025,18,24.78
가톨릭대(성의),의예과,논술,논술(논술전형),최저(최종),6.18,2025,19,120.58
가톨릭대(성의),간호학과,교과,학생부교과(지역균형전형),70%컷(최종),1.71,2026,14,8.5
가톨릭대(성의),의예과,교과,학생부교과(지역균형전형),70%컷(최종),1,2026,10,7.5
가톨릭대(성의),간호학과,종합,학생부종합(학교장추천전형),70%컷(최종),1.86,2026,16,18.19
가톨릭대(성의),의예과,종합,학생부종합(학교장추천전형),70%컷(최종),1.13,2026,25,14.92
감리교신학대,신학부,교과,학생부교과(검정고시출신자),70%컷(최종),7,2026,15,
감리교신학대,신학부,교과,학생부교과(일반전형),70%컷(최종),5.65,2026,87,1.4
감리교신학대,신학부,교과,학생부교과(추천자전형(담임교역자/교목/교사)),70%컷(최종),4.12,2024,25,1.92
강남대,글로벌문화콘텐츠대학,교과,학생부교과(지역균형전형),70%컷(최종),2.77,2026,22,13.09
강남대,법행정세무학부,교과,학생부교과(지역균형전형),70%컷(최종),3.05,2026,10,14.86
강남대,법행정세무학부(야),교과,학생부교과(지역균형전형),70%컷(최종),3.05,2026,15,16.6
강남대,복지융합대학,교과,학생부교과(지역균형전형),70%컷(최종),2.89,2026,14,15.71
강남대,사회복지학부(야),교과,학생부교과(지역균형전형),70%컷(최종),3.27,2026,10,17.6
강남대,상경학부,교과,학생부교과(지역균형전형),70%컷(최종),2.85,2026,19,15.79
강남대,상경학부(야),교과,학생부교과(지역균형전형),70%컷(최종),2.85,2026,23,18.44
강남대,부동산건설학부,교과,학생부교과(지역균형전형),70%컷(최종),3.23,2026,13,13
강남대,인공지능융합공학부,교과,학생부교과(지역균형전형),70%컷(최종),3.18,2026,16,13.31
강남대,전자반도체공학부,교과,학생부교과(지역균형전형),70%컷(최종),3.06,2026,16,19.46
강남대,컴퓨터공학부,교과,학생부교과(지역균형전형),70%컷(최종),3.13,2026,13,10.54
강남대,[유형1] 자유전공학부,교과,학생부교과(지역균형전형),70%컷(최종),2.86,2026,14,24.86
강남대,글로벌문화콘텐츠대학,종합,학생부종합(학교생활우수자전형Ⅰ),70%컷(최종),3.97,2026,37,19.36
강남대,법행정세무학부,종합,학생부종합(학교생활우수자전형Ⅰ),70%컷(최종),4.15,2026,14,14.2
강남대,법행정세무학부(야),종합,학생부종합(학교생활우수자전형Ⅰ),70%컷(최종),5.22,2025,19,5.65
강남대,복지융합대학,종합,학생부종합(학교생활우수자전형Ⅰ),70%컷(최종),4.05,2026,21,15.18
강남대,사회복지학부(야),종합,학생부종합(학교생활우수자전형Ⅰ),70%컷(최종),5.04,2026,11,10.17
강남대,상경학부,종합,학생부종합(학교생활우수자전형Ⅰ),70%컷(최종),4.17,2026,24,12.8
강남대,상경학부(야),종합,학생부종합(학교생활우수자전형Ⅰ),70%컷(최종),5.61,2025,19,8.3
강남대,부동산건설학부,종합,학생부종합(학교생활우수자전형Ⅰ),70%컷(최종),4.78,2026,19,15.33
강남대,인공지능융합공학부,종합,학생부종합(학교생활우수자전형Ⅰ),70%컷(최종),4.36,2026,16,12.27
강남대,전자반도체공학부,종합,학생부종합(학교생활우수자전형Ⅰ),70%컷(최종),4.16,2026,16,11.73
강남대,컴퓨터공학부,종합,학생부종합(학교생활우수자전형Ⅰ),70%컷(최종),4.27,2026,19,15.87
강남대,[유형1] 자유전공학부,종합,학생부종합(학교생활우수자전형Ⅰ),70%컷(최종),4.15,2026,24,19.45
강남대,교육학과(사),종합,학생부종합(학교생활우수자전형Ⅱ),70%컷(최종),4.16,2026,16,6
강남대,유아교육과(사),종합,학생부종합(학교생활우수자전형Ⅱ),70%컷(최종),4.42,2026,20,9.7
강남대,중등특수교육과(사),종합,학생부종합(학교생활우수자전형Ⅱ),70%컷(최종),4.16,2026,8,6.5
강남대,초등특수교육과(사),종합,학생부종합(학교생활우수자전형Ⅱ),70%컷(최종),4.17,2026,8,6.38
강남대,디자인학과,종합,학생부종합(학교생활우수자전형Ⅱ),70%컷(최종),4.01,2025,3,12
강서대,경영학과,교과,학생부교과(교과우수자전형),70%컷(최종),3.88,2026,21,5.63
강서대,사회복지학과,교과,학생부교과(교과우수자전형),70%컷(최종),4.08,2026,22,6.17
강서대,상담심리학과,교과,학생부교과(교과우수자전형),70%컷(최종),3.45,2026,5,5.57
강서대,신학과,교과,학생부교과(교과우수자전형),70%컷(최종),4.71,2026,6,5.83
강서대,식품영양학과,교과,학생부교과(교과우수자전형),70%컷(최종),3.75,2026,7,19.29
강서대,경영학과,교과,학생부교과(일반학생전형),70%컷(최종),4.32,2026,16,14.3
강서대,사회복지학과,교과,학생부교과(일반학생전형),70%컷(최종),4.85,2026,17,17.6
강서대,상담심리학과,교과,학생부교과(일반학생전형),70%컷(최종),4.43,2026,14,12.53
강서대,신학과,교과,학생부교과(일반학생전형),70%컷(최종),5.47,2026,5,6.5
강서대,간호학과,교과,학생부교과(일반학생전형),70%컷(최종),3.86,2026,41,27.1
강서대,식품영양학과,교과,학생부교과(일반학생전형),70%컷(최종),4.44,2026,14,10.24
강원대,[유형1] 경영대학 자유전공학과,교과,학생부교과(일반교과전형),70%컷(최종),3.21,2026,17,18.47
강원대,[유형1] 사회과학대학 자유전공학과,교과,학생부교과(일반교과전형),70%컷(최종),3.5,2026,9,10.78
강원대,[유형1] 인문대학 자유전공학과,교과,학생부교과(일반교과전형),70%컷(최종),3.47,2026,10,8.8
강원대,[유형1] 자유전공학부(인문계열),교과,학생부교과(일반교과전형),70%컷(최종),3.45,2026,11,9.82
강원대,경영·회계학부,교과,학생부교과(일반교과전형),70%컷(최종),3.21,2026,42,6.33
강원대,경제·정보통계학부,교과,학생부교과(일반교과전형),70%컷(최종),3.45,2026,16,6.81
강원대,관광경영학과,교과,학생부교과(일반교과전형),70%컷(최종),3.42,2026,6,7
강원대,교육학과,교과,학생부교과(일반교과전형),70%컷(최종),3.2,2026,3,16.67
강원대,국어교육과,교과,학생부교과(일반교과전형),70%컷(최종),2.75,2026,8,13.5
강원대,국어국문학과,교과,학생부교과(일반교과전형),70%컷(최종),3.47,2026,7,7.71
강원대,국제무역학과,교과,학생부교과(일반교과전형),70%컷(최종),3.32,2026,9,7.44
강원대,독어독문학과,교과,학생부교과(일반교과전형),70%컷(최종),3.6,2026,7,8.57
강원대,문화인류학과,교과,학생부교과(일반교과전형),70%컷(최종),3.5,2026,5,13.6
강원대,미디어커뮤니케이션학과,교과,학생부교과(일반교과전형),70%컷(최종),3.06,2026,5,8.4
강원대,부동산학과,교과,학생부교과(일반교과전형),70%컷(최종),3.42,2026,12,16.67
강원대,불어불문학과,교과,학생부교과(일반교과전형),70%컷(최종),3.87,2026,5,7.6
강원대,사학과,교과,학생부교과(일반교과전형),70%컷(최종),3.42,2026,7,10.57
강원대,사회학과,교과,학생부교과(일반교과전형),70%컷(최종),3.3,2026,5,7.8
강원대,식품자원경제학과,교과,학생부교과(일반교과전형),70%컷(최종),3.62,2026,8,12.25
강원대,심리학과,교과,학생부교과(일반교과전형),70%컷(최종),2.74,2026,6,10
강원대,역사교육과,교과,학생부교과(일반교과전형),70%컷(최종),2.28,2026,3,14.67
강원대,영상문화학과,교과,학생부교과(일반교과전형),70%컷(최종),3.3,2026,12,6.67
강원대,영어교육과,교과,학생부교과(일반교과전형),70%컷(최종),3.18,2026,7,10.29
강원대,영어영문학과,교과,학생부교과(일반교과전형),70%컷(최종),3.14,2026,6,9.29
강원대,윤리교육과,교과,학생부교과(일반교과전형),70%컷(최종),3.06,2026,4,12.75
강원대,일반사회교육과,교과,학생부교과(일반교과전형),70%컷(최종),3.09,2026,4,10.25
강원대,일본학과,교과,학생부교과(일반교과전형),70%컷(최종),3.64,2026,6,11.83
강원대,정치외교학과,교과,학생부교과(일반교과전형),70%컷(최종),3.15,2026,5,9.4
강원대,중어중문학과,교과,학생부교과(일반교과전형),70%컷(최종),3.73,2026,7,7.86
강원대,지리교육과,교과,학생부교과(일반교과전형),70%컷(최종),3.16,2026,7,10.14
강원대,철학과,교과,학생부교과(일반교과전형),70%컷(최종),3.39,2026,5,9.33
강원대,행정학과,교과,학생부교과(일반교과전형),70%컷(최종),3.13,2026,10,7.6
강원대,[유형1] 농업생명과학대학 자유전공학과,교과,학생부교과(일반교과전형),70%컷(최종),2.99,2026,13,16.62
강원대,[유형1] 동물생명과학대학 자유전공학과,교과,학생부교과(일반교과전형),70%컷(최종),3.54,2026,5,9
강원대,[유형1] 문화예술·공과대학 자유전공학과,교과,학생부교과(일반교과전형),70%컷(최종),3.42,2026,18,7.83
강원대,[유형1] 산림환경과학대학 자유전공학과,교과,학생부교과(일반교과전형),70%컷(최종),3.81,2026,7,11
강원대,[유형1] 의생명과학대학 자유전공학과,교과,학생부교과(일반교과전형),70%컷(최종),3.92,2026,6,5.5
강원대,[유형1] 자연과학대학 자유전공학과,교과,학생부교과(일반교과전형),70%컷(최종),3.81,2026,6,5.83
강원대,[유형1] 자유전공학부(자연계열),교과,학생부교과(일반교과전형),70%컷(최종),2.54,2026,11,9.91
강원대,AI융합학과,교과,학생부교과(일반교과전형),70%컷(최종),3.41,2026,9,5.7
강원대,가정교육과,교과,학생부교과(일반교과전형),70%컷(최종),3.61,2026,4,7.5
강원대,간호학과,교과,학생부교과(일반교과전형),70%컷(최종),2.54,2026,25,8.96
강원대,건축공학과,교과,학생부교과(일반교과전형),70%컷(최종),3.42,2026,6,10.83
강원대,건축학과(5년제),교과,학생부교과(일반교과전형),70%컷(최종),4.52,2026,4,14
강원대,과학교육학부,교과,학생부교과(일반교과전형),70%컷(최종),3.33,2026,7,9.14
강원대,기계융합공학부,교과,학생부교과(일반교과전형),70%컷(최종),3.49,2026,22,10.5
강원대,동물산업융합학과,교과,학생부교과(일반교과전형),70%컷(최종),3.54,2026,6,10.14
강원대,동물응용과학과,교과,학생부교과(일반교과전형),70%컷(최종),3.47,2026,7,7.25
강원대,동물자원과학과,교과,학생부교과(일반교과전형),70%컷(최종),3.5,2026,9,11.22
강원대,디지털밀리터리학과,교과,학생부교과(일반교과전형),70%컷(최종),3.93,2026,6,15.83
강원대,바이오시스템공학과,교과,학생부교과(일반교과전형),70%컷(최종),3.47,2026,5,18.2
강원대,반도체물리학과,교과,학생부교과(일반교과전형),70%컷(최종),3.81,2026,5,5.2
강원대,배터리융합공학과,교과,학생부교과(일반교과전형),70%컷(최종),3.56,2026,9,15
강원대,분자생명과학과,교과,학생부교과(일반교과전형),70%컷(최종),3.29,2026,5,7.67
강원대,산림경영학과,교과,학생부교과(일반교과전형),70%컷(최종),3.46,2026,7,7.71
강원대,산림바이오소재공학과,교과,학생부교과(일반교과전형),70%컷(최종),3.81,2026,6,13.67
강원대,산림자원학과,교과,학생부교과(일반교과전형),70%컷(최종),3.28,2026,7,8.14
강원대,산림환경보호학과,교과,학생부교과(일반교과전형),70%컷(최종),3.17,2026,7,8.14
강원대,생명·환경융합학부,교과,학생부교과(일반교과전형),70%컷(최종),3.21,2026,15,6.75
강원대,생명건강공학과,교과,학생부교과(일반교과전형),70%컷(최종),3.48,2026,6,4.17
강원대,생명과학과,교과,학생부교과(일반교과전형),70%컷(최종),3.92,2026,5,10.4
강원대,생물의소재공학과,교과,학생부교과(일반교과전형),70%컷(최종),3.59,2026,6,4.5
강원대,생물자원과학부,교과,학생부교과(일반교과전형),70%컷(최종),3.43,2026,11,7.64
강원대,생태조경디자인학과,교과,학생부교과(일반교과전형),70%컷(최종),3.35,2026,6,12
강원대,수의학과,교과,학생부교과(일반교과전형),70%컷(최종),1.23,2026,15,14.13
강원대,수학과,교과,학생부교과(일반교과전형),70%컷(최종),3.78,2026,6,7.17
강원대,수학교육과,교과,학생부교과(일반교과전형),70%컷(최종),3.73,2026,7,3.57
강원대,스마트산업공학과,교과,학생부교과(일반교과전형),70%컷(최종),3.77,2026,7,19.43
강원대,식품생명공학과,교과,학생부교과(일반교과전형),70%컷(최종),2.99,2026,6,10.17
강원대,약학과,교과,학생부교과(일반교과전형),70%컷(최종),1.12,2026,13,11.23
강원대,에너지자원공학과,교과,학생부교과(일반교과전형),70%컷(최종),3.71,2026,7,5.75
강원대,원예학과,교과,학생부교과(일반교과전형),70%컷(최종),3.75,2026,5,9.8
강원대,의생명공학과,교과,학생부교과(일반교과전형),70%컷(최종),3.2,2026,7,5.43
강원대,의생명시스템과학과,교과,학생부교과(일반교과전형),70%컷(최종),3.27,2026,6,5.67
강원대,전기전자공학과,교과,학생부교과(일반교과전형),70%컷(최종),3.23,2026,20,5.45
강원대,전자공학과,교과,학생부교과(일반교과전형),70%컷(최종),3.43,2026,10,4.8
강원대,지역건설공학과,교과,학생부교과(일반교과전형),70%컷(최종),3.65,2026,6,21.83
강원대,지질·지구물리학부,교과,학생부교과(일반교과전형),70%컷(최종),3.63,2026,9,9.5
강원대,컴퓨터공학과,교과,학생부교과(일반교과전형),70%컷(최종),3.65,2026,42,5.67
강원대,토목공학과,교과,학생부교과(일반교과전형),70%컷(최종),3.68,2026,10,8.4
강원대,펄프제지공학과,교과,학생부교과(일반교과전형),70%컷(최종),3.82,2026,6,12.83
강원대,화공·생물공학부,교과,학생부교과(일반교과전형),70%컷(최종),2.94,2026,16,4.44
강원대,화학·생화학부,교과,학생부교과(일반교과전형),70%컷(최종),3.11,2026,14,5.21
강원대,환경공학과,교과,학생부교과(일반교과전형),70%컷(최종),3.39,2026,8,7.88
강원대,[유형1] 자유전공학부(인문계열),종합,학생부종합(미래인재면접전형),70%컷(최종),3.68,2026,5,15.8
강원대,경영·회계학부,종합,학생부종합(미래인재면접전형),70%컷(최종),3.68,2026,20,10.05
강원대,경제·정보통계학부,종합,학생부종합(미래인재면접전형),70%컷(최종),3.69,2026,9,7.44
강원대,관광경영학과,종합,학생부종합(미래인재면접전형),70%컷(최종),4,2026,4,23.25
강원대,교육학과,종합,학생부종합(미래인재면접전형),70%컷(최종),3.15,2026,4,9.75
강원대,국어교육과,종합,학생부종합(미래인재면접전형),70%컷(최종),3.15,2026,9,7.33
강원대,국어국문학과,종합,학생부종합(미래인재면접전형),70%컷(최종),3.83,2026,4,12.5
강원대,국제무역학과,종합,학생부종합(미래인재면접전형),70%컷(최종),3.72,2026,7,10.14
강원대,독어독문학과,종합,학생부종합(미래인재면접전형),70%컷(최종),3.92,2026,2,7.5
강원대,문화인류학과,종합,학생부종합(미래인재면접전형),70%컷(최종),3.98,2026,3,9.67
강원대,미디어커뮤니케이션학과,종합,학생부종합(미래인재면접전형),70%컷(최종),3.04,2026,3,13
강원대,불어불문학과,종합,학생부종합(미래인재면접전형),70%컷(최종),4.53,2026,2,7
강원대,사학과,종합,학생부종합(미래인재면접전형),70%컷(최종),3.64,2026,4,16.5
강원대,사회학과,종합,학생부종합(미래인재면접전형),70%컷(최종),3.6,2026,3,18
강원대,식품자원경제학과,종합,학생부종합(미래인재면접전형),70%컷(최종),4.21,2026,3,11.33
강원대,역사교육과,종합,학생부종합(미래인재면접전형),70%컷(최종),2.67,2026,4,12.25
강원대,영상문화학과,종합,학생부종합(미래인재면접전형),70%컷(최종),3.44,2026,5,27.6
강원대,영어교육과,종합,학생부종합(미래인재면접전형),70%컷(최종),2.68,2026,5,8.6
강원대,영어영문학과,종합,학생부종합(미래인재면접전형),70%컷(최종),3.54,2026,4,11.5
강원대,윤리교육과,종합,학생부종합(미래인재면접전형),70%컷(최종),2.91,2026,4,9
강원대,일반사회교육과,종합,학생부종합(미래인재면접전형),70%컷(최종),2.98,2026,4,16.5
강원대,일본학과,종합,학생부종합(미래인재면접전형),70%컷(최종),4.07,2026,2,18
강원대,정치외교학과,종합,학생부종합(미래인재면접전형),70%컷(최종),3.43,2026,3,12.67
강원대,중어중문학과,종합,학생부종합(미래인재면접전형),70%컷(최종),4.48,2026,4,8
강원대,철학과,종합,학생부종합(미래인재면접전형),70%컷(최종),4.08,2026,2,14
강원대,한문교육과,종합,학생부종합(미래인재면접전형),70%컷(최종),3.82,2026,4,4.5
강원대,행정학과,종합,학생부종합(미래인재면접전형),70%컷(최종),3.13,2026,3,13.33
강원대,[유형1] 자유전공학부(자연계열),종합,학생부종합(미래인재면접전형),70%컷(최종),2.47,2026,5,9.2
강원대,AI융합학과,종합,학생부종합(미래인재면접전형),70%컷(최종),4.02,2026,3,11
강원대,간호학과,종합,학생부종합(미래인재면접전형),70%컷(최종),2.47,2026,7,14.29
강원대,건축공학과,종합,학생부종합(미래인재면접전형),70%컷(최종),3.84,2026,3,15.33
강원대,건축학과(5년제),종합,학생부종합(미래인재면접전형),70%컷(최종),3.34,2026,3,18
강원대,과학교육학부,종합,학생부종합(미래인재면접전형),70%컷(최종),3.23,2026,15,6.87
강원대,기계융합공학부,종합,학생부종합(미래인재면접전형),70%컷(최종),3.55,2026,8,11.75
강원대,동물산업융합학과,종합,학생부종합(미래인재면접전형),70%컷(최종),4.56,2026,4,11.75
강원대,동물응용과학과,종합,학생부종합(미래인재면접전형),70%컷(최종),4.1,2026,5,10.6
강원대,동물자원과학과,종합,학생부종합(미래인재면접전형),70%컷(최종),3.8,2026,5,10.6
강원대,디지털밀리터리학과,종합,학생부종합(미래인재면접전형),70%컷(최종),3.58,2026,2,10.5
강원대,바이오시스템공학과,종합,학생부종합(미래인재면접전형),70%컷(최종),3.5,2026,3,11.67
강원대,반도체물리학과,종합,학생부종합(미래인재면접전형),70%컷(최종),3.91,2026,2,23.5
강원대,배터리융합공학과,종합,학생부종합(미래인재면접전형),70%컷(최종),3.82,2026,4,6.5
강원대,분자생명과학과,종합,학생부종합(미래인재면접전형),70%컷(최종),3.06,2026,3,8
강원대,산림경영학과,종합,학생부종합(미래인재면접전형),70%컷(최종),4.73,2026,3,8
강원대,산림바이오소재공학과,종합,학생부종합(미래인재면접전형),70%컷(최종),4.18,2026,2,21.5
강원대,산림자원학과,종합,학생부종합(미래인재면접전형),70%컷(최종),4.26,2026,3,8.67
강원대,산림환경보호학과,종합,학생부종합(미래인재면접전형),70%컷(최종),3.91,2026,3,8.67
강원대,생명·환경융합학부,종합,학생부종합(미래인재면접전형),70%컷(최종),3.76,2026,8,10.13
강원대,생명건강공학과,종합,학생부종합(미래인재면접전형),70%컷(최종),3.73,2026,3,8.33
강원대,생명과학과,종합,학생부종합(미래인재면접전형),70%컷(최종),3.47,2026,3,8.67
강원대,생물의소재공학과,종합,학생부종합(미래인재면접전형),70%컷(최종),4.26,2026,3,7.33
강원대,생물자원과학부,종합,학생부종합(미래인재면접전형),70%컷(최종),4.34,2026,7,8.14
강원대,생태조경디자인학과,종합,학생부종합(미래인재면접전형),70%컷(최종),3.93,2026,3,14
강원대,수학과,종합,학생부종합(미래인재면접전형),70%컷(최종),4.23,2026,3,11
강원대,수학교육과,종합,학생부종합(미래인재면접전형),70%컷(최종),2.77,2026,9,6.89
강원대,스마트산업공학과,종합,학생부종합(미래인재면접전형),70%컷(최종),4.07,2026,3,19
강원대,식품생명공학과,종합,학생부종합(미래인재면접전형),70%컷(최종),3.32,2026,4,11.75
강원대,약학과,종합,학생부종합(미래인재면접전형),70%컷(최종),1.32,2026,9,21.44
강원대,에너지자원공학과,종합,학생부종합(미래인재면접전형),70%컷(최종),4.07,2026,4,6.75
강원대,원예학과,종합,학생부종합(미래인재면접전형),70%컷(최종),4.36,2026,3,10.67
강원대,의생명공학과,종합,학생부종합(미래인재면접전형),70%컷(최종),3.25,2026,3,8
강원대,의생명시스템과학과,종합,학생부종합(미래인재면접전형),70%컷(최종),3.51,2026,3,6.67
강원대,의예과,종합,학생부종합(미래인재면접전형),70%컷(최종),1.41,2026,5,40
강원대,전기전자공학과,종합,학생부종합(미래인재면접전형),70%컷(최종),3.93,2026,10,9
강원대,전자공학과,종합,학생부종합(미래인재면접전형),70%컷(최종),3.99,2026,4,9
강원대,지역건설공학과,종합,학생부종합(미래인재면접전형),70%컷(최종),3.99,2026,3,16.33
강원대,지질·지구물리학부,종합,학생부종합(미래인재면접전형),70%컷(최종),4.28,2026,5,11.2
강원대,컴퓨터공학과,종합,학생부종합(미래인재면접전형),70%컷(최종),3.67,2026,16,9.81
강원대,토목공학과,종합,학생부종합(미래인재면접전형),70%컷(최종),3.9,2026,5,11.2
강원대,펄프제지공학과,종합,학생부종합(미래인재면접전형),70%컷(최종),4.49,2026,2,16.5
강원대,화공·생물공학부,종합,학생부종합(미래인재면접전형),70%컷(최종),3.33,2026,7,8
강원대,화학·생화학부,종합,학생부종합(미래인재면접전형),70%컷(최종),3.56,2026,9,9
강원대,환경공학과,종합,학생부종합(미래인재면접전형),70%컷(최종),4.05,2026,4,8
강원대,[유형1] 자유전공학부(인문계열),종합,학생부종합(미래인재서류전형),70%컷(최종),3.73,2026,8,11.63
강원대,경영·회계학부,종합,학생부종합(미래인재서류전형),70%컷(최종),3.73,2026,34,10.41
강원대,경제·정보통계학부,종합,학생부종합(미래인재서류전형),70%컷(최종),3.42,2026,13,7.62
강원대,관광경영학과,종합,학생부종합(미래인재서류전형),70%컷(최종),3.5,2026,8,10.14
강원대,국어국문학과,종합,학생부종합(미래인재서류전형),70%컷(최종),3.76,2026,6,11.67
강원대,국제무역학과,종합,학생부종합(미래인재서류전형),70%컷(최종),3.7,2026,10,11.5
강원대,독어독문학과,종합,학생부종합(미래인재서류전형),70%컷(최종),4.3,2026,4,6.75
강원대,문화인류학과,종합,학생부종합(미래인재서류전형),70%컷(최종),4.08,2026,4,8
강원대,미디어커뮤니케이션학과,종합,학생부종합(미래인재서류전형),70%컷(최종),2.98,2026,6,12.33
강원대,불어불문학과,종합,학생부종합(미래인재서류전형),70%컷(최종),3.75,2026,4,6.5
강원대,사학과,종합,학생부종합(미래인재서류전형),70%컷(최종),3.57,2026,6,17.33
강원대,사회학과,종합,학생부종합(미래인재서류전형),70%컷(최종),3.73,2026,5,12.2
강원대,식품자원경제학과,종합,학생부종합(미래인재서류전형),70%컷(최종),3.85,2026,6,11.33
강원대,심리학과,종합,학생부종합(미래인재서류전형),70%컷(최종),3.2,2026,8,14.5
강원대,영상문화학과,종합,학생부종합(미래인재서류전형),70%컷(최종),3.78,2026,7,17.71
강원대,영어영문학과,종합,학생부종합(미래인재서류전형),70%컷(최종),3.43,2026,6,10
강원대,일본학과,종합,학생부종합(미래인재서류전형),70%컷(최종),3.84,2026,4,14.5
강원대,정치외교학과,종합,학생부종합(미래인재서류전형),70%컷(최종),3.8,2026,5,13.6
강원대,중어중문학과,종합,학생부종합(미래인재서류전형),70%컷(최종),4.17,2026,6,6.67
강원대,철학과,종합,학생부종합(미래인재서류전형),70%컷(최종),3.49,2026,4,9.5
강원대,행정학과,종합,학생부종합(미래인재서류전형),70%컷(최종),2.55,2026,5,10.8
강원대,[유형1] 자유전공학부(자연계열),종합,학생부종합(미래인재서류전형),70%컷(최종),2.59,2026,8,8.5
강원대,AI융합학과,종합,학생부종합(미래인재서류전형),70%컷(최종),3.43,2026,5,12.4
강원대,간호학과,종합,학생부종합(미래인재서류전형),70%컷(최종),2.59,2026,15,10.73
강원대,건축공학과,종합,학생부종합(미래인재서류전형),70%컷(최종),4.1,2026,5,15
강원대,건축학과(5년제),종합,학생부종합(미래인재서류전형),70%컷(최종),5.33,2026,5,11
강원대,기계융합공학부,종합,학생부종합(미래인재서류전형),70%컷(최종),3.56,2026,18,9.89
강원대,동물산업융합학과,종합,학생부종합(미래인재서류전형),70%컷(최종),4,2026,7,14.71
강원대,동물응용과학과,종합,학생부종합(미래인재서류전형),70%컷(최종),4.11,2026,7,11
강원대,동물자원과학과,종합,학생부종합(미래인재서류전형),70%컷(최종),3.63,2026,9,10.6
강원대,디지털밀리터리학과,종합,학생부종합(미래인재서류전형),70%컷(최종),3.54,2026,4,12
강원대,바이오시스템공학과,종합,학생부종합(미래인재서류전형),70%컷(최종),3.52,2026,5,15.4
강원대,반도체물리학과,종합,학생부종합(미래인재서류전형),70%컷(최종),3.67,2026,4,9.5
강원대,배터리융합공학과,종합,학생부종합(미래인재서류전형),70%컷(최종),3.67,2026,8,7
강원대,분자생명과학과,종합,학생부종합(미래인재서류전형),70%컷(최종),3.39,2026,5,6.6
강원대,산림경영학과,종합,학생부종합(미래인재서류전형),70%컷(최종),3.59,2026,5,8.2
강원대,산림바이오소재공학과,종합,학생부종합(미래인재서류전형),70%컷(최종),3.57,2026,4,19
강원대,산림자원학과,종합,학생부종합(미래인재서류전형),70%컷(최종),3.83,2026,5,7.6
강원대,산림환경보호학과,종합,학생부종합(미래인재서류전형),70%컷(최종),3.57,2026,5,8
강원대,생명·환경융합학부,종합,학생부종합(미래인재서류전형),70%컷(최종),3.6,2026,12,11.83
강원대,생명건강공학과,종합,학생부종합(미래인재서류전형),70%컷(최종),3.06,2026,5,7.6
강원대,생명과학과,종합,학생부종합(미래인재서류전형),70%컷(최종),3.3,2026,4,13
강원대,생물의소재공학과,종합,학생부종합(미래인재서류전형),70%컷(최종),3.93,2026,4,6
강원대,생물자원과학부,종합,학생부종합(미래인재서류전형),70%컷(최종),3.62,2026,9,11.56
강원대,생태조경디자인학과,종합,학생부종합(미래인재서류전형),70%컷(최종),2.39,2026,4,10.5
강원대,수의학과,종합,학생부종합(미래인재서류전형),70%컷(최종),1.44,2026,5,21.4
강원대,수학과,종합,학생부종합(미래인재서류전형),70%컷(최종),3.5,2026,4,10
강원대,스마트산업공학과,종합,학생부종합(미래인재서류전형),70%컷(최종),3.91,2026,5,9.2
강원대,식품생명공학과,종합,학생부종합(미래인재서류전형),70%컷(최종),3.54,2026,8,10.43
강원대,에너지자원공학과,종합,학생부종합(미래인재서류전형),70%컷(최종),3.69,2026,6,7
강원대,원예학과,종합,학생부종합(미래인재서류전형),70%컷(최종),3.94,2026,3,16.67
강원대,의생명공학과,종합,학생부종합(미래인재서류전형),70%컷(최종),3.51,2026,5,9
강원대,의생명시스템과학과,종합,학생부종합(미래인재서류전형),70%컷(최종),3.18,2026,5,8
강원대,전기전자공학과,종합,학생부종합(미래인재서류전형),70%컷(최종),3.78,2026,16,7.69
강원대,전자공학과,종합,학생부종합(미래인재서류전형),70%컷(최종),3.66,2026,7,7.86
강원대,지역건설공학과,종합,학생부종합(미래인재서류전형),70%컷(최종),3.73,2026,6,15
강원대,지질·지구물리학부,종합,학생부종합(미래인재서류전형),70%컷(최종),3.93,2026,9,6.89
강원대,컴퓨터공학과,종합,학생부종합(미래인재서류전형),70%컷(최종),3.77,2026,17,7.94
강원대,토목공학과,종합,학생부종합(미래인재서류전형),70%컷(최종),3.49,2026,8,8.75
강원대,펄프제지공학과,종합,학생부종합(미래인재서류전형),70%컷(최종),4.49,2026,4,17.5
강원대,화공·생물공학부,종합,학생부종합(미래인재서류전형),70%컷(최종),3.02,2026,10,5.9
강원대,화학·생화학부,종합,학생부종합(미래인재서류전형),70%컷(최종),3.52,2026,14,8.43
강원대,환경공학과,종합,학생부종합(미래인재서류전형),70%컷(최종),3.5,2026,7,8.86
강원대,원예학과,종합,학생부종합(영농창업인재전형),70%컷(최종),4.3,2026,5,7
강원대,[유형1] 경영대학 자유전공학과,교과,학생부교과(지역교과전형),70%컷(최종),3.25,2026,13,11.54
강원대,[유형1] 사회과학대학 자유전공학과,교과,학생부교과(지역교과전형),70%컷(최종),3.6,2026,7,6.43
강원대,[유형1] 인문대학 자유전공학과,교과,학생부교과(지역교과전형),70%컷(최종),3.63,2026,8,5.38
강원대,[유형1] 자유전공학부(인문계열),교과,학생부교과(지역교과전형),70%컷(최종),3.96,2026,10,4.64
강원대,경영·회계학부,교과,학생부교과(지역교과전형),70%컷(최종),3.25,2026,23,3.61
강원대,경제·정보통계학부,교과,학생부교과(지역교과전형),70%컷(최종),3.96,2026,11,3.18
강원대,관광경영학과,교과,학생부교과(지역교과전형),70%컷(최종),3.55,2026,4,3.5
강원대,교육학과,교과,학생부교과(지역교과전형),70%컷(최종),2.93,2026,3,12.67
강원대,국어교육과,교과,학생부교과(지역교과전형),70%컷(최종),3,2026,5,3.6
강원대,국어국문학과,교과,학생부교과(지역교과전형),70%컷(최종),3.63,2026,5,4.2
강원대,국제무역학과,교과,학생부교과(지역교과전형),70%컷(최종),3.48,2026,8,3.63
강원대,독어독문학과,교과,학생부교과(지역교과전형),70%컷(최종),3.8,2026,4,4.25
강원대,문화인류학과,교과,학생부교과(지역교과전형),70%컷(최종),3.6,2026,4,7
강원대,미디어커뮤니케이션학과,교과,학생부교과(지역교과전형),70%컷(최종),2.56,2026,3,5.67
강원대,부동산학과,교과,학생부교과(지역교과전형),70%컷(최종),3.7,2026,6,8.5
강원대,불어불문학과,교과,학생부교과(지역교과전형),70%컷(최종),3.61,2026,3,5
강원대,사학과,교과,학생부교과(지역교과전형),70%컷(최종),3.4,2026,4,3.25
강원대,사회학과,교과,학생부교과(지역교과전형),70%컷(최종),2.96,2026,2,8.5
강원대,식품자원경제학과,교과,학생부교과(지역교과전형),70%컷(최종),3.82,2026,5,4.4
강원대,심리학과,교과,학생부교과(지역교과전형),70%컷(최종),3.5,2026,4,5.25
강원대,역사교육과,교과,학생부교과(지역교과전형),70%컷(최종),2.13,2026,3,4.33
강원대,영상문화학과,교과,학생부교과(지역교과전형),70%컷(최종),3.27,2026,6,5.67
강원대,영어교육과,교과,학생부교과(지역교과전형),70%컷(최종),3.79,2026,4,4.25
강원대,영어영문학과,교과,학생부교과(지역교과전형),70%컷(최종),3.81,2026,4,4.5
강원대,윤리교육과,교과,학생부교과(지역교과전형),70%컷(최종),2.47,2026,3,5
강원대,일반사회교육과,교과,학생부교과(지역교과전형),70%컷(최종),2.35,2026,3,7
강원대,일본학과,교과,학생부교과(지역교과전형),70%컷(최종),3.57,2026,3,5.67
강원대,정치외교학과,교과,학생부교과(지역교과전형),70%컷(최종),2.87,2026,3,5
강원대,중어중문학과,교과,학생부교과(지역교과전형),70%컷(최종),3.9,2026,4,4.25
강원대,지리교육과,교과,학생부교과(지역교과전형),70%컷(최종),2.75,2026,4,4.75
강원대,철학과,교과,학생부교과(지역교과전형),70%컷(최종),3.75,2026,4,3.5
강원대,한문교육과,교과,학생부교과(지역교과전형),70%컷(최종),3.27,2026,3,4
강원대,행정학과,교과,학생부교과(지역교과전형),70%컷(최종),3.92,2026,7,4.14
강원대,[유형1] 농업생명과학대학 자유전공학과,교과,학생부교과(지역교과전형),70%컷(최종),2.92,2026,8,11.13
강원대,[유형1] 동물생명과학대학 자유전공학과,교과,학생부교과(지역교과전형),70%컷(최종),4.13,2026,4,6.25
강원대,[유형1] 문화예술·공과대학 자유전공학과,교과,학생부교과(지역교과전형),70%컷(최종),3.2,2026,14,3.71
강원대,[유형1] 산림환경과학대학 자유전공학과,교과,학생부교과(지역교과전형),70%컷(최종),3.33,2026,5,4.2
강원대,[유형1] 의생명과학대학 자유전공학과,교과,학생부교과(지역교과전형),70%컷(최종),4.41,2026,4,3.25
강원대,[유형1] 자연과학대학 자유전공학과,교과,학생부교과(지역교과전형),70%컷(최종),4.4,2026,4,2.5
강원대,[유형1] 자유전공학부(자연계열),교과,학생부교과(지역교과전형),70%컷(최종),2.68,2026,10,5
강원대,AI융합학과,교과,학생부교과(지역교과전형),70%컷(최종),4.18,2026,7,2.88
강원대,가정교육과,교과,학생부교과(지역교과전형),70%컷(최종),3.1,2026,2,10
강원대,간호학과,교과,학생부교과(지역교과전형),70%컷(최종),2.68,2026,14,5.29
강원대,건축공학과,교과,학생부교과(지역교과전형),70%컷(최종),3.2,2026,4,5.5
강원대,건축학과(5년제),교과,학생부교과(지역교과전형),70%컷(최종),5.18,2026,4,3.5
강원대,과학교육학부,교과,학생부교과(지역교과전형),70%컷(최종),3.86,2026,10,4.8
강원대,기계융합공학부,교과,학생부교과(지역교과전형),70%컷(최종),3.84,2026,15,4.07
강원대,동물산업융합학과,교과,학생부교과(지역교과전형),70%컷(최종),4.13,2026,5,6
강원대,동물응용과학과,교과,학생부교과(지역교과전형),70%컷(최종),4.37,2026,5,4.2
강원대,동물자원과학과,교과,학생부교과(지역교과전형),70%컷(최종),3.38,2026,5,8.4
강원대,디지털밀리터리학과,교과,학생부교과(지역교과전형),70%컷(최종),3.8,2026,4,4.5
강원대,바이오시스템공학과,교과,학생부교과(지역교과전형),70%컷(최종),3.33,2026,3,6
강원대,반도체물리학과,교과,학생부교과(지역교과전형),70%컷(최종),3.81,2026,2,4.5
강원대,배터리융합공학과,교과,학생부교과(지역교과전형),70%컷(최종),3.86,2026,6,3.5
강원대,분자생명과학과,교과,학생부교과(지역교과전형),70%컷(최종),2.83,2026,3,3.67
강원대,산림경영학과,교과,학생부교과(지역교과전형),70%컷(최종),3.91,2026,5,5.2
강원대,산림바이오소재공학과,교과,학생부교과(지역교과전형),70%컷(최종),3.96,2026,3,5.67
강원대,산림자원학과,교과,학생부교과(지역교과전형),70%컷(최종),3.63,2026,5,3.6
강원대,산림환경보호학과,교과,학생부교과(지역교과전형),70%컷(최종),3.95,2026,5,3.4
강원대,생명·환경융합학부,교과,학생부교과(지역교과전형),70%컷(최종),3.46,2026,7,4.29
강원대,생명건강공학과,교과,학생부교과(지역교과전형),70%컷(최종),3.37,2026,3,5
강원대,생명과학과,교과,학생부교과(지역교과전형),70%컷(최종),2.77,2026,4,2.75
강원대,생물의소재공학과,교과,학생부교과(지역교과전형),70%컷(최종),3.71,2026,3,4.33
강원대,생물자원과학부,교과,학생부교과(지역교과전형),70%컷(최종),3.91,2026,9,5.89
강원대,생태조경디자인학과,교과,학생부교과(지역교과전형),70%컷(최종),3.37,2026,3,4
강원대,수의학과,교과,학생부교과(지역교과전형),70%컷(최종),1.4,2026,10,8.3
강원대,수학과,교과,학생부교과(지역교과전형),70%컷(최종),3.93,2026,4,5
강원대,수학교육과,교과,학생부교과(지역교과전형),70%컷(최종),3.06,2026,6,6
강원대,스마트산업공학과,교과,학생부교과(지역교과전형),70%컷(최종),3.94,2026,4,13.5
강원대,식품생명공학과,교과,학생부교과(지역교과전형),70%컷(최종),2.92,2026,4,3.5
강원대,약학과,교과,학생부교과(지역교과전형),70%컷(최종),1.27,2026,14,8.07
강원대,에너지자원공학과,교과,학생부교과(지역교과전형),70%컷(최종),3.74,2026,5,5.6
강원대,원예학과,교과,학생부교과(지역교과전형),70%컷(최종),3.87,2026,4,4
강원대,의생명공학과,교과,학생부교과(지역교과전형),70%컷(최종),3.55,2026,5,3.2
강원대,의생명시스템과학과,교과,학생부교과(지역교과전형),70%컷(최종),4.7,2026,3,3
강원대,의예과,교과,학생부교과(지역교과전형),70%컷(최종),1.22,2026,5,7.92
강원대,전기전자공학과,교과,학생부교과(지역교과전형),70%컷(최종),2.99,2026,11,4.55
강원대,전자공학과,교과,학생부교과(지역교과전형),70%컷(최종),3.69,2026,6,2.67
강원대,지역건설공학과,교과,학생부교과(지역교과전형),70%컷(최종),3.42,2026,3,7.33
강원대,지질·지구물리학부,교과,학생부교과(지역교과전형),70%컷(최종),4.45,2026,6,2.43
강원대,컴퓨터공학과,교과,학생부교과(지역교과전형),70%컷(최종),3.67,2026,20,4.42
강원대,토목공학과,교과,학생부교과(지역교과전형),70%컷(최종),3.49,2026,7,4.57
강원대,펄프제지공학과,교과,학생부교과(지역교과전형),70%컷(최종),3.91,2026,3,6.33
강원대,화공·생물공학부,교과,학생부교과(지역교과전형),70%컷(최종),3.02,2026,11,2.18
강원대,화학·생화학부,교과,학생부교과(지역교과전형),70%컷(최종),3.09,2026,10,3.5
강원대,환경공학과,교과,학생부교과(지역교과전형),70%컷(최종),3.54,2026,5,2.6
강원대,의예과,종합,학생부종합(지역인재면접전형),70%컷(최종),4.21,2026,15,11.67
강원대(강릉),[유형2] 인문대학자유전공학과,교과,학생부교과(일반교과Ⅰ전형),70%컷(최종),4.39,2026,12,6.92
강원대(강릉),경영학과,교과,학생부교과(일반교과Ⅰ전형),70%컷(최종),4.19,2026,12,9.42
강원대(강릉),경제학과,교과,학생부교과(일반교과Ⅰ전형),70%컷(최종),4.79,2026,6,9.33
강원대(강릉),관광경영학과,교과,학생부교과(일반교과Ⅰ전형),70%컷(최종),4.39,2026,20,10.9
강원대(강릉),국어국문학과,교과,학생부교과(일반교과Ⅰ전형),70%컷(최종),4.59,2026,6,10.17
강원대(강릉),국제통상학과,교과,학생부교과(일반교과Ⅰ전형),70%컷(최종),4.6,2026,10,9.3
강원대(강릉),도시계획·부동산학과,교과,학생부교과(일반교과Ⅰ전형),70%컷(최종),4.5,2026,10,6.5
강원대(강릉),무역학과,교과,학생부교과(일반교과Ⅰ전형),70%컷(최종),4.92,2026,9,8.89
강원대(강릉),사학과,교과,학생부교과(일반교과Ⅰ전형),70%컷(최종),4.18,2026,4,15.2
강원대(강릉),영어영문학과,교과,학생부교과(일반교과Ⅰ전형),70%컷(최종),4.72,2026,10,14.38
강원대(강릉),일본학과,교과,학생부교과(일반교과Ⅰ전형),70%컷(최종),4.39,2026,7,13.29
강원대(강릉),자치행정학과,교과,학생부교과(일반교과Ⅰ전형),70%컷(최종),4.58,2026,10,9.3
강원대(강릉),정책학과,교과,학생부교과(일반교과Ⅰ전형),70%컷(최종),4.42,2026,8,8.5
강원대(강릉),중어중문학과,교과,학생부교과(일반교과Ⅰ전형),70%컷(최종),5.12,2026,7,9.38
강원대(강릉),철학과,교과,학생부교과(일반교과Ⅰ전형),70%컷(최종),4.56,2026,5,8.4
강원대(강릉),회계학과,교과,학생부교과(일반교과Ⅰ전형),70%컷(최종),4.9,2026,13,6.08
강원대(강릉),[유형2] 생명과학대학자유전공학과,교과,학생부교과(일반교과Ⅰ전형),70%컷(최종),4.45,2026,12,5.58
강원대(강릉),[유형2] 자연과학대학자유전공학과,교과,학생부교과(일반교과Ⅰ전형),70%컷(최종),4.55,2026,12,4.83
강원대(강릉),건설환경공학부,교과,학생부교과(일반교과Ⅰ전형),70%컷(최종),4.92,2026,25,7.2
강원대(강릉),대기환경과학과,교과,학생부교과(일반교과Ⅰ전형),70%컷(최종),4.51,2026,8,8.75
강원대(강릉),데이터사이언스학과,교과,학생부교과(일반교과Ⅰ전형),70%컷(최종),4.91,2026,6,9.33
강원대(강릉),생명과학과,교과,학생부교과(일반교과Ⅰ전형),70%컷(최종),4.54,2026,6,13.2
강원대(강릉),수산생명의학과,교과,학생부교과(일반교과Ⅰ전형),70%컷(최종),4.22,2026,9,8.22
강원대(강릉),수학물리학부,교과,학생부교과(일반교과Ⅰ전형),70%컷(최종),4.96,2026,8,5.25
강원대(강릉),식물생명과학과,교과,학생부교과(일반교과Ⅰ전형),70%컷(최종),4.42,2026,9,8.56
강원대(강릉),식품영양학과,교과,학생부교과(일반교과Ⅰ전형),70%컷(최종),4.11,2026,10,13
강원대(강릉),신소재·생명화학공학부,교과,학생부교과(일반교과Ⅰ전형),70%컷(최종),5.42,2026,49,5.04
강원대(강릉),전자·반도체공학부,교과,학생부교과(일반교과Ⅰ전형),70%컷(최종),4.76,2026,40,6.98
강원대(강릉),치위생학과,교과,학생부교과(일반교과Ⅰ전형),70%컷(최종),3.96,2026,5,23.8
강원대(강릉),해양융합과학과,교과,학생부교과(일반교과Ⅰ전형),70%컷(최종),5.48,2026,34,7.5
강원대(강릉),화학신소재학과,교과,학생부교과(일반교과Ⅰ전형),70%컷(최종),5.21,2026,14,5.21
강원대(강릉),환경조경학과,교과,학생부교과(일반교과Ⅰ전형),70%컷(최종),4.78,2026,9,7.44
강원대(강릉),음악학과,교과,학생부교과(일반교과Ⅰ전형),70%컷(최종),2.41,2026,6,2.5
강원대(강릉),조형예술·디자인학과,교과,학생부교과(일반교과Ⅰ전형),70%컷(최종),5.3,2026,10,3.83
강원대(강릉),패션디자인학과,교과,학생부교과(일반교과Ⅰ전형),70%컷(최종),4.14,2026,7,9.88
강원대(강릉),[유형1] 자유전공학부(강릉),교과,학생부교과(일반교과Ⅰ전형),70%컷(최종),4,2026,33,15.14
강원대(강릉),치의예과,종합,학생부종합(미래인재면접Ⅰ전형),70%컷(최종),1.26,2026,12,13.25
강원대(강릉),[유형2] 인문대학자유전공학과,종합,학생부종합(미래인재서류Ⅰ전형),70%컷(최종),5.1,2026,6,6.17
강원대(강릉),경영학과,종합,학생부종합(미래인재서류Ⅰ전형),70%컷(최종),4.38,2026,5,12.6
강원대(강릉),경제학과,종합,학생부종합(미래인재서류Ⅰ전형),70%컷(최종),4.98,2026,6,6.33
강원대(강릉),관광경영학과,종합,학생부종합(미래인재서류Ⅰ전형),70%컷(최종),4.87,2026,6,7.17
강원대(강릉),국어국문학과,종합,학생부종합(미래인재서류Ⅰ전형),70%컷(최종),4.55,2026,6,7.33
강원대(강릉),국제통상학과,종합,학생부종합(미래인재서류Ⅰ전형),70%컷(최종),5.41,2026,9,5.8
강원대(강릉),도시계획·부동산학과,종합,학생부종합(미래인재서류Ⅰ전형),70%컷(최종),5.26,2026,10,4.6
강원대(강릉),무역학과,종합,학생부종합(미래인재서류Ⅰ전형),70%컷(최종),5.35,2026,6,4
강원대(강릉),사학과,종합,학생부종합(미래인재서류Ⅰ전형),70%컷(최종),4.47,2026,3,8
강원대(강릉),영어영문학과,종합,학생부종합(미래인재서류Ⅰ전형),70%컷(최종),5.38,2026,5,6
강원대(강릉),일본학과,종합,학생부종합(미래인재서류Ⅰ전형),70%컷(최종),4.95,2026,7,6.33
강원대(강릉),자치행정학과,종합,학생부종합(미래인재서류Ⅰ전형),70%컷(최종),4.83,2026,6,6.25
강원대(강릉),정책학과,종합,학생부종합(미래인재서류Ⅰ전형),70%컷(최종),5.03,2026,9,4.9
강원대(강릉),중어중문학과,종합,학생부종합(미래인재서류Ⅰ전형),70%컷(최종),5.65,2026,6,4.67
강원대(강릉),철학과,종합,학생부종합(미래인재서류Ⅰ전형),70%컷(최종),5.16,2026,4,6
강원대(강릉),회계학과,종합,학생부종합(미래인재서류Ⅰ전형),70%컷(최종),5.09,2026,7,4.29
강원대(강릉),[유형2] 생명과학대학자유전공학과,종합,학생부종합(미래인재서류Ⅰ전형),70%컷(최종),6.12,2026,6,3.67
강원대(강릉),[유형2] 자연과학대학자유전공학과,종합,학생부종합(미래인재서류Ⅰ전형),70%컷(최종),5.48,2026,6,3.5
강원대(강릉),건설환경공학부,종합,학생부종합(미래인재서류Ⅰ전형),70%컷(최종),5.09,2026,8,7.13
강원대(강릉),대기환경과학과,종합,학생부종합(미래인재서류Ⅰ전형),70%컷(최종),4.68,2026,6,7
강원대(강릉),데이터사이언스학과,종합,학생부종합(미래인재서류Ⅰ전형),70%컷(최종),5.74,2026,5,4.2
강원대(강릉),생명과학과,종합,학생부종합(미래인재서류Ⅰ전형),70%컷(최종),4.93,2026,3,7.67
강원대(강릉),수산생명의학과,종합,학생부종합(미래인재서류Ⅰ전형),70%컷(최종),5.11,2026,6,5.17
강원대(강릉),수학물리학부,종합,학생부종합(미래인재서류Ⅰ전형),70%컷(최종),5.7,2026,5,3
강원대(강릉),식물생명과학과,종합,학생부종합(미래인재서류Ⅰ전형),70%컷(최종),5.78,2026,8,5.5
강원대(강릉),식품영양학과,종합,학생부종합(미래인재서류Ⅰ전형),70%컷(최종),4.95,2026,7,7.57
강원대(강릉),신소재·생명화학공학부,종합,학생부종합(미래인재서류Ⅰ전형),70%컷(최종),5.97,2026,15,3.33
강원대(강릉),전자·반도체공학부,종합,학생부종합(미래인재서류Ⅰ전형),70%컷(최종),5.42,2026,20,3.75
강원대(강릉),치위생학과,종합,학생부종합(미래인재서류Ⅰ전형),70%컷(최종),4.33,2026,9,11.22
강원대(강릉),해양융합과학과,종합,학생부종합(미래인재서류Ⅰ전형),70%컷(최종),5.98,2026,29,3.22
강원대(강릉),화학신소재학과,종합,학생부종합(미래인재서류Ⅰ전형),70%컷(최종),5.51,2026,5,3.67
강원대(강릉),환경조경학과,종합,학생부종합(미래인재서류Ⅰ전형),70%컷(최종),5.28,2026,7,5.71
강원대(강릉),조형예술·디자인학과,종합,학생부종합(미래인재서류Ⅰ전형),70%컷(최종),5.24,2026,5,9
강원대(강릉),패션디자인학과,종합,학생부종합(미래인재서류Ⅰ전형),70%컷(최종),4.81,2026,6,8
강원대(강릉),[유형1] 자유전공학부(강릉),종합,학생부종합(미래인재서류Ⅰ전형),70%컷(최종),5.07,2026,16,5.93
강원대(강릉),[유형2] 인문대학자유전공학과,교과,학생부교과(지역교과Ⅰ전형),70%컷(최종),4.65,2026,5,6.2
강원대(강릉),국어국문학과,교과,학생부교과(지역교과Ⅰ전형),70%컷(최종),4.76,2026,6,7.5
강원대(강릉),국제통상학과,교과,학생부교과(지역교과Ⅰ전형),70%컷(최종),4.69,2026,8,11.6
강원대(강릉),도시계획·부동산학과,교과,학생부교과(지역교과Ⅰ전형),70%컷(최종),4.84,2026,6,6.83
강원대(강릉),중어중문학과,교과,학생부교과(지역교과Ⅰ전형),70%컷(최종),5.34,2026,5,7.25
강원대(강릉),[유형2] 생명과학대학자유전공학과,교과,학생부교과(지역교과Ⅰ전형),70%컷(최종),5.06,2026,5,4.6
강원대(강릉),[유형2] 자연과학대학자유전공학과,교과,학생부교과(지역교과Ⅰ전형),70%컷(최종),4.65,2026,5,3.4
강원대(강릉),건설환경공학부,교과,학생부교과(지역교과Ⅰ전형),70%컷(최종),5.26,2026,10,4.8
강원대(강릉),대기환경과학과,교과,학생부교과(지역교과Ⅰ전형),70%컷(최종),4.28,2026,4,4.5
강원대(강릉),데이터사이언스학과,교과,학생부교과(지역교과Ⅰ전형),70%컷(최종),5.9,2026,3,3.67
강원대(강릉),생명과학과,교과,학생부교과(지역교과Ⅰ전형),70%컷(최종),4.84,2026,4,5.75
강원대(강릉),수산생명의학과,교과,학생부교과(지역교과Ⅰ전형),70%컷(최종),4.56,2026,2,3.5
강원대(강릉),수학물리학부,교과,학생부교과(지역교과Ⅰ전형),70%컷(최종),5.6,2026,5,3.4
강원대(강릉),식물생명과학과,교과,학생부교과(지역교과Ⅰ전형),70%컷(최종),5.18,2026,5,4.4
강원대(강릉),식품영양학과,교과,학생부교과(지역교과Ⅰ전형),70%컷(최종),4.77,2026,5,7.4
강원대(강릉),신소재·생명화학공학부,교과,학생부교과(지역교과Ⅰ전형),70%컷(최종),5.75,2026,19,2.59
강원대(강릉),전자·반도체공학부,교과,학생부교과(지역교과Ⅰ전형),70%컷(최종),4.75,2026,7,4.57
강원대(강릉),치위생학과,교과,학생부교과(지역교과Ⅰ전형),70%컷(최종),3.9,2026,8,14
강원대(강릉),치의예과,교과,학생부교과(지역교과Ⅰ전형),70%컷(최종),1.42,2026,9,14.33
강원대(강릉),해양융합과학과,교과,학생부교과(지역교과Ⅰ전형),70%컷(최종),5.47,2026,14,4.63
강원대(강릉),화학신소재학과,교과,학생부교과(지역교과Ⅰ전형),70%컷(최종),5.53,2026,4,6.25
강원대(강릉),패션디자인학과,교과,학생부교과(지역교과Ⅰ전형),70%컷(최종),4.92,2026,5,9.8
강원대(강릉),[유형1] 자유전공학부(강릉),교과,학생부교과(지역교과Ⅰ전형),70%컷(최종),4.19,2026,8,7.29
강원대(강릉),경영학과,종합,학생부종합(지역인재서류전형),70%컷(최종),4.81,2026,5,6
강원대(강릉),경제학과,종합,학생부종합(지역인재서류전형),70%컷(최종),5.26,2026,4,3.25
강원대(강릉),관광경영학과,종합,학생부종합(지역인재서류전형),70%컷(최종),4.81,2026,7,4.57
강원대(강릉),무역학과,종합,학생부종합(지역인재서류전형),70%컷(최종),5.72,2026,4,4
강원대(강릉),사학과,종합,학생부종합(지역인재서류전형),70%컷(최종),4.5,2026,3,6.67
강원대(강릉),영어영문학과,종합,학생부종합(지역인재서류전형),70%컷(최종),5.68,2026,5,2
강원대(강릉),일본학과,종합,학생부종합(지역인재서류전형),70%컷(최종),5.07,2026,4,6
강원대(강릉),자치행정학과,종합,학생부종합(지역인재서류전형),70%컷(최종),4.7,2026,4,5.8
강원대(강릉),정책학과,종합,학생부종합(지역인재서류전형),70%컷(최종),4.74,2026,4,5
강원대(강릉),철학과,종합,학생부종합(지역인재서류전형),70%컷(최종),5.65,2026,4,4.25
강원대(강릉),회계학과,종합,학생부종합(지역인재서류전형),70%컷(최종),5.16,2026,4,3.2
강원대(강릉),생명과학과,종합,학생부종합(지역인재서류전형),70%컷(최종),5.29,2026,3,3.33
강원대(강릉),전자·반도체공학부,종합,학생부종합(지역인재서류전형),70%컷(최종),5.32,2026,7,3.71
강원대(강릉),치위생학과,종합,학생부종합(지역인재서류전형),70%컷(최종),4.18,2026,6,5.17
강원대(강릉),해양융합과학과,종합,학생부종합(지역인재서류전형),70%컷(최종),6.22,2026,5,3.29
강원대(강릉),환경조경학과,종합,학생부종합(지역인재서류전형),70%컷(최종),5.23,2026,5,4.8
강원대(강릉),패션디자인학과,종합,학생부종합(지역인재서류전형),70%컷(최종),5.45,2026,7,4.14
강원대(강릉),[유형1] 자유전공학부(강릉),종합,학생부종합(지역인재서류전형),70%컷(최종),5.2,2026,5,5.8
강원대(도계),[유형1] 자유전공학부(인문계열),교과,학생부교과(일반교과전형),70%컷(최종),5.05,2026,21,4.7
강원대(도계),사회복지학과,교과,학생부교과(일반교과전형),70%컷(최종),3.62,2026,7,11.57
강원대(도계),유아교육과,교과,학생부교과(일반교과전형),70%컷(최종),3.97,2026,3,10.67
강원대(도계),일본학과(도계),교과,학생부교과(일반교과전형),70%컷(최종),4.42,2026,7,4.71
강원대(도계),[유형1] 자유전공학부(자연계열),교과,학생부교과(일반교과전형),70%컷(최종),5.1,2026,20,3.7
강원대(도계),간호학과,교과,학생부교과(일반교과전형),70%컷(최종),2.05,2026,9,9.33
강원대(도계),물리치료학과,교과,학생부교과(일반교과전형),70%컷(최종),2.46,2026,4,12
강원대(도계),바이오기능성소재학과,교과,학생부교과(일반교과전형),70%컷(최종),6.19,2026,9,1.89
강원대(도계),방사선학과,교과,학생부교과(일반교과전형),70%컷(최종),2.16,2026,4,16
강원대(도계),소방방재학부,교과,학생부교과(일반교과전형),70%컷(최종),4.09,2026,42,6.14
강원대(도계),식품영양학과,교과,학생부교과(일반교과전형),70%컷(최종),3.74,2026,10,6
강원대(도계),안경광학과,교과,학생부교과(일반교과전형),70%컷(최종),4.61,2026,20,4.75
강원대(도계),응급구조학과,교과,학생부교과(일반교과전형),70%컷(최종),3.37,2026,4,10
강원대(도계),작업치료학과,교과,학생부교과(일반교과전형),70%컷(최종),3.73,2026,12,6.42
강원대(도계),치위생학과,교과,학생부교과(일반교과전형),70%컷(최종),3.21,2026,8,21.5
강원대(도계),사회복지학과,종합,학생부종합(미래인재면접전형),70%컷(최종),5.93,2026,4,5.75
강원대(도계),유아교육과,종합,학생부종합(미래인재면접전형),70%컷(최종),4.8,2026,2,4
강원대(도계),간호학과,종합,학생부종합(미래인재면접전형),70%컷(최종),3.92,2026,10,7.3
강원대(도계),물리치료학과,종합,학생부종합(미래인재면접전형),70%컷(최종),3.73,2026,8,10.25
강원대(도계),방사선학과,종합,학생부종합(미래인재면접전형),70%컷(최종),3.83,2026,6,6.5
강원대(도계),응급구조학과,종합,학생부종합(미래인재면접전형),70%컷(최종),4.76,2026,6,8.83
강원대(도계),작업치료학과,종합,학생부종합(미래인재면접전형),70%컷(최종),5.11,2026,3,2.67
강원대(도계),치위생학과,종합,학생부종합(미래인재면접전형),70%컷(최종),5.33,2026,4,4.5
강원대(도계),사회복지학과,종합,학생부종합(미래인재서류전형),70%컷(최종),4.93,2026,6,7.17
강원대(도계),유아교육과,종합,학생부종합(미래인재서류전형),70%컷(최종),4.67,2026,4,5.75
강원대(도계),일본학과(도계),종합,학생부종합(미래인재서류전형),70%컷(최종),5.99,2026,2,3
강원대(도계),간호학과,종합,학생부종합(미래인재서류전형),70%컷(최종),3.41,2026,16,13.38
강원대(도계),물리치료학과,종합,학생부종합(미래인재서류전형),70%컷(최종),3.21,2026,8,9.63
강원대(도계),바이오기능성소재학과,종합,학생부종합(미래인재서류전형),70%컷(최종),7.24,2026,2,1
강원대(도계),방사선학과,종합,학생부종합(미래인재서류전형),70%컷(최종),3.48,2026,9,14.89
강원대(도계),소방방재학부,종합,학생부종합(미래인재서류전형),70%컷(최종),4.96,2026,12,2.67
강원대(도계),식품영양학과,종합,학생부종합(미래인재서류전형),70%컷(최종),4.86,2026,8,3.13
강원대(도계),안경광학과,종합,학생부종합(미래인재서류전형),70%컷(최종),5.07,2026,3,2.33
강원대(도계),응급구조학과,종합,학생부종합(미래인재서류전형),70%컷(최종),4.08,2026,10,11.2
강원대(도계),작업치료학과,종합,학생부종합(미래인재서류전형),70%컷(최종),4.76,2026,11,5.09
강원대(도계),치위생학과,종합,학생부종합(미래인재서류전형),70%컷(최종),4.7,2026,8,9.38
강원대(도계),[유형1] 자유전공학부(인문계열),교과,학생부교과(지역교과전형),70%컷(최종),5.63,2026,9,1.89
강원대(도계),사회복지학과,교과,학생부교과(지역교과전형),70%컷(최종),4.38,2026,4,10.25
강원대(도계),유아교육과,교과,학생부교과(지역교과전형),70%컷(최종),3.3,2026,2,8.5
강원대(도계),일본학과(도계),교과,학생부교과(지역교과전형),70%컷(최종),5.24,2026,2,4.5
강원대(도계),[유형1] 자유전공학부(자연계열),교과,학생부교과(지역교과전형),70%컷(최종),6.5,2026,9,1.33
강원대(도계),간호학과,교과,학생부교과(지역교과전형),70%컷(최종),2.98,2026,9,2.67
강원대(도계),물리치료학과,교과,학생부교과(지역교과전형),70%컷(최종),1.73,2026,3,4.67
강원대(도계),바이오기능성소재학과,교과,학생부교과(지역교과전형),70%컷(최종),7.11,2026,2,0.5
강원대(도계),방사선학과,교과,학생부교과(지역교과전형),70%컷(최종),2.74,2026,3,7.33
강원대(도계),소방방재학부,교과,학생부교과(지역교과전형),70%컷(최종),4.74,2026,10,3.9
강원대(도계),식품영양학과,교과,학생부교과(지역교과전형),70%컷(최종),3.73,2026,2,3.33
강원대(도계),안경광학과,교과,학생부교과(지역교과전형),70%컷(최종),5.6,2026,3,2
강원대(도계),응급구조학과,교과,학생부교과(지역교과전형),70%컷(최종),3.75,2026,2,4.5
강원대(도계),작업치료학과,교과,학생부교과(지역교과전형),70%컷(최종),4.07,2026,4,7.25
강원대(도계),치위생학과,교과,학생부교과(지역교과전형),70%컷(최종),4.33,2026,4,7.75
강원대(삼척),[유형1] 인문사회대학 자유전공학과,교과,학생부교과(일반교과전형),70%컷(최종),5.48,2026,6,8.83
강원대(삼척),경제금융학과,교과,학생부교과(일반교과전형),70%컷(최종),4.44,2026,13,5.57
강원대(삼척),공공행정학과,교과,학생부교과(일반교과전형),70%컷(최종),4.55,2026,15,7.07
강원대(삼척),관광학과,교과,학생부교과(일반교과전형),70%컷(최종),4.69,2026,11,4.91
강원대(삼척),영어과,교과,학생부교과(일반교과전형),70%컷(최종),4.99,2026,14,3.6
강원대(삼척),[유형1] 공학대학 자유전공학과,교과,학생부교과(일반교과전형),70%컷(최종),4.79,2026,40,3.5
강원대(삼척),그린에너지공학과,교과,학생부교과(일반교과전형),70%컷(최종),6.6,2026,82,1.41
강원대(삼척),기계공학과,교과,학생부교과(일반교과전형),70%컷(최종),5.29,2026,60,2.38
강원대(삼척),도시건축학과(5년제),교과,학생부교과(일반교과전형),70%컷(최종),4.15,2026,22,5.77
강원대(삼척),미래토목건설공학과,교과,학생부교과(일반교과전형),70%컷(최종),4.62,2026,16,4.71
강원대(삼척),전기공학과,교과,학생부교과(일반교과전형),70%컷(최종),3.74,2026,20,6.35
강원대(삼척),첨단AI공학과,교과,학생부교과(일반교과전형),70%컷(최종),5.72,2026,93,1.74
강원대(삼척),휴먼스포츠학과,교과,학생부교과(일반교과전형),70%컷(최종),3.75,2026,6,7.83
강원대(삼척),[유형1] 인문사회대학 자유전공학과,종합,학생부종합(미래인재서류전형),70%컷(최종),5.86,2026,2,5
강원대(삼척),경제금융학과,종합,학생부종합(미래인재서류전형),70%컷(최종),4.12,2026,3,3.67
강원대(삼척),공공행정학과,종합,학생부종합(미래인재서류전형),70%컷(최종),4.57,2026,3,6.33
강원대(삼척),관광학과,종합,학생부종합(미래인재서류전형),70%컷(최종),4.64,2026,3,3.33
강원대(삼척),영어과,종합,학생부종합(미래인재서류전형),70%컷(최종),7.15,2026,3,2.67
강원대(삼척),[유형1] 공학대학 자유전공학과,종합,학생부종합(미래인재서류전형),70%컷(최종),4.52,2026,3,3.67
강원대(삼척),그린에너지공학과,종합,학생부종합(미래인재서류전형),70%컷(최종),7.37,2026,12,1.42
강원대(삼척),기계공학과,종합,학생부종합(미래인재서류전형),70%컷(최종),5.4,2026,7,2.25
강원대(삼척),도시건축학과(5년제),종합,학생부종합(미래인재서류전형),70%컷(최종),4.92,2026,5,4.4
강원대(삼척),미래토목건설공학과,종합,학생부종합(미래인재서류전형),70%컷(최종),6.34,2026,4,2
강원대(삼척),전기공학과,종합,학생부종합(미래인재서류전형),70%컷(최종),5.4,2026,4,4
강원대(삼척),첨단AI공학과,종합,학생부종합(미래인재서류전형),70%컷(최종),6.4,2026,16,1.94
강원대(삼척),공예디자인학과,종합,학생부종합(미래인재서류전형),70%컷(최종),4.4,2026,4,4.5
강원대(삼척),휴먼스포츠학과,종합,학생부종합(미래인재서류전형),70%컷(최종),5.07,2026,6,7.33
강원대(삼척),첨단AI공학과,종합,학생부종합(학·석사통합전형),70%컷(최종),7.54,2026,6,0.83
강원대(삼척),[유형1] 인문사회대학 자유전공학과,교과,학생부교과(지역교과전형),70%컷(최종),6.69,2026,2,3
강원대(삼척),경제금융학과,교과,학생부교과(지역교과전형),70%컷(최종),5.4,2026,2,3
강원대(삼척),공공행정학과,교과,학생부교과(지역교과전형),70%컷(최종),5.24,2026,3,4
강원대(삼척),관광학과,교과,학생부교과(지역교과전형),70%컷(최종),5.29,2026,3,3
강원대(삼척),영어과,교과,학생부교과(지역교과전형),70%컷(최종),7.24,2026,2,1
강원대(삼척),[유형1] 공학대학 자유전공학과,교과,학생부교과(지역교과전형),70%컷(최종),5.46,2026,5,1.4
강원대(삼척),그린에너지공학과,교과,학생부교과(지역교과전형),70%컷(최종),8.12,2026,15,0.6
강원대(삼척),기계공학과,교과,학생부교과(지역교과전형),70%컷(최종),8.02,2026,9,1.22
강원대(삼척),도시건축학과(5년제),교과,학생부교과(지역교과전형),70%컷(최종),5.45,2026,4,3.2
강원대(삼척),미래토목건설공학과,교과,학생부교과(지역교과전형),70%컷(최종),5.39,2026,4,2.25
강원대(삼척),전기공학과,교과,학생부교과(지역교과전형),70%컷(최종),3.98,2026,3,7
강원대(삼척),첨단AI공학과,교과,학생부교과(지역교과전형),70%컷(최종),8.02,2026,24,0.83
강원대(삼척),휴먼스포츠학과,교과,학생부교과(지역교과전형),70%컷(최종),4.78,2026,3,6
강원대(원주),다문화학과,교과,학생부교과(일반교과Ⅰ전형),70%컷(최종),4.24,2026,9,21.89
강원대(원주),디지털미디어커뮤니케이션학과,교과,학생부교과(일반교과Ⅰ전형),70%컷(최종),3.12,2026,8,23.5
강원대(원주),사회복지학과,교과,학생부교과(일반교과Ⅰ전형),70%컷(최종),3.33,2026,11,19.58
강원대(원주),유아교육과,교과,학생부교과(일반교과Ⅰ전형),70%컷(최종),3.6,2026,18,11.72
강원대(원주),AI콘텐츠공학과,교과,학생부교과(일반교과Ⅰ전형),70%컷(최종),3.92,2026,10,13.2
강원대(원주),간호학과,교과,학생부교과(일반교과Ⅰ전형),70%컷(최종),2.24,2026,30,9.73
강원대(원주),기계융합공학부,교과,학생부교과(일반교과Ⅰ전형),70%컷(최종),4.1,2026,32,10.41
강원대(원주),산업경영공학과,교과,학생부교과(일반교과Ⅰ전형),70%컷(최종),4.06,2026,11,9.8
강원대(원주),전기공학과,교과,학생부교과(일반교과Ⅰ전형),70%컷(최종),3.27,2026,11,11.09
강원대(원주),정보통신공학과,교과,학생부교과(일반교과Ⅰ전형),70%컷(최종),4.21,2026,9,16.56
강원대(원주),컴퓨터공학과,교과,학생부교과(일반교과Ⅰ전형),70%컷(최종),3.74,2026,32,6.97
강원대(원주),다문화학과,종합,학생부종합(미래인재서류Ⅰ전형),70%컷(최종),5.32,2026,9,7
강원대(원주),디지털미디어커뮤니케이션학과,종합,학생부종합(미래인재서류Ⅰ전형),70%컷(최종),4.4,2026,7,25.33
강원대(원주),사회복지학과,종합,학생부종합(미래인재서류Ⅰ전형),70%컷(최종),4.24,2026,9,18.11
강원대(원주),유아교육과,종합,학생부종합(미래인재서류Ⅰ전형),70%컷(최종),4.79,2026,27,5.67
강원대(원주),AI콘텐츠공학과,종합,학생부종합(미래인재서류Ⅰ전형),70%컷(최종),5.49,2026,9,7.33
강원대(원주),간호학과,종합,학생부종합(미래인재서류Ⅰ전형),70%컷(최종),3.31,2026,27,11.19
강원대(원주),기계융합공학부,종합,학생부종합(미래인재서류Ⅰ전형),70%컷(최종),5.95,2026,24,4.42
강원대(원주),산업경영공학과,종합,학생부종합(미래인재서류Ⅰ전형),70%컷(최종),5.91,2026,8,5.33
강원대(원주),전기공학과,종합,학생부종합(미래인재서류Ⅰ전형),70%컷(최종),4.9,2026,8,6.13
강원대(원주),정보통신공학과,종합,학생부종합(미래인재서류Ⅰ전형),70%컷(최종),5.9,2026,7,6.43
강원대(원주),컴퓨터공학과,종합,학생부종합(미래인재서류Ⅰ전형),70%컷(최종),4.92,2026,20,8.7
강원대(원주),다문화학과,교과,학생부교과(지역교과Ⅰ전형),70%컷(최종),4.55,2026,5,9.2
강원대(원주),디지털미디어커뮤니케이션학과,교과,학생부교과(지역교과Ⅰ전형),70%컷(최종),2.68,2026,4,18.6
강원대(원주),사회복지학과,교과,학생부교과(지역교과Ⅰ전형),70%컷(최종),3.6,2026,4,10.5
강원대(원주),유아교육과,교과,학생부교과(지역교과Ⅰ전형),70%컷(최종),3.98,2026,5,6.8
강원대(원주),AI콘텐츠공학과,교과,학생부교과(지역교과Ⅰ전형),70%컷(최종),4.17,2026,6,8.83
강원대(원주),간호학과,교과,학생부교과(지역교과Ⅰ전형),70%컷(최종),2.08,2026,6,8.83
강원대(원주),기계융합공학부,교과,학생부교과(지역교과Ⅰ전형),70%컷(최종),4.08,2026,6,6
강원대(원주),컴퓨터공학과,교과,학생부교과(지역교과Ⅰ전형),70%컷(최종),3.85,2026,3,10
강원대(원주),유아교육과,종합,학생부종합(지역인재서류전형),70%컷(최종),5.41,2026,5,8.2
강원대(원주),간호학과,종합,학생부종합(지역인재서류전형),70%컷(최종),3.41,2026,4,12
강원대(원주),기계융합공학부,종합,학생부종합(지역인재서류전형),70%컷(최종),6.17,2026,8,3.25
강원대(원주),산업경영공학과,종합,학생부종합(지역인재서류전형),70%컷(최종),6.4,2026,5,3
강원대(원주),전기공학과,종합,학생부종합(지역인재서류전형),70%컷(최종),5.52,2026,5,5
강원대(원주),정보통신공학과,종합,학생부종합(지역인재서류전형),70%컷(최종),6.51,2026,4,3.75
강원대(원주),컴퓨터공학과,종합,학생부종합(지역인재서류전형),70%컷(최종),5.49,2026,3,8
건국대,동물자원과학과,논술,논술(KU논술우수자),,2025 통합 모집,2024,3,43.75
건국대,첨단바이오공학부,논술,논술(KU논술우수자),,2025 통합 모집,2024,3,48.67
건국대,컴퓨터공학과,논술,논술(KU논술우수자),,2025 통합 모집,2024,5,71.86
건국대,[유형2] 문과대학자유전공학부,교과,학생부교과(KU지역균형),70%컷(최종),1.96,2026,15,9.97
건국대,경영학과,교과,학생부교과(KU지역균형),70%컷(최종),2,2026,15,8.93
건국대,경제학과,교과,학생부교과(KU지역균형),70%컷(최종),1.96,2026,7,13.71
건국대,국어국문학과,교과,학생부교과(KU지역균형),70%컷(최종),1.77,2024,9,5.67
건국대,국제무역학과,교과,학생부교과(KU지역균형),70%컷(최종),2.19,2026,4,7
건국대,기술경영학과,교과,학생부교과(KU지역균형),70%컷(최종),2,2026,3,5
건국대,문화콘텐츠학과,교과,학생부교과(KU지역균형),70%컷(최종),1.96,2026,4,10
건국대,미디어커뮤니케이션학과,교과,학생부교과(KU지역균형),70%컷(최종),1.82,2026,6,12.67
건국대,부동산학과,교과,학생부교과(KU지역균형),70%컷(최종),1.92,2026,4,6.75
건국대,사학과,교과,학생부교과(KU지역균형),70%컷(최종),1.92,2024,7,7
건국대,영어교육과,교과,학생부교과(KU지역균형),70%컷(최종),2.07,2026,6,7.5
건국대,영어영문학과,교과,학생부교과(KU지역균형),70%컷(최종),1.96,2026,10,6.25
건국대,응용통계학과,교과,학생부교과(KU지역균형),70%컷(최종),1.74,2026,4,6.25
건국대,일어교육과,교과,학생부교과(KU지역균형),70%컷(최종),2.21,2024,3,5.67
건국대,정치외교학과,교과,학생부교과(KU지역균형),70%컷(최종),2.12,2024,3,5.67
건국대,중어중문학과,교과,학생부교과(KU지역균형),70%컷(최종),2.11,2025,8,6
건국대,지리학과,교과,학생부교과(KU지역균형),70%컷(최종),2.12,2024,4,7.67
건국대,철학과,교과,학생부교과(KU지역균형),70%컷(최종),2.26,2024,6,6
건국대,행정학과,교과,학생부교과(KU지역균형),70%컷(최종),2.13,2026,6,8.17
건국대,[유형2] 공과대학자유전공학부,교과,학생부교과(KU지역균형),70%컷(최종),2,2026,100,11.06
건국대,건축학부,교과,학생부교과(KU지역균형),70%컷(최종),1.85,2026,8,15.25
건국대,기계·로봇·자동차공학부,교과,학생부교과(KU지역균형),70%컷(최종),1.77,2026,19,7.06
건국대,동물자원과학과,교과,학생부교과(KU지역균형),70%컷(최종),1.81,2026,3,9.2
건국대,물리학과,교과,학생부교과(KU지역균형),70%컷(최종),1.89,2026,8,7.25
건국대,사회환경공학부,교과,학생부교과(KU지역균형),70%컷(최종),2,2026,7,17.29
건국대,산업공학과,교과,학생부교과(KU지역균형),70%컷(최종),1.92,2024,3,8
건국대,생명공학부,교과,학생부교과(KU지역균형),70%컷(최종),1.52,2024,6,6.33
건국대,생명과학과,교과,학생부교과(KU지역균형),70%컷(최종),1.7,2024,6,8
건국대,생물공학과,교과,학생부교과(KU지역균형),70%컷(최종),1.61,2025,3,7.67
건국대,수의예과,교과,학생부교과(KU지역균형),70%컷(최종),1.12,2026,5,11
건국대,수학과,교과,학생부교과(KU지역균형),70%컷(최종),2.07,2026,5,11.6
건국대,수학교육과,교과,학생부교과(KU지역균형),70%컷(최종),1.69,2026,6,5.8
건국대,식량자원과학과,교과,학생부교과(KU지역균형),70%컷(최종),1.84,2024,3,7.67
건국대,재료공학과,교과,학생부교과(KU지역균형),70%컷(최종),1.63,2026,4,6.75
건국대,전기전자공학부,교과,학생부교과(KU지역균형),70%컷(최종),1.42,2026,8,8.75
건국대,첨단바이오공학부,교과,학생부교과(KU지역균형),70%컷(최종),1.44,2025,3,6
건국대,컴퓨터공학과,교과,학생부교과(KU지역균형),70%컷(최종),1.72,2026,6,10.5
건국대,항공우주·모빌리티공학과,교과,학생부교과(KU지역균형),70%컷(최종),2,2025,3,13
건국대,화공·생명·에너지공학부,교과,학생부교과(KU지역균형),70%컷(최종),1.42,2026,6,8.4
건국대,화학과,교과,학생부교과(KU지역균형),70%컷(최종),1.64,2024,3,6.33
건국대,경영학과,종합,학생부종합(KU자기추천),70%컷(최종),2.56,2026,47,18.4
건국대,경제학과,종합,학생부종합(KU자기추천),70%컷(최종),2.48,2026,23,11.22
건국대,교육공학과,종합,학생부종합(KU자기추천),70%컷(최종),2.42,2026,12,12.67
건국대,국어국문학과,종합,학생부종합(KU자기추천),70%컷(최종),2.48,2026,15,13
건국대,국제무역학과,종합,학생부종합(KU자기추천),70%컷(최종),2.6,2026,14,13.5
건국대,기술경영학과,종합,학생부종합(KU자기추천),70%컷(최종),4.24,2026,10,13.4
건국대,문화콘텐츠학과,종합,학생부종합(KU자기추천),70%컷(최종),2.59,2026,14,19.38
건국대,미디어커뮤니케이션학과,종합,학생부종합(KU자기추천),70%컷(최종),2.52,2026,13,22.77
건국대,부동산학과,종합,학생부종합(KU자기추천),70%컷(최종),4.95,2026,15,10.77
건국대,사학과,종합,학생부종합(KU자기추천),70%컷(최종),2.43,2026,14,11.93
건국대,영어교육과,종합,학생부종합(KU자기추천),70%컷(최종),2.26,2026,10,9.63
건국대,영어영문학과,종합,학생부종합(KU자기추천),70%컷(최종),2.96,2026,30,14.13
건국대,응용통계학과,종합,학생부종합(KU자기추천),70%컷(최종),2.44,2026,13,10.69
건국대,일어교육과,종합,학생부종합(KU자기추천),70%컷(최종),3.91,2026,19,9.69
건국대,정치외교학과,종합,학생부종합(KU자기추천),70%컷(최종),2.52,2026,9,20.22
건국대,중어중문학과,종합,학생부종합(KU자기추천),70%컷(최종),4.67,2026,16,15.75
건국대,지리학과,종합,학생부종합(KU자기추천),70%컷(최종),2.79,2026,17,12.93
건국대,철학과,종합,학생부종합(KU자기추천),70%컷(최종),3.36,2026,15,20.47
건국대,행정학과,종합,학생부종합(KU자기추천),70%컷(최종),2.71,2026,14,15.5
건국대,[유형1] KU자유전공학부,종합,학생부종합(KU자기추천),70%컷(최종),2.27,2026,183,32.75
건국대,건축학부,종합,학생부종합(KU자기추천),70%컷(최종),2.6,2026,20,19.8
건국대,기계·로봇·자동차공학부,종합,학생부종합(KU자기추천),70%컷(최종),1.83,2026,8,31.14
건국대,동물자원과학과,종합,학생부종합(KU자기추천),70%컷(최종),2.46,2026,16,21.05
건국대,물리학과,종합,학생부종합(KU자기추천),70%컷(최종),2.42,2026,13,16.54
건국대,사회환경공학부,종합,학생부종합(KU자기추천),70%컷(최종),2.85,2026,40,19.58
건국대,산업공학과,종합,학생부종합(KU자기추천),70%컷(최종),2.48,2026,8,14.88
건국대,생명공학부,종합,학생부종합(KU자기추천),70%컷(최종),1.88,2026,16,21.13
건국대,생명과학과,종합,학생부종합(KU자기추천),70%컷(최종),2.07,2026,14,22.91
건국대,생물공학과,종합,학생부종합(KU자기추천),70%컷(최종),2.08,2026,15,18.6
건국대,수의예과,종합,학생부종합(KU자기추천),70%컷(최종),1.64,2026,24,28.5
건국대,수학과,종합,학생부종합(KU자기추천),70%컷(최종),2.27,2026,7,21.71
건국대,수학교육과,종합,학생부종합(KU자기추천),70%컷(최종),2.17,2026,6,22.17
건국대,식량자원과학과,종합,학생부종합(KU자기추천),70%컷(최종),2.62,2026,10,20.1
건국대,재료공학과,종합,학생부종합(KU자기추천),70%컷(최종),2.13,2026,22,20.32
건국대,전기전자공학부,종합,학생부종합(KU자기추천),70%컷(최종),2.16,2026,38,16.26
건국대,첨단바이오공학부,종합,학생부종합(KU자기추천),70%컷(최종),3.75,2026,18,23.11
건국대,컴퓨터공학과,종합,학생부종합(KU자기추천),70%컷(최종),2.37,2026,24,17.62
건국대,항공우주·모빌리티공학과,종합,학생부종합(KU자기추천),70%컷(최종),3.39,2026,9,38.78
건국대,화공·생명·에너지공학부,종합,학생부종합(KU자기추천),70%컷(최종),2.12,2026,20,21.63
건국대,화학과,종합,학생부종합(KU자기추천),70%컷(최종),2.07,2026,8,21.5
건국대(글로컬),경영학과,교과,학생부교과(교과우수),70%컷(최종),3.64,2026,24,9.17
건국대(글로컬),경제통상학과,교과,학생부교과(교과우수),70%컷(최종),4.01,2026,21,6.9
건국대(글로컬),경찰학과,교과,학생부교과(교과우수),70%컷(최종),3.22,2026,9,16
건국대(글로컬),동화·한국어문화학과,교과,학생부교과(교과우수),70%컷(최종),3.99,2026,12,6.58
건국대(글로컬),문헌정보학과,교과,학생부교과(교과우수),70%컷(최종),3.29,2026,9,10.56
건국대(글로컬),사회복지학과,교과,학생부교과(교과우수),70%컷(최종),3.95,2026,6,8.67
건국대(글로컬),신문방송학과,교과,학생부교과(교과우수),70%컷(최종),3.63,2026,12,7
건국대(글로컬),영어문화학과,교과,학생부교과(교과우수),70%컷(최종),3.79,2026,11,6.45
건국대(글로컬),유아교육과,교과,학생부교과(교과우수),70%컷(최종),4.03,2026,9,9.33
건국대(글로컬),간호학과,교과,학생부교과(교과우수),70%컷(최종),2.23,2026,15,8.93
건국대(글로컬),녹색기술융합학과,교과,학생부교과(교과우수),70%컷(최종),4.19,2026,18,6.94
건국대(글로컬),메카트로닉스공학과,교과,학생부교과(교과우수),70%컷(최종),4.27,2026,23,6.91
건국대(글로컬),바이오메디컬공학과,교과,학생부교과(교과우수),70%컷(최종),4.42,2026,27,6.48
건국대(글로컬),바이오의약학과,교과,학생부교과(교과우수),70%컷(최종),3.29,2026,14,9.43
건국대(글로컬),뷰티화장품학과,교과,학생부교과(교과우수),70%컷(최종),2.77,2026,6,13.67
건국대(글로컬),생명공학과,교과,학생부교과(교과우수),70%컷(최종),3.62,2026,14,7
건국대(글로컬),소방방재융합학과,교과,학생부교과(교과우수),70%컷(최종),3.43,2026,7,13.43
건국대(글로컬),식품영양학과,교과,학생부교과(교과우수),70%컷(최종),3.31,2026,16,10.13
건국대(글로컬),에너지신소재공학과,교과,학생부교과(교과우수),70%컷(최종),4.48,2026,17,6.65
건국대(글로컬),컴퓨터공학과,교과,학생부교과(교과우수),70%컷(최종),3.96,2026,28,6.5
건국대(글로컬),[유형1] 글로컬 KU자유전공학부,교과,학생부교과(교과우수),70%컷(최종),4.08,2026,107,14.38
건국대(글로컬),경영학과,종합,학생부종합(Cogito자기추천),70%컷(최종),4.74,2026,28,6.71
건국대(글로컬),경제통상학과,종합,학생부종합(Cogito자기추천),70%컷(최종),5.34,2026,28,6.11
건국대(글로컬),경찰학과,종합,학생부종합(Cogito자기추천),70%컷(최종),3.75,2026,20,9.5
건국대(글로컬),동화·한국어문화학과,종합,학생부종합(Cogito자기추천),70%컷(최종),4.98,2026,14,5.07
건국대(글로컬),문헌정보학과,종합,학생부종합(Cogito자기추천),70%컷(최종),4.21,2026,14,7.36
건국대(글로컬),사회복지학과,종합,학생부종합(Cogito자기추천),70%컷(최종),4.79,2026,22,6.68
건국대(글로컬),신문방송학과,종합,학생부종합(Cogito자기추천),70%컷(최종),4.43,2026,25,7.54
건국대(글로컬),영어문화학과,종합,학생부종합(Cogito자기추천),70%컷(최종),5.07,2026,14,6.71
건국대(글로컬),유아교육과,종합,학생부종합(Cogito자기추천),70%컷(최종),4.86,2026,22,6.33
건국대(글로컬),간호학과,종합,학생부종합(Cogito자기추천),70%컷(최종),2.97,2026,25,11.6
건국대(글로컬),녹색기술융합학과,종합,학생부종합(Cogito자기추천),70%컷(최종),5.39,2026,14,5
건국대(글로컬),메카트로닉스공학과,종합,학생부종합(Cogito자기추천),70%컷(최종),5.29,2026,28,5.68
건국대(글로컬),바이오메디컬공학과,종합,학생부종합(Cogito자기추천),70%컷(최종),5.3,2026,28,4.04
건국대(글로컬),바이오의약학과,종합,학생부종합(Cogito자기추천),70%컷(최종),4.9,2026,26,4.08
건국대(글로컬),뷰티화장품학과,종합,학생부종합(Cogito자기추천),70%컷(최종),4.64,2026,20,8.25
건국대(글로컬),생명공학과,종합,학생부종합(Cogito자기추천),70%컷(최종),4.73,2026,26,5
건국대(글로컬),소방방재융합학과,종합,학생부종합(Cogito자기추천),70%컷(최종),4.73,2026,14,7.29
건국대(글로컬),식품영양학과,종합,학생부종합(Cogito자기추천),70%컷(최종),4.76,2026,14,8.79
건국대(글로컬),에너지신소재공학과,종합,학생부종합(Cogito자기추천),70%컷(최종),4.98,2026,14,7
건국대(글로컬),의예과,종합,학생부종합(Cogito자기추천),70%컷(최종),1.54,2026,4,16.75
건국대(글로컬),컴퓨터공학과,종합,학생부종합(Cogito자기추천),70%컷(최종),4.97,2026,28,6.89
건국대(글로컬),[유형1] 글로컬 KU자유전공학부,종합,학생부종합(Cogito자기추천),70%컷(최종),5.08,2026,56,10.63
건국대(글로컬),의예과,교과,학생부교과(지역인재(충북)),70%컷(최종),1.2,2026,1,8.75
건국대(글로컬),경영학과,교과,학생부교과(지역인재),70%컷(최종),3.89,2026,3,10.33
건국대(글로컬),경제통상학과,교과,학생부교과(지역인재),70%컷(최종),4.82,2026,3,5
건국대(글로컬),경찰학과,교과,학생부교과(지역인재),70%컷(최종),3.85,2026,2,4.5
건국대(글로컬),동화·한국어문화학과,교과,학생부교과(지역인재),70%컷(최종),4.39,2026,2,5
건국대(글로컬),문헌정보학과,교과,학생부교과(지역인재),70%컷(최종),4.27,2026,2,6
건국대(글로컬),사회복지학과,교과,학생부교과(지역인재),70%컷(최종),3.5,2026,2,5
건국대(글로컬),신문방송학과,교과,학생부교과(지역인재),70%컷(최종),4.1,2026,3,6
건국대(글로컬),영어문화학과,교과,학생부교과(지역인재),70%컷(최종),3.18,2026,2,5
건국대(글로컬),유아교육과,교과,학생부교과(지역인재),교과등급최고,4.27,2025,2,6
건국대(글로컬),간호학과,교과,학생부교과(지역인재),70%컷(최종),2.25,2026,12,9.25
건국대(글로컬),녹색기술융합학과,교과,학생부교과(지역인재),70%컷(최종),5.44,2026,2,6.5
건국대(글로컬),메카트로닉스공학과,교과,학생부교과(지역인재),70%컷(최종),5.24,2026,3,5
건국대(글로컬),바이오메디컬공학과,교과,학생부교과(지역인재),70%컷(최종),5.73,2026,3,3.67
건국대(글로컬),바이오의약학과,교과,학생부교과(지역인재),70%컷(최종),3.86,2026,2,5
건국대(글로컬),뷰티화장품학과,교과,학생부교과(지역인재),70%컷(최종),2.19,2026,2,7
건국대(글로컬),생명공학과,교과,학생부교과(지역인재),70%컷(최종),4.61,2026,3,9.67
건국대(글로컬),소방방재융합학과,교과,학생부교과(지역인재),70%컷(최종),5.36,2026,2,5.5
건국대(글로컬),식품영양학과,교과,학생부교과(지역인재),70%컷(최종),3.92,2026,2,4
건국대(글로컬),에너지신소재공학과,교과,학생부교과(지역인재),70%컷(최종),5.21,2026,2,5
건국대(글로컬),컴퓨터공학과,교과,학생부교과(지역인재),70%컷(최종),4.73,2026,3,4.67
건국대(글로컬),[유형1] 글로컬 KU자유전공학부,교과,학생부교과(지역인재),70%컷(최종),4.6,2026,33,8
건국대(글로컬),간호학과,종합,학생부종합(지역인재),70%컷(최종),2.88,2026,12,9.92
건국대(글로컬),의예과,종합,학생부종합(지역인재),70%컷(최종),1.77,2026,8,17.44
건양대,군사학과(남),교과,학생부교과(군사학전형),70%컷(최종),5.46,2026,26,4.38
건양대,군사학과(여),교과,학생부교과(군사학전형),70%컷(최종),5.46,2026,9,4.33
건양대,간호학과,교과,학생부교과(일반[교과]),70%컷(최종),2.17,2026,65,5.97
건양대,국방XR학부,교과,학생부교과(일반[교과]),70%컷(최종),4.82,2026,22,1.83
건양대,국방반도체공학과,교과,학생부교과(일반[교과]),70%컷(최종),6.33,2026,25,2.48
건양대,기업소프트웨어학부,교과,학생부교과(일반[교과]),70%컷(최종),5.17,2026,30,1.85
건양대,물리치료학과,교과,학생부교과(일반[교과]),70%컷(최종),2.71,2026,30,7.97
건양대,방사선학과,교과,학생부교과(일반[교과]),70%컷(최종),2.68,2026,26,7.31
건양대,스마트보안학과,교과,학생부교과(일반[교과]),70%컷(최종),5.86,2026,30,1.8
건양대,스마트팜학부,교과,학생부교과(일반[교과]),70%컷(최종),5.41,2026,25,3
건양대,식품생명공학과,교과,학생부교과(일반[교과]),70%컷(최종),5.69,2026,17,1.7
건양대,안경광학과,교과,학생부교과(일반[교과]),70%컷(최종),3.68,2026,38,6.68
건양대,유무인항공학과,교과,학생부교과(일반[교과]),70%컷(최종),5.4,2026,20,1.8
건양대,응급구조학과,교과,학생부교과(일반[교과]),70%컷(최종),2.23,2026,20,22.65
건양대,의공학과,교과,학생부교과(일반[교과]),70%컷(최종),3.9,2026,38,4.77
건양대,의료IT공학과,교과,학생부교과(일반[교과]),70%컷(최종),4.59,2026,39,4.3
건양대,의료신소재학과,교과,학생부교과(일반[교과]),70%컷(최종),4.39,2026,33,5.05
건양대,인공지능학과,교과,학생부교과(일반[교과]),70%컷(최종),4.81,2026,32,4.57
건양대,임상병리학과,교과,학생부교과(일반[교과]),70%컷(최종),3,2026,32,7.22
건양대,임상의약바이오학과,교과,학생부교과(일반[교과]),70%컷(최종),4.7,2026,30,4.16
건양대,작업치료학과,교과,학생부교과(일반[교과]),70%컷(최종),3.83,2026,30,5.67
건양대,재난안전소방학전공,교과,학생부교과(일반[교과]),70%컷(최종),4.84,2026,30,6.24
건양대,제약생명공학과,교과,학생부교과(일반[교과]),70%컷(최종),3,2026,41,5.49
건양대,치위생학과,교과,학생부교과(일반[교과]),70%컷(최종),3.3,2026,35,5.17
건양대,ND산업디자인학부,교과,학생부교과(일반[교과]),70%컷(최종),5.19,2026,31,2.57
건양대,국방경찰행정학부,교과,학생부교과(일반[교과]),70%컷(최종),4.35,2026,35,6.34
건양대,국방산업경영학부,교과,학생부교과(일반[교과]),70%컷(최종),5.84,2026,32,1.88
건양대,글로벌의료뷰티학전공,교과,학생부교과(일반[교과]),70%컷(최종),4.95,2026,11,8.9
건양대,병원경영학과,교과,학생부교과(일반[교과]),70%컷(최종),3.48,2026,52,8.35
건양대,사회복지학과,교과,학생부교과(일반[교과]),70%컷(최종),4.46,2026,18,8.14
건양대,스포츠의학전공,교과,학생부교과(일반[교과]),70%컷(최종),3.14,2026,15,6.87
건양대,심리상담치료학과,교과,학생부교과(일반[교과]),70%컷(최종),3.71,2026,18,7.47
건양대,유아교육과,교과,학생부교과(일반[교과]),70%컷(최종),4.12,2026,12,16.5
건양대,의료공간디자인학과,교과,학생부교과(일반[교과]),70%컷(최종),4.83,2026,25,3.85
건양대,특수교육과,교과,학생부교과(일반[교과]),70%컷(최종),4.84,2026,30,2.97
건양대,의학과,교과,학생부교과(일반[최저]),70%컷(최종),1.09,2026,11,23.55
건양대,간호학과,종합,학생부종합(학생부종합),70%컷(최종),2.67,2026,50,10.84
건양대,물리치료학과,종합,학생부종합(학생부종합),70%컷(최종),3.17,2026,14,12.8
건양대,방사선학과,종합,학생부종합(학생부종합),70%컷(최종),3.6,2026,12,17.42
건양대,스마트보안학과,종합,학생부종합(학생부종합),70%컷(최종),5.51,2026,4,1.8
건양대,안경광학과,종합,학생부종합(학생부종합),70%컷(최종),4.6,2026,7,8.71
건양대,유무인항공학과,종합,학생부종합(학생부종합),70%컷(최종),4.67,2026,5,2.8
건양대,응급구조학과,종합,학생부종합(학생부종합),70%컷(최종),3.07,2026,10,10.1
건양대,의공학과,종합,학생부종합(학생부종합),70%컷(최종),5,2026,7,3.67
건양대,임상병리학과,종합,학생부종합(학생부종합),70%컷(최종),3.43,2026,6,15.5
건양대,작업치료학과,종합,학생부종합(학생부종합),70%컷(최종),5.08,2026,25,7.16
건양대,제약생명공학과,종합,학생부종합(학생부종합),70%컷(최종),3.76,2026,8,6.2
건양대,치위생학과,종합,학생부종합(학생부종합),70%컷(최종),3.99,2026,12,12.17
건양대,병원경영학과,종합,학생부종합(학생부종합),70%컷(최종),4,2026,5,7.43
건양대,사회복지학과,종합,학생부종합(학생부종합),70%컷(최종),6.46,2026,5,4
건양대,스포츠의학전공,종합,학생부종합(학생부종합),70%컷(최종),4.65,2026,10,5.5
건양대,심리상담치료학과,종합,학생부종합(학생부종합),70%컷(최종),4.81,2026,14,4.46
건양대,유아교육과,종합,학생부종합(학생부종합),70%컷(최종),5.67,2026,8,3.9
건양대,의료공간디자인학과,종합,학생부종합(학생부종합),70%컷(최종),5.7,2026,5,3.2
건양대,특수교육과,종합,학생부종합(학생부종합),70%컷(최종),5.59,2025,5,1.86
건양대,간호학과,교과,학생부교과(지역[교과]),70%컷(최종),2.34,2026,63,4.35
건양대,국방XR학부,교과,학생부교과(지역[교과]),70%컷(최종),4.6,2026,5,2.8
건양대,응급구조학과,교과,학생부교과(지역[교과]),70%컷(최종),2.5,2026,15,12
건양대,의공학과,교과,학생부교과(지역[교과]),70%컷(최종),4.23,2026,11,3.83
건양대,의료IT공학과,교과,학생부교과(지역[교과]),70%컷(최종),4.38,2026,5,5
건양대,임상병리학과,교과,학생부교과(지역[교과]),70%컷(최종),3.25,2026,9,6.6
건양대,제약생명공학과,교과,학생부교과(지역[교과]),70%컷(최종),3.37,2026,10,8
건양대,국방경찰행정학부,교과,학생부교과(지역[교과]),70%컷(최종),4.28,2026,5,8.5
건양대,글로벌의료뷰티학전공,교과,학생부교과(지역[교과]),70%컷(최종),4.92,2026,7,7.11
건양대,사회복지학과,교과,학생부교과(지역[교과]),70%컷(최종),5.58,2026,10,4
건양대,의료공간디자인학과,교과,학생부교과(지역[교과]),70%컷(최종),5,2026,18,4.22
건양대,특수교육과,교과,학생부교과(지역[교과]),70%컷(최종),5.27,2026,5,3
건양대,의학과,교과,학생부교과(지역[면접]),70%컷(최종),1.13,2026,10,5.5
건양대,의학과,교과,학생부교과(지역[최저]),70%컷(최종),1.1,2026,20,16.3
경국대,경영학부,교과,학생부교과(일반학생전형),70%컷(최종),5.42,2026,56,2.23
경국대,교육공학과,교과,학생부교과(일반학생전형),70%컷(최종),3.76,2026,11,4.36
경국대,국어교육과,교과,학생부교과(일반학생전형),70%컷(최종),2.7,2026,6,8.83
경국대,법·행정·경제학부,교과,학생부교과(일반학생전형),70%컷(최종),4.93,2026,45,2.46
경국대,사회복지·상담학부,교과,학생부교과(일반학생전형),70%컷(최종),4.29,2026,33,8
경국대,영어교육과,교과,학생부교과(일반학생전형),70%컷(최종),2.9,2026,13,8.31
경국대,유아교육과,교과,학생부교과(일반학생전형),70%컷(최종),4.1,2026,12,9
경국대,윤리교육과,교과,학생부교과(일반학생전형),70%컷(최종),2.23,2026,6,10
경국대,인문·문화학부,교과,학생부교과(일반학생전형),70%컷(최종),5.2,2026,62,2.37
경국대,IT융합공학부,교과,학생부교과(일반학생전형),70%컷(최종),5.24,2026,47,1.96
경국대,간호학부,교과,학생부교과(일반학생전형),70%컷(최종),2.78,2026,28,7.61
경국대,건설·환경·건축공학부,교과,학생부교과(일반학생전형),70%컷(최종),5.03,2026,41,3.15
경국대,공공수요인재대학,교과,학생부교과(일반학생전형),70%컷(최종),5.66,2026,78,2.9
경국대,기계교육전공,교과,학생부교과(일반학생전형),70%컷(최종),3.39,2026,13,3.19
경국대,바이오생명공학부,교과,학생부교과(일반학생전형),70%컷(최종),4.95,2026,47,2.73
경국대,수학교육과,교과,학생부교과(일반학생전형),70%컷(최종),2.63,2026,9,6.22
경국대,스마트그린학부,교과,학생부교과(일반학생전형),70%컷(최종),5.2,2026,72,2
경국대,스마트모빌리티공학과,교과,학생부교과(일반학생전형),70%컷(최종),5.29,2026,26,3.77
경국대,식품영양학과,교과,학생부교과(일반학생전형),70%컷(최종),4.67,2026,18,5.78
경국대,전기·신소재공학부,교과,학생부교과(일반학생전형),70%컷(최종),5.41,2026,33,2.79
경국대,전기전자교육과,교과,학생부교과(일반학생전형),70%컷(최종),4.33,2026,16,3.38
경국대,전자·기계공학부,교과,학생부교과(일반학생전형),70%컷(최종),5.59,2026,65,2.29
경국대,컴퓨터교육과,교과,학생부교과(일반학생전형),70%컷(최종),2.26,2026,14,6.29
경국대,[유형1] 자유전공학부,교과,학생부교과(일반학생전형),70%컷(최종),5.1,2026,92,4.84
경국대,경영학전공,종합,학생부종합(바른인재전형),70%컷(최종),5.18,2026,7,2.67
경국대,경제학전공,종합,학생부종합(바른인재전형),70%컷(최종),6.13,2026,3,1
경국대,관광경영학전공,종합,학생부종합(바른인재전형),85%컷(최종),6.63,2025,2,3
경국대,교육공학과,종합,학생부종합(바른인재전형),70%컷(최종),4.29,2026,4,2.75
경국대,국어교육과,종합,학생부종합(바른인재전형),70%컷(최종),2.97,2026,5,6.4
경국대,무역학전공,종합,학생부종합(바른인재전형),70%컷(최종),5.55,2026,3,1.33
경국대,문화유산학전공,종합,학생부종합(바른인재전형),70%컷(최종),4.72,2026,5,3.25
경국대,미디어문화커뮤니케이션학전공,종합,학생부종합(바른인재전형),70%컷(최종),4.9,2026,6,10.8
경국대,법학전공,종합,학생부종합(바른인재전형),70%컷(최종),4.8,2026,5,3.6
경국대,사학전공,종합,학생부종합(바른인재전형),70%컷(최종),4.48,2026,8,6.5
경국대,사회복지학전공,종합,학생부종합(바른인재전형),85%컷(최종),5.69,2025,10,4.2
경국대,영어교육과,종합,학생부종합(바른인재전형),70%컷(최종),3.81,2026,7,2.71
경국대,유아교육과,종합,학생부종합(바른인재전형),70%컷(최종),5.37,2026,4,5.5
경국대,윤리교육과,종합,학생부종합(바른인재전형),70%컷(최종),2.74,2026,4,9
경국대,행정학전공,종합,학생부종합(바른인재전형),70%컷(최종),4.44,2026,7,2.5
경국대,회계세무학전공,종합,학생부종합(바른인재전형),70%컷(최종),4.3,2026,6,1.33
경국대,간호학부,종합,학생부종합(바른인재전형),70%컷(최종),3.14,2026,13,10.38
경국대,건설시스템공학전공,종합,학생부종합(바른인재전형),85%컷(최종),6.09,2025,5,1.2
경국대,건축공학전공,종합,학생부종합(바른인재전형),70%컷(최종),5.33,2026,6,1.33
경국대,기계공학전공,종합,학생부종합(바른인재전형),70%컷(최종),4.79,2026,3,1.75
경국대,기계교육전공,종합,학생부종합(바른인재전형),70%컷(최종),5.31,2026,5,2
경국대,디지털ICT공학전공,종합,학생부종합(바른인재전형),70%컷(최종),4.21,2026,2,1
경국대,로봇공학전공,종합,학생부종합(바른인재전형),70%컷(최종),4.93,2026,2,1.33
경국대,반도체신소재공학전공,종합,학생부종합(바른인재전형),85%컷(최종),4.53,2025,3,1.67
경국대,백신생명공학전공,종합,학생부종합(바른인재전형),70%컷(최종),4.65,2026,7,1.57
경국대,산림과학전공,종합,학생부종합(바른인재전형),70%컷(최종),5.15,2026,6,2.5
경국대,생명과학전공,종합,학생부종합(바른인재전형),70%컷(최종),5.21,2026,5,2.2
경국대,소방방재학과,종합,학생부종합(바른인재전형),70%컷(최종),5.62,2026,5,5
경국대,소프트웨어융합전공,종합,학생부종합(바른인재전형),70%컷(최종),5.72,2026,7,2
경국대,수학교육과,종합,학생부종합(바른인재전형),70%컷(최종),4.08,2026,6,2.17
경국대,스마트모빌리티공학과,종합,학생부종합(바른인재전형),70%컷(최종),6.24,2026,8,1.25
경국대,스마트원예과학전공,종합,학생부종합(바른인재전형),70%컷(최종),4.13,2026,6,4.5
경국대,식물의학전공,종합,학생부종합(바른인재전형),70%컷(최종),5.31,2026,4,3
경국대,식품생명공학전공,종합,학생부종합(바른인재전형),70%컷(최종),4.79,2026,5,1.4
경국대,식품영양학과,종합,학생부종합(바른인재전형),70%컷(최종),4.78,2026,6,2.5
경국대,응급구조학과,종합,학생부종합(바른인재전형),70%컷(최종),4.93,2026,4,10.83
경국대,전기에너지공학전공,종합,학생부종합(바른인재전형),70%컷(최종),5.78,2026,4,1.75
경국대,전기전자교육과,종합,학생부종합(바른인재전형),70%컷(최종),3.86,2026,6,2
경국대,전자공학전공,종합,학생부종합(바른인재전형),70%컷(최종),5.74,2026,5,1.4
경국대,컴퓨터공학전공,종합,학생부종합(바른인재전형),70%컷(최종),5.17,2026,7,3
경국대,컴퓨터교육과,종합,학생부종합(바른인재전형),70%컷(최종),6.47,2026,5,5.6
경국대,화학생명공학전공,종합,학생부종합(바른인재전형),70%컷(최종),5.64,2026,2,2
경국대,환경공학전공,종합,학생부종합(바른인재전형),70%컷(최종),3.77,2026,2,1.33
경국대,패션라이프스타일학전공,종합,학생부종합(바른인재전형),70%컷(최종),7.73,2026,6,2
경국대,[유형1] 자유전공학부,종합,학생부종합(바른인재전형),70%컷(최종),5.18,2026,10,6.36
경국대,경영학부,교과,학생부교과(지역인재전형),70%컷(최종),5.47,2026,7,2.14
경국대,교육공학과,교과,학생부교과(지역인재전형),70%컷(최종),3.56,2026,2,4
경국대,국어교육과,교과,학생부교과(지역인재전형),70%컷(최종),3.02,2026,2,8.5
경국대,법·행정·경제학부,교과,학생부교과(지역인재전형),70%컷(최종),7,2026,6,3.5
경국대,사회복지·상담학부,교과,학생부교과(지역인재전형),70%컷(최종),4.51,2026,8,4.29
경국대,영어교육과,교과,학생부교과(지역인재전형),70%컷(최종),3.77,2026,2,3
경국대,유아교육과,교과,학생부교과(지역인재전형),70%컷(최종),4.27,2026,2,6.33
경국대,윤리교육과,교과,학생부교과(지역인재전형),70%컷(최종),2.84,2026,2,4.5
경국대,인문·문화학부,교과,학생부교과(지역인재전형),70%컷(최종),5.12,2026,8,2.91
경국대,IT융합공학부,교과,학생부교과(지역인재전형),70%컷(최종),4.2,2026,5,2
경국대,간호학부,교과,학생부교과(지역인재전형),70%컷(최종),2.73,2026,24,7.04
경국대,건설·환경·건축공학부,교과,학생부교과(지역인재전형),70%컷(최종),6.35,2026,6,2.2
경국대,공공수요인재대학,교과,학생부교과(지역인재전형),70%컷(최종),5.08,2026,8,2
경국대,기계교육전공,교과,학생부교과(지역인재전형),70%컷(최종),3.81,2026,2,2
경국대,바이오생명공학부,교과,학생부교과(지역인재전형),70%컷(최종),4.76,2026,6,3.29
경국대,수학교육과,교과,학생부교과(지역인재전형),70%컷(최종),3.12,2026,3,5
경국대,스마트그린학부,교과,학생부교과(지역인재전형),70%컷(최종),6.05,2026,6,3.17
경국대,스마트모빌리티공학과,교과,학생부교과(지역인재전형),70%컷(최종),5.53,2026,6,2.5
경국대,식품영양학과,교과,학생부교과(지역인재전형),70%컷(최종),4.8,2026,3,3.33
경국대,전기·신소재공학부,교과,학생부교과(지역인재전형),70%컷(최종),4.39,2026,4,2.6
경국대,전기전자교육과,교과,학생부교과(지역인재전형),70%컷(최종),4.44,2026,3,2.67
경국대,전자·기계공학부,교과,학생부교과(지역인재전형),70%컷(최종),5.33,2026,8,1.5
경국대,컴퓨터교육과,교과,학생부교과(지역인재전형),70%컷(최종),2.6,2026,3,4.67
경국대,패션라이프스타일학전공,교과,학생부교과(지역인재전형),85%컷(최종),5.39,2025,3,2
경국대,[유형1] 자유전공학부,교과,학생부교과(지역인재전형),70%컷(최종),6.25,2026,10,3.82
경기대,[유형1] 자유전공학부(수원),논술,논술(논술우수자전형),70%컷(최종),5.12,2026,93,30.4
경기대,경영학부,교과,학생부교과(교과성적우수자전형),70%컷(최종),2.61,2026,15,8.71
경기대,경제학부,교과,학생부교과(교과성적우수자전형),70%컷(최종),3.06,2026,9,9.44
경기대,공공안전학부,교과,학생부교과(교과성적우수자전형),70%컷(최종),2.02,2026,5,13.4
경기대,공공인재학부,교과,학생부교과(교과성적우수자전형),70%컷(최종),2.9,2026,6,11.5
경기대,국어국문학과,교과,학생부교과(교과성적우수자전형),70%컷(최종),3.21,2026,3,12
경기대,글로벌어문학부,교과,학생부교과(교과성적우수자전형),70%컷(최종),3.25,2026,9,10.9
경기대,무역학과,교과,학생부교과(교과성적우수자전형),70%컷(최종),3.02,2026,5,14.6
경기대,문헌정보학과,교과,학생부교과(교과성적우수자전형),70%컷(최종),2.96,2026,2,18
경기대,법학과,교과,학생부교과(교과성적우수자전형),70%컷(최종),2.98,2026,3,12.33
경기대,사학과,교과,학생부교과(교과성적우수자전형),70%컷(최종),2.76,2026,2,12
경기대,사회과학부,교과,학생부교과(교과성적우수자전형),70%컷(최종),2.97,2026,30,11.3
경기대,사회복지·청소년학과,교과,학생부교과(교과성적우수자전형),70%컷(최종),3.02,2026,4,12.25
경기대,영어영문학과,교과,학생부교과(교과성적우수자전형),70%컷(최종),3.04,2026,4,11
경기대,유아교육과,교과,학생부교과(교과성적우수자전형),70%컷(최종),2.14,2026,2,12.5
경기대,인문학부,교과,학생부교과(교과성적우수자전형),70%컷(최종),3.17,2026,18,20.15
경기대,AI컴퓨터공학부,교과,학생부교과(교과성적우수자전형),70%컷(최종),2.95,2026,18,10.56
경기대,건축학과(5년제),교과,학생부교과(교과성적우수자전형),70%컷(최종),1.78,2026,2,12
경기대,기계시스템공학과,교과,학생부교과(교과성적우수자전형),70%컷(최종),2.92,2026,5,18
경기대,바이오융합학부,교과,학생부교과(교과성적우수자전형),70%컷(최종),2.93,2026,6,9.5
경기대,사회에너지시스템공학과,교과,학생부교과(교과성적우수자전형),70%컷(최종),3.31,2026,7,9.29
경기대,산업경영공학과,교과,학생부교과(교과성적우수자전형),70%컷(최종),3.24,2026,7,11.14
경기대,소프트웨어경영학부,교과,학생부교과(교과성적우수자전형),70%컷(최종),3.24,2026,19,11.5
경기대,수학과,교과,학생부교과(교과성적우수자전형),70%컷(최종),2.82,2026,2,11
경기대,스마트시티공학부,교과,학생부교과(교과성적우수자전형),70%컷(최종),3.27,2026,5,13
경기대,신소재화학공학부,교과,학생부교과(교과성적우수자전형),70%컷(최종),2.92,2026,7,9.14
경기대,융합과학부,교과,학생부교과(교과성적우수자전형),70%컷(최종),2.93,2026,7,15.88
경기대,전자공학부,교과,학생부교과(교과성적우수자전형),70%컷(최종),2.71,2026,9,9.44
경기대,창의공학부,교과,학생부교과(교과성적우수자전형),70%컷(최종),3.04,2026,35,9.71
경기대,화학과,교과,학생부교과(교과성적우수자전형),70%컷(최종),3.67,2026,2,11
경기대,경영학부,교과,학생부교과(학교장추천전형),70%컷(최종),2.98,2026,34,12.27
경기대,경제학부,교과,학생부교과(학교장추천전형),70%컷(최종),3.19,2026,22,6.32
경기대,공공안전학부,교과,학생부교과(학교장추천전형),70%컷(최종),2.66,2026,9,4.78
경기대,공공인재학부,교과,학생부교과(학교장추천전형),70%컷(최종),3.25,2026,12,5.75
경기대,국어국문학과,교과,학생부교과(학교장추천전형),70%컷(최종),3.34,2026,6,5.5
경기대,글로벌어문학부,교과,학생부교과(학교장추천전형),70%컷(최종),3.08,2026,22,8.86
경기대,무역학과,교과,학생부교과(학교장추천전형),70%컷(최종),3.12,2026,9,9.89
경기대,문헌정보학과,교과,학생부교과(학교장추천전형),70%컷(최종),3.02,2026,4,6
경기대,법학과,교과,학생부교과(학교장추천전형),70%컷(최종),2.88,2026,6,9.5
경기대,사학과,교과,학생부교과(학교장추천전형),70%컷(최종),3.11,2026,4,23.25
경기대,사회복지·청소년학과,교과,학생부교과(학교장추천전형),70%컷(최종),3.05,2026,8,6.25
경기대,영어영문학과,교과,학생부교과(학교장추천전형),70%컷(최종),3.01,2026,8,11.5
경기대,AI컴퓨터공학부,교과,학생부교과(학교장추천전형),70%컷(최종),3.24,2026,34,4.29
경기대,건축학과(5년제),교과,학생부교과(학교장추천전형),70%컷(최종),2.55,2026,5,5.8
경기대,기계시스템공학과,교과,학생부교과(학교장추천전형),70%컷(최종),2.92,2026,9,9.89
경기대,바이오융합학부,교과,학생부교과(학교장추천전형),70%컷(최종),3,2026,11,5.09
경기대,사회에너지시스템공학과,교과,학생부교과(학교장추천전형),70%컷(최종),3.08,2026,16,5.88
경기대,산업경영공학과,교과,학생부교과(학교장추천전형),70%컷(최종),3.09,2026,15,9.13
경기대,수학과,교과,학생부교과(학교장추천전형),70%컷(최종),3.15,2026,3,9
경기대,스마트시티공학부,교과,학생부교과(학교장추천전형),70%컷(최종),3.17,2026,9,5.78
경기대,신소재화학공학부,교과,학생부교과(학교장추천전형),70%컷(최종),2.86,2026,14,8.29
경기대,전자공학부,교과,학생부교과(학교장추천전형),70%컷(최종),2.95,2026,18,6.17
경기대,화학과,교과,학생부교과(학교장추천전형),70%컷(최종),3.25,2026,5,4.8
경기대,Fine Arts학부,교과,학생부교과(학교장추천전형),70%컷(최종),3.31,2026,4,5.5
경기대,경영학부,종합,학생부종합(KGU학생부종합전형),70%컷(최종),3.7,2026,52,13.73
경기대,경제학부,종합,학생부종합(KGU학생부종합전형),70%컷(최종),3.85,2026,42,10.74
경기대,공공안전학부,종합,학생부종합(KGU학생부종합전형),70%컷(최종),3.08,2026,24,12.04
경기대,공공인재학부,종합,학생부종합(KGU학생부종합전형),70%컷(최종),3.45,2026,24,12.38
경기대,국어국문학과,종합,학생부종합(KGU학생부종합전형),70%컷(최종),3.74,2026,12,14.42
경기대,글로벌어문학부,종합,학생부종합(KGU학생부종합전형),70%컷(최종),4.51,2026,55,16.38
경기대,무역학과,종합,학생부종합(KGU학생부종합전형),70%컷(최종),3.69,2026,12,10.92
경기대,문헌정보학과,종합,학생부종합(KGU학생부종합전형),70%컷(최종),3.62,2026,10,12.1
경기대,법학과,종합,학생부종합(KGU학생부종합전형),70%컷(최종),3.46,2026,12,15.83
경기대,사학과,종합,학생부종합(KGU학생부종합전형),70%컷(최종),3.75,2026,10,15.6
경기대,사회복지·청소년학과,종합,학생부종합(KGU학생부종합전형),70%컷(최종),3.61,2026,18,13
경기대,영어영문학과,종합,학생부종합(KGU학생부종합전형),70%컷(최종),3.64,2026,13,9.85
경기대,유아교육과,종합,학생부종합(KGU학생부종합전형),70%컷(최종),3.82,2026,10,15.2
경기대,AI컴퓨터공학부,종합,학생부종합(KGU학생부종합전형),70%컷(최종),3.47,2026,52,10.5
경기대,건축학과(5년제),종합,학생부종합(KGU학생부종합전형),70%컷(최종),3.34,2026,14,22.62
경기대,기계시스템공학과,종합,학생부종합(KGU학생부종합전형),70%컷(최종),3.52,2026,24,13.71
경기대,바이오융합학부,종합,학생부종합(KGU학생부종합전형),70%컷(최종),3.27,2026,28,22.46
경기대,사회에너지시스템공학과,종합,학생부종합(KGU학생부종합전형),70%컷(최종),3.57,2026,28,10.18
경기대,산업경영공학과,종합,학생부종합(KGU학생부종합전형),70%컷(최종),3.94,2026,36,8.44
경기대,수학과,종합,학생부종합(KGU학생부종합전형),70%컷(최종),3.74,2026,10,10.6
경기대,스마트시티공학부,종합,학생부종합(KGU학생부종합전형),70%컷(최종),3.84,2026,24,14.5
경기대,신소재화학공학부,종합,학생부종합(KGU학생부종합전형),70%컷(최종),3.51,2026,28,12.54
경기대,전자공학부,종합,학생부종합(KGU학생부종합전형),70%컷(최종),3.54,2026,36,12.28
경기대,화학과,종합,학생부종합(KGU학생부종합전형),70%컷(최종),3.4,2026,12,12.83
경기대,Fine Arts학부,종합,학생부종합(KGU학생부종합전형),70%컷(최종),4.3,2026,12,6.75
경기대,디자인학부,종합,학생부종합(KGU학생부종합전형),70%컷(최종),3.93,2026,24,15.25
경기대,AI컴퓨터공학부,종합,학생부종합(SW우수자전형),70%컷(최종),3.81,2026,15,13.67
경기대(서울),[유형1] 자유전공학부(서울),논술,논술(논술우수자전형),70%컷(최종),5.46,2026,41,20.87
경기대(서울),관광개발경영학과,교과,학생부교과(교과성적우수자전형),70%컷(최종),2.42,2026,5,11
경기대(서울),관광문화콘텐츠학과,교과,학생부교과(교과성적우수자전형),70%컷(최종),1.64,2026,3,10
경기대(서울),미디어영상학과,교과,학생부교과(교과성적우수자전형),70%컷(최종),2.44,2026,3,17.67
경기대(서울),호텔외식경영학부,교과,학생부교과(교과성적우수자전형),70%컷(최종),1.68,2026,4,16.5
경기대(서울),관광개발경영학과,교과,학생부교과(학교장추천전형),70%컷(최종),3.04,2026,10,12.8
경기대(서울),관광문화콘텐츠학과,교과,학생부교과(학교장추천전형),70%컷(최종),3.14,2026,5,19.4
경기대(서울),미디어영상학과,교과,학생부교과(학교장추천전형),70%컷(최종),2.68,2026,6,9.5
경기대(서울),호텔외식경영학부,교과,학생부교과(학교장추천전형),70%컷(최종),2.88,2026,9,6.89
경기대(서울),관광개발경영학과,종합,학생부종합(KGU학생부종합전형),70%컷(최종),3.38,2026,20,12.2
경기대(서울),관광문화콘텐츠학과,종합,학생부종합(KGU학생부종합전형),70%컷(최종),3.93,2026,10,22.3
경기대(서울),미디어영상학과,종합,학생부종합(KGU학생부종합전형),70%컷(최종),3.03,2026,12,21.83
경기대(서울),호텔외식경영학부,종합,학생부종합(KGU학생부종합전형),70%컷(최종),4.26,2026,14,21.43
경남대,군사학과,교과,학생부교과(군사학과전형),70%컷(최종),4.55,2026,20,4.33
경남대,경호보안학과,교과,학생부교과(일반면접전형),70%컷(최종),5.9,2026,8,3.5
경남대,군사학과,교과,학생부교과(일반면접전형),70%컷(최종),4,2026,11,5.1
경남대,미디어영상학과,교과,학생부교과(일반면접전형),70%컷(최종),4.6,2026,4,4.25
경남대,간호학과,교과,학생부교과(일반면접전형),70%컷(최종),3.3,2026,15,7.67
경남대,건축학부,교과,학생부교과(일반면접전형),70%컷(최종),5.6,2026,4,2
경남대,게임학과,교과,학생부교과(일반면접전형),70%컷(최종),4.9,2026,5,1.8
경남대,물리치료학과,교과,학생부교과(일반면접전형),70%컷(최종),3.4,2026,5,12.4
경남대,스포츠과학부,교과,학생부교과(일반면접전형),70%컷(최종),4.3,2026,12,7.25
경남대,식품영양학과,교과,학생부교과(일반면접전형),70%컷(최종),5.3,2026,5,3.8
경남대,문화유산복원예술학과,교과,학생부교과(일반면접전형),70%컷(최종),5.4,2026,5,2.6
경남대,미술교육과,교과,학생부교과(일반면접전형),70%컷(최종),3.9,2026,15,3.67
경남대,음악교육과,교과,학생부교과(일반면접전형),70%컷(최종),4.1,2026,22,3
경남대,경영학부,교과,학생부교과(일반전형),70%컷(최종),5.2,2026,70,3.66
경남대,경찰학부,교과,학생부교과(일반전형),70%컷(최종),3.8,2026,30,5.17
경남대,경호보안학과,교과,학생부교과(일반전형),70%컷(최종),4.5,2026,20,8.94
경남대,교육학과,교과,학생부교과(일반전형),70%컷(최종),3.2,2026,15,5.71
경남대,국어교육과,교과,학생부교과(일반전형),70%컷(최종),3.1,2026,22,6.35
경남대,디지털공연영상학과,교과,학생부교과(일반전형),70%컷(최종),5.1,2026,20,3.7
경남대,디지털마케팅학과,교과,학생부교과(일반전형),70%컷(최종),4.9,2026,13,5.73
경남대,무역물류학과,교과,학생부교과(일반전형),70%컷(최종),5.2,2026,15,2.93
경남대,미디어영상학과,교과,학생부교과(일반전형),70%컷(최종),3.8,2026,13,10
경남대,법학과,교과,학생부교과(일반전형),70%컷(최종),4.7,2026,21,3
경남대,사회복지학과,교과,학생부교과(일반전형),70%컷(최종),4.2,2026,29,5.87
경남대,심리학과 교직RISE,교과,학생부교과(일반전형),70%컷(최종),4.5,2026,26,5.35
경남대,여행항공관광학과,교과,학생부교과(일반전형),70%컷(최종),5.8,2026,26,3.12
경남대,영어교육과,교과,학생부교과(일반전형),70%컷(최종),3.1,2026,22,5.33
경남대,유아교육과,교과,학생부교과(일반전형),70%컷(최종),3.7,2026,22,5.94
경남대,일어교육과,교과,학생부교과(일반전형),70%컷(최종),3.4,2026,15,5.73
경남대,행정학과,교과,학생부교과(일반전형),70%컷(최종),4.3,2026,21,3.9
경남대,[유형1] 자유전공학부,교과,학생부교과(일반전형),70%컷(최종),3,2026,38,5.38
경남대,가정교육과,교과,학생부교과(일반전형),70%컷(최종),3.2,2026,20,5.47
경남대,간호학과,교과,학생부교과(일반전형),70%컷(최종),3,2026,66,7.73
경남대,건축학부,교과,학생부교과(일반전형),70%컷(최종),5,2026,33,3.87
경남대,게임학과,교과,학생부교과(일반전형),70%컷(최종),4.8,2026,19,4.33
경남대,기계공학부,교과,학생부교과(일반전형),70%컷(최종),4.3,2026,37,4.2
경남대,물리치료학과,교과,학생부교과(일반전형),70%컷(최종),2.9,2026,15,9.4
경남대,미래자동차학과,교과,학생부교과(일반전형),70%컷(최종),5.6,2026,18,4.53
경남대,보건의료정보학과,교과,학생부교과(일반전형),70%컷(최종),5,2026,15,5.14
경남대,소방안전공학과,교과,학생부교과(일반전형),70%컷(최종),4.7,2026,27,5.64
경남대,수학교육과,교과,학생부교과(일반전형),70%컷(최종),3.3,2026,24,3.11
경남대,스마트기계융합공학전공,교과,학생부교과(일반전형),70%컷(최종),4.8,2026,20,
경남대,스포츠과학부,교과,학생부교과(일반전형),70%컷(최종),3.8,2026,13,10
경남대,식품영양학과,교과,학생부교과(일반전형),70%컷(최종),4.4,2026,16,8.07
경남대,외식조리학과,교과,학생부교과(일반전형),70%컷(최종),4.6,2026,11,8.15
경남대,응급구조학과,교과,학생부교과(일반전형),70%컷(최종),4.1,2026,13,9.31
경남대,인공지능학과,교과,학생부교과(일반전형),70%컷(최종),5.5,2026,20,2.47
경남대,작업치료학과,교과,학생부교과(일반전형),70%컷(최종),4.4,2026,23,7.53
경남대,전기공학과,교과,학생부교과(일반전형),70%컷(최종),4.9,2026,30,4.33
경남대,제약공학과,교과,학생부교과(일반전형),70%컷(최종),5.1,2026,15,4.71
경남대,컴퓨터공학부,교과,학생부교과(일반전형),70%컷(최종),5.2,2026,75,2.08
경남대,문화유산복원예술학과,교과,학생부교과(일반전형),70%컷(최종),4.4,2026,15,3.33
경남대,경영학부,종합,학생부종합(일반전형),70%컷(최종),1,2026,5,3.8
경남대,경찰학부,종합,학생부종합(일반전형),70%컷(최종),1,2026,15,3.6
경남대,경호보안학과,종합,학생부종합(일반전형),70%컷(최종),1,2026,3,3.6
경남대,교육학과,종합,학생부종합(일반전형),70%컷(최종),3.3,2026,3,5
경남대,국어교육과,종합,학생부종합(일반전형),70%컷(최종),1,2026,5,2.2
경남대,디지털공연영상학과,종합,학생부종합(일반전형),70%컷(최종),1,2026,5,2.6
경남대,디지털마케팅학과,종합,학생부종합(일반전형),70%컷(최종),5.4,2026,3,4.33
경남대,미디어영상학과,종합,학생부종합(일반전형),70%컷(최종),1,2026,5,7.8
경남대,법학과,종합,학생부종합(일반전형),70%컷(최종),1,2026,4,1
경남대,사회복지학과,종합,학생부종합(일반전형),70%컷(최종),1,2026,10,2.9
경남대,심리학과 교직RISE,종합,학생부종합(일반전형),70%컷(최종),1,2026,5,2.6
경남대,여행항공관광학과,종합,학생부종합(일반전형),70%컷(최종),1,2026,4,2
경남대,영어교육과,종합,학생부종합(일반전형),70%컷(최종),1,2026,5,2.2
경남대,유아교육과,종합,학생부종합(일반전형),70%컷(최종),1,2026,5,3.6
경남대,일어교육과,종합,학생부종합(일반전형),70%컷(최종),3.8,2026,5,6
경남대,행정학과,종합,학생부종합(일반전형),70%컷(최종),1,2026,4,1.25
경남대,가정교육과,종합,학생부종합(일반전형),70%컷(최종),5.3,2026,4,3
경남대,간호학과,종합,학생부종합(일반전형),70%컷(최종),1,2026,20,11.4
경남대,건축학부,종합,학생부종합(일반전형),70%컷(최종),1,2026,5,2
경남대,게임학과,종합,학생부종합(일반전형),70%컷(최종),1,2026,5,2
경남대,기계공학부,종합,학생부종합(일반전형),70%컷(최종),1,2026,3,2.4
경남대,물리치료학과,종합,학생부종합(일반전형),70%컷(최종),1,2026,10,9.4
경남대,보건의료정보학과,종합,학생부종합(일반전형),70%컷(최종),6.8,2026,5,2.67
경남대,소방안전공학과,종합,학생부종합(일반전형),70%컷(최종),5.6,2026,3,4.33
경남대,수학교육과,종합,학생부종합(일반전형),70%컷(최종),1,2026,3,2.2
경남대,스포츠과학부,종합,학생부종합(일반전형),70%컷(최종),1,2026,5,3.8
경남대,식품영양학과,종합,학생부종합(일반전형),70%컷(최종),1,2026,5,3
경남대,외식조리학과,종합,학생부종합(일반전형),70%컷(최종),1,2026,5,4.2
경남대,작업치료학과,종합,학생부종합(일반전형),70%컷(최종),1,2026,5,2.8
경남대,전기공학과,종합,학생부종합(일반전형),70%컷(최종),6.4,2026,3,2
경남대,컴퓨터공학부,종합,학생부종합(일반전형),70%컷(최종),1,2026,5,2.6
경남대,웹툰·디자인학과,종합,학생부종합(일반전형),70%컷(최종),6.1,2026,10,5.08
경남대,경영학부,교과,학생부교과(지역인재전형),70%컷(최종),5.7,2026,20,2.92
경남대,경찰학부,교과,학생부교과(지역인재전형),70%컷(최종),4,2026,22,6
경남대,경호보안학과,교과,학생부교과(지역인재전형),70%컷(최종),5,2026,15,3.2
경남대,교육학과,교과,학생부교과(지역인재전형),70%컷(최종),3.2,2026,12,4
경남대,국어교육과,교과,학생부교과(지역인재전형),70%컷(최종),3,2026,10,4
경남대,디지털공연영상학과,교과,학생부교과(지역인재전형),70%컷(최종),4.6,2026,5,3.2
경남대,디지털마케팅학과,교과,학생부교과(지역인재전형),70%컷(최종),5.1,2026,5,4.43
경남대,무역물류학과,교과,학생부교과(지역인재전형),70%컷(최종),5.2,2026,7,2.71
경남대,미디어영상학과,교과,학생부교과(지역인재전형),70%컷(최종),4,2026,8,5.88
경남대,법학과,교과,학생부교과(지역인재전형),70%컷(최종),5.5,2026,5,2
경남대,사회복지학과,교과,학생부교과(지역인재전형),70%컷(최종),4.6,2026,15,6.5
경남대,심리학과 교직RISE,교과,학생부교과(지역인재전형),70%컷(최종),4.7,2026,10,2.47
경남대,여행항공관광학과,교과,학생부교과(지역인재전형),70%컷(최종),5.3,2026,10,3.29
경남대,영어교육과,교과,학생부교과(지역인재전형),70%컷(최종),3.1,2026,10,3.69
경남대,유아교육과,교과,학생부교과(지역인재전형),70%컷(최종),4.1,2026,11,5.14
경남대,일어교육과,교과,학생부교과(지역인재전형),70%컷(최종),3.7,2026,10,3.36
경남대,행정학과,교과,학생부교과(지역인재전형),70%컷(최종),4.1,2026,5,3.5
경남대,[유형1] 자유전공학부,교과,학생부교과(지역인재전형),70%컷(최종),2.9,2026,16,4.45
경남대,가정교육과,교과,학생부교과(지역인재전형),70%컷(최종),3.7,2026,7,3.09
경남대,간호학과,교과,학생부교과(지역인재전형),70%컷(최종),2.9,2026,60,8.75
경남대,건축학부,교과,학생부교과(지역인재전형),70%컷(최종),5.2,2026,13,2.87
경남대,게임학과,교과,학생부교과(지역인재전형),70%컷(최종),5.2,2026,7,3.6
경남대,기계공학부,교과,학생부교과(지역인재전형),70%컷(최종),4.7,2026,20,4.2
경남대,물리치료학과,교과,학생부교과(지역인재전형),70%컷(최종),3.1,2026,12,10.5
경남대,미래자동차학과,교과,학생부교과(지역인재전형),70%컷(최종),5.9,2026,7,2.4
경남대,보건의료정보학과,교과,학생부교과(지역인재전형),70%컷(최종),4.8,2026,5,5.25
경남대,소방안전공학과,교과,학생부교과(지역인재전형),70%컷(최종),4.9,2026,10,3.5
경남대,수학교육과,교과,학생부교과(지역인재전형),70%컷(최종),3.4,2026,10,2.69
경남대,스마트기계융합공학전공,교과,학생부교과(지역인재전형),70%컷(최종),4.8,2026,10,
경남대,스포츠과학부,교과,학생부교과(지역인재전형),70%컷(최종),4.1,2026,10,7.6
경남대,식품영양학과,교과,학생부교과(지역인재전형),70%컷(최종),4.1,2026,5,3.6
경남대,외식조리학과,교과,학생부교과(지역인재전형),70%컷(최종),4.7,2026,5,6.14
경남대,응급구조학과,교과,학생부교과(지역인재전형),70%컷(최종),4.2,2026,12,8.25
경남대,인공지능학과,교과,학생부교과(지역인재전형),70%컷(최종),5.4,2026,10,2
경남대,작업치료학과,교과,학생부교과(지역인재전형),70%컷(최종),4.7,2026,13,5.93
경남대,전기공학과,교과,학생부교과(지역인재전형),70%컷(최종),4.4,2026,7,4.29
경남대,제약공학과,교과,학생부교과(지역인재전형),70%컷(최종),4.7,2026,5,2.4
경남대,컴퓨터공학부,교과,학생부교과(지역인재전형),70%컷(최종),5.1,2026,30,1.55
경남대,문화유산복원예술학과,교과,학생부교과(지역인재전형),70%컷(최종),3.4,2026,5,2.2
경동대(메디컬),간호학과,교과,학생부교과(일반학생전형),70%컷(최종),3.58,2026,265,5.37
경동대(메디컬),물리치료학과,교과,학생부교과(일반학생전형),70%컷(최종),3.6,2026,67,6.63
경동대(메디컬),응급구조학과,교과,학생부교과(일반학생전형),70%컷(최종),4.68,2026,31,6.94
경동대(메디컬),임상병리학과,교과,학생부교과(일반학생전형),70%컷(최종),4.42,2026,55,6.49
경동대(메디컬),작업치료학과,교과,학생부교과(일반학생전형),70%컷(최종),5.38,2026,62,4.44
경동대(메디컬),치기공학과,교과,학생부교과(일반학생전형),70%컷(최종),5.29,2026,53,3.3
경동대(메디컬),치위생학과,교과,학생부교과(일반학생전형),70%컷(최종),5,2026,134,4.46
경동대(메디컬),간호학과,교과,학생부교과(자기추천제전형),70%컷(최종),3.9,2026,50,7.52
경동대(메디컬),간호학과,교과,학생부교과(지역인재전형),70%컷(최종),3.67,2026,57,5.26
경동대(메디컬),물리치료학과,교과,학생부교과(지역인재전형),70%컷(최종),3.59,2026,7,8.29
경동대(메디컬),응급구조학과,교과,학생부교과(지역인재전형),70%컷(최종),4.73,2026,3,6.67
경동대(메디컬),임상병리학과,교과,학생부교과(지역인재전형),70%컷(최종),4.43,2026,6,3
경동대(메디컬),작업치료학과,교과,학생부교과(지역인재전형),70%컷(최종),5.29,2026,7,5
경동대(메디컬),치기공학과,교과,학생부교과(지역인재전형),70%컷(최종),5.2,2026,6,2.67
경동대(메디컬),치위생학과,교과,학생부교과(지역인재전형),70%컷(최종),5.15,2026,24,3.58
경동대(메트로폴),경영학과,교과,학생부교과(일반학생전형),70%컷(최종),4.41,2026,34,7.41
경동대(메트로폴),경찰학과,교과,학생부교과(일반학생전형),70%컷(최종),4.14,2026,39,7.62
경동대(메트로폴),군사학과,교과,학생부교과(일반학생전형),70%컷(최종),4.97,2026,25,9
경동대(메트로폴),보건행정학과,교과,학생부교과(일반학생전형),70%컷(최종),4.2,2026,29,9.24
경동대(메트로폴),사회복지학과,교과,학생부교과(일반학생전형),70%컷(최종),4.22,2026,29,10.21
경동대(메트로폴),외식사업학과,교과,학생부교과(일반학생전형),70%컷(최종),5.4,2026,24,3.71
경동대(메트로폴),유아교육과,교과,학생부교과(일반학생전형),70%컷(최종),5.25,2026,68,5.18
경동대(메트로폴),항공서비스학과,교과,학생부교과(일반학생전형),70%컷(최종),5.44,2026,22,5.41
경동대(메트로폴),행정학과,교과,학생부교과(일반학생전형),70%컷(최종),4.54,2026,29,5.24
경동대(메트로폴),호텔관광경영학과,교과,학생부교과(일반학생전형),70%컷(최종),4.83,2026,29,6.72
경동대(메트로폴),호텔조리학과,교과,학생부교과(일반학생전형),70%컷(최종),4.83,2026,44,7.11
경동대(메트로폴),건설시스템공학과,교과,학생부교과(일반학생전형),70%컷(최종),5.6,2026,29,4.45
경동대(메트로폴),건축공학과,교과,학생부교과(일반학생전형),70%컷(최종),4.98,2026,29,4
경동대(메트로폴),소프트웨어융합보안학과,교과,학생부교과(일반학생전형),70%컷(최종),5.56,2026,39,4.23
경동대(메트로폴),컴퓨터공학과,교과,학생부교과(일반학생전형),70%컷(최종),5.32,2026,61,5.36
경동대(메트로폴),건축디자인학과,교과,학생부교과(일반학생전형),70%컷(최종),5.12,2026,29,5.79
경동대(메트로폴),디자인학과,교과,학생부교과(일반학생전형),70%컷(최종),4.61,2026,29,6.38
경동대(메트로폴),스포츠마케팅학과,교과,학생부교과(일반학생전형),70%컷(최종),4.94,2026,49,6.96
경동대(메트로폴),항공서비스학과,교과,학생부교과(자기추천제전형),70%컷(최종),5.57,2026,7,3.71
경북대,경상대학자율학부,논술,논술(논술(AAT)전형),평균(최종),4.26,2026,5,18.8
경북대,경영학부,논술,논술(논술(AAT)전형),평균(최종),4.09,2026,18,23.94
경북대,경제통상학부,논술,논술(논술(AAT)전형),평균(최종),3.95,2026,18,20.11
경북대,고고인류학과,논술,논술(논술(AAT)전형),평균(최종),4.15,2026,4,25
경북대,국어국문학과,논술,논술(논술(AAT)전형),평균(최종),4.90,2026,5,24.8
경북대,노어노문학과,논술,논술(논술(AAT)전형),평균(최종),4.37,2026,3,23.33
경북대,독어독문학과,논술,논술(논술(AAT)전형),평균(최종),4.81,2026,4,24
경북대,문헌정보학과,논술,논술(논술(AAT)전형),평균(최종),4.23,2026,4,24
경북대,미디어커뮤니케이션학과,논술,논술(논술(AAT)전형),평균(최종),3.81,2026,4,36.25
경북대,불어불문학과,논술,논술(논술(AAT)전형),평균(최종),4.49,2026,3,24.67
경북대,사학과,논술,논술(논술(AAT)전형),평균(최종),4.44,2026,3,24.67
경북대,사회과학대학자율학부,논술,논술(논술(AAT)전형),평균(최종),4.26,2026,3,29.67
경북대,사회복지학부,논술,논술(논술(AAT)전형),평균(최종),3.95,2026,4,23.5
경북대,사회학과,논술,논술(논술(AAT)전형),평균(최종),5.22,2026,3,27.67
경북대,식품자원경제학과,논술,논술(논술(AAT)전형),평균(최종),3.61,2026,3,22.67
경북대,심리학과,논술,논술(논술(AAT)전형),평균(최종),4.25,2026,4,29.33
경북대,영어영문학과,논술,논술(논술(AAT)전형),평균(최종),3.86,2026,6,27.83
경북대,인문대학자율학부,논술,논술(논술(AAT)전형),평균(최종),4.26,2026,2,27.5
경북대,일어일문학과,논술,논술(논술(AAT)전형),평균(최종),4.61,2026,3,28
경북대,정치외교학과,논술,논술(논술(AAT)전형),평균(최종),4.38,2026,3,28.67
경북대,중어중문학과,논술,논술(논술(AAT)전형),평균(최종),4.99,2026,3,30
경북대,지리학과,논술,논술(논술(AAT)전형),평균(최종),4.55,2026,4,25.5
경북대,철학과,논술,논술(논술(AAT)전형),평균(최종),4.35,2026,5,25.2
경북대,한문학과,논술,논술(논술(AAT)전형),평균(최종),4.08,2026,4,25.67
경북대,행정학부,논술,논술(논술(AAT)전형),평균(최종),3.45,2026,5,19.2
경북대,IT첨단자율학부,논술,논술(논술(AAT)전형),평균(최종),3.96,2026,10,11.3
경북대,간호학과,논술,논술(논술(AAT)전형),평균(최종),3.49,2026,10,33.1
경북대,건축학부(건축공학전공),논술,논술(논술(AAT)전형),평균(최종),4.46,2026,8,11
경북대,건축학부(건축학전공),논술,논술(논술(AAT)전형),평균(최종),4.46,2026,9,11.56
경북대,고분자공학과,논술,논술(논술(AAT)전형),평균(최종),4.32,2026,6,11.83
경북대,공과대학자율학부,논술,논술(논술(AAT)전형),평균(최종),4.26,2026,8,10
경북대,공학첨단자율학부,논술,논술(논술(AAT)전형),평균(최종),3.96,2026,11,7.5
경북대,금속재료공학과,논술,논술(논술(AAT)전형),평균(최종),4.24,2026,10,9.9
경북대,기계공학부,논술,논술(논술(AAT)전형),평균(최종),4.17,2026,20,13.05
경북대,농업토목공학과,논술,논술(논술(AAT)전형),평균(최종),4.44,2026,3,8.67
경북대,물리학과,논술,논술(논술(AAT)전형),평균(최종),4.18,2026,10,9
경북대,바이오섬유소재학과,논술,논술(논술(AAT)전형),평균(최종),4.41,2026,3,7
경북대,산림과학·조경학부,논술,논술(논술(AAT)전형),평균(최종),4.47,2026,5,12.17
경북대,섬유시스템공학과,논술,논술(논술(AAT)전형),평균(최종),4.64,2026,10,10
경북대,수의예과,논술,논술(논술(AAT)전형),평균(최종),2.90,2026,3,129
경북대,수학과,논술,논술(논술(AAT)전형),평균(최종),4.14,2026,10,6.55
경북대,수학교육과,논술,논술(논술(AAT)전형),평균(최종),3.74,2026,6,10.5
경북대,스마트생물산업기계공학과,논술,논술(논술(AAT)전형),평균(최종),4.82,2026,3,9
경북대,식물의학과,논술,논술(논술(AAT)전형),평균(최종),4.49,2026,3,10.33
경북대,식품공학부,논술,논술(논술(AAT)전형),평균(최종),4.15,2026,5,9.25
경북대,신소재공학과,논술,논술(논술(AAT)전형),평균(최종),3.74,2026,9,11.1
경북대,에너지공학부,논술,논술(논술(AAT)전형),평균(최종),3.82,2026,12,9.75
경북대,응용생명과학부,논술,논술(논술(AAT)전형),평균(최종),3.85,2026,4,8.75
경북대,응용화학공학부,논술,논술(논술(AAT)전형),평균(최종),3.33,2026,7,9.86
경북대,의예과,논술,논술(논술(AAT)전형),평균(최종),2.54,2026,8,103
경북대,자연과학대학자율학부,논술,논술(논술(AAT)전형),평균(최종),4.26,2026,4,16
경북대,전기공학과,논술,논술(논술(AAT)전형),평균(최종),3.50,2026,14,9.38
경북대,전자공학부,논술,논술(논술(AAT)전형),평균(최종),4.09,2026,50,11.16
경북대,전자공학부(인공지능전공),논술,논술(논술(AAT)전형),평균(최종),4.09,2026,10,9.6
경북대,전자공학부모바일AI공학전공,논술,논술(논술(AAT)전형),70%컷(최종),3.21,2025,6,19.33
경북대,지구시스템과학부,논술,논술(논술(AAT)전형),평균(최종),4.64,2026,5,11
경북대,첨단기술융합대학자율학부1,논술,논술(논술(AAT)전형),70%컷(최종),4.3,2025,16,8.06
경북대,첨단기술융합대학자율학부2,논술,논술(논술(AAT)전형),70%컷(최종),3.78,2025,9,7
경북대,치의예과,논술,논술(논술(AAT)전형),평균(최종),3.21,2026,3,107.33
경북대,컴퓨터학부(심화컴퓨팅전공),논술,논술(논술(AAT)전형),평균(최종),3.73,2026,12,8
경북대,토목공학과,논술,논술(논술(AAT)전형),평균(최종),4.53,2026,10,11.2
경북대,통계학과,논술,논술(논술(AAT)전형),평균(최종),4.48,2026,7,8.86
경북대,화학과,논술,논술(논술(AAT)전형),평균(최종),4.01,2026,6,9.5
경북대,환경공학과,논술,논술(논술(AAT)전형),평균(최종),4.16,2026,6,8.5
경북대,[유형1] 자율전공학부,논술,논술(논술(AAT)전형),평균(최종),3.96,2026,53,18.07
경북대,경상대학자율학부,교과,학생부교과(교과우수자전형),70%컷(최종),2.83,2026,11,16.64
경북대,경영학부,교과,학생부교과(교과우수자전형),70%컷(최종),2.64,2026,38,8.89
경북대,경제통상학부,교과,학생부교과(교과우수자전형),70%컷(최종),2.86,2026,22,11.23
경북대,고고인류학과,교과,학생부교과(교과우수자전형),70%컷(최종),2.98,2026,8,9.75
경북대,국어교육과,교과,학생부교과(교과우수자전형),70%컷(최종),2.56,2026,7,15.29
경북대,국어국문학과,교과,학생부교과(교과우수자전형),70%컷(최종),2.58,2026,5,10.2
경북대,노어노문학과,교과,학생부교과(교과우수자전형),70%컷(최종),3.43,2026,3,19.67
경북대,독어독문학과,교과,학생부교과(교과우수자전형),70%컷(최종),3.28,2026,9,9.22
경북대,문헌정보학과,교과,학생부교과(교과우수자전형),70%컷(최종),3.11,2026,8,18.5
경북대,미디어커뮤니케이션학과,교과,학생부교과(교과우수자전형),70%컷(최종),2.16,2026,6,8.67
경북대,불어불문학과,교과,학생부교과(교과우수자전형),70%컷(최종),3.84,2026,5,8.6
경북대,사학과,교과,학생부교과(교과우수자전형),70%컷(최종),3.04,2026,9,7.56
경북대,사회과학대학자율학부,교과,학생부교과(교과우수자전형),70%컷(최종),2.3,2026,6,9.2
경북대,사회복지학부,교과,학생부교과(교과우수자전형),70%컷(최종),2.93,2026,11,7
경북대,사회학과,교과,학생부교과(교과우수자전형),70%컷(최종),2.64,2026,7,7.44
경북대,식품자원경제학과,교과,학생부교과(교과우수자전형),70%컷(최종),2.81,2026,9,11.11
경북대,심리학과,교과,학생부교과(교과우수자전형),70%컷(최종),2.32,2026,6,10
경북대,역사교육과,교과,학생부교과(교과우수자전형),70%컷(최종),2.28,2026,4,10
경북대,영어교육과,교과,학생부교과(교과우수자전형),70%컷(최종),2.9,2026,10,8.22
경북대,영어영문학과,교과,학생부교과(교과우수자전형),70%컷(최종),2.89,2026,10,8.7
경북대,유럽어교육학부(독어교육전공),교과,학생부교과(교과우수자전형),70%컷(최종),3.34,2026,3,14
경북대,윤리교육과,교과,학생부교과(교과우수자전형),70%컷(최종),2.33,2026,7,8.5
경북대,인문대학자율학부,교과,학생부교과(교과우수자전형),70%컷(최종),2.94,2026,7,17.83
경북대,일반사회교육과,교과,학생부교과(교과우수자전형),70%컷(최종),2.55,2026,7,11.14
경북대,일어일문학과,교과,학생부교과(교과우수자전형),70%컷(최종),2.95,2026,7,9.86
경북대,정치외교학과,교과,학생부교과(교과우수자전형),70%컷(최종),2.41,2026,7,7.83
경북대,중어중문학과,교과,학생부교과(교과우수자전형),70%컷(최종),3.97,2026,5,9.17
경북대,지리교육과,교과,학생부교과(교과우수자전형),70%컷(최종),2.57,2026,4,9
경북대,지리학과,교과,학생부교과(교과우수자전형),70%컷(최종),2.72,2026,8,8.75
경북대,철학과,교과,학생부교과(교과우수자전형),70%컷(최종),2.95,2026,6,19.67
경북대,한문학과,교과,학생부교과(교과우수자전형),70%컷(최종),3.11,2026,6,11.38
경북대,행정학부,교과,학생부교과(교과우수자전형),70%컷(최종),2.79,2026,9,8.67
경북대,IT첨단자율학부,교과,학생부교과(교과우수자전형),70%컷(최종),2.68,2026,14,37.79
경북대,가정교육과,교과,학생부교과(교과우수자전형),70%컷(최종),3.28,2026,5,25.8
경북대,간호학과,교과,학생부교과(교과우수자전형),70%컷(최종),1.9,2026,15,11.2
경북대,건축학부(건축공학전공),교과,학생부교과(교과우수자전형),70%컷(최종),2.74,2026,4,11.25
경북대,건축학부(건축학전공),교과,학생부교과(교과우수자전형),70%컷(최종),2.43,2026,4,12.75
경북대,고분자공학과,교과,학생부교과(교과우수자전형),70%컷(최종),2.47,2026,8,7.38
경북대,공과대학자율학부,교과,학생부교과(교과우수자전형),70%컷(최종),2.42,2026,9,17.75
경북대,공학첨단자율학부,교과,학생부교과(교과우수자전형),70%컷(최종),2.65,2026,15,16
경북대,금속재료공학과,교과,학생부교과(교과우수자전형),70%컷(최종),2.6,2026,9,10.88
경북대,기계공학부,교과,학생부교과(교과우수자전형),70%컷(최종),2.41,2026,23,8.71
경북대,농업생명과학대학자율학부,교과,학생부교과(교과우수자전형),70%컷(최종),2.89,2026,13,16.43
경북대,농업토목공학과,교과,학생부교과(교과우수자전형),70%컷(최종),3.16,2026,7,21.17
경북대,물리교육과,교과,학생부교과(교과우수자전형),70%컷(최종),3.32,2026,5,25.4
경북대,물리학과,교과,학생부교과(교과우수자전형),70%컷(최종),2.82,2026,8,10.38
경북대,바이오섬유소재학과,교과,학생부교과(교과우수자전형),70%컷(최종),3.03,2026,12,11.17
경북대,산림과학·조경학부,교과,학생부교과(교과우수자전형),70%컷(최종),3.02,2026,16,12.69
경북대,생명공학부,교과,학생부교과(교과우수자전형),70%컷(최종),2.04,2026,20,5.95
경북대,생물교육과,교과,학생부교과(교과우수자전형),70%컷(최종),2.22,2026,5,14.17
경북대,생물학과,교과,학생부교과(교과우수자전형),70%컷(최종),2.46,2026,8,9.13
경북대,섬유시스템공학과,교과,학생부교과(교과우수자전형),70%컷(최종),2.98,2026,7,9.57
경북대,수의예과,교과,학생부교과(교과우수자전형),70%컷(최종),1.29,2026,20,26
경북대,수학과,교과,학생부교과(교과우수자전형),70%컷(최종),2.2,2026,4,7.75
경북대,수학교육과,교과,학생부교과(교과우수자전형),70%컷(최종),2.41,2026,9,12.22
경북대,스마트생물산업기계공학과,교과,학생부교과(교과우수자전형),70%컷(최종),3.09,2026,10,11.2
경북대,식물의학과,교과,학생부교과(교과우수자전형),70%컷(최종),3.16,2026,6,11.5
경북대,식품공학부,교과,학생부교과(교과우수자전형),70%컷(최종),2.63,2026,25,6.58
경북대,식품영양학과,교과,학생부교과(교과우수자전형),70%컷(최종),2.97,2026,9,7.89
경북대,신소재공학과,교과,학생부교과(교과우수자전형),70%컷(최종),2.34,2026,11,8.2
경북대,아동학부,교과,학생부교과(교과우수자전형),70%컷(최종),3.15,2026,10,8.71
경북대,약학과,교과,학생부교과(교과우수자전형),70%컷(최종),1.22,2026,8,22.6
경북대,에너지공학부,교과,학생부교과(교과우수자전형),70%컷(최종),2.58,2026,18,8
경북대,원예과학과,교과,학생부교과(교과우수자전형),70%컷(최종),3.29,2026,5,29.08
경북대,응용생명과학부,교과,학생부교과(교과우수자전형),70%컷(최종),2.59,2026,13,11.61
경북대,응용화학공학부,교과,학생부교과(교과우수자전형),70%컷(최종),2.2,2026,15,6.65
경북대,의류학과,교과,학생부교과(교과우수자전형),70%컷(최종),3.19,2026,9,11.44
경북대,자연과학대학자율학부,교과,학생부교과(교과우수자전형),70%컷(최종),2.28,2026,7,11.57
경북대,전기공학과,교과,학생부교과(교과우수자전형),70%컷(최종),2.5,2026,12,16.8
경북대,전자공학부,교과,학생부교과(교과우수자전형),70%컷(최종),2.2,2026,54,10.27
경북대,전자공학부(인공지능전공),교과,학생부교과(교과우수자전형),70%컷(최종),3.42,2026,12,23.08
경북대,정보·컴퓨터교육과,교과,학생부교과(교과우수자전형),70%컷(최종),2.84,2026,4,23.25
경북대,지구과학교육과,교과,학생부교과(교과우수자전형),70%컷(최종),2.55,2026,7,20.43
경북대,지구시스템과학부,교과,학생부교과(교과우수자전형),70%컷(최종),2.91,2026,16,8.63
경북대,첨단기술융합대학자율학부1,교과,학생부교과(교과우수자전형),70%컷(최종),3.07,2026,32,10.5
경북대,첨단기술융합대학자율학부2,교과,학생부교과(교과우수자전형),70%컷(최종),2.58,2026,18,15.78
경북대,치의예과,교과,학생부교과(교과우수자전형),70%컷(최종),1.3,2026,4,20.75
경북대,컴퓨터학부(심화컴퓨팅전공),교과,학생부교과(교과우수자전형),70%컷(최종),2.79,2026,10,14.11
경북대,컴퓨터학부(첨단AI컴퓨팅전공),교과,학생부교과(교과우수자전형),70%컷(최종),3.49,2026,8,16.88
경북대,토목공학과,교과,학생부교과(교과우수자전형),70%컷(최종),2.77,2026,8,11
경북대,통계학과,교과,학생부교과(교과우수자전형),70%컷(최종),2.22,2026,7,8.43
경북대,화학과,교과,학생부교과(교과우수자전형),70%컷(최종),2.34,2026,7,6.86
경북대,화학교육과,교과,학생부교과(교과우수자전형),70%컷(최종),2.59,2026,5,35
경북대,환경공학과,교과,학생부교과(교과우수자전형),70%컷(최종),2.57,2026,6,8.5
경북대,체육교육과,교과,학생부교과(교과우수자전형),70%컷(최종),2.28,2026,3,15.33
경북대,[유형1] 자율전공학부,교과,학생부교과(교과우수자전형),70%컷(최종),2.73,2026,82,8.19
경북대,전자공학부모바일AI공학전공,종합,학생부종합(모바일과학인재전형),70%컷(최종),2.8,2024,7,13.4
경북대,원예과학과,종합,학생부종합(영농창업인재전형),70%컷(최종),3.87,2026,10,11.9
경북대,경상대학자율학부,종합,학생부종합(일반학생전형),70%컷(최종),3.19,2026,7,19.43
경북대,경영학부,종합,학생부종합(일반학생전형),70%컷(최종),3.74,2026,27,28.41
경북대,경제통상학부,종합,학생부종합(일반학생전형),70%컷(최종),3.89,2026,22,21.95
경북대,고고인류학과,종합,학생부종합(일반학생전형),70%컷(최종),3.75,2026,4,22.75
경북대,교육학과,종합,학생부종합(일반학생전형),70%컷(최종),3.41,2026,8,28.88
경북대,국어교육과,종합,학생부종합(일반학생전형),70%컷(최종),3.68,2026,9,27.29
경북대,국어국문학과,종합,학생부종합(일반학생전형),70%컷(최종),3.83,2026,7,17.71
경북대,노어노문학과,종합,학생부종합(일반학생전형),70%컷(최종),5.31,2026,14,13.93
경북대,독어독문학과,종합,학생부종합(일반학생전형),70%컷(최종),5.55,2026,8,10
경북대,문헌정보학과,종합,학생부종합(일반학생전형),70%컷(최종),3.99,2026,9,17.89
경북대,미디어커뮤니케이션학과,종합,학생부종합(일반학생전형),70%컷(최종),3.82,2026,8,75.25
경북대,불어불문학과,종합,학생부종합(일반학생전형),70%컷(최종),4.46,2026,10,10.8
경북대,사학과,종합,학생부종합(일반학생전형),70%컷(최종),4.17,2026,10,24.3
경북대,사회과학대학자율학부,종합,학생부종합(일반학생전형),70%컷(최종),2.77,2026,3,34.25
경북대,사회복지학부,종합,학생부종합(일반학생전형),70%컷(최종),4.06,2026,10,26.78
경북대,사회학과,종합,학생부종합(일반학생전형),70%컷(최종),4.73,2026,8,24.56
경북대,식품자원경제학과,종합,학생부종합(일반학생전형),70%컷(최종),3.67,2026,9,12
경북대,심리학과,종합,학생부종합(일반학생전형),70%컷(최종),3.78,2026,7,56.71
경북대,역사교육과,종합,학생부종합(일반학생전형),70%컷(최종),3.54,2026,8,26.88
경북대,영어교육과,종합,학생부종합(일반학생전형),70%컷(최종),3.49,2026,11,23
경북대,영어영문학과,종합,학생부종합(일반학생전형),70%컷(최종),4.32,2026,12,17.83
경북대,윤리교육과,종합,학생부종합(일반학생전형),70%컷(최종),3.41,2026,5,22.2
경북대,인문대학자율학부,종합,학생부종합(일반학생전형),70%컷(최종),3.48,2026,5,14.17
경북대,일반사회교육과,종합,학생부종합(일반학생전형),70%컷(최종),2.78,2026,5,18.4
경북대,일어일문학과,종합,학생부종합(일반학생전형),70%컷(최종),5.55,2026,6,30.43
경북대,정치외교학과,종합,학생부종합(일반학생전형),70%컷(최종),3.55,2026,7,32.57
경북대,중어중문학과,종합,학생부종합(일반학생전형),70%컷(최종),5.4,2026,8,20.75
경북대,지리교육과,종합,학생부종합(일반학생전형),70%컷(최종),4.29,2026,8,13
경북대,지리학과,종합,학생부종합(일반학생전형),70%컷(최종),4.02,2026,9,13.67
경북대,철학과,종합,학생부종합(일반학생전형),70%컷(최종),3.96,2026,5,29.4
경북대,한문학과,종합,학생부종합(일반학생전형),70%컷(최종),5.08,2026,6,10.2
경북대,행정학부,종합,학생부종합(일반학생전형),70%컷(최종),3.42,2026,14,20.93
경북대,IT첨단자율학부,종합,학생부종합(일반학생전형),70%컷(최종),2.82,2026,13,17
경북대,가정교육과,종합,학생부종합(일반학생전형),70%컷(최종),3.53,2026,5,12.4
경북대,간호학과,종합,학생부종합(일반학생전형),70%컷(최종),3.77,2026,10,90
경북대,건축학부(건축공학전공),종합,학생부종합(일반학생전형),70%컷(최종),3.82,2026,7,38.29
경북대,건축학부(건축학전공),종합,학생부종합(일반학생전형),70%컷(최종),3.75,2026,6,55.33
경북대,고분자공학과,종합,학생부종합(일반학생전형),70%컷(최종),3.76,2026,6,18.17
경북대,공과대학자율학부,종합,학생부종합(일반학생전형),70%컷(최종),2.51,2026,3,18
경북대,공학첨단자율학부,종합,학생부종합(일반학생전형),70%컷(최종),2.98,2026,7,14.63
경북대,금속재료공학과,종합,학생부종합(일반학생전형),70%컷(최종),4.27,2026,10,17.67
경북대,기계공학부,종합,학생부종합(일반학생전형),70%컷(최종),4.78,2026,27,35.25
경북대,농업생명과학대학자율학부,종합,학생부종합(일반학생전형),70%컷(최종),3.12,2026,4,25.6
경북대,농업토목공학과,종합,학생부종합(일반학생전형),70%컷(최종),4.61,2026,3,14.5
경북대,물리교육과,종합,학생부종합(일반학생전형),70%컷(최종),3.14,2026,5,11
경북대,물리학과,종합,학생부종합(일반학생전형),70%컷(최종),4.24,2026,11,16.36
경북대,바이오섬유소재학과,종합,학생부종합(일반학생전형),70%컷(최종),4.52,2026,3,15.5
경북대,산림과학·조경학부,종합,학생부종합(일반학생전형),70%컷(최종),4.88,2026,12,21.14
경북대,생명공학부,종합,학생부종합(일반학생전형),70%컷(최종),3.65,2026,22,31.32
경북대,생물교육과,종합,학생부종합(일반학생전형),70%컷(최종),4.01,2026,6,17
경북대,생물학과,종합,학생부종합(일반학생전형),70%컷(최종),4.2,2026,10,27.9
경북대,섬유시스템공학과,종합,학생부종합(일반학생전형),70%컷(최종),4.73,2026,4,14.25
경북대,수의예과,종합,학생부종합(일반학생전형),70%컷(최종),1.66,2026,10,24
경북대,수학과,종합,학생부종합(일반학생전형),70%컷(최종),4.12,2026,5,19.17
경북대,수학교육과,종합,학생부종합(일반학생전형),70%컷(최종),2.76,2026,5,27.2
경북대,스마트생물산업기계공학과,종합,학생부종합(일반학생전형),70%컷(최종),4.49,2026,3,32.25
경북대,식물의학과,종합,학생부종합(일반학생전형),70%컷(최종),4.42,2026,4,17
경북대,식품공학부,종합,학생부종합(일반학생전형),70%컷(최종),3.96,2026,15,22.53
경북대,식품영양학과,종합,학생부종합(일반학생전형),70%컷(최종),4.29,2026,6,18.5
경북대,신소재공학과,종합,학생부종합(일반학생전형),70%컷(최종),3.5,2026,7,27.75
경북대,아동학부,종합,학생부종합(일반학생전형),70%컷(최종),4.32,2026,9,12.13
경북대,에너지공학부,종합,학생부종합(일반학생전형),70%컷(최종),3.88,2026,16,16.19
경북대,응용생명과학부,종합,학생부종합(일반학생전형),70%컷(최종),4.09,2026,9,45.14
경북대,응용화학공학부,종합,학생부종합(일반학생전형),70%컷(최종),3.12,2026,15,23.53
경북대,의류학과,종합,학생부종합(일반학생전형),70%컷(최종),4.31,2026,5,30.2
경북대,의예과,종합,학생부종합(일반학생전형),70%컷(최종),1.45,2026,25,17.92
경북대,자연과학대학자율학부,종합,학생부종합(일반학생전형),70%컷(최종),2.67,2026,5,20
경북대,전기공학과,종합,학생부종합(일반학생전형),70%컷(최종),3.55,2026,8,17.14
경북대,전자공학부,종합,학생부종합(일반학생전형),70%컷(최종),3.63,2026,50,15.7
경북대,전자공학부(인공지능전공),종합,학생부종합(일반학생전형),70%컷(최종),4.57,2026,12,20.33
경북대,정보·컴퓨터교육과,종합,학생부종합(일반학생전형),70%컷(최종),4.02,2026,4,13.5
경북대,지구과학교육과,종합,학생부종합(일반학생전형),70%컷(최종),4.9,2026,4,16.2
경북대,지구시스템과학부,종합,학생부종합(일반학생전형),70%컷(최종),4.71,2026,24,19.3
경북대,첨단기술융합대학자율학부1,종합,학생부종합(일반학생전형),70%컷(최종),3.8,2026,24,13.71
경북대,첨단기술융합대학자율학부2,종합,학생부종합(일반학생전형),70%컷(최종),3.07,2026,14,9.86
경북대,치의예과,종합,학생부종합(일반학생전형),70%컷(최종),1.63,2026,9,21.44
경북대,컴퓨터학부(심화컴퓨팅전공),종합,학생부종합(일반학생전형),70%컷(최종),3.48,2026,14,18.24
경북대,컴퓨터학부(첨단AI컴퓨팅전공),종합,학생부종합(일반학생전형),70%컷(최종),3.71,2026,7,16.86
경북대,토목공학과,종합,학생부종합(일반학생전형),70%컷(최종),4.52,2026,9,20.67
경북대,통계학과,종합,학생부종합(일반학생전형),70%컷(최종),4.05,2026,6,18.5
경북대,화학과,종합,학생부종합(일반학생전형),70%컷(최종),3.87,2026,9,29.22
경북대,화학교육과,종합,학생부종합(일반학생전형),70%컷(최종),3.53,2026,4,18.5
경북대,환경공학과,종합,학생부종합(일반학생전형),70%컷(최종),3.4,2026,6,43.83
경북대,체육교육과,종합,학생부종합(일반학생전형),70%컷(최종),3.82,2026,6,41.5
경북대,[유형1] 자율전공학부,종합,학생부종합(일반학생전형),70%컷(최종),3.04,2026,34,12.96
경북대,경상대학자율학부,교과,학생부교과(지역인재전형),70%컷(최종),2.91,2026,7,12.43
경북대,경영학부,교과,학생부교과(지역인재전형),70%컷(최종),2.55,2026,23,6.17
경북대,경제통상학부,교과,학생부교과(지역인재전형),70%컷(최종),2.97,2026,15,5.8
경북대,국어교육과,교과,학생부교과(지역인재전형),70%컷(최종),2.35,2026,5,11.8
경북대,사회복지학부,교과,학생부교과(지역인재전형),70%컷(최종),2.93,2026,6,8.25
경북대,심리학과,교과,학생부교과(지역인재전형),70%컷(최종),3.52,2026,2,7.33
경북대,영어영문학과,교과,학생부교과(지역인재전형),70%컷(최종),2.75,2026,12,7.17
경북대,행정학부,교과,학생부교과(지역인재전형),70%컷(최종),3.55,2026,11,5.36
경북대,IT첨단자율학부,교과,학생부교과(지역인재전형),70%컷(최종),2.58,2026,11,17.64
경북대,간호학과,교과,학생부교과(지역인재전형),70%컷(최종),2.15,2026,25,4.8
경북대,건축학부(건축공학전공),교과,학생부교과(지역인재전형),70%컷(최종),2.83,2026,4,36.75
경북대,건축학부(건축학전공),교과,학생부교과(지역인재전형),70%컷(최종),1.87,2026,4,11
경북대,공과대학자율학부,교과,학생부교과(지역인재전형),70%컷(최종),2.57,2026,5,9.6
경북대,공학첨단자율학부,교과,학생부교과(지역인재전형),70%컷(최종),2.63,2026,10,9.9
경북대,금속재료공학과,교과,학생부교과(지역인재전형),70%컷(최종),2.73,2026,8,7.67
경북대,기계공학부,교과,학생부교과(지역인재전형),70%컷(최종),2.47,2026,17,7.6
경북대,농업생명과학대학자율학부,교과,학생부교과(지역인재전형),70%컷(최종),3.03,2026,5,19.17
경북대,산림과학·조경학부,교과,학생부교과(지역인재전형),70%컷(최종),2.84,2026,7,14
경북대,생물학과,교과,학생부교과(지역인재전형),70%컷(최종),2.49,2026,6,7.83
경북대,섬유시스템공학과,교과,학생부교과(지역인재전형),70%컷(최종),3.15,2026,6,23.17
경북대,수의예과,교과,학생부교과(지역인재전형),70%컷(최종),1.56,2026,18,12.46
경북대,수학과,교과,학생부교과(지역인재전형),70%컷(최종),3.11,2026,3,10
경북대,식물의학과,교과,학생부교과(지역인재전형),70%컷(최종),3.13,2026,6,10.2
경북대,식품공학부,교과,학생부교과(지역인재전형),70%컷(최종),2.88,2026,8,7.17
경북대,아동학부,교과,학생부교과(지역인재전형),70%컷(최종),2.91,2026,4,18
경북대,응용생명과학부,교과,학생부교과(지역인재전형),70%컷(최종),2.77,2026,7,11.67
경북대,응용화학공학부,교과,학생부교과(지역인재전형),70%컷(최종),1.86,2026,6,13.67
경북대,의예과,교과,학생부교과(지역인재전형),70%컷(최종),1.15,2026,17,7.82
경북대,자연과학대학자율학부,교과,학생부교과(지역인재전형),70%컷(최종),2.51,2026,5,12.6
경북대,전기공학과,교과,학생부교과(지역인재전형),70%컷(최종),2.84,2026,13,14.91
경북대,전자공학부,교과,학생부교과(지역인재전형),70%컷(최종),2.13,2026,35,6.31
경북대,전자공학부(인공지능전공),교과,학생부교과(지역인재전형),70%컷(최종),3.21,2026,12,10.83
경북대,첨단기술융합대학자율학부1,교과,학생부교과(지역인재전형),70%컷(최종),3.26,2026,32,6.72
경북대,첨단기술융합대학자율학부2,교과,학생부교과(지역인재전형),70%컷(최종),2.57,2026,18,6.17
경북대,치의예과,교과,학생부교과(지역인재전형),70%컷(최종),1.49,2026,11,18.82
경북대,컴퓨터학부(심화컴퓨팅전공),교과,학생부교과(지역인재전형),70%컷(최종),3.19,2026,8,10.75
경북대,컴퓨터학부(첨단AI컴퓨팅전공),교과,학생부교과(지역인재전형),70%컷(최종),3.51,2026,5,11.8
경북대,토목공학과,교과,학생부교과(지역인재전형),70%컷(최종),3.05,2026,10,9.7
경북대,통계학과,교과,학생부교과(지역인재전형),70%컷(최종),2.43,2026,7,7.14
경북대,환경공학과,교과,학생부교과(지역인재전형),70%컷(최종),2.68,2026,6,13.5
경북대,[유형1] 자율전공학부,교과,학생부교과(지역인재전형),70%컷(최종),2.83,2026,74,7.4
경북대,치의예과,종합,학생부종합(지역인재 학교장추천전형),70%컷(최종),1.4,2025,3,4
경북대,경영학부,종합,학생부종합(지역인재전형),70%컷(최종),3.28,2026,9,13.44
경북대,경제통상학부,종합,학생부종합(지역인재전형),70%컷(최종),3.25,2026,9,10.56
경북대,국어국문학과,종합,학생부종합(지역인재전형),70%컷(최종),3,2026,5,9
경북대,노어노문학과,종합,학생부종합(지역인재전형),70%컷(최종),4.08,2026,3,9
경북대,사학과,종합,학생부종합(지역인재전형),70%컷(최종),3.92,2026,7,10.43
경북대,사회복지학부,종합,학생부종합(지역인재전형),70%컷(최종),3.33,2026,8,13
경북대,유럽어교육학부(독어교육전공),종합,학생부종합(지역인재전형),70%컷(최종),4.25,2026,3,7.67
경북대,행정학부,종합,학생부종합(지역인재전형),70%컷(최종),2.94,2026,4,14.25
경북대,가정교육과,종합,학생부종합(지역인재전형),70%컷(최종),3.99,2026,3,10
경북대,간호학과,종합,학생부종합(지역인재전형),70%컷(최종),2.85,2026,22,12.2
경북대,건축학부(건축공학전공),종합,학생부종합(지역인재전형),70%컷(최종),3.39,2026,4,13.75
경북대,건축학부(건축학전공),종합,학생부종합(지역인재전형),70%컷(최종),2.94,2026,4,19
경북대,고분자공학과,종합,학생부종합(지역인재전형),70%컷(최종),3.11,2026,7,7.29
경북대,공과대학자율학부,종합,학생부종합(지역인재전형),70%컷(최종),3.94,2026,2,8
경북대,공학첨단자율학부,종합,학생부종합(지역인재전형),70%컷(최종),3.21,2026,4,7.8
경북대,기계공학부,종합,학생부종합(지역인재전형),70%컷(최종),5.79,2026,10,12.4
경북대,농업생명과학대학자율학부,종합,학생부종합(지역인재전형),70%컷(최종),3.94,2026,3,13
경북대,물리교육과,종합,학생부종합(지역인재전형),70%컷(최종),3.83,2026,3,5
경북대,물리학과,종합,학생부종합(지역인재전형),70%컷(최종),4.32,2026,14,6.14
경북대,산림과학·조경학부,종합,학생부종합(지역인재전형),70%컷(최종),3.95,2026,5,8.5
경북대,생명공학부,종합,학생부종합(지역인재전형),70%컷(최종),2.84,2026,18,9.25
경북대,생물교육과,종합,학생부종합(지역인재전형),70%컷(최종),2.76,2026,4,6.33
경북대,식품공학부,종합,학생부종합(지역인재전형),70%컷(최종),3.06,2026,9,6.22
경북대,신소재공학과,종합,학생부종합(지역인재전형),70%컷(최종),3.33,2026,7,8.88
경북대,아동학부,종합,학생부종합(지역인재전형),70%컷(최종),4.15,2026,4,7.25
경북대,약학과,종합,학생부종합(지역인재전형),70%컷(최종),1.73,2026,18,18.83
경북대,응용생명과학부,종합,학생부종합(지역인재전형),70%컷(최종),2.96,2026,5,11.5
경북대,응용화학공학부,종합,학생부종합(지역인재전형),70%컷(최종),2.63,2026,6,11.83
경북대,의예과,종합,학생부종합(지역인재전형),70%컷(최종),1.45,2026,34,9.97
경북대,자연과학대학자율학부,종합,학생부종합(지역인재전형),70%컷(최종),3.43,2026,8,11.5
경북대,전자공학부,종합,학생부종합(지역인재전형),70%컷(최종),2.85,2026,30,7.1
경북대,전자공학부(인공지능전공),종합,학생부종합(지역인재전형),70%컷(최종),3.19,2026,5,8.4
경북대,지구과학교육과,종합,학생부종합(지역인재전형),70%컷(최종),3.35,2026,4,5.33
경북대,지구시스템과학부,종합,학생부종합(지역인재전형),70%컷(최종),3.93,2026,16,5.88
경북대,첨단기술융합대학자율학부1,종합,학생부종합(지역인재전형),70%컷(최종),3.44,2026,14,9
경북대,첨단기술융합대학자율학부2,종합,학생부종합(지역인재전형),70%컷(최종),3.08,2026,8,7
경북대,치의예과,종합,학생부종합(지역인재전형),70%컷(최종),2.07,2026,16,9.06
경북대,컴퓨터학부(심화컴퓨팅전공),종합,학생부종합(지역인재전형),70%컷(최종),2.54,2026,8,11.11
경북대,화학과,종합,학생부종합(지역인재전형),70%컷(최종),2.73,2026,5,7.4
경북대,화학교육과,종합,학생부종합(지역인재전형),70%컷(최종),3.26,2026,5,5.6
경북대(상주),관광학과,교과,학생부교과(교과우수자전형),70%컷(최종),4.86,2026,19,8.79
경북대(상주),건설방재공학과,교과,학생부교과(교과우수자전형),70%컷(최종),6,2026,20,5.25
경북대(상주),곤충생명과학과,교과,학생부교과(교과우수자전형),70%컷(최종),5.03,2026,17,5.06
경북대(상주),나노신소재공학과,교과,학생부교과(교과우수자전형),70%컷(최종),5.75,2026,20,5.64
경북대(상주),동물생명공학과,교과,학생부교과(교과우수자전형),70%컷(최종),4.62,2026,16,9
경북대(상주),말/특수동물학과,교과,학생부교과(교과우수자전형),70%컷(최종),4.53,2026,18,10.17
경북대(상주),산림생태보호학과,교과,학생부교과(교과우수자전형),70%컷(최종),5.41,2026,19,6.58
경북대(상주),섬유패션디자인학부(섬유공학전공),교과,학생부교과(교과우수자전형),70%컷(최종),5.94,2026,19,3.47
경북대(상주),소프트웨어학과,교과,학생부교과(교과우수자전형),70%컷(최종),4.33,2026,6,13.17
경북대(상주),스마트플랜트공학과,교과,학생부교과(교과우수자전형),70%컷(최종),6.44,2026,21,4.95
경북대(상주),식물자원학과,교과,학생부교과(교과우수자전형),70%컷(최종),5.33,2026,19,6.53
경북대(상주),식품외식산업학과,교과,학생부교과(교과우수자전형),70%컷(최종),6.11,2026,33,4.67
경북대(상주),에너지화학공학과,교과,학생부교과(교과우수자전형),70%컷(최종),5.59,2026,20,3.95
경북대(상주),위치정보시스템학과,교과,학생부교과(교과우수자전형),70%컷(최종),6.24,2026,22,4.19
경북대(상주),자동차공학과,교과,학생부교과(교과우수자전형),70%컷(최종),5.34,2026,30,6.33
경북대(상주),자율미래인재학부,교과,학생부교과(교과우수자전형),70%컷(최종),5.62,2026,39,7.92
경북대(상주),정밀기계공학과,교과,학생부교과(교과우수자전형),70%컷(최종),5.41,2026,24,5.21
경북대(상주),축산학과,교과,학생부교과(교과우수자전형),70%컷(최종),4.94,2026,9,12
경북대(상주),치위생학과,교과,학생부교과(교과우수자전형),70%컷(최종),3.73,2026,13,20.5
경북대(상주),환경안전공학과,교과,학생부교과(교과우수자전형),70%컷(최종),5.78,2026,21,4.29
경북대(상주),체육학부(체육학전공),교과,학생부교과(교과우수자전형),70%컷(최종),4.96,2026,4,10.25
경북대(상주),동물생명공학과,종합,학생부종합(영농창업인재전형),70%컷(최종),5.8,2026,3,4.33
경북대(상주),축산학과,종합,학생부종합(영농창업인재전형),70%컷(최종),5.79,2026,5,7.4
경북대(상주),소프트웨어학과,종합,학생부종합(일반학생전형),70%컷(최종),5.86,2026,5,14.6
경북대(상주),치위생학과,종합,학생부종합(일반학생전형),70%컷(최종),5.39,2026,6,23
경북대(상주),체육학부(체육학전공),종합,학생부종합(일반학생전형),70%컷(최종),6.06,2026,6,11.17
경북대(상주),건설방재공학과,교과,학생부교과(지역인재전형),70%컷(최종),5.97,2026,5,4.8
경북대(상주),나노신소재공학과,교과,학생부교과(지역인재전형),70%컷(최종),5.42,2026,6,3.83
경북대(상주),소프트웨어학과,교과,학생부교과(지역인재전형),70%컷(최종),4.93,2026,5,7.2
경북대(상주),식품외식산업학과,교과,학생부교과(지역인재전형),70%컷(최종),4.56,2026,4,4.25
경북대(상주),에너지화학공학과,교과,학생부교과(지역인재전형),70%컷(최종),5.89,2026,6,3.5
경북대(상주),자동차공학과,교과,학생부교과(지역인재전형),70%컷(최종),5.98,2026,9,4.33
경북대(상주),자율미래인재학부,교과,학생부교과(지역인재전형),70%컷(최종),6.49,2026,10,5.2
경북대(상주),정밀기계공학과,교과,학생부교과(지역인재전형),70%컷(최종),5.99,2026,7,5.71
경북대(상주),축산학과,교과,학생부교과(지역인재전형),70%컷(최종),4.89,2026,4,5.75
경북대(상주),치위생학과,교과,학생부교과(지역인재전형),70%컷(최종),4.34,2026,3,12.75
경북대(상주),환경안전공학과,교과,학생부교과(지역인재전형),70%컷(최종),5.93,2026,5,4.2
경상국립대(가좌),경영정보학과,교과,학생부교과(일반전형),70%컷(최종),4.25,2026,13,4.73
경상국립대(가좌),경영학부,교과,학생부교과(일반전형),70%컷(최종),3.58,2026,34,5.34
경상국립대(가좌),경제학부,교과,학생부교과(일반전형),70%컷(최종),4.18,2026,28,6.29
경상국립대(가좌),교육학과,교과,학생부교과(일반전형),평균(최종),2.80,2026,4,24.5
경상국립대(가좌),국어교육과,교과,학생부교과(일반전형),70%컷(최종),3.01,2026,13,7.23
경상국립대(가좌),국어국문학과,교과,학생부교과(일반전형),70%컷(최종),4.07,2026,13,7.43
경상국립대(가좌),국제통상학과,교과,학생부교과(일반전형),70%컷(최종),4.06,2026,34,4.87
경상국립대(가좌),독어독문학과,교과,학생부교과(일반전형),70%컷(최종),4.68,2026,15,5.63
경상국립대(가좌),러시아학과,교과,학생부교과(일반전형),70%컷(최종),5.02,2026,13,4.85
경상국립대(가좌),미디어커뮤니케이션학과,교과,학생부교과(일반전형),70%컷(최종),3.71,2026,11,9.82
경상국립대(가좌),법학부,교과,학생부교과(일반전형),70%컷(최종),4.12,2026,25,5.76
경상국립대(가좌),불어불문학과,교과,학생부교과(일반전형),70%컷(최종),4.7,2026,13,7.2
경상국립대(가좌),사학과,교과,학생부교과(일반전형),70%컷(최종),4.11,2026,9,4.9
경상국립대(가좌),사회복지학부,교과,학생부교과(일반전형),70%컷(최종),4.05,2026,19,19.63
경상국립대(가좌),사회학과,교과,학생부교과(일반전형),70%컷(최종),4,2026,11,11.85
경상국립대(가좌),스마트유통물류학과,교과,학생부교과(일반전형),70%컷(최종),4.43,2026,23,5.74
경상국립대(가좌),식품자원경제학과,교과,학생부교과(일반전형),평균(최종),4.01,2026,14,3.64
경상국립대(가좌),심리학과,교과,학생부교과(일반전형),70%컷(최종),3.73,2026,11,6.67
경상국립대(가좌),아동가족학과,교과,학생부교과(일반전형),70%컷(최종),4.55,2026,22,5.18
경상국립대(가좌),역사교육과,교과,학생부교과(일반전형),70%컷(최종),2.85,2026,6,9.5
경상국립대(가좌),영어교육과,교과,학생부교과(일반전형),70%컷(최종),3.1,2026,15,7.2
경상국립대(가좌),영어영문학부,교과,학생부교과(일반전형),70%컷(최종),4.45,2026,25,4.33
경상국립대(가좌),유아교육과,교과,학생부교과(일반전형),70%컷(최종),3.83,2026,5,10.4
경상국립대(가좌),윤리교육과,교과,학생부교과(일반전형),평균(최종),2.87,2026,3,9.67
경상국립대(가좌),일반사회교육과,교과,학생부교과(일반전형),70%컷(최종),2.9,2026,8,9.38
경상국립대(가좌),일어교육과,교과,학생부교과(일반전형),70%컷(최종),3.67,2026,4,10
경상국립대(가좌),정치외교학과,교과,학생부교과(일반전형),70%컷(최종),4.61,2026,9,7.1
경상국립대(가좌),중어중문학과,교과,학생부교과(일반전형),70%컷(최종),4.54,2026,14,6.69
경상국립대(가좌),지리교육과,교과,학생부교과(일반전형),70%컷(최종),3.22,2026,7,8.57
경상국립대(가좌),철학과,교과,학생부교과(일반전형),70%컷(최종),4.16,2026,9,9.73
경상국립대(가좌),한문학과,교과,학생부교과(일반전형),70%컷(최종),4.93,2026,12,5.64
경상국립대(가좌),행정학과,교과,학생부교과(일반전형),70%컷(최종),3.84,2026,13,11.5
경상국립대(가좌),회계세무학부,교과,학생부교과(일반전형),70%컷(최종),4.07,2026,44,4.24
경상국립대(가좌),AI컴퓨터공학부,교과,학생부교과(일반전형),70%컷(최종),4.43,2026,53,4.83
경상국립대(가좌),건축공학부,교과,학생부교과(일반전형),70%컷(최종),4.38,2026,25,10.19
경상국립대(가좌),건축학과,교과,학생부교과(일반전형),70%컷(최종),3.79,2026,25,6.19
경상국립대(가좌),기계공학부,교과,학생부교과(일반전형),70%컷(최종),3.82,2026,7,13
경상국립대(가좌),기계융합공학과,교과,학생부교과(일반전형),70%컷(최종),4.66,2026,14,6.18
경상국립대(가좌),농학과,교과,학생부교과(일반전형),70%컷(최종),4.24,2026,12,4.67
경상국립대(가좌),도시공학과,교과,학생부교과(일반전형),70%컷(최종),4.24,2026,14,5.13
경상국립대(가좌),동물생명융합학부,교과,학생부교과(일반전형),70%컷(최종),4.6,2026,26,3.75
경상국립대(가좌),메카트로닉스공학부,교과,학생부교과(일반전형),70%컷(최종),4.51,2026,18,9.6
경상국립대(가좌),미래자동차공학과,교과,학생부교과(일반전형),70%컷(최종),4.62,2026,18,8.05
경상국립대(가좌),반도체공학과,교과,학생부교과(일반전형),70%컷(최종),4.72,2026,17,23.12
경상국립대(가좌),산업시스템공학부,교과,학생부교과(일반전형),70%컷(최종),4.61,2026,34,4.56
경상국립대(가좌),생명과학부,교과,학생부교과(일반전형),70%컷(최종),4.02,2026,39,6.62
경상국립대(가좌),생물교육과,교과,학생부교과(일반전형),70%컷(최종),3.71,2026,10,7.5
경상국립대(가좌),생물산업기계공학과,교과,학생부교과(일반전형),70%컷(최종),5.14,2026,10,5.36
경상국립대(가좌),수의예과,교과,학생부교과(일반전형),70%컷(최종),1.32,2026,10,13.7
경상국립대(가좌),수학교육과,교과,학생부교과(일반전형),70%컷(최종),3.6,2026,15,8.47
경상국립대(가좌),수학물리학부,교과,학생부교과(일반전형),70%컷(최종),4.84,2026,23,4.48
경상국립대(가좌),스마트농산업학과,교과,학생부교과(일반전형),70%컷(최종),4.85,2026,18,6.94
경상국립대(가좌),식물의학과,교과,학생부교과(일반전형),70%컷(최종),4.92,2026,10,3.7
경상국립대(가좌),식품공학부,교과,학생부교과(일반전형),70%컷(최종),4.09,2026,25,7.48
경상국립대(가좌),식품영양학과,교과,학생부교과(일반전형),70%컷(최종),4.17,2026,19,12.37
경상국립대(가좌),신소재공학부 고분자공학전공,교과,학생부교과(일반전형),70%컷(최종),4.28,2026,22,4.38
경상국립대(가좌),신소재공학부 금속재료공학전공,교과,학생부교과(일반전형),70%컷(최종),4.68,2026,22,6.18
경상국립대(가좌),신소재공학부 세라믹공학전공,교과,학생부교과(일반전형),70%컷(최종),4.73,2026,19,6.63
경상국립대(가좌),약학과,교과,학생부교과(일반전형),70%컷(최종),1.29,2026,7,17.29
경상국립대(가좌),에너지시스템공학과,교과,학생부교과(일반전형),70%컷(최종),4.35,2026,13,6.36
경상국립대(가좌),원예과학부,교과,학생부교과(일반전형),70%컷(최종),4.89,2026,34,9
경상국립대(가좌),의류학과,교과,학생부교과(일반전형),70%컷(최종),4.33,2026,8,7.7
경상국립대(가좌),전기공학과,교과,학생부교과(일반전형),70%컷(최종),3.74,2026,21,6.78
경상국립대(가좌),전자공학부,교과,학생부교과(일반전형),70%컷(최종),3.98,2026,42,6.4
경상국립대(가좌),정보통계학과,교과,학생부교과(일반전형),70%컷(최종),4.49,2026,7,7
경상국립대(가좌),제약공학과,교과,학생부교과(일반전형),70%컷(최종),3.77,2026,14,5.07
경상국립대(가좌),제어로봇공학과,교과,학생부교과(일반전형),70%컷(최종),4.68,2026,22,5.64
경상국립대(가좌),지역시스템공학과,교과,학생부교과(일반전형),70%컷(최종),5.45,2026,12,4.17
경상국립대(가좌),지질과학과,교과,학생부교과(일반전형),70%컷(최종),4.84,2026,11,4.23
경상국립대(가좌),축산과학부,교과,학생부교과(일반전형),70%컷(최종),4.85,2026,21,5.32
경상국립대(가좌),토목공학과,교과,학생부교과(일반전형),70%컷(최종),4.15,2026,15,7.76
경상국립대(가좌),항공우주공학부,교과,학생부교과(일반전형),70%컷(최종),3.77,2026,35,6.93
경상국립대(가좌),항노화신소재과학과,교과,학생부교과(일반전형),70%컷(최종),4.73,2026,17,5.71
경상국립대(가좌),화학공학과,교과,학생부교과(일반전형),70%컷(최종),3.91,2026,21,6.76
경상국립대(가좌),화학과,교과,학생부교과(일반전형),70%컷(최종),4.34,2026,18,5.19
경상국립대(가좌),환경산림과학부,교과,학생부교과(일반전형),70%컷(최종),4.73,2026,33,5.05
경상국립대(가좌),환경생명화학과,교과,학생부교과(일반전형),70%컷(최종),4.47,2026,10,4.7
경상국립대(가좌),환경재료과학과,교과,학생부교과(일반전형),70%컷(최종),4.78,2026,10,6.18
경상국립대(가좌),[유형1] 자율전공학부,교과,학생부교과(일반전형),70%컷(최종),3.93,2026,99,16.24
경상국립대(가좌),교육학과,종합,학생부종합(일반전형-면접형),평균(최종),3.76,2026,3,15.33
경상국립대(가좌),미디어커뮤니케이션학과,종합,학생부종합(일반전형-면접형),70%컷(최종),3.74,2026,7,27.17
경상국립대(가좌),사회학과,종합,학생부종합(일반전형-면접형),70%컷(최종),4.44,2026,8,7.75
경상국립대(가좌),심리학과,종합,학생부종합(일반전형-면접형),70%컷(최종),3.94,2026,7,11.71
경상국립대(가좌),영어교육과,종합,학생부종합(일반전형-면접형),70%컷(최종),3.17,2024,2,14
경상국립대(가좌),유아교육과,종합,학생부종합(일반전형-면접형),평균(최종),4.03,2026,3,8.67
경상국립대(가좌),윤리교육과,종합,학생부종합(일반전형-면접형),평균(최종),3.23,2026,3,14.67
경상국립대(가좌),일어교육과,종합,학생부종합(일반전형-면접형),70%컷(최종),4.11,2026,5,20.8
경상국립대(가좌),정치외교학과,종합,학생부종합(일반전형-면접형),70%컷(최종),5.11,2026,12,6.33
경상국립대(가좌),지리교육과,종합,학생부종합(일반전형-면접형),평균(최종),3.41,2026,3,9.33
경상국립대(가좌),물리교육과,종합,학생부종합(일반전형-면접형),70%컷(최종),4.14,2026,12,4
경상국립대(가좌),수의예과,종합,학생부종합(일반전형-면접형),70%컷(최종),1.51,2026,5,19.6
경상국립대(가좌),수학교육과,종합,학생부종합(일반전형-면접형),70%컷(최종),3.53,2026,5,12.4
경상국립대(가좌),약학과,종합,학생부종합(일반전형-면접형),평균(최종),1.39,2026,3,24.33
경상국립대(가좌),화학교육과,종합,학생부종합(일반전형-면접형),평균(최종),3.90,2026,3,7
경상국립대(가좌),경영정보학과,종합,학생부종합(일반전형-일괄형),70%컷(최종),4.18,2026,8,9.38
경상국립대(가좌),경영학부,종합,학생부종합(일반전형-일괄형),70%컷(최종),4.28,2026,14,12.5
경상국립대(가좌),경제학부,종합,학생부종합(일반전형-일괄형),70%컷(최종),3.98,2026,7,6.86
경상국립대(가좌),국어국문학과,종합,학생부종합(일반전형-일괄형),70%컷(최종),4.63,2026,15,7.87
경상국립대(가좌),국제통상학과,종합,학생부종합(일반전형-일괄형),70%컷(최종),3.99,2026,10,10.6
경상국립대(가좌),독어독문학과,종합,학생부종합(일반전형-일괄형),70%컷(최종),4.96,2026,5,6.2
경상국립대(가좌),러시아학과,종합,학생부종합(일반전형-일괄형),70%컷(최종),5.54,2026,5,5
경상국립대(가좌),법학부,종합,학생부종합(일반전형-일괄형),70%컷(최종),4.01,2026,8,13.13
경상국립대(가좌),불어불문학과,종합,학생부종합(일반전형-일괄형),70%컷(최종),4.66,2026,5,5.8
경상국립대(가좌),사학과,종합,학생부종합(일반전형-일괄형),70%컷(최종),4.1,2026,10,14.71
경상국립대(가좌),사회복지학부,종합,학생부종합(일반전형-일괄형),70%컷(최종),3.97,2026,12,11
경상국립대(가좌),스마트유통물류학과,종합,학생부종합(일반전형-일괄형),평균(최종),4.65,2026,3,12.33
경상국립대(가좌),식품자원경제학과,종합,학생부종합(일반전형-일괄형),70%컷(최종),4.69,2026,8,7.5
경상국립대(가좌),영어영문학부,종합,학생부종합(일반전형-일괄형),70%컷(최종),4.55,2026,17,6.67
경상국립대(가좌),중어중문학과,종합,학생부종합(일반전형-일괄형),70%컷(최종),4.33,2026,6,14
경상국립대(가좌),철학과,종합,학생부종합(일반전형-일괄형),70%컷(최종),4.67,2026,5,9.4
경상국립대(가좌),한문학과,종합,학생부종합(일반전형-일괄형),70%컷(최종),5.48,2026,5,6.2
경상국립대(가좌),행정학과,종합,학생부종합(일반전형-일괄형),70%컷(최종),4.05,2026,6,6.33
경상국립대(가좌),회계세무학부,종합,학생부종합(일반전형-일괄형),70%컷(최종),4.5,2026,13,7.38
경상국립대(가좌),AI컴퓨터공학부,종합,학생부종합(일반전형-일괄형),70%컷(최종),4.02,2026,40,11.24
경상국립대(가좌),건축공학부,종합,학생부종합(일반전형-일괄형),70%컷(최종),4.7,2026,9,9.67
경상국립대(가좌),건축학과,종합,학생부종합(일반전형-일괄형),평균(최종),3.53,2026,3,17.33
경상국립대(가좌),기계공학부,종합,학생부종합(일반전형-일괄형),70%컷(최종),3.96,2026,17,9.43
경상국립대(가좌),기계융합공학과,종합,학생부종합(일반전형-일괄형),70%컷(최종),4.87,2026,5,11.8
경상국립대(가좌),농학과,종합,학생부종합(일반전형-일괄형),70%컷(최종),4.99,2026,4,8.75
경상국립대(가좌),도시공학과,종합,학생부종합(일반전형-일괄형),70%컷(최종),4.67,2026,7,6.29
경상국립대(가좌),동물생명융합학부,종합,학생부종합(일반전형-일괄형),70%컷(최종),4.72,2026,10,8.3
경상국립대(가좌),메카트로닉스공학부,종합,학생부종합(일반전형-일괄형),70%컷(최종),4.82,2026,10,7.2
경상국립대(가좌),미래자동차공학과,종합,학생부종합(일반전형-일괄형),평균(최종),5.03,2026,3,7.67
경상국립대(가좌),반도체공학과,종합,학생부종합(일반전형-일괄형),70%컷(최종),4.69,2026,5,6.6
경상국립대(가좌),산업시스템공학부,종합,학생부종합(일반전형-일괄형),70%컷(최종),5.36,2026,7,6.14
경상국립대(가좌),생명과학부,종합,학생부종합(일반전형-일괄형),70%컷(최종),4.05,2026,10,9.7
경상국립대(가좌),생물산업기계공학과,종합,학생부종합(일반전형-일괄형),70%컷(최종),5.13,2026,5,7.4
경상국립대(가좌),수학물리학부,종합,학생부종합(일반전형-일괄형),70%컷(최종),6.03,2026,12,3.75
경상국립대(가좌),스마트농산업학과,종합,학생부종합(일반전형-일괄형),70%컷(최종),5,2026,4,13.5
경상국립대(가좌),식물의학과,종합,학생부종합(일반전형-일괄형),70%컷(최종),4.18,2026,5,6
경상국립대(가좌),식품영양학과,종합,학생부종합(일반전형-일괄형),70%컷(최종),3.99,2026,7,10.14
경상국립대(가좌),신소재공학부 고분자공학전공,종합,학생부종합(일반전형-일괄형),70%컷(최종),4.41,2026,8,6.13
경상국립대(가좌),신소재공학부 금속재료공학전공,종합,학생부종합(일반전형-일괄형),70%컷(최종),4.78,2026,8,6.13
경상국립대(가좌),신소재공학부 세라믹공학전공,종합,학생부종합(일반전형-일괄형),70%컷(최종),3.86,2026,8,5.75
경상국립대(가좌),에너지시스템공학과,종합,학생부종합(일반전형-일괄형),평균(최종),4.19,2026,3,8.67
경상국립대(가좌),의류학과,종합,학생부종합(일반전형-일괄형),70%컷(최종),4.62,2026,10,8.4
경상국립대(가좌),전기공학과,종합,학생부종합(일반전형-일괄형),70%컷(최종),3.61,2026,6,13.67
경상국립대(가좌),전자공학부,종합,학생부종합(일반전형-일괄형),70%컷(최종),4.05,2026,15,6.33
경상국립대(가좌),정보통계학과,종합,학생부종합(일반전형-일괄형),70%컷(최종),4.87,2026,11,6.45
경상국립대(가좌),제약공학과,종합,학생부종합(일반전형-일괄형),70%컷(최종),3.87,2026,5,9
경상국립대(가좌),제어로봇공학과,종합,학생부종합(일반전형-일괄형),70%컷(최종),4.96,2026,5,9.4
경상국립대(가좌),지역시스템공학과,종합,학생부종합(일반전형-일괄형),70%컷(최종),5,2026,4,8.2
경상국립대(가좌),지질과학과,종합,학생부종합(일반전형-일괄형),70%컷(최종),5.5,2026,11,3.91
경상국립대(가좌),축산과학부,종합,학생부종합(일반전형-일괄형),70%컷(최종),5.5,2026,10,10.8
경상국립대(가좌),토목공학과,종합,학생부종합(일반전형-일괄형),70%컷(최종),4.43,2026,10,11.9
경상국립대(가좌),항공우주공학부,종합,학생부종합(일반전형-일괄형),70%컷(최종),3.59,2026,40,8.53
경상국립대(가좌),항노화신소재과학과,종합,학생부종합(일반전형-일괄형),70%컷(최종),4.37,2026,5,8.4
경상국립대(가좌),화학공학과,종합,학생부종합(일반전형-일괄형),70%컷(최종),3.77,2026,6,9
경상국립대(가좌),화학과,종합,학생부종합(일반전형-일괄형),70%컷(최종),4.6,2026,12,4.33
경상국립대(가좌),환경산림과학부,종합,학생부종합(일반전형-일괄형),70%컷(최종),5.14,2026,6,10
경상국립대(가좌),환경생명화학과,종합,학생부종합(일반전형-일괄형),70%컷(최종),4.68,2026,6,6.17
경상국립대(가좌),환경재료과학과,종합,학생부종합(일반전형-일괄형),70%컷(최종),4.83,2026,6,9.33
경상국립대(가좌),민속예술무용학과,종합,학생부종합(일반전형-일괄형),70%컷(최종),7.43,2026,5,1.8
경상국립대(가좌),경영학부,교과,학생부교과(지역인재전형),평균(최종),3.77,2026,3,5.67
경상국립대(가좌),경제학부,교과,학생부교과(지역인재전형),70%컷(최종),4.47,2026,6,13.33
경상국립대(가좌),국어교육과,교과,학생부교과(지역인재전형),70%컷(최종),3.08,2026,5,6.8
경상국립대(가좌),국제통상학과,교과,학생부교과(지역인재전형),70%컷(최종),4.34,2026,5,5.6
경상국립대(가좌),스마트유통물류학과,교과,학생부교과(지역인재전형),70%컷(최종),4.75,2026,7,12
경상국립대(가좌),건축공학부,교과,학생부교과(지역인재전형),70%컷(최종),4.7,2026,11,4.73
경상국립대(가좌),메카트로닉스공학부,교과,학생부교과(지역인재전형),70%컷(최종),4.81,2026,5,7.4
경상국립대(가좌),미래자동차공학과,교과,학생부교과(지역인재전형),70%컷(최종),5.67,2024,2,6
경상국립대(가좌),산업시스템공학부,교과,학생부교과(지역인재전형),평균(최종),4.67,2026,3,19
경상국립대(가좌),생명과학부,교과,학생부교과(지역인재전형),70%컷(최종),4.04,2026,4,12
경상국립대(가좌),수의예과,교과,학생부교과(지역인재전형),70%컷(최종),1.36,2026,23,9.65
경상국립대(가좌),식품공학부,교과,학생부교과(지역인재전형),평균(최종),4.71,2026,3,7.33
경상국립대(가좌),식품영양학과,교과,학생부교과(지역인재전형),70%컷(최종),4.68,2026,7,6.86
경상국립대(가좌),약학과,교과,학생부교과(지역인재전형),70%컷(최종),1.2,2026,6,14.17
경상국립대(가좌),에너지시스템공학과,교과,학생부교과(지역인재전형),70%컷(최종),5.31,2024,2,4.5
경상국립대(가좌),원예과학부,교과,학생부교과(지역인재전형),70%컷(최종),5,2026,7,8.43
경상국립대(가좌),전자공학부,교과,학생부교과(지역인재전형),70%컷(최종),4.07,2026,4,14.5
경상국립대(가좌),축산과학부,교과,학생부교과(지역인재전형),70%컷(최종),5.09,2026,5,10.2
경상국립대(가좌),항공우주공학부,교과,학생부교과(지역인재전형),70%컷(최종),3.36,2026,10,7.3
경상국립대(가좌),환경산림과학부,교과,학생부교과(지역인재전형),평균(최종),4.93,2026,3,8.33
경상국립대(가좌),경영정보학과,종합,학생부종합(지역인재전형),70%컷(최종),4.38,2026,4,8
경상국립대(가좌),경영학부,종합,학생부종합(지역인재전형),70%컷(최종),3.98,2026,5,12.2
경상국립대(가좌),경제학부,종합,학생부종합(지역인재전형),70%컷(최종),4.34,2026,5,9.2
경상국립대(가좌),교육학과,종합,학생부종합(지역인재전형),70%컷(최종),3.23,2024,2,13
경상국립대(가좌),국어국문학과,종합,학생부종합(지역인재전형),70%컷(최종),4.2,2026,8,5.63
경상국립대(가좌),국제통상학과,종합,학생부종합(지역인재전형),70%컷(최종),5.39,2026,5,10.2
경상국립대(가좌),독어독문학과,종합,학생부종합(지역인재전형),70%컷(최종),5.35,2026,4,5.5
경상국립대(가좌),러시아학과,종합,학생부종합(지역인재전형),70%컷(최종),6.32,2026,4,5.25
경상국립대(가좌),법학부,종합,학생부종합(지역인재전형),70%컷(최종),4.22,2026,6,7
경상국립대(가좌),불어불문학과,종합,학생부종합(지역인재전형),70%컷(최종),5.31,2026,5,4.6
경상국립대(가좌),사학과,종합,학생부종합(지역인재전형),평균(최종),4.54,2026,3,8.67
경상국립대(가좌),사회복지학부,종합,학생부종합(지역인재전형),70%컷(최종),2.93,2026,6,9.83
경상국립대(가좌),사회학과,종합,학생부종합(지역인재전형),70%컷(최종),4.13,2024,2,7.5
경상국립대(가좌),식품자원경제학과,종합,학생부종합(지역인재전형),평균(최종),5.21,2026,3,5.67
경상국립대(가좌),아동가족학과,종합,학생부종합(지역인재전형),평균(최종),5.15,2026,3,7.67
경상국립대(가좌),영어영문학부,종합,학생부종합(지역인재전형),70%컷(최종),4.46,2026,12,5.38
경상국립대(가좌),유아교육과,종합,학생부종합(지역인재전형),70%컷(최종),3.29,2024,2,8
경상국립대(가좌),윤리교육과,종합,학생부종합(지역인재전형),70%컷(최종),3.23,2024,2,9.5
경상국립대(가좌),일어교육과,종합,학생부종합(지역인재전형),70%컷(최종),4.36,2024,2,9.5
경상국립대(가좌),정치외교학과,종합,학생부종합(지역인재전형),70%컷(최종),5.19,2024,2,5.5
경상국립대(가좌),중어중문학과,종합,학생부종합(지역인재전형),70%컷(최종),6.24,2026,5,9
경상국립대(가좌),철학과,종합,학생부종합(지역인재전형),70%컷(최종),4.71,2026,5,5
경상국립대(가좌),한문학과,종합,학생부종합(지역인재전형),70%컷(최종),4.85,2026,5,5.2
경상국립대(가좌),행정학과,종합,학생부종합(지역인재전형),평균(최종),4.06,2026,3,6
경상국립대(가좌),회계세무학부,종합,학생부종합(지역인재전형),70%컷(최종),4.34,2026,6,10.33
경상국립대(가좌),AI컴퓨터공학부,종합,학생부종합(지역인재전형),70%컷(최종),4.3,2026,15,7.71
경상국립대(가좌),건축공학부,종합,학생부종합(지역인재전형),70%컷(최종),4.17,2026,5,9.2
경상국립대(가좌),건축학과,종합,학생부종합(지역인재전형),평균(최종),3.89,2026,3,14
경상국립대(가좌),기계융합공학과,종합,학생부종합(지역인재전형),70%컷(최종),5.93,2024,2,6.5
경상국립대(가좌),농학과,종합,학생부종합(지역인재전형),평균(최종),5.86,2026,3,8.67
경상국립대(가좌),도시공학과,종합,학생부종합(지역인재전형),70%컷(최종),4.84,2026,5,6.6
경상국립대(가좌),동물생명융합학부,종합,학생부종합(지역인재전형),70%컷(최종),4.38,2026,5,10.2
경상국립대(가좌),메카트로닉스공학부,종합,학생부종합(지역인재전형),평균(최종),4.24,2026,3,11.33
경상국립대(가좌),미래자동차공학과,종합,학생부종합(지역인재전형),등급평균,4.96,2025,3,8
경상국립대(가좌),반도체공학과,종합,학생부종합(지역인재전형),70%컷(최종),4.57,2026,5,6.8
경상국립대(가좌),산업시스템공학부,종합,학생부종합(지역인재전형),평균(최종),5.05,2026,3,8
경상국립대(가좌),생명과학부,종합,학생부종합(지역인재전형),70%컷(최종),4.3,2026,7,6.86
경상국립대(가좌),생물산업기계공학과,종합,학생부종합(지역인재전형),70%컷(최종),5.02,2026,6,5.67
경상국립대(가좌),수의예과,종합,학생부종합(지역인재전형),평균(최종),1.36,2026,3,12.33
경상국립대(가좌),수학물리학부,종합,학생부종합(지역인재전형),70%컷(최종),5.58,2026,19,3.68
경상국립대(가좌),식물의학과,종합,학생부종합(지역인재전형),70%컷(최종),4.43,2026,4,6
경상국립대(가좌),식품공학부,종합,학생부종합(지역인재전형),70%컷(최종),4.27,2026,6,6.67
경상국립대(가좌),식품영양학과,종합,학생부종합(지역인재전형),70%컷(최종),5.42,2026,7,8
경상국립대(가좌),약학과,종합,학생부종합(지역인재전형),평균(최종),1.32,2026,3,14.67
경상국립대(가좌),에너지시스템공학과,종합,학생부종합(지역인재전형),평균(최종),4.42,2026,3,7.67
경상국립대(가좌),의류학과,종합,학생부종합(지역인재전형),70%컷(최종),5.82,2026,7,6.29
경상국립대(가좌),전기공학과,종합,학생부종합(지역인재전형),평균(최종),4.35,2026,3,11.33
경상국립대(가좌),전자공학부,종합,학생부종합(지역인재전형),70%컷(최종),4.17,2024,6,7.5
경상국립대(가좌),정보통계학과,종합,학생부종합(지역인재전형),70%컷(최종),4.71,2026,5,5.6
경상국립대(가좌),제어로봇공학과,종합,학생부종합(지역인재전형),평균(최종),4.65,2026,3,6.33
경상국립대(가좌),지역시스템공학과,종합,학생부종합(지역인재전형),70%컷(최종),5.12,2026,5,5.6
경상국립대(가좌),지질과학과,종합,학생부종합(지역인재전형),등급평균,5.83,2025,3,6.67
경상국립대(가좌),축산과학부,종합,학생부종합(지역인재전형),70%컷(최종),5.85,2026,9,9.11
경상국립대(가좌),토목공학과,종합,학생부종합(지역인재전형),70%컷(최종),4.59,2026,5,6.4
경상국립대(가좌),항공우주공학부,종합,학생부종합(지역인재전형),70%컷(최종),3.51,2026,37,7.2
경상국립대(가좌),화학공학과,종합,학생부종합(지역인재전형),평균(최종),4.45,2026,3,5.67
경상국립대(가좌),화학과,종합,학생부종합(지역인재전형),70%컷(최종),4.51,2026,5,4
경상국립대(가좌),환경산림과학부,종합,학생부종합(지역인재전형),70%컷(최종),4.31,2026,5,9.6
경상국립대(가좌),환경생명화학과,종합,학생부종합(지역인재전형),평균(최종),4.84,2026,3,5.67
경상국립대(가좌),환경재료과학과,종합,학생부종합(지역인재전형),70%컷(최종),5.48,2026,5,6.4
경상국립대(칠암),간호학과,교과,학생부교과(일반전형),80%컷(최종),2.8,2025,28,6.46
경상국립대(칠암),건설시스템공학과,교과,학생부교과(일반전형),70%컷(최종),4.91,2026,13,7.93
경상국립대(칠암),의예과,교과,학생부교과(일반전형),80%컷(최종),1.58,2025,7,17.92
경상국립대(칠암),인테리어재료공학과,교과,학생부교과(일반전형),70%컷(최종),5.03,2026,13,6.57
경상국립대(칠암),조경학과,교과,학생부교과(일반전형),70%컷(최종),4.7,2026,22,6.33
경상국립대(칠암),환경공학과,교과,학생부교과(일반전형),70%컷(최종),4.32,2026,15,5.82
경상국립대(칠암),디자인비즈니스학과,교과,학생부교과(일반전형),80%컷(최종),4.26,2025,13,4.62
경상국립대(칠암),간호학과,종합,학생부종합(일반전형-면접형),평균(최종),3.05,2026,15,13.87
경상국립대(칠암),의예과,종합,학생부종합(일반전형-면접형),등급평균,1.33,2025,4,19
경상국립대(칠암),건설시스템공학과,종합,학생부종합(일반전형-일괄형),평균(최종),5.11,2026,10,7.4
경상국립대(칠암),인테리어재료공학과,종합,학생부종합(일반전형-일괄형),평균(최종),5.73,2026,8,5.5
경상국립대(칠암),조경학과,종합,학생부종합(일반전형-일괄형),70%컷(최종),5.41,2024,2,6.5
경상국립대(칠암),환경공학과,종합,학생부종합(일반전형-일괄형),평균(최종),4.65,2026,8,11.25
경상국립대(칠암),디자인비즈니스학과,종합,학생부종합(일반전형-일괄형),평균(최종),4.34,2026,10,4.5
경상국립대(칠암),간호학과,교과,학생부교과(지역인재전형),70%컷(최종),2.79,2026,30,6.93
경상국립대(칠암),의예과,교과,학생부교과(지역인재전형),70%컷(최종),1.07,2026,35,6.93
경상국립대(칠암),간호학과,종합,학생부종합(지역인재전형),평균(최종),2.80,2026,13,18.38
경상국립대(칠암),건설시스템공학과,종합,학생부종합(지역인재전형),70%컷(최종),6.85,2024,2,6.5
경상국립대(칠암),의예과,종합,학생부종합(지역인재전형),평균(최종),1.11,2026,4,24.33
경상국립대(칠암),인테리어재료공학과,종합,학생부종합(지역인재전형),70%컷(최종),5.42,2024,2,5
경상국립대(칠암),조경학과,종합,학생부종합(지역인재전형),70%컷(최종),5.13,2024,2,6.5
경상국립대(칠암),환경공학과,종합,학생부종합(지역인재전형),70%컷(최종),6.27,2024,2,6.5
경상국립대(통영),해양수산경영학과,교과,학생부교과(일반전형),70%컷(최종),6.13,2026,22,3.73
경상국립대(통영),기계시스템공학과,교과,학생부교과(일반전형),70%컷(최종),5.34,2026,25,6.67
경상국립대(통영),스마트에너지기계공학과,교과,학생부교과(일반전형),70%컷(최종),6.39,2026,30,3.9
경상국립대(통영),조선해양공학과,교과,학생부교과(일반전형),70%컷(최종),6.05,2026,23,6.48
경상국립대(통영),해양경찰시스템학과,교과,학생부교과(일반전형),70%컷(최종),4.72,2026,22,8
경상국립대(통영),해양생명과학과,교과,학생부교과(일반전형),70%컷(최종),5.84,2026,21,5.73
경상국립대(통영),해양식품공학·수산생명의학부,교과,학생부교과(일반전형),70%컷(최종),6.27,2026,40,3.45
경상국립대(통영),해양토목공학과,교과,학생부교과(일반전형),70%컷(최종),7.28,2026,22,5.27
경상국립대(통영),해양환경공학과,교과,학생부교과(일반전형),70%컷(최종),6.4,2026,24,5
경상국립대(통영),해양수산경영학과,종합,학생부종합(일반전형-일괄형),평균(최종),5.65,2026,5,6.4
경상국립대(통영),조선해양공학과,종합,학생부종합(일반전형-일괄형),평균(최종),5.21,2026,5,5.6
경상국립대(통영),해양경찰시스템학과,종합,학생부종합(일반전형-일괄형),평균(최종),5.20,2026,5,16.4
경상국립대(통영),해양생명과학과,종합,학생부종합(일반전형-일괄형),평균(최종),5.47,2026,6,7.33
경상국립대(통영),해양식품공학·수산생명의학부,종합,학생부종합(일반전형-일괄형),평균(최종),5.39,2026,11,3.45
경상국립대(통영),해양토목공학과,종합,학생부종합(일반전형-일괄형),평균(최종),6.81,2026,6,4.67
경상국립대(통영),해양환경공학과,종합,학생부종합(일반전형-일괄형),70%컷(최종),5.63,2024,4,3.75
경성대,경영학과,교과,학생부교과(일반계고교과전형),70%컷(최종),4,2026,49,5.63
경성대,경제금융물류학부,교과,학생부교과(일반계고교과전형),70%컷(최종),4.6,2026,32,4.21
경성대,경찰행정학과,교과,학생부교과(일반계고교과전형),70%컷(최종),3.5,2026,19,7.3
경성대,광고홍보학과,교과,학생부교과(일반계고교과전형),70%컷(최종),3.8,2026,17,5.39
경성대,국제무역통상학과,교과,학생부교과(일반계고교과전형),70%컷(최종),4.4,2026,29,5.5
경성대,글로컬문화학부,교과,학생부교과(일반계고교과전형),70%컷(최종),4.6,2026,34,7.58
경성대,문헌정보학과,교과,학생부교과(일반계고교과전형),70%컷(최종),4.1,2026,16,4.06
경성대,미디어커뮤니케이션학과,교과,학생부교과(일반계고교과전형),70%컷(최종),3.6,2026,14,5.69
경성대,법학과,교과,학생부교과(일반계고교과전형),70%컷(최종),4.4,2026,19,3.26
경성대,사회복지학과,교과,학생부교과(일반계고교과전형),70%컷(최종),4.1,2026,21,12.4
경성대,심리학과,교과,학생부교과(일반계고교과전형),70%컷(최종),3.8,2026,16,6.59
경성대,영어영문학과,교과,학생부교과(일반계고교과전형),70%컷(최종),4.3,2026,27,5.41
경성대,외식서비스경영학전공,교과,학생부교과(일반계고교과전형),70%컷(최종),4.4,2026,14,3.93
경성대,유아교육과,교과,학생부교과(일반계고교과전형),70%컷(최종),3.9,2026,10,4.25
경성대,윤리교육과,교과,학생부교과(일반계고교과전형),70%컷(최종),2.6,2026,4,9
경성대,인문문화학부,교과,학생부교과(일반계고교과전형),70%컷(최종),4.4,2026,35,6.11
경성대,중국학과,교과,학생부교과(일반계고교과전형),70%컷(최종),5.3,2026,22,5.7
경성대,호텔관광경영학전공,교과,학생부교과(일반계고교과전형),70%컷(최종),4.1,2026,16,4.19
경성대,회계학과,교과,학생부교과(일반계고교과전형),70%컷(최종),4.4,2026,27,4.54
경성대,AI수리학과,교과,학생부교과(일반계고교과전형),70%컷(최종),5.3,2026,7,3.6
경성대,간호학과,교과,학생부교과(일반계고교과전형),70%컷(최종),2.7,2026,27,6.93
경성대,건축학과,교과,학생부교과(일반계고교과전형),70%컷(최종),3.9,2026,13,4.94
경성대,기계자동차공학과,교과,학생부교과(일반계고교과전형),70%컷(최종),4.1,2026,22,7.15
경성대,도시계획학과,교과,학생부교과(일반계고교과전형),70%컷(최종),4.7,2026,15,4.3
경성대,동물보건생명과학과,교과,학생부교과(일반계고교과전형),70%컷(최종),3.4,2026,10,9.27
경성대,메카트로닉스공학과,교과,학생부교과(일반계고교과전형),70%컷(최종),4.5,2026,13,10.53
경성대,물리치료학과,교과,학생부교과(일반계고교과전형),70%컷(최종),3,2026,10,9.09
경성대,빅데이터응용통계학과,교과,학생부교과(일반계고교과전형),70%컷(최종),5.2,2026,13,5.71
경성대,산업경영공학과,교과,학생부교과(일반계고교과전형),70%컷(최종),4.9,2026,13,6.06
경성대,소프트웨어학과,교과,학생부교과(일반계고교과전형),70%컷(최종),4.3,2026,18,4.75
경성대,스마트바이오학과,교과,학생부교과(일반계고교과전형),70%컷(최종),4.4,2026,12,7.25
경성대,식품생명공학과,교과,학생부교과(일반계고교과전형),70%컷(최종),4,2026,14,5.53
경성대,식품영양학과,교과,학생부교과(일반계고교과전형),70%컷(최종),4.2,2026,16,6.47
경성대,신소재에너지공학과,교과,학생부교과(일반계고교과전형),70%컷(최종),4.6,2026,16,6.4
경성대,실내건축학과,교과,학생부교과(일반계고교과전형),70%컷(최종),4.5,2026,11,3.83
경성대,약학과,교과,학생부교과(일반계고교과전형),70%컷(최종),1.29,2026,10,27
경성대,전기공학과,교과,학생부교과(일반계고교과전형),70%컷(최종),4.1,2026,15,5.27
경성대,전자공학과,교과,학생부교과(일반계고교과전형),70%컷(최종),4.3,2026,15,5.79
경성대,정보통신공학과,교과,학생부교과(일반계고교과전형),70%컷(최종),5,2026,11,5.71
경성대,제약공학과,교과,학생부교과(일반계고교과전형),70%컷(최종),4,2026,13,5.36
경성대,컴퓨터공학과,교과,학생부교과(일반계고교과전형),70%컷(최종),4.5,2026,19,3.78
경성대,토목공학과,교과,학생부교과(일반계고교과전형),70%컷(최종),4.7,2026,14,5.3
경성대,화장품학과,교과,학생부교과(일반계고교과전형),70%컷(최종),3.7,2026,13,9.67
경성대,화학공학과,교과,학생부교과(일반계고교과전형),70%컷(최종),4.4,2026,12,5
경성대,환경공학과,교과,학생부교과(일반계고교과전형),70%컷(최종),4.7,2026,13,5.24
경성대,AI미디어학과,교과,학생부교과(일반계고교과전형),70%컷(최종),4,2026,11,7.64
경성대,미디어콘텐츠학과,교과,학생부교과(일반계고교과전형),70%컷(최종),3.6,2026,14,6.56
경성대,연극영화학부,교과,학생부교과(일반계고교과전형),70%컷(최종),3.1,2025,5,4.55
경성대,영상애니메이션학부,교과,학생부교과(일반계고교과전형),70%컷(최종),2.9,2026,10,5
경성대,패션디자인학과,교과,학생부교과(일반계고교과전형),70%컷(최종),3.6,2026,18,5
경성대,경찰행정학과,종합,학생부종합(학교생활우수자전형),70%컷(최종),4.76,2026,13,12.07
경성대,광고홍보학과,종합,학생부종합(학교생활우수자전형),70%컷(최종),5.19,2026,13,5.8
경성대,국제무역통상학과,종합,학생부종합(학교생활우수자전형),70%컷(최종),6.22,2026,15,3.57
경성대,글로컬문화학부,종합,학생부종합(학교생활우수자전형),70%컷(최종),6.35,2026,20,4.36
경성대,문헌정보학과,종합,학생부종합(학교생활우수자전형),70%컷(최종),5.29,2026,12,3.79
경성대,미디어커뮤니케이션학과,종합,학생부종합(학교생활우수자전형),70%컷(최종),4.07,2026,11,9.42
경성대,사회복지학과,종합,학생부종합(학교생활우수자전형),70%컷(최종),5.38,2026,18,5.39
경성대,심리학과,종합,학생부종합(학교생활우수자전형),70%컷(최종),5.28,2026,12,5.14
경성대,외식서비스경영학전공,종합,학생부종합(학교생활우수자전형),70%컷(최종),5.89,2026,9,4.44
경성대,유아교육과,종합,학생부종합(학교생활우수자전형),70%컷(최종),4.79,2026,8,4.5
경성대,윤리교육과,종합,학생부종합(학교생활우수자전형),70%컷(최종),4.25,2026,4,8.75
경성대,인문문화학부,종합,학생부종합(학교생활우수자전형),70%컷(최종),6.07,2026,22,3.73
경성대,호텔관광경영학전공,종합,학생부종합(학교생활우수자전형),70%컷(최종),5.93,2026,10,3.33
경성대,간호학과,종합,학생부종합(학교생활우수자전형),70%컷(최종),3.88,2026,10,25.3
경성대,건축학과,종합,학생부종합(학교생활우수자전형),70%컷(최종),5.36,2026,10,8
경성대,동물보건생명과학과,종합,학생부종합(학교생활우수자전형),70%컷(최종),5.19,2026,8,15
경성대,물리치료학과,종합,학생부종합(학교생활우수자전형),70%컷(최종),4.27,2026,8,11.9
경성대,소프트웨어학과,종합,학생부종합(학교생활우수자전형),70%컷(최종),5.93,2026,8,4.17
경성대,식품영양학과,종합,학생부종합(학교생활우수자전형),70%컷(최종),6.61,2026,11,4.27
경성대,실내건축학과,종합,학생부종합(학교생활우수자전형),70%컷(최종),5.64,2026,8,5.78
경성대,컴퓨터공학과,종합,학생부종합(학교생활우수자전형),70%컷(최종),6,2026,13,4.42
경성대,사진학과,종합,학생부종합(학교생활우수자전형),70%컷(최종),5.86,2026,5,3.6
경성대,스포츠건강학과,종합,학생부종합(학교생활우수자전형),70%컷(최종),5.06,2026,5,13.2
경성대,영상애니메이션학부,종합,학생부종합(학교생활우수자전형),70%컷(최종),5,2026,10,4.2
경성대,패션디자인학과,종합,학생부종합(학교생활우수자전형),70%컷(최종),5.5,2026,15,4.75
경성대,간호학과,교과,학생부교과(지역인재전형),70%컷(최종),2.9,2026,20,6.9
경성대,약학과,교과,학생부교과(지역인재전형),70%컷(최종),1.3,2026,13,18.67
경성대,경영학과,종합,학생부종합(지역인재Ⅱ전형),70%컷(최종),5.68,2026,26,6.04
경성대,경제금융물류학부,종합,학생부종합(지역인재Ⅱ전형),70%컷(최종),6.72,2026,15,3.2
경성대,법학과,종합,학생부종합(지역인재Ⅱ전형),70%컷(최종),5.8,2026,11,3.08
경성대,영어영문학과,종합,학생부종합(지역인재Ⅱ전형),70%컷(최종),6.73,2026,15,2.4
경성대,중국학과,종합,학생부종합(지역인재Ⅱ전형),70%컷(최종),6.2,2026,9,2
경성대,회계학과,종합,학생부종합(지역인재Ⅱ전형),70%컷(최종),6.03,2026,18,2.29
경성대,AI수리학과,종합,학생부종합(지역인재Ⅱ전형),70%컷(최종),6.39,2026,3,2
경성대,기계자동차공학과,종합,학생부종합(지역인재Ⅱ전형),70%컷(최종),6,2026,7,4.14
경성대,도시계획학과,종합,학생부종합(지역인재Ⅱ전형),70%컷(최종),5.11,2026,6,2
경성대,메카트로닉스공학과,종합,학생부종합(지역인재Ⅱ전형),70%컷(최종),7.17,2026,6,3.5
경성대,빅데이터응용통계학과,종합,학생부종합(지역인재Ⅱ전형),70%컷(최종),7,2026,6,2.67
경성대,산업경영공학과,종합,학생부종합(지역인재Ⅱ전형),70%컷(최종),6.71,2026,5,2.2
경성대,스마트바이오학과,종합,학생부종합(지역인재Ⅱ전형),70%컷(최종),6.48,2026,5,2.33
경성대,식품생명공학과,종합,학생부종합(지역인재Ⅱ전형),70%컷(최종),6.41,2026,9,2.88
경성대,신소재에너지공학과,종합,학생부종합(지역인재Ⅱ전형),70%컷(최종),5.97,2026,6,2.33
경성대,전기공학과,종합,학생부종합(지역인재Ⅱ전형),70%컷(최종),4.45,2026,5,3.78
경성대,전자공학과,종합,학생부종합(지역인재Ⅱ전형),70%컷(최종),6.21,2026,7,2.5
경성대,정보통신공학과,종합,학생부종합(지역인재Ⅱ전형),70%컷(최종),6.25,2026,7,2
경성대,제약공학과,종합,학생부종합(지역인재Ⅱ전형),70%컷(최종),5.5,2026,7,2.33
경성대,토목공학과,종합,학생부종합(지역인재Ⅱ전형),70%컷(최종),6.36,2026,5,2.5
경성대,화장품학과,종합,학생부종합(지역인재Ⅱ전형),70%컷(최종),6.36,2026,7,3.5
경성대,화학공학과,종합,학생부종합(지역인재Ⅱ전형),70%컷(최종),6.07,2026,5,1.67
경성대,환경공학과,종합,학생부종합(지역인재Ⅱ전형),70%컷(최종),6.26,2026,6,2.5
경성대,AI미디어학과,종합,학생부종합(지역인재Ⅱ전형),70%컷(최종),5.97,2026,5,4.5
경성대,미디어콘텐츠학과,종합,학생부종합(지역인재Ⅱ전형),70%컷(최종),5.07,2026,9,6.44
경성대,현대미술학과,종합,학생부종합(지역인재Ⅱ전형),70%컷(최종),5.68,2026,3,2.25
경운대,군사학과,교과,학생부교과(교과면접전형),70%컷(최종),5.5,2026,20,
경운대,항공서비스학과,교과,학생부교과(교과면접전형),70%컷(최종),3.8,2026,25,
경운대,간호학과,교과,학생부교과(교과면접전형),70%컷(최종),3.5,2026,60,
경운대,물리치료학과,교과,학생부교과(교과면접전형),70%컷(최종),3.8,2026,20,
경운대,임상병리학과,교과,학생부교과(교과면접전형),70%컷(최종),5,2026,15,
경운대,작업치료학과,교과,학생부교과(교과면접전형),70%컷(최종),4.8,2026,5,
경운대,치위생학과,교과,학생부교과(교과면접전형),70%컷(최종),5.3,2026,5,
경운대,항공운항학과,교과,학생부교과(교과면접전형),70%컷(최종),2.4,2026,31,
경운대,항공보안경호학부,교과,학생부교과(교과면접전형),70%컷(최종),5.3,2026,25,
경운대,경찰학과,교과,학생부교과(교과일반전형),70%컷(최종),5.3,2026,15,
경운대,군사학과,교과,학생부교과(교과일반전형),70%컷(최종),5.4,2026,6,
경운대,산업안전시스템학과,교과,학생부교과(교과일반전형),70%컷(최종),5.2,2026,10,
경운대,상담심리사회복지학부,교과,학생부교과(교과일반전형),70%컷(최종),4.7,2026,25,
경운대,항공서비스학과,교과,학생부교과(교과일반전형),70%컷(최종),2.2,2026,5,
경운대,AI·소프트웨어학부,교과,학생부교과(교과일반전형),70%컷(최종),6.2,2026,39,
경운대,간호학과,교과,학생부교과(교과일반전형),70%컷(최종),2.9,2026,55,
경운대,물리치료학과,교과,학생부교과(교과일반전형),70%컷(최종),3,2026,32,
경운대,반도체학과,교과,학생부교과(교과일반전형),70%컷(최종),2.8,2026,11,
경운대,임상병리학과,교과,학생부교과(교과일반전형),70%컷(최종),4.4,2026,24,
경운대,작업치료학과,교과,학생부교과(교과일반전형),70%컷(최종),5.5,2026,25,
경운대,치위생학과,교과,학생부교과(교과일반전형),70%컷(최종),4.8,2026,25,
경운대,항공운항학과,교과,학생부교과(교과일반전형),70%컷(최종),1.8,2026,5,
경운대,스포츠지도재활학부,교과,학생부교과(교과일반전형),70%컷(최종),5.5,2026,15,
경운대,웹툰애니메이션디자인학과,교과,학생부교과(교과일반전형),70%컷(최종),4.5,2026,11,
경운대,항공서비스학과,종합,학생부종합(창의인재전형),70%컷(최종),4.6,2026,2,
경운대,AI·소프트웨어학부,종합,학생부종합(창의인재전형),70%컷(최종),4.6,2026,8,
경운대,간호학과,종합,학생부종합(창의인재전형),70%컷(최종),3.8,2026,55,
경운대,물리치료학과,종합,학생부종합(창의인재전형),70%컷(최종),4.3,2026,13,
경운대,경찰학과,교과,학생부교과(지역인재전형),70%컷(최종),5.7,2026,4,
경운대,상담심리사회복지학부,교과,학생부교과(지역인재전형),70%컷(최종),7.1,2025,5,
경운대,간호학과,교과,학생부교과(지역인재전형),70%컷(최종),3.7,2026,35,
경운대,반도체학과,교과,학생부교과(지역인재전형),70%컷(최종),4.3,2026,3,
경운대,스포츠지도재활학부,교과,학생부교과(지역인재전형),70%컷(최종),5.6,2026,5,
경인교대,초등교육과,교과,학생부교과(학교장추천전형),70%컷(최종),2.17,2026,110,10.69
경인교대,초등교육과,종합,학생부종합(교직적성전형),70%컷(최종),2.87,2026,226,6.67
경일대,간호학과,교과,학생부교과(면접전형),70%컷(최종),3.49,2026,45,13.1
경일대,건축토목공학과,교과,학생부교과(면접전형),70%컷(최종),3.66,2026,3,2.2
경일대,건축학과(5년제),교과,학생부교과(면접전형),70%컷(최종),5.04,2026,5,4.5
경일대,게임콘텐츠학과,교과,학생부교과(면접전형),70%컷(최종),4.51,2026,10,4.1
경일대,경찰행정학과,교과,학생부교과(면접전형),70%컷(최종),5.25,2026,5,3.43
경일대,만화애니메이션학부,교과,학생부교과(면접전형),70%컷(최종),3.68,2026,9,6.33
경일대,부동산지적학과,교과,학생부교과(면접전형),70%컷(최종),4.69,2026,12,2.08
경일대,뷰티스타일학과,교과,학생부교과(면접전형),70%컷(최종),6.07,2026,6,5.5
경일대,사진영상학부,교과,학생부교과(면접전형),70%컷(최종),3.98,2026,15,7.8
경일대,사회복지학과,교과,학생부교과(면접전형),70%컷(최종),5.25,2026,5,3
경일대,소방방재학부,교과,학생부교과(면접전형),70%컷(최종),4.84,2026,20,2.23
경일대,스포츠과학부 스포츠지도학과,교과,학생부교과(면접전형),70%컷(최종),4.82,2026,10,3.4
경일대,스포츠복지학과,교과,학생부교과(면접전형),70%컷(최종),5.35,2026,12,3.2
경일대,응급구조학과,교과,학생부교과(면접전형),70%컷(최종),4.26,2026,11,6.82
경일대,축구학과,교과,학생부교과(면접전형),70%컷(최종),4.33,2026,15,3
경일대,태권도학과,교과,학생부교과(면접전형),70%컷(최종),5.28,2026,13,2.6
경일대,항공서비스학과,교과,학생부교과(면접전형),70%컷(최종),4.78,2026,15,2.29
경일대,기계전기공학과,교과,학생부교과(면접전형),70%컷(최종),5.22,2026,15,3.8
경일대,철도운전시스템학부,교과,학생부교과(면접전형),70%컷(최종),4.37,2026,16,3.67
경일대,자율전공학부,교과,학생부교과(면접전형),70%컷(최종),4.17,2026,8,6.88
경일대,간호학과,교과,학생부교과(일반전형),70%컷(최종),2.72,2026,35,8.34
경일대,건축토목공학과,교과,학생부교과(일반전형),70%컷(최종),4.37,2026,12,5.9
경일대,건축학과(5년제),교과,학생부교과(일반전형),70%컷(최종),3.62,2026,10,4.5
경일대,게임콘텐츠학과,교과,학생부교과(일반전형),70%컷(최종),4.01,2026,13,9.62
경일대,경찰행정학과,교과,학생부교과(일반전형),70%컷(최종),4.17,2026,20,8.16
경일대,기계전기공학과(자동화융합전공),교과,학생부교과(일반전형),70%컷(최종),1,2026,15,
경일대,만화애니메이션학부,교과,학생부교과(일반전형),70%컷(최종),3.63,2026,18,5.83
경일대,미디어커뮤니케이션학과,교과,학생부교과(일반전형),70%컷(최종),4.28,2026,13,6.5
경일대,부동산지적학과,교과,학생부교과(일반전형),70%컷(최종),4.68,2026,18,3.4
경일대,뷰티스타일학과,교과,학생부교과(일반전형),70%컷(최종),4.95,2026,6,11.17
경일대,사진영상학부,교과,학생부교과(일반전형),70%컷(최종),3.72,2026,15,6.6
경일대,사회복지학과,교과,학생부교과(일반전형),70%컷(최종),4.37,2026,13,7.92
경일대,소방방재학부,교과,학생부교과(일반전형),70%컷(최종),3.68,2026,35,6.03
경일대,스포츠과학부 스포츠융합학과,교과,학생부교과(일반전형),70%컷(최종),4.36,2026,12,7.7
경일대,스포츠과학부 스포츠지도학과,교과,학생부교과(일반전형),70%컷(최종),4.18,2026,10,6.67
경일대,스포츠재활의학과,교과,학생부교과(일반전형),70%컷(최종),3.74,2026,18,10.06
경일대,응급구조학과,교과,학생부교과(일반전형),70%컷(최종),3.83,2026,15,9.93
경일대,항공서비스학과,교과,학생부교과(일반전형),70%컷(최종),3.66,2026,5,7.5
경일대,기계전기공학과,교과,학생부교과(일반전형),70%컷(최종),4.03,2026,45,7.6
경일대,철도운전시스템학부,교과,학생부교과(일반전형),70%컷(최종),3.36,2026,22,5.65
경일대,자율전공학부,교과,학생부교과(일반전형),70%컷(최종),3.58,2026,22,11.47
경일대,방위산업시스템학과,종합,학생부종합(조기취업형계약학과),70%컷(최종),1,2026,10,5.5
경일대,스마트푸드테크학과,종합,학생부종합(조기취업형계약학과),70%컷(최종),1,2026,10,2.42
경일대,스마트팩토리공학부,종합,학생부종합(조기취업형계약학과),70%컷(최종),1,2026,15,2.94
경일대,방위산업시스템학과,종합,학생부종합(조기취업형계약학과)(정원외),70%컷(최종),1,2026,15,2.8
경일대,스마트푸드테크학과,종합,학생부종합(조기취업형계약학과)(정원외),70%컷(최종),1,2026,15,1.56
경일대,스마트팩토리공학부,종합,학생부종합(조기취업형계약학과)(정원외),70%컷(최종),1,2026,30,1.53
경일대,간호학과,종합,학생부종합(학생부종합전형),70%컷(최종),3.64,2026,42,10
경일대,건축학과(5년제),종합,학생부종합(학생부종합전형),70%컷(최종),5.72,2026,5,4
경일대,경찰행정학과,종합,학생부종합(학생부종합전형),70%컷(최종),4.18,2026,2,5.33
경일대,부동산지적학과,종합,학생부종합(학생부종합전형),70%컷(최종),5.71,2026,5,2.25
경일대,사진영상학부,종합,학생부종합(학생부종합전형),70%컷(최종),4.48,2026,15,6.13
경일대,소방방재학부,종합,학생부종합(학생부종합전형),70%컷(최종),5.04,2026,10,4.86
경일대,스포츠복지학과,종합,학생부종합(학생부종합전형),70%컷(최종),4.8,2026,13,5
경일대,응급구조학과,종합,학생부종합(학생부종합전형),70%컷(최종),4.28,2026,10,6.1
경일대,철도운전시스템학부,종합,학생부종합(학생부종합전형),70%컷(최종),4.23,2026,5,4
경일대,간호학과,교과,학생부교과(지역인재교과전형),70%컷(최종),2.86,2026,18,8.11
경일대,경찰행정학과,교과,학생부교과(지역인재교과전형),70%컷(최종),4.48,2026,6,4.5
경일대,기계전기공학과(자동화융합전공),교과,학생부교과(지역인재교과전형),70%컷(최종),1,2026,5,
경일대,소방방재학부,교과,학생부교과(지역인재교과전형),70%컷(최종),3.9,2026,14,4.07
경일대,스포츠재활의학과,교과,학생부교과(지역인재교과전형),70%컷(최종),4.37,2026,7,6.14
경일대,응급구조학과,교과,학생부교과(지역인재교과전형),70%컷(최종),3.58,2026,4,5.25
경일대,철도운전시스템학부,교과,학생부교과(지역인재교과전형),70%컷(최종),3.82,2026,7,4.67
경일대,자율전공학부,교과,학생부교과(지역인재교과전형),70%컷(최종),3.94,2026,5,17.4
경희대,Hospitality경영학과,교과,학생부교과(지역균형전형),70%컷(최종),1.93,2026,13,6.77
경희대,경영회계계열,교과,학생부교과(지역균형전형),70%컷(최종),1.89,2026,30,7.37
경희대,경제학과,교과,학생부교과(지역균형전형),70%컷(최종),1.89,2026,12,6.67
경희대,관광·엔터테인먼트학부,교과,학생부교과(지역균형전형),70%컷(최종),2.37,2026,8,5.88
경희대,국어국문학과,교과,학생부교과(지역균형전형),70%컷(최종),1.96,2026,6,8.33
경희대,무역학과,교과,학생부교과(지역균형전형),70%컷(최종),1.96,2026,10,7
경희대,미디어학과,교과,학생부교과(지역균형전형),70%컷(최종),1.83,2026,10,12.58
경희대,빅데이터응용학과,교과,학생부교과(지역균형전형),70%컷(최종),1.84,2026,2,10
경희대,사학과,교과,학생부교과(지역균형전형),70%컷(최종),1.97,2026,5,7.6
경희대,사회학과,교과,학생부교과(지역균형전형),70%컷(최종),1.76,2026,6,8.13
경희대,아동가족학과,교과,학생부교과(지역균형전형),70%컷(최종),1.96,2026,6,7.33
경희대,영어영문학과,교과,학생부교과(지역균형전형),70%컷(최종),1.87,2026,4,7
경희대,응용영어통번역학과,교과,학생부교과(지역균형전형),70%컷(최종),2,2026,4,8.33
경희대,의상학과,교과,학생부교과(지역균형전형),70%컷(최종),2,2026,4,7.75
경희대,정치외교학과,교과,학생부교과(지역균형전형),70%컷(최종),1.81,2026,5,7.2
경희대,조리&푸드디자인학과,교과,학생부교과(지역균형전형),70%컷(최종),2.15,2026,3,20.33
경희대,주거환경학과,교과,학생부교과(지역균형전형),70%컷(최종),1.9,2026,4,8.25
경희대,지리학과(인문),교과,학생부교과(지역균형전형),70%컷(최종),1.72,2026,4,6.25
경희대,철학과,교과,학생부교과(지역균형전형),70%컷(최종),1.86,2026,3,10.67
경희대,한의예과(인문),교과,학생부교과(지역균형전형),70%컷(최종),1.07,2026,3,17
경희대,행정학과,교과,학생부교과(지역균형전형),70%컷(최종),1.9,2026,12,6.55
경희대,간호학과,교과,학생부교과(지역균형전형),70%컷(최종),1.77,2026,14,14
경희대,물리학과,교과,학생부교과(지역균형전형),70%컷(최종),1.62,2026,7,7.33
경희대,미래정보디스플레이학부,교과,학생부교과(지역균형전형),70%컷(최종),1.71,2026,5,7.57
경희대,생물학과,교과,학생부교과(지역균형전형),70%컷(최종),1.64,2026,10,5.3
경희대,수학과,교과,학생부교과(지역균형전형),70%컷(최종),2.1,2026,6,6.33
경희대,식품영양학과,교과,학생부교과(지역균형전형),70%컷(최종),1.84,2026,4,8.67
경희대,약과학과,교과,학생부교과(지역균형전형),70%컷(최종),1.54,2026,6,6.17
경희대,약학과,교과,학생부교과(지역균형전형),70%컷(최종),1.04,2026,4,16.25
경희대,의예과,교과,학생부교과(지역균형전형),70%컷(최종),1,2026,11,7.67
경희대,지리학과(자연),교과,학생부교과(지역균형전형),70%컷(최종),1.93,2026,3,7
경희대,치의예과,교과,학생부교과(지역균형전형),70%컷(최종),1.2,2026,8,13.5
경희대,한약학과,교과,학생부교과(지역균형전형),70%컷(최종),1.28,2026,3,10.8
경희대,한의예과(자연),교과,학생부교과(지역균형전형),70%컷(최종),1.22,2026,5,25.6
경희대,화학과,교과,학생부교과(지역균형전형),70%컷(최종),1.52,2026,8,5.5
경희대,[유형1] 자율전공학부,교과,학생부교과(지역균형전형),70%컷(최종),1.68,2026,49,8.61
경희대,Hospitality경영학과,종합,학생부종합(네오르네상스전형),70%컷(최종),2.67,2026,28,12.79
경희대,경영회계계열,종합,학생부종합(네오르네상스전형),70%컷(최종),2.87,2026,61,15.38
경희대,경제학과,종합,학생부종합(네오르네상스전형),70%컷(최종),2.29,2026,20,13.75
경희대,관광·엔터테인먼트학부,종합,학생부종합(네오르네상스전형),70%컷(최종),2.41,2026,21,13
경희대,국어국문학과,종합,학생부종합(네오르네상스전형),70%컷(최종),3.58,2026,20,14.5
경희대,글로벌Hospitality·관광학과,종합,학생부종합(네오르네상스전형),70%컷(최종),3.26,2026,15,8.93
경희대,무역학과,종합,학생부종합(네오르네상스전형),70%컷(최종),2.4,2026,16,12.56
경희대,미디어학과,종합,학생부종합(네오르네상스전형),70%컷(최종),2.38,2026,25,12.4
경희대,빅데이터응용학과,종합,학생부종합(네오르네상스전형),70%컷(최종),1.71,2026,6,16.83
경희대,사학과,종합,학생부종합(네오르네상스전형),70%컷(최종),2.19,2026,14,14.93
경희대,사회학과,종합,학생부종합(네오르네상스전형),70%컷(최종),1.92,2026,8,16.38
경희대,아동가족학과,종합,학생부종합(네오르네상스전형),70%컷(최종),2.43,2026,6,14
경희대,영어영문학과,종합,학생부종합(네오르네상스전형),70%컷(최종),3.57,2026,11,14.18
경희대,응용영어통번역학과,종합,학생부종합(네오르네상스전형),70%컷(최종),4.45,2026,12,14.08
경희대,의상학과,종합,학생부종합(네오르네상스전형),70%컷(최종),2.69,2026,10,16.5
경희대,정치외교학과,종합,학생부종합(네오르네상스전형),70%컷(최종),1.93,2026,14,16.14
경희대,조리&푸드디자인학과,종합,학생부종합(네오르네상스전형),70%컷(최종),1.95,2026,22,9.55
경희대,주거환경학과,종합,학생부종합(네오르네상스전형),70%컷(최종),2.62,2026,3,18.33
경희대,지리학과(인문),종합,학생부종합(네오르네상스전형),70%컷(최종),2.6,2026,5,15.8
경희대,철학과,종합,학생부종합(네오르네상스전형),70%컷(최종),2.26,2026,10,16.7
경희대,한의예과(인문),종합,학생부종합(네오르네상스전형),70%컷(최종),1.34,2026,9,25.33
경희대,행정학과,종합,학생부종합(네오르네상스전형),70%컷(최종),1.96,2026,14,17.43
경희대,간호학과,종합,학생부종합(네오르네상스전형),70%컷(최종),1.94,2026,18,18.56
경희대,물리학과,종합,학생부종합(네오르네상스전형),70%컷(최종),2.05,2026,13,20.31
경희대,미래정보디스플레이학부,종합,학생부종합(네오르네상스전형),70%컷(최종),2.01,2026,29,9.44
경희대,생물학과,종합,학생부종합(네오르네상스전형),70%컷(최종),3.57,2026,16,21.77
경희대,수학과,종합,학생부종합(네오르네상스전형),70%컷(최종),1.99,2026,8,15.75
경희대,식품영양학과,종합,학생부종합(네오르네상스전형),70%컷(최종),2.3,2026,9,14.89
경희대,약과학과,종합,학생부종합(네오르네상스전형),70%컷(최종),1.73,2026,9,14
경희대,약학과,종합,학생부종합(네오르네상스전형),70%컷(최종),1.34,2026,9,51.78
경희대,의예과,종합,학생부종합(네오르네상스전형),70%컷(최종),1.34,2026,25,28.24
경희대,지리학과(자연),종합,학생부종합(네오르네상스전형),70%컷(최종),2.19,2026,4,13
경희대,치의예과,종합,학생부종합(네오르네상스전형),70%컷(최종),1.56,2026,19,21.47
경희대,한약학과,종합,학생부종합(네오르네상스전형),70%컷(최종),1.89,2026,9,15.33
경희대,한의예과(자연),종합,학생부종합(네오르네상스전형),70%컷(최종),1.66,2026,19,14.42
경희대,화학과,종합,학생부종합(네오르네상스전형),70%컷(최종),1.85,2026,13,28.75
경희대,[유형1] 자율전공학부,종합,학생부종합(네오르네상스전형),70%컷(최종),1.92,2026,22,21.83
경희대(국제),융합바이오·신소재공학과,논술,논술(논술우수자전형),,2025 통합 모집,2024,8,36
경희대(국제),국제학과,교과,학생부교과(지역균형전형),70%컷(최종),1.91,2026,10,4.5
경희대(국제),글로벌커뮤니케이션학부,교과,학생부교과(지역균형전형),70%컷(최종),2.04,2026,4,7.5
경희대(국제),러시아어학과,교과,학생부교과(지역균형전형),70%컷(최종),2.08,2026,3,6.5
경희대(국제),스페인어학과,교과,학생부교과(지역균형전형),70%컷(최종),3,2026,3,8.5
경희대(국제),일본어학과,교과,학생부교과(지역균형전형),70%컷(최종),3.21,2026,3,4.5
경희대(국제),중국어학과,교과,학생부교과(지역균형전형),70%컷(최종),2.17,2026,3,7
경희대(국제),프랑스어학과,교과,학생부교과(지역균형전형),70%컷(최종),1.91,2026,3,5.5
경희대(국제),한국어학과,교과,학생부교과(지역균형전형),70%컷(최종),2.2,2026,3,9.33
경희대(국제),건축공학과,교과,학생부교과(지역균형전형),70%컷(최종),1.85,2026,4,6.5
경희대(국제),건축학과(5년제),교과,학생부교과(지역균형전형),70%컷(최종),2.07,2026,2,6
경희대(국제),기계공학부,교과,학생부교과(지역균형전형),70%컷(최종),2.36,2026,2,5
경희대(국제),사회기반시스템공학과,교과,학생부교과(지역균형전형),70%컷(최종),1.86,2026,4,12
경희대(국제),산업경영공학과,교과,학생부교과(지역균형전형),70%컷(최종),1.8,2026,4,5.5
경희대(국제),생체의공학과,교과,학생부교과(지역균형전형),70%컷(최종),1.5,2026,2,5.5
경희대(국제),소프트웨어융합학과,교과,학생부교과(지역균형전형),70%컷(최종),1.78,2026,2,10
경희대(국제),스마트팜과학과,교과,학생부교과(지역균형전형),70%컷(최종),1.73,2026,8,11
경희대(국제),식품생명공학과,교과,학생부교과(지역균형전형),70%컷(최종),1.7,2026,9,8.78
경희대(국제),신소재공학과,교과,학생부교과(지역균형전형),70%컷(최종),1.5,2026,4,6
경희대(국제),우주과학과,교과,학생부교과(지역균형전형),70%컷(최종),1.69,2026,2,19
경희대(국제),원자력공학과,교과,학생부교과(지역균형전형),70%컷(최종),1.72,2026,2,6
경희대(국제),유전생명공학과,교과,학생부교과(지역균형전형),70%컷(최종),1.65,2026,9,7.33
경희대(국제),융합바이오·신소재공학과,교과,학생부교과(지역균형전형),70%컷(최종),1.75,2026,13,6.62
경희대(국제),응용물리학과,교과,학생부교과(지역균형전형),70%컷(최종),1.92,2026,3,7.67
경희대(국제),응용수학과,교과,학생부교과(지역균형전형),70%컷(최종),1.91,2026,3,6.67
경희대(국제),응용화학과,교과,학생부교과(지역균형전형),70%컷(최종),1.79,2026,4,6.5
경희대(국제),전자공학부 반도체공학과,교과,학생부교과(지역균형전형),70%컷(최종),1.68,2026,2,9.5
경희대(국제),전자공학부 전자공학과,교과,학생부교과(지역균형전형),70%컷(최종),1.52,2026,4,8
경희대(국제),컴퓨터공학부 인공지능학과,교과,학생부교과(지역균형전형),70%컷(최종),1.66,2026,2,7
경희대(국제),컴퓨터공학부 컴퓨터공학과,교과,학생부교과(지역균형전형),70%컷(최종),1.72,2026,2,8
경희대(국제),화학공학과,교과,학생부교과(지역균형전형),70%컷(최종),1.59,2026,2,13
경희대(국제),환경학및환경공학과,교과,학생부교과(지역균형전형),70%컷(최종),1.81,2026,2,9
경희대(국제),도예학과,교과,학생부교과(지역균형전형),70%컷(최종),1.55,2026,5,5.6
경희대(국제),디지털콘텐츠학과,교과,학생부교과(지역균형전형),70%컷(최종),1.4,2026,2,7.5
경희대(국제),산업디자인학과,교과,학생부교과(지역균형전형),70%컷(최종),1.56,2026,2,5.5
경희대(국제),스포츠의학과,교과,학생부교과(지역균형전형),70%컷(최종),1.56,2026,2,11
경희대(국제),시각디자인학과,교과,학생부교과(지역균형전형),70%컷(최종),1.11,2026,2,7
경희대(국제),의류디자인학과,교과,학생부교과(지역균형전형),70%컷(최종),1.7,2026,4,9.5
경희대(국제),체육학과,교과,학생부교과(지역균형전형),70%컷(최종),1.3,2026,5,8
경희대(국제),환경조경디자인학과,교과,학생부교과(지역균형전형),70%컷(최종),1.5,2026,4,11
경희대(국제),[유형1] 자유전공학부,교과,학생부교과(지역균형전형),70%컷(최종),1.73,2026,158,7.04
경희대(국제),국제학과,종합,학생부종합(네오르네상스전형),70%컷(최종),3.96,2026,55,14.38
경희대(국제),글로벌커뮤니케이션학부,종합,학생부종합(네오르네상스전형),70%컷(최종),4.35,2026,23,14.07
경희대(국제),러시아어학과,종합,학생부종합(네오르네상스전형),70%컷(최종),4.39,2026,13,12.5
경희대(국제),스페인어학과,종합,학생부종합(네오르네상스전형),70%컷(최종),4.51,2026,14,8
경희대(국제),일본어학과,종합,학생부종합(네오르네상스전형),70%컷(최종),4.75,2026,16,16.18
경희대(국제),중국어학과,종합,학생부종합(네오르네상스전형),70%컷(최종),4.61,2026,18,12.5
경희대(국제),프랑스어학과,종합,학생부종합(네오르네상스전형),70%컷(최종),4.29,2026,14,8.36
경희대(국제),한국어학과,종합,학생부종합(네오르네상스전형),70%컷(최종),4.3,2026,8,10.14
경희대(국제),건축공학과,종합,학생부종합(네오르네상스전형),70%컷(최종),2.35,2026,11,10.27
경희대(국제),건축학과(5년제),종합,학생부종합(네오르네상스전형),70%컷(최종),2.04,2026,8,11.63
경희대(국제),기계공학부,종합,학생부종합(네오르네상스전형),70%컷(최종),1.87,2026,22,25
경희대(국제),사회기반시스템공학과,종합,학생부종합(네오르네상스전형),70%컷(최종),2.15,2026,11,17
경희대(국제),산업경영공학과,종합,학생부종합(네오르네상스전형),70%컷(최종),1.96,2026,11,15.45
경희대(국제),생체의공학과,종합,학생부종합(네오르네상스전형),70%컷(최종),3.91,2026,3,12
경희대(국제),소프트웨어융합학과,종합,학생부종합(네오르네상스전형),70%컷(최종),2.3,2026,5,23.4
경희대(국제),스마트팜과학과,종합,학생부종합(네오르네상스전형),70%컷(최종),2.08,2026,16,14.58
경희대(국제),식품생명공학과,종합,학생부종합(네오르네상스전형),70%컷(최종),1.94,2026,10,13.82
경희대(국제),신소재공학과,종합,학생부종합(네오르네상스전형),70%컷(최종),1.85,2026,11,15.27
경희대(국제),우주과학과,종합,학생부종합(네오르네상스전형),70%컷(최종),1.95,2026,12,19.58
경희대(국제),원자력공학과,종합,학생부종합(네오르네상스전형),70%컷(최종),2.31,2026,9,16.89
경희대(국제),유전생명공학과,종합,학생부종합(네오르네상스전형),70%컷(최종),1.86,2026,14,18.87
경희대(국제),융합바이오·신소재공학과,종합,학생부종합(네오르네상스전형),70%컷(최종),1.96,2026,14,25.04
경희대(국제),응용물리학과,종합,학생부종합(네오르네상스전형),70%컷(최종),1.91,2026,7,13.29
경희대(국제),응용수학과,종합,학생부종합(네오르네상스전형),70%컷(최종),2.05,2026,7,9.86
경희대(국제),응용화학과,종합,학생부종합(네오르네상스전형),70%컷(최종),1.88,2026,10,17.5
경희대(국제),전자공학부 반도체공학과,종합,학생부종합(네오르네상스전형),70%컷(최종),1.85,2026,6,14.17
경희대(국제),전자공학부 전자공학과,종합,학생부종합(네오르네상스전형),70%컷(최종),1.94,2026,15,17.47
경희대(국제),컴퓨터공학부 인공지능학과,종합,학생부종합(네오르네상스전형),70%컷(최종),1.8,2026,4,23.25
경희대(국제),컴퓨터공학부 컴퓨터공학과,종합,학생부종합(네오르네상스전형),70%컷(최종),1.86,2026,7,20.14
경희대(국제),화학공학과,종합,학생부종합(네오르네상스전형),70%컷(최종),1.79,2026,11,17
경희대(국제),환경학및환경공학과,종합,학생부종합(네오르네상스전형),70%컷(최종),1.91,2026,9,26.22
경희대(국제),골프산업학과,종합,학생부종합(네오르네상스전형),70%컷(최종),2.82,2026,4,22.33
경희대(국제),도예학과,종합,학생부종합(네오르네상스전형),70%컷(최종),4.09,2026,11,10.73
경희대(국제),디지털콘텐츠학과,종합,학생부종합(네오르네상스전형),70%컷(최종),2.55,2026,3,29
경희대(국제),산업디자인학과,종합,학생부종합(네오르네상스전형),70%컷(최종),2.04,2026,3,12.67
경희대(국제),스포츠의학과,종합,학생부종합(네오르네상스전형),70%컷(최종),4,2026,11,23.18
경희대(국제),시각디자인학과,종합,학생부종합(네오르네상스전형),70%컷(최종),2.39,2026,8,15.13
경희대(국제),연극영화학과 연극·뮤지컬 연출,종합,학생부종합(네오르네상스전형),70%컷(최종),3.69,2026,4,23.5
경희대(국제),연극영화학과 영화연출 및 제작,종합,학생부종합(네오르네상스전형),70%컷(최종),5.2,2026,10,16.6
경희대(국제),의류디자인학과,종합,학생부종합(네오르네상스전형),70%컷(최종),2.41,2026,6,11.83
경희대(국제),체육학과,종합,학생부종합(네오르네상스전형),70%컷(최종),2.72,2026,16,27
경희대(국제),태권도학과,종합,학생부종합(네오르네상스전형),70%컷(최종),3.93,2026,12,19.09
경희대(국제),환경조경디자인학과,종합,학생부종합(네오르네상스전형),70%컷(최종),3.05,2026,10,18
경희대(국제),[유형1] 자유전공학부,종합,학생부종합(네오르네상스전형),70%컷(최종),1.87,2026,12,25.33
계명대,경영학과,교과,학생부교과(면접전형),70%컷(최종),3.5,2026,8,10.75
계명대,경제금융학과,교과,학생부교과(면접전형),70%컷(최종),5.21,2026,10,9.6
계명대,경찰행정학과,교과,학생부교과(면접전형),70%컷(최종),2.88,2026,7,9.86
계명대,관광경영학과,교과,학생부교과(면접전형),70%컷(최종),5.08,2026,6,9.17
계명대,광고홍보학과,교과,학생부교과(면접전형),70%컷(최종),4.2,2026,7,12.5
계명대,국어교육과,교과,학생부교과(면접전형),70%컷(최종),3.22,2026,4,11.25
계명대,국제통상학과,교과,학생부교과(면접전형),70%컷(최종),5.21,2026,12,7.58
계명대,법학과,교과,학생부교과(면접전형),70%컷(최종),4.54,2026,8,7
계명대,사회복지학과,교과,학생부교과(면접전형),70%컷(최종),4.4,2026,7,14.43
계명대,스포츠마케팅학과,교과,학생부교과(면접전형),70%컷(최종),3.89,2026,7,12.8
계명대,심리학과,교과,학생부교과(면접전형),70%컷(최종),3.77,2026,7,12.57
계명대,언론영상학과,교과,학생부교과(면접전형),70%컷(최종),4.61,2026,10,7.88
계명대,영어교육과,교과,학생부교과(면접전형),70%컷(최종),3.43,2026,4,14.75
계명대,영어영문학과,교과,학생부교과(면접전형),70%컷(최종),4.61,2026,7,6.71
계명대,유아교육과,교과,학생부교과(면접전형),70%컷(최종),3.99,2026,4,9
계명대,일본어일본학과,교과,학생부교과(면접전형),70%컷(최종),4.97,2026,7,9.14
계명대,자율전공부,교과,학생부교과(면접전형),70%컷(최종),4.28,2026,40,7.36
계명대,중국어중국학과,교과,학생부교과(면접전형),70%컷(최종),5.48,2026,6,5.67
계명대,패션마케팅학과,교과,학생부교과(면접전형),70%컷(최종),4.53,2026,5,7.8
계명대,행정학과,교과,학생부교과(면접전형),70%컷(최종),4.64,2026,8,7.88
계명대,회계세무학과,교과,학생부교과(면접전형),70%컷(최종),4.73,2026,7,6
계명대,간호학과,교과,학생부교과(면접전형),70%컷(최종),2.45,2026,15,14.75
계명대,건축학과(5년제),교과,학생부교과(면접전형),70%컷(최종),3.14,2026,5,17
계명대,기계공학과,교과,학생부교과(면접전형),70%컷(최종),4.89,2026,12,7.58
계명대,디지펜게임공학과,교과,학생부교과(면접전형),70%컷(최종),4.29,2026,7,6
계명대,로봇공학과,교과,학생부교과(면접전형),70%컷(최종),5.66,2026,5,6
계명대,약학부(6년제),교과,학생부교과(면접전형),70%컷(최종),1.28,2026,5,25.8
계명대,컴퓨터공학과,교과,학생부교과(면접전형),70%컷(최종),4.7,2026,8,5.5
계명대,화학공학과,교과,학생부교과(면접전형),70%컷(최종),4.73,2026,8,4.5
계명대,경영빅데이터학과,교과,학생부교과(일반전형),70%컷(최종),4.64,2026,6,12.5
계명대,경영정보학과,교과,학생부교과(일반전형),70%컷(최종),4.6,2026,9,9.25
계명대,경영학과,교과,학생부교과(일반전형),70%컷(최종),3.76,2026,25,7.8
계명대,경영학과(야),교과,학생부교과(일반전형),70%컷(최종),3.76,2026,10,4
계명대,경제금융학과,교과,학생부교과(일반전형),70%컷(최종),4.53,2026,30,9.37
계명대,경찰행정학과,교과,학생부교과(일반전형),70%컷(최종),2.65,2026,15,13.81
계명대,관광경영학과,교과,학생부교과(일반전형),70%컷(최종),4.63,2026,16,11.31
계명대,광고홍보학과,교과,학생부교과(일반전형),70%컷(최종),3.48,2026,11,18.09
계명대,교육학과,교과,학생부교과(일반전형),70%컷(최종),3.04,2026,6,7.83
계명대,국어교육과,교과,학생부교과(일반전형),70%컷(최종),3.41,2026,7,17
계명대,국어국문학과,교과,학생부교과(일반전형),70%컷(최종),4.22,2026,7,12.7
계명대,국제통상학과,교과,학생부교과(일반전형),70%컷(최종),4.8,2026,38,8.71
계명대,기독교학과,교과,학생부교과(일반전형),70%컷(최종),4.95,2026,8,6.38
계명대,독일유럽학과,교과,학생부교과(일반전형),70%컷(최종),5.39,2026,8,8.17
계명대,러시아중앙아시아학과,교과,학생부교과(일반전형),70%컷(최종),5.03,2026,5,7.2
계명대,문예창작학과,교과,학생부교과(일반전형),70%컷(최종),3.43,2026,4,10.71
계명대,문헌정보학과,교과,학생부교과(일반전형),70%컷(최종),3.77,2026,14,6.38
계명대,법학과,교과,학생부교과(일반전형),70%컷(최종),4,2026,18,5.11
계명대,사학과,교과,학생부교과(일반전형),70%컷(최종),4.25,2026,8,9
계명대,사회복지학과,교과,학생부교과(일반전형),70%컷(최종),4.06,2026,10,21.89
계명대,사회학과,교과,학생부교과(일반전형),70%컷(최종),4.32,2026,6,9.25
계명대,스페인어중남미학과,교과,학생부교과(일반전형),70%컷(최종),4.58,2026,8,9.33
계명대,스포츠마케팅학과,교과,학생부교과(일반전형),70%컷(최종),3.82,2026,9,11.09
계명대,실버스포츠복지학과,교과,학생부교과(일반전형),70%컷(최종),4.65,2026,8,9.64
계명대,심리학과,교과,학생부교과(일반전형),70%컷(최종),3.22,2026,10,9.2
계명대,언론영상학과,교과,학생부교과(일반전형),70%컷(최종),3.65,2026,16,7.12
계명대,영어교육과,교과,학생부교과(일반전형),70%컷(최종),2.92,2026,7,10.43
계명대,영어영문학과,교과,학생부교과(일반전형),70%컷(최종),4.04,2026,17,8.47
계명대,유아교육과,교과,학생부교과(일반전형),70%컷(최종),3.25,2026,7,14.43
계명대,일본어일본학과,교과,학생부교과(일반전형),70%컷(최종),4.21,2026,18,8.22
계명대,자율전공부,교과,학생부교과(일반전형),70%컷(최종),4.04,2026,60,5.1
계명대,정치외교학과,교과,학생부교과(일반전형),70%컷(최종),4.56,2026,7,11
계명대,중국어중국학과,교과,학생부교과(일반전형),70%컷(최종),4.99,2026,12,11.46
계명대,철학과,교과,학생부교과(일반전형),70%컷(최종),3.16,2026,6,31.83
계명대,패션마케팅학과,교과,학생부교과(일반전형),70%컷(최종),3.57,2026,7,11.5
계명대,한국어교육과,교과,학생부교과(일반전형),70%컷(최종),4.8,2026,6,10.5
계명대,한문교육과,교과,학생부교과(일반전형),70%컷(최종),4.1,2026,6,11.5
계명대,행정학과,교과,학생부교과(일반전형),70%컷(최종),3.85,2026,18,9.43
계명대,회계세무학과,교과,학생부교과(일반전형),70%컷(최종),4.44,2026,26,9.12
계명대,간호학과,교과,학생부교과(일반전형),70%컷(최종),1.97,2026,12,13.2
계명대,건축공학과,교과,학생부교과(일반전형),70%컷(최종),4.46,2026,13,12.81
계명대,건축학과(5년제),교과,학생부교과(일반전형),70%컷(최종),3.14,2026,7,14
계명대,게임소프트웨어학과,교과,학생부교과(일반전형),70%컷(최종),4.45,2026,6,11
계명대,공중보건학과,교과,학생부교과(일반전형),70%컷(최종),4.38,2026,12,11.44
계명대,교통공학과,교과,학생부교과(일반전형),70%컷(최종),5.4,2026,11,7.67
계명대,기계공학과,교과,학생부교과(일반전형),70%컷(최종),4.68,2026,29,10.09
계명대,도시계획학과,교과,학생부교과(일반전형),70%컷(최종),4.92,2026,11,7.42
계명대,디지펜게임공학과,교과,학생부교과(일반전형),70%컷(최종),4.01,2026,4,5.71
계명대,로봇공학과,교과,학생부교과(일반전형),70%컷(최종),5.1,2026,12,6.67
계명대,산업공학과,교과,학생부교과(일반전형),70%컷(최종),4.97,2026,10,15.64
계명대,생명과학과,교과,학생부교과(일반전형),70%컷(최종),4.32,2026,13,9.75
계명대,생태조경학과,교과,학생부교과(일반전형),70%컷(최종),4.52,2026,11,8.75
계명대,식품가공학과,교과,학생부교과(일반전형),70%컷(최종),4.21,2026,8,12.64
계명대,식품영양학과,교과,학생부교과(일반전형),70%컷(최종),3.67,2026,8,14.36
계명대,신소재공학과,교과,학생부교과(일반전형),70%컷(최종),4.76,2026,10,8.18
계명대,의예과,교과,학생부교과(일반전형),70%컷(최종),1.23,2026,6,30.57
계명대,의용공학과,교과,학생부교과(일반전형),70%컷(최종),5.75,2026,13,9.19
계명대,자동차공학과,교과,학생부교과(일반전형),70%컷(최종),5.3,2026,11,10.92
계명대,전기공학과,교과,학생부교과(일반전형),70%컷(최종),4.62,2026,10,10.25
계명대,전자공학과,교과,학생부교과(일반전형),70%컷(최종),4.3,2026,11,11.19
계명대,컴퓨터공학과,교과,학생부교과(일반전형),70%컷(최종),4.27,2026,19,7.53
계명대,토목공학과,교과,학생부교과(일반전형),70%컷(최종),4.76,2026,9,10.44
계명대,통계학과,교과,학생부교과(일반전형),70%컷(최종),5.04,2026,7,5.17
계명대,혁신신약학과,교과,학생부교과(일반전형),70%컷(최종),3.22,2026,5,9.88
계명대,화학공학과,교과,학생부교과(일반전형),70%컷(최종),4.43,2026,18,7.78
계명대,환경공학과,교과,학생부교과(일반전형),70%컷(최종),4.47,2026,11,10.45
계명대,사진영상미디어과,교과,학생부교과(일반전형),70%컷(최종),2.64,2026,5,19.75
계명대,경영빅데이터학과,종합,학생부종합(일반전형),70%컷(최종),5.51,2026,10,3.6
계명대,경영정보학과,종합,학생부종합(일반전형),70%컷(최종),5.17,2026,10,4
계명대,경영학과,종합,학생부종합(일반전형),70%컷(최종),4.76,2026,20,8.6
계명대,경영학과(야),종합,학생부종합(일반전형),70%컷(최종),4.76,2026,5,4.2
계명대,경제금융학과,종합,학생부종합(일반전형),70%컷(최종),4.99,2026,19,4.68
계명대,경찰행정학과,종합,학생부종합(일반전형),70%컷(최종),3.04,2026,14,13.91
계명대,관광경영학과,종합,학생부종합(일반전형),70%컷(최종),5.12,2026,14,6.5
계명대,광고홍보학과,종합,학생부종합(일반전형),70%컷(최종),4.31,2026,8,16.25
계명대,교육학과,종합,학생부종합(일반전형),70%컷(최종),4.21,2026,6,4.33
계명대,국어교육과,종합,학생부종합(일반전형),70%컷(최종),3.57,2026,6,4.17
계명대,국어국문학과,종합,학생부종합(일반전형),70%컷(최종),5.02,2026,9,4.56
계명대,국제통상학과,종합,학생부종합(일반전형),70%컷(최종),5.43,2026,25,4.12
계명대,기독교학과,종합,학생부종합(일반전형),70%컷(최종),6.38,2026,4,2.75
계명대,독일유럽학과,종합,학생부종합(일반전형),70%컷(최종),6.17,2026,9,4
계명대,러시아중앙아시아학과,종합,학생부종합(일반전형),70%컷(최종),6,2026,9,4.33
계명대,문예창작학과,종합,학생부종합(일반전형),70%컷(최종),4.96,2026,13,5.71
계명대,문헌정보학과,종합,학생부종합(일반전형),70%컷(최종),3.76,2026,8,9.63
계명대,법학과,종합,학생부종합(일반전형),70%컷(최종),4.68,2026,16,3.38
계명대,사학과,종합,학생부종합(일반전형),70%컷(최종),4.47,2026,9,5.67
계명대,사회복지학과,종합,학생부종합(일반전형),70%컷(최종),5.25,2026,14,13.14
계명대,사회학과,종합,학생부종합(일반전형),70%컷(최종),4.79,2026,9,6.56
계명대,스페인어중남미학과,종합,학생부종합(일반전형),70%컷(최종),5.59,2026,9,3.78
계명대,스포츠마케팅학과,종합,학생부종합(일반전형),70%컷(최종),4.24,2026,9,10.78
계명대,실버스포츠복지학과,종합,학생부종합(일반전형),70%컷(최종),5.23,2026,10,9.45
계명대,심리학과,종합,학생부종합(일반전형),70%컷(최종),4.16,2026,14,8.43
계명대,언론영상학과,종합,학생부종합(일반전형),70%컷(최종),4.03,2026,12,9.33
계명대,영어교육과,종합,학생부종합(일반전형),70%컷(최종),3.85,2026,6,9.5
계명대,영어영문학과,종합,학생부종합(일반전형),70%컷(최종),4.94,2026,12,5.58
계명대,유아교육과,종합,학생부종합(일반전형),70%컷(최종),4.13,2026,6,15.83
계명대,일본어일본학과,종합,학생부종합(일반전형),70%컷(최종),5.19,2026,16,7.88
계명대,자율전공부,종합,학생부종합(일반전형),70%컷(최종),4.51,2026,60,7.09
계명대,정치외교학과,종합,학생부종합(일반전형),70%컷(최종),4.98,2026,9,4.44
계명대,중국어중국학과,종합,학생부종합(일반전형),70%컷(최종),5.6,2026,16,4.44
계명대,철학과,종합,학생부종합(일반전형),70%컷(최종),5.54,2026,6,5.83
계명대,패션마케팅학과,종합,학생부종합(일반전형),70%컷(최종),4.61,2026,9,9
계명대,한국어교육과,종합,학생부종합(일반전형),70%컷(최종),5.37,2026,9,3.56
계명대,한문교육과,종합,학생부종합(일반전형),70%컷(최종),5.45,2026,6,3.5
계명대,행정학과,종합,학생부종합(일반전형),70%컷(최종),4.51,2026,16,4.75
계명대,회계세무학과,종합,학생부종합(일반전형),70%컷(최종),5.4,2026,20,3.35
계명대,간호학과,종합,학생부종합(일반전형),70%컷(최종),2.52,2026,25,12.32
계명대,건축공학과,종합,학생부종합(일반전형),70%컷(최종),5.47,2026,13,4.62
계명대,건축학과(5년제),종합,학생부종합(일반전형),70%컷(최종),4.28,2026,10,8.78
계명대,게임소프트웨어학과,종합,학생부종합(일반전형),70%컷(최종),4.35,2026,10,10.22
계명대,공중보건학과,종합,학생부종합(일반전형),70%컷(최종),4.7,2026,11,7.22
계명대,교통공학과,종합,학생부종합(일반전형),70%컷(최종),5.69,2026,9,3.56
계명대,기계공학과,종합,학생부종합(일반전형),70%컷(최종),5.34,2026,24,4.57
계명대,도시계획학과,종합,학생부종합(일반전형),70%컷(최종),5.34,2026,9,4.67
계명대,디지펜게임공학과,종합,학생부종합(일반전형),70%컷(최종),4.53,2026,8,3.86
계명대,로봇공학과,종합,학생부종합(일반전형),70%컷(최종),5.42,2026,11,4.25
계명대,산업공학과,종합,학생부종합(일반전형),70%컷(최종),5.94,2026,9,3.89
계명대,생명과학과,종합,학생부종합(일반전형),70%컷(최종),4.46,2026,14,5.93
계명대,생태조경학과,종합,학생부종합(일반전형),70%컷(최종),5.35,2026,9,4.33
계명대,수학과,종합,학생부종합(일반전형),70%컷(최종),5.55,2026,6,3
계명대,식품가공학과,종합,학생부종합(일반전형),70%컷(최종),4.99,2026,9,7.33
계명대,식품영양학과,종합,학생부종합(일반전형),70%컷(최종),4.22,2026,9,11
계명대,신소재공학과,종합,학생부종합(일반전형),70%컷(최종),5.22,2026,9,4.89
계명대,의예과,종합,학생부종합(일반전형),70%컷(최종),1.4,2026,6,25.38
계명대,의용공학과,종합,학생부종합(일반전형),70%컷(최종),5.95,2026,9,4.44
계명대,자동차공학과,종합,학생부종합(일반전형),70%컷(최종),5.07,2026,11,6.11
계명대,전기공학과,종합,학생부종합(일반전형),70%컷(최종),5.29,2026,13,4.62
계명대,전자공학과,종합,학생부종합(일반전형),70%컷(최종),4.89,2026,13,3.46
계명대,컴퓨터공학과,종합,학생부종합(일반전형),70%컷(최종),4.54,2026,16,6.44
계명대,토목공학과,종합,학생부종합(일반전형),70%컷(최종),5.3,2026,14,5.07
계명대,통계학과,종합,학생부종합(일반전형),70%컷(최종),5.51,2026,11,4.11
계명대,혁신신약학과,종합,학생부종합(일반전형),70%컷(최종),4.04,2026,6,6.33
계명대,화학공학과,종합,학생부종합(일반전형),70%컷(최종),5.12,2026,16,3
계명대,화학과,종합,학생부종합(일반전형),70%컷(최종),4.76,2026,12,3
계명대,환경공학과,종합,학생부종합(일반전형),70%컷(최종),5.26,2026,9,5.56
계명대,공예디자인과,종합,학생부종합(일반전형),70%컷(최종),3.7,2026,4,4
계명대,사진영상미디어과,종합,학생부종합(일반전형),70%컷(최종),5.03,2026,10,15.17
계명대,사회체육학과,종합,학생부종합(일반전형),70%컷(최종),4.49,2026,5,11.4
계명대,산업디자인과,종합,학생부종합(일반전형),70%컷(최종),2.92,2026,4,3.25
계명대,시각디자인과,종합,학생부종합(일반전형),70%컷(최종),3.23,2026,15,8.14
계명대,실용음악음향과,종합,학생부종합(일반전형),70%컷(최종),4.89,2026,3,4.67
계명대,연극뮤지컬과,종합,학생부종합(일반전형),70%컷(최종),4.42,2026,3,6.4
계명대,영상애니메이션과,종합,학생부종합(일반전형),70%컷(최종),2.68,2026,4,10.25
계명대,웹툰과,종합,학생부종합(일반전형),70%컷(최종),2.54,2026,4,15.25
계명대,체육학과,종합,학생부종합(일반전형),70%컷(최종),4.85,2026,10,7.6
계명대,패션디자인과,종합,학생부종합(일반전형),70%컷(최종),4.74,2026,10,5.4
계명대,경영빅데이터학과,교과,학생부교과(지역전형),70%컷(최종),1.45,2026,5,4.14
계명대,경영정보학과,교과,학생부교과(지역전형),70%컷(최종),1.57,2026,7,3.89
계명대,경영학과,교과,학생부교과(지역전형),70%컷(최종),1.09,2026,22,8.55
계명대,경영학과(야),교과,학생부교과(지역전형),70%컷(최종),1.09,2026,8,4
계명대,경제금융학과,교과,학생부교과(지역전형),70%컷(최종),1.5,2026,20,3.9
계명대,경찰행정학과,교과,학생부교과(지역전형),70%컷(최종),1,2026,10,14.92
계명대,관광경영학과,교과,학생부교과(지역전형),70%컷(최종),1.5,2026,13,4.92
계명대,광고홍보학과,교과,학생부교과(지역전형),70%컷(최종),1,2026,9,11.7
계명대,국어국문학과,교과,학생부교과(지역전형),70%컷(최종),1.1,2026,5,5.43
계명대,국제통상학과,교과,학생부교과(지역전형),70%컷(최종),1.46,2026,31,4.48
계명대,기독교학과,교과,학생부교과(지역전형),70%컷(최종),1.77,2026,4,4
계명대,독일유럽학과,교과,학생부교과(지역전형),70%컷(최종),1.6,2026,6,4.71
계명대,러시아중앙아시아학과,교과,학생부교과(지역전형),70%컷(최종),2,2026,4,5
계명대,문헌정보학과,교과,학생부교과(지역전형),70%컷(최종),1,2026,10,5.08
계명대,법학과,교과,학생부교과(지역전형),70%컷(최종),1.27,2026,13,5.38
계명대,사학과,교과,학생부교과(지역전형),70%컷(최종),1.33,2026,5,4.57
계명대,사회복지학과,교과,학생부교과(지역전형),70%컷(최종),1,2026,7,14.33
계명대,사회학과,교과,학생부교과(지역전형),70%컷(최종),1.5,2026,7,5.43
계명대,스페인어중남미학과,교과,학생부교과(지역전형),70%컷(최종),1.67,2026,6,4.14
계명대,스포츠마케팅학과,교과,학생부교과(지역전형),70%컷(최종),1.25,2026,6,6.83
계명대,실버스포츠복지학과,교과,학생부교과(지역전형),70%컷(최종),1.35,2026,6,6.33
계명대,심리학과,교과,학생부교과(지역전형),70%컷(최종),1,2026,9,11.67
계명대,언론영상학과,교과,학생부교과(지역전형),70%컷(최종),1.04,2026,13,6.36
계명대,영어영문학과,교과,학생부교과(지역전형),70%컷(최종),1.35,2026,14,4.07
계명대,일본어일본학과,교과,학생부교과(지역전형),70%컷(최종),1.33,2026,16,6
계명대,자율전공부,교과,학생부교과(지역전형),70%컷(최종),1.24,2026,45,5.73
계명대,정치외교학과,교과,학생부교과(지역전형),70%컷(최종),1.37,2026,6,5.14
계명대,중국어중국학과,교과,학생부교과(지역전형),70%컷(최종),1.56,2026,9,4.31
계명대,철학과,교과,학생부교과(지역전형),70%컷(최종),1.17,2026,4,10.5
계명대,패션마케팅학과,교과,학생부교과(지역전형),70%컷(최종),1.27,2026,5,6.8
계명대,한국어교육과,교과,학생부교과(지역전형),70%컷(최종),1.65,2026,4,5
계명대,행정학과,교과,학생부교과(지역전형),70%컷(최종),1.12,2026,15,4.4
계명대,회계세무학과,교과,학생부교과(지역전형),70%컷(최종),1.56,2026,20,4.7
계명대,간호학과,교과,학생부교과(지역전형),70%컷(최종),1,2026,25,18.37
계명대,건축공학과,교과,학생부교과(지역전형),70%컷(최종),1.5,2026,9,4.82
계명대,건축학과(5년제),교과,학생부교과(지역전형),70%컷(최종),1.11,2026,5,10.83
계명대,게임소프트웨어학과,교과,학생부교과(지역전형),70%컷(최종),1,2026,4,5.14
계명대,공중보건학과,교과,학생부교과(지역전형),70%컷(최종),1.32,2026,7,8
계명대,교통공학과,교과,학생부교과(지역전형),70%컷(최종),1.82,2026,7,5.43
계명대,기계공학과,교과,학생부교과(지역전형),70%컷(최종),1.78,2026,22,4.43
계명대,도시계획학과,교과,학생부교과(지역전형),70%컷(최종),1.38,2026,7,4.71
계명대,디지펜게임공학과,교과,학생부교과(지역전형),70%컷(최종),1,2026,3,3.75
계명대,로봇공학과,교과,학생부교과(지역전형),70%컷(최종),1.47,2026,8,6.14
계명대,산업공학과,교과,학생부교과(지역전형),70%컷(최종),2,2026,8,8.38
계명대,생명과학과,교과,학생부교과(지역전형),70%컷(최종),1.44,2026,9,4.27
계명대,생태조경학과,교과,학생부교과(지역전형),70%컷(최종),1.83,2026,7,4.86
계명대,수학과,교과,학생부교과(지역전형),70%컷(최종),2.14,2026,4,6
계명대,식품가공학과,교과,학생부교과(지역전형),70%컷(최종),1.29,2026,5,7.14
계명대,식품영양학과,교과,학생부교과(지역전형),70%컷(최종),1.14,2026,5,12.86
계명대,신소재공학과,교과,학생부교과(지역전형),70%컷(최종),1.32,2026,8,4.38
계명대,약학부(6년제),교과,학생부교과(지역전형),70%컷(최종),1.38,2026,8,21.63
계명대,의예과,교과,학생부교과(지역전형),70%컷(최종),1.23,2026,23,14.63
계명대,의용공학과,교과,학생부교과(지역전형),70%컷(최종),2.05,2026,10,5.5
계명대,자동차공학과,교과,학생부교과(지역전형),70%컷(최종),1.81,2026,7,5.71
계명대,전기공학과,교과,학생부교과(지역전형),70%컷(최종),1.66,2026,11,5.82
계명대,전자공학과,교과,학생부교과(지역전형),70%컷(최종),1.4,2026,11,6.73
계명대,컴퓨터공학과,교과,학생부교과(지역전형),70%컷(최종),1.27,2026,13,7.31
계명대,토목공학과,교과,학생부교과(지역전형),70%컷(최종),1.55,2026,4,6.75
계명대,통계학과,교과,학생부교과(지역전형),70%컷(최종),1.8,2026,3,4
계명대,혁신신약학과,교과,학생부교과(지역전형),70%컷(최종),1,2026,3,9.8
계명대,화학공학과,교과,학생부교과(지역전형),70%컷(최종),1.6,2026,15,3.87
계명대,화학과,교과,학생부교과(지역전형),70%컷(최종),2,2026,6,4
계명대,환경공학과,교과,학생부교과(지역전형),70%컷(최종),1.53,2026,8,5.38
계명대,경영빅데이터학과,종합,학생부종합(지역전형),70%컷(최종),5.49,2026,7,3.57
계명대,경영정보학과,종합,학생부종합(지역전형),70%컷(최종),4.93,2026,7,3.71
계명대,경영학과,종합,학생부종합(지역전형),70%컷(최종),4.37,2026,15,6.4
계명대,경영학과(야),종합,학생부종합(지역전형),70%컷(최종),4.37,2026,4,4.25
계명대,경제금융학과,종합,학생부종합(지역전형),70%컷(최종),5.64,2026,15,3.6
계명대,경찰행정학과,종합,학생부종합(지역전형),70%컷(최종),2.88,2026,8,11
계명대,관광경영학과,종합,학생부종합(지역전형),70%컷(최종),5.24,2026,10,4.2
계명대,광고홍보학과,종합,학생부종합(지역전형),70%컷(최종),4.6,2026,6,11.33
계명대,국어국문학과,종합,학생부종합(지역전형),70%컷(최종),5.07,2026,7,3.57
계명대,국제통상학과,종합,학생부종합(지역전형),70%컷(최종),5.83,2026,18,3.17
계명대,기독교학과,종합,학생부종합(지역전형),70%컷(최종),6.2,2026,4,2.5
계명대,독일유럽학과,종합,학생부종합(지역전형),70%컷(최종),5.84,2026,6,3
계명대,러시아중앙아시아학과,종합,학생부종합(지역전형),70%컷(최종),6.36,2026,6,2.33
계명대,문예창작학과,종합,학생부종합(지역전형),70%컷(최종),5.14,2026,6,3.38
계명대,문헌정보학과,종합,학생부종합(지역전형),70%컷(최종),4.01,2026,5,6.4
계명대,법학과,종합,학생부종합(지역전형),70%컷(최종),4.81,2026,12,3.17
계명대,사학과,종합,학생부종합(지역전형),70%컷(최종),4.82,2026,6,3.83
계명대,사회복지학과,종합,학생부종합(지역전형),70%컷(최종),5.24,2026,11,8.45
계명대,사회학과,종합,학생부종합(지역전형),70%컷(최종),5.45,2026,6,4.5
계명대,스페인어중남미학과,종합,학생부종합(지역전형),70%컷(최종),5.85,2026,6,2.67
계명대,스포츠마케팅학과,종합,학생부종합(지역전형),70%컷(최종),4.49,2026,7,9
계명대,실버스포츠복지학과,종합,학생부종합(지역전형),70%컷(최종),5.37,2026,6,6.57
계명대,심리학과,종합,학생부종합(지역전형),70%컷(최종),4.09,2026,10,7.9
계명대,언론영상학과,종합,학생부종합(지역전형),70%컷(최종),4.3,2026,8,8.25
계명대,영어영문학과,종합,학생부종합(지역전형),70%컷(최종),5.25,2026,9,4.11
계명대,일본어일본학과,종합,학생부종합(지역전형),70%컷(최종),4.92,2026,12,6.42
계명대,자율전공부,종합,학생부종합(지역전형),70%컷(최종),4.98,2026,45,7.21
계명대,정치외교학과,종합,학생부종합(지역전형),70%컷(최종),5.25,2026,6,3.5
계명대,중국어중국학과,종합,학생부종합(지역전형),70%컷(최종),5.65,2026,12,3.75
계명대,철학과,종합,학생부종합(지역전형),70%컷(최종),4.34,2026,4,5
계명대,패션마케팅학과,종합,학생부종합(지역전형),70%컷(최종),4.8,2026,7,7.29
계명대,한국어교육과,종합,학생부종합(지역전형),70%컷(최종),5.05,2026,5,3.4
계명대,행정학과,종합,학생부종합(지역전형),70%컷(최종),4.73,2026,12,4.83
계명대,회계세무학과,종합,학생부종합(지역전형),70%컷(최종),4.81,2026,13,2.85
계명대,간호학과,종합,학생부종합(지역전형),70%컷(최종),2.58,2026,24,13.05
계명대,건축공학과,종합,학생부종합(지역전형),70%컷(최종),5.08,2026,10,6.1
계명대,건축학과(5년제),종합,학생부종합(지역전형),70%컷(최종),4.51,2026,6,7
계명대,게임소프트웨어학과,종합,학생부종합(지역전형),70%컷(최종),5.17,2026,7,6.83
계명대,공중보건학과,종합,학생부종합(지역전형),70%컷(최종),5.15,2026,7,7.83
계명대,교통공학과,종합,학생부종합(지역전형),70%컷(최종),5.94,2026,6,3.5
계명대,기계공학과,종합,학생부종합(지역전형),70%컷(최종),5.55,2026,17,4.6
계명대,도시계획학과,종합,학생부종합(지역전형),70%컷(최종),5.83,2026,6,4.17
계명대,디지펜게임공학과,종합,학생부종합(지역전형),70%컷(최종),4.79,2026,4,4
계명대,로봇공학과,종합,학생부종합(지역전형),70%컷(최종),5.22,2026,7,4.29
계명대,산업공학과,종합,학생부종합(지역전형),70%컷(최종),6.08,2026,6,4
계명대,생명과학과,종합,학생부종합(지역전형),70%컷(최종),5.11,2026,10,4.7
계명대,생태조경학과,종합,학생부종합(지역전형),70%컷(최종),5.38,2026,6,4.17
계명대,수학과,종합,학생부종합(지역전형),70%컷(최종),5.56,2026,4,3
계명대,식품가공학과,종합,학생부종합(지역전형),70%컷(최종),4.61,2026,6,7.33
계명대,식품영양학과,종합,학생부종합(지역전형),70%컷(최종),4.3,2026,6,10.33
계명대,신소재공학과,종합,학생부종합(지역전형),70%컷(최종),5.06,2026,6,4.67
계명대,약학부(6년제),종합,학생부종합(지역전형),70%컷(최종),1.37,2026,8,27.75
계명대,의예과,종합,학생부종합(지역전형),70%컷(최종),1.71,2026,22,16.15
계명대,의용공학과,종합,학생부종합(지역전형),70%컷(최종),5.77,2026,6,4
계명대,자동차공학과,종합,학생부종합(지역전형),70%컷(최종),5.09,2026,7,5.33
계명대,전기공학과,종합,학생부종합(지역전형),70%컷(최종),5.36,2026,10,4.1
계명대,전자공학과,종합,학생부종합(지역전형),70%컷(최종),5.1,2026,10,3.4
계명대,컴퓨터공학과,종합,학생부종합(지역전형),70%컷(최종),4.98,2026,12,5.17
계명대,토목공학과,종합,학생부종합(지역전형),70%컷(최종),5.42,2026,10,5.1
계명대,통계학과,종합,학생부종합(지역전형),70%컷(최종),5.95,2026,7,2.67
계명대,혁신신약학과,종합,학생부종합(지역전형),70%컷(최종),4.32,2026,5,5.2
계명대,화학공학과,종합,학생부종합(지역전형),70%컷(최종),4.6,2026,12,3.83
계명대,화학과,종합,학생부종합(지역전형),70%컷(최종),5.25,2026,7,3.25
계명대,환경공학과,종합,학생부종합(지역전형),70%컷(최종),5.4,2026,6,5
고려대,[유형2] 자유전공학부,교과,학생부교과(학교추천전형),70%컷(최종),1.3,2026,18,5.56
고려대,경영학과,교과,학생부교과(학교추천전형),70%컷(최종),1.48,2026,54,3.29
고려대,경제학과,교과,학생부교과(학교추천전형),70%컷(최종),1.38,2026,21,6.67
고려대,교육학과,교과,학생부교과(학교추천전형),70%컷(최종),1.62,2026,8,5.38
고려대,국어교육과,교과,학생부교과(학교추천전형),70%컷(최종),1.44,2026,8,4.5
고려대,국어국문학과,교과,학생부교과(학교추천전형),70%컷(최종),1.44,2026,9,3.44
고려대,국제학부,교과,학생부교과(학교추천전형),70%컷(최종),1.42,2026,6,6.14
고려대,노어노문학과,교과,학생부교과(학교추천전형),70%컷(최종),1.56,2026,6,9.33
고려대,독어독문학과,교과,학생부교과(학교추천전형),70%컷(최종),1.54,2026,6,8
고려대,미디어학부,교과,학생부교과(학교추천전형),70%컷(최종),1.28,2026,10,4.1
고려대,보건정책관리학부,교과,학생부교과(학교추천전형),70%컷(최종),1.42,2026,12,7.08
고려대,불어불문학과,교과,학생부교과(학교추천전형),70%컷(최종),1.47,2026,6,9.17
고려대,사학과,교과,학생부교과(학교추천전형),70%컷(최종),1.53,2026,7,3.71
고려대,사회학과,교과,학생부교과(학교추천전형),70%컷(최종),1.35,2026,12,4.42
고려대,서어서문학과,교과,학생부교과(학교추천전형),70%컷(최종),1.49,2026,7,10
고려대,식품자원경제학과,교과,학생부교과(학교추천전형),70%컷(최종),1.45,2026,9,5.22
고려대,심리학부,교과,학생부교과(학교추천전형),70%컷(최종),1.42,2026,6,5.17
고려대,언어학과,교과,학생부교과(학교추천전형),70%컷(최종),1.54,2026,4,5
고려대,역사교육과,교과,학생부교과(학교추천전형),70%컷(최종),1.46,2026,5,3.6
고려대,영어교육과,교과,학생부교과(학교추천전형),70%컷(최종),1.52,2026,9,4.22
고려대,영어영문학과,교과,학생부교과(학교추천전형),70%컷(최종),1.43,2026,16,4.5
고려대,일어일문학과,교과,학생부교과(학교추천전형),70%컷(최종),1.48,2026,7,6.29
고려대,정치외교학과,교과,학생부교과(학교추천전형),70%컷(최종),1.23,2026,12,4.58
고려대,중어중문학과,교과,학생부교과(학교추천전형),70%컷(최종),1.5,2026,8,6.63
고려대,지리교육과,교과,학생부교과(학교추천전형),70%컷(최종),1.51,2026,6,6.83
고려대,철학과,교과,학생부교과(학교추천전형),70%컷(최종),1.48,2026,11,4.91
고려대,통계학과,교과,학생부교과(학교추천전형),70%컷(최종),1.45,2026,14,5.29
고려대,한국사학과,교과,학생부교과(학교추천전형),70%컷(최종),1.66,2026,4,6
고려대,한문학과,교과,학생부교과(학교추천전형),70%컷(최종),1.62,2025,4,6.25
고려대,행정학과,교과,학생부교과(학교추천전형),70%컷(최종),1.5,2026,12,3.17
고려대,가정교육과,교과,학생부교과(학교추천전형),70%컷(최종),1.41,2026,7,25.29
고려대,간호학과,교과,학생부교과(학교추천전형),70%컷(최종),1.41,2026,10,9.8
고려대,건축사회환경공학부,교과,학생부교과(학교추천전형),70%컷(최종),1.43,2026,15,16.27
고려대,건축학과,교과,학생부교과(학교추천전형),70%컷(최종),1.47,2026,6,5.83
고려대,기계공학부,교과,학생부교과(학교추천전형),70%컷(최종),1.29,2026,21,8.38
고려대,데이터과학과,교과,학생부교과(학교추천전형),70%컷(최종),1.35,2026,7,6.43
고려대,물리학과,교과,학생부교과(학교추천전형),70%컷(최종),1.35,2026,8,12.5
고려대,바이오시스템의과학부,교과,학생부교과(학교추천전형),70%컷(최종),1.14,2026,10,6
고려대,바이오의공학부,교과,학생부교과(학교추천전형),70%컷(최종),1.26,2026,12,9.75
고려대,보건환경융합과학부,교과,학생부교과(학교추천전형),70%컷(최종),1.28,2026,18,8.56
고려대,산업경영공학부,교과,학생부교과(학교추천전형),70%컷(최종),1.3,2026,8,7
고려대,생명공학부,교과,학생부교과(학교추천전형),70%컷(최종),1.27,2026,17,4.76
고려대,생명과학부,교과,학생부교과(학교추천전형),70%컷(최종),1.26,2026,15,5.53
고려대,수학과,교과,학생부교과(학교추천전형),70%컷(최종),1.34,2026,8,6.25
고려대,수학교육과,교과,학생부교과(학교추천전형),70%컷(최종),1.3,2026,6,5.83
고려대,스마트보안학부,교과,학생부교과(학교추천전형),70%컷(최종),1.32,2026,8,7.25
고려대,식품공학과,교과,학생부교과(학교추천전형),70%컷(최종),1.3,2026,7,11.43
고려대,신소재공학부,교과,학생부교과(학교추천전형),70%컷(최종),1.29,2026,22,9.64
고려대,융합에너지공학과,교과,학생부교과(학교추천전형),70%컷(최종),1.39,2026,5,11
고려대,의학과,교과,학생부교과(학교추천전형),70%컷(최종),1.07,2025,18,12.89
고려대,인공지능학과,교과,학생부교과(학교추천전형),70%컷(최종),1.35,2026,16,4.63
고려대,전기전자공학부,교과,학생부교과(학교추천전형),70%컷(최종),1.22,2026,34,5.94
고려대,지구환경과학과,교과,학생부교과(학교추천전형),70%컷(최종),1.49,2025,4,10.25
고려대,컴퓨터학과,교과,학생부교과(학교추천전형),70%컷(최종),1.69,2026,19,4.43
고려대,화공생명공학과,교과,학생부교과(학교추천전형),70%컷(최종),1.22,2026,14,6.57
고려대,화학과,교과,학생부교과(학교추천전형),70%컷(최종),1.36,2025,7,11.29
고려대,환경생태공학부,교과,학생부교과(학교추천전형),70%컷(최종),1.31,2026,11,14.18
고려대,경영학과,종합,학생부종합(계열적합전형),70%컷(최종),2.06,2026,48,9.43
고려대,경제학과,종합,학생부종합(계열적합전형),70%컷(최종),2.32,2026,15,11
고려대,교육학과,종합,학생부종합(계열적합전형),70%컷(최종),1.75,2026,6,14.33
고려대,국어교육과,종합,학생부종합(계열적합전형),70%컷(최종),2.46,2026,6,10.33
고려대,국어국문학과,종합,학생부종합(계열적합전형),70%컷(최종),2.58,2026,7,14.29
고려대,국제학부,종합,학생부종합(계열적합전형),70%컷(최종),2.47,2026,9,18.7
고려대,글로벌한국융합학부,종합,학생부종합(계열적합전형),70%컷(최종),2.83,2026,5,18.8
고려대,노어노문학과,종합,학생부종합(계열적합전형),70%컷(최종),2.59,2026,4,11.25
고려대,독어독문학과,종합,학생부종합(계열적합전형),70%컷(최종),2.88,2026,4,13
고려대,미디어학부,종합,학생부종합(계열적합전형),70%컷(최종),2.23,2026,8,13.25
고려대,보건정책관리학부,종합,학생부종합(계열적합전형),70%컷(최종),2.96,2026,9,17.56
고려대,불어불문학과,종합,학생부종합(계열적합전형),70%컷(최종),2.43,2026,5,13.2
고려대,사학과,종합,학생부종합(계열적합전형),70%컷(최종),2.24,2026,5,15.6
고려대,사회학과,종합,학생부종합(계열적합전형),70%컷(최종),1.88,2026,9,14.78
고려대,서어서문학과,종합,학생부종합(계열적합전형),70%컷(최종),2.51,2026,6,10.17
고려대,식품자원경제학과,종합,학생부종합(계열적합전형),70%컷(최종),2.3,2026,6,13.67
고려대,심리학부,종합,학생부종합(계열적합전형),70%컷(최종),2.17,2026,5,11.8
고려대,언어학과,종합,학생부종합(계열적합전형),70%컷(최종),2.43,2025,3,12.33
고려대,역사교육과,종합,학생부종합(계열적합전형),70%컷(최종),3,2026,4,10.5
고려대,영어교육과,종합,학생부종합(계열적합전형),70%컷(최종),2.86,2026,7,11.29
고려대,영어영문학과,종합,학생부종합(계열적합전형),70%컷(최종),2.61,2026,12,11.08
고려대,일어일문학과,종합,학생부종합(계열적합전형),70%컷(최종),2.3,2026,5,13.2
고려대,정치외교학과,종합,학생부종합(계열적합전형),70%컷(최종),2.17,2026,9,16
고려대,중어중문학과,종합,학생부종합(계열적합전형),70%컷(최종),2.47,2026,6,12
고려대,지리교육과,종합,학생부종합(계열적합전형),70%컷(최종),2.94,2026,4,11.25
고려대,철학과,종합,학생부종합(계열적합전형),70%컷(최종),2.31,2025,3,22.33
고려대,통계학과,종합,학생부종합(계열적합전형),70%컷(최종),3.06,2026,11,10.18
고려대,한국사학과,종합,학생부종합(계열적합전형),70%컷(최종),2.28,2025,3,16
고려대,한문학과,종합,학생부종합(계열적합전형),70%컷(최종),2.1,2025,3,15
고려대,행정학과,종합,학생부종합(계열적합전형),70%컷(최종),2.67,2026,9,15.11
고려대,가정교육과,종합,학생부종합(계열적합전형),70%컷(최종),2.79,2026,4,14.75
고려대,간호학과,종합,학생부종합(계열적합전형),70%컷(최종),2.13,2026,6,12.71
고려대,건축사회환경공학부,종합,학생부종합(계열적합전형),70%컷(최종),2.74,2026,11,14.36
고려대,건축학과,종합,학생부종합(계열적합전형),70%컷(최종),2.88,2026,5,13
고려대,기계공학부,종합,학생부종합(계열적합전형),70%컷(최종),3.68,2026,15,14.56
고려대,데이터과학과,종합,학생부종합(계열적합전형),70%컷(최종),3.58,2026,6,13
고려대,물리학과,종합,학생부종합(계열적합전형),70%컷(최종),1.97,2025,6,16.5
고려대,바이오시스템의과학부,종합,학생부종합(계열적합전형),70%컷(최종),2.4,2026,8,16
고려대,바이오의공학부,종합,학생부종합(계열적합전형),70%컷(최종),2.9,2026,10,14
고려대,반도체공학과,종합,학생부종합(계열적합전형),70%컷(최종),3.79,2025,14,12.5
고려대,보건환경융합과학부,종합,학생부종합(계열적합전형),70%컷(최종),2.22,2026,13,17.77
고려대,산업경영공학부,종합,학생부종합(계열적합전형),70%컷(최종),3.18,2026,6,14.67
고려대,생명공학부,종합,학생부종합(계열적합전형),70%컷(최종),3.76,2026,12,12.69
고려대,생명과학부,종합,학생부종합(계열적합전형),70%컷(최종),2.38,2026,11,15.09
고려대,수학과,종합,학생부종합(계열적합전형),70%컷(최종),4.06,2025,5,16.33
고려대,수학교육과,종합,학생부종합(계열적합전형),70%컷(최종),1.97,2026,4,11.75
고려대,스마트모빌리티학부,종합,학생부종합(계열적합전형),70%컷(최종),3.78,2025,20,13.05
고려대,스마트보안학부,종합,학생부종합(계열적합전형),70%컷(최종),3.94,2026,6,11
고려대,식품공학과,종합,학생부종합(계열적합전형),70%컷(최종),2.67,2026,5,13.8
고려대,신소재공학부,종합,학생부종합(계열적합전형),70%컷(최종),3.55,2026,15,14.24
고려대,융합에너지공학과,종합,학생부종합(계열적합전형),70%컷(최종),2.2,2026,4,16.25
고려대,의학과,종합,학생부종합(계열적합전형),70%컷(최종),1.69,2025,15,25
고려대,인공지능학과,종합,학생부종합(계열적합전형),70%컷(최종),2.17,2026,13,13.62
고려대,전기전자공학부,종합,학생부종합(계열적합전형),70%컷(최종),2.28,2026,25,11.36
고려대,지구환경과학과,종합,학생부종합(계열적합전형),70%컷(최종),2.67,2026,5,13
고려대,차세대통신학과,종합,학생부종합(계열적합전형),70%컷(최종),4.14,2025,10,12.8
고려대,컴퓨터학과,종합,학생부종합(계열적합전형),70%컷(최종),3.29,2025,15,12.14
고려대,화공생명공학과,종합,학생부종합(계열적합전형),70%컷(최종),2.38,2024,5,14.2
고려대,화학과,종합,학생부종합(계열적합전형),70%컷(최종),4.03,2026,5,20.8
고려대,환경생태공학부,종합,학생부종합(계열적합전형),70%컷(최종),2.4,2026,8,15.13
고려대,[유형2] 자유전공학부,종합,학생부종합(학업우수전형),70%컷(최종),2.56,2026,24,16.05
고려대,경영학과,종합,학생부종합(학업우수전형),70%컷(최종),2.18,2026,75,11.69
고려대,경제학과,종합,학생부종합(학업우수전형),70%컷(최종),2.27,2026,25,11.36
고려대,교육학과,종합,학생부종합(학업우수전형),70%컷(최종),1.78,2026,11,10.2
고려대,국어교육과,종합,학생부종합(학업우수전형),70%컷(최종),2,2026,9,12.44
고려대,국어국문학과,종합,학생부종합(학업우수전형),70%컷(최종),2.53,2026,11,15.91
고려대,국제학부,종합,학생부종합(학업우수전형),70%컷(최종),2.39,2026,9,13.9
고려대,노어노문학과,종합,학생부종합(학업우수전형),70%컷(최종),3.42,2026,7,15.86
고려대,독어독문학과,종합,학생부종합(학업우수전형),70%컷(최종),2.89,2026,7,12.5
고려대,미디어학부,종합,학생부종합(학업우수전형),70%컷(최종),2.06,2026,14,12.36
고려대,보건정책관리학부,종합,학생부종합(학업우수전형),70%컷(최종),2.64,2026,15,14.73
고려대,불어불문학과,종합,학생부종합(학업우수전형),70%컷(최종),3.13,2026,7,11.43
고려대,사학과,종합,학생부종합(학업우수전형),70%컷(최종),2.06,2026,9,14.63
고려대,사회학과,종합,학생부종합(학업우수전형),70%컷(최종),2,2026,15,11.33
고려대,서어서문학과,종합,학생부종합(학업우수전형),70%컷(최종),2.86,2026,10,11.7
고려대,식품자원경제학과,종합,학생부종합(학업우수전형),70%컷(최종),1.9,2026,10,14.6
고려대,심리학부,종합,학생부종합(학업우수전형),70%컷(최종),1.83,2026,8,12.25
고려대,언어학과,종합,학생부종합(학업우수전형),70%컷(최종),2.04,2026,6,12
고려대,역사교육과,종합,학생부종합(학업우수전형),70%컷(최종),1.94,2026,6,10.17
고려대,영어교육과,종합,학생부종합(학업우수전형),70%컷(최종),2.17,2026,11,10.36
고려대,영어영문학과,종합,학생부종합(학업우수전형),70%컷(최종),2.44,2026,21,10.3
고려대,일어일문학과,종합,학생부종합(학업우수전형),70%컷(최종),3.03,2026,8,11.13
고려대,정치외교학과,종합,학생부종합(학업우수전형),70%컷(최종),1.9,2026,17,11.87
고려대,중어중문학과,종합,학생부종합(학업우수전형),70%컷(최종),3.27,2026,10,9.1
고려대,지리교육과,종합,학생부종합(학업우수전형),70%컷(최종),1.81,2026,7,12.57
고려대,철학과,종합,학생부종합(학업우수전형),70%컷(최종),2.75,2026,5,24
고려대,통계학과,종합,학생부종합(학업우수전형),70%컷(최종),2.16,2026,16,13.25
고려대,한국사학과,종합,학생부종합(학업우수전형),70%컷(최종),2.48,2026,5,13.8
고려대,한문학과,종합,학생부종합(학업우수전형),70%컷(최종),2.96,2026,5,14.2
고려대,행정학과,종합,학생부종합(학업우수전형),70%컷(최종),2.06,2026,14,13.71
고려대,[유형2] 공과대학,종합,학생부종합(학업우수전형),70%컷(최종),2.04,2026,34,18.27
고려대,[유형2] 학부대학,종합,학생부종합(학업우수전형),70%컷(최종),1.87,2026,9,22.5
고려대,가정교육과,종합,학생부종합(학업우수전형),70%컷(최종),2.07,2026,7,28.29
고려대,간호학과,종합,학생부종합(학업우수전형),70%컷(최종),1.99,2026,13,22.58
고려대,건축사회환경공학부,종합,학생부종합(학업우수전형),70%컷(최종),2.07,2026,16,26.06
고려대,건축학과,종합,학생부종합(학업우수전형),70%컷(최종),1.66,2026,9,21
고려대,기계공학부,종합,학생부종합(학업우수전형),70%컷(최종),1.98,2026,25,16.82
고려대,데이터과학과,종합,학생부종합(학업우수전형),70%컷(최종),1.98,2026,8,20.63
고려대,물리학과,종합,학생부종합(학업우수전형),70%컷(최종),1.71,2026,10,21.2
고려대,바이오시스템의과학부,종합,학생부종합(학업우수전형),70%컷(최종),1.91,2026,14,29.85
고려대,바이오의공학부,종합,학생부종합(학업우수전형),70%컷(최종),2.04,2026,16,24.81
고려대,반도체공학과,종합,학생부종합(학업우수전형),70%컷(최종),1.72,2025,14,11.57
고려대,보건환경융합과학부,종합,학생부종합(학업우수전형),70%컷(최종),1.72,2026,22,28.55
고려대,산업경영공학부,종합,학생부종합(학업우수전형),70%컷(최종),1.64,2026,8,18.43
고려대,생명공학부,종합,학생부종합(학업우수전형),70%컷(최종),2.08,2026,22,20.27
고려대,생명과학부,종합,학생부종합(학업우수전형),70%컷(최종),2.04,2026,21,20.32
고려대,수학과,종합,학생부종합(학업우수전형),70%컷(최종),1.76,2026,12,16.45
고려대,수학교육과,종합,학생부종합(학업우수전형),70%컷(최종),1.6,2026,7,13.57
고려대,스마트모빌리티학부,종합,학생부종합(학업우수전형),70%컷(최종),2.39,2025,10,12.9
고려대,스마트보안학부,종합,학생부종합(학업우수전형),70%컷(최종),2.13,2026,11,17.27
고려대,식품공학과,종합,학생부종합(학업우수전형),70%컷(최종),1.76,2026,9,23.9
고려대,신소재공학부,종합,학생부종합(학업우수전형),70%컷(최종),1.63,2026,23,19.84
고려대,융합에너지공학과,종합,학생부종합(학업우수전형),70%컷(최종),2.3,2026,7,21.57
고려대,의학과,종합,학생부종합(학업우수전형),70%컷(최종),1.27,2025,28,28.29
고려대,인공지능학과,종합,학생부종합(학업우수전형),70%컷(최종),1.56,2026,22,14.19
고려대,전기전자공학부,종합,학생부종합(학업우수전형),70%컷(최종),2.04,2026,48,13.88
고려대,지구환경과학과,종합,학생부종합(학업우수전형),70%컷(최종),2.11,2026,6,27.33
고려대,차세대통신학과,종합,학생부종합(학업우수전형),70%컷(최종),2.17,2025,10,15.4
고려대,컴퓨터학과,종합,학생부종합(학업우수전형),70%컷(최종),1.67,2026,26,11
고려대,화공생명공학과,종합,학생부종합(학업우수전형),70%컷(최종),1.83,2026,15,21.6
고려대,화학과,종합,학생부종합(학업우수전형),70%컷(최종),2.18,2026,10,20.22
고려대,환경생태공학부,종합,학생부종합(학업우수전형),70%컷(최종),1.86,2026,14,34.08
고려대(세종),경제통계학부,교과,학생부교과(일반전형),70%컷(최종),3.96,2026,12,6.17
고려대(세종),공공사회· 통일외교학부,교과,학생부교과(일반전형),70%컷(최종),3.74,2026,14,7.71
고려대(세종),글로벌학부,교과,학생부교과(일반전형),70%컷(최종),3.84,2026,29,5.62
고려대(세종),문화유산융합학부,교과,학생부교과(일반전형),70%컷(최종),3.9,2026,10,5.7
고려대(세종),문화창의학부,교과,학생부교과(일반전형),70%컷(최종),3.29,2026,10,5.4
고려대(세종),융합경영학부,교과,학생부교과(일반전형),70%컷(최종),3.72,2026,34,9.06
고려대(세종),정부행정학부,교과,학생부교과(일반전형),70%컷(최종),3.72,2026,11,5.55
고려대(세종),표준·지식학과,교과,학생부교과(일반전형),70%컷(최종),3.86,2026,8,6
고려대(세종),디지털헬스케어공학과,교과,학생부교과(일반전형),70%컷(최종),3.71,2026,7,8
고려대(세종),미래모빌리티학과,교과,학생부교과(일반전형),환산70%컷(최종),945.39,2025,8,1.75
고려대(세종),반도체물리학부,교과,학생부교과(일반전형),70%컷(최종),2.99,2026,11,1.7
고려대(세종),빅데이터사이언스학부,교과,학생부교과(일반전형),70%컷(최종),3.47,2026,10,9.73
고려대(세종),생명정보공학과,교과,학생부교과(일반전형),70%컷(최종),3.18,2026,12,4
고려대(세종),스마트도시학부,교과,학생부교과(일반전형),환산70%컷(최종),957.78,2025,8,1.63
고려대(세종),식품생명공학과,교과,학생부교과(일반전형),70%컷(최종),3.78,2026,12,3.64
고려대(세종),신소재화학과,교과,학생부교과(일반전형),70%컷(최종),4.13,2026,9,2
고려대(세종),응용수리과학부,교과,학생부교과(일반전형),70%컷(최종),3.36,2026,7,3.83
고려대(세종),인공지능사이버보안학과,교과,학생부교과(일반전형),70%컷(최종),3.97,2026,12,3.9
고려대(세종),전자·기계융합공학과,교과,학생부교과(일반전형),70%컷(최종),4.11,2026,15,7.08
고려대(세종),전자및정보공학과,교과,학생부교과(일반전형),70%컷(최종),3.54,2026,25,2.64
고려대(세종),지능형반도체공학과,교과,학생부교과(일반전형),70%컷(최종),4.04,2026,16,2.31
고려대(세종),첨단융합신약학과,교과,학생부교과(일반전형),70%컷(최종),2.94,2026,7,5.43
고려대(세종),컴퓨터소프트웨어학과,교과,학생부교과(일반전형),70%컷(최종),2.85,2026,15,2.38
고려대(세종),환경시스템공학과,교과,학생부교과(일반전형),70%컷(최종),3.88,2026,11,4.22
고려대(세종),국제스포츠학부,교과,학생부교과(일반전형),70%컷(최종),3.47,2026,12,9.69
고려대(세종),[유형1] 자유전공학부(공공정책),교과,학생부교과(일반전형),70%컷(최종),3.74,2026,17,18.33
고려대(세종),[유형1] 자유전공학부(과학기술),교과,학생부교과(일반전형),70%컷(최종),3.36,2026,9,5.61
고려대(세종),[유형1] 자유전공학부(글로벌비즈니스),교과,학생부교과(일반전형),70%컷(최종),4.36,2026,12,6.17
고려대(세종),[유형1] 자유전공학부(문화스포츠),교과,학생부교과(일반전형),70%컷(최종),4.35,2026,8,6.78
고려대(세종),경제통계학부,종합,학생부종합(크림슨인재전형),70%컷(최종),4.31,2026,16,7.81
고려대(세종),공공사회· 통일외교학부,종합,학생부종합(크림슨인재전형),70%컷(최종),4.5,2026,18,10.44
고려대(세종),글로벌학부,종합,학생부종합(크림슨인재전형),70%컷(최종),5.26,2026,39,11.79
고려대(세종),문화유산융합학부,종합,학생부종합(크림슨인재전형),70%컷(최종),3.66,2026,13,8.38
고려대(세종),문화창의학부,종합,학생부종합(크림슨인재전형),70%컷(최종),3.69,2026,13,15.15
고려대(세종),융합경영학부,종합,학생부종합(크림슨인재전형),70%컷(최종),3.96,2026,45,11.57
고려대(세종),정부행정학부,종합,학생부종합(크림슨인재전형),70%컷(최종),3.72,2026,14,10.73
고려대(세종),표준·지식학과,종합,학생부종합(크림슨인재전형),70%컷(최종),5.57,2026,11,7.27
고려대(세종),디지털헬스케어공학과,종합,학생부종합(크림슨인재전형),70%컷(최종),4.07,2026,11,6.36
고려대(세종),미래모빌리티학과,종합,학생부종합(크림슨인재전형),70%컷(최종),4.44,2026,11,8.73
고려대(세종),반도체물리학부,종합,학생부종합(크림슨인재전형),70%컷(최종),4.21,2026,14,5
고려대(세종),빅데이터사이언스학부,종합,학생부종합(크림슨인재전형),70%컷(최종),4.14,2026,14,5
고려대(세종),생명정보공학과,종합,학생부종합(크림슨인재전형),70%컷(최종),3.46,2026,16,11.19
고려대(세종),스마트도시학부,종합,학생부종합(크림슨인재전형),70%컷(최종),4.17,2026,11,8.45
고려대(세종),식품생명공학과,종합,학생부종합(크림슨인재전형),70%컷(최종),3.78,2026,16,10.06
고려대(세종),신소재화학과,종합,학생부종합(크림슨인재전형),70%컷(최종),3.51,2026,12,5.75
고려대(세종),응용수리과학부,종합,학생부종합(크림슨인재전형),70%컷(최종),4.66,2026,9,5.11
고려대(세종),인공지능사이버보안학과,종합,학생부종합(크림슨인재전형),70%컷(최종),4.04,2026,16,11.06
고려대(세종),전자·기계융합공학과,종합,학생부종합(크림슨인재전형),70%컷(최종),3.97,2026,20,8.05
고려대(세종),전자및정보공학과,종합,학생부종합(크림슨인재전형),70%컷(최종),4.1,2026,33,5.36
고려대(세종),지능형반도체공학과,종합,학생부종합(크림슨인재전형),70%컷(최종),3.8,2026,21,5.14
고려대(세종),첨단융합신약학과,종합,학생부종합(크림슨인재전형),70%컷(최종),3.04,2026,11,5.91
고려대(세종),컴퓨터소프트웨어학과,종합,학생부종합(크림슨인재전형),70%컷(최종),3.59,2026,20,8.35
고려대(세종),환경시스템공학과,종합,학생부종합(크림슨인재전형),70%컷(최종),3.58,2026,14,6.43
고려대(세종),국제스포츠학부,종합,학생부종합(크림슨인재전형),70%컷(최종),3.83,2026,17,15.53
고려대(세종),글로벌학부,종합,학생부종합(지역인재전형),70%컷(최종),4.56,2026,4,4.8
고려대(세종),약학과,종합,학생부종합(지역인재전형),70%컷(최종),1.98,2026,4,24.4
고려대(세종),전자및정보공학과,종합,학생부종합(지역인재전형),70%컷(최종),4.37,2026,4,4.5
고신대,기독교교육과,교과,학생부교과(일반고전형),70%컷(최종),4.52,2026,13,2.15
고신대,미디어영상마케팅학과,교과,학생부교과(일반고전형),70%컷(최종),4.61,2026,18,5.17
고신대,사회복지학과,교과,학생부교과(일반고전형),70%컷(최종),4.13,2026,19,7.67
고신대,신학과,교과,학생부교과(일반고전형),70%컷(최종),4.21,2026,18,1.33
고신대,유아교육과,교과,학생부교과(일반고전형),70%컷(최종),3.88,2026,12,4.83
고신대,의료경영학과,교과,학생부교과(일반고전형),70%컷(최종),3.71,2026,22,3.32
고신대,간호학과,교과,학생부교과(일반고전형),70%컷(최종),2.32,2026,40,7.35
고신대,바이오과학수사학과,교과,학생부교과(일반고전형),70%컷(최종),3.31,2026,12,4.5
고신대,식품영양학과,교과,학생부교과(일반고전형),70%컷(최종),5,2026,16,3.35
고신대,언어청각치료학과,교과,학생부교과(일반고전형),70%컷(최종),4.47,2026,15,4.2
고신대,응급구조학과,교과,학생부교과(일반고전형),70%컷(최종),3.1,2026,19,10.7
고신대,의예과,교과,학생부교과(일반고전형),70%컷(최종),1.28,2026,22,16.58
고신대,작업치료학과,교과,학생부교과(일반고전형),70%컷(최종),3.22,2026,32,9.09
고신대,재활치료학과,교과,학생부교과(일반고전형),70%컷(최종),3.57,2026,19,7.75
고신대,시각디자인학과,교과,학생부교과(일반고전형),70%컷(최종),4.2,2026,15,3.47
고신대,자율전공학부,교과,학생부교과(일반고전형),70%컷(최종),5.13,2026,20,3.6
고신대,사회복지학과,종합,학생부종합(고신희망전형),70%컷(최종),6.11,2026,6,3
고신대,신학과,종합,학생부종합(고신희망전형),70%컷(최종),3.97,2026,7,1.71
고신대,의료경영학과,종합,학생부종합(고신희망전형),70%컷(최종),6.54,2026,9,2
고신대,간호학과,종합,학생부종합(고신희망전형),70%컷(최종),4.05,2026,29,19.66
고신대,바이오과학수사학과,종합,학생부종합(고신희망전형),70%컷(최종),6.3,2026,5,2.8
고신대,식품영양학과,종합,학생부종합(고신희망전형),70%컷(최종),7.26,2026,2,3.8
고신대,언어청각치료학과,종합,학생부종합(고신희망전형),70%컷(최종),5.81,2026,5,2.6
고신대,작업치료학과,종합,학생부종합(고신희망전형),70%컷(최종),6.34,2026,12,3.87
고신대,재활치료학과,종합,학생부종합(고신희망전형),70%컷(최종),6.79,2026,8,4.4
고신대,기독교교육과,종합,학생부종합(자기추천전형),70%컷(최종),7.12,2026,10,1.3
고신대,신학과,종합,학생부종합(자기추천전형),70%컷(최종),6.56,2026,10,1.29
고신대,유아교육과,종합,학생부종합(자기추천전형),70%컷(최종),6.84,2026,7,2.67
고신대,간호학과,종합,학생부종합(자기추천전형),70%컷(최종),3.63,2026,10,28
고신대,응급구조학과,종합,학생부종합(자기추천전형),70%컷(최종),6.42,2026,8,5.5
고신대,간호학과,교과,학생부교과(지역인재전형),70%컷(최종),2.27,2026,40,7.13
고신대,의예과,교과,학생부교과(지역인재전형),70%컷(최종),1.31,2026,24,15.76
공주교대,초등교육과,종합,학생부종합(교직적성인재전형),70%컷(최종),2.67,2026,25,14.72
공주교대,초등교육과,종합,학생부종합(지역인재선발전형),70%컷(최종),3.15,2026,123,3.5
공주대,경영·금융교육과,교과,학생부교과(일반전형),70%컷(최종),3.46,2026,6,7.33
공주대,경영학과,교과,학생부교과(일반전형),70%컷(최종),3.47,2026,5,10.8
공주대,경제통상학부,교과,학생부교과(일반전형),70%컷(최종),3.96,2026,20,8.3
공주대,관광&영어통역융복합학과,교과,학생부교과(일반전형),70%컷(최종),4.2,2026,13,10.64
공주대,관광경영학과,교과,학생부교과(일반전형),70%컷(최종),4.01,2026,15,7.13
공주대,교육학과,교과,학생부교과(일반전형),70%컷(최종),2.9,2026,2,11.5
공주대,국어교육과,교과,학생부교과(일반전형),70%컷(최종),3.55,2026,8,6.88
공주대,독어독문학과,교과,학생부교과(일반전형),70%컷(최종),4.27,2026,6,8.4
공주대,문헌정보교육과,교과,학생부교과(일반전형),70%컷(최종),2.53,2026,9,6.11
공주대,법학과,교과,학생부교과(일반전형),70%컷(최종),3.78,2026,12,7.33
공주대,부동산학과,교과,학생부교과(일반전형),70%컷(최종),5.5,2026,8,7.25
공주대,불어불문학과,교과,학생부교과(일반전형),70%컷(최종),4.34,2026,10,8
공주대,사학과,교과,학생부교과(일반전형),70%컷(최종),3.67,2026,8,8.63
공주대,사회복지학과,교과,학생부교과(일반전형),70%컷(최종),3.79,2026,12,8.83
공주대,산업유통학과,교과,학생부교과(일반전형),70%컷(최종),5.2,2026,5,18
공주대,역사교육과,교과,학생부교과(일반전형),70%컷(최종),3.5,2026,3,7.67
공주대,영어교육과,교과,학생부교과(일반전형),70%컷(최종),3.01,2026,13,7.27
공주대,영어영문학과,교과,학생부교과(일반전형),70%컷(최종),3.98,2026,8,8.88
공주대,유아교육과,교과,학생부교과(일반전형),70%컷(최종),3.7,2026,10,25.7
공주대,윤리교육과,교과,학생부교과(일반전형),70%컷(최종),3,2026,3,9
공주대,일반사회교육과,교과,학생부교과(일반전형),70%컷(최종),4.85,2026,4,7
공주대,중어중문학과,교과,학생부교과(일반전형),70%컷(최종),4.35,2026,12,8.5
공주대,지리교육과,교과,학생부교과(일반전형),70%컷(최종),2.86,2026,4,10.5
공주대,지리학과,교과,학생부교과(일반전형),70%컷(최종),4.02,2026,11,6.45
공주대,지역사회개발학과,교과,학생부교과(일반전형),70%컷(최종),5.1,2026,7,7.86
공주대,특수교육과,교과,학생부교과(일반전형),70%컷(최종),3.54,2026,20,10.35
공주대,한문교육과,교과,학생부교과(일반전형),70%컷(최종),3.37,2026,10,7.1
공주대,행정학과,교과,학생부교과(일반전형),70%컷(최종),3.76,2026,13,10.62
공주대,간호학과,교과,학생부교과(일반전형),70%컷(최종),3.15,2026,22,8.55
공주대,건축학과(5년제),교과,학생부교과(일반전형),70%컷(최종),3.7,2026,6,12.5
공주대,광공학과,교과,학생부교과(일반전형),70%컷(최종),5.1,2026,11,13.73
공주대,국제학부,교과,학생부교과(일반전형),70%컷(최종),3.91,2026,5,9.4
공주대,그린스마트건축공학과,교과,학생부교과(일반전형),70%컷(최종),4.3,2026,16,6
공주대,기계자동차공학부,교과,학생부교과(일반전형),70%컷(최종),4.5,2026,49,6.41
공주대,기술·가정교육과,교과,학생부교과(일반전형),70%컷(최종),3.39,2026,4,10.25
공주대,대기과학과,교과,학생부교과(일반전형),70%컷(최종),3.9,2026,10,8.4
공주대,데이터정보물리학과,교과,학생부교과(일반전형),70%컷(최종),4.69,2026,15,7.87
공주대,도시·교통공학과,교과,학생부교과(일반전형),70%컷(최종),4.5,2026,10,6.5
공주대,디자인컨버전스학과,교과,학생부교과(일반전형),70%컷(최종),4.4,2026,22,6
공주대,디지털융합금형공학과,교과,학생부교과(일반전형),70%컷(최종),5.3,2026,7,17.43
공주대,문화재보존과학과,교과,학생부교과(일반전형),70%컷(최종),5.6,2026,2,7
공주대,물리교육과,교과,학생부교과(일반전형),70%컷(최종),2.7,2026,2,13.5
공주대,미래자동차공학과,교과,학생부교과(일반전형),70%컷(최종),4.9,2026,14,13.5
공주대,보건행정학과,교과,학생부교과(일반전형),70%컷(최종),4.15,2026,19,7
공주대,산림과학과,교과,학생부교과(일반전형),70%컷(최종),5.4,2026,12,5.83
공주대,산업공학과,교과,학생부교과(일반전형),70%컷(최종),4.8,2026,12,9.33
공주대,생명과학과,교과,학생부교과(일반전형),70%컷(최종),3.62,2026,8,7.25
공주대,생물교육과,교과,학생부교과(일반전형),70%컷(최종),2.77,2026,4,17.25
공주대,소프트웨어학과,교과,학생부교과(일반전형),70%컷(최종),4.2,2026,20,4.9
공주대,수산생명의학과,교과,학생부교과(일반전형),70%컷(최종),4.9,2026,13,12.25
공주대,수학교육과,교과,학생부교과(일반전형),70%컷(최종),2.67,2026,9,7.5
공주대,스마트인프라공학과,교과,학생부교과(일반전형),70%컷(최종),5,2026,28,7.07
공주대,스마트정보기술공학과,교과,학생부교과(일반전형),70%컷(최종),4.8,2026,11,5.09
공주대,스마트팜공학과,교과,학생부교과(일반전형),70%컷(최종),4.9,2026,10,7.4
공주대,식물자원학과,교과,학생부교과(일반전형),70%컷(최종),5,2026,11,5.82
공주대,식품공학과,교과,학생부교과(일반전형),70%컷(최종),4.3,2026,10,5.8
공주대,식품영양학과,교과,학생부교과(일반전형),70%컷(최종),4.8,2026,9,6.11
공주대,신소재공학부,교과,학생부교과(일반전형),70%컷(최종),4.2,2026,41,5.24
공주대,외식상품학과,교과,학생부교과(일반전형),70%컷(최종),5.1,2026,5,7.2
공주대,원예학과,교과,학생부교과(일반전형),70%컷(최종),5.2,2026,11,6.09
공주대,응급구조학과,교과,학생부교과(일반전형),70%컷(최종),3.45,2026,9,11.89
공주대,응용수학과,교과,학생부교과(일반전형),70%컷(최종),4.28,2026,14,5.92
공주대,의료정보학과,교과,학생부교과(일반전형),70%컷(최종),4.36,2026,16,9.5
공주대,의류상품학과,교과,학생부교과(일반전형),70%컷(최종),4.48,2026,3,6.75
공주대,전기전자제어공학부,교과,학생부교과(일반전형),70%컷(최종),4.4,2026,81,6.3
공주대,정보통신공학과,교과,학생부교과(일반전형),70%컷(최종),4.6,2026,12,7.25
공주대,조경학과,교과,학생부교과(일반전형),70%컷(최종),5.1,2026,10,10.5
공주대,지구과학교육과,교과,학생부교과(일반전형),70%컷(최종),2.34,2026,4,14.25
공주대,지능형모빌리티공학과,교과,학생부교과(일반전형),70%컷(최종),4.8,2026,15,9.33
공주대,지역건설공학과,교과,학생부교과(일반전형),70%컷(최종),5.6,2026,10,11.7
공주대,지질환경과학과,교과,학생부교과(일반전형),70%컷(최종),4.45,2026,15,6.8
공주대,컴퓨터공학과,교과,학생부교과(일반전형),70%컷(최종),4.2,2026,19,6.21
공주대,컴퓨터교육과,교과,학생부교과(일반전형),70%컷(최종),3.03,2026,7,9.86
공주대,특수동물학과,교과,학생부교과(일반전형),70%컷(최종),3,2026,2,26
공주대,화학공학부,교과,학생부교과(일반전형),70%컷(최종),4.2,2026,34,4.74
공주대,화학과,교과,학생부교과(일반전형),70%컷(최종),4.28,2026,18,6.17
공주대,화학교육과,교과,학생부교과(일반전형),70%컷(최종),3.1,2026,3,11.67
공주대,환경공학과,교과,학생부교과(일반전형),70%컷(최종),4,2026,12,8.58
공주대,환경교육과,교과,학생부교과(일반전형),70%컷(최종),3.65,2026,8,8.13
공주대,게임디자인학과,교과,학생부교과(일반전형),70%컷(최종),3.82,2026,5,10.2
공주대,영상학과,교과,학생부교과(일반전형),70%컷(최종),3.51,2026,6,9.83
공주대,[유형2] 산업과학대학자율전공학부,교과,학생부교과(자율전공전형),70%컷(최종),5,2026,51,5.29
공주대,[유형2] 인문사회과학대학자율전공학부,교과,학생부교과(자율전공전형),70%컷(최종),4,2026,45,13.73
공주대,[유형2] 자연과학대학자율전공학부,교과,학생부교과(자율전공전형),70%컷(최종),4.3,2026,29,8.62
공주대,[유형2] 천안공과대학자율전공학부,교과,학생부교과(자율전공전형),70%컷(최종),4.6,2026,112,8.2
공주대,경영·금융교육과,종합,학생부종합(일반전형),70%컷(최종),4.22,2026,8,6.63
공주대,경영학과,종합,학생부종합(일반전형),70%컷(최종),4.01,2026,17,11.65
공주대,경제통상학부,종합,학생부종합(일반전형),70%컷(최종),4.48,2026,19,10.63
공주대,관광&영어통역융복합학과,종합,학생부종합(일반전형),70%컷(최종),5.06,2025,13,9.27
공주대,관광경영학과,종합,학생부종합(일반전형),70%컷(최종),4.18,2026,11,10.45
공주대,교육학과,종합,학생부종합(일반전형),70%컷(최종),3.26,2026,9,9.56
공주대,국어교육과,종합,학생부종합(일반전형),70%컷(최종),3.25,2026,16,11
공주대,독어독문학과,종합,학생부종합(일반전형),70%컷(최종),5.36,2026,12,6.25
공주대,문헌정보교육과,종합,학생부종합(일반전형),70%컷(최종),2.89,2026,11,7.64
공주대,법학과,종합,학생부종합(일반전형),70%컷(최종),4.07,2026,9,8.33
공주대,부동산학과,종합,학생부종합(일반전형),70%컷(최종),6.36,2025,4,9
공주대,불어불문학과,종합,학생부종합(일반전형),70%컷(최종),6.02,2026,8,6
공주대,사학과,종합,학생부종합(일반전형),70%컷(최종),3.84,2026,10,14.8
공주대,사회복지학과,종합,학생부종합(일반전형),70%컷(최종),4.09,2026,12,18.08
공주대,산업유통학과,종합,학생부종합(일반전형),70%컷(최종),6.27,2025,5,7.8
공주대,역사교육과,종합,학생부종합(일반전형),70%컷(최종),2.73,2026,10,7.7
공주대,영어교육과,종합,학생부종합(일반전형),70%컷(최종),3.37,2026,16,9.06
공주대,영어영문학과,종합,학생부종합(일반전형),70%컷(최종),4.67,2026,16,7.06
공주대,유아교육과,종합,학생부종합(일반전형),70%컷(최종),3.82,2026,16,10
공주대,윤리교육과,종합,학생부종합(일반전형),70%컷(최종),2.91,2026,10,10.6
공주대,일반사회교육과,종합,학생부종합(일반전형),70%컷(최종),3.04,2026,12,6.42
공주대,중어중문학과,종합,학생부종합(일반전형),70%컷(최종),4.66,2026,15,7.4
공주대,지리교육과,종합,학생부종합(일반전형),70%컷(최종),3.31,2026,10,8.9
공주대,지리학과,종합,학생부종합(일반전형),70%컷(최종),4.47,2026,7,12.57
공주대,지역사회개발학과,종합,학생부종합(일반전형),70%컷(최종),5.92,2025,3,6.67
공주대,특수교육과,종합,학생부종합(일반전형),70%컷(최종),3.73,2026,20,8.95
공주대,한문교육과,종합,학생부종합(일반전형),70%컷(최종),3.87,2026,9,5.78
공주대,행정학과,종합,학생부종합(일반전형),70%컷(최종),4.43,2026,9,10.89
공주대,간호학과,종합,학생부종합(일반전형),70%컷(최종),3.31,2026,16,18.06
공주대,건축학과(5년제),종합,학생부종합(일반전형),70%컷(최종),4.16,2025,10,20.6
공주대,광공학과,종합,학생부종합(일반전형),70%컷(최종),6.11,2025,7,8.71
공주대,국제학부,종합,학생부종합(일반전형),70%컷(최종),4.69,2026,10,6.8
공주대,그린스마트건축공학과,종합,학생부종합(일반전형),70%컷(최종),4.92,2025,3,19.33
공주대,기계자동차공학부,종합,학생부종합(일반전형),70%컷(최종),5,2025,30,9.43
공주대,기술·가정교육과,종합,학생부종합(일반전형),70%컷(최종),3.33,2026,6,7.5
공주대,대기과학과,종합,학생부종합(일반전형),70%컷(최종),4.34,2026,12,10.92
공주대,데이터정보물리학과,종합,학생부종합(일반전형),70%컷(최종),5.15,2026,10,6.9
공주대,도시·교통공학과,종합,학생부종합(일반전형),70%컷(최종),4.88,2025,7,7
공주대,디자인컨버전스학과,종합,학생부종합(일반전형),70%컷(최종),4.55,2025,10,8.8
공주대,디지털융합금형공학과,종합,학생부종합(일반전형),70%컷(최종),5.67,2025,6,6.17
공주대,문화재보존과학과,종합,학생부종합(일반전형),70%컷(최종),4.26,2026,11,5.18
공주대,물리교육과,종합,학생부종합(일반전형),70%컷(최종),3.81,2026,14,4.57
공주대,미래자동차공학과,종합,학생부종합(일반전형),70%컷(최종),5.78,2025,6,18.33
공주대,보건행정학과,종합,학생부종합(일반전형),70%컷(최종),4.58,2026,12,9.33
공주대,산림과학과,종합,학생부종합(일반전형),70%컷(최종),4.75,2025,9,4.89
공주대,산업공학과,종합,학생부종합(일반전형),70%컷(최종),6,2025,7,11
공주대,생명과학과,종합,학생부종합(일반전형),70%컷(최종),4.2,2026,18,17.67
공주대,생물교육과,종합,학생부종합(일반전형),70%컷(최종),3.26,2026,10,8.2
공주대,소프트웨어학과,종합,학생부종합(일반전형),70%컷(최종),4.58,2025,9,10.11
공주대,수산생명의학과,종합,학생부종합(일반전형),70%컷(최종),5.53,2025,5,7.5
공주대,수학교육과,종합,학생부종합(일반전형),70%컷(최종),3.45,2026,14,8.5
공주대,스마트인프라공학과,종합,학생부종합(일반전형),70%컷(최종),5.5,2025,10,8.6
공주대,스마트정보기술공학과,종합,학생부종합(일반전형),70%컷(최종),4.91,2025,8,7
공주대,스마트팜공학과,종합,학생부종합(일반전형),70%컷(최종),5.51,2025,6,11.17
공주대,식물자원학과,종합,학생부종합(일반전형),70%컷(최종),5.21,2025,9,7
공주대,식품공학과,종합,학생부종합(일반전형),70%컷(최종),4.39,2025,5,12.8
공주대,식품영양학과,종합,학생부종합(일반전형),70%컷(최종),4.9,2025,8,11.63
공주대,신소재공학부,종합,학생부종합(일반전형),70%컷(최종),4.77,2025,23,6.87
공주대,외식상품학과,종합,학생부종합(일반전형),70%컷(최종),5.83,2025,7,7
공주대,원예학과,종합,학생부종합(일반전형),70%컷(최종),4.77,2025,10,8.7
공주대,응급구조학과,종합,학생부종합(일반전형),70%컷(최종),4.36,2026,12,16.92
공주대,응용수학과,종합,학생부종합(일반전형),70%컷(최종),4.91,2026,11,5.5
공주대,의료정보학과,종합,학생부종합(일반전형),70%컷(최종),4.64,2026,6,14.5
공주대,의류상품학과,종합,학생부종합(일반전형),70%컷(최종),4.6,2026,11,12.91
공주대,인공지능학부,종합,학생부종합(일반전형),70%컷(최종),4.78,2025,8,8
공주대,전기전자제어공학부,종합,학생부종합(일반전형),70%컷(최종),4.64,2025,16,11.13
공주대,정보통신공학과,종합,학생부종합(일반전형),70%컷(최종),5.16,2025,8,8.88
공주대,조경학과,종합,학생부종합(일반전형),70%컷(최종),5.68,2025,6,11.67
공주대,지구과학교육과,종합,학생부종합(일반전형),70%컷(최종),3.84,2026,10,5.4
공주대,지능형모빌리티공학과,종합,학생부종합(일반전형),70%컷(최종),5.29,2025,5,8.4
공주대,지역건설공학과,종합,학생부종합(일반전형),70%컷(최종),6.68,2025,6,9.67
공주대,지질환경과학과,종합,학생부종합(일반전형),70%컷(최종),4.24,2026,6,12.5
공주대,컴퓨터공학과,종합,학생부종합(일반전형),70%컷(최종),4.28,2025,9,10.22
공주대,컴퓨터교육과,종합,학생부종합(일반전형),70%컷(최종),3.33,2026,6,10
공주대,특수동물학과,종합,학생부종합(일반전형),70%컷(최종),3.5,2025,12,19.17
공주대,화학공학부,종합,학생부종합(일반전형),70%컷(최종),4.64,2025,11,8.82
공주대,화학과,종합,학생부종합(일반전형),70%컷(최종),4.6,2026,7,9.43
공주대,화학교육과,종합,학생부종합(일반전형),70%컷(최종),3.82,2026,10,6.2
공주대,환경공학과,종합,학생부종합(일반전형),70%컷(최종),4.74,2025,9,10.22
공주대,환경교육과,종합,학생부종합(일반전형),70%컷(최종),4.04,2026,6,8.33
공주대,게임디자인학과,종합,학생부종합(일반전형),70%컷(최종),2.74,2026,7,23.71
공주대,미술교육과,종합,학생부종합(일반전형),70%컷(최종),3.66,2026,12,8.58
공주대,영상학과,종합,학생부종합(일반전형),70%컷(최종),3.83,2026,9,21.22
공주대,경영·금융교육과,교과,학생부교과(지역인재전형),70%컷(최종),4.3,2026,2,8
공주대,교육학과,교과,학생부교과(지역인재전형),70%컷(최종),4.9,2026,2,5.5
공주대,국어교육과,교과,학생부교과(지역인재전형),70%컷(최종),2.68,2026,4,5.75
공주대,문헌정보교육과,교과,학생부교과(지역인재전형),70%컷(최종),2.8,2026,3,6
공주대,역사교육과,교과,학생부교과(지역인재전형),70%컷(최종),2.4,2026,3,8
공주대,영어교육과,교과,학생부교과(지역인재전형),70%컷(최종),2.88,2026,5,5.2
공주대,유아교육과,교과,학생부교과(지역인재전형),70%컷(최종),3.85,2026,4,10
공주대,윤리교육과,교과,학생부교과(지역인재전형),70%컷(최종),2.3,2026,2,7.5
공주대,일반사회교육과,교과,학생부교과(지역인재전형),70%컷(최종),3.1,2026,2,6
공주대,지리교육과,교과,학생부교과(지역인재전형),70%컷(최종),3,2026,3,10
공주대,특수교육과,교과,학생부교과(지역인재전형),70%컷(최종),3.62,2026,6,7.17
공주대,한문교육과,교과,학생부교과(지역인재전형),70%컷(최종),3.6,2026,3,8.67
공주대,간호학과,교과,학생부교과(지역인재전형),70%컷(최종),3.23,2026,18,10.28
공주대,기술·가정교육과,교과,학생부교과(지역인재전형),70%컷(최종),2.9,2026,2,9
공주대,디자인컨버전스학과,교과,학생부교과(지역인재전형),70%컷(최종),4.7,2026,5,4
공주대,물리교육과,교과,학생부교과(지역인재전형),70%컷(최종),4.1,2026,2,8.5
공주대,보건행정학과,교과,학생부교과(지역인재전형),70%컷(최종),4.4,2026,3,12
공주대,생물교육과,교과,학생부교과(지역인재전형),70%컷(최종),3.1,2026,2,6
공주대,수산생명의학과,교과,학생부교과(지역인재전형),70%컷(최종),5.5,2026,4,6.75
공주대,수학교육과,교과,학생부교과(지역인재전형),70%컷(최종),3.16,2026,5,5
공주대,스마트인프라공학과,교과,학생부교과(지역인재전형),70%컷(최종),5.2,2026,6,8.33
공주대,응급구조학과,교과,학생부교과(지역인재전형),70%컷(최종),4.1,2026,2,9
공주대,의료정보학과,교과,학생부교과(지역인재전형),70%컷(최종),4.4,2026,3,7
공주대,인공지능학부,교과,학생부교과(지역인재전형),70%컷(최종),5.3,2026,7,5.43
공주대,지구과학교육과,교과,학생부교과(지역인재전형),70%컷(최종),3.2,2026,2,11
공주대,지능형모빌리티공학과,교과,학생부교과(지역인재전형),70%컷(최종),5.2,2026,3,7.33
공주대,컴퓨터교육과,교과,학생부교과(지역인재전형),70%컷(최종),2.4,2026,2,6
공주대,화학교육과,교과,학생부교과(지역인재전형),70%컷(최종),4,2026,2,7
공주대,환경교육과,교과,학생부교과(지역인재전형),70%컷(최종),4,2026,2,7.5
공주대,게임디자인학과,교과,학생부교과(지역인재전형),70%컷(최종),3.76,2026,4,5.75
공주대,영상학과,교과,학생부교과(지역인재전형),70%컷(최종),3.99,2026,4,9
공주대,[유형1] 자율전공학부(공주캠퍼스),교과,학생부교과(지역인재전형),70%컷(최종),4.04,2026,50,7.02
공주대,[유형1] 자율전공학부(예산캠퍼스),교과,학생부교과(지역인재전형),70%컷(최종),4.7,2026,35,6.91
공주대,[유형1] 자율전공학부(천안캠퍼스),교과,학생부교과(지역인재전형),70%컷(최종),4.5,2026,87,6.53
광신대,복지상담융합학부,교과,학생부교과(기독인재양성특별전형),70%컷(최종),8,2026,23,
광신대,신학과,교과,학생부교과(기독인재양성특별전형),70%컷(최종),7,2026,30,
광신대,유아교육과,교과,학생부교과(기독인재양성특별전형),70%컷(최종),6,2026,4,
광운대,경영학부 경영학전공,논술,논술(논술우수자전형),70%컷(최종),4.46,2026,12,62.64
광운대,경영학부 빅데이터경영전공,논술,논술(논술우수자전형),70%컷(최종),3.88,2026,4,55.5
광운대,국어국문학과,논술,논술(논술우수자전형),70%컷(최종),5.55,2026,4,53.75
광운대,국제통상학부,논술,논술(논술우수자전형),70%컷(최종),5.15,2026,6,52.17
광운대,국제학부,논술,논술(논술우수자전형),70%컷(최종),5.18,2026,4,52.5
광운대,동북아문화산업학부,논술,논술(논술우수자전형),70%컷(최종),6.04,2026,6,57.5
광운대,미디어커뮤니케이션학부,논술,논술(논술우수자전형),70%컷(최종),5.11,2026,8,59.88
광운대,법학부,논술,논술(논술우수자전형),70%컷(최종),5.16,2026,10,55.73
광운대,산업심리학과,논술,논술(논술우수자전형),70%컷(최종),5.43,2026,4,54
광운대,영어영문학과,논술,논술(논술우수자전형),70%컷(최종),5.03,2026,4,52.25
광운대,행정학과,논술,논술(논술우수자전형),70%컷(최종),5.74,2026,5,56
광운대,건축공학과,논술,논술(논술우수자전형),70%컷(최종),3.84,2026,4,26.5
광운대,건축학과(5년제),논술,논술(논술우수자전형),70%컷(최종),5.03,2026,4,26.25
광운대,로봇학부 AI로봇전공,논술,논술(논술우수자전형),70%컷(최종),4.97,2026,8,24.75
광운대,반도체시스템공학부 반도체시스템공학전공,논술,논술(논술우수자전형),70%컷(최종),4.96,2026,6,26.17
광운대,소프트웨어학부,논술,논술(논술우수자전형),70%컷(최종),4.91,2026,9,23.33
광운대,수학과,논술,논술(논술우수자전형),70%컷(최종),3.73,2026,5,20.8
광운대,전기공학과,논술,논술(논술우수자전형),70%컷(최종),3.98,2026,8,22
광운대,전자공학과,논술,논술(논술우수자전형),70%컷(최종),5.06,2026,13,32.25
광운대,전자바이오물리학과,논술,논술(논술우수자전형),70%컷(최종),6.34,2026,5,18.6
광운대,전자융합공학과,논술,논술(논술우수자전형),70%컷(최종),5.05,2026,8,26
광운대,전자재료공학과,논술,논술(논술우수자전형),70%컷(최종),4.73,2026,8,22.25
광운대,전자통신공학과,논술,논술(논술우수자전형),70%컷(최종),4.73,2026,9,21.11
광운대,정보융합학부,논술,논술(논술우수자전형),70%컷(최종),5.72,2026,8,25.63
광운대,컴퓨터정보공학부,논술,논술(논술우수자전형),70%컷(최종),5.88,2026,8,23.13
광운대,화학공학과,논술,논술(논술우수자전형),70%컷(최종),4.44,2026,7,23.29
광운대,화학과,논술,논술(논술우수자전형),70%컷(최종),4.57,2026,6,20.5
광운대,환경공학과,논술,논술(논술우수자전형),70%컷(최종),4.36,2026,4,25.25
광운대,경영학부 경영학전공,교과,학생부교과(지역균형전형),70%컷(최종),2.22,2026,12,8.57
광운대,경영학부 빅데이터경영전공,교과,학생부교과(지역균형전형),70%컷(최종),2.13,2026,4,10
광운대,국어국문학과,교과,학생부교과(지역균형전형),70%컷(최종),2.39,2026,3,20
광운대,국제통상학부,교과,학생부교과(지역균형전형),70%컷(최종),2.28,2026,6,8.67
광운대,국제학부,교과,학생부교과(지역균형전형),70%컷(최종),2.2,2026,4,8.75
광운대,동북아문화산업학부,교과,학생부교과(지역균형전형),70%컷(최종),2.39,2026,7,8.57
광운대,미디어커뮤니케이션학부,교과,학생부교과(지역균형전형),70%컷(최종),2.25,2026,8,8.25
광운대,법학부,교과,학생부교과(지역균형전형),70%컷(최종),2.23,2026,12,10.33
광운대,산업심리학과,교과,학생부교과(지역균형전형),70%컷(최종),2.15,2026,5,9.8
광운대,영어영문학과,교과,학생부교과(지역균형전형),70%컷(최종),2.5,2026,4,9
광운대,행정학과,교과,학생부교과(지역균형전형),70%컷(최종),2.36,2026,5,10
광운대,건축공학과,교과,학생부교과(지역균형전형),70%컷(최종),2.02,2026,4,10.75
광운대,건축학과(5년제),교과,학생부교과(지역균형전형),70%컷(최종),2.29,2026,4,5
광운대,로봇학부 AI로봇전공,교과,학생부교과(지역균형전형),70%컷(최종),2.11,2026,8,7.25
광운대,반도체시스템공학부 반도체시스템공학전공,교과,학생부교과(지역균형전형),70%컷(최종),1.91,2026,6,5.17
광운대,소프트웨어학부,교과,학생부교과(지역균형전형),70%컷(최종),2.67,2026,9,4.56
광운대,수학과,교과,학생부교과(지역균형전형),70%컷(최종),2.3,2026,5,4.8
광운대,전기공학과,교과,학생부교과(지역균형전형),70%컷(최종),2.06,2026,9,5.33
광운대,전자공학과,교과,학생부교과(지역균형전형),70%컷(최종),2.43,2026,16,4.65
광운대,전자바이오물리학과,교과,학생부교과(지역균형전형),70%컷(최종),2.27,2026,6,6.83
광운대,전자융합공학과,교과,학생부교과(지역균형전형),70%컷(최종),1.98,2026,8,17.25
광운대,전자재료공학과,교과,학생부교과(지역균형전형),70%컷(최종),2.23,2026,8,6
광운대,전자통신공학과,교과,학생부교과(지역균형전형),70%컷(최종),2.26,2026,9,6.6
광운대,정보융합학부,교과,학생부교과(지역균형전형),70%컷(최종),2.1,2026,9,12.56
광운대,컴퓨터정보공학부,교과,학생부교과(지역균형전형),70%컷(최종),2.09,2026,8,7.38
광운대,화학공학과,교과,학생부교과(지역균형전형),70%컷(최종),1.82,2026,9,8.67
광운대,화학과,교과,학생부교과(지역균형전형),70%컷(최종),2.06,2026,6,4.17
광운대,환경공학과,교과,학생부교과(지역균형전형),70%컷(최종),2.72,2026,4,6.75
광운대,경영학부 경영학전공,종합,학생부종합(광운참빛인재전형Ⅰ-면접형),70%컷(최종),3.37,2026,24,17.08
광운대,경영학부 빅데이터경영전공,종합,학생부종합(광운참빛인재전형Ⅰ-면접형),70%컷(최종),4.66,2026,10,12.1
광운대,국어국문학과,종합,학생부종합(광운참빛인재전형Ⅰ-면접형),70%컷(최종),4.82,2026,6,13.17
광운대,국제통상학부,종합,학생부종합(광운참빛인재전형Ⅰ-면접형),70%컷(최종),3.39,2026,10,13
광운대,국제학부,종합,학생부종합(광운참빛인재전형Ⅰ-면접형),70%컷(최종),5.52,2026,6,15.67
광운대,동북아문화산업학부,종합,학생부종합(광운참빛인재전형Ⅰ-면접형),70%컷(최종),4.92,2026,10,22.7
광운대,미디어커뮤니케이션학부,종합,학생부종합(광운참빛인재전형Ⅰ-면접형),70%컷(최종),3.6,2026,12,25.17
광운대,법학부,종합,학생부종합(광운참빛인재전형Ⅰ-면접형),70%컷(최종),4.5,2026,16,11.38
광운대,산업심리학과,종합,학생부종합(광운참빛인재전형Ⅰ-면접형),70%컷(최종),3.31,2026,8,10.63
광운대,영어영문학과,종합,학생부종합(광운참빛인재전형Ⅰ-면접형),70%컷(최종),3.08,2026,6,14
광운대,행정학과,종합,학생부종합(광운참빛인재전형Ⅰ-면접형),70%컷(최종),3.07,2026,8,11.13
광운대,건축공학과,종합,학생부종합(광운참빛인재전형Ⅰ-면접형),70%컷(최종),3.6,2026,6,27.83
광운대,건축학과(5년제),종합,학생부종합(광운참빛인재전형Ⅰ-면접형),70%컷(최종),2.86,2026,6,26
광운대,반도체시스템공학부 반도체시스템공학전공,종합,학생부종합(광운참빛인재전형Ⅰ-면접형),70%컷(최종),3,2026,14,13.33
광운대,수학과,종합,학생부종합(광운참빛인재전형Ⅰ-면접형),70%컷(최종),3.62,2026,8,15.25
광운대,전기공학과,종합,학생부종합(광운참빛인재전형Ⅰ-면접형),70%컷(최종),3.9,2026,10,6.67
광운대,전자공학과,종합,학생부종합(광운참빛인재전형Ⅰ-면접형),70%컷(최종),3.69,2026,18,7.08
광운대,전자바이오물리학과,종합,학생부종합(광운참빛인재전형Ⅰ-면접형),70%컷(최종),3.52,2026,8,12.75
광운대,전자융합공학과,종합,학생부종합(광운참빛인재전형Ⅰ-면접형),70%컷(최종),3.64,2026,10,12.92
광운대,전자재료공학과,종합,학생부종합(광운참빛인재전형Ⅰ-면접형),70%컷(최종),5.64,2026,12,8.43
광운대,전자통신공학과,종합,학생부종합(광운참빛인재전형Ⅰ-면접형),70%컷(최종),3.18,2026,14,8.63
광운대,화학공학과,종합,학생부종합(광운참빛인재전형Ⅰ-면접형),70%컷(최종),2.98,2026,12,17
광운대,화학과,종합,학생부종합(광운참빛인재전형Ⅰ-면접형),70%컷(최종),2.98,2026,10,17.5
광운대,환경공학과,종합,학생부종합(광운참빛인재전형Ⅰ-면접형),70%컷(최종),3.15,2026,6,42.83
광운대,경영학부 경영학전공,종합,학생부종합(광운참빛인재전형Ⅱ-서류형),70%컷(최종),4.14,2026,20,13.75
광운대,경영학부 빅데이터경영전공,종합,학생부종합(광운참빛인재전형Ⅱ-서류형),70%컷(최종),3.11,2026,6,14.67
광운대,국어국문학과,종합,학생부종합(광운참빛인재전형Ⅱ-서류형),70%컷(최종),3.32,2026,4,9
광운대,국제통상학부,종합,학생부종합(광운참빛인재전형Ⅱ-서류형),70%컷(최종),3.94,2026,6,8.67
광운대,국제학부,종합,학생부종합(광운참빛인재전형Ⅱ-서류형),70%컷(최종),4.6,2026,3,9.33
광운대,동북아문화산업학부,종합,학생부종합(광운참빛인재전형Ⅱ-서류형),70%컷(최종),4.49,2026,6,29.17
광운대,미디어커뮤니케이션학부,종합,학생부종합(광운참빛인재전형Ⅱ-서류형),70%컷(최종),2.97,2026,9,15.44
광운대,법학부,종합,학생부종합(광운참빛인재전형Ⅱ-서류형),70%컷(최종),4.3,2026,14,8.38
광운대,산업심리학과,종합,학생부종합(광운참빛인재전형Ⅱ-서류형),70%컷(최종),3.1,2026,4,14
광운대,영어영문학과,종합,학생부종합(광운참빛인재전형Ⅱ-서류형),70%컷(최종),3.03,2026,4,11.75
광운대,행정학과,종합,학생부종합(광운참빛인재전형Ⅱ-서류형),70%컷(최종),2.98,2026,6,11.17
광운대,건축공학과,종합,학생부종합(광운참빛인재전형Ⅱ-서류형),70%컷(최종),3.07,2026,4,11.75
광운대,건축학과(5년제),종합,학생부종합(광운참빛인재전형Ⅱ-서류형),70%컷(최종),2.63,2026,3,20.33
광운대,로봇학부 AI로봇전공,종합,학생부종합(광운참빛인재전형Ⅱ-서류형),70%컷(최종),2.72,2026,12,19.2
광운대,반도체시스템공학부 반도체시스템공학전공,종합,학생부종합(광운참빛인재전형Ⅱ-서류형),70%컷(최종),3.25,2026,8,9.25
광운대,소프트웨어학부,종합,학생부종합(광운참빛인재전형Ⅱ-서류형),70%컷(최종),3.54,2026,12,12.91
광운대,수학과,종합,학생부종합(광운참빛인재전형Ⅱ-서류형),70%컷(최종),3.88,2026,5,17.2
광운대,전기공학과,종합,학생부종합(광운참빛인재전형Ⅱ-서류형),70%컷(최종),2.81,2026,8,5.8
광운대,전자공학과,종합,학생부종합(광운참빛인재전형Ⅱ-서류형),70%컷(최종),2.4,2026,13,8.1
광운대,전자바이오물리학과,종합,학생부종합(광운참빛인재전형Ⅱ-서류형),70%컷(최종),3.27,2026,7,13
광운대,전자융합공학과,종합,학생부종합(광운참빛인재전형Ⅱ-서류형),70%컷(최종),2.6,2026,8,7.4
광운대,전자재료공학과,종합,학생부종합(광운참빛인재전형Ⅱ-서류형),70%컷(최종),2.71,2026,8,6.2
광운대,전자통신공학과,종합,학생부종합(광운참빛인재전형Ⅱ-서류형),70%컷(최종),3.11,2026,8,8.3
광운대,정보융합학부,종합,학생부종합(광운참빛인재전형Ⅱ-서류형),70%컷(최종),2.68,2026,12,14.55
광운대,컴퓨터정보공학부,종합,학생부종합(광운참빛인재전형Ⅱ-서류형),70%컷(최종),2.78,2026,12,15.3
광운대,화학공학과,종합,학생부종합(광운참빛인재전형Ⅱ-서류형),70%컷(최종),3.77,2026,10,11.9
광운대,화학과,종합,학생부종합(광운참빛인재전형Ⅱ-서류형),70%컷(최종),2.77,2026,6,12
광운대,환경공학과,종합,학생부종합(광운참빛인재전형Ⅱ-서류형),70%컷(최종),2.99,2026,3,22.67
광운대,로봇학부 AI로봇전공,종합,학생부종합(소프트웨어우수인재전형),70%컷(최종),4.78,2026,16,11.38
광운대,소프트웨어학부,종합,학생부종합(소프트웨어우수인재전형),70%컷(최종),5.64,2026,18,11.77
광운대,정보융합학부,종합,학생부종합(소프트웨어우수인재전형),70%컷(최종),7.09,2026,18,13.05
광운대,컴퓨터정보공학부,종합,학생부종합(소프트웨어우수인재전형),70%컷(최종),4.48,2026,20,13.5
광주교대,초등교육과,종합,학생부종합(교직적성우수자전형),70%컷(최종),3.23,2026,53,13.87
광주교대,초등교육과,종합,학생부종합(장애인대상자전형),70%컷(최종),6.29,2024,10,1.1
광주교대,초등교육과,종합,학생부종합(전남교육감추천전형),70%컷(최종),3.54,2026,60,2.87
광주교대,초등교육과,교과,학생부교과(지역인재전형),70%컷(최종),3.04,2026,50,3.6
광주교대,초등교육과,종합,학생부종합(지역인재전형),70%컷(최종),3.98,2026,50,3.86
광주대,간호학과,교과,학생부교과(일반학생),70%컷(최종),4.63,2026,152,8.49
광주대,건축공학과,교과,학생부교과(일반학생),70%컷(최종),6.81,2026,15,2.2
광주대,건축학과,교과,학생부교과(일반학생),70%컷(최종),6.94,2026,23,3.13
광주대,경영학과,교과,학생부교과(일반학생),70%컷(최종),7,2026,20,5.95
광주대,경찰행정학과,교과,학생부교과(일반학생),70%컷(최종),5.44,2026,32,7.27
광주대,교육상담학과,교과,학생부교과(일반학생),70%컷(최종),5.5,2026,15,3.07
광주대,기계자동차공학과,교과,학생부교과(일반학생),70%컷(최종),6.81,2026,17,6.87
광주대,무역유통학과,교과,학생부교과(일반학생),70%컷(최종),6.4,2026,15,2.2
광주대,문예창작과,교과,학생부교과(일반학생),70%컷(최종),5.75,2026,16,6.44
광주대,문헌정보학과,교과,학생부교과(일반학생),70%컷(최종),5.63,2026,23,5.26
광주대,반려동물보건산업학과,교과,학생부교과(일반학생),70%컷(최종),6.38,2026,27,7.35
광주대,보건행정학과,교과,학생부교과(일반학생),70%컷(최종),5.94,2026,23,5.87
광주대,뷰티미용학과,교과,학생부교과(일반학생),70%컷(최종),5.38,2026,32,8.22
광주대,사진영상미디어학과,교과,학생부교과(일반학생),70%컷(최종),6.19,2026,11,7.09
광주대,사회복지학부,교과,학생부교과(일반학생),70%컷(최종),6.25,2026,45,5.27
광주대,소방행정학과,교과,학생부교과(일반학생),70%컷(최종),6.56,2026,23,5.91
광주대,스포츠과학부,교과,학생부교과(일반학생),70%컷(최종),5.31,2026,39,5.32
광주대,시각영상디자인학과,교과,학생부교과(일반학생),70%컷(최종),6.44,2026,23,4.87
광주대,식품영양학과,교과,학생부교과(일반학생),70%컷(최종),6.25,2026,19,5.42
광주대,심리학과,교과,학생부교과(일반학생),70%컷(최종),6.69,2026,15,4.93
광주대,유아교육과,교과,학생부교과(일반학생),70%컷(최종),6.38,2026,45,4.37
광주대,응급구조학과,교과,학생부교과(일반학생),70%컷(최종),6.13,2026,30,12.18
광주대,인테리어디자인학과,교과,학생부교과(일반학생),70%컷(최종),6.38,2026,20,3.1
광주대,작업치료학과,교과,학생부교과(일반학생),70%컷(최종),6.88,2026,36,6.17
광주대,전기공학과,교과,학생부교과(일반학생),70%컷(최종),7.31,2026,23,6.4
광주대,창의융합학부,교과,학생부교과(일반학생),70%컷(최종),5.75,2026,60,1.25
광주대,컴퓨터공학과,교과,학생부교과(일반학생),70%컷(최종),6.19,2026,19,4.26
광주대,토목공학과,교과,학생부교과(일반학생),70%컷(최종),7.5,2026,15,3.8
광주대,패션주얼리디자인학과,교과,학생부교과(일반학생),70%컷(최종),7.63,2026,15,3.46
광주대,항공서비스학과,교과,학생부교과(일반학생),70%컷(최종),6.94,2026,15,4.2
광주대,호텔조리제과제빵학과,교과,학생부교과(일반학생),70%컷(최종),6.38,2026,30,8.13
광주대,회계세무학과,교과,학생부교과(일반학생),70%컷(최종),7,2026,19,1.74
광주대,간호학과,교과,학생부교과(지역학생),70%컷(최종),4.5,2026,70,9
광주대,건축학과,교과,학생부교과(지역학생),70%컷(최종),6.88,2026,12,1.83
광주대,보건행정학과,교과,학생부교과(지역학생),70%컷(최종),6.25,2026,12,6.42
광주대,유아교육과,교과,학생부교과(지역학생),70%컷(최종),7.06,2026,11,2.95
광주대,작업치료학과,교과,학생부교과(지역학생),70%컷(최종),7.19,2026,9,3.8
광주여대,간호학과,교과,학생부교과(일반학생전형Ⅰ),70%컷(최종),5.78,2026,74,5.12
광주여대,물리치료학과,교과,학생부교과(일반학생전형Ⅰ),70%컷(최종),6.35,2026,10,6.13
광주여대,미용과학과,교과,학생부교과(일반학생전형Ⅰ),70%컷(최종),6.74,2026,30,6.42
광주여대,스포츠재활학과,교과,학생부교과(일반학생전형Ⅰ),70%컷(최종),7.94,2026,17,2.45
광주여대,치위생학과,교과,학생부교과(일반학생전형Ⅰ),70%컷(최종),5.98,2026,6,
광주여대,항공서비스학과,교과,학생부교과(일반학생전형Ⅰ),70%컷(최종),6.24,2026,40,4.5
광주여대,AI미디어콘텐츠학과,교과,학생부교과(일반학생전형Ⅱ),70%컷(최종),6.26,2026,25,1.8
광주여대,간호학과,교과,학생부교과(일반학생전형Ⅱ),70%컷(최종),5.53,2026,108,7.78
광주여대,경찰행정학과,교과,학생부교과(일반학생전형Ⅱ),70%컷(최종),6.77,2026,22,2.12
광주여대,물리치료학과,교과,학생부교과(일반학생전형Ⅱ),70%컷(최종),5.65,2026,23,5.36
광주여대,미용과학과,교과,학생부교과(일반학생전형Ⅱ),70%컷(최종),6.59,2026,40,4.82
광주여대,반려동물보건학과,교과,학생부교과(일반학생전형Ⅱ),70%컷(최종),6.43,2026,30,5.22
광주여대,사회복지학과,교과,학생부교과(일반학생전형Ⅱ),70%컷(최종),6.9,2026,22,3.48
광주여대,상담심리학과,교과,학생부교과(일반학생전형Ⅱ),70%컷(최종),6.5,2026,22,2.28
광주여대,스포츠재활학과,교과,학생부교과(일반학생전형Ⅱ),70%컷(최종),4.75,2026,5,4.4
광주여대,유아교육과,교과,학생부교과(일반학생전형Ⅱ),70%컷(최종),6.83,2026,30,2.91
광주여대,자유전공학부,교과,학생부교과(일반학생전형Ⅱ),70%컷(최종),7,2026,20,4.6
광주여대,초등특수교육과,교과,학생부교과(일반학생전형Ⅱ),70%컷(최종),6.41,2026,22,2.05
광주여대,치위생학과,교과,학생부교과(일반학생전형Ⅱ),70%컷(최종),6.88,2026,34,5.35
광주여대,한국어교육학과,교과,학생부교과(일반학생전형Ⅱ),70%컷(최종),7,2024,1,6
광주여대,항공서비스학과,교과,학생부교과(일반학생전형Ⅱ),70%컷(최종),4.82,2026,10,8.4
광주여대,화장품학과,교과,학생부교과(일반학생전형Ⅱ),70%컷(최종),6.8,2026,20,1.65
광주여대,간호학과,교과,학생부교과(지역인재전형),70%컷(최종),5.55,2026,5,6.73
광주여대,물리치료학과,교과,학생부교과(지역인재전형),70%컷(최종),6.47,2026,8,7.13
광주여대,유아교육과,교과,학생부교과(지역인재전형),70%컷(최종),7.47,2026,10,3.4
광주여대,자유전공학부,교과,학생부교과(지역인재전형),70%컷(최종),7.56,2026,10,2.6
광주여대,치위생학과,교과,학생부교과(지역인재전형),70%컷(최종),6.76,2026,5,5.8
국민대,[유형2] 동아시아국제학부,교과,학생부교과(교과우수자(학교장추천)),평균(최종),2.26,2026,4,9.25
국민대,[유형2] 법학부,교과,학생부교과(교과우수자(학교장추천)),평균(최종),2.02,2026,8,6.88
국민대,AI빅데이터융합 경영학과,교과,학생부교과(교과우수자(학교장추천)),평균(최종),2.09,2026,8,7.6
국민대,경영학부,교과,학생부교과(교과우수자(학교장추천)),평균(최종),2.03,2026,21,8.91
국민대,경제학과,교과,학생부교과(교과우수자(학교장추천)),평균(최종),2.04,2026,16,9.69
국민대,교육학과,교과,학생부교과(교과우수자(학교장추천)),평균(최종),2.24,2026,10,6.8
국민대,국제통상금융학과,교과,학생부교과(교과우수자(학교장추천)),평균(최종),2.12,2026,13,9.85
국민대,러시아·유라시아학과,교과,학생부교과(교과우수자(학교장추천)),평균(최종),2.24,2026,4,8
국민대,미디어·광고학부,교과,학생부교과(교과우수자(학교장추천)),평균(최종),1.90,2026,5,10
국민대,미디어·광고학부,교과,학생부교과(교과우수자(학교장추천)),평균(최종),2.06,2026,3,15
국민대,사회학과,교과,학생부교과(교과우수자(학교장추천)),평균(최종),2.16,2026,8,8.3
국민대,영어영문학부,교과,학생부교과(교과우수자(학교장추천)),평균(최종),2.28,2026,18,7.25
국민대,정치외교학과,교과,학생부교과(교과우수자(학교장추천)),평균(최종),1.99,2026,5,6.33
국민대,중어중문학과,교과,학생부교과(교과우수자(학교장추천)),평균(최종),2.26,2026,5,9
국민대,한국어문학부,교과,학생부교과(교과우수자(학교장추천)),평균(최종),2.12,2026,10,6.33
국민대,한국어문학부,교과,학생부교과(교과우수자(학교장추천)),평균(최종),2.34,2026,2,10
국민대,한국역사학과,교과,학생부교과(교과우수자(학교장추천)),평균(최종),2.22,2026,10,10.6
국민대,행정학과,교과,학생부교과(교과우수자(학교장추천)),평균(최종),2.12,2026,14,7.57
국민대,[유형1] 인문기술융합학부 미래융합전공(B),교과,학생부교과(교과우수자(학교장추천)),평균(최종),2.04,2026,70,4.74
국민대,[유형1] 인문기술융합학부 자유전공(B),교과,학생부교과(교과우수자(학교장추천)),평균(최종),2.29,2026,30,4.37
국민대,[유형2] 건축학부,교과,학생부교과(교과우수자(학교장추천)),평균(최종),2.01,2026,17,7.06
국민대,[유형2] 자동차모빌리티대학,교과,학생부교과(교과우수자(학교장추천)),평균(최종),2.29,2026,33,3.76
국민대,기계공학부,교과,학생부교과(교과우수자(학교장추천)),평균(최종),2.11,2026,40,4.07
국민대,미래모빌리티학과,교과,학생부교과(교과우수자(학교장추천)),평균(최종),2.07,2026,14,7.79
국민대,바이오의과학과,교과,학생부교과(교과우수자(학교장추천)),70%컷(최종),2.1,2026,1,6.71
국민대,산림기후환경학과,교과,학생부교과(교과우수자(학교장추천)),70%컷(최종),2.06,2025,3,9
국민대,소프트웨어학부,교과,학생부교과(교과우수자(학교장추천)),평균(최종),2.00,2026,10,6.5
국민대,식품영양학과,교과,학생부교과(교과우수자(학교장추천)),평균(최종),2.12,2026,2,7
국민대,신소재공학부,교과,학생부교과(교과우수자(학교장추천)),평균(최종),2.08,2026,8,4.81
국민대,신소재공학부,교과,학생부교과(교과우수자(학교장추천)),평균(최종),2.18,2026,8,4.31
국민대,융합바이오공학과,교과,학생부교과(교과우수자(학교장추천)),평균(최종),1.87,2026,5,9.2
국민대,인공지능학부,교과,학생부교과(교과우수자(학교장추천)),평균(최종),1.98,2026,7,4.57
국민대,전자공학부,교과,학생부교과(교과우수자(학교장추천)),평균(최종),3.03,2026,21,4.09
국민대,전자공학부,교과,학생부교과(교과우수자(학교장추천)),평균(최종),1.98,2026,12,5.95
국민대,전자공학부,교과,학생부교과(교과우수자(학교장추천)),평균(최종),2.25,2026,22,4.1
국민대,정보보안암호수학과,교과,학생부교과(교과우수자(학교장추천)),평균(최종),2.13,2026,6,5
국민대,[유형1] 인문기술융합학부 미래융합전공(A),교과,학생부교과(교과우수자(학교장추천)),평균(최종),1.96,2026,70,8.74
국민대,[유형1] 인문기술융합학부 자유전공(A),교과,학생부교과(교과우수자(학교장추천)),평균(최종),2.00,2026,30,7.57
국민대,[유형2] 동아시아국제학부,종합,학생부종합(국민프런티어),70%컷(최종),4.21,2026,25,13.56
국민대,[유형2] 법학부,종합,학생부종합(국민프런티어),70%컷(최종),4.66,2026,33,22.64
국민대,AI빅데이터융합 경영학과,종합,학생부종합(국민프런티어),평균(최종),2.76,2026,15,11.33
국민대,경영정보학부,종합,학생부종합(국민프런티어),70%컷(최종),2.9,2026,13,11.69
국민대,경영학부,종합,학생부종합(국민프런티어),70%컷(최종),5.14,2026,5,20.6
국민대,경영학부,종합,학생부종합(국민프런티어),70%컷(최종),2.74,2026,48,13.71
국민대,경제학과,종합,학생부종합(국민프런티어),70%컷(최종),2.72,2026,10,14.33
국민대,교육학과,종합,학생부종합(국민프런티어),70%컷(최종),2.84,2026,10,16.5
국민대,국제통상금융학과,종합,학생부종합(국민프런티어),70%컷(최종),2.82,2026,10,14.3
국민대,러시아·유라시아학과,종합,학생부종합(국민프런티어),70%컷(최종),2.91,2026,7,13.71
국민대,미디어·광고학부,종합,학생부종합(국민프런티어),70%컷(최종),2.65,2026,12,24.91
국민대,미디어·광고학부,종합,학생부종합(국민프런티어),70%컷(최종),2.58,2026,6,23.75
국민대,사회학과,종합,학생부종합(국민프런티어),70%컷(최종),2.69,2026,10,14.92
국민대,영어영문학부,종합,학생부종합(국민프런티어),70%컷(최종),4.41,2026,23,13.75
국민대,정치외교학과,종합,학생부종합(국민프런티어),70%컷(최종),2.64,2026,13,11.62
국민대,중어중문학과,종합,학생부종합(국민프런티어),70%컷(최종),3.96,2026,19,10.26
국민대,한국어문학부,종합,학생부종합(국민프런티어),70%컷(최종),3.07,2026,11,14.44
국민대,한국어문학부,종합,학생부종합(국민프런티어),평균(최종),3.08,2026,3,13
국민대,한국역사학과,종합,학생부종합(국민프런티어),70%컷(최종),2.83,2026,23,10.93
국민대,행정학과,종합,학생부종합(국민프런티어),70%컷(최종),2.71,2026,15,10.93
국민대,[유형2] 건축학부,종합,학생부종합(국민프런티어),70%컷(최종),2.77,2026,18,10.56
국민대,[유형2] 자동차모빌리티대학,종합,학생부종합(국민프런티어),70%컷(최종),2.5,2026,20,7.15
국민대,AI빅데이터 융합경영학과(자연),종합,학생부종합(국민프런티어),70%컷(최종),2.79,2026,6,9.67
국민대,건설시스템공학부,종합,학생부종합(국민프런티어),70%컷(최종),3.26,2026,34,10.71
국민대,경영정보학부,종합,학생부종합(국민프런티어),70%컷(최종),2.9,2026,5,10.4
국민대,기계공학부,종합,학생부종합(국민프런티어),70%컷(최종),2.99,2026,47,13.22
국민대,미래모빌리티학과,종합,학생부종합(국민프런티어),70%컷(최종),3.05,2026,9,11
국민대,바이오의과학과,종합,학생부종합(국민프런티어),70%컷(최종),2.24,2025,14,16.13
국민대,산림기후환경학과,종합,학생부종합(국민프런티어),70%컷(최종),2.76,2026,15,19.73
국민대,소프트웨어학부,종합,학생부종합(국민프런티어),70%컷(최종),2.55,2026,19,12.05
국민대,식품영양학과,종합,학생부종합(국민프런티어),70%컷(최종),2.82,2026,13,31.93
국민대,신소재공학부,종합,학생부종합(국민프런티어),70%컷(최종),2.75,2026,15,9.73
국민대,신소재공학부,종합,학생부종합(국민프런티어),평균(최종),2.78,2026,15,9.93
국민대,융합바이오공학과,종합,학생부종합(국민프런티어),70%컷(최종),2.59,2026,10,36.1
국민대,인공지능학부,종합,학생부종합(국민프런티어),70%컷(최종),2.92,2026,11,13
국민대,전자공학부,종합,학생부종합(국민프런티어),70%컷(최종),2.83,2026,26,8.62
국민대,전자공학부,종합,학생부종합(국민프런티어),70%컷(최종),2.74,2026,13,8.5
국민대,전자공학부,종합,학생부종합(국민프런티어),70%컷(최종),2.76,2026,26,10.23
국민대,정보보안암호수학과,종합,학생부종합(국민프런티어),70%컷(최종),2.89,2026,8,11.88
국민대,AI디자인학과,종합,학생부종합(국민프런티어),70%컷(최종),2.94,2026,15,22
국민대,스포츠건강재활학과,종합,학생부종합(국민프런티어),70%컷(최종),3.41,2026,19,28.53
국민대,시각디자인학과,종합,학생부종합(국민프런티어),70%컷(최종),3.25,2026,10,47
군산대,경영학과,교과,학생부교과(일반전형),70%컷(최종),5.35,2026,34,6.97
군산대,국어국문학과,교과,학생부교과(일반전형),70%컷(최종),5.37,2026,13,5.42
군산대,국제물류학과,교과,학생부교과(일반전형),70%컷(최종),6.34,2026,16,4.57
군산대,금융부동산경제학과,교과,학생부교과(일반전형),70%컷(최종),6.69,2026,15,3.77
군산대,무역학과,교과,학생부교과(일반전형),70%컷(최종),6.82,2026,18,5.06
군산대,미디어문화학과,교과,학생부교과(일반전형),70%컷(최종),4.45,2026,15,5.53
군산대,사회복지학과,교과,학생부교과(일반전형),70%컷(최종),4.64,2026,20,4.74
군산대,아동학과,교과,학생부교과(일반전형),70%컷(최종),6.16,2026,13,3.79
군산대,역사학과,교과,학생부교과(일반전형),70%컷(최종),4.68,2026,9,7
군산대,영어영문학과,교과,학생부교과(일반전형),70%컷(최종),5.64,2026,17,4.41
군산대,일어일문학과,교과,학생부교과(일반전형),70%컷(최종),4.97,2026,18,7.65
군산대,중어중문학과,교과,학생부교과(일반전형),70%컷(최종),6.27,2026,11,3.64
군산대,철학과,교과,학생부교과(일반전형),70%컷(최종),6.01,2026,12,3.25
군산대,해양경찰학과,교과,학생부교과(일반전형),70%컷(최종),4.61,2026,15,5.73
군산대,해양수산공공인재학과,교과,학생부교과(일반전형),70%컷(최종),4.62,2026,11,5.17
군산대,회계학부,교과,학생부교과(일반전형),70%컷(최종),5.55,2026,19,3.24
군산대,간호학과,교과,학생부교과(일반전형),70%컷(최종),2.13,2026,8,9
군산대,건축공학과,교과,학생부교과(일반전형),70%컷(최종),5.85,2026,24,6.14
군산대,공간디자인융합기술학과,교과,학생부교과(일반전형),70%컷(최종),5.91,2026,16,3.25
군산대,기계공학부,교과,학생부교과(일반전형),70%컷(최종),6.31,2026,53,3.35
군산대,기관공학과,교과,학생부교과(일반전형),70%컷(최종),4.98,2026,9,7
군산대,생명과학과,교과,학생부교과(일반전형),70%컷(최종),5.48,2026,13,5
군산대,수산생명의학과,교과,학생부교과(일반전형),70%컷(최종),4.51,2026,16,5.27
군산대,수학과,교과,학생부교과(일반전형),70%컷(최종),5.92,2026,14,2.07
군산대,식품생명공학과,교과,학생부교과(일반전형),70%컷(최종),6.49,2026,17,4.5
군산대,식품영양학과,교과,학생부교과(일반전형),70%컷(최종),5.31,2026,16,7.87
군산대,신소재공학과,교과,학생부교과(일반전형),70%컷(최종),6.42,2026,13,2.17
군산대,의류학과,교과,학생부교과(일반전형),70%컷(최종),5.95,2026,15,4.53
군산대,전기공학과,교과,학생부교과(일반전형),70%컷(최종),4.21,2026,22,5.25
군산대,전자공학과,교과,학생부교과(일반전형),70%컷(최종),5.76,2026,21,4.74
군산대,첨단과학기술학부,교과,학생부교과(일반전형),70%컷(최종),6.56,2026,17,2.56
군산대,토목공학과,교과,학생부교과(일반전형),70%컷(최종),6.13,2026,35,3.52
군산대,해양건설공학과,교과,학생부교과(일반전형),70%컷(최종),6.72,2026,12,5.09
군산대,해양생명과학과,교과,학생부교과(일반전형),70%컷(최종),5.43,2026,10,4.82
군산대,해양생물자원학과,교과,학생부교과(일반전형),70%컷(최종),6.13,2026,22,3.68
군산대,화학공학과,교과,학생부교과(일반전형),70%컷(최종),5.36,2026,13,3.36
군산대,환경공학과,교과,학생부교과(일반전형),70%컷(최종),6.27,2026,21,2.67
군산대,자율전공학부,교과,학생부교과(일반전형),70%컷(최종),5.83,2026,95,5.18
군산대,경영학과,종합,학생부종합(일반학생전형),70%컷(최종),6.26,2026,9,5.8
군산대,국어국문학과,종합,학생부종합(일반학생전형),70%컷(최종),6.89,2026,4,3
군산대,국제물류학과,종합,학생부종합(일반학생전형),70%컷(최종),7.13,2026,5,2.67
군산대,금융부동산경제학과,종합,학생부종합(일반학생전형),70%컷(최종),7.12,2026,5,2.4
군산대,무역학과,종합,학생부종합(일반학생전형),70%컷(최종),7.36,2026,6,2.33
군산대,미디어문화학과,종합,학생부종합(일반학생전형),70%컷(최종),4.78,2026,8,11.63
군산대,사회복지학과,종합,학생부종합(일반학생전형),70%컷(최종),5.15,2026,11,8.73
군산대,아동학과,종합,학생부종합(일반학생전형),70%컷(최종),6.1,2026,7,5.17
군산대,역사학과,종합,학생부종합(일반학생전형),70%컷(최종),5.08,2026,5,7.4
군산대,영어영문학과,종합,학생부종합(일반학생전형),70%컷(최종),8.19,2026,5,3.4
군산대,일어일문학과,종합,학생부종합(일반학생전형),70%컷(최종),6,2026,5,8.83
군산대,중어중문학과,종합,학생부종합(일반학생전형),평균(최종),6.75,2026,4,3
군산대,철학과,종합,학생부종합(일반학생전형),평균(최종),5.32,2025,2,3.5
군산대,해양경찰학과,종합,학생부종합(일반학생전형),70%컷(최종),5.38,2026,8,6.63
군산대,해양수산공공인재학과,종합,학생부종합(일반학생전형),70%컷(최종),6.11,2026,4,7.5
군산대,회계학부,종합,학생부종합(일반학생전형),70%컷(최종),6.16,2026,8,2.22
군산대,간호학과,종합,학생부종합(일반학생전형),70%컷(최종),3.82,2026,13,17.14
군산대,건축공학과,종합,학생부종합(일반학생전형),70%컷(최종),7.01,2026,7,3.5
군산대,공간디자인융합기술학과,종합,학생부종합(일반학생전형),70%컷(최종),6.09,2026,6,4.83
군산대,기계공학부,종합,학생부종합(일반학생전형),70%컷(최종),6.92,2026,15,3.57
군산대,기관공학과,종합,학생부종합(일반학생전형),평균(최종),5.36,2026,3,5
군산대,생명과학과,종합,학생부종합(일반학생전형),70%컷(최종),5.81,2026,6,3.17
군산대,수산생명의학과,종합,학생부종합(일반학생전형),70%컷(최종),5.43,2026,8,6
군산대,식품생명공학과,종합,학생부종합(일반학생전형),70%컷(최종),6.14,2026,4,3
군산대,식품영양학과,종합,학생부종합(일반학생전형),70%컷(최종),6.53,2026,7,4.57
군산대,신소재공학과,종합,학생부종합(일반학생전형),평균(최종),4.21,2025,3,2.33
군산대,의류학과,종합,학생부종합(일반학생전형),70%컷(최종),7.15,2026,7,3.25
군산대,전기공학과,종합,학생부종합(일반학생전형),70%컷(최종),5.8,2026,9,8.22
군산대,전자공학과,종합,학생부종합(일반학생전형),70%컷(최종),6.33,2026,4,2.4
군산대,첨단과학기술학부,종합,학생부종합(일반학생전형),평균(최종),6.85,2026,7,1.86
군산대,토목공학과,종합,학생부종합(일반학생전형),70%컷(최종),6.05,2026,8,2.86
군산대,해양건설공학과,종합,학생부종합(일반학생전형),70%컷(최종),7.09,2026,3,2.5
군산대,해양생명과학과,종합,학생부종합(일반학생전형),70%컷(최종),6.3,2026,5,6.6
군산대,해양생물자원학과,종합,학생부종합(일반학생전형),70%컷(최종),6.87,2026,6,3.83
군산대,화학공학과,종합,학생부종합(일반학생전형),평균(최종),6.36,2026,4,2
군산대,환경공학과,종합,학생부종합(일반학생전형),70%컷(최종),6.21,2026,9,3.43
군산대,체육학부,종합,학생부종합(일반학생전형),70%컷(최종),5.19,2026,7,12.5
군산대,자율전공학부,종합,학생부종합(일반학생전형),70%컷(최종),6.45,2026,42,4
군산대,경영학과,교과,학생부교과(지역인재Ⅰ전형),70%컷(최종),5.63,2026,9,6.67
군산대,국어국문학과,교과,학생부교과(지역인재Ⅰ전형),70%컷(최종),6.43,2026,3,2.33
군산대,국제물류학과,교과,학생부교과(지역인재Ⅰ전형),70%컷(최종),6.54,2026,5,2.83
군산대,금융부동산경제학과,교과,학생부교과(지역인재Ⅰ전형),70%컷(최종),6.95,2026,3,2.8
군산대,무역학과,교과,학생부교과(지역인재Ⅰ전형),70%컷(최종),7.24,2026,4,2.5
군산대,미디어문화학과,교과,학생부교과(지역인재Ⅰ전형),70%컷(최종),4.28,2026,4,4.8
군산대,사회복지학과,교과,학생부교과(지역인재Ⅰ전형),70%컷(최종),4.54,2026,6,8.33
군산대,아동학과,교과,학생부교과(지역인재Ⅰ전형),70%컷(최종),6.13,2026,5,3.6
군산대,역사학과,교과,학생부교과(지역인재Ⅰ전형),평균(최종),5.22,2025,2,2
군산대,영어영문학과,교과,학생부교과(지역인재Ⅰ전형),70%컷(최종),6.2,2026,5,3.2
군산대,일어일문학과,교과,학생부교과(지역인재Ⅰ전형),70%컷(최종),6.56,2026,5,3.8
군산대,중어중문학과,교과,학생부교과(지역인재Ⅰ전형),70%컷(최종),5.73,2026,3,3
군산대,철학과,교과,학생부교과(지역인재Ⅰ전형),평균(최종),5.33,2026,2,3.5
군산대,해양경찰학과,교과,학생부교과(지역인재Ⅰ전형),70%컷(최종),4.76,2026,4,9
군산대,해양수산공공인재학과,교과,학생부교과(지역인재Ⅰ전형),평균(최종),5.61,2026,3,3.5
군산대,회계학부,교과,학생부교과(지역인재Ⅰ전형),70%컷(최종),5.11,2026,8,2.43
군산대,간호학과,교과,학생부교과(지역인재Ⅰ전형),70%컷(최종),2.22,2026,15,8.38
군산대,건축공학과,교과,학생부교과(지역인재Ⅰ전형),70%컷(최종),6.99,2026,7,4.29
군산대,공간디자인융합기술학과,교과,학생부교과(지역인재Ⅰ전형),70%컷(최종),5.8,2026,6,2.5
군산대,기계공학부,교과,학생부교과(지역인재Ⅰ전형),70%컷(최종),6.6,2026,17,1.76
군산대,기관공학과,교과,학생부교과(지역인재Ⅰ전형),평균(최종),4.85,2026,2,9.5
군산대,생명과학과,교과,학생부교과(지역인재Ⅰ전형),평균(최종),4.56,2026,2,2
군산대,수산생명의학과,교과,학생부교과(지역인재Ⅰ전형),70%컷(최종),4.43,2026,5,7.8
군산대,수학과,교과,학생부교과(지역인재Ⅰ전형),70%컷(최종),5.13,2026,3,2
군산대,식품생명공학과,교과,학생부교과(지역인재Ⅰ전형),70%컷(최종),5.23,2026,4,2.75
군산대,식품영양학과,교과,학생부교과(지역인재Ⅰ전형),70%컷(최종),5.19,2026,7,3.71
군산대,신소재공학과,교과,학생부교과(지역인재Ⅰ전형),70%컷(최종),5.97,2026,3,2.5
군산대,의류학과,교과,학생부교과(지역인재Ⅰ전형),70%컷(최종),6.03,2026,5,3.8
군산대,전기공학과,교과,학생부교과(지역인재Ⅰ전형),70%컷(최종),4.69,2026,8,5.5
군산대,전자공학과,교과,학생부교과(지역인재Ⅰ전형),70%컷(최종),6.3,2026,6,3.83
군산대,첨단과학기술학부,교과,학생부교과(지역인재Ⅰ전형),70%컷(최종),6.93,2026,4,2
군산대,토목공학과,교과,학생부교과(지역인재Ⅰ전형),70%컷(최종),5.6,2026,7,2.71
군산대,해양건설공학과,교과,학생부교과(지역인재Ⅰ전형),70%컷(최종),8.49,2026,3,3
군산대,해양생명과학과,교과,학생부교과(지역인재Ⅰ전형),70%컷(최종),5.82,2024,3,1.5
군산대,해양생물자원학과,교과,학생부교과(지역인재Ⅰ전형),70%컷(최종),6.03,2026,6,2.33
군산대,화학공학과,교과,학생부교과(지역인재Ⅰ전형),70%컷(최종),6.19,2026,4,2
군산대,환경공학과,교과,학생부교과(지역인재Ⅰ전형),70%컷(최종),7.51,2026,7,2
군산대,자율전공학부,교과,학생부교과(지역인재Ⅰ전형),70%컷(최종),5.95,2026,45,5.18
극동대,사회복지학부,교과,학생부교과(교과우수자전형),70%컷(최종),6.75,2026,90,1.64
극동대,방사선학과,교과,학생부교과(교과우수자전형),70%컷(최종),3.37,2026,15,10.18
극동대,임상병리학과,교과,학생부교과(교과우수자전형),70%컷(최종),5,2026,10,4.23
극동대,작업치료학과,교과,학생부교과(교과우수자전형),70%컷(최종),6.13,2026,25,2.11
극동대,항공안전관리학과,교과,학생부교과(교과우수자전형),70%컷(최종),6.38,2026,26,1.4
극동대,항공운항학과,교과,학생부교과(교과우수자전형),70%컷(최종),4.63,2026,31,2.57
극동대,항공정비학과,교과,학생부교과(교과우수자전형),70%컷(최종),4.38,2026,12,4.65
극동대,해킹보안학과,교과,학생부교과(교과우수자전형),70%컷(최종),7.75,2026,26,1.44
극동대,글로벌융합학부,교과,학생부교과(교과우수자전형),70%컷(최종),5.75,2026,102,1.1
극동대,항공운항서비스학과,교과,학생부교과(일반학생전형),70%컷(최종),4.88,2026,60,14.33
극동대,간호학과,교과,학생부교과(일반학생전형),70%컷(최종),4,2026,41,6.45
극동대,방사선학과,교과,학생부교과(일반학생전형),70%컷(최종),4.5,2026,16,16
극동대,임상병리학과,교과,학생부교과(일반학생전형),70%컷(최종),4.88,2026,26,8.75
극동대,간호학과,교과,학생부교과(지역인재1전형),70%컷(최종),5.13,2026,37,3.89
금강대,프라마나학부,교과,학생부교과(일반전형),70%컷(최종),5.45,2025,40,0.65
금오공대,경영학과,교과,학생부교과(학생부교과전형),70%컷(최종),5.07,2026,19,6
금오공대,광시스템공학과,교과,학생부교과(학생부교과전형),70%컷(최종),5.01,2026,16,5
금오공대,기계공학부,교과,학생부교과(학생부교과전형),70%컷(최종),4,2026,71,8.67
금오공대,기계공학부 스마트모빌리티전공,교과,학생부교과(학생부교과전형),70%컷(최종),4.8,2026,22,6.79
금오공대,바이오메디컬공학과,교과,학생부교과(학생부교과전형),70%컷(최종),4.06,2026,7,5.57
금오공대,산업·빅데이터공학부,교과,학생부교과(학생부교과전형),70%컷(최종),5.38,2026,36,3.86
금오공대,재료공학부,교과,학생부교과(학생부교과전형),70%컷(최종),4.74,2026,54,3.12
금오공대,전자공학부,교과,학생부교과(학생부교과전형),70%컷(최종),3.6,2026,55,6.56
금오공대,컴퓨터공학부,교과,학생부교과(학생부교과전형),70%컷(최종),3.95,2026,35,4.85
금오공대,화학소재공학부,교과,학생부교과(학생부교과전형),70%컷(최종),4.6,2026,36,3.59
금오공대,환경공학과,교과,학생부교과(학생부교과전형),70%컷(최종),4.44,2026,11,6.51
금오공대,[유형1] 자율전공학부,교과,학생부교과(학생부교과전형),70%컷(최종),4.78,2026,43,5.27
금오공대,경영학과,종합,학생부종합(KIT인재전형),70%컷(최종),5.93,2026,6,6
금오공대,광시스템공학과,종합,학생부종합(KIT인재전형),70%컷(최종),6.28,2026,5,3.2
금오공대,기계공학부,종합,학생부종합(KIT인재전형),70%컷(최종),5.29,2026,30,6.67
금오공대,기계공학부 스마트모빌리티전공,종합,학생부종합(KIT인재전형),70%컷(최종),5.81,2026,17,7.73
금오공대,바이오메디컬공학과,종합,학생부종합(KIT인재전형),70%컷(최종),5.77,2026,9,4.38
금오공대,산업·빅데이터공학부,종합,학생부종합(KIT인재전형),70%컷(최종),6.69,2026,21,3.1
금오공대,재료공학부,종합,학생부종합(KIT인재전형),70%컷(최종),6.87,2026,36,2.75
금오공대,전자공학부,종합,학생부종합(KIT인재전형),70%컷(최종),5.37,2026,30,5.03
금오공대,컴퓨터공학부,종합,학생부종합(KIT인재전형),70%컷(최종),5.73,2026,24,6.39
금오공대,화학소재공학부,종합,학생부종합(KIT인재전형),70%컷(최종),6.16,2026,23,2.39
금오공대,환경공학과,종합,학생부종합(KIT인재전형),70%컷(최종),5.67,2026,6,6.37
금오공대,[유형1] 자율전공학부,종합,학생부종합(자율인재전형),70%컷(최종),6.44,2026,23,5.26
금오공대,경영학과,교과,학생부교과(지역인재전형),70%컷(최종),4.3,2026,6,3.33
금오공대,기계공학부,교과,학생부교과(지역인재전형),70%컷(최종),4.32,2026,31,4.23
금오공대,기계공학부 스마트모빌리티전공,교과,학생부교과(지역인재전형),70%컷(최종),4.34,2026,9,5.56
금오공대,바이오메디컬공학과,교과,학생부교과(지역인재전형),70%컷(최종),4.68,2026,7,2.78
금오공대,산업·빅데이터공학부,교과,학생부교과(지역인재전형),70%컷(최종),5.17,2026,8,3.13
금오공대,전자공학부,교과,학생부교과(지역인재전형),70%컷(최종),3.75,2026,32,5.91
금오공대,컴퓨터공학부,교과,학생부교과(지역인재전형),70%컷(최종),4.01,2026,18,5.25
금오공대,화학소재공학부,교과,학생부교과(지역인재전형),70%컷(최종),5.12,2026,6,2.83
금오공대,환경공학과,교과,학생부교과(지역인재전형),70%컷(최종),4.81,2026,6,2.95
금오공대,[유형1] 자율전공학부,교과,학생부교과(지역인재전형),70%컷(최종),5.09,2026,20,3.74
김천대,경찰소방학과,교과,학생부교과(일반교과전형),70%컷(최종),6.54,2026,15,6.5
김천대,사회복지학과,교과,학생부교과(일반교과전형),70%컷(최종),5.28,2026,10,2.75
김천대,상담심리학과,교과,학생부교과(일반교과전형),70%컷(최종),3,2026,20,1.94
김천대,유아교육과[사범],교과,학생부교과(일반교과전형),70%컷(최종),4.07,2026,14,1.64
김천대,간호학과,교과,학생부교과(일반교과전형),70%컷(최종),3.92,2026,35,8.27
김천대,물리치료학과,교과,학생부교과(일반교과전형),70%컷(최종),3.89,2026,25,6.56
김천대,방사선학과,교과,학생부교과(일반교과전형),70%컷(최종),4.27,2026,49,7.18
김천대,스마트모빌리티학과,교과,학생부교과(일반교과전형),70%컷(최종),6.38,2026,20,1.45
김천대,안경광학과,교과,학생부교과(일반교과전형),70%컷(최종),6.6,2026,13,2
김천대,임상병리학과,교과,학생부교과(일반교과전형),70%컷(최종),5.47,2026,30,3.33
김천대,치기공학과,교과,학생부교과(일반교과전형),70%컷(최종),6.1,2026,20,2.65
김천대,치위생학과,교과,학생부교과(일반교과전형),70%컷(최종),2.67,2026,30,3.04
김천대,스포츠재활학과,교과,학생부교과(일반교과전형),70%컷(최종),5.76,2026,14,5.3
김천대,자율전공학부,교과,학생부교과(일반교과전형),70%컷(최종),6.37,2026,23,0.91
김천대,K-글로벌학과,교과,학생부교과(일반면접전형),70%컷(최종),6.37,2026,2,3
김천대,경찰소방학과,교과,학생부교과(일반면접전형),70%컷(최종),7.18,2026,5,3.2
김천대,사회복지학과,교과,학생부교과(일반면접전형),70%컷(최종),6.24,2026,10,1.25
김천대,신학과,교과,학생부교과(일반면접전형),70%컷(최종),5.2,2026,20,1.35
김천대,간호학과,교과,학생부교과(일반면접전형),70%컷(최종),6.29,2026,51,5.25
김천대,물리치료학과,교과,학생부교과(일반면접전형),70%컷(최종),4.24,2026,35,4.34
김천대,방사선학과,교과,학생부교과(일반면접전형),70%컷(최종),4.75,2026,10,3.3
김천대,안경광학과,교과,학생부교과(일반면접전형),평균(최종),4.49,2026,7,
김천대,생활체육학과,교과,학생부교과(일반면접전형),70%컷(최종),6.96,2026,10,3.6
김천대,스포츠재활학과,교과,학생부교과(일반면접전형),평균(최종),8.00,2026,6,
김천대,간호학과,교과,학생부교과(지역인재전형),70%컷(최종),4.63,2026,40,4.27
나사렛대,경영학과,교과,학생부교과(일반전형),70%컷(최종),5.45,2026,44,8.13
나사렛대,경찰행정학과,교과,학생부교과(일반전형),70%컷(최종),4.62,2026,30,5.65
나사렛대,금융부동산학과,교과,학생부교과(일반전형),70%컷(최종),6.6,2026,35,4.17
나사렛대,기독교학부,교과,학생부교과(일반전형),70%컷(최종),7.2,2026,24,1.43
나사렛대,사회복지학부,교과,학생부교과(일반전형),70%컷(최종),5.02,2026,80,6.33
나사렛대,상담심리학과,교과,학생부교과(일반전형),70%컷(최종),4.75,2026,30,5.68
나사렛대,수어통역교육학과,교과,학생부교과(일반전형),70%컷(최종),6.37,2026,15,2.4
나사렛대,아동심리교육학과,교과,학생부교과(일반전형),70%컷(최종),5.58,2026,24,5.33
나사렛대,유아특수교육과,교과,학생부교과(일반전형),70%컷(최종),5.9,2026,20,1.72
나사렛대,인간재활학과,교과,학생부교과(일반전형),70%컷(최종),5.59,2026,22,6.45
나사렛대,중등특수교육과,교과,학생부교과(일반전형),70%컷(최종),4.4,2026,15,5.33
나사렛대,특수교육과,교과,학생부교과(일반전형),70%컷(최종),4.57,2026,20,4.87
나사렛대,항공호텔관광경영학과,교과,학생부교과(일반전형),70%컷(최종),5.68,2026,45,6
나사렛대,AI융합학부,교과,학생부교과(일반전형),70%컷(최종),7.66,2026,53,3.8
나사렛대,간호학과,교과,학생부교과(일반전형),70%컷(최종),3.09,2026,18,8.87
나사렛대,물리치료학과,교과,학생부교과(일반전형),70%컷(최종),2.72,2026,6,19.17
나사렛대,언어치료학과,교과,학생부교과(일반전형),70%컷(최종),5.34,2026,45,3.08
나사렛대,응급구조학과,교과,학생부교과(일반전형),70%컷(최종),3.77,2026,17,9.19
나사렛대,임상병리학과,교과,학생부교과(일반전형),70%컷(최종),3.41,2026,14,6.44
나사렛대,재활의료공학과,교과,학생부교과(일반전형),70%컷(최종),5.23,2026,40,3.88
나사렛대,방송시각영상디자인학부,교과,학생부교과(일반전형),70%컷(최종),5.23,2026,50,5.21
나사렛대,재활자립학과,종합,학생부종합(창의융합인재-면접형),평균(최종),6.801,2025,5,7.4
나사렛대,간호학과,종합,학생부종합(창의융합인재-면접형),평균(최종),3.351,2025,12,7.2
나사렛대,경찰행정학과,종합,학생부종합(창의융합인재-서류형),평균(최종),5.925,2025,6,4.86
나사렛대,기독교학부,종합,학생부종합(창의융합인재-서류형),70%컷(최종),7.99,2026,6,1
나사렛대,사회복지학부,종합,학생부종합(창의융합인재-서류형),70%컷(최종),7,2026,15,2.53
나사렛대,상담심리학과,종합,학생부종합(창의융합인재-서류형),70%컷(최종),6.88,2026,11,2.3
나사렛대,수어통역교육학과,종합,학생부종합(창의융합인재-서류형),70%컷(최종),7.06,2026,2,2.5
나사렛대,아동심리교육학과,종합,학생부종합(창의융합인재-서류형),70%컷(최종),7.09,2026,3,1.67
나사렛대,유아특수교육과,종합,학생부종합(창의융합인재-서류형),70%컷(최종),5.91,2026,10,2
나사렛대,인간재활학과,종합,학생부종합(창의융합인재-서류형),70%컷(최종),6.21,2026,3,1.33
나사렛대,중등특수교육과,종합,학생부종합(창의융합인재-서류형),70%컷(최종),5.52,2026,10,1.6
나사렛대,특수교육과,종합,학생부종합(창의융합인재-서류형),70%컷(최종),5.63,2026,10,1.6
나사렛대,물리치료학과,종합,학생부종합(창의융합인재-서류형),70%컷(최종),3.93,2026,6,9
나사렛대,언어치료학과,종합,학생부종합(창의융합인재-서류형),70%컷(최종),5.8,2026,10,1.17
나사렛대,응급구조학과,종합,학생부종합(창의융합인재-서류형),70%컷(최종),4.74,2026,12,6.17
나사렛대,임상병리학과,종합,학생부종합(창의융합인재-서류형),70%컷(최종),4.05,2026,5,5.8
나사렛대,방송시각영상디자인학부,종합,학생부종합(창의융합인재-서류형),평균(최종),5.792,2025,10,4
나사렛대,경찰행정학과,교과,학생부교과(지역인재1전형),평균(최종),5.66,2025,6,5.71
나사렛대,사회복지학부,교과,학생부교과(지역인재1전형),70%컷(최종),4.97,2026,5,4.8
나사렛대,상담심리학과,교과,학생부교과(지역인재1전형),70%컷(최종),5.07,2026,5,2.4
나사렛대,수어통역교육학과,교과,학생부교과(지역인재1전형),70%컷(최종),7.72,2026,3,2.67
나사렛대,아동심리교육학과,교과,학생부교과(지역인재1전형),70%컷(최종),5.13,2026,3,3.33
나사렛대,유아특수교육과,교과,학생부교과(지역인재1전형),70%컷(최종),5.31,2026,5,1.86
나사렛대,인간재활학과,교과,학생부교과(지역인재1전형),70%컷(최종),6.38,2026,5,2.6
나사렛대,중등특수교육과,교과,학생부교과(지역인재1전형),70%컷(최종),4.59,2026,2,2
나사렛대,특수교육과,교과,학생부교과(지역인재1전형),70%컷(최종),5.38,2026,5,1.6
나사렛대,AI융합학부,교과,학생부교과(지역인재1전형),70%컷(최종),6.77,2026,8,2.5
나사렛대,물리치료학과,교과,학생부교과(지역인재1전형),70%컷(최종),3.25,2026,2,11.5
나사렛대,언어치료학과,교과,학생부교과(지역인재1전형),70%컷(최종),6.08,2026,5,2.67
나사렛대,응급구조학과,교과,학생부교과(지역인재1전형),70%컷(최종),4.9,2026,12,4.5
나사렛대,임상병리학과,교과,학생부교과(지역인재1전형),70%컷(최종),4.41,2026,3,5
나사렛대,간호학과,종합,학생부종합(지역인재2-일반),70%컷(최종),5.26,2026,16,5.14
남부대,[유형2] 자유전공학부,교과,학생부교과(일반학생전형),70%컷(최종),6,2026,25,0.95
남부대,AI경영학과,교과,학생부교과(일반학생전형),70%컷(최종),7.67,2026,5,1.2
남부대,AI전기공학과,교과,학생부교과(일반학생전형),70%컷(최종),7.09,2026,15,2.13
남부대,간호학과,교과,학생부교과(일반학생전형),70%컷(최종),6.18,2026,188,5.27
남부대,경찰행정학과,교과,학생부교과(일반학생전형),70%컷(최종),6.36,2026,17,3.82
남부대,무도경호학과,교과,학생부교과(일반학생전형),70%컷(최종),7,2026,30,2.63
남부대,물리치료학과,교과,학생부교과(일반학생전형),70%컷(최종),5.48,2026,41,9.71
남부대,방사선학과,교과,학생부교과(일반학생전형),70%컷(최종),5.64,2026,40,8.63
남부대,사회복지학과,교과,학생부교과(일반학생전형),70%컷(최종),5.94,2026,17,4.18
남부대,스포츠레저학과,교과,학생부교과(일반학생전형),70%컷(최종),6.6,2026,35,1.71
남부대,식품영양학과,교과,학생부교과(일반학생전형),70%컷(최종),6,2026,15,3.27
남부대,유아교육과,교과,학생부교과(일반학생전형),70%컷(최종),6,2026,22,1.64
남부대,응급구조학과,교과,학생부교과(일반학생전형),70%컷(최종),7.11,2026,26,6.4
남부대,초등특수교육과,교과,학생부교과(일반학생전형),70%컷(최종),6.35,2026,22,1.96
남부대,향장미용학과,교과,학생부교과(일반학생전형),70%컷(최종),7.4,2026,25,2.96
남부대,호텔조리학과,교과,학생부교과(일반학생전형),70%컷(최종),7.04,2026,25,3.96
남부대,간호학과,교과,학생부교과(지역인재전형),70%컷(최종),6.26,2026,20,5.75
남부대,물리치료학과,교과,학생부교과(지역인재전형),70%컷(최종),5.9,2026,9,6.11
남서울대,경영학과,교과,학생부교과(교과+면접전형),70%컷(최종),4.3,2025,15,3.43
남서울대,관광경영학과,교과,학생부교과(교과+면접전형),70%컷(최종),5.57,2025,13,4.38
남서울대,광고홍보학과,교과,학생부교과(교과+면접전형),70%컷(최종),3.87,2025,15,3.19
남서울대,글로벌무역학과,교과,학생부교과(교과+면접전형),70%컷(최종),4.5,2025,13,2.23
남서울대,부동산학과,교과,학생부교과(교과+면접전형),70%컷(최종),5.4,2025,6,2.71
남서울대,사회복지학과,교과,학생부교과(교과+면접전형),70%컷(최종),4.33,2025,14,5.54
남서울대,세무학과,교과,학생부교과(교과+면접전형),70%컷(최종),4.93,2025,6,3.14
남서울대,아동복지학과,교과,학생부교과(교과+면접전형),70%컷(최종),5.1,2025,15,4
남서울대,영어과,교과,학생부교과(교과+면접전형),70%컷(최종),5.57,2025,6,3
남서울대,유통마케팅학과,교과,학생부교과(교과+면접전형),70%컷(최종),4.97,2025,13,3
남서울대,일어일문학과,교과,학생부교과(교과+면접전형),70%컷(최종),4.03,2025,6,5.33
남서울대,중국학과,교과,학생부교과(교과+면접전형),70%컷(최종),5.83,2025,6,2.83
남서울대,호텔경영학과,교과,학생부교과(교과+면접전형),70%컷(최종),4.87,2025,13,4.75
남서울대,휴먼케어학과,교과,학생부교과(교과+면접전형),70%컷(최종),5.47,2025,14,2.27
남서울대,AI융합미디어학과,교과,학생부교과(교과+면접전형),70%컷(최종),4.3,2025,15,2.94
남서울대,가상현실학과,교과,학생부교과(교과+면접전형),70%컷(최종),6.57,2025,15,2.38
남서울대,간호학과,교과,학생부교과(교과+면접전형),70%컷(최종),2.37,2025,15,20.75
남서울대,건축공학과,교과,학생부교과(교과+면접전형),70%컷(최종),5.53,2025,10,4.33
남서울대,건축학과(5년제),교과,학생부교과(교과+면접전형),70%컷(최종),3.67,2025,10,5.33
남서울대,공간정보공학과,교과,학생부교과(교과+면접전형),70%컷(최종),6,2025,15,2.25
남서울대,물리치료학과,교과,학생부교과(교과+면접전형),70%컷(최종),2.3,2025,9,13
남서울대,보건행정학과,교과,학생부교과(교과+면접전형),70%컷(최종),4.37,2025,15,5.26
남서울대,뷰티보건학과,교과,학생부교과(교과+면접전형),70%컷(최종),4.63,2025,8,12
남서울대,빅데이터경영공학과,교과,학생부교과(교과+면접전형),70%컷(최종),6.3,2025,15,2.93
남서울대,스마트팜학과,교과,학생부교과(교과+면접전형),70%컷(최종),5.33,2025,6,3
남서울대,응급구조학과,교과,학생부교과(교과+면접전형),70%컷(최종),3.33,2025,9,12.45
남서울대,인공지능소프트웨어학과,교과,학생부교과(교과+면접전형),70%컷(최종),4.97,2025,15,3
남서울대,임상병리학과,교과,학생부교과(교과+면접전형),70%컷(최종),3.17,2025,9,15.78
남서울대,전자공학과,교과,학생부교과(교과+면접전형),70%컷(최종),4.87,2025,15,2.76
남서울대,지능정보통신공학과,교과,학생부교과(교과+면접전형),70%컷(최종),6.1,2025,15,2.29
남서울대,치위생학과,교과,학생부교과(교과+면접전형),70%컷(최종),3.7,2025,10,26.6
남서울대,경영학과,교과,학생부교과(일반전형),70%컷(최종),3.63,2025,37,6.97
남서울대,관광경영학과,교과,학생부교과(일반전형),70%컷(최종),4.27,2025,26,5.37
남서울대,광고홍보학과,교과,학생부교과(일반전형),70%컷(최종),3.63,2025,47,6.02
남서울대,글로벌무역학과,교과,학생부교과(일반전형),70%컷(최종),4.6,2025,29,4.77
남서울대,부동산학과,교과,학생부교과(일반전형),70%컷(최종),4.17,2025,15,3.63
남서울대,사회복지학과,교과,학생부교과(일반전형),70%컷(최종),3.53,2025,32,8.45
남서울대,세무학과,교과,학생부교과(일반전형),70%컷(최종),3.73,2025,20,3.91
남서울대,아동복지학과,교과,학생부교과(일반전형),70%컷(최종),2.23,2025,43,3.74
남서울대,영어과,교과,학생부교과(일반전형),70%컷(최종),4.53,2025,15,7.31
남서울대,유통마케팅학과,교과,학생부교과(일반전형),70%컷(최종),4.6,2025,30,7.4
남서울대,일어일문학과,교과,학생부교과(일반전형),70%컷(최종),3.3,2025,15,6.94
남서울대,중국학과,교과,학생부교과(일반전형),70%컷(최종),4.2,2025,15,4.81
남서울대,호텔경영학과,교과,학생부교과(일반전형),70%컷(최종),4.7,2025,26,9.5
남서울대,휴먼케어학과,교과,학생부교과(일반전형),70%컷(최종),5.3,2025,24,6.85
남서울대,AI융합미디어학과,교과,학생부교과(일반전형),70%컷(최종),3.73,2025,48,5.26
남서울대,가상현실학과,교과,학생부교과(일반전형),70%컷(최종),5.13,2025,32,5.06
남서울대,간호학과,교과,학생부교과(일반전형),70%컷(최종),2.03,2025,23,9.25
남서울대,건축공학과,교과,학생부교과(일반전형),70%컷(최종),4.27,2025,28,6.13
남서울대,건축학과(5년제),교과,학생부교과(일반전형),70%컷(최종),3.57,2025,23,7.04
남서울대,공간정보공학과,교과,학생부교과(일반전형),70%컷(최종),4.83,2025,44,4.2
남서울대,물리치료학과,교과,학생부교과(일반전형),70%컷(최종),2.07,2025,17,11
남서울대,보건행정학과,교과,학생부교과(일반전형),70%컷(최종),3.77,2025,60,7.24
남서울대,뷰티보건학과,교과,학생부교과(일반전형),70%컷(최종),3.83,2025,22,9.11
남서울대,빅데이터경영공학과,교과,학생부교과(일반전형),70%컷(최종),4.43,2025,39,3.69
남서울대,스마트팜학과,교과,학생부교과(일반전형),70%컷(최종),3.93,2025,26,3.81
남서울대,응급구조학과,교과,학생부교과(일반전형),70%컷(최종),3.1,2025,18,9.92
남서울대,인공지능소프트웨어학과,교과,학생부교과(일반전형),70%컷(최종),4.2,2025,53,6.17
남서울대,임상병리학과,교과,학생부교과(일반전형),70%컷(최종),2.33,2025,20,8.87
남서울대,전자공학과,교과,학생부교과(일반전형),70%컷(최종),3.93,2025,48,4.84
남서울대,지능정보통신공학과,교과,학생부교과(일반전형),70%컷(최종),5.47,2025,48,7.23
남서울대,치위생학과,교과,학생부교과(일반전형),70%컷(최종),2.87,2025,26,13.05
남서울대,경영학과,교과,학생부교과(지역인재전형),평균등급컷,4.3,2025,2,6.33
남서울대,관광경영학과,교과,학생부교과(지역인재전형),평균등급컷,5.2,2025,3,4.5
남서울대,광고홍보학과,교과,학생부교과(지역인재전형),70%컷(최종),3.87,2025,2,4
남서울대,글로벌무역학과,교과,학생부교과(지역인재전형),평균등급컷,6.3,2025,2,4
남서울대,부동산학과,교과,학생부교과(지역인재전형),평균등급컷,4.9,2025,2,2.5
남서울대,세무학과,교과,학생부교과(지역인재전형),70%컷(최종),4,2024,2,2
남서울대,아동복지학과,교과,학생부교과(지역인재전형),평균등급컷,4.4,2025,3,4
남서울대,영어과,교과,학생부교과(지역인재전형),평균등급컷,4.8,2025,2,3.5
남서울대,유통마케팅학과,교과,학생부교과(지역인재전형),70%컷(최종),4.93,2024,2,3
남서울대,일어일문학과,교과,학생부교과(지역인재전형),평균등급컷,3.7,2025,2,4.5
남서울대,중국학과,교과,학생부교과(지역인재전형),70%컷(최종),5.63,2024,2,2
남서울대,호텔경영학과,교과,학생부교과(지역인재전형),평균등급컷,4.9,2025,3,2.5
남서울대,휴먼케어학과,교과,학생부교과(지역인재전형),70%컷(최종),5.1,2024,3,3
남서울대,AI융합미디어학과,교과,학생부교과(지역인재전형),70%컷(최종),4.67,2025,3,5.67
남서울대,가상현실학과,교과,학생부교과(지역인재전형),평균등급컷,6.1,2025,2,3.5
남서울대,간호학과,교과,학생부교과(지역인재전형),70%컷(최종),2.3,2025,28,3.1
남서울대,건축공학과,교과,학생부교과(지역인재전형),70%컷(최종),5.13,2024,3,3.5
남서울대,건축학과(5년제),교과,학생부교과(지역인재전형),평균등급컷,4.2,2025,2,3.5
남서울대,공간정보공학과,교과,학생부교과(지역인재전형),70%컷(최종),6,2024,2,2.67
남서울대,물리치료학과,교과,학생부교과(지역인재전형),평균등급컷,2.6,2025,3,6.5
남서울대,보건행정학과,교과,학생부교과(지역인재전형),평균등급컷,3.7,2025,3,2.8
남서울대,뷰티보건학과,교과,학생부교과(지역인재전형),평균등급컷,4.2,2025,2,5.5
남서울대,빅데이터경영공학과,교과,학생부교과(지역인재전형),평균등급컷,6.7,2025,2,5
남서울대,스마트팜학과,교과,학생부교과(지역인재전형),평균등급컷,5.8,2025,2,4
남서울대,응급구조학과,교과,학생부교과(지역인재전형),70%컷(최종),3.37,2025,2,5.33
남서울대,인공지능소프트웨어학과,교과,학생부교과(지역인재전형),70%컷(최종),3.8,2025,3,2.67
남서울대,임상병리학과,교과,학생부교과(지역인재전형),평균등급컷,2.7,2025,2,4.5
남서울대,전자공학과,교과,학생부교과(지역인재전형),평균등급컷,4.4,2025,3,4
남서울대,지능정보통신공학과,교과,학생부교과(지역인재전형),평균등급컷,5.2,2025,3,3.33
남서울대,치위생학과,교과,학생부교과(지역인재전형),평균등급컷,3,2025,3,7
단국대(죽전),경영학부,논술,논술(논술우수자),70%컷(최종),5.19,2026,17,36.17
단국대(죽전),경제학과,논술,논술(논술우수자),70%컷(최종),5.47,2026,7,33.5
단국대(죽전),국어국문학과,논술,논술(논술우수자),70%컷(최종),5.77,2026,4,35.57
단국대(죽전),도시계획·부동산학부,논술,논술(논술우수자),70%컷(최종),5.13,2026,5,33.38
단국대(죽전),무역학과,논술,논술(논술우수자),70%컷(최종),5.17,2026,7,34.86
단국대(죽전),미디어커뮤니케이션학부,논술,논술(논술우수자),70%컷(최종),5.15,2026,7,41.09
단국대(죽전),법학과,논술,논술(논술우수자),70%컷(최종),5.55,2026,10,35.19
단국대(죽전),사학과,논술,논술(논술우수자),70%컷(최종),4.25,2026,4,33.29
단국대(죽전),상담학과,논술,논술(논술우수자),70%컷(최종),5.15,2026,6,32.6
단국대(죽전),영미인문학과,논술,논술(논술우수자),70%컷(최종),4.04,2026,4,33.25
단국대(죽전),정치외교학과,논술,논술(논술우수자),70%컷(최종),5.15,2026,4,32.4
단국대(죽전),철학과,논술,논술(논술우수자),최저(최종),4.81,2025,2,32.33
단국대(죽전),특수교육과,논술,논술(논술우수자),70%컷(최종),4.96,2026,4,26.75
단국대(죽전),한문교육과,논술,논술(논술우수자),70%컷(최종),5.51,2026,4,26.5
단국대(죽전),행정학과,논술,논술(논술우수자),70%컷(최종),5.43,2026,4,34.43
단국대(죽전),건축학부,논술,논술(논술우수자),70%컷(최종),5.96,2026,5,19.43
단국대(죽전),과학교육과,논술,논술(논술우수자),70%컷(최종),4.46,2026,4,10.75
단국대(죽전),사이버보안학과,논술,논술(논술우수자),70%컷(최종),4.6,2026,3,14.6
단국대(죽전),소프트웨어학과,논술,논술(논술우수자),70%컷(최종),5.56,2026,3,13.58
단국대(죽전),수학교육과,논술,논술(논술우수자),70%컷(최종),6.7,2026,3,18.14
단국대(죽전),인공지능학과,논술,논술(논술우수자),70%컷(최종),5.19,2026,4,14
단국대(죽전),컴퓨터공학과,논술,논술(논술우수자),70%컷(최종),5.36,2026,3,13.5
단국대(죽전),통계데이터사이언스학과,논술,논술(논술우수자),70%컷(최종),4.35,2026,3,16.4
단국대(죽전),국어국문학과,교과,학생부교과(지역균형선발),70%컷(최종),2.39,2026,4,10
단국대(죽전),국제경영학과,교과,학생부교과(지역균형선발),70%컷(최종),2.41,2026,5,6.6
단국대(죽전),사학과,교과,학생부교과(지역균형선발),70%컷(최종),2.39,2026,4,12.75
단국대(죽전),영미인문학과,교과,학생부교과(지역균형선발),70%컷(최종),2.64,2026,4,8.4
단국대(죽전),철학과,교과,학생부교과(지역균형선발),평균(최종),2.24,2025,2,8
단국대(죽전),특수교육과,교과,학생부교과(지역균형선발),70%컷(최종),2.36,2026,4,5.75
단국대(죽전),한문교육과,교과,학생부교과(지역균형선발),70%컷(최종),2.54,2026,3,7
단국대(죽전),건축학부,교과,학생부교과(지역균형선발),70%컷(최종),2.4,2026,5,8.2
단국대(죽전),고분자시스템공학부,교과,학생부교과(지역균형선발),70%컷(최종),2.21,2026,5,7.43
단국대(죽전),과학교육과,교과,학생부교과(지역균형선발),70%컷(최종),2.11,2026,5,6.29
단국대(죽전),기계공학과,교과,학생부교과(지역균형선발),70%컷(최종),2.25,2026,6,14.75
단국대(죽전),사이버보안학과,교과,학생부교과(지역균형선발),70%컷(최종),2.5,2026,4,6.67
단국대(죽전),소프트웨어학과,교과,학생부교과(지역균형선발),70%컷(최종),2.3,2026,4,7.75
단국대(죽전),수학교육과,교과,학생부교과(지역균형선발),70%컷(최종),2.4,2026,5,5.2
단국대(죽전),융합반도체공학과,교과,학생부교과(지역균형선발),70%컷(최종),2.26,2026,5,7.08
단국대(죽전),인공지능학과,교과,학생부교과(지역균형선발),70%컷(최종),2.51,2026,6,10.2
단국대(죽전),인프라건설공학과,교과,학생부교과(지역균형선발),70%컷(최종),2.36,2026,7,9.25
단국대(죽전),전자전기공학과,교과,학생부교과(지역균형선발),70%컷(최종),2.3,2026,8,6.57
단국대(죽전),컴퓨터공학과,교과,학생부교과(지역균형선발),70%컷(최종),2.41,2026,4,24
단국대(죽전),통계데이터사이언스학과,교과,학생부교과(지역균형선발),70%컷(최종),2.48,2026,4,5.83
단국대(죽전),화학공학과,교과,학생부교과(지역균형선발),70%컷(최종),2.1,2026,7,6.36
단국대(죽전),경영학부,종합,학생부종합(DKU인재(면접형)),70%컷(최종),2.94,2026,12,21.73
단국대(죽전),경제학과,종합,학생부종합(DKU인재(면접형)),70%컷(최종),2.87,2026,8,11.56
단국대(죽전),국어국문학과,종합,학생부종합(DKU인재(면접형)),70%컷(최종),2.82,2026,4,8.57
단국대(죽전),국제경영학과,종합,학생부종합(DKU인재(면접형)),70%컷(최종),3.11,2026,5,16.5
단국대(죽전),도시계획·부동산학부,종합,학생부종합(DKU인재(면접형)),70%컷(최종),3.01,2026,6,10.71
단국대(죽전),무역학과,종합,학생부종합(DKU인재(면접형)),70%컷(최종),4.77,2026,8,16.7
단국대(죽전),미디어커뮤니케이션학부,종합,학생부종합(DKU인재(면접형)),70%컷(최종),2.74,2026,6,28.86
단국대(죽전),법학과,종합,학생부종합(DKU인재(면접형)),70%컷(최종),2.86,2026,10,10.27
단국대(죽전),사학과,종합,학생부종합(DKU인재(면접형)),70%컷(최종),2.87,2026,4,14.8
단국대(죽전),상담학과,종합,학생부종합(DKU인재(면접형)),70%컷(최종),3.33,2026,5,14.29
단국대(죽전),영미인문학과,종합,학생부종합(DKU인재(면접형)),70%컷(최종),3.03,2026,3,8.86
단국대(죽전),정치외교학과,종합,학생부종합(DKU인재(면접형)),70%컷(최종),3.61,2026,5,21.33
단국대(죽전),철학과,종합,학생부종합(DKU인재(면접형)),70%컷(최종),2.85,2026,3,13
단국대(죽전),특수교육과,종합,학생부종합(DKU인재(면접형)),70%컷(최종),3.37,2026,10,6.9
단국대(죽전),한문교육과,종합,학생부종합(DKU인재(면접형)),70%컷(최종),3.19,2026,3,7.25
단국대(죽전),행정학과,종합,학생부종합(DKU인재(면접형)),70%컷(최종),3.87,2026,6,19.17
단국대(죽전),건축학부,종합,학생부종합(DKU인재(면접형)),70%컷(최종),2.98,2026,6,15.38
단국대(죽전),고분자시스템공학부,종합,학생부종합(DKU인재(면접형)),70%컷(최종),2.93,2026,6,17.38
단국대(죽전),과학교육과,종합,학생부종합(DKU인재(면접형)),70%컷(최종),2.72,2026,4,14.25
단국대(죽전),기계공학과,종합,학생부종합(DKU인재(면접형)),70%컷(최종),2.98,2026,6,16.63
단국대(죽전),모바일시스템공학과,종합,학생부종합(DKU인재(면접형)),70%컷(최종),3.07,2026,3,9.75
단국대(죽전),수학교육과,종합,학생부종합(DKU인재(면접형)),70%컷(최종),2.33,2026,6,11
단국대(죽전),융합반도체공학과,종합,학생부종합(DKU인재(면접형)),70%컷(최종),3.43,2026,5,15
단국대(죽전),인프라건설공학과,종합,학생부종합(DKU인재(면접형)),70%컷(최종),3.12,2026,5,20.25
단국대(죽전),전자전기공학과,종합,학생부종합(DKU인재(면접형)),70%컷(최종),2.82,2026,6,27.13
단국대(죽전),화학공학과,종합,학생부종합(DKU인재(면접형)),70%컷(최종),3.06,2026,6,15
단국대(죽전),경영학부,종합,학생부종합(DKU인재(서류형)),70%컷(최종),2.78,2026,12,12.31
단국대(죽전),경제학과,종합,학생부종합(DKU인재(서류형)),70%컷(최종),2.75,2026,8,7
단국대(죽전),국제경영학과,종합,학생부종합(DKU인재(서류형)),70%컷(최종),3.03,2026,5,10.75
단국대(죽전),도시계획·부동산학부,종합,학생부종합(DKU인재(서류형)),70%컷(최종),2.63,2026,6,8.14
단국대(죽전),무역학과,종합,학생부종합(DKU인재(서류형)),70%컷(최종),2.92,2026,8,6.9
단국대(죽전),미디어커뮤니케이션학부,종합,학생부종합(DKU인재(서류형)),70%컷(최종),2.53,2026,6,13.86
단국대(죽전),법학과,종합,학생부종합(DKU인재(서류형)),70%컷(최종),2.67,2026,10,7.46
단국대(죽전),상담학과,종합,학생부종합(DKU인재(서류형)),70%컷(최종),3.11,2026,6,10.14
단국대(죽전),정치외교학과,종합,학생부종합(DKU인재(서류형)),70%컷(최종),2.77,2026,5,8.17
단국대(죽전),특수교육과,종합,학생부종합(DKU인재(서류형)),70%컷(최종),2.11,2026,4,8.25
단국대(죽전),한문교육과,종합,학생부종합(DKU인재(서류형)),70%컷(최종),2.86,2026,3,6
단국대(죽전),행정학과,종합,학생부종합(DKU인재(서류형)),70%컷(최종),2.74,2026,6,13.5
단국대(죽전),건축학부,종합,학생부종합(DKU인재(서류형)),70%컷(최종),2.95,2026,6,10.38
단국대(죽전),고분자시스템공학부,종합,학생부종합(DKU인재(서류형)),70%컷(최종),2.82,2026,6,10.5
단국대(죽전),과학교육과,종합,학생부종합(DKU인재(서류형)),70%컷(최종),2.78,2026,4,12.75
단국대(죽전),기계공학과,종합,학생부종합(DKU인재(서류형)),70%컷(최종),2.85,2026,6,17
단국대(죽전),모바일시스템공학과,종합,학생부종합(DKU인재(서류형)),70%컷(최종),3.46,2026,3,7.5
단국대(죽전),수학교육과,종합,학생부종합(DKU인재(서류형)),70%컷(최종),2.24,2026,6,6.4
단국대(죽전),융합반도체공학과,종합,학생부종합(DKU인재(서류형)),70%컷(최종),2.95,2026,5,11.83
단국대(죽전),인프라건설공학과,종합,학생부종합(DKU인재(서류형)),70%컷(최종),2.78,2026,5,12.38
단국대(죽전),전자전기공학과,종합,학생부종합(DKU인재(서류형)),70%컷(최종),2.84,2026,6,19
단국대(죽전),화학공학과,종합,학생부종합(DKU인재(서류형)),70%컷(최종),2.54,2026,6,20.4
단국대(죽전),경영학부,종합,학생부종합(창업인재),70%컷(최종),3.63,2026,6,14.5
단국대(죽전),융합반도체공학과,종합,학생부종합(창업인재),평균(최종),4.36,2025,3,8
단국대(죽전),전자전기공학과,종합,학생부종합(창업인재),70%컷(최종),3.56,2026,3,6
단국대(천안),공공정책학과,교과,학생부교과(학생부교과우수자),70%컷(최종),3.05,2026,9,6.11
단국대(천안),공공정책학과(야),교과,학생부교과(학생부교과우수자),70%컷(최종),3.05,2026,12,7.58
단국대(천안),글로벌한국어과,교과,학생부교과(학생부교과우수자),70%컷(최종),3.29,2026,5,8
단국대(천안),보건행정학과,교과,학생부교과(학생부교과우수자),70%컷(최종),3.08,2026,8,5.44
단국대(천안),사회복지학과,교과,학생부교과(학생부교과우수자),70%컷(최종),3.58,2026,9,5.3
단국대(천안),식품자원경제학과,교과,학생부교과(학생부교과우수자),70%컷(최종),3.29,2026,10,5.18
단국대(천안),아시아중동학부 몽골학전공,교과,학생부교과(학생부교과우수자),70%컷(최종),3.62,2026,9,8.56
단국대(천안),아시아중동학부 베트남학전공,교과,학생부교과(학생부교과우수자),70%컷(최종),3.76,2026,6,13.17
단국대(천안),아시아중동학부 일본학전공,교과,학생부교과(학생부교과우수자),70%컷(최종),3.31,2026,9,6.33
단국대(천안),아시아중동학부 중국학전공,교과,학생부교과(학생부교과우수자),70%컷(최종),3.72,2026,8,6.78
단국대(천안),아시아중동학부 중동학전공,교과,학생부교과(학생부교과우수자),70%컷(최종),3.54,2026,9,7.56
단국대(천안),영어과,교과,학생부교과(학생부교과우수자),70%컷(최종),3.08,2026,9,6.44
단국대(천안),유럽중남미학부 독일학전공,교과,학생부교과(학생부교과우수자),70%컷(최종),3.36,2026,5,5.4
단국대(천안),유럽중남미학부 러시아학전공,교과,학생부교과(학생부교과우수자),70%컷(최종),3.74,2026,7,14.67
단국대(천안),유럽중남미학부 스페인중남미학전공,교과,학생부교과(학생부교과우수자),70%컷(최종),3.58,2026,9,5.89
단국대(천안),유럽중남미학부 포르투갈브라질학전공,교과,학생부교과(학생부교과우수자),70%컷(최종),3.59,2026,5,5.6
단국대(천안),유럽중남미학부 프랑스학전공,교과,학생부교과(학생부교과우수자),70%컷(최종),3.48,2026,5,6.4
단국대(천안),율곡혁신칼리지(인문사회계열광역),교과,학생부교과(학생부교과우수자),70%컷(최종),3.27,2026,50,9.92
단국대(천안),간호학과,교과,학생부교과(학생부교과우수자),70%컷(최종),2.36,2026,47,7.3
단국대(천안),경영공학과,교과,학생부교과(학생부교과우수자),70%컷(최종),3.06,2026,8,8.25
단국대(천안),물리치료학과,교과,학생부교과(학생부교과우수자),70%컷(최종),2.19,2026,10,9.6
단국대(천안),물리학과,교과,학생부교과(학생부교과우수자),70%컷(최종),3.41,2026,9,7.44
단국대(천안),생명공학부 녹지조경학전공,교과,학생부교과(학생부교과우수자),70%컷(최종),3.36,2026,9,9.44
단국대(천안),생명공학부 동물생명공학전공,교과,학생부교과(학생부교과우수자),70%컷(최종),2.87,2026,9,7.67
단국대(천안),생명공학부 식량생명공학전공,교과,학생부교과(학생부교과우수자),70%컷(최종),3.16,2026,9,5.44
단국대(천안),생명공학부 환경원예학전공,교과,학생부교과(학생부교과우수자),70%컷(최종),3.22,2026,9,9.4
단국대(천안),수학과,교과,학생부교과(학생부교과우수자),70%컷(최종),3.44,2026,9,4.67
단국대(천안),식품공학과,교과,학생부교과(학생부교과우수자),70%컷(최종),2.67,2026,9,8.78
단국대(천안),식품영양학과,교과,학생부교과(학생부교과우수자),70%컷(최종),3.03,2026,9,5.78
단국대(천안),신소재공학과,교과,학생부교과(학생부교과우수자),70%컷(최종),2.88,2026,9,5.67
단국대(천안),심리학과,교과,학생부교과(학생부교과우수자),70%컷(최종),2.71,2026,9,10.25
단국대(천안),에너지공학과,교과,학생부교과(학생부교과우수자),70%컷(최종),3.22,2026,10,6.3
단국대(천안),율곡혁신칼리지(자연공학계열광역),교과,학생부교과(학생부교과우수자),70%컷(최종),3.18,2026,85,10.01
단국대(천안),의생명과학부 미생물학전공,교과,학생부교과(학생부교과우수자),70%컷(최종),2.77,2026,9,5.89
단국대(천안),의생명과학부 생명과학전공,교과,학생부교과(학생부교과우수자),70%컷(최종),2.57,2026,9,7.67
단국대(천안),의생명과학부 의생명시스템학전공,교과,학생부교과(학생부교과우수자),70%컷(최종),2.55,2026,8,5.25
단국대(천안),임상병리학과,교과,학생부교과(학생부교과우수자),70%컷(최종),2.64,2026,10,10.2
단국대(천안),제약공학과,교과,학생부교과(학생부교과우수자),70%컷(최종),2.46,2026,8,5
단국대(천안),치위생학과,교과,학생부교과(학생부교과우수자),70%컷(최종),2.88,2026,11,9.4
단국대(천안),코스메디컬소재학과,교과,학생부교과(학생부교과우수자),70%컷(최종),3.03,2026,5,6.6
단국대(천안),화학과,교과,학생부교과(학생부교과우수자),70%컷(최종),3.63,2026,9,4.78
단국대(천안),국제스포츠학부 운동처방재활전공,교과,학생부교과(학생부교과우수자),70%컷(최종),2.61,2026,7,18
단국대(천안),스포츠경영학과,교과,학생부교과(학생부교과우수자),70%컷(최종),2.73,2026,7,8.29
단국대(천안),약학과,종합,학생부종합(DKU인재(면접형)),70%컷(최종),1.47,2026,9,20.6
단국대(천안),의예과,종합,학생부종합(DKU인재(면접형)),70%컷(최종),1.27,2026,12,14.83
단국대(천안),치의예과,종합,학생부종합(DKU인재(면접형)),70%컷(최종),1.42,2026,21,17.13
단국대(천안),문예창작과,종합,학생부종합(DKU인재(면접형)),70%컷(최종),3.62,2026,15,25.33
단국대(천안),공공정책학과,종합,학생부종합(DKU인재(서류형)),70%컷(최종),3.56,2026,9,9.89
단국대(천안),공공정책학과(야),종합,학생부종합(DKU인재(서류형)),70%컷(최종),3.56,2026,12,8.11
단국대(천안),글로벌한국어과,종합,학생부종합(DKU인재(서류형)),70%컷(최종),4.11,2026,4,12.25
단국대(천안),보건행정학과,종합,학생부종합(DKU인재(서류형)),70%컷(최종),3.6,2026,8,15.22
단국대(천안),사회복지학과,종합,학생부종합(DKU인재(서류형)),70%컷(최종),3.81,2026,9,17.44
단국대(천안),식품자원경제학과,종합,학생부종합(DKU인재(서류형)),70%컷(최종),3.98,2026,10,7.7
단국대(천안),아시아중동학부 몽골학전공,종합,학생부종합(DKU인재(서류형)),70%컷(최종),4.61,2026,9,8.67
단국대(천안),아시아중동학부 베트남학전공,종합,학생부종합(DKU인재(서류형)),70%컷(최종),4.94,2026,6,12.17
단국대(천안),아시아중동학부 일본학전공,종합,학생부종합(DKU인재(서류형)),70%컷(최종),4.09,2026,9,20.33
단국대(천안),아시아중동학부 중국학전공,종합,학생부종합(DKU인재(서류형)),70%컷(최종),4.46,2026,8,14.78
단국대(천안),아시아중동학부 중동학전공,종합,학생부종합(DKU인재(서류형)),70%컷(최종),4.78,2026,9,8
단국대(천안),영어과,종합,학생부종합(DKU인재(서류형)),70%컷(최종),3.76,2026,9,9.22
단국대(천안),유럽중남미학부 독일학전공,종합,학생부종합(DKU인재(서류형)),70%컷(최종),4.9,2026,6,9
단국대(천안),유럽중남미학부 러시아학전공,종합,학생부종합(DKU인재(서류형)),70%컷(최종),4.22,2026,8,19.38
단국대(천안),유럽중남미학부 스페인중남미학전공,종합,학생부종합(DKU인재(서류형)),70%컷(최종),4.37,2026,9,9.44
단국대(천안),유럽중남미학부 포르투갈브라질학전공,종합,학생부종합(DKU인재(서류형)),70%컷(최종),4.51,2026,6,8.33
단국대(천안),유럽중남미학부 프랑스학전공,종합,학생부종합(DKU인재(서류형)),70%컷(최종),4.99,2026,6,11
단국대(천안),율곡혁신칼리지(인문사회계열광역),종합,학생부종합(DKU인재(서류형)),70%컷(최종),4.08,2026,34,13.38
단국대(천안),간호학과,종합,학생부종합(DKU인재(서류형)),70%컷(최종),2.46,2026,14,13.57
단국대(천안),경영공학과,종합,학생부종합(DKU인재(서류형)),70%컷(최종),4.16,2026,8,10.25
단국대(천안),물리치료학과,종합,학생부종합(DKU인재(서류형)),70%컷(최종),3.09,2026,10,16.9
단국대(천안),물리학과,종합,학생부종합(DKU인재(서류형)),70%컷(최종),4.28,2026,9,9.89
단국대(천안),생명공학부 녹지조경학전공,종합,학생부종합(DKU인재(서류형)),70%컷(최종),4.39,2026,9,7.22
단국대(천안),생명공학부 동물생명공학전공,종합,학생부종합(DKU인재(서류형)),70%컷(최종),3.55,2026,9,16.22
단국대(천안),생명공학부 식량생명공학전공,종합,학생부종합(DKU인재(서류형)),70%컷(최종),3.72,2026,9,7.44
단국대(천안),생명공학부 환경원예학전공,종합,학생부종합(DKU인재(서류형)),70%컷(최종),4.01,2026,9,17
단국대(천안),수학과,종합,학생부종합(DKU인재(서류형)),70%컷(최종),3.86,2026,9,6.67
단국대(천안),식품공학과,종합,학생부종합(DKU인재(서류형)),70%컷(최종),3.64,2026,9,9.67
단국대(천안),식품영양학과,종합,학생부종합(DKU인재(서류형)),70%컷(최종),3.52,2026,8,13.5
단국대(천안),신소재공학과,종합,학생부종합(DKU인재(서류형)),70%컷(최종),3.61,2026,8,7.63
단국대(천안),심리학과,종합,학생부종합(DKU인재(서류형)),70%컷(최종),3.47,2026,9,16.33
단국대(천안),에너지공학과,종합,학생부종합(DKU인재(서류형)),70%컷(최종),3.75,2026,10,8.2
단국대(천안),율곡혁신칼리지(자연공학계열광역),종합,학생부종합(DKU인재(서류형)),70%컷(최종),3.78,2026,50,11.73
단국대(천안),의생명과학부 미생물학전공,종합,학생부종합(DKU인재(서류형)),70%컷(최종),3.33,2026,9,9.11
단국대(천안),의생명과학부 생명과학전공,종합,학생부종합(DKU인재(서류형)),70%컷(최종),3.12,2026,9,7.56
단국대(천안),의생명과학부 의생명시스템학전공,종합,학생부종합(DKU인재(서류형)),70%컷(최종),3.18,2026,9,6.33
단국대(천안),임상병리학과,종합,학생부종합(DKU인재(서류형)),70%컷(최종),3.18,2026,10,21.7
단국대(천안),제약공학과,종합,학생부종합(DKU인재(서류형)),70%컷(최종),3.19,2026,9,5.78
단국대(천안),치위생학과,종합,학생부종합(DKU인재(서류형)),70%컷(최종),3.42,2026,10,14.3
단국대(천안),코스메디컬소재학과,종합,학생부종합(DKU인재(서류형)),70%컷(최종),3.68,2026,5,10.6
단국대(천안),화학과,종합,학생부종합(DKU인재(서류형)),70%컷(최종),3.51,2026,8,8
단국대(천안),약학과,교과,학생부교과(지역메디바이오인재),70%컷(최종),1.28,2026,9,17.29
단국대(천안),의예과,교과,학생부교과(지역메디바이오인재),70%컷(최종),1.33,2026,12,13.9
단국대(천안),치의예과,교과,학생부교과(지역메디바이오인재),70%컷(최종),1.28,2026,21,14.33
대구가톨릭대,경영학과,교과,학생부교과(교과전형),70%컷(최종),4.17,2026,54,10.59
대구가톨릭대,경찰행정학과,교과,학생부교과(교과전형),70%컷(최종),3.09,2026,32,13.77
대구가톨릭대,교육학과,교과,학생부교과(교과전형),70%컷(최종),2.42,2026,11,10.55
대구가톨릭대,국어교육과,교과,학생부교과(교과전형),70%컷(최종),3.08,2026,13,10.54
대구가톨릭대,군사학과,교과,학생부교과(교과전형),70%컷(최종),4.33,2026,21,6.83
대구가톨릭대,글로벌항공서비스학과,교과,학생부교과(교과전형),70%컷(최종),3.42,2026,15,6.21
대구가톨릭대,문헌정보학과,교과,학생부교과(교과전형),70%컷(최종),4.08,2026,20,6.48
대구가톨릭대,문화콘텐츠학과,교과,학생부교과(교과전형),70%컷(최종),4.55,2026,19,9.22
대구가톨릭대,미디어영상광고홍보학부,교과,학생부교과(교과전형),70%컷(최종),4,2026,40,8.72
대구가톨릭대,보건의료경영학과,교과,학생부교과(교과전형),70%컷(최종),3.58,2026,21,6.91
대구가톨릭대,사회복지학과,교과,학생부교과(교과전형),70%컷(최종),3.83,2026,29,13.67
대구가톨릭대,신학부,교과,학생부교과(교과전형),70%컷(최종),3.73,2026,11,1
대구가톨릭대,심리학과,교과,학생부교과(교과전형),70%컷(최종),3.25,2026,26,5.08
대구가톨릭대,아동학과,교과,학생부교과(교과전형),70%컷(최종),5.25,2026,18,3.27
대구가톨릭대,역사교육과,교과,학생부교과(교과전형),70%컷(최종),2.25,2026,8,17.63
대구가톨릭대,영어교육과,교과,학생부교과(교과전형),70%컷(최종),2.75,2026,9,8.5
대구가톨릭대,영어학과,교과,학생부교과(교과전형),70%컷(최종),4.55,2026,14,5.15
대구가톨릭대,유아교육과,교과,학생부교과(교과전형),70%컷(최종),3.33,2026,14,14.5
대구가톨릭대,일어일문학과,교과,학생부교과(교과전형),70%컷(최종),4.17,2026,17,9.07
대구가톨릭대,지리교육과,교과,학생부교과(교과전형),70%컷(최종),2.67,2026,13,7.36
대구가톨릭대,행정법무학과,교과,학생부교과(교과전형),70%컷(최종),4.42,2026,16,6.67
대구가톨릭대,호텔관광학과,교과,학생부교과(교과전형),70%컷(최종),5,2026,18,7.06
대구가톨릭대,간호학과,교과,학생부교과(교과전형),70%컷(최종),1.67,2026,22,16.5
대구가톨릭대,건축공학과,교과,학생부교과(교과전형),70%컷(최종),5.33,2026,26,4.64
대구가톨릭대,건축학과,교과,학생부교과(교과전형),70%컷(최종),4,2026,22,6.39
대구가톨릭대,기계공학과,교과,학생부교과(교과전형),70%컷(최종),4.67,2026,19,6.75
대구가톨릭대,로봇공학과,교과,학생부교과(교과전형),70%컷(최종),5.25,2026,14,3.06
대구가톨릭대,물리치료학과,교과,학생부교과(교과전형),70%컷(최종),2,2026,15,19.2
대구가톨릭대,미래자동차공학과,교과,학생부교과(교과전형),70%컷(최종),4.5,2026,17,4.36
대구가톨릭대,반도체전자공학과,교과,학생부교과(교과전형),70%컷(최종),4.5,2026,20,3.83
대구가톨릭대,반려동물보건학과,교과,학생부교과(교과전형),70%컷(최종),3.55,2026,14,12.93
대구가톨릭대,방사선학과,교과,학생부교과(교과전형),70%컷(최종),1.83,2026,19,15.11
대구가톨릭대,보건관리학과,교과,학생부교과(교과전형),70%컷(최종),4.67,2026,20,6.67
대구가톨릭대,소방방재학과,교과,학생부교과(교과전형),70%컷(최종),4.08,2026,20,9.58
대구가톨릭대,수학교육과,교과,학생부교과(교과전형),70%컷(최종),3,2026,13,5.31
대구가톨릭대,식품영양학과,교과,학생부교과(교과전형),70%컷(최종),3.09,2026,19,6.14
대구가톨릭대,안경광학과,교과,학생부교과(교과전형),70%컷(최종),5.42,2026,25,3.88
대구가톨릭대,약학부,교과,학생부교과(교과전형),70%컷(최종),1.39,2026,11,35
대구가톨릭대,언어청각치료학과,교과,학생부교과(교과전형),70%컷(최종),4,2026,21,5.29
대구가톨릭대,외식조리제과제빵학과,교과,학생부교과(교과전형),70%컷(최종),3.92,2026,28,10.21
대구가톨릭대,의료재활학과,교과,학생부교과(교과전형),70%컷(최종),3.83,2026,22,12.91
대구가톨릭대,의예과,교과,학생부교과(교과전형),70%컷(최종),1.14,2026,4,14.5
대구가톨릭대,전기공학과,교과,학생부교과(교과전형),70%컷(최종),5.17,2026,34,4.04
대구가톨릭대,제약공학과,교과,학생부교과(교과전형),70%컷(최종),3.82,2026,19,4.46
대구가톨릭대,금속·주얼리디자인과,교과,학생부교과(교과전형),70%컷(최종),5.25,2026,10,4.08
대구가톨릭대,뉴미디어&게임디자인과,교과,학생부교과(교과전형),70%컷(최종),2.75,2026,10,7.5
대구가톨릭대,산업디자인과,교과,학생부교과(교과전형),70%컷(최종),4.25,2026,13,5.31
대구가톨릭대,시각디자인과,교과,학생부교과(교과전형),70%컷(최종),1.88,2026,5,8.2
대구가톨릭대,실용음악과,교과,학생부교과(교과전형),70%컷(최종),5.13,2026,5,4.8
대구가톨릭대,예술치료학과,교과,학생부교과(교과전형),70%컷(최종),5,2026,15,2.37
대구가톨릭대,웹툰애니창작과,교과,학생부교과(교과전형),70%컷(최종),1.38,2026,5,9.8
대구가톨릭대,음악학과,교과,학생부교과(교과전형),70%컷(최종),3.14,2026,3,2.43
대구가톨릭대,체육교육과,교과,학생부교과(교과전형),70%컷(최종),1.42,2026,5,21
대구가톨릭대,패션디자인과,교과,학생부교과(교과전형),70%컷(최종),3.88,2026,12,3.33
대구가톨릭대,바이오헬스융합대학자율학부,교과,학생부교과(교과전형),70%컷(최종),4.58,2026,20,4.13
대구가톨릭대,사회과학대학자율학부,교과,학생부교과(교과전형),70%컷(최종),5.75,2026,20,3.73
대구가톨릭대,유스티노자유대학,교과,학생부교과(교과전형),70%컷(최종),6.25,2026,25,1.85
대구가톨릭대,자율전공학부,교과,학생부교과(교과전형),70%컷(최종),4.08,2026,41,6.83
대구가톨릭대,경영학과,종합,학생부종합(종합전형),70%컷(최종),4.18,2026,15,8.8
대구가톨릭대,경찰행정학과,종합,학생부종합(종합전형),70%컷(최종),3.92,2026,17,4.35
대구가톨릭대,교육학과,종합,학생부종합(종합전형),70%컷(최종),2.67,2026,7,4.29
대구가톨릭대,국어교육과,종합,학생부종합(종합전형),70%컷(최종),3.42,2026,7,3.57
대구가톨릭대,군사학과,종합,학생부종합(종합전형),70%컷(최종),4.08,2026,4,3
대구가톨릭대,글로벌항공서비스학과,종합,학생부종합(종합전형),70%컷(최종),4.58,2026,15,3.5
대구가톨릭대,문헌정보학과,종합,학생부종합(종합전형),70%컷(최종),3.83,2026,7,5.6
대구가톨릭대,문화콘텐츠학과,종합,학생부종합(종합전형),70%컷(최종),4.33,2026,8,4.71
대구가톨릭대,미디어영상광고홍보학부,종합,학생부종합(종합전형),70%컷(최종),4.25,2026,12,4.3
대구가톨릭대,보건의료경영학과,종합,학생부종합(종합전형),70%컷(최종),3.5,2026,5,5
대구가톨릭대,사회복지학과,종합,학생부종합(종합전형),70%컷(최종),4.4,2026,12,4.8
대구가톨릭대,심리학과,종합,학생부종합(종합전형),70%컷(최종),4.33,2026,10,5.1
대구가톨릭대,아동학과,종합,학생부종합(종합전형),70%컷(최종),4.67,2026,5,4
대구가톨릭대,역사교육과,종합,학생부종합(종합전형),70%컷(최종),2.58,2026,11,5.36
대구가톨릭대,영어교육과,종합,학생부종합(종합전형),70%컷(최종),3.83,2026,7,3.13
대구가톨릭대,영어학과,종합,학생부종합(종합전형),70%컷(최종),3.5,2026,6,3.75
대구가톨릭대,유아교육과,종합,학생부종합(종합전형),70%컷(최종),4.13,2026,9,5.88
대구가톨릭대,일어일문학과,종합,학생부종합(종합전형),70%컷(최종),5.08,2026,6,6
대구가톨릭대,지리교육과,종합,학생부종합(종합전형),70%컷(최종),2.83,2026,7,7.17
대구가톨릭대,행정법무학과,종합,학생부종합(종합전형),70%컷(최종),5,2026,3,3
대구가톨릭대,호텔관광학과,종합,학생부종합(종합전형),70%컷(최종),5.42,2026,5,3.75
대구가톨릭대,간호학과,종합,학생부종합(종합전형),70%컷(최종),1.83,2026,11,31.45
대구가톨릭대,건축공학과,종합,학생부종합(종합전형),70%컷(최종),4.75,2026,6,3.13
대구가톨릭대,건축학과,종합,학생부종합(종합전형),70%컷(최종),4.88,2026,9,2.22
대구가톨릭대,기계공학과,종합,학생부종합(종합전형),70%컷(최종),4,2026,7,2.25
대구가톨릭대,로봇공학과,종합,학생부종합(종합전형),70%컷(최종),4.58,2026,4,2.75
대구가톨릭대,물리치료학과,종합,학생부종합(종합전형),70%컷(최종),2.42,2026,6,19
대구가톨릭대,미래자동차공학과,종합,학생부종합(종합전형),70%컷(최종),6.27,2026,5,5.4
대구가톨릭대,반도체전자공학과,종합,학생부종합(종합전형),70%컷(최종),5.36,2026,5,2.83
대구가톨릭대,반려동물보건학과,종합,학생부종합(종합전형),70%컷(최종),3.42,2026,4,8.5
대구가톨릭대,방사선학과,종합,학생부종합(종합전형),70%컷(최종),2.25,2026,8,15.13
대구가톨릭대,보건관리학과,종합,학생부종합(종합전형),70%컷(최종),4.5,2026,5,5
대구가톨릭대,소방방재학과,종합,학생부종합(종합전형),70%컷(최종),4.55,2026,11,4
대구가톨릭대,수학교육과,종합,학생부종합(종합전형),70%컷(최종),4.08,2026,7,3
대구가톨릭대,식품영양학과,종합,학생부종합(종합전형),70%컷(최종),4.75,2026,9,4.1
대구가톨릭대,안경광학과,종합,학생부종합(종합전형),70%컷(최종),3.67,2026,4,3.5
대구가톨릭대,언어청각치료학과,종합,학생부종합(종합전형),70%컷(최종),4.5,2026,7,3
대구가톨릭대,외식조리제과제빵학과,종합,학생부종합(종합전형),70%컷(최종),3.83,2026,14,8.33
대구가톨릭대,의료재활학과,종합,학생부종합(종합전형),70%컷(최종),5.08,2026,4,6.33
대구가톨릭대,전기공학과,종합,학생부종합(종합전형),70%컷(최종),3.67,2026,5,3.75
대구가톨릭대,제약공학과,종합,학생부종합(종합전형),70%컷(최종),4.58,2026,8,2.6
대구가톨릭대,자율전공학부,종합,학생부종합(종합전형),70%컷(최종),5.08,2026,15,4.13
대구가톨릭대,영어교육과,교과,학생부교과(지역교과전형),70%컷(최종),3.33,2026,4,4.5
대구가톨릭대,간호학과,교과,학생부교과(지역교과전형),70%컷(최종),1.45,2026,37,10.49
대구가톨릭대,건축학과,교과,학생부교과(지역교과전형),70%컷(최종),3.5,2026,8,4.63
대구가톨릭대,물리치료학과,교과,학생부교과(지역교과전형),70%컷(최종),1.92,2026,4,8.88
대구가톨릭대,반려동물보건학과,교과,학생부교과(지역교과전형),70%컷(최종),3.25,2026,8,11.13
대구가톨릭대,방사선학과,교과,학생부교과(지역교과전형),70%컷(최종),2,2026,12,11
대구가톨릭대,약학부,교과,학생부교과(지역교과전형),70%컷(최종),1.59,2026,15,13.8
대구가톨릭대,의예과,교과,학생부교과(지역교과전형),70%컷(최종),1.91,2026,19,10
대구가톨릭대,자율전공학부,교과,학생부교과(지역교과전형),70%컷(최종),3.67,2026,24,7.9
대구가톨릭대,사회복지학과,종합,학생부종합(지역종합전형),70%컷(최종),4.91,2026,5,2.8
대구가톨릭대,심리학과,종합,학생부종합(지역종합전형),70%컷(최종),4.4,2026,10,1.8
대구가톨릭대,간호학과,종합,학생부종합(지역종합전형),70%컷(최종),2.17,2026,16,16.44
대구가톨릭대,약학부,종합,학생부종합(지역종합전형),70%컷(최종),1.82,2026,10,26.8
대구가톨릭대,의예과,종합,학생부종합(지역종합전형),70%컷(최종),1.27,2026,5,29.4
대구교대,초등교육과,종합,학생부종합(참스승전형),70%컷(최종),2.96,2026,50,18.9
대구교대,초등교육과,종합,학생부종합(경북지역인재특별전형),70%컷(최종),3.26,2026,127,2.69
대구교대,초등교육과,종합,학생부종합(대구지역인재특별전형),70%컷(최종),3.66,2026,90,3.47
대구대,국어교육과,교과,학생부교과(면접전형),70%컷(최종),3.19,2026,5,5.6
대구대,미디어커뮤니케이션학부,교과,학생부교과(면접전형),70%컷(최종),4.35,2026,8,3.63
대구대,사회복지학과,교과,학생부교과(면접전형),70%컷(최종),4.42,2026,10,3.23
대구대,역사교육과,교과,학생부교과(면접전형),70%컷(최종),2.43,2026,4,7
대구대,영어교육과,교과,학생부교과(면접전형),70%컷(최종),3.61,2026,5,3.8
대구대,유아교육과,교과,학생부교과(면접전형),70%컷(최종),3.75,2026,4,7.6
대구대,유아특수교육전공,교과,학생부교과(면접전형),70%컷(최종),4.05,2026,4,4.25
대구대,일반사회교육과,교과,학생부교과(면접전형),70%컷(최종),2.78,2026,4,7.5
대구대,일본어일본학과,교과,학생부교과(면접전형),70%컷(최종),4.59,2026,5,4.4
대구대,지리교육과,교과,학생부교과(면접전형),70%컷(최종),2.95,2026,4,9.75
대구대,초등특수교육전공,교과,학생부교과(면접전형),70%컷(최종),2.38,2026,5,6.4
대구대,특수교육학부,교과,학생부교과(면접전형),70%컷(최종),2.95,2026,5,8.4
대구대,물리치료학과,교과,학생부교과(면접전형),70%컷(최종),2.69,2026,5,22.33
대구대,반려동물산업학과,교과,학생부교과(면접전형),70%컷(최종),5.13,2026,5,3.75
대구대,수학교육과,교과,학생부교과(면접전형),70%컷(최종),3.49,2026,4,2.4
대구대,응급구조학과,교과,학생부교과(면접전형),70%컷(최종),4.54,2026,5,8
대구대,작업치료학과,교과,학생부교과(면접전형),70%컷(최종),4.32,2026,5,5.2
대구대,[유형1] 자유전공학부,교과,학생부교과(면접전형),70%컷(최종),4.9,2026,9,5.4
대구대,경영학부,교과,학생부교과(일반전형),70%컷(최종),4.52,2026,100,5.7
대구대,경제금융통상학과,교과,학생부교과(일반전형),70%컷(최종),5.25,2026,38,3.32
대구대,경찰학부,교과,학생부교과(일반전형),70%컷(최종),2.94,2026,27,7
대구대,경찰학부,교과,학생부교과(일반전형),70%컷(최종),3.67,2026,23,4.39
대구대,공직법무전공,교과,학생부교과(일반전형),70%컷(최종),5.12,2026,32,3.29
대구대,국방군사학과,교과,학생부교과(일반전형),70%컷(최종),4.82,2026,25,7.42
대구대,국어교육과,교과,학생부교과(일반전형),70%컷(최종),2.2,2026,19,6.72
대구대,문헌정보학과,교과,학생부교과(일반전형),70%컷(최종),3.37,2026,24,4.57
대구대,문화콘텐츠학부,교과,학생부교과(일반전형),70%컷(최종),4.32,2026,25,7.44
대구대,미디어커뮤니케이션학부,교과,학생부교과(일반전형),70%컷(최종),3.37,2026,38,6.29
대구대,부동산지적학과,교과,학생부교과(일반전형),70%컷(최종),4.49,2026,22,2.54
대구대,사회복지학과,교과,학생부교과(일반전형),70%컷(최종),3.17,2026,60,6.54
대구대,소방·행정학전공,교과,학생부교과(일반전형),70%컷(최종),4.36,2026,37,4.9
대구대,심리학과,교과,학생부교과(일반전형),70%컷(최종),3.78,2026,42,4.34
대구대,아동가족복지학과,교과,학생부교과(일반전형),70%컷(최종),4.31,2026,27,4.19
대구대,역사교육과,교과,학생부교과(일반전형),70%컷(최종),1.79,2026,13,7.8
대구대,영어교육과,교과,학생부교과(일반전형),70%컷(최종),2.67,2026,27,7.22
대구대,유아교육과,교과,학생부교과(일반전형),70%컷(최종),3.11,2026,16,6.75
대구대,유아특수교육전공,교과,학생부교과(일반전형),70%컷(최종),3.18,2026,21,4.09
대구대,일반사회교육과,교과,학생부교과(일반전형),70%컷(최종),2.11,2026,15,5.67
대구대,일본어일본학과,교과,학생부교과(일반전형),70%컷(최종),3.93,2026,23,9.04
대구대,지리교육과,교과,학생부교과(일반전형),70%컷(최종),2.2,2026,15,4.47
대구대,청소년상담복지학과,교과,학생부교과(일반전형),70%컷(최종),4.67,2026,27,4.19
대구대,초등특수교육전공,교과,학생부교과(일반전형),70%컷(최종),2.15,2026,16,4.19
대구대,특수교육학부,교과,학생부교과(일반전형),70%컷(최종),2.62,2026,16,5.19
대구대,평생교육실버복지학과,교과,학생부교과(일반전형),70%컷(최종),4.5,2026,17,3.05
대구대,호텔관광경영학부,교과,학생부교과(일반전형),70%컷(최종),4.93,2026,53,5.22
대구대,간호학과,교과,학생부교과(일반전형),70%컷(최종),2.07,2026,17,6.5
대구대,건축공학과,교과,학생부교과(일반전형),70%컷(최종),4.9,2026,37,3.59
대구대,기계자동차공학부,교과,학생부교과(일반전형),70%컷(최종),5.14,2026,48,5.62
대구대,난임의료산업학과,교과,학생부교과(일반전형),70%컷(최종),4.06,2026,20,3.74
대구대,동물자원학과,교과,학생부교과(일반전형),70%컷(최종),4.26,2026,23,6.09
대구대,물리교육과,교과,학생부교과(일반전형),70%컷(최종),3.97,2026,17,3.45
대구대,물리치료학과,교과,학생부교과(일반전형),70%컷(최종),1.54,2026,17,12.65
대구대,반려동물산업학과,교과,학생부교과(일반전형),70%컷(최종),4.17,2026,37,5.84
대구대,보건의료학과,교과,학생부교과(일반전형),70%컷(최종),4.36,2026,25,8.92
대구대,생물교육과,교과,학생부교과(일반전형),70%컷(최종),2.7,2026,15,5.13
대구대,소방안전방재학과,교과,학생부교과(일반전형),70%컷(최종),4.11,2026,26,8.67
대구대,수학교육과,교과,학생부교과(일반전형),70%컷(최종),2.67,2026,20,5.79
대구대,스마트원예학과,교과,학생부교과(일반전형),70%컷(최종),4.26,2026,23,5.08
대구대,식품공학과,교과,학생부교과(일반전형),70%컷(최종),4.13,2026,17,4.35
대구대,식품영양학과,교과,학생부교과(일반전형),70%컷(최종),3.61,2026,22,6.45
대구대,언어치료학과,교과,학생부교과(일반전형),70%컷(최종),3.47,2026,31,4.58
대구대,응급구조학과,교과,학생부교과(일반전형),70%컷(최종),3.35,2026,29,6.03
대구대,의료재활학과,교과,학생부교과(일반전형),70%컷(최종),3.88,2026,28,9.04
대구대,작업치료학과,교과,학생부교과(일반전형),70%컷(최종),3.17,2026,26,5.76
대구대,재활건강증진학과,교과,학생부교과(일반전형),70%컷(최종),4.44,2026,30,4.11
대구대,재활상담심리치료학과,교과,학생부교과(일반전형),70%컷(최종),5.54,2026,40,2.48
대구대,전자전기공학부,교과,학생부교과(일반전형),70%컷(최종),4.91,2026,32,5.08
대구대,조경산림정원학과,교과,학생부교과(일반전형),70%컷(최종),4.88,2026,26,3.3
대구대,지구과학교육과,교과,학생부교과(일반전형),70%컷(최종),2.74,2026,15,4.27
대구대,친환경에너지학과,교과,학생부교과(일반전형),70%컷(최종),5.68,2026,19,4
대구대,컴퓨터정보공학부,교과,학생부교과(일반전형),70%컷(최종),4.42,2026,34,3.65
대구대,화학교육과,교과,학생부교과(일반전형),70%컷(최종),3.55,2026,17,3.5
대구대,게임엔터테인먼트학과,교과,학생부교과(일반전형),70%컷(최종),4.03,2026,20,5.82
대구대,뷰티학부,교과,학생부교과(일반전형),70%컷(최종),4.13,2026,20,7.6
대구대,산업디자인학과,교과,학생부교과(일반전형),70%컷(최종),3.6,2026,9,4.5
대구대,스포츠레저학과,교과,학생부교과(일반전형),70%컷(최종),3.42,2026,8,6.63
대구대,스포츠헬스케어학과,교과,학생부교과(일반전형),70%컷(최종),3.42,2026,18,8.31
대구대,실내건축디자인학과,교과,학생부교과(일반전형),70%컷(최종),3.55,2026,19,5.56
대구대,웹툰영상애니메이션학부,교과,학생부교과(일반전형),70%컷(최종),2.68,2026,20,9.67
대구대,패션디자인학과,교과,학생부교과(일반전형),70%컷(최종),4.49,2026,22,3.3
대구대,[유형1] 자유전공학부,교과,학생부교과(일반전형),70%컷(최종),4.18,2026,171,6.45
대구대,경영학부,종합,학생부종합(서류전형),70%컷(최종),6.92,2026,22,3.93
대구대,경제금융통상학과,종합,학생부종합(서류전형),70%컷(최종),7.24,2026,6,2.71
대구대,경찰학부,종합,학생부종합(서류전형),70%컷(최종),4.74,2026,28,9.32
대구대,경찰학부,종합,학생부종합(서류전형),70%컷(최종),5.71,2026,12,6.08
대구대,공직법무전공,종합,학생부종합(서류전형),70%컷(최종),7.07,2026,10,3
대구대,국방군사학과,종합,학생부종합(서류전형),70%컷(최종),5.55,2026,6,4
대구대,국어교육과,종합,학생부종합(서류전형),70%컷(최종),4.69,2026,11,5.92
대구대,문헌정보학과,종합,학생부종합(서류전형),70%컷(최종),5.57,2026,7,9.86
대구대,문화콘텐츠학부,종합,학생부종합(서류전형),70%컷(최종),6.37,2026,9,4.89
대구대,미디어커뮤니케이션학부,종합,학생부종합(서류전형),70%컷(최종),5.75,2026,18,10.53
대구대,부동산지적학과,종합,학생부종합(서류전형),평균(최종),6.80,2026,5,2.67
대구대,사회복지학과,종합,학생부종합(서류전형),70%컷(최종),5.43,2026,36,5.43
대구대,소방·행정학전공,종합,학생부종합(서류전형),평균(최종),6.40,2026,12,3.3
대구대,심리학과,종합,학생부종합(서류전형),70%컷(최종),5.52,2026,23,4.13
대구대,아동가족복지학과,종합,학생부종합(서류전형),평균(최종),6.10,2026,12,3.25
대구대,역사교육과,종합,학생부종합(서류전형),70%컷(최종),3.9,2026,13,9.36
대구대,영어교육과,종합,학생부종합(서류전형),70%컷(최종),4.63,2026,11,5.2
대구대,유아교육과,종합,학생부종합(서류전형),70%컷(최종),5.11,2026,15,7.31
대구대,유아특수교육전공,종합,학생부종합(서류전형),평균(최종),4.70,2026,10,3.56
대구대,일반사회교육과,종합,학생부종합(서류전형),70%컷(최종),4.19,2026,11,7.27
대구대,일본어일본학과,종합,학생부종합(서류전형),70%컷(최종),6.24,2026,8,8.71
대구대,지리교육과,종합,학생부종합(서류전형),평균(최종),4.20,2026,11,6.45
대구대,청소년상담복지학과,종합,학생부종합(서류전형),70%컷(최종),6.87,2026,12,2.67
대구대,초등특수교육전공,종합,학생부종합(서류전형),평균(최종),4.00,2026,11,3.09
대구대,특수교육학부,종합,학생부종합(서류전형),평균(최종),3.90,2026,11,3.45
대구대,평생교육실버복지학과,종합,학생부종합(서류전형),70%컷(최종),7.7,2026,7,2.67
대구대,호텔관광경영학부,종합,학생부종합(서류전형),70%컷(최종),6.73,2026,12,3.27
대구대,간호학과,종합,학생부종합(서류전형),70%컷(최종),3.93,2026,85,13.52
대구대,건축공학과,종합,학생부종합(서류전형),70%컷(최종),6.68,2026,11,3.67
대구대,기계자동차공학부,종합,학생부종합(서류전형),70%컷(최종),6.54,2026,13,2.33
대구대,난임의료산업학과,종합,학생부종합(서류전형),70%컷(최종),6.38,2026,10,3
대구대,동물자원학과,종합,학생부종합(서류전형),70%컷(최종),5,2026,7,5
대구대,물리교육과,종합,학생부종합(서류전형),70%컷(최종),5.66,2026,8,2.67
대구대,물리치료학과,종합,학생부종합(서류전형),70%컷(최종),3.93,2026,13,18.6
대구대,반려동물산업학과,종합,학생부종합(서류전형),70%컷(최종),6.03,2026,9,5.47
대구대,보건의료학과,종합,학생부종합(서류전형),70%컷(최종),6.41,2026,7,4
대구대,생물교육과,종합,학생부종합(서류전형),70%컷(최종),4.55,2026,10,4.3
대구대,소방안전방재학과,종합,학생부종합(서류전형),70%컷(최종),6.94,2026,7,3.67
대구대,수학교육과,종합,학생부종합(서류전형),70%컷(최종),4.55,2026,10,5.4
대구대,스마트원예학과,종합,학생부종합(서류전형),70%컷(최종),6.51,2026,5,4.2
대구대,식품공학과,종합,학생부종합(서류전형),70%컷(최종),6.31,2024,6,3.33
대구대,식품영양학과,종합,학생부종합(서류전형),70%컷(최종),5.98,2026,5,7.5
대구대,언어치료학과,종합,학생부종합(서류전형),70%컷(최종),5.35,2026,8,5.33
대구대,응급구조학과,종합,학생부종합(서류전형),70%컷(최종),5.33,2026,13,9.92
대구대,의료재활학과,종합,학생부종합(서류전형),70%컷(최종),6.88,2026,6,3.29
대구대,작업치료학과,종합,학생부종합(서류전형),70%컷(최종),5.44,2026,10,5.11
대구대,재활건강증진학과,종합,학생부종합(서류전형),70%컷(최종),6.92,2026,5,2.5
대구대,재활상담심리치료학과,종합,학생부종합(서류전형),70%컷(최종),7.57,2026,8,2.78
대구대,전자전기공학부,종합,학생부종합(서류전형),70%컷(최종),7.24,2026,8,3.33
대구대,조경산림정원학과,종합,학생부종합(서류전형),70%컷(최종),5.74,2026,8,2.6
대구대,지구과학교육과,종합,학생부종합(서류전형),70%컷(최종),4.39,2026,10,4.3
대구대,친환경에너지학과,종합,학생부종합(서류전형),70%컷(최종),7.48,2026,4,
대구대,컴퓨터정보공학부,종합,학생부종합(서류전형),70%컷(최종),6.29,2026,9,3.11
대구대,화학교육과,종합,학생부종합(서류전형),70%컷(최종),5.82,2026,8,3.17
대구대,게임엔터테인먼트학과,종합,학생부종합(서류전형),평균(최종),6.20,2026,8,5.8
대구대,뷰티학부,종합,학생부종합(서류전형),70%컷(최종),6.97,2026,17,4.4
대구대,산업디자인학과,종합,학생부종합(서류전형),70%컷(최종),6.12,2026,6,2.75
대구대,스포츠레저학과,종합,학생부종합(서류전형),70%컷(최종),6.14,2026,11,2.75
대구대,스포츠헬스케어학과,종합,학생부종합(서류전형),70%컷(최종),6.67,2026,17,5.46
대구대,실내건축디자인학과,종합,학생부종합(서류전형),70%컷(최종),6.1,2026,10,4
대구대,체육학과,종합,학생부종합(서류전형),70%컷(최종),5.38,2026,9,5.4
대구대,패션디자인학과,종합,학생부종합(서류전형),70%컷(최종),6.33,2026,10,4.5
대구대,[유형1] 자유전공학부,종합,학생부종합(서류전형),70%컷(최종),6.69,2026,28,7.25
대구대,경제금융통상학과,교과,학생부교과(지역인재전형),70%컷(최종),4.7,2026,10,3.25
대구대,국방군사학과,교과,학생부교과(지역인재전형),70%컷(최종),3.94,2026,5,4
대구대,간호학과,교과,학생부교과(지역인재전형),70%컷(최종),2.07,2026,7,7
대구대,기계자동차공학부,교과,학생부교과(지역인재전형),70%컷(최종),5.64,2026,12,4.15
대구대,스마트원예학과,교과,학생부교과(지역인재전형),70%컷(최종),4.62,2026,3,3.4
대구대,재활건강증진학과,교과,학생부교과(지역인재전형),70%컷(최종),4.25,2026,5,
대구대,전자전기공학부,교과,학생부교과(지역인재전형),70%컷(최종),4.21,2026,7,5
대구대,조경산림정원학과,교과,학생부교과(지역인재전형),70%컷(최종),4.69,2026,7,3.83
대구대,친환경에너지학과,교과,학생부교과(지역인재전형),70%컷(최종),5.67,2026,6,3.83
대구대,실내건축디자인학과,교과,학생부교과(지역인재전형),70%컷(최종),4.03,2026,6,5.33
대구대,패션디자인학과,교과,학생부교과(지역인재전형),70%컷(최종),3.89,2026,5,3
대구대,[유형1] 자유전공학부,교과,학생부교과(지역인재전형),70%컷(최종),4.29,2026,52,7.1
대구대,호텔관광경영학부,종합,학생부종합(지역인재전형),70%컷(최종),5.3,2026,11,4.08
대구한의대,간호학과,교과,학생부교과(면접전형),70%컷(최종),2.74,2026,18,13.95
대구한의대,반려동물보건학과,교과,학생부교과(면접전형),70%컷(최종),4.74,2026,12,4.9
대구한의대,응급구조학과,교과,학생부교과(면접전형),70%컷(최종),5.88,2026,8,
대구한의대,한방재활스포츠의학과,교과,학생부교과(면접전형),70%컷(최종),5.76,2026,10,2.9
대구한의대,호텔외식조리베이커리학과,교과,학생부교과(면접전형),70%컷(최종),5.54,2026,7,3.3
대구한의대,뷰티케어학과,교과,학생부교과(면접전형),70%컷(최종),4.95,2026,21,3.48
대구한의대,체육학과,교과,학생부교과(면접전형),70%컷(최종),6.88,2026,4,2.25
대구한의대,헤어메이크업디자인학과,교과,학생부교과(면접전형),70%컷(최종),5.31,2026,18,1.77
대구한의대,화장품학과,교과,학생부교과(면접전형),70%컷(최종),5.74,2026,5,
대구한의대,경찰행정학과,교과,학생부교과(일반전형),70%컷(최종),4.14,2026,25,6.48
대구한의대,사회복지학과,교과,학생부교과(일반전형),70%컷(최종),6.07,2026,18,4.24
대구한의대,상담심리학과,교과,학생부교과(일반전형),70%컷(최종),5.82,2026,19,3.53
대구한의대,중등특수교육과,교과,학생부교과(일반전형),70%컷(최종),4.61,2026,15,4.6
대구한의대,한의예과,교과,학생부교과(일반전형),70%컷(최종),1.23,2026,7,20.08
대구한의대,간호학과,교과,학생부교과(일반전형),70%컷(최종),2.5,2026,29,8.42
대구한의대,물리치료학과,교과,학생부교과(일반전형),70%컷(최종),2.63,2026,14,7.85
대구한의대,반려동물보건학과,교과,학생부교과(일반전형),70%컷(최종),4.03,2026,30,7.97
대구한의대,반려동물산업학과,교과,학생부교과(일반전형),70%컷(최종),5.13,2026,22,4.45
대구한의대,보건의료행정학과,교과,학생부교과(일반전형),70%컷(최종),5.46,2026,20,5.91
대구한의대,소방안전학과,교과,학생부교과(일반전형),70%컷(최종),6.59,2026,19,4.37
대구한의대,응급구조학과,교과,학생부교과(일반전형),70%컷(최종),4.85,2026,12,4.53
대구한의대,임상병리학과,교과,학생부교과(일반전형),70%컷(최종),3.27,2026,35,7.4
대구한의대,재활치료학부,교과,학생부교과(일반전형),70%컷(최종),4.55,2026,32,7.87
대구한의대,제약공학과,교과,학생부교과(일반전형),70%컷(최종),5.39,2026,18,2.94
대구한의대,한방재활스포츠의학과,교과,학생부교과(일반전형),70%컷(최종),4.38,2026,18,6.89
대구한의대,한의예과,교과,학생부교과(일반전형),70%컷(최종),1.28,2026,12,34.86
대구한의대,호텔외식조리베이커리학과,교과,학생부교과(일반전형),70%컷(최종),4.53,2026,19,9.63
대구한의대,뷰티케어학과,교과,학생부교과(일반전형),70%컷(최종),5.03,2026,21,7.95
대구한의대,실내디자인학과,교과,학생부교과(일반전형),70%컷(최종),5.45,2026,22,3
대구한의대,체육학과,교과,학생부교과(일반전형),70%컷(최종),4.71,2026,2,15
대구한의대,헤어메이크업디자인학과,교과,학생부교과(일반전형),70%컷(최종),4.71,2026,14,5.7
대구한의대,화장품학과,교과,학생부교과(일반전형),70%컷(최종),4.4,2026,35,3.76
대구한의대,경찰행정학과,종합,학생부종합(일반전형),70%컷(최종),6.2,2026,5,3.4
대구한의대,사회복지학과,종합,학생부종합(일반전형),70%컷(최종),5.03,2026,5,2.67
대구한의대,상담심리학과,종합,학생부종합(일반전형),70%컷(최종),5.8,2024,3,2.33
대구한의대,중등특수교육과,종합,학생부종합(일반전형),70%컷(최종),4.93,2026,5,3.6
대구한의대,한의예과,종합,학생부종합(일반전형),70%컷(최종),1.55,2026,5,31.4
대구한의대,간호학과,종합,학생부종합(일반전형),70%컷(최종),2.94,2026,12,14.25
대구한의대,물리치료학과,종합,학생부종합(일반전형),70%컷(최종),3.03,2026,7,22.5
대구한의대,반려동물보건학과,종합,학생부종합(일반전형),70%컷(최종),4.52,2026,3,11.33
대구한의대,반려동물산업학과,종합,학생부종합(일반전형),70%컷(최종),5.06,2026,4,4.25
대구한의대,보건의료행정학과,종합,학생부종합(일반전형),70%컷(최종),6.42,2026,4,2.5
대구한의대,소방안전학과,종합,학생부종합(일반전형),70%컷(최종),5.3,2026,3,3
대구한의대,임상병리학과,종합,학생부종합(일반전형),70%컷(최종),4.03,2026,8,7.88
대구한의대,재활치료학부,종합,학생부종합(일반전형),70%컷(최종),4.25,2026,7,4.5
대구한의대,한의예과,종합,학생부종합(일반전형),70%컷(최종),1.86,2026,10,31
대구한의대,경찰행정학과,교과,학생부교과(지역인재전형),70%컷(최종),5.29,2026,8,2.75
대구한의대,사회복지학과,교과,학생부교과(지역인재전형),70%컷(최종),4.5,2026,5,3.33
대구한의대,상담심리학과,교과,학생부교과(지역인재전형),70%컷(최종),5.8,2026,6,2.4
대구한의대,한의예과,교과,학생부교과(지역인재전형),70%컷(최종),1.4,2026,7,14.54
대구한의대,간호학과,교과,학생부교과(지역인재전형),70%컷(최종),2.89,2026,21,6.52
대구한의대,물리치료학과,교과,학생부교과(지역인재전형),70%컷(최종),2.76,2026,7,7.33
대구한의대,반려동물보건학과,교과,학생부교과(지역인재전형),70%컷(최종),3.65,2026,5,4.4
대구한의대,반려동물산업학과,교과,학생부교과(지역인재전형),70%컷(최종),5.85,2026,4,2.5
대구한의대,보건의료행정학과,교과,학생부교과(지역인재전형),70%컷(최종),4.14,2026,4,7
대구한의대,소방안전학과,교과,학생부교과(지역인재전형),70%컷(최종),6,2024,5,2.2
대구한의대,응급구조학과,교과,학생부교과(지역인재전형),70%컷(최종),5.21,2026,7,3.8
대구한의대,임상병리학과,교과,학생부교과(지역인재전형),70%컷(최종),3.77,2026,8,5.25
대구한의대,재활치료학부,교과,학생부교과(지역인재전형),70%컷(최종),4.06,2026,8,9.33
대구한의대,제약공학과,교과,학생부교과(지역인재전형),70%컷(최종),5.26,2026,6,2.33
대구한의대,한의예과,교과,학생부교과(지역인재전형),70%컷(최종),1.17,2026,14,15.33
대구한의대,뷰티케어학과,교과,학생부교과(지역인재전형),70%컷(최종),6.11,2026,8,4.25
대구한의대,실내디자인학과,교과,학생부교과(지역인재전형),70%컷(최종),5.5,2026,3,3
대구한의대,헤어메이크업디자인학과,교과,학생부교과(지역인재전형),70%컷(최종),4.94,2026,5,3.43
대구한의대,화장품학과,교과,학생부교과(지역인재전형),70%컷(최종),4.75,2026,5,2.38
대구한의대,한의예과,종합,학생부종합(지역인재전형),70%컷(최종),1.64,2026,7,17.12
대구한의대,간호학과,종합,학생부종합(지역인재전형),70%컷(최종),3,2026,18,14.61
대구한의대,한의예과,종합,학생부종합(지역인재전형),70%컷(최종),1.82,2026,14,12
대전대,경영학부,교과,학생부교과(교과면접전형),70%컷(최종),5.06,2026,13,4.38
대전대,경찰학과,교과,학생부교과(교과면접전형),70%컷(최종),4.16,2026,17,8.35
대전대,법·행정학부,교과,학생부교과(교과면접전형),70%컷(최종),5.38,2026,12,2.58
대전대,비즈니스일본어학과,교과,학생부교과(교과면접전형),70%컷(최종),4.64,2026,9,6.73
대전대,사회복지학과,교과,학생부교과(교과면접전형),70%컷(최종),5.08,2026,13,6.94
대전대,산업·광고심리학과,교과,학생부교과(교과면접전형),70%컷(최종),5.5,2026,9,3.18
대전대,상담학과,교과,학생부교과(교과면접전형),70%컷(최종),5.43,2026,12,3.17
대전대,중등특수교육과,교과,학생부교과(교과면접전형),70%컷(최종),5.23,2026,6,2.86
대전대,AI소프트웨어학부,교과,학생부교과(교과면접전형),70%컷(최종),5.4,2026,10,1.8
대전대,간호학과,교과,학생부교과(교과면접전형),70%컷(최종),2.56,2026,18,10.39
대전대,건축공학과,교과,학생부교과(교과면접전형),70%컷(최종),5.79,2026,5,2.5
대전대,건축학과(4년제),교과,학생부교과(교과면접전형),80%컷(최종),7.17,2025,8,5.44
대전대,물리치료학과,교과,학생부교과(교과면접전형),70%컷(최종),3.18,2026,10,8.5
대전대,반도체공학과,교과,학생부교과(교과면접전형),70%컷(최종),5.83,2026,5,1.83
대전대,보건의료경영학과,교과,학생부교과(교과면접전형),70%컷(최종),5.23,2026,10,3.8
대전대,소방방재학과,교과,학생부교과(교과면접전형),70%컷(최종),4.68,2026,10,8.75
대전대,식품영양학과,교과,학생부교과(교과면접전형),70%컷(최종),5.06,2026,10,3.93
대전대,응급구조학과,교과,학생부교과(교과면접전형),70%컷(최종),3.78,2026,10,10.5
대전대,임상병리학과,교과,학생부교과(교과면접전형),70%컷(최종),3.55,2026,10,10.6
대전대,정보보안학과,교과,학생부교과(교과면접전형),80%컷(최종),5.33,2025,4,1.5
대전대,정보통신공학과,교과,학생부교과(교과면접전형),70%컷(최종),6.22,2026,6,2.33
대전대,컴퓨터공학과,교과,학생부교과(교과면접전형),70%컷(최종),5.4,2026,13,1.56
대전대,한의예과,교과,학생부교과(교과면접전형),70%컷(최종),1.34,2026,18,11.73
대전대,화장품학과,교과,학생부교과(교과면접전형),70%컷(최종),5.63,2026,4,6.5
대전대,공연예술영상콘텐츠학과,교과,학생부교과(교과면접전형),70%컷(최종),4.36,2026,5,5.67
대전대,뷰티디자인학과,교과,학생부교과(교과면접전형),70%컷(최종),4.51,2026,15,13.93
대전대,패션디자인·비즈니스학과,교과,학생부교과(교과면접전형),70%컷(최종),4.67,2026,10,7.2
대전대,[유형2] 혜화리버럴아츠칼리지,교과,학생부교과(교과면접전형),70%컷(최종),5.97,2026,25,1.96
대전대,경영학부,교과,학생부교과(교과중점전형),70%컷(최종),5.25,2026,55,6.13
대전대,경찰학과,교과,학생부교과(교과중점전형),70%컷(최종),4,2026,26,6.92
대전대,물류통상학과,교과,학생부교과(교과중점전형),70%컷(최종),5.91,2026,29,4.73
대전대,법·행정학부,교과,학생부교과(교과중점전형),70%컷(최종),5.13,2026,40,4.93
대전대,비즈니스일본어학과,교과,학생부교과(교과중점전형),70%컷(최종),4.65,2026,15,8.53
대전대,사회복지학과,교과,학생부교과(교과중점전형),70%컷(최종),5.25,2026,30,7.25
대전대,산업·광고심리학과,교과,학생부교과(교과중점전형),70%컷(최종),4.75,2026,23,3
대전대,상담학과,교과,학생부교과(교과중점전형),70%컷(최종),5.25,2026,24,5.5
대전대,중등특수교육과,교과,학생부교과(교과중점전형),70%컷(최종),1,2026,11,3.3
대전대,AI소프트웨어학부,교과,학생부교과(교과중점전형),70%컷(최종),6.25,2026,42,3.74
대전대,간호학과,교과,학생부교과(교과중점전형),70%컷(최종),2.64,2026,28,6.92
대전대,건축공학과,교과,학생부교과(교과중점전형),70%컷(최종),5.75,2026,16,9.27
대전대,건축학과(4년제),교과,학생부교과(교과중점전형),80%컷(최종),5.53,2025,18,7.1
대전대,물리치료학과,교과,학생부교과(교과중점전형),70%컷(최종),2.73,2026,12,12.83
대전대,반도체공학과,교과,학생부교과(교과중점전형),70%컷(최종),5.39,2026,21,6.58
대전대,보건의료경영학과,교과,학생부교과(교과중점전형),70%컷(최종),4.88,2026,25,7.68
대전대,소방방재학과,교과,학생부교과(교과중점전형),70%컷(최종),4.63,2026,30,9.09
대전대,식품영양학과,교과,학생부교과(교과중점전형),70%컷(최종),4.64,2026,30,6.96
대전대,응급구조학과,교과,학생부교과(교과중점전형),70%컷(최종),3.75,2026,14,10.86
대전대,임상병리학과,교과,학생부교과(교과중점전형),70%컷(최종),3.27,2026,12,16.42
대전대,정보보안학과,교과,학생부교과(교과중점전형),70%컷(최종),5.88,2026,17,3.88
대전대,정보통신공학과,교과,학생부교과(교과중점전형),70%컷(최종),6.88,2026,34,3.47
대전대,컴퓨터공학과,교과,학생부교과(교과중점전형),70%컷(최종),6.36,2026,56,4.75
대전대,한의예과,교과,학생부교과(교과중점전형),70%컷(최종),1.15,2026,10,20.2
대전대,화장품학과,교과,학생부교과(교과중점전형),70%컷(최종),4.85,2026,21,6.1
대전대,뷰티디자인학과,교과,학생부교과(교과중점전형),70%컷(최종),5,2026,20,7.05
대전대,패션디자인·비즈니스학과,교과,학생부교과(교과중점전형),70%컷(최종),4.66,2026,26,6.8
대전대,[유형1] 자유전공학부,교과,학생부교과(교과중점전형),70%컷(최종),1,2026,40,6.2
대전대,[유형2] 혜화리버럴아츠칼리지,교과,학생부교과(교과중점전형),70%컷(최종),6.43,2026,90,2.74
대전대,군사학과(남),교과,학생부교과(군사학과전형),70%컷(최종),5.13,2026,30,3.29
대전대,군사학과(여),교과,학생부교과(군사학과전형),70%컷(최종),5.13,2026,10,4.4
대전대,간호학과,종합,학생부종합(혜화인재전형),80%컷(최종),3,2025,12,12.83
대전대,물리치료학과,종합,학생부종합(혜화인재전형),80%컷(최종),3,2025,8,12.38
대전대,응급구조학과,종합,학생부종합(혜화인재전형),80%컷(최종),4.78,2025,6,10.67
대전대,임상병리학과,종합,학생부종합(혜화인재전형),80%컷(최종),3.63,2025,6,5.5
대전대,한의예과,종합,학생부종합(혜화인재전형),80%컷(최종),1,2025,8,16.5
대전대,스포츠과학부,종합,학생부종합(혜화인재전형),80%컷(최종),4.77,2025,5,13.33
대전대,경영학부,교과,학생부교과(지역인재Ⅰ전형),70%컷(최종),4.33,2026,8,7.5
대전대,경찰학과,교과,학생부교과(지역인재Ⅰ전형),70%컷(최종),4.33,2026,8,8.25
대전대,법·행정학부,교과,학생부교과(지역인재Ⅰ전형),70%컷(최종),5,2026,8,3.63
대전대,비즈니스일본어학과,교과,학생부교과(지역인재Ⅰ전형),70%컷(최종),4.17,2026,4,7.5
대전대,사회복지학과,교과,학생부교과(지역인재Ⅰ전형),70%컷(최종),4.83,2026,8,8
대전대,산업·광고심리학과,교과,학생부교과(지역인재Ⅰ전형),70%컷(최종),4.67,2026,6,3.4
대전대,상담학과,교과,학생부교과(지역인재Ⅰ전형),70%컷(최종),5,2026,4,3
대전대,중등특수교육과,교과,학생부교과(지역인재Ⅰ전형),70%컷(최종),1,2026,3,2.33
대전대,AI소프트웨어학부,교과,학생부교과(지역인재Ⅰ전형),70%컷(최종),4.83,2026,6,
대전대,간호학과,교과,학생부교과(지역인재Ⅰ전형),70%컷(최종),2.17,2026,18,6.28
대전대,건축공학과,교과,학생부교과(지역인재Ⅰ전형),70%컷(최종),5.33,2026,4,4.75
대전대,건축학과(4년제),교과,학생부교과(지역인재Ⅰ전형),80%컷(최종),5.67,2025,4,5.67
대전대,물리치료학과,교과,학생부교과(지역인재Ⅰ전형),70%컷(최종),2.67,2026,5,9.8
대전대,반도체공학과,교과,학생부교과(지역인재Ⅰ전형),70%컷(최종),5.67,2026,4,6.6
대전대,보건의료경영학과,교과,학생부교과(지역인재Ⅰ전형),70%컷(최종),5,2026,5,8.6
대전대,소방방재학과,교과,학생부교과(지역인재Ⅰ전형),70%컷(최종),4.67,2026,7,4.08
대전대,식품영양학과,교과,학생부교과(지역인재Ⅰ전형),70%컷(최종),4.83,2026,6,7.43
대전대,응급구조학과,교과,학생부교과(지역인재Ⅰ전형),70%컷(최종),3.33,2026,6,12.17
대전대,임상병리학과,교과,학생부교과(지역인재Ⅰ전형),70%컷(최종),3.83,2026,7,5.86
대전대,정보보안학과,교과,학생부교과(지역인재Ⅰ전형),70%컷(최종),5.83,2026,4,2.25
대전대,컴퓨터공학과,교과,학생부교과(지역인재Ⅰ전형),70%컷(최종),6,2026,7,2.38
대전대,한의예과,교과,학생부교과(지역인재Ⅰ전형),70%컷(최종),1.3,2026,23,8.83
대전대,화장품학과,교과,학생부교과(지역인재Ⅰ전형),70%컷(최종),4.17,2026,5,6.8
대전대,뷰티디자인학과,교과,학생부교과(지역인재Ⅰ전형),70%컷(최종),3.83,2026,5,8.67
대전대,패션디자인·비즈니스학과,교과,학생부교과(지역인재Ⅰ전형),70%컷(최종),4.5,2026,5,4
대전대,[유형1] 자유전공학부,교과,학생부교과(지역인재Ⅰ전형),70%컷(최종),1,2026,5,5
대전대,[유형2] 혜화리버럴아츠칼리지,교과,학생부교과(지역인재Ⅰ전형),70%컷(최종),6.83,2026,25,1.88
대진대,경영학과,교과,학생부교과(학교장추천전형),70%컷(최종),3.38,2026,6,4.29
대진대,공공인재법학과,교과,학생부교과(학교장추천전형),70%컷(최종),3.26,2026,4,3.67
대진대,국제지역학과,교과,학생부교과(학교장추천전형),70%컷(최종),3.23,2026,5,6.75
대진대,국제통상학과,교과,학생부교과(학교장추천전형),70%컷(최종),3,2026,5,5.4
대진대,글로벌경제학과,교과,학생부교과(학교장추천전형),70%컷(최종),2.82,2026,5,4.43
대진대,문예콘텐츠창작학과,교과,학생부교과(학교장추천전형),70%컷(최종),2.5,2026,4,17.6
대진대,문헌정보학과,교과,학생부교과(학교장추천전형),70%컷(최종),2.7,2026,5,3.8
대진대,미디어커뮤니케이션학과,교과,학생부교과(학교장추천전형),70%컷(최종),2.93,2026,6,4.83
대진대,사회복지학과,교과,학생부교과(학교장추천전형),70%컷(최종),2.89,2026,5,8.14
대진대,아동학과,교과,학생부교과(학교장추천전형),70%컷(최종),3.7,2026,4,7
대진대,역사·문화콘텐츠학과,교과,학생부교과(학교장추천전형),70%컷(최종),3.58,2026,3,4
대진대,영어영문학과,교과,학생부교과(학교장추천전형),70%컷(최종),2.44,2026,3,4.33
대진대,중국학과,교과,학생부교과(학교장추천전형),70%컷(최종),3.57,2026,5,8.43
대진대,행정정보학과,교과,학생부교과(학교장추천전형),70%컷(최종),3.33,2026,6,6.83
대진대,AI빅데이터공학과,교과,학생부교과(학교장추천전형),70%컷(최종),3.24,2026,4,4.5
대진대,IT기계공학과,교과,학생부교과(학교장추천전형),70%컷(최종),3.27,2026,5,5.67
대진대,건축공학과,교과,학생부교과(학교장추천전형),70%컷(최종),3.17,2026,6,6.5
대진대,데이터경영산업공학과,교과,학생부교과(학교장추천전형),70%컷(최종),3.96,2026,4,14.8
대진대,반도체융합공학과,교과,학생부교과(학교장추천전형),70%컷(최종),3.4,2026,7,3.83
대진대,보건경영학과,교과,학생부교과(학교장추천전형),70%컷(최종),2.92,2026,7,19
대진대,스마트모빌리티공학과,교과,학생부교과(학교장추천전형),70%컷(최종),3.84,2026,12,3.67
대진대,스마트시티·환경공학과,교과,학생부교과(학교장추천전형),70%컷(최종),3.81,2026,7,4.6
대진대,스마트융합보안학과,교과,학생부교과(학교장추천전형),70%컷(최종),3.5,2026,8,7.38
대진대,식품영양학과,교과,학생부교과(학교장추천전형),70%컷(최종),2.73,2026,4,4.67
대진대,의생명과학과,교과,학생부교과(학교장추천전형),70%컷(최종),3.57,2026,6,9.71
대진대,전기공학과,교과,학생부교과(학교장추천전형),70%컷(최종),3.15,2026,7,5
대진대,컴퓨터공학과,교과,학생부교과(학교장추천전형),90%컷(최종),2.83,2025,7,3.86
대진대,화학공학과,교과,학생부교과(학교장추천전형),70%컷(최종),4.3,2026,3,3.33
대진대,[유형1] 자율전공학부,교과,학생부교과(학교장추천전형),70%컷(최종),3.18,2026,30,13.56
대진대,[유형2] 공학자율학부,교과,학생부교과(학교장추천전형),70%컷(최종),3.6,2026,23,6.58
대진대,경영학과,교과,학생부교과(학생부우수자전형),70%컷(최종),3.2,2026,7,13.33
대진대,공공인재법학과,교과,학생부교과(학생부우수자전형),70%컷(최종),4.24,2026,5,6.43
대진대,국제지역학과,교과,학생부교과(학생부우수자전형),70%컷(최종),2.96,2026,4,6
대진대,국제통상학과,교과,학생부교과(학생부우수자전형),70%컷(최종),3.28,2026,5,20.2
대진대,글로벌경제학과,교과,학생부교과(학생부우수자전형),70%컷(최종),3.94,2026,6,5.33
대진대,문예콘텐츠창작학과,교과,학생부교과(학생부우수자전형),70%컷(최종),3.09,2026,5,14.8
대진대,문헌정보학과,교과,학생부교과(학생부우수자전형),70%컷(최종),3.01,2026,5,6.8
대진대,미디어커뮤니케이션학과,교과,학생부교과(학생부우수자전형),70%컷(최종),3.53,2026,7,8
대진대,사회복지학과,교과,학생부교과(학생부우수자전형),70%컷(최종),3.35,2026,6,8.86
대진대,아동학과,교과,학생부교과(학생부우수자전형),70%컷(최종),4.16,2026,4,5.75
대진대,역사·문화콘텐츠학과,교과,학생부교과(학생부우수자전형),70%컷(최종),3.81,2026,3,7.8
대진대,영어영문학과,교과,학생부교과(학생부우수자전형),70%컷(최종),3.75,2026,4,6
대진대,중국학과,교과,학생부교과(학생부우수자전형),70%컷(최종),3.85,2026,4,4.33
대진대,행정정보학과,교과,학생부교과(학생부우수자전형),70%컷(최종),3.95,2026,6,6.71
대진대,AI빅데이터공학과,교과,학생부교과(학생부우수자전형),70%컷(최종),3.86,2026,7,5.83
대진대,IT기계공학과,교과,학생부교과(학생부우수자전형),70%컷(최종),3.46,2026,5,8
대진대,간호학과,교과,학생부교과(학생부우수자전형),70%컷(최종),2.37,2026,13,12.54
대진대,건축공학과,교과,학생부교과(학생부우수자전형),70%컷(최종),3.43,2026,10,9.86
대진대,데이터경영산업공학과,교과,학생부교과(학생부우수자전형),70%컷(최종),5.18,2026,5,4
대진대,반도체융합공학과,교과,학생부교과(학생부우수자전형),70%컷(최종),4.89,2026,10,4
대진대,보건경영학과,교과,학생부교과(학생부우수자전형),70%컷(최종),3.83,2026,5,13.17
대진대,스마트모빌리티공학과,교과,학생부교과(학생부우수자전형),70%컷(최종),4.26,2026,10,12
대진대,스마트시티·환경공학과,교과,학생부교과(학생부우수자전형),70%컷(최종),4.38,2026,12,3.7
대진대,스마트융합보안학과,교과,학생부교과(학생부우수자전형),70%컷(최종),4.69,2026,10,4.7
대진대,식품영양학과,교과,학생부교과(학생부우수자전형),70%컷(최종),3.66,2026,5,10.6
대진대,의생명과학과,교과,학생부교과(학생부우수자전형),70%컷(최종),3.91,2026,6,5
대진대,전기공학과,교과,학생부교과(학생부우수자전형),70%컷(최종),4.21,2026,7,6
대진대,컴퓨터공학과,교과,학생부교과(학생부우수자전형),평균(최종),3.16,2025,7,5.63
대진대,화학공학과,교과,학생부교과(학생부우수자전형),70%컷(최종),3.67,2026,4,3.67
대진대,[유형1] 자율전공학부,교과,학생부교과(학생부우수자전형),70%컷(최종),4.15,2026,50,8.12
대진대,[유형2] 공학자율학부,교과,학생부교과(학생부우수자전형),70%컷(최종),4.8,2026,25,4.34
대진대,경영학과,종합,학생부종합(윈윈대진전형),70%컷(최종),4.9,2026,12,5.5
대진대,공공인재법학과,종합,학생부종합(윈윈대진전형),70%컷(최종),5.52,2026,12,3.6
대진대,국제지역학과,종합,학생부종합(윈윈대진전형),70%컷(최종),5.61,2026,10,3.7
대진대,국제통상학과,종합,학생부종합(윈윈대진전형),70%컷(최종),5.71,2026,10,5.75
대진대,글로벌경제학과,종합,학생부종합(윈윈대진전형),70%컷(최종),5.41,2026,12,4.7
대진대,문예콘텐츠창작학과,종합,학생부종합(윈윈대진전형),70%컷(최종),5.17,2026,10,8.38
대진대,문헌정보학과,종합,학생부종합(윈윈대진전형),70%컷(최종),5.38,2026,10,5.3
대진대,미디어커뮤니케이션학과,종합,학생부종합(윈윈대진전형),70%컷(최종),4.9,2026,12,7.67
대진대,사회복지학과,종합,학생부종합(윈윈대진전형),70%컷(최종),5.55,2026,10,7
대진대,아동학과,종합,학생부종합(윈윈대진전형),70%컷(최종),5.75,2026,5,5
대진대,역사·문화콘텐츠학과,종합,학생부종합(윈윈대진전형),70%컷(최종),5.45,2026,7,4.8
대진대,영어영문학과,종합,학생부종합(윈윈대진전형),70%컷(최종),5.5,2026,5,6.4
대진대,중국학과,종합,학생부종합(윈윈대진전형),70%컷(최종),6.7,2026,10,3.33
대진대,행정정보학과,종합,학생부종합(윈윈대진전형),70%컷(최종),5.76,2026,12,4
대진대,AI빅데이터공학과,종합,학생부종합(윈윈대진전형),70%컷(최종),6.18,2026,12,3.29
대진대,IT기계공학과,종합,학생부종합(윈윈대진전형),70%컷(최종),5.51,2026,10,4
대진대,간호학과,종합,학생부종합(윈윈대진전형),70%컷(최종),3.96,2026,36,6.72
대진대,건축공학과,종합,학생부종합(윈윈대진전형),70%컷(최종),5.8,2026,12,5.25
대진대,데이터경영산업공학과,종합,학생부종합(윈윈대진전형),70%컷(최종),6.07,2026,8,3.17
대진대,반도체융합공학과,종합,학생부종합(윈윈대진전형),70%컷(최종),5.64,2026,10,3
대진대,보건경영학과,종합,학생부종합(윈윈대진전형),70%컷(최종),5.22,2026,7,6.5
대진대,스마트모빌리티공학과,종합,학생부종합(윈윈대진전형),70%컷(최종),6.61,2026,12,4.75
대진대,스마트시티·환경공학과,종합,학생부종합(윈윈대진전형),70%컷(최종),6.23,2026,14,3.4
대진대,스마트융합보안학과,종합,학생부종합(윈윈대진전형),70%컷(최종),6.04,2026,10,3.3
대진대,식품영양학과,종합,학생부종합(윈윈대진전형),70%컷(최종),5.28,2026,10,5.75
대진대,의생명과학과,종합,학생부종합(윈윈대진전형),70%컷(최종),5.88,2026,15,3.93
대진대,전기공학과,종합,학생부종합(윈윈대진전형),70%컷(최종),6.09,2026,10,3
대진대,컴퓨터공학과,종합,학생부종합(윈윈대진전형),90%컷(최종),5.54,2025,15,4.71
대진대,화학공학과,종합,학생부종합(윈윈대진전형),70%컷(최종),5.59,2026,10,3.2
덕성여대,[유형2] 글로벌융합대학(인문사회),논술,논술(논술전형),70%컷(최종),5.39,2026,65,59.55
덕성여대,[유형2] 과학기술대학,논술,논술(논술전형),70%컷(최종),5.05,2026,50,19.42
덕성여대,약학과,논술,논술(논술전형),70%컷(최종),3.15,2026,5,404
덕성여대,[유형2] 글로벌융합대학(인문사회),교과,학생부교과(고교추천전형),70%컷(최종),3.17,2026,25,5.69
덕성여대,유아교육과,교과,학생부교과(고교추천전형),70%컷(최종),3.3,2026,10,4.83
덕성여대,[유형2] 과학기술대학,교과,학생부교과(고교추천전형),70%컷(최종),3.15,2026,10,5.8
덕성여대,AI신약학과,교과,학생부교과(고교추천전형),70%컷(최종),3.27,2026,10,5.43
덕성여대,가상현실융합학과,교과,학생부교과(고교추천전형),70%컷(최종),3.44,2026,10,3.71
덕성여대,데이터사이언스학과,교과,학생부교과(고교추천전형),70%컷(최종),3.55,2026,10,5.29
덕성여대,약학과,교과,학생부교과(고교추천전형),70%컷(최종),1.25,2026,20,11
덕성여대,[유형1] 자유전공학부,교과,학생부교과(고교추천전형),70%컷(최종),3.16,2026,50,4.85
덕성여대,[유형2] 글로벌융합대학(인문사회),종합,학생부종합(덕성인재전형Ⅰ),70%컷(최종),3.31,2026,65,8.8
덕성여대,[유형2] 과학기술대학,종합,학생부종합(덕성인재전형Ⅰ),70%컷(최종),3.24,2026,20,5.96
덕성여대,[유형1] 자유전공학부,종합,학생부종합(덕성인재전형Ⅰ),70%컷(최종),3.26,2026,30,8.42
덕성여대,[유형2] 글로벌융합대학(인문사회),종합,학생부종합(덕성인재전형Ⅱ),70%컷(최종),3.61,2026,74,13.64
덕성여대,유아교육과,종합,학생부종합(덕성인재전형Ⅱ),70%컷(최종),3.37,2026,12,8.09
덕성여대,[유형2] 과학기술대학,종합,학생부종합(덕성인재전형Ⅱ),70%컷(최종),3.49,2026,20,11.7
덕성여대,AI신약학과,종합,학생부종합(덕성인재전형Ⅱ),70%컷(최종),3.37,2026,15,6.11
덕성여대,가상현실융합학과,종합,학생부종합(덕성인재전형Ⅱ),70%컷(최종),3.95,2026,15,4.22
덕성여대,데이터사이언스학과,종합,학생부종합(덕성인재전형Ⅱ),70%컷(최종),3.91,2026,15,5.11
덕성여대,약학과,종합,학생부종합(덕성인재전형Ⅱ),70%컷(최종),1.59,2026,25,12.04
덕성여대,[유형1] 자유전공학부,종합,학생부종합(덕성인재전형Ⅱ),70%컷(최종),3.47,2026,64,11.33
동국대,경찰행정학부,논술,논술(논술),70%컷(최종),4.5,2026,13,54
동국대,광고홍보학과,논술,논술(논술),70%컷(최종),4.6,2026,6,81.17
동국대,교육학과,논술,논술(논술),70%컷(최종),3.9,2026,4,69
동국대,국어국문·문예창작학부,논술,논술(논술),70%컷(최종),3.7,2026,6,73.83
동국대,국제통상학과,논술,논술(논술),70%컷(최종),4,2026,12,79.42
동국대,미디어커뮤니케이션학전공,논술,논술(논술),70%컷(최종),4.3,2026,5,83.2
동국대,법학과,논술,논술(논술),70%컷(최종),5,2026,12,81.5
동국대,사학과,논술,논술(논술),70%컷(최종),3.6,2026,4,73.25
동국대,영어영문학부,논술,논술(논술),70%컷(최종),4.8,2026,9,75.89
동국대,일본학과,논술,논술(논술),70%컷(최종),3.7,2026,5,76.4
동국대,정치외교학,논술,논술(논술),70%컷(최종),3.6,2026,6,78.5
동국대,중어중문학과,논술,논술(논술),70%컷(최종),3.8,2026,5,77
동국대,철학과,논술,논술(논술),70%컷(최종),4.6,2026,5,74.4
동국대,컴퓨터·AI학부,논술,논술(논술),70%컷(최종),3.7,2026,4,67.75
동국대,행정학전공,논술,논술(논술),70%컷(최종),4.6,2026,6,78.5
동국대,건설환경공학과,논술,논술(논술),70%컷(최종),4.4,2026,7,27.43
동국대,건축공학부,논술,논술(논술),70%컷(최종),5.1,2026,5,26.2
동국대,경찰행정학부,논술,논술(논술),70%컷(최종),2.8,2026,5,31.4
동국대,기계로봇에너지공학과,논술,논술(논술),70%컷(최종),3.9,2026,12,27.92
동국대,산업시스템공학과,논술,논술(논술),70%컷(최종),3,2026,6,29.67
동국대,수학과,논술,논술(논술),70%컷(최종),4.2,2026,4,24.25
동국대,수학교육과,논술,논술(논술),평균(최종),2.36,2025,4,30.5
동국대,시스템반도체학부,논술,논술(논술),70%컷(최종),3.5,2026,5,26.2
동국대,약학과,논술,논술(논술),70%컷(최종),1,2026,5,193.6
동국대,에너지신소재공학과,논술,논술(논술),70%컷(최종),5,2026,8,30.11
동국대,의료인공지능공학과,논술,논술(논술),70%컷(최종),4.5,2026,4,30
동국대,전자전기공학부,논술,논술(논술),70%컷(최종),3.7,2026,21,31.35
동국대,정보통신공학과,논술,논술(논술),70%컷(최종),4.9,2026,12,30.83
동국대,컴퓨터·AI학부,논술,논술(논술),70%컷(최종),3.6,2026,20,31.05
동국대,통계학과,논술,논술(논술),70%컷(최종),3.9,2026,4,28
동국대,화공생물공학과,논술,논술(논술),70%컷(최종),5.2,2026,7,31.86
동국대,화학과,논술,논술(논술),70%컷(최종),3.6,2026,4,26.75
동국대,[유형1] 열린전공학부(인문),교과,학생부교과(학교장추천인재),70%컷(최종),2.78,2026,50,10.9
동국대,[유형2] 경영대학,교과,학생부교과(학교장추천인재),70%컷(최종),1.4,2026,23,16.96
동국대,경제학과,교과,학생부교과(학교장추천인재),70%컷(최종),1.1,2026,10,8.44
동국대,경찰행정학부,교과,학생부교과(학교장추천인재),70%컷(최종),1,2026,6,15.5
동국대,광고홍보학과,교과,학생부교과(학교장추천인재),70%컷(최종),1.7,2026,6,9.33
동국대,교육학과,교과,학생부교과(학교장추천인재),70%컷(최종),1.1,2026,4,11
동국대,국어교육과,교과,학생부교과(학교장추천인재),70%컷(최종),1,2026,5,11.4
동국대,국어국문·문예창작학부,교과,학생부교과(학교장추천인재),70%컷(최종),1.1,2026,5,8.6
동국대,국제통상학과,교과,학생부교과(학교장추천인재),70%컷(최종),1.2,2026,6,13.33
동국대,문화유산학과,교과,학생부교과(학교장추천인재),70%컷(최종),2.92,2026,3,5.33
동국대,미디어커뮤니케이션학전공,교과,학생부교과(학교장추천인재),70%컷(최종),1,2026,6,11.33
동국대,법학과,교과,학생부교과(학교장추천인재),70%컷(최종),1.2,2026,11,8.4
동국대,북한학정공,교과,학생부교과(학교장추천인재),70%컷(최종),2.78,2026,3,9.67
동국대,불교학부,교과,학생부교과(학교장추천인재),70%컷(최종),2.9,2026,3,10
동국대,사학과,교과,학생부교과(학교장추천인재),70%컷(최종),1.5,2026,4,7.75
동국대,사회·언론정보학부,교과,학생부교과(학교장추천인재),70%컷(최종),1.1,2026,4,8.25
동국대,사회복지학과,교과,학생부교과(학교장추천인재),70%컷(최종),2.51,2026,3,6.33
동국대,식품산업관리학과,교과,학생부교과(학교장추천인재),70%컷(최종),2.37,2026,3,7
동국대,역사교육과,교과,학생부교과(학교장추천인재),70%컷(최종),1.4,2026,6,10.29
동국대,영어영문학부,교과,학생부교과(학교장추천인재),70%컷(최종),1,2026,8,9.88
동국대,일본학과,교과,학생부교과(학교장추천인재),70%컷(최종),2.65,2026,3,8.33
동국대,정치외교학,교과,학생부교과(학교장추천인재),70%컷(최종),1,2026,5,8.6
동국대,중어중문학과,교과,학생부교과(학교장추천인재),70%컷(최종),1.4,2026,5,8.6
동국대,지리교육과,교과,학생부교과(학교장추천인재),70%컷(최종),1.2,2026,6,11.86
동국대,철학과,교과,학생부교과(학교장추천인재),70%컷(최종),2.45,2026,2,16.5
동국대,행정학전공,교과,학생부교과(학교장추천인재),70%컷(최종),1.2,2026,5,8.6
동국대,[유형1] 열린전공학부(자연),교과,학생부교과(학교장추천인재),70%컷(최종),1.3,2026,50,14.72
동국대,가정교육과,교과,학생부교과(학교장추천인재),70%컷(최종),1.7,2026,5,8.83
동국대,건설환경공학과,교과,학생부교과(학교장추천인재),70%컷(최종),1.5,2026,8,10.63
동국대,건축공학부,교과,학생부교과(학교장추천인재),70%컷(최종),1.2,2026,8,10
동국대,기계로봇에너지공학과,교과,학생부교과(학교장추천인재),70%컷(최종),1.2,2026,10,9.92
동국대,물리학과,교과,학생부교과(학교장추천인재),70%컷(최종),1.4,2026,4,18
동국대,산업시스템공학과,교과,학생부교과(학교장추천인재),70%컷(최종),1.5,2026,8,7.88
동국대,생명과학과,교과,학생부교과(학교장추천인재),70%컷(최종),1.3,2026,9,10
동국대,수학과,교과,학생부교과(학교장추천인재),70%컷(최종),1.3,2026,4,17
동국대,수학교육과,교과,학생부교과(학교장추천인재),70%컷(최종),1.2,2026,4,13.5
동국대,시스템반도체학부,교과,학생부교과(학교장추천인재),70%컷(최종),1.2,2026,6,9
동국대,식품바이오융합공학과,교과,학생부교과(학교장추천인재),70%컷(최종),1.4,2026,10,25.57
동국대,약학과,교과,학생부교과(학교장추천인재),70%컷(최종),1,2026,4,31
동국대,에너지신소재공학과,교과,학생부교과(학교장추천인재),70%컷(최종),1.2,2026,9,13
동국대,융합환경과학과,교과,학생부교과(학교장추천인재),70%컷(최종),1.5,2026,10,10.45
동국대,의료인공지능공학과,교과,학생부교과(학교장추천인재),70%컷(최종),1,2026,5,10.4
동국대,의생명공학과,교과,학생부교과(학교장추천인재),70%컷(최종),1.3,2026,8,12.2
동국대,전자전기공학부,교과,학생부교과(학교장추천인재),70%컷(최종),1.3,2026,12,15.5
동국대,정보통신공학과,교과,학생부교과(학교장추천인재),70%컷(최종),1.6,2026,7,8
동국대,지능형네트워크융합학과,교과,학생부교과(학교장추천인재),70%컷(최종),1.4,2026,4,10.25
동국대,컴퓨터·AI학부,교과,학생부교과(학교장추천인재),70%컷(최종),1,2026,10,14.11
동국대,통계학과,교과,학생부교과(학교장추천인재),70%컷(최종),1.2,2026,4,14.25
동국대,화공생물공학과,교과,학생부교과(학교장추천인재),70%컷(최종),1.1,2026,8,11.78
동국대,화학과,교과,학생부교과(학교장추천인재),70%컷(최종),1.1,2026,4,12.5
동국대,영화영상학과,교과,학생부교과(학교장추천인재),70%컷(최종),2,2026,3,10
동국대,[유형2] 경영대학,종합,학생부종합(Do Dream),70%컷(최종),2.34,2026,65,21.63
동국대,경제학과,종합,학생부종합(Do Dream),70%컷(최종),2.51,2026,17,14.47
동국대,경찰행정학부,종합,학생부종합(Do Dream),70%컷(최종),2.05,2026,10,22.78
동국대,광고홍보학과,종합,학생부종합(Do Dream),70%컷(최종),2,2026,10,21.1
동국대,교육학과,종합,학생부종합(Do Dream),70%컷(최종),2.29,2026,6,19.33
동국대,국어교육과,종합,학생부종합(Do Dream),70%컷(최종),2.22,2026,8,19.5
동국대,국어국문·문예창작학부,종합,학생부종합(Do Dream),70%컷(최종),2.15,2026,8,23.38
동국대,국제통상학과,종합,학생부종합(Do Dream),70%컷(최종),3.94,2026,12,23
동국대,문화유산학과,종합,학생부종합(Do Dream),70%컷(최종),2.76,2026,3,14.33
동국대,미디어커뮤니케이션학전공,종합,학생부종합(Do Dream),70%컷(최종),2,2026,10,19.9
동국대,법학과,종합,학생부종합(Do Dream),70%컷(최종),2.19,2026,20,22.3
동국대,북한학정공,종합,학생부종합(Do Dream),70%컷(최종),2.93,2026,7,16
동국대,사학과,종합,학생부종합(Do Dream),70%컷(최종),2.4,2026,7,21.29
동국대,사회·언론정보학부,종합,학생부종합(Do Dream),70%컷(최종),2.42,2026,8,27.38
동국대,사회복지학과,종합,학생부종합(Do Dream),70%컷(최종),2.41,2026,5,18.2
동국대,식품산업관리학과,종합,학생부종합(Do Dream),70%컷(최종),2,2026,8,18
동국대,역사교육과,종합,학생부종합(Do Dream),70%컷(최종),2.48,2026,8,15.13
동국대,영어영문학부,종합,학생부종합(Do Dream),70%컷(최종),3.57,2026,16,19.13
동국대,일본학과,종합,학생부종합(Do Dream),70%컷(최종),3.9,2026,7,21.57
동국대,정치외교학,종합,학생부종합(Do Dream),70%컷(최종),3.51,2026,8,18.83
동국대,중어중문학과,종합,학생부종합(Do Dream),70%컷(최종),3.63,2026,7,18.86
동국대,지리교육과,종합,학생부종합(Do Dream),70%컷(최종),2.6,2026,8,14.88
동국대,철학과,종합,학생부종합(Do Dream),70%컷(최종),2.22,2026,5,22.8
동국대,행정학전공,종합,학생부종합(Do Dream),70%컷(최종),2.15,2026,6,18.83
동국대,가정교육과,종합,학생부종합(Do Dream),70%컷(최종),2.96,2026,9,11.25
동국대,건설환경공학과,종합,학생부종합(Do Dream),70%컷(최종),2.7,2026,12,20.25
동국대,건축공학부,종합,학생부종합(Do Dream),70%컷(최종),2.02,2026,16,11.69
동국대,기계로봇에너지공학과,종합,학생부종합(Do Dream),70%컷(최종),2.27,2026,27,14.81
동국대,물리학과,종합,학생부종합(Do Dream),70%컷(최종),2.48,2026,9,11.89
동국대,산업시스템공학과,종합,학생부종합(Do Dream),70%컷(최종),2.61,2026,12,17.17
동국대,생명과학과,종합,학생부종합(Do Dream),70%컷(최종),2.08,2026,11,27
동국대,수학과,종합,학생부종합(Do Dream),70%컷(최종),3,2026,9,20.67
동국대,수학교육과,종합,학생부종합(Do Dream),70%컷(최종),2.54,2026,6,17.5
동국대,시스템반도체학부,종합,학생부종합(Do Dream),70%컷(최종),2.27,2026,16,14.19
동국대,식품바이오융합공학과,종합,학생부종합(Do Dream),70%컷(최종),2.42,2026,13,29.62
동국대,약학과,종합,학생부종합(Do Dream),70%컷(최종),1.28,2026,12,20.64
동국대,에너지신소재공학과,종합,학생부종합(Do Dream),70%컷(최종),2.06,2026,18,21.33
동국대,융합환경과학과,종합,학생부종합(Do Dream),70%컷(최종),2.41,2026,20,28.63
동국대,의료인공지능공학과,종합,학생부종합(Do Dream),70%컷(최종),2.31,2026,11,19.82
동국대,의생명공학과,종합,학생부종합(Do Dream),70%컷(최종),2.14,2026,10,25.78
동국대,전자전기공학부,종합,학생부종합(Do Dream),70%컷(최종),2.5,2026,29,13.03
동국대,정보통신공학과,종합,학생부종합(Do Dream),70%컷(최종),2.65,2026,20,9.35
동국대,지능형네트워크융합학과,종합,학생부종합(Do Dream),70%컷(최종),2.48,2026,9,14.38
동국대,컴퓨터·AI학부,종합,학생부종합(Do Dream),70%컷(최종),1.75,2026,64,13.03
동국대,통계학과,종합,학생부종합(Do Dream),70%컷(최종),2.51,2026,9,16.44
동국대,화공생물공학과,종합,학생부종합(Do Dream),70%컷(최종),2.21,2026,14,21.86
동국대,화학과,종합,학생부종합(Do Dream),70%컷(최종),2.07,2026,9,23.78
동국대,연극학부,종합,학생부종합(Do Dream),70%컷(최종),2.5,2026,10,17.2
동국대,영화영상학과,종합,학생부종합(Do Dream),70%컷(최종),4.71,2026,11,42.27
동국대,문화유산학과,종합,학생부종합(불교추천인재-승려),70%컷(최종),3.29,2026,5,5
동국대,불교학부,종합,학생부종합(불교추천인재-승려),70%컷(최종),2.71,2026,20,8.05
동국대,[유형2] 경영대학,종합,학생부종합(불교추천인재-일반),70%컷(최종),2.62,2026,5,8.88
동국대,경제학과,종합,학생부종합(불교추천인재-일반),70%컷(최종),3.23,2026,3,5.5
동국대,경찰행정학부,종합,학생부종합(불교추천인재-일반),70%컷(최종),3.72,2026,2,8.5
동국대,광고홍보학과,종합,학생부종합(불교추천인재-일반),70%컷(최종),2.62,2026,2,7
동국대,국제통상학과,종합,학생부종합(불교추천인재-일반),70%컷(최종),3.16,2026,2,9
동국대,문화유산학과,종합,학생부종합(불교추천인재-일반),70%컷(최종),3.29,2026,2,0.4
동국대,미디어커뮤니케이션학전공,종합,학생부종합(불교추천인재-일반),70%컷(최종),2.57,2026,2,6.5
동국대,법학과,종합,학생부종합(불교추천인재-일반),70%컷(최종),2.76,2026,3,14.33
동국대,불교학부,종합,학생부종합(불교추천인재-일반),70%컷(최종),6.44,2026,20,0.85
동국대,사회복지학과,종합,학생부종합(불교추천인재-일반),70%컷(최종),4.14,2026,2,12.5
동국대,영어영문학부,종합,학생부종합(불교추천인재-일반),70%컷(최종),3.02,2026,3,11.67
동국대,정치외교학,종합,학생부종합(불교추천인재-일반),70%컷(최종),4.43,2026,2,7
동국대,중어중문학과,종합,학생부종합(불교추천인재-일반),70%컷(최종),4.61,2026,2,12.5
동국대,행정학전공,종합,학생부종합(불교추천인재-일반),70%컷(최종),2.66,2026,2,7
동국대,건설환경공학과,종합,학생부종합(불교추천인재-일반),70%컷(최종),2.9,2026,2,10
동국대,건축공학부,종합,학생부종합(불교추천인재-일반),70%컷(최종),4.06,2026,2,6
동국대,기계로봇에너지공학과,종합,학생부종합(불교추천인재-일반),70%컷(최종),2.85,2026,2,13
동국대,산업시스템공학과,종합,학생부종합(불교추천인재-일반),70%컷(최종),3.03,2026,2,9.5
동국대,시스템반도체학부,종합,학생부종합(불교추천인재-일반),70%컷(최종),2.88,2026,2,8
동국대,식품바이오융합공학과,종합,학생부종합(불교추천인재-일반),70%컷(최종),2.59,2026,2,17
동국대,융합환경과학과,종합,학생부종합(불교추천인재-일반),70%컷(최종),2.39,2026,2,18.5
동국대,전자전기공학부,종합,학생부종합(불교추천인재-일반),70%컷(최종),2.37,2026,4,9.75
동국대,정보통신공학과,종합,학생부종합(불교추천인재-일반),70%컷(최종),3.03,2026,2,6.5
동국대,컴퓨터·AI학부,종합,학생부종합(불교추천인재-일반),70%컷(최종),2.96,2026,3,10
동국대,통계학과,종합,학생부종합(불교추천인재-일반),70%컷(최종),2.93,2026,2,6.5
동국대,화공생물공학과,종합,학생부종합(불교추천인재-일반),70%컷(최종),2.21,2026,2,15.5
동국대(WISE),국사학과,교과,학생부교과(면접전형),80%컷(최종),6.19,2026,5,1.75
동국대(WISE),명상심리상담학과,교과,학생부교과(면접전형),70%컷(최종),4.9,2025,3,1.67
동국대(WISE),보건의료정보학과,교과,학생부교과(면접전형),80%컷(최종),6.43,2026,3,2.18
동국대(WISE),웹문예학과,교과,학생부교과(면접전형),80%컷(최종),4.86,2026,5,2.5
동국대(WISE),유아교육과,교과,학생부교과(면접전형),80%컷(최종),7.00,2026,6,1.5
동국대(WISE),일어일문학과,교과,학생부교과(면접전형),80%컷(최종),6.48,2026,3,2.5
동국대(WISE),조리외식경영학전공,교과,학생부교과(면접전형),80%컷(최종),6.18,2026,14,6.3
동국대(WISE),행정·경찰공공학부,교과,학생부교과(면접전형),80%컷(최종),5.81,2026,15,2.88
동국대(WISE),호텔관광경영학전공,교과,학생부교과(면접전형),80%컷(최종),7.04,2026,7,1.5
동국대(WISE),가정교육과,교과,학생부교과(면접전형),80%컷(최종),5.84,2026,5,1.86
동국대(WISE),소방방재전공,교과,학생부교과(면접전형),80%컷(최종),5.32,2026,3,2
동국대(WISE),수학교육과,교과,학생부교과(면접전형),80%컷(최종),6.23,2026,3,1.5
동국대(WISE),자동차소재부품공학과,교과,학생부교과(면접전형),70%컷(최종),6.75,2026,3,1
동국대(WISE),조경·정원디자인학과,교과,학생부교과(면접전형),80%컷(최종),5.92,2026,5,1.8
동국대(WISE),컴퓨터공학과,교과,학생부교과(면접전형),80%컷(최종),7.22,2026,6,1.46
동국대(WISE),뷰티아트산업학과,교과,학생부교과(면접전형),80%컷(최종),6.00,2026,10,3.2
동국대(WISE),경영학과,교과,학생부교과(불교추천인재전형),70%컷(최종),3.1,2024,1,1
동국대(WISE),불교문화콘텐츠전공,교과,학생부교과(불교추천인재전형),70%컷(최종),4.3,2025,5,1
동국대(WISE),불교학전공,교과,학생부교과(불교추천인재전형),70%컷(최종),4.7,2025,10,3.2
동국대(WISE),불교학전공,교과,학생부교과(불교추천인재전형),70%컷(최종),5.1,2024,5,0.4
동국대(WISE),유아교육과,교과,학생부교과(불교추천인재전형),70%컷(최종),4.2,2024,1,1
동국대(WISE),행정·경찰공공학부,교과,학생부교과(불교추천인재전형),70%컷(최종),3,2024,2,1.5
동국대(WISE),간호학과,교과,학생부교과(불교추천인재전형),80%컷(최종),3.61,2026,5,4.8
동국대(WISE),의예과,교과,학생부교과(불교추천인재전형),80%컷(최종),2.32,2026,1,12
동국대(WISE),한의예과,교과,학생부교과(불교추천인재전형),80%컷(최종),1.48,2026,3,16.67
동국대(WISE),글로컬인재학부,교과,학생부교과(불교추천인재전형),70%컷(최종),5.63,2026,10,2.2
동국대(WISE),경영학과,교과,학생부교과(학업성적우수자전형),70%컷(최종),5.35,2026,50,4.7
동국대(WISE),고고미술사학과,교과,학생부교과(학업성적우수자전형),70%컷(최종),5.07,2026,27,2.85
동국대(WISE),국사학과,교과,학생부교과(학업성적우수자전형),70%컷(최종),5.16,2026,22,5.45
동국대(WISE),명상심리상담학과,교과,학생부교과(학업성적우수자전형),70%컷(최종),6.49,2026,10,3
동국대(WISE),보건의료정보학과,교과,학생부교과(학업성적우수자전형),70%컷(최종),5.22,2026,21,7.42
동국대(WISE),불교문화콘텐츠전공,교과,학생부교과(학업성적우수자전형),70%컷(최종),5.98,2026,10,1.64
동국대(WISE),불교학전공,교과,학생부교과(학업성적우수자전형),70%컷(최종),4.6,2025,10,1.45
동국대(WISE),사회복지학과,교과,학생부교과(학업성적우수자전형),70%컷(최종),5.54,2026,40,4.8
동국대(WISE),아동청소년교육학과,교과,학생부교과(학업성적우수자전형),70%컷(최종),6.28,2026,20,2.4
동국대(WISE),영어영문학과,교과,학생부교과(학업성적우수자전형),70%컷(최종),5.9,2026,31,2.2
동국대(WISE),웹문예학과,교과,학생부교과(학업성적우수자전형),70%컷(최종),5.03,2026,22,4.75
동국대(WISE),유아교육과,교과,학생부교과(학업성적우수자전형),70%컷(최종),5.22,2026,19,6.06
동국대(WISE),일어일문학과,교과,학생부교과(학업성적우수자전형),70%컷(최종),5.2,2026,18,5.65
동국대(WISE),정보경영학과,교과,학생부교과(학업성적우수자전형),70%컷(최종),6.84,2026,29,2.04
동국대(WISE),조리외식경영학전공,교과,학생부교과(학업성적우수자전형),70%컷(최종),5.29,2026,24,8.42
동국대(WISE),중어중문학과,교과,학생부교과(학업성적우수자전형),70%컷(최종),6.6,2026,27,1.87
동국대(WISE),행정·경찰공공학부,교과,학생부교과(학업성적우수자전형),70%컷(최종),4.8,2026,62,6.2
동국대(WISE),호텔관광경영학전공,교과,학생부교과(학업성적우수자전형),70%컷(최종),5.76,2026,57,3.16
동국대(WISE),회계세무학과,교과,학생부교과(학업성적우수자전형),70%컷(최종),5.15,2026,30,2.52
동국대(WISE),가정교육과,교과,학생부교과(학업성적우수자전형),70%컷(최종),4.64,2026,14,6.56
동국대(WISE),간호학과,교과,학생부교과(학업성적우수자전형),80%컷(최종),3.80,2026,50,7.13
동국대(WISE),바이오·화학융합학부,교과,학생부교과(학업성적우수자전형),70%컷(최종),5.6,2026,32,2.36
동국대(WISE),소방방재전공,교과,학생부교과(학업성적우수자전형),70%컷(최종),5.21,2026,19,9.4
동국대(WISE),수학교육과,교과,학생부교과(학업성적우수자전형),70%컷(최종),5.07,2026,11,4.31
동국대(WISE),안전보건전공,교과,학생부교과(학업성적우수자전형),70%컷(최종),6.24,2026,22,3.82
동국대(WISE),원자력·에너지·전기공학과,교과,학생부교과(학업성적우수자전형),70%컷(최종),6.11,2026,50,3.48
동국대(WISE),의예과,교과,학생부교과(학업성적우수자전형),80%컷(최종),1.23,2026,3,17.17
동국대(WISE),자동차소재부품공학과,교과,학생부교과(학업성적우수자전형),70%컷(최종),5,2026,21,2.7
동국대(WISE),전자·정보통신공학과,교과,학생부교과(학업성적우수자전형),70%컷(최종),6,2026,26,2.65
동국대(WISE),조경·정원디자인학과,교과,학생부교과(학업성적우수자전형),70%컷(최종),5.96,2026,23,3.04
동국대(WISE),컴퓨터공학과,교과,학생부교과(학업성적우수자전형),70%컷(최종),5.58,2026,51,3.04
동국대(WISE),한의예과,교과,학생부교과(학업성적우수자전형),80%컷(최종),1.32,2026,16,15.12
동국대(WISE),글로컬인재학부,교과,학생부교과(학업성적우수자전형),70%컷(최종),6.17,2026,80,3.74
동국대(WISE),간호학과,종합,학생부종합(참사람전형),70%컷(최종),2.75,2026,14,14.07
동국대(WISE),의예과,종합,학생부종합(참사람전형),70%컷(최종),1.33,2026,3,21.67
동국대(WISE),한의예과,종합,학생부종합(참사람전형),70%컷(최종),1.56,2026,8,23
동국대(WISE),간호학과,교과,학생부교과(지역인재(경북-교과)전형),70%컷(최종),2.63,2026,10,8.69
동국대(WISE),의예과,교과,학생부교과(지역인재(경북-교과)전형),70%컷(최종),1.26,2026,6,19.38
동국대(WISE),간호학과,교과,학생부교과(지역인재(교과)전형),80%컷(최종),3.83,2026,25,7.88
동국대(WISE),의예과,교과,학생부교과(지역인재(교과)전형),80%컷(최종),1.33,2026,16,16.6
동국대(WISE),한의예과,교과,학생부교과(지역인재(교과)전형),80%컷(최종),1.23,2026,20,20.36
동국대(WISE),간호학과,종합,학생부종합(지역인재(경북-종합)전형),70%컷(최종),3,2026,7,10
동국대(WISE),의예과,종합,학생부종합(지역인재(경북-종합)전형),70%컷(최종),1.77,2026,5,14.5
동국대(WISE),간호학과,종합,학생부종합(지역인재(종합)전형),70%컷(최종),3.5,2026,13,10.1
동국대(WISE),의예과,종합,학생부종합(지역인재(종합)전형),70%컷(최종),1.7,2026,10,16.75
동국대(WISE),한의예과,종합,학생부종합(지역인재(종합)전형),70%컷(최종),1.77,2026,12,18.86
동덕여대,경영융합학부,논술,논술(논술우수자전형),,2025 통합 모집,2024,40,15.59
동덕여대,경영융합학부,교과,학생부교과(학생부교과우수자 특별전형),70%컷(최종),3.81,2026,25,3.25
동덕여대,국사학전공,교과,학생부교과(학생부교과우수자 특별전형),70%컷(최종),3.26,2026,5,3.43
동덕여대,국어국문학전공,교과,학생부교과(학생부교과우수자 특별전형),70%컷(최종),3.25,2026,6,2.88
동덕여대,글로벌MICE융합전공,교과,학생부교과(학생부교과우수자 특별전형),70%컷(최종),3.84,2026,8,4.8
동덕여대,문예창작전공,교과,학생부교과(학생부교과우수자 특별전형),70%컷(최종),3.72,2026,5,4.57
동덕여대,문헌정보학전공,교과,학생부교과(학생부교과우수자 특별전형),70%컷(최종),3.58,2026,6,3.86
동덕여대,문화예술경영전공,교과,학생부교과(학생부교과우수자 특별전형),70%컷(최종),4,2026,8,4.7
동덕여대,사회복지학전공,교과,학생부교과(학생부교과우수자 특별전형),70%컷(최종),3.73,2026,5,7.43
동덕여대,아동학전공,교과,학생부교과(학생부교과우수자 특별전형),70%컷(최종),3.84,2026,9,4
동덕여대,영어전공,교과,학생부교과(학생부교과우수자 특별전형),70%컷(최종),3.39,2026,9,5.46
동덕여대,유러피언스터디즈전공,교과,학생부교과(학생부교과우수자 특별전형),70%컷(최종),3.97,2026,9,3.82
동덕여대,일어일본학전공,교과,학생부교과(학생부교과우수자 특별전형),70%컷(최종),3.38,2026,8,3.56
동덕여대,중어중국학전공,교과,학생부교과(학생부교과우수자 특별전형),70%컷(최종),3.6,2026,11,3.67
동덕여대,커뮤니케이션콘텐츠전공,교과,학생부교과(학생부교과우수자 특별전형),70%컷(최종),2.95,2026,8,3.6
동덕여대,큐레이터학전공,교과,학생부교과(학생부교과우수자 특별전형),평균(최종),2.4,2025,3,2.33
동덕여대,HCI사이언스전공,교과,학생부교과(학생부교과우수자 특별전형),70%컷(최종),3.38,2026,8,4.18
동덕여대,데이터사이언스전공,교과,학생부교과(학생부교과우수자 특별전형),70%컷(최종),3.05,2026,5,4.38
동덕여대,보건관리학전공,교과,학생부교과(학생부교과우수자 특별전형),70%컷(최종),3.23,2026,6,4.63
동덕여대,식품영양학전공,교과,학생부교과(학생부교과우수자 특별전형),70%컷(최종),3.15,2026,7,3.44
동덕여대,약학과,교과,학생부교과(학생부교과우수자 특별전형),70%컷(최종),1.32,2026,12,6.58
동덕여대,응용화학전공,교과,학생부교과(학생부교과우수자 특별전형),70%컷(최종),3.44,2026,5,5
동덕여대,정보통계학전공,교과,학생부교과(학생부교과우수자 특별전형),70%컷(최종),3.77,2026,9,3.4
동덕여대,컴퓨터학전공,교과,학생부교과(학생부교과우수자 특별전형),70%컷(최종),3.84,2026,14,4
동덕여대,화장품학전공,교과,학생부교과(학생부교과우수자 특별전형),70%컷(최종),2.96,2026,5,3.57
동덕여대,경영융합학부,종합,학생부종합(동덕창의리더전형),70%컷(최종),4.13,2026,33,5.36
동덕여대,국사학전공,종합,학생부종합(동덕창의리더전형),70%컷(최종),4.08,2026,7,6.83
동덕여대,국어국문학전공,종합,학생부종합(동덕창의리더전형),70%컷(최종),3.78,2026,9,6.11
동덕여대,글로벌MICE융합전공,종합,학생부종합(동덕창의리더전형),70%컷(최종),3.65,2026,9,6.22
동덕여대,문예창작전공,종합,학생부종합(동덕창의리더전형),70%컷(최종),4.33,2026,7,12.33
동덕여대,문헌정보학전공,종합,학생부종합(동덕창의리더전형),70%컷(최종),3.77,2026,8,6.13
동덕여대,문화예술경영전공,종합,학생부종합(동덕창의리더전형),70%컷(최종),4.1,2026,9,6.78
동덕여대,사회복지학전공,종합,학생부종합(동덕창의리더전형),70%컷(최종),3.6,2026,7,12
동덕여대,아동학전공,종합,학생부종합(동덕창의리더전형),70%컷(최종),3.8,2026,10,6.2
동덕여대,앙트러프러너십전공,종합,학생부종합(동덕창의리더전형),70%컷(최종),4.07,2026,12,5.47
동덕여대,영어전공,종합,학생부종합(동덕창의리더전형),70%컷(최종),4.48,2026,16,6.25
동덕여대,유러피언스터디즈전공,종합,학생부종합(동덕창의리더전형),70%컷(최종),4.02,2026,12,6.2
동덕여대,일어일본학전공,종합,학생부종합(동덕창의리더전형),70%컷(최종),4.26,2026,11,7.6
동덕여대,중어중국학전공,종합,학생부종합(동덕창의리더전형),70%컷(최종),3.75,2026,12,5.45
동덕여대,커뮤니케이션콘텐츠전공,종합,학생부종합(동덕창의리더전형),70%컷(최종),3.38,2026,9,9.11
동덕여대,큐레이터학전공,종합,학생부종합(동덕창의리더전형),70%컷(최종),4.18,2026,4,8.75
동덕여대,HCI사이언스전공,종합,학생부종합(동덕창의리더전형),70%컷(최종),4.06,2026,9,4.78
동덕여대,데이터사이언스전공,종합,학생부종합(동덕창의리더전형),70%컷(최종),3.53,2026,6,4.8
동덕여대,보건관리학전공,종합,학생부종합(동덕창의리더전형),70%컷(최종),3.41,2026,8,8.57
동덕여대,식품영양학전공,종합,학생부종합(동덕창의리더전형),70%컷(최종),3.11,2026,9,9.25
동덕여대,약학과,종합,학생부종합(동덕창의리더전형),70%컷(최종),1.38,2026,8,11.63
동덕여대,응용화학전공,종합,학생부종합(동덕창의리더전형),70%컷(최종),3.23,2026,8,8.57
동덕여대,정보통계학전공,종합,학생부종합(동덕창의리더전형),70%컷(최종),3.78,2026,9,3.89
동덕여대,컴퓨터학전공,종합,학생부종합(동덕창의리더전형),70%컷(최종),4.16,2026,16,4.19
동덕여대,화장품학전공,종합,학생부종합(동덕창의리더전형),70%컷(최종),3.7,2026,7,9.33
동명대,경영학부,교과,학생부교과(면접전형),70%컷(최종),4.89,2026,10,4
동명대,군사학과,교과,학생부교과(면접전형),70%컷(최종),4.63,2026,5,6.8
동명대,문화콘텐츠학과,교과,학생부교과(면접전형),70%컷(최종),5.13,2025,2,3.5
동명대,미디어커뮤니케이션학과,교과,학생부교과(면접전형),70%컷(최종),5,2026,6,6.17
동명대,사회복지학과,교과,학생부교과(면접전형),70%컷(최종),4.89,2026,8,3.22
동명대,상담·임상심리학과,교과,학생부교과(면접전형),70%컷(최종),5.1,2026,6,3.33
동명대,유아교육과,교과,학생부교과(면접전형),70%컷(최종),4.73,2026,15,3.13
동명대,간호학과,교과,학생부교과(면접전형),70%컷(최종),3.25,2026,65,11.3
동명대,건축공학과,교과,학생부교과(면접전형),70%컷(최종),5.88,2025,3,1.33
동명대,건축학과,교과,학생부교과(면접전형),70%컷(최종),4.75,2026,6,2.83
동명대,냉동공조공학과,교과,학생부교과(면접전형),70%컷(최종),4.88,2026,5,3.2
동명대,미래자동차학과,교과,학생부교과(면접전형),70%컷(최종),4.63,2026,4,2.5
동명대,반려동물보건학과,교과,학생부교과(면접전형),70%컷(최종),3.88,2026,15,5.27
동명대,언어치료청각재활학과,교과,학생부교과(면접전형),70%컷(최종),5.38,2026,7,2.83
동명대,응급구조학과,교과,학생부교과(면접전형),70%컷(최종),3.75,2026,6,19.6
동명대,작업치료학과,교과,학생부교과(면접전형),70%컷(최종),4.63,2026,7,5.43
동명대,전기제어학과,교과,학생부교과(면접전형),70%컷(최종),5.25,2026,6,2.33
동명대,실내건축학과,교과,학생부교과(면접전형),70%컷(최종),4.88,2026,4,2.25
동명대,엔터테인먼트·뮤직학과,교과,학생부교과(면접전형),70%컷(최종),4.5,2026,4,3.67
동명대,경영학부,교과,학생부교과(일반고교과전형),70%컷(최종),5.5,2026,30,9.36
동명대,군사학과,교과,학생부교과(일반고교과전형),70%컷(최종),4.63,2026,12,8.33
동명대,문화콘텐츠학과,교과,학생부교과(일반고교과전형),70%컷(최종),5.63,2026,14,4.67
동명대,미디어커뮤니케이션학과,교과,학생부교과(일반고교과전형),70%컷(최종),4,2026,23,9.53
동명대,사회복지학과,교과,학생부교과(일반고교과전형),70%컷(최종),4.75,2026,16,14.54
동명대,상담·임상심리학과,교과,학생부교과(일반고교과전형),70%컷(최종),4.63,2026,20,5.53
동명대,유아교육과,교과,학생부교과(일반고교과전형),70%컷(최종),4.5,2026,10,10
동명대,간호학과,교과,학생부교과(일반고교과전형),70%컷(최종),2.5,2026,19,11.1
동명대,건축공학과,교과,학생부교과(일반고교과전형),70%컷(최종),5.25,2026,15,5.2
동명대,건축학과,교과,학생부교과(일반고교과전형),70%컷(최종),5.25,2026,14,5.43
동명대,냉동공조공학과,교과,학생부교과(일반고교과전형),70%컷(최종),4.75,2026,18,3.67
동명대,미래자동차학과,교과,학생부교과(일반고교과전형),70%컷(최종),4.85,2026,10,4.78
동명대,반려동물보건학과,교과,학생부교과(일반고교과전형),70%컷(최종),3.5,2026,26,8.36
동명대,언어치료청각재활학과,교과,학생부교과(일반고교과전형),70%컷(최종),4.23,2026,13,5.6
동명대,응급구조학과,교과,학생부교과(일반고교과전형),70%컷(최종),3.75,2026,20,14.53
동명대,작업치료학과,교과,학생부교과(일반고교과전형),70%컷(최종),3.88,2026,14,11.71
동명대,전기제어학과,교과,학생부교과(일반고교과전형),70%컷(최종),5.75,2026,8,7.25
동명대,항만물류시스템학과,교과,학생부교과(일반고교과전형),70%컷(최종),5.25,2026,16,4.91
동명대,게임학부,교과,학생부교과(일반고교과전형),70%컷(최종),4.99,2026,29,4.11
동명대,스포츠재활학과,교과,학생부교과(일반고교과전형),70%컷(최종),2.75,2026,3,16.67
동명대,실내건축학과,교과,학생부교과(일반고교과전형),70%컷(최종),5.23,2026,16,6.06
동명대,엔터테인먼트·뮤직학과,교과,학생부교과(일반고교과전형),70%컷(최종),5,2026,10,5.5
동명대,경영학부,종합,학생부종합(창의인재전형),70%컷(최종),6.25,2026,8,2
동명대,군사학과,종합,학생부종합(창의인재전형),70%컷(최종),4.5,2026,7,3.29
동명대,문화콘텐츠학과,종합,학생부종합(창의인재전형),70%컷(최종),5.75,2026,5,1.6
동명대,미디어커뮤니케이션학과,종합,학생부종합(창의인재전형),70%컷(최종),4.38,2026,4,5
동명대,사회복지학과,종합,학생부종합(창의인재전형),70%컷(최종),5.25,2026,4,5.5
동명대,상담·임상심리학과,종합,학생부종합(창의인재전형),70%컷(최종),6.63,2025,2,2.5
동명대,유아교육과,종합,학생부종합(창의인재전형),70%컷(최종),4.25,2026,5,3.2
동명대,건축공학과,종합,학생부종합(창의인재전형),70%컷(최종),4.25,2026,3,2
동명대,건축학과,종합,학생부종합(창의인재전형),70%컷(최종),4.63,2026,3,3
동명대,냉동공조공학과,종합,학생부종합(창의인재전형),70%컷(최종),3.75,2026,2,3.5
동명대,미래자동차학과,종합,학생부종합(창의인재전형),70%컷(최종),4.75,2026,5,2
동명대,반려동물보건학과,종합,학생부종합(창의인재전형),70%컷(최종),4.13,2026,8,5.25
동명대,언어치료청각재활학과,종합,학생부종합(창의인재전형),70%컷(최종),5.13,2025,5,2
동명대,응급구조학과,종합,학생부종합(창의인재전형),70%컷(최종),4.25,2026,6,8
동명대,작업치료학과,종합,학생부종합(창의인재전형),70%컷(최종),5.13,2026,4,5.5
동명대,전기제어학과,종합,학생부종합(창의인재전형),70%컷(최종),4.25,2026,2,2
동명대,항만물류시스템학과,종합,학생부종합(창의인재전형),70%컷(최종),4.25,2026,10,2
동명대,K-sports태권도학과,종합,학생부종합(창의인재전형),70%컷(최종),4.5,2026,5,4.67
동명대,스포츠재활학과,종합,학생부종합(창의인재전형),70%컷(최종),4.53,2026,7,5.75
동명대,실내건축학과,종합,학생부종합(창의인재전형),70%컷(최종),5.38,2026,2,2.5
동명대,엔터테인먼트·뮤직학과,종합,학생부종합(창의인재전형),70%컷(최종),5.75,2026,6,2.83
동서대,[광역] 경영학부,교과,학생부교과(고교생활우수자전형),70%컷(최종),4.1,2026,14,4.93
동서대,[광역] 국제통상물류학부,교과,학생부교과(고교생활우수자전형),70%컷(최종),4.9,2026,5,3.75
동서대,[광역] 글로벌관광대학,교과,학생부교과(고교생활우수자전형),70%컷(최종),6,2026,18,4.42
동서대,경찰학과,교과,학생부교과(고교생활우수자전형),70%컷(최종),2.2,2026,9,14.56
동서대,사회복지학과,교과,학생부교과(고교생활우수자전형),70%컷(최종),3.8,2026,8,11.25
동서대,캠퍼스아시아학과,교과,학생부교과(고교생활우수자전형),70%컷(최종),2.4,2026,3,5
동서대,[광역] 스마트모빌리티학부,교과,학생부교과(고교생활우수자전형),70%컷(최종),4.1,2026,7,3.86
동서대,[광역] 컴퓨터공학부,교과,학생부교과(고교생활우수자전형),70%컷(최종),4.1,2026,24,3.5
동서대,간호학과,교과,학생부교과(고교생활우수자전형),70%컷(최종),1.4,2026,13,46.08
동서대,건축공학과,교과,학생부교과(고교생활우수자전형),70%컷(최종),6.3,2026,3,3.33
동서대,방사선학과,교과,학생부교과(고교생활우수자전형),70%컷(최종),2.1,2026,7,25.38
동서대,보건행정학과,교과,학생부교과(고교생활우수자전형),70%컷(최종),3.6,2026,3,10
동서대,식품영양학과,교과,학생부교과(고교생활우수자전형),70%컷(최종),3.7,2026,3,8.25
동서대,임상병리학과,교과,학생부교과(고교생활우수자전형),70%컷(최종),2.2,2026,4,22.67
동서대,작업치료학과,교과,학생부교과(고교생활우수자전형),70%컷(최종),3,2026,6,16.29
동서대,치위생학과,교과,학생부교과(고교생활우수자전형),70%컷(최종),2.6,2026,7,31
동서대,[유형1] 자유전공학부,교과,학생부교과(고교생활우수자전형),70%컷(최종),4.2,2026,22,8.05
동서대,[광역] 경영학부,교과,학생부교과(일반계교과전형),70%컷(최종),4.7,2026,38,5.37
동서대,[광역] 국제통상물류학부,교과,학생부교과(일반계교과전형),70%컷(최종),4.7,2026,16,5.06
동서대,[광역] 글로벌관광대학,교과,학생부교과(일반계교과전형),70%컷(최종),5.3,2026,57,4.74
동서대,경찰학과,교과,학생부교과(일반계교과전형),70%컷(최종),3.6,2026,25,7.48
동서대,사회복지학과,교과,학생부교과(일반계교과전형),70%컷(최종),4.1,2026,19,9.63
동서대,상담심리학과,교과,학생부교과(일반계교과전형),70%컷(최종),3.9,2026,8,7
동서대,캠퍼스아시아학과,교과,학생부교과(일반계교과전형),70%컷(최종),2.7,2026,7,3.64
동서대,[광역] 스마트모빌리티학부,교과,학생부교과(일반계교과전형),70%컷(최종),5.9,2026,27,3.64
동서대,[광역] 컴퓨터공학부,교과,학생부교과(일반계교과전형),70%컷(최종),4.8,2026,47,3.64
동서대,간호학과,교과,학생부교과(일반계교과전형),70%컷(최종),2,2026,40,7.75
동서대,건축공학과,교과,학생부교과(일반계교과전형),70%컷(최종),4.8,2026,7,11
동서대,디지털금융학과,교과,학생부교과(일반계교과전형),70%컷(최종),4.4,2026,7,3.93
동서대,방사선학과,교과,학생부교과(일반계교과전형),70%컷(최종),2.4,2026,15,10.69
동서대,보건행정학과,교과,학생부교과(일반계교과전형),70%컷(최종),4,2026,11,9.77
동서대,식품영양학과,교과,학생부교과(일반계교과전형),70%컷(최종),4.7,2026,11,6.5
동서대,임상병리학과,교과,학생부교과(일반계교과전형),70%컷(최종),3,2026,16,11.85
동서대,작업치료학과,교과,학생부교과(일반계교과전형),70%컷(최종),3.7,2026,18,8.5
동서대,치위생학과,교과,학생부교과(일반계교과전형),70%컷(최종),3.2,2026,14,13.93
동서대,운동처방학과,교과,학생부교과(일반계교과전형),70%컷(최종),3.5,2026,4,7.6
동서대,체육학과,교과,학생부교과(일반계교과전형),70%컷(최종),3.8,2026,3,6.6
동서대,[유형1] 자유전공학부,교과,학생부교과(일반계교과전형),70%컷(최종),4.6,2026,33,9.12
동서대,[광역] 경영학부,교과,학생부교과(학생부면접전형),70%컷(최종),5.8,2026,19,1.85
동서대,[광역] 국제통상물류학부,교과,학생부교과(학생부면접전형),70%컷(최종),5.8,2026,6,2
동서대,[광역] 글로벌관광대학,교과,학생부교과(학생부면접전형),70%컷(최종),6.4,2026,18,3.88
동서대,경찰학과,교과,학생부교과(학생부면접전형),70%컷(최종),4.6,2026,10,4.53
동서대,사회복지학과,교과,학생부교과(학생부면접전형),70%컷(최종),5.3,2026,9,2.89
동서대,상담심리학과,교과,학생부교과(학생부면접전형),70%컷(최종),5.3,2026,6,2.5
동서대,캠퍼스아시아학과,교과,학생부교과(학생부면접전형),70%컷(최종),4.1,2026,3,4
동서대,[광역] 스마트모빌리티학부,교과,학생부교과(학생부면접전형),70%컷(최종),4.2,2026,5,2.2
동서대,[광역] 컴퓨터공학부,교과,학생부교과(학생부면접전형),70%컷(최종),4.4,2026,22,1.77
동서대,간호학과,교과,학생부교과(학생부면접전형),70%컷(최종),3.1,2026,21,21.57
동서대,건축공학과,교과,학생부교과(학생부면접전형),70%컷(최종),5.2,2026,4,2.5
동서대,방사선학과,교과,학생부교과(학생부면접전형),70%컷(최종),3.4,2026,7,13.44
동서대,보건행정학과,교과,학생부교과(학생부면접전형),70%컷(최종),5.1,2026,5,3.83
동서대,식품영양학과,교과,학생부교과(학생부면접전형),70%컷(최종),5.9,2026,3,4.25
동서대,임상병리학과,교과,학생부교과(학생부면접전형),70%컷(최종),3.6,2026,8,6.78
동서대,작업치료학과,교과,학생부교과(학생부면접전형),70%컷(최종),4.4,2026,5,4.11
동서대,치위생학과,교과,학생부교과(학생부면접전형),70%컷(최종),4.2,2026,7,10.78
동서대,운동처방학과,교과,학생부교과(학생부면접전형),70%컷(최종),4.9,2026,5,5.5
동서대,체육학과,교과,학생부교과(학생부면접전형),70%컷(최종),4,2026,3,4.67
동서대,[유형1] 자유전공학부,교과,학생부교과(학생부면접전형),70%컷(최종),5,2026,10,3.9
동서대,[광역] 경영학부,종합,학생부종합(학생부종합전형),70%컷(최종),6.93,2026,7,1.86
동서대,[광역] 국제통상물류학부,종합,학생부종합(학생부종합전형),최저(최종),4.10,2026,7,2.25
동서대,[광역] 글로벌관광대학,종합,학생부종합(학생부종합전형),70%컷(최종),7.38,2026,16,3
동서대,경찰학과,종합,학생부종합(학생부종합전형),70%컷(최종),6.13,2026,7,4.43
동서대,사회복지학과,종합,학생부종합(학생부종합전형),70%컷(최종),6.84,2026,7,4.4
동서대,상담심리학과,종합,학생부종합(학생부종합전형),80%컷(최종),4.72,2025,5,2
동서대,캠퍼스아시아학과,종합,학생부종합(학생부종합전형),70%컷(최종),7.44,2026,3,3
동서대,[광역] 스마트모빌리티학부,종합,학생부종합(학생부종합전형),70%컷(최종),7.44,2026,5,3
동서대,[광역] 컴퓨터공학부,종합,학생부종합(학생부종합전형),70%컷(최종),8.53,2026,15,1.73
동서대,간호학과,종합,학생부종합(학생부종합전형),70%컷(최종),5.66,2026,13,21.38
동서대,건축공학과,종합,학생부종합(학생부종합전형),70%컷(최종),6.97,2026,3,3.67
동서대,방사선학과,종합,학생부종합(학생부종합전형),70%컷(최종),5.24,2026,5,14
동서대,보건행정학과,종합,학생부종합(학생부종합전형),70%컷(최종),6.69,2026,7,3.25
동서대,식품영양학과,종합,학생부종합(학생부종합전형),80%컷(최종),6.54,2025,5,6
동서대,임상병리학과,종합,학생부종합(학생부종합전형),70%컷(최종),5.66,2026,6,9.25
동서대,작업치료학과,종합,학생부종합(학생부종합전형),70%컷(최종),5.58,2026,6,6
동서대,치위생학과,종합,학생부종합(학생부종합전형),70%컷(최종),5.32,2026,6,9.5
동서대,운동처방학과,종합,학생부종합(학생부종합전형),70%컷(최종),5.5,2026,5,4
동서대,체육학과,종합,학생부종합(학생부종합전형),70%컷(최종),7.71,2026,5,3
동서대,[유형1] 자유전공학부,종합,학생부종합(학생부종합전형),70%컷(최종),7.94,2026,6,5.83
동신대,건축학과,교과,학생부교과(면접전형),70%컷(최종),7.83,2026,9,1.8
동신대,국제한국어학과,교과,학생부교과(면접전형),70%컷(최종),5.8,2026,6,1.8
동신대,군사학과,교과,학생부교과(면접전형),70%컷(최종),7.72,2026,25,
동신대,방사선학과,교과,학생부교과(면접전형),70%컷(최종),6.1,2026,15,4.9
동신대,뷰티미용학과,교과,학생부교과(면접전형),70%컷(최종),7.35,2026,30,3
동신대,사회복지학과,교과,학생부교과(면접전형),70%컷(최종),6.22,2026,12,1.5
동신대,산림조경학과,교과,학생부교과(면접전형),70%컷(최종),5.48,2026,4,1.8
동신대,상담심리학과,교과,학생부교과(면접전형),70%컷(최종),5.97,2026,12,2
동신대,생활체육학과,교과,학생부교과(면접전형),70%컷(최종),7.71,2026,10,4
동신대,스포츠의학과,교과,학생부교과(면접전형),70%컷(최종),7.3,2026,12,1.9
동신대,식품영양학과,교과,학생부교과(면접전형),70%컷(최종),7.45,2026,9,
동신대,안경광학과,교과,학생부교과(면접전형),70%컷(최종),6.74,2026,8,1.6
동신대,언어치료학과,교과,학생부교과(면접전형),70%컷(최종),5.26,2026,7,1.8
동신대,작업치료학과,교과,학생부교과(면접전형),70%컷(최종),7.45,2026,8,1.5
동신대,전기공학과,교과,학생부교과(면접전형),70%컷(최종),7.02,2026,12,2
동신대,호텔관광경영학과,교과,학생부교과(면접전형),70%컷(최종),4.92,2026,10,1.5
동신대,간호학과,교과,학생부교과(일반전형),70%컷(최종),5.34,2026,120,7.6
동신대,건축학과,교과,학생부교과(일반전형),70%컷(최종),7.17,2026,18,2.7
동신대,경찰행정학과,교과,학생부교과(일반전형),70%컷(최종),7.03,2026,24,3.8
동신대,국제한국어학과,교과,학생부교과(일반전형),70%컷(최종),6.25,2026,14,1.6
동신대,군사학과,교과,학생부교과(일반전형),70%컷(최종),7.2,2026,4,11.5
동신대,도시계획학과,교과,학생부교과(일반전형),70%컷(최종),7.58,2026,16,1.1
동신대,물리치료학과,교과,학생부교과(일반전형),70%컷(최종),6.04,2026,60,6.8
동신대,미래에너지기술학부,교과,학생부교과(일반전형),70%컷(최종),6.45,2026,7,2.2
동신대,반려동물학과,교과,학생부교과(일반전형),70%컷(최종),6.35,2026,27,7.6
동신대,방사선학과,교과,학생부교과(일반전형),70%컷(최종),5.47,2026,45,8.8
동신대,보건행정학과,교과,학생부교과(일반전형),70%컷(최종),5.17,2026,25,3.6
동신대,뷰티미용학과,교과,학생부교과(일반전형),70%컷(최종),6.82,2026,6,14.6
동신대,사회복지학과,교과,학생부교과(일반전형),70%컷(최종),6.76,2026,13,5.1
동신대,산림조경학과,교과,학생부교과(일반전형),70%컷(최종),5.87,2026,12,1.9
동신대,상담심리학과,교과,학생부교과(일반전형),70%컷(최종),5.55,2026,22,3.1
동신대,생활체육학과,교과,학생부교과(일반전형),70%컷(최종),7.34,2026,16,3.8
동신대,소방안전학과,교과,학생부교과(일반전형),70%컷(최종),7.28,2026,24,5
동신대,스포츠의학과,교과,학생부교과(일반전형),70%컷(최종),6.54,2026,16,4.5
동신대,식품영양학과,교과,학생부교과(일반전형),70%컷(최종),7.09,2026,18,3.9
동신대,안경광학과,교과,학생부교과(일반전형),70%컷(최종),6.38,2026,12,2.3
동신대,언어치료학과,교과,학생부교과(일반전형),70%컷(최종),6.61,2026,18,2.8
동신대,유아교육학과,교과,학생부교과(일반전형),70%컷(최종),6.24,2026,30,2.1
동신대,응급구조학과,교과,학생부교과(일반전형),70%컷(최종),6.94,2026,30,7
동신대,자유전공학부,교과,학생부교과(일반전형),70%컷(최종),7.67,2026,51,1.3
동신대,작업치료학과,교과,학생부교과(일반전형),70%컷(최종),7.47,2026,17,4
동신대,전기공학과,교과,학생부교과(일반전형),70%컷(최종),6.54,2026,24,3.7
동신대,토목환경공학과,교과,학생부교과(일반전형),70%컷(최종),6.86,2026,27,1.9
동신대,한의예과,교과,학생부교과(일반전형),70%컷(최종),1.19,2026,8,27.6
동신대,호텔관광경영학과,교과,학생부교과(일반전형),70%컷(최종),4.59,2026,17,2.5
동신대,한의예과,교과,학생부교과(지역학생1전형),70%컷(최종),1.43,2026,16,9.8
동신대,간호학과,교과,학생부교과(지역학생2전형),70%컷(최종),5.68,2026,61,5.1
동신대,물리치료학과,교과,학생부교과(지역학생2전형),70%컷(최종),6.09,2026,30,5.5
동신대,한의예과,교과,학생부교과(지역학생2전형),70%컷(최종),1.48,2026,6,15.7
동아대,경영정보학과,교과,학생부교과(교과성적우수자전형),70%컷(최종),3.75,2026,25,6.82
동아대,경영학과,교과,학생부교과(교과성적우수자전형),70%컷(최종),3.25,2026,74,4.94
동아대,경제학과,교과,학생부교과(교과성적우수자전형),70%컷(최종),3.25,2026,20,5.3
동아대,경찰학과,교과,학생부교과(교과성적우수자전형),70%컷(최종),3.08,2026,20,7.75
동아대,관광경영학과,교과,학생부교과(교과성적우수자전형),70%컷(최종),3.67,2026,27,4.74
동아대,교육학과,교과,학생부교과(교과성적우수자전형),70%컷(최종),3.33,2026,11,10.36
동아대,국제무역학과,교과,학생부교과(교과성적우수자전형),70%컷(최종),3.5,2026,25,4.52
동아대,글로벌비즈니스학과,교과,학생부교과(교과성적우수자전형),70%컷(최종),3.58,2026,17,6.47
동아대,금융학과,교과,학생부교과(교과성적우수자전형),70%컷(최종),3.83,2026,18,7.39
동아대,미디어커뮤니케이션학과,교과,학생부교과(교과성적우수자전형),70%컷(최종),2.92,2026,15,6.81
동아대,사회복지학과,교과,학생부교과(교과성적우수자전형),70%컷(최종),3.42,2026,11,5.67
동아대,사회학전공,교과,학생부교과(교과성적우수자전형),70%컷(최종),3.58,2026,9,6.82
동아대,석당인재학부,교과,학생부교과(교과성적우수자전형),70%컷(최종),3.58,2026,18,3.41
동아대,아동학과,교과,학생부교과(교과성적우수자전형),70%컷(최종),3.83,2026,10,5.45
동아대,역사고고미술사학과,교과,학생부교과(교과성적우수자전형),70%컷(최종),3.92,2026,18,7.11
동아대,영미학과,교과,학생부교과(교과성적우수자전형),70%컷(최종),3.75,2026,22,5.14
동아대,일본학과,교과,학생부교과(교과성적우수자전형),70%컷(최종),3.58,2026,14,5.29
동아대,정치· 사회 학부,교과,학생부교과(교과성적우수자전형),70%컷(최종),3.42,2026,7,6.82
동아대,중국학과,교과,학생부교과(교과성적우수자전형),70%컷(최종),4.08,2026,18,7.05
동아대,철학윤리학과,교과,학생부교과(교과성적우수자전형),70%컷(최종),4.08,2026,11,9.21
동아대,한국어문학과,교과,학생부교과(교과성적우수자전형),70%컷(최종),3.58,2026,14,5.79
동아대,행정학과,교과,학생부교과(교과성적우수자전형),70%컷(최종),3.17,2026,18,5.11
동아대,AⅠ학과,교과,학생부교과(교과성적우수자전형),70%컷(최종),4.33,2026,18,3.96
동아대,간호학과 간호교육인증,교과,학생부교과(교과성적우수자전형),70%컷(최종),2.25,2026,63,6.24
동아대,건강관리학과,교과,학생부교과(교과성적우수자전형),70%컷(최종),3.75,2026,15,5.28
동아대,건설시스템공학과,교과,학생부교과(교과성적우수자전형),70%컷(최종),4.33,2026,21,8.05
동아대,건축공학과,교과,학생부교과(교과성적우수자전형),70%컷(최종),4,2026,14,6.29
동아대,건축학과,교과,학생부교과(교과성적우수자전형),70%컷(최종),3.33,2026,16,7.65
동아대,기계공학과,교과,학생부교과(교과성적우수자전형),70%컷(최종),3.75,2026,43,6.18
동아대,도시공학과,교과,학생부교과(교과성적우수자전형),70%컷(최종),4.08,2026,14,5.57
동아대,바이오메디컬학과,교과,학생부교과(교과성적우수자전형),70%컷(최종),3.42,2026,11,5.18
동아대,바이오소재공학과,교과,학생부교과(교과성적우수자전형),70%컷(최종),4,2026,10,8.64
동아대,반도체학과,교과,학생부교과(교과성적우수자전형),70%컷(최종),4.08,2026,14,15.29
동아대,산업경영공학과,교과,학생부교과(교과성적우수자전형),70%컷(최종),4.33,2026,16,7.45
동아대,스마트그린자원학과,교과,학생부교과(교과성적우수자전형),70%컷(최종),4.42,2026,10,15.5
동아대,식품생명공학과,교과,학생부교과(교과성적우수자전형),70%컷(최종),3.5,2026,15,6.53
동아대,식품영양학과,교과,학생부교과(교과성적우수자전형),70%컷(최종),3.58,2026,17,6.1
동아대,신소재공학과,교과,학생부교과(교과성적우수자전형),70%컷(최종),4.08,2026,20,6.17
동아대,융합생명공학과,교과,학생부교과(교과성적우수자전형),70%컷(최종),4.08,2026,12,5.92
동아대,의약생명공학과,교과,학생부교과(교과성적우수자전형),70%컷(최종),3.17,2026,13,5.33
동아대,작업치료학과,교과,학생부교과(교과성적우수자전형),70%컷(최종),3.58,2026,12,9.7
동아대,전기공학과,교과,학생부교과(교과성적우수자전형),70%컷(최종),3.5,2026,18,5.4
동아대,전자공학과,교과,학생부교과(교과성적우수자전형),70%컷(최종),3.67,2026,26,4.67
동아대,정보수학과,교과,학생부교과(교과성적우수자전형),70%컷(최종),4.67,2026,9,4.83
동아대,조경학과,교과,학생부교과(교과성적우수자전형),70%컷(최종),3.83,2026,12,4.42
동아대,조선해양공학과,교과,학생부교과(교과성적우수자전형),70%컷(최종),4,2026,13,10.6
동아대,컴퓨터공학과,교과,학생부교과(교과성적우수자전형),70%컷(최종),3.75,2026,22,6.79
동아대,패션디자인학과,교과,학생부교과(교과성적우수자전형),70%컷(최종),3.25,2026,14,7.14
동아대,화학공학과,교과,학생부교과(교과성적우수자전형),70%컷(최종),3.83,2026,21,3.81
동아대,화학과,교과,학생부교과(교과성적우수자전형),70%컷(최종),4.33,2026,13,6.69
동아대,[유형1] 자유전공학부,교과,학생부교과(교과성적우수자전형),70%컷(최종),3.33,2026,46,9.52
동아대,경영정보학과,종합,학생부종합(잠재능력우수자전형),70%컷(최종),4.72,2026,15,5.61
동아대,경영학과,종합,학생부종합(잠재능력우수자전형),70%컷(최종),4.35,2026,30,5.31
동아대,경제학과,종합,학생부종합(잠재능력우수자전형),70%컷(최종),4.56,2026,11,6.73
동아대,경찰학과,종합,학생부종합(잠재능력우수자전형),70%컷(최종),3.57,2026,9,9.73
동아대,관광경영학과,종합,학생부종합(잠재능력우수자전형),70%컷(최종),4.61,2026,15,5.22
동아대,교육학과,종합,학생부종합(잠재능력우수자전형),70%컷(최종),3.99,2026,6,6
동아대,국제무역학과,종합,학생부종합(잠재능력우수자전형),70%컷(최종),4.43,2026,15,4.67
동아대,글로벌비즈니스학과,종합,학생부종합(잠재능력우수자전형),70%컷(최종),4.78,2026,9,6.67
동아대,금융학과,종합,학생부종합(잠재능력우수자전형),70%컷(최종),5.02,2026,9,5.22
동아대,미디어커뮤니케이션학과,종합,학생부종합(잠재능력우수자전형),70%컷(최종),3.74,2026,10,14.17
동아대,사회복지학과,종합,학생부종합(잠재능력우수자전형),70%컷(최종),4.21,2026,8,7.63
동아대,사회학전공,종합,학생부종합(잠재능력우수자전형),70%컷(최종),4.58,2026,5,4.5
동아대,아동학과,종합,학생부종합(잠재능력우수자전형),70%컷(최종),4.73,2026,6,6.17
동아대,역사고고미술사학과,종합,학생부종합(잠재능력우수자전형),70%컷(최종),4.94,2026,11,6
동아대,영미학과,종합,학생부종합(잠재능력우수자전형),70%컷(최종),4.68,2026,10,5.4
동아대,일본학과,종합,학생부종합(잠재능력우수자전형),70%컷(최종),4.23,2026,7,8.56
동아대,정치· 사회 학부,종합,학생부종합(잠재능력우수자전형),70%컷(최종),4.42,2026,6,4.5
동아대,중국학과,종합,학생부종합(잠재능력우수자전형),70%컷(최종),5.76,2026,9,8.22
동아대,철학윤리학과,종합,학생부종합(잠재능력우수자전형),70%컷(최종),4.65,2026,6,7.14
동아대,한국어문학과,종합,학생부종합(잠재능력우수자전형),70%컷(최종),4.56,2026,9,6.11
동아대,행정학과,종합,학생부종합(잠재능력우수자전형),70%컷(최종),4.26,2026,9,5.89
동아대,AⅠ학과,종합,학생부종합(잠재능력우수자전형),70%컷(최종),4.49,2026,11,5.36
동아대,간호학과 간호교육인증,종합,학생부종합(잠재능력우수자전형),70%컷(최종),2.83,2026,5,27.8
동아대,건강관리학과,종합,학생부종합(잠재능력우수자전형),70%컷(최종),4.94,2026,8,5.22
동아대,건설시스템공학과,종합,학생부종합(잠재능력우수자전형),70%컷(최종),5.06,2026,11,5.09
동아대,건축공학과,종합,학생부종합(잠재능력우수자전형),70%컷(최종),4.6,2026,7,4.86
동아대,건축학과,종합,학생부종합(잠재능력우수자전형),70%컷(최종),3.97,2026,7,10.33
동아대,기계공학과,종합,학생부종합(잠재능력우수자전형),70%컷(최종),4.75,2026,23,5.57
동아대,도시공학과,종합,학생부종합(잠재능력우수자전형),70%컷(최종),5.1,2026,8,5.67
동아대,바이오메디컬학과,종합,학생부종합(잠재능력우수자전형),70%컷(최종),4.18,2026,7,6.57
동아대,바이오소재공학과,종합,학생부종합(잠재능력우수자전형),70%컷(최종),4.8,2026,9,4.44
동아대,반도체학과,종합,학생부종합(잠재능력우수자전형),70%컷(최종),4.91,2026,7,4.71
동아대,산업경영공학과,종합,학생부종합(잠재능력우수자전형),70%컷(최종),5.34,2026,10,8.82
동아대,스마트그린자원학과,종합,학생부종합(잠재능력우수자전형),70%컷(최종),5.4,2026,6,5
동아대,식품생명공학과,종합,학생부종합(잠재능력우수자전형),70%컷(최종),3.89,2026,8,8.63
동아대,식품영양학과,종합,학생부종합(잠재능력우수자전형),70%컷(최종),4.56,2026,10,4.73
동아대,신소재공학과,종합,학생부종합(잠재능력우수자전형),70%컷(최종),4.71,2026,11,4.63
동아대,융합생명공학과,종합,학생부종합(잠재능력우수자전형),70%컷(최종),4.26,2026,7,3.56
동아대,의약생명공학과,종합,학생부종합(잠재능력우수자전형),70%컷(최종),3.78,2026,9,6
동아대,작업치료학과,종합,학생부종합(잠재능력우수자전형),70%컷(최종),4.57,2026,5,6
동아대,전기공학과,종합,학생부종합(잠재능력우수자전형),70%컷(최종),4.61,2026,12,4.69
동아대,전자공학과,종합,학생부종합(잠재능력우수자전형),70%컷(최종),5.02,2026,14,4
동아대,정보수학과,종합,학생부종합(잠재능력우수자전형),70%컷(최종),4.98,2026,7,4.5
동아대,조경학과,종합,학생부종합(잠재능력우수자전형),70%컷(최종),4.73,2026,7,4.71
동아대,조선해양공학과,종합,학생부종합(잠재능력우수자전형),70%컷(최종),4.92,2026,6,6.25
동아대,컴퓨터공학과,종합,학생부종합(잠재능력우수자전형),70%컷(최종),4.18,2026,11,5
동아대,패션디자인학과,종합,학생부종합(잠재능력우수자전형),70%컷(최종),4.61,2026,9,7.89
동아대,화학공학과,종합,학생부종합(잠재능력우수자전형),70%컷(최종),4.82,2026,12,3.5
동아대,화학과,종합,학생부종합(잠재능력우수자전형),70%컷(최종),4.97,2026,7,4.86
동아대,산업디자인학과,종합,학생부종합(잠재능력우수자전형),70%컷(최종),3.94,2026,12,3.67
동아대,체육학과,종합,학생부종합(잠재능력우수자전형),70%컷(최종),3.98,2026,14,9.19
동아대,태권도학과,종합,학생부종합(잠재능력우수자전형),70%컷(최종),4.41,2026,6,7
동아대,경영정보학과,종합,학생부종합(학교생활우수자전형),70%컷(최종),4.7,2026,20,4.67
동아대,경영학과,종합,학생부종합(학교생활우수자전형),70%컷(최종),4,2026,40,5.28
동아대,경제학과,종합,학생부종합(학교생활우수자전형),70%컷(최종),4.46,2026,18,4.22
동아대,경찰학과,종합,학생부종합(학교생활우수자전형),70%컷(최종),3.76,2026,13,12.5
동아대,관광경영학과,종합,학생부종합(학교생활우수자전형),70%컷(최종),4.62,2026,20,5.38
동아대,교육학과,종합,학생부종합(학교생활우수자전형),70%컷(최종),3.89,2026,6,6.83
동아대,국제무역학과,종합,학생부종합(학교생활우수자전형),70%컷(최종),4.33,2026,20,5.96
동아대,글로벌비즈니스학과,종합,학생부종합(학교생활우수자전형),70%컷(최종),4.38,2026,14,6.07
동아대,금융학과,종합,학생부종합(학교생활우수자전형),70%컷(최종),4.34,2026,14,5.29
동아대,미디어커뮤니케이션학과,종합,학생부종합(학교생활우수자전형),70%컷(최종),3.39,2026,10,17.85
동아대,사회복지학과,종합,학생부종합(학교생활우수자전형),70%컷(최종),4.24,2026,15,6.06
동아대,사회학전공,종합,학생부종합(학교생활우수자전형),70%컷(최종),4.35,2026,5,4.83
동아대,석당인재학부,종합,학생부종합(학교생활우수자전형),70%컷(최종),3.28,2026,6,6.33
동아대,아동학과,종합,학생부종합(학교생활우수자전형),70%컷(최종),4.98,2026,9,4.44
동아대,역사고고미술사학과,종합,학생부종합(학교생활우수자전형),70%컷(최종),4.27,2026,12,5.5
동아대,영미학과,종합,학생부종합(학교생활우수자전형),70%컷(최종),4.63,2026,17,4
동아대,일본학과,종합,학생부종합(학교생활우수자전형),70%컷(최종),4.02,2026,8,14.09
동아대,정치· 사회 학부,종합,학생부종합(학교생활우수자전형),70%컷(최종),4.13,2026,7,4.83
동아대,중국학과,종합,학생부종합(학교생활우수자전형),70%컷(최종),5.22,2026,12,6.83
동아대,철학윤리학과,종합,학생부종합(학교생활우수자전형),70%컷(최종),4.89,2026,9,7.1
동아대,한국어문학과,종합,학생부종합(학교생활우수자전형),70%컷(최종),4.32,2026,14,6.07
동아대,행정학과,종합,학생부종합(학교생활우수자전형),70%컷(최종),4.18,2026,14,6.07
동아대,AⅠ학과,종합,학생부종합(학교생활우수자전형),70%컷(최종),4.43,2026,15,4.44
동아대,간호학과 간호교육인증,종합,학생부종합(학교생활우수자전형),70%컷(최종),2.72,2026,9,12.62
동아대,건강관리학과,종합,학생부종합(학교생활우수자전형),70%컷(최종),4.61,2026,13,6.5
동아대,건설시스템공학과,종합,학생부종합(학교생활우수자전형),70%컷(최종),5,2026,17,5.82
동아대,건축공학과,종합,학생부종합(학교생활우수자전형),70%컷(최종),4.6,2026,12,4.83
동아대,건축학과,종합,학생부종합(학교생활우수자전형),70%컷(최종),4.24,2026,9,9.08
동아대,기계공학과,종합,학생부종합(학교생활우수자전형),70%컷(최종),4.6,2026,27,4.9
동아대,도시공학과,종합,학생부종합(학교생활우수자전형),70%컷(최종),5.52,2026,9,4.56
동아대,바이오메디컬학과,종합,학생부종합(학교생활우수자전형),70%컷(최종),4.47,2026,10,5.5
동아대,바이오소재공학과,종합,학생부종합(학교생활우수자전형),70%컷(최종),4.72,2026,12,4.92
동아대,반도체학과,종합,학생부종합(학교생활우수자전형),70%컷(최종),4.91,2026,10,6.6
동아대,산업경영공학과,종합,학생부종합(학교생활우수자전형),70%컷(최종),5.47,2026,14,4.8
동아대,스마트그린자원학과,종합,학생부종합(학교생활우수자전형),70%컷(최종),4.95,2026,6,7.83
동아대,식품생명공학과,종합,학생부종합(학교생활우수자전형),70%컷(최종),4.35,2026,11,5
동아대,식품영양학과,종합,학생부종합(학교생활우수자전형),70%컷(최종),4.31,2026,14,5.33
동아대,신소재공학과,종합,학생부종합(학교생활우수자전형),70%컷(최종),4.84,2026,15,3.62
동아대,융합생명공학과,종합,학생부종합(학교생활우수자전형),70%컷(최종),4.83,2026,10,5.09
동아대,의약생명공학과,종합,학생부종합(학교생활우수자전형),70%컷(최종),4.04,2026,10,3.64
동아대,작업치료학과,종합,학생부종합(학교생활우수자전형),70%컷(최종),4.66,2026,7,5.8
동아대,전기공학과,종합,학생부종합(학교생활우수자전형),70%컷(최종),4.73,2026,14,4.35
동아대,전자공학과,종합,학생부종합(학교생활우수자전형),70%컷(최종),4.62,2026,18,3.76
동아대,정보수학과,종합,학생부종합(학교생활우수자전형),70%컷(최종),5.28,2026,9,4.9
동아대,조경학과,종합,학생부종합(학교생활우수자전형),70%컷(최종),4.72,2026,10,5.9
동아대,조선해양공학과,종합,학생부종합(학교생활우수자전형),70%컷(최종),4.82,2026,9,6.4
동아대,컴퓨터공학과,종합,학생부종합(학교생활우수자전형),70%컷(최종),4.14,2026,15,6
동아대,패션디자인학과,종합,학생부종합(학교생활우수자전형),70%컷(최종),4.13,2026,11,8.73
동아대,화학공학과,종합,학생부종합(학교생활우수자전형),70%컷(최종),4.71,2026,14,3.05
동아대,화학과,종합,학생부종합(학교생활우수자전형),70%컷(최종),4.97,2026,11,4.55
동아대,체육학과,종합,학생부종합(학교생활우수자전형),70%컷(최종),4.28,2026,13,10.22
동아대,경영정보학과,교과,학생부교과(지역인재교과전형),70%컷(최종),3.58,2026,17,4.44
동아대,경영학과,교과,학생부교과(지역인재교과전형),70%컷(최종),3,2026,65,4.21
동아대,경제학과,교과,학생부교과(지역인재교과전형),70%컷(최종),3.42,2026,18,4.5
동아대,경찰학과,교과,학생부교과(지역인재교과전형),70%컷(최종),2.75,2026,12,6.42
동아대,관광경영학과,교과,학생부교과(지역인재교과전형),70%컷(최종),3.5,2026,18,4.32
동아대,교육학과,교과,학생부교과(지역인재교과전형),70%컷(최종),2.83,2026,7,6.29
동아대,국제무역학과,교과,학생부교과(지역인재교과전형),70%컷(최종),3.08,2026,18,7.61
동아대,글로벌비즈니스학과,교과,학생부교과(지역인재교과전형),70%컷(최종),3.42,2026,10,6.4
동아대,금융학과,교과,학생부교과(지역인재교과전형),70%컷(최종),3.58,2026,10,6
동아대,미디어커뮤니케이션학과,교과,학생부교과(지역인재교과전형),70%컷(최종),2.25,2026,9,4.6
동아대,사회복지학과,교과,학생부교과(지역인재교과전형),70%컷(최종),3.08,2026,5,6
동아대,사회학전공,교과,학생부교과(지역인재교과전형),70%컷(최종),3.58,2026,6,4.17
동아대,아동학과,교과,학생부교과(지역인재교과전형),70%컷(최종),3.33,2026,8,5.63
동아대,역사고고미술사학과,교과,학생부교과(지역인재교과전형),70%컷(최종),3.25,2026,11,6
동아대,영미학과,교과,학생부교과(지역인재교과전형),70%컷(최종),3.42,2026,11,4.73
동아대,일본학과,교과,학생부교과(지역인재교과전형),70%컷(최종),3.17,2026,9,4.22
동아대,정치· 사회 학부,교과,학생부교과(지역인재교과전형),70%컷(최종),4.08,2026,6,4.17
동아대,중국학과,교과,학생부교과(지역인재교과전형),70%컷(최종),4,2026,12,9.38
동아대,철학윤리학과,교과,학생부교과(지역인재교과전형),70%컷(최종),3.58,2026,8,6.22
동아대,한국어문학과,교과,학생부교과(지역인재교과전형),70%컷(최종),3.42,2026,15,10
동아대,행정학과,교과,학생부교과(지역인재교과전형),70%컷(최종),3.08,2026,9,5.4
동아대,AⅠ학과,교과,학생부교과(지역인재교과전형),70%컷(최종),3.67,2026,13,8.21
동아대,건강관리학과,교과,학생부교과(지역인재교과전형),70%컷(최종),3.67,2026,10,4.55
동아대,건설시스템공학과,교과,학생부교과(지역인재교과전형),70%컷(최종),4.08,2026,12,8.31
동아대,건축공학과,교과,학생부교과(지역인재교과전형),70%컷(최종),4.42,2026,9,3.78
동아대,건축학과,교과,학생부교과(지역인재교과전형),70%컷(최종),3.42,2026,10,4.2
동아대,기계공학과,교과,학생부교과(지역인재교과전형),70%컷(최종),3.58,2026,34,4.98
동아대,도시공학과,교과,학생부교과(지역인재교과전형),70%컷(최종),3.5,2026,9,5.44
동아대,바이오메디컬학과,교과,학생부교과(지역인재교과전형),70%컷(최종),3.58,2026,10,5.82
동아대,바이오소재공학과,교과,학생부교과(지역인재교과전형),70%컷(최종),3.83,2026,11,7.18
동아대,반도체학과,교과,학생부교과(지역인재교과전형),70%컷(최종),3.92,2026,8,5
동아대,산업경영공학과,교과,학생부교과(지역인재교과전형),70%컷(최종),4.17,2026,11,5.84
동아대,스마트그린자원학과,교과,학생부교과(지역인재교과전형),70%컷(최종),4.17,2026,9,12.91
동아대,식품생명공학과,교과,학생부교과(지역인재교과전형),70%컷(최종),3.42,2026,9,7.1
동아대,식품영양학과,교과,학생부교과(지역인재교과전형),70%컷(최종),3.33,2026,15,6.81
동아대,신소재공학과,교과,학생부교과(지역인재교과전형),70%컷(최종),4.08,2026,15,6.25
동아대,융합생명공학과,교과,학생부교과(지역인재교과전형),70%컷(최종),3.75,2026,9,5.45
동아대,의약생명공학과,교과,학생부교과(지역인재교과전형),70%컷(최종),3.17,2026,12,4.86
동아대,의예과,교과,학생부교과(지역인재교과전형),70%컷(최종),1.12,2026,17,13.47
동아대,작업치료학과,교과,학생부교과(지역인재교과전형),70%컷(최종),3.17,2026,10,10.1
동아대,전기공학과,교과,학생부교과(지역인재교과전형),70%컷(최종),3.42,2026,14,9.21
동아대,전자공학과,교과,학생부교과(지역인재교과전형),70%컷(최종),3.67,2026,23,3.67
동아대,정보수학과,교과,학생부교과(지역인재교과전형),70%컷(최종),4.17,2026,9,7.09
동아대,조경학과,교과,학생부교과(지역인재교과전형),70%컷(최종),3.42,2026,6,7.71
동아대,조선해양공학과,교과,학생부교과(지역인재교과전형),70%컷(최종),3.92,2026,13,6.54
동아대,컴퓨터공학과,교과,학생부교과(지역인재교과전형),70%컷(최종),3.42,2026,14,4.71
동아대,패션디자인학과,교과,학생부교과(지역인재교과전형),70%컷(최종),2.75,2026,9,6.44
동아대,화학공학과,교과,학생부교과(지역인재교과전형),70%컷(최종),3.42,2026,17,3.53
동아대,화학과,교과,학생부교과(지역인재교과전형),70%컷(최종),4.17,2026,12,6.08
동아대,[유형1] 자유전공학부,교과,학생부교과(지역인재교과전형),70%컷(최종),3,2026,41,14.64
동아대,의예과,종합,학생부종합(지역인재종합전형),70%컷(최종),1.32,2026,10,27.1
동양대,게임학부,교과,학생부교과(면접전형),70%컷(최종),3.4,2026,20,4.9
동양대,e스포츠학과,교과,학생부교과(면접전형),70%컷(최종),3.9,2026,17,8.33
동양대,디자인학부,교과,학생부교과(면접전형),70%컷(최종),2.9,2026,6,5.2
동양대,생활체육학과,교과,학생부교과(면접전형),70%컷(최종),4.2,2026,17,5
동양대,영상미디어학과,교과,학생부교과(면접전형),70%컷(최종),3.4,2026,12,6.42
동양대,IT융합경영학과,교과,학생부교과(일반전형Ⅰ),70%컷(최종),3.5,2026,38,4.53
동양대,경찰범죄심리학과,교과,학생부교과(일반전형Ⅰ),70%컷(최종),2.7,2026,25,10.24
동양대,공공인재학부,교과,학생부교과(일반전형Ⅰ),70%컷(최종),3.6,2026,28,5.72
동양대,군사학과,교과,학생부교과(일반전형Ⅰ),70%컷(최종),3.8,2026,27,7.59
동양대,유아교육과,교과,학생부교과(일반전형Ⅰ),70%컷(최종),3.5,2026,19,9.14
동양대,AI빅데이터융합학과,교과,학생부교과(일반전형Ⅰ),70%컷(최종),4.1,2026,20,6.24
동양대,간호학과,교과,학생부교과(일반전형Ⅰ),70%컷(최종),3,2026,101,7.33
동양대,게임학부,교과,학생부교과(일반전형Ⅰ),70%컷(최종),3,2026,20,5.95
동양대,기계시스템공학과,교과,학생부교과(일반전형Ⅰ),70%컷(최종),4.8,2026,18,0.78
동양대,디지털트윈소프트웨어학과,교과,학생부교과(일반전형Ⅰ),70%컷(최종),4.3,2026,20,4.65
동양대,스마트건축공학과,교과,학생부교과(일반전형Ⅰ),70%컷(최종),5.1,2026,22,0.86
동양대,철도건설안전공학과,교과,학생부교과(일반전형Ⅰ),70%컷(최종),4.9,2026,22,0.91
동양대,철도관제학과,교과,학생부교과(일반전형Ⅰ),70%컷(최종),4.2,2026,17,1.56
동양대,철도시스템공학과,교과,학생부교과(일반전형Ⅰ),70%컷(최종),2.7,2026,26,5
동양대,철도운전제어학과,교과,학생부교과(일반전형Ⅰ),70%컷(최종),2.9,2026,33,9.67
동양대,철도전기신호학과,교과,학생부교과(일반전형Ⅰ),70%컷(최종),5.1,2026,19,1.64
동양대,철도차량학과,교과,학생부교과(일반전형Ⅰ),70%컷(최종),4.6,2026,20,1.22
동양대,e스포츠학과,교과,학생부교과(일반전형Ⅰ),70%컷(최종),3.2,2026,6,13.43
동양대,[유형1] 창의자율전공학부,교과,학생부교과(일반전형Ⅰ),70%컷(최종),5,2026,56,1.1
동양대,[유형2] 철도자율전공학부,교과,학생부교과(일반전형Ⅱ),70%컷(최종),4.3,2026,34,2.23
동양대,AI빅데이터융합학과,교과,학생부교과(일반전형Ⅱ),70%컷(최종),4.1,2026,20,4.45
동양대,간호학과,교과,학생부교과(지역인재전형),70%컷(최종),4.3,2026,4,2.77
동양대,철도관제학과,교과,학생부교과(지역인재전형),평균(최종),3.1,2025,2,1
동양대,철도운전제어학과,교과,학생부교과(지역인재전형),평균(최종),3.4,2025,3,2.67
동의대,[유형1] 자유전공,교과,학생부교과(일반고교과전형),70%컷(최종),3.91,2026,34,6.97
동의대,경영정보학과,교과,학생부교과(일반고교과전형),70%컷(최종),5.08,2026,25,3.88
동의대,경영학과,교과,학생부교과(일반고교과전형),70%컷(최종),4,2026,57,7.19
동의대,경찰행정학과,교과,학생부교과(일반고교과전형),70%컷(최종),3.16,2026,40,7.03
동의대,광고홍보학과,교과,학생부교과(일반고교과전형),70%컷(최종),4.08,2026,37,5.92
동의대,국어국문학과,교과,학생부교과(일반고교과전형),70%컷(최종),4.66,2026,34,3.88
동의대,국제관광경영학과,교과,학생부교과(일반고교과전형),70%컷(최종),4.91,2026,40,4.16
동의대,금융경영학과,교과,학생부교과(일반고교과전형),70%컷(최종),4.91,2026,30,6.7
동의대,디지털콘텐츠학과,교과,학생부교과(일반고교과전형),70%컷(최종),4.33,2026,33,4.03
동의대,무역학과,교과,학생부교과(일반고교과전형),70%컷(최종),5,2026,36,3.56
동의대,문헌정보학과,교과,학생부교과(일반고교과전형),70%컷(최종),4.16,2026,33,4.79
동의대,미디어커뮤니케이션학과,교과,학생부교과(일반고교과전형),70%컷(최종),3.58,2026,46,5.13
동의대,법학과,교과,학생부교과(일반고교과전형),70%컷(최종),4.16,2026,26,4.08
동의대,사회복지학과,교과,학생부교과(일반고교과전형),70%컷(최종),4.08,2026,38,7.3
동의대,소방방재행정학과,교과,학생부교과(일반고교과전형),70%컷(최종),3.5,2026,30,4.9
동의대,스마트항만물류학과,교과,학생부교과(일반고교과전형),70%컷(최종),4.66,2026,17,3.65
동의대,심리학과,교과,학생부교과(일반고교과전형),70%컷(최종),4.08,2026,26,5.7
동의대,아동학과,교과,학생부교과(일반고교과전형),70%컷(최종),5.41,2026,25,4.44
동의대,영어영문학과,교과,학생부교과(일반고교과전형),70%컷(최종),5.33,2026,28,4.32
동의대,외식경영학과,교과,학생부교과(일반고교과전형),70%컷(최종),4.91,2026,25,4.08
동의대,유아교육과,교과,학생부교과(일반고교과전형),70%컷(최종),3.91,2026,8,5.75
동의대,유통물류학과,교과,학생부교과(일반고교과전형),70%컷(최종),5.33,2026,30,3.6
동의대,일본학과,교과,학생부교과(일반고교과전형),70%컷(최종),4.5,2026,38,5.92
동의대,재무부동산학과,교과,학생부교과(일반고교과전형),70%컷(최종),5.5,2026,27,4.61
동의대,중어중국학과,교과,학생부교과(일반고교과전형),70%컷(최종),5.33,2026,18,5.21
동의대,창업투자경영학과,교과,학생부교과(일반고교과전형),70%컷(최종),4.91,2026,18,2.82
동의대,평생교육상담학과,교과,학생부교과(일반고교과전형),70%컷(최종),5.5,2026,26,2.15
동의대,행정학과,교과,학생부교과(일반고교과전형),70%컷(최종),4.25,2026,28,5.96
동의대,호텔·컨벤션경영학과,교과,학생부교과(일반고교과전형),70%컷(최종),4,2026,35,4.63
동의대,회계학과,교과,학생부교과(일반고교과전형),70%컷(최종),5.08,2026,34,2.88
동의대,[유형2] 소프트웨어융합대학,교과,학생부교과(일반고교과전형),70%컷(최종),5.5,2026,173,2.05
동의대,간호학과,교과,학생부교과(일반고교과전형),70%컷(최종),2.33,2026,57,6.77
동의대,건축공학과,교과,학생부교과(일반고교과전형),70%컷(최종),5.16,2026,45,3.6
동의대,건축학과(5년제),교과,학생부교과(일반고교과전형),70%컷(최종),4.25,2026,30,5
동의대,기계공학과,교과,학생부교과(일반고교과전형),70%컷(최종),4.5,2026,67,4.82
동의대,도시공학과,교과,학생부교과(일반고교과전형),70%컷(최종),5.33,2026,16,2.94
동의대,로봇공학과,교과,학생부교과(일반고교과전형),70%컷(최종),5.66,2026,18,3.79
동의대,물리치료학과,교과,학생부교과(일반고교과전형),70%컷(최종),2.75,2026,23,8.09
동의대,바이오의약학과,교과,학생부교과(일반고교과전형),70%컷(최종),4.66,2026,30,3.57
동의대,방사선학과,교과,학생부교과(일반고교과전형),70%컷(최종),2.83,2026,14,12.13
동의대,산업경영빅데이터공학과,교과,학생부교과(일반고교과전형),70%컷(최종),5.58,2026,26,2.96
동의대,식품공학과,교과,학생부교과(일반고교과전형),70%컷(최종),4.5,2026,30,3.6
동의대,식품영양학과,교과,학생부교과(일반고교과전형),70%컷(최종),4.33,2026,27,6.52
동의대,신소재공학과,교과,학생부교과(일반고교과전형),70%컷(최종),5,2026,26,3.3
동의대,응급구조학과,교과,학생부교과(일반고교과전형),70%컷(최종),3.58,2026,18,12.56
동의대,의료경영학과,교과,학생부교과(일반고교과전형),70%컷(최종),4.25,2026,33,4.52
동의대,의생명공학과,교과,학생부교과(일반고교과전형),70%컷(최종),4.75,2026,30,3.73
동의대,임상병리학과,교과,학생부교과(일반고교과전형),70%컷(최종),3.25,2026,27,6.13
동의대,자동차공학과,교과,학생부교과(일반고교과전형),70%컷(최종),4.75,2026,20,4.85
동의대,전기공학과,교과,학생부교과(일반고교과전형),70%컷(최종),4.41,2026,55,5.25
동의대,전자공학과,교과,학생부교과(일반고교과전형),70%컷(최종),4.83,2026,39,3.21
동의대,조선해양공학과,교과,학생부교과(일반고교과전형),70%컷(최종),4.83,2026,20,3.35
동의대,첨단에너지공학과,교과,학생부교과(일반고교과전형),70%컷(최종),6.83,2026,18,2.22
동의대,치위생학과,교과,학생부교과(일반고교과전형),70%컷(최종),3.41,2026,19,7
동의대,토목공학과,교과,학생부교과(일반고교과전형),70%컷(최종),5.25,2026,30,3.27
동의대,한의예과,교과,학생부교과(일반고교과전형),70%컷(최종),1.12,2026,9,20.44
동의대,화장품공학과,교과,학생부교과(일반고교과전형),70%컷(최종),4.66,2026,19,7.25
동의대,화학공학과,교과,학생부교과(일반고교과전형),70%컷(최종),4.83,2026,33,2.26
동의대,환경공학과,교과,학생부교과(일반고교과전형),70%컷(최종),5,2026,18,2.7
동의대,K-뷰티학과,교과,학생부교과(일반고교과전형),70%컷(최종),3.75,2026,13,9.31
동의대,영화학과,교과,학생부교과(일반고교과전형),70%컷(최종),4.25,2026,22,3.59
동의대,패션디자인학과,교과,학생부교과(일반고교과전형),70%컷(최종),4.16,2026,22,6.18
동의대,경영정보학과,종합,학생부종합(학교생활우수자(면접)전형),70%컷(최종),5.66,2026,4,3
동의대,경영학과,종합,학생부종합(학교생활우수자(면접)전형),70%컷(최종),7,2026,12,3.92
동의대,경찰행정학과,종합,학생부종합(학교생활우수자(면접)전형),70%컷(최종),4.76,2026,12,11.57
동의대,광고홍보학과,종합,학생부종합(학교생활우수자(면접)전형),70%컷(최종),6.33,2026,6,6.67
동의대,국어국문학과,종합,학생부종합(학교생활우수자(면접)전형),70%컷(최종),6.15,2026,4,2.25
동의대,국제관광경영학과,종합,학생부종합(학교생활우수자(면접)전형),70%컷(최종),7.14,2026,4,2.25
동의대,금융경영학과,종합,학생부종합(학교생활우수자(면접)전형),70%컷(최종),6.3,2026,5,2.8
동의대,디지털콘텐츠학과,종합,학생부종합(학교생활우수자(면접)전형),70%컷(최종),6.29,2026,6,4.33
동의대,무역학과,종합,학생부종합(학교생활우수자(면접)전형),70%컷(최종),6.36,2026,5,2.4
동의대,문헌정보학과,종합,학생부종합(학교생활우수자(면접)전형),70%컷(최종),6.82,2026,6,3.17
동의대,미디어커뮤니케이션학과,종합,학생부종합(학교생활우수자(면접)전형),70%컷(최종),6.54,2026,8,9
동의대,법학과,종합,학생부종합(학교생활우수자(면접)전형),70%컷(최종),6.33,2026,5,4.8
동의대,사회복지학과,종합,학생부종합(학교생활우수자(면접)전형),70%컷(최종),6.5,2026,11,5.67
동의대,소방방재행정학과,종합,학생부종합(학교생활우수자(면접)전형),70%컷(최종),5.87,2026,7,6.29
동의대,스마트항만물류학과,종합,학생부종합(학교생활우수자(면접)전형),70%컷(최종),6.47,2026,3,2
동의대,심리학과,종합,학생부종합(학교생활우수자(면접)전형),70%컷(최종),5.95,2026,5,8.75
동의대,아동학과,종합,학생부종합(학교생활우수자(면접)전형),70%컷(최종),7.04,2026,4,4.5
동의대,영어영문학과,종합,학생부종합(학교생활우수자(면접)전형),70%컷(최종),7.04,2026,4,3.5
동의대,외식경영학과,종합,학생부종합(학교생활우수자(면접)전형),70%컷(최종),4.9,2026,7,3.29
동의대,유아교육과,종합,학생부종합(학교생활우수자(면접)전형),70%컷(최종),5.76,2026,5,8.8
동의대,유통물류학과,종합,학생부종합(학교생활우수자(면접)전형),70%컷(최종),7.04,2026,5,2.4
동의대,일본학과,종합,학생부종합(학교생활우수자(면접)전형),70%컷(최종),6.52,2026,6,5.33
동의대,재무부동산학과,종합,학생부종합(학교생활우수자(면접)전형),70%컷(최종),7.45,2026,4,2.25
동의대,중어중국학과,종합,학생부종합(학교생활우수자(면접)전형),70%컷(최종),7.73,2026,4,2.25
동의대,창업투자경영학과,종합,학생부종합(학교생활우수자(면접)전형),70%컷(최종),7.12,2026,4,2.75
동의대,평생교육상담학과,종합,학생부종합(학교생활우수자(면접)전형),70%컷(최종),6.7,2026,5,2.4
동의대,행정학과,종합,학생부종합(학교생활우수자(면접)전형),70%컷(최종),5.75,2026,5,3.4
동의대,호텔·컨벤션경영학과,종합,학생부종합(학교생활우수자(면접)전형),70%컷(최종),7,2026,9,2.78
동의대,회계학과,종합,학생부종합(학교생활우수자(면접)전형),70%컷(최종),6.36,2026,4,2.6
동의대,[유형2] 소프트웨어융합대학,종합,학생부종합(학교생활우수자(면접)전형),70%컷(최종),7.78,2026,40,1.55
동의대,간호학과,종합,학생부종합(학교생활우수자(면접)전형),70%컷(최종),4.34,2026,15,23.8
동의대,건축공학과,종합,학생부종합(학교생활우수자(면접)전형),70%컷(최종),7.27,2026,7,1.75
동의대,건축학과(5년제),종합,학생부종합(학교생활우수자(면접)전형),70%컷(최종),6,2026,7,6
동의대,기계공학과,종합,학생부종합(학교생활우수자(면접)전형),70%컷(최종),6.52,2026,7,3.73
동의대,도시공학과,종합,학생부종합(학교생활우수자(면접)전형),70%컷(최종),7.09,2026,3,2
동의대,로봇공학과,종합,학생부종합(학교생활우수자(면접)전형),70%컷(최종),6.60,2026,2,1.5
동의대,물리치료학과,종합,학생부종합(학교생활우수자(면접)전형),70%컷(최종),4.3,2026,6,20.71
동의대,바이오의약학과,종합,학생부종합(학교생활우수자(면접)전형),70%컷(최종),6.23,2026,4,2.25
동의대,방사선학과,종합,학생부종합(학교생활우수자(면접)전형),70%컷(최종),5.76,2026,8,11.88
동의대,산업경영빅데이터공학과,종합,학생부종합(학교생활우수자(면접)전형),70%컷(최종),6.43,2026,5,2
동의대,식품공학과,종합,학생부종합(학교생활우수자(면접)전형),70%컷(최종),7,2026,4,2.5
동의대,식품영양학과,종합,학생부종합(학교생활우수자(면접)전형),70%컷(최종),6.61,2026,5,4.71
동의대,신소재공학과,종합,학생부종합(학교생활우수자(면접)전형),70%컷(최종),7,2026,4,2.8
동의대,응급구조학과,종합,학생부종합(학교생활우수자(면접)전형),70%컷(최종),6.85,2026,4,10.5
동의대,의료경영학과,종합,학생부종합(학교생활우수자(면접)전형),70%컷(최종),6.63,2026,6,4.67
동의대,의생명공학과,종합,학생부종합(학교생활우수자(면접)전형),70%컷(최종),6.91,2026,4,2.25
동의대,임상병리학과,종합,학생부종합(학교생활우수자(면접)전형),70%컷(최종),5.21,2026,11,10.22
동의대,자동차공학과,종합,학생부종합(학교생활우수자(면접)전형),70%컷(최종),7.29,2026,5,2.2
동의대,전기공학과,종합,학생부종합(학교생활우수자(면접)전형),70%컷(최종),6.36,2026,9,2.67
동의대,전자공학과,종합,학생부종합(학교생활우수자(면접)전형),70%컷(최종),4.61,2026,6,1.83
동의대,조선해양공학과,종합,학생부종합(학교생활우수자(면접)전형),70%컷(최종),6.28,2026,6,2.4
동의대,첨단에너지공학과,종합,학생부종합(학교생활우수자(면접)전형),70%컷(최종),8.31,2026,4,2.75
동의대,치위생학과,종합,학생부종합(학교생활우수자(면접)전형),70%컷(최종),5.86,2026,11,8.67
동의대,토목공학과,종합,학생부종합(학교생활우수자(면접)전형),70%컷(최종),7,2026,6,2.17
동의대,한의예과,종합,학생부종합(학교생활우수자(면접)전형),70%컷(최종),1.51,2026,9,36.56
동의대,화장품공학과,종합,학생부종합(학교생활우수자(면접)전형),70%컷(최종),7.55,2026,3,4.67
동의대,화학공학과,종합,학생부종합(학교생활우수자(면접)전형),70%컷(최종),6.09,2026,4,3.5
동의대,환경공학과,종합,학생부종합(학교생활우수자(면접)전형),평균(최종),6.09,2026,4,3
동의대,K-뷰티학과,종합,학생부종합(학교생활우수자(면접)전형),70%컷(최종),6.33,2026,5,9.8
동의대,레저스포츠학과,종합,학생부종합(학교생활우수자(면접)전형),70%컷(최종),6.59,2026,11,5.18
동의대,영화학과,종합,학생부종합(학교생활우수자(면접)전형),70%컷(최종),6.85,2026,3,2.33
동의대,체육학과,종합,학생부종합(학교생활우수자(면접)전형),70%컷(최종),6.29,2026,13,7.8
동의대,패션디자인학과,종합,학생부종합(학교생활우수자(면접)전형),70%컷(최종),6.39,2026,7,5
동의대,한의예과,교과,학생부교과(지역인재교과전형),70%컷(최종),1.2,2026,17,10.82
동의대,경영정보학과,종합,학생부종합(지역인재종합전형),70%컷(최종),5.95,2026,6,2.33
동의대,경영학과,종합,학생부종합(지역인재종합전형),70%컷(최종),6.31,2026,10,6.57
동의대,경찰행정학과,종합,학생부종합(지역인재종합전형),70%컷(최종),4.88,2026,16,14.43
동의대,광고홍보학과,종합,학생부종합(지역인재종합전형),70%컷(최종),5.82,2026,7,8.71
동의대,국어국문학과,종합,학생부종합(지역인재종합전형),70%컷(최종),6.81,2026,8,2.63
동의대,국제관광경영학과,종합,학생부종합(지역인재종합전형),70%컷(최종),7.09,2026,9,4
동의대,금융경영학과,종합,학생부종합(지역인재종합전형),70%컷(최종),6.81,2026,8,3.75
동의대,디지털콘텐츠학과,종합,학생부종합(지역인재종합전형),70%컷(최종),7.95,2026,6,3
동의대,무역학과,종합,학생부종합(지역인재종합전형),70%컷(최종),7.34,2026,8,3.63
동의대,문헌정보학과,종합,학생부종합(지역인재종합전형),70%컷(최종),6.6,2026,6,3.83
동의대,미디어커뮤니케이션학과,종합,학생부종합(지역인재종합전형),70%컷(최종),5.68,2026,8,10.5
동의대,법학과,종합,학생부종합(지역인재종합전형),70%컷(최종),6.32,2026,5,5.4
동의대,사회복지학과,종합,학생부종합(지역인재종합전형),70%컷(최종),6.13,2026,9,8.89
동의대,소방방재행정학과,종합,학생부종합(지역인재종합전형),70%컷(최종),5,2026,7,10.29
동의대,스마트항만물류학과,종합,학생부종합(지역인재종합전형),70%컷(최종),6.95,2026,4,2.25
동의대,심리학과,종합,학생부종합(지역인재종합전형),70%컷(최종),6,2026,5,8.25
동의대,아동학과,종합,학생부종합(지역인재종합전형),70%컷(최종),7.75,2026,7,2.29
동의대,영어영문학과,종합,학생부종합(지역인재종합전형),70%컷(최종),7.32,2026,8,2.75
동의대,외식경영학과,종합,학생부종합(지역인재종합전형),70%컷(최종),3.35,2026,7,3.86
동의대,유아교육과,종합,학생부종합(지역인재종합전형),70%컷(최종),5.2,2026,5,9.2
동의대,유통물류학과,종합,학생부종합(지역인재종합전형),70%컷(최종),7.16,2026,8,3.13
동의대,일본학과,종합,학생부종합(지역인재종합전형),70%컷(최종),6.56,2026,8,6
동의대,재무부동산학과,종합,학생부종합(지역인재종합전형),70%컷(최종),6.12,2026,7,1.71
동의대,중어중국학과,종합,학생부종합(지역인재종합전형),70%컷(최종),7.55,2026,8,1.88
동의대,창업투자경영학과,종합,학생부종합(지역인재종합전형),70%컷(최종),7.28,2026,4,2.4
동의대,평생교육상담학과,종합,학생부종합(지역인재종합전형),70%컷(최종),6.39,2026,5,2
동의대,행정학과,종합,학생부종합(지역인재종합전형),70%컷(최종),5.84,2026,6,4.83
동의대,호텔·컨벤션경영학과,종합,학생부종합(지역인재종합전형),70%컷(최종),6.31,2026,9,5.11
동의대,회계학과,종합,학생부종합(지역인재종합전형),70%컷(최종),5.92,2026,9,3.33
동의대,[유형2] 소프트웨어융합대학,종합,학생부종합(지역인재종합전형),70%컷(최종),7.3,2026,45,1.69
동의대,간호학과,종합,학생부종합(지역인재종합전형),70%컷(최종),4.09,2026,15,20.6
동의대,건축공학과,종합,학생부종합(지역인재종합전형),70%컷(최종),7.03,2026,8,3.63
동의대,건축학과(5년제),종합,학생부종합(지역인재종합전형),70%컷(최종),5.38,2026,4,9.25
동의대,기계공학과,종합,학생부종합(지역인재종합전형),70%컷(최종),6.66,2026,14,4.62
동의대,도시공학과,종합,학생부종합(지역인재종합전형),70%컷(최종),5.95,2026,3,2.25
동의대,로봇공학과,종합,학생부종합(지역인재종합전형),70%컷(최종),7.09,2026,3,2.25
동의대,물리치료학과,종합,학생부종합(지역인재종합전형),70%컷(최종),4.62,2026,8,31.14
동의대,바이오의약학과,종합,학생부종합(지역인재종합전형),70%컷(최종),6.43,2026,6,4
동의대,방사선학과,종합,학생부종합(지역인재종합전형),70%컷(최종),4.38,2026,5,12.25
동의대,산업경영빅데이터공학과,종합,학생부종합(지역인재종합전형),70%컷(최종),7.56,2026,5,2
동의대,식품공학과,종합,학생부종합(지역인재종합전형),70%컷(최종),7.39,2026,6,3
동의대,식품영양학과,종합,학생부종합(지역인재종합전형),70%컷(최종),5.6,2026,7,4.86
동의대,신소재공학과,종합,학생부종합(지역인재종합전형),70%컷(최종),6.63,2026,4,3
동의대,응급구조학과,종합,학생부종합(지역인재종합전형),70%컷(최종),5.1,2026,4,9
동의대,의료경영학과,종합,학생부종합(지역인재종합전형),70%컷(최종),6.35,2026,6,4.17
동의대,의생명공학과,종합,학생부종합(지역인재종합전형),70%컷(최종),6.23,2026,6,2.83
동의대,임상병리학과,종합,학생부종합(지역인재종합전형),70%컷(최종),5,2026,11,10.33
동의대,자동차공학과,종합,학생부종합(지역인재종합전형),70%컷(최종),6.07,2026,5,4.6
동의대,전기공학과,종합,학생부종합(지역인재종합전형),70%컷(최종),6.8,2026,9,3.22
동의대,전자공학과,종합,학생부종합(지역인재종합전형),70%컷(최종),6.27,2026,8,3.63
동의대,조선해양공학과,종합,학생부종합(지역인재종합전형),70%컷(최종),7.09,2026,4,3.75
동의대,첨단에너지공학과,종합,학생부종합(지역인재종합전형),70%컷(최종),8.6,2026,4,2.5
동의대,치위생학과,종합,학생부종합(지역인재종합전형),70%컷(최종),6.21,2026,11,7.64
동의대,토목공학과,종합,학생부종합(지역인재종합전형),70%컷(최종),7.38,2026,8,2.13
동의대,화장품공학과,종합,학생부종합(지역인재종합전형),70%컷(최종),6.69,2026,3,4.33
동의대,화학공학과,종합,학생부종합(지역인재종합전형),70%컷(최종),7,2026,3,3.33
동의대,환경공학과,종합,학생부종합(지역인재종합전형),70%컷(최종),6.86,2026,6,2.5
동의대,K-뷰티학과,종합,학생부종합(지역인재종합전형),70%컷(최종),5.84,2026,5,6.4
동의대,영화학과,종합,학생부종합(지역인재종합전형),70%컷(최종),5.83,2026,3,2
동의대,패션디자인학과,종합,학생부종합(지역인재종합전형),70%컷(최종),6.52,2026,5,5.2
루터대,[유형1] 휴먼케어디자인학부,교과,학생부교과(일반전형),70%컷(최종),6,2026,10,3.8
루터대,[유형1] 휴먼케어디자인학부,교과,학생부교과(지역균형전형),70%컷(최종),5,2026,10,
루터대,[유형1] 휴먼케어디자인학부,종합,학생부종합(섬김인재전형),70%컷(최종),6.67,2026,12,
명지대,공간디자인학과,교과,학생부교과(교과면접전형),70%컷(최종),3.1,2026,5,11.6
명지대,건설환경공학전공,교과,학생부교과(교과면접전형),70%컷(최종),3.5,2026,5,6.6
명지대,건축학전공,교과,학생부교과(교과면접전형),70%컷(최종),2.56,2026,5,10.6
명지대,기계시스템공학부,교과,학생부교과(교과면접전형),70%컷(최종),2.66,2026,9,8.78
명지대,반도체공학부,교과,학생부교과(교과면접전형),70%컷(최종),2.87,2026,5,8.4
명지대,산업경영공학과,교과,학생부교과(교과면접전형),70%컷(최종),2.77,2026,5,6.6
명지대,스마트모빌리티공학전공,교과,학생부교과(교과면접전형),70%컷(최종),2.8,2026,5,6.6
명지대,시스템생명과학전공,교과,학생부교과(교과면접전형),70%컷(최종),2.84,2026,5,7.6
명지대,식품영양학전공,교과,학생부교과(교과면접전형),70%컷(최종),2.72,2026,5,9.8
명지대,신소재공학전공,교과,학생부교과(교과면접전형),70%컷(최종),2.83,2026,5,5.4
명지대,융합에너지학전공,교과,학생부교과(교과면접전형),70%컷(최종),3,2026,5,6
명지대,전통건축학전공,교과,학생부교과(교과면접전형),70%컷(최종),2.79,2026,5,9.6
명지대,화학공학전공,교과,학생부교과(교과면접전형),70%컷(최종),2.94,2026,5,6.2
명지대,화학나노학전공,교과,학생부교과(교과면접전형),70%컷(최종),2.73,2026,5,5.6
명지대,환경시스템공학전공,교과,학생부교과(교과면접전형),70%컷(최종),2.84,2026,5,6.6
명지대,공간디자인학과,교과,학생부교과(학교장추천전형),70%컷(최종),2.74,2026,2,10.5
명지대,[유형1] 자율전공학부(자연),교과,학생부교과(학교장추천전형),70%컷(최종),2.68,2026,22,6
명지대,건설환경공학전공,교과,학생부교과(학교장추천전형),70%컷(최종),2.41,2026,5,9.8
명지대,건축학전공,교과,학생부교과(학교장추천전형),70%컷(최종),3.22,2026,4,4.5
명지대,기계시스템공학부,교과,학생부교과(학교장추천전형),70%컷(최종),2.68,2026,8,4.25
명지대,반도체공학부,교과,학생부교과(학교장추천전형),70%컷(최종),2.44,2026,6,12.67
명지대,산업경영공학과,교과,학생부교과(학교장추천전형),70%컷(최종),2.67,2026,6,4.5
명지대,스마트모빌리티공학전공,교과,학생부교과(학교장추천전형),70%컷(최종),2.66,2026,4,3.75
명지대,시스템생명과학전공,교과,학생부교과(학교장추천전형),70%컷(최종),2.21,2026,6,7.33
명지대,식품영양학전공,교과,학생부교과(학교장추천전형),70%컷(최종),2.47,2026,4,5
명지대,신소재공학전공,교과,학생부교과(학교장추천전형),70%컷(최종),3.07,2026,6,3.33
명지대,융합에너지학전공,교과,학생부교과(학교장추천전형),70%컷(최종),2.42,2026,2,4.5
명지대,전통건축학전공,교과,학생부교과(학교장추천전형),70%컷(최종),2.55,2026,2,4
명지대,화학공학전공,교과,학생부교과(학교장추천전형),70%컷(최종),2.26,2026,6,3.33
명지대,화학나노학전공,교과,학생부교과(학교장추천전형),70%컷(최종),2.68,2026,2,5
명지대,환경시스템공학전공,교과,학생부교과(학교장추천전형),70%컷(최종),3.11,2026,6,4
명지대,공간디자인학과,종합,학생부종합(명지인재면접전형),70%컷(최종),3.95,2026,6,18.17
명지대,건설환경공학전공,종합,학생부종합(명지인재면접전형),70%컷(최종),3.78,2026,14,20.21
명지대,건축학전공,종합,학생부종합(명지인재면접전형),70%컷(최종),3.51,2026,6,23.33
명지대,기계시스템공학부,종합,학생부종합(명지인재면접전형),70%컷(최종),3.63,2026,14,18.29
명지대,반도체공학부,종합,학생부종합(명지인재면접전형),70%컷(최종),3.35,2026,6,11.17
명지대,산업경영공학과,종합,학생부종합(명지인재면접전형),70%컷(최종),3.92,2026,14,8.71
명지대,스마트모빌리티공학전공,종합,학생부종합(명지인재면접전형),70%컷(최종),4.42,2026,6,19.33
명지대,시스템생명과학전공,종합,학생부종합(명지인재면접전형),70%컷(최종),3.76,2026,6,32.67
명지대,식품영양학전공,종합,학생부종합(명지인재면접전형),70%컷(최종),3.48,2026,6,30.33
명지대,신소재공학전공,종합,학생부종합(명지인재면접전형),70%컷(최종),3.45,2026,6,18.67
명지대,융합에너지학전공,종합,학생부종합(명지인재면접전형),70%컷(최종),3.69,2026,6,20.17
명지대,전통건축학전공,종합,학생부종합(명지인재면접전형),70%컷(최종),3.78,2026,6,13.67
명지대,화학공학전공,종합,학생부종합(명지인재면접전형),70%컷(최종),3.14,2026,6,19
명지대,화학나노학전공,종합,학생부종합(명지인재면접전형),70%컷(최종),3.41,2026,6,25.33
명지대,환경시스템공학전공,종합,학생부종합(명지인재면접전형),70%컷(최종),3.29,2026,14,20.71
명지대,공간디자인학과,종합,학생부종합(명지인재서류전형),70%컷(최종),3.32,2026,2,22
명지대,[유형1] 자율전공학부(자연),종합,학생부종합(명지인재서류전형),70%컷(최종),3.06,2026,19,13.91
명지대,건설환경공학전공,종합,학생부종합(명지인재서류전형),70%컷(최종),3.36,2026,6,15.33
명지대,건축학전공,종합,학생부종합(명지인재서류전형),70%컷(최종),3.49,2026,11,15.55
명지대,기계시스템공학부,종합,학생부종합(명지인재서류전형),70%컷(최종),3.33,2026,9,8.56
명지대,반도체공학부,종합,학생부종합(명지인재서류전형),70%컷(최종),3.75,2026,5,7.67
명지대,산업경영공학과,종합,학생부종합(명지인재서류전형),70%컷(최종),3.46,2026,7,7
명지대,스마트모빌리티공학전공,종합,학생부종합(명지인재서류전형),70%컷(최종),3.76,2026,5,13.8
명지대,시스템생명과학전공,종합,학생부종합(명지인재서류전형),70%컷(최종),2.85,2026,8,18.25
명지대,식품영양학전공,종합,학생부종합(명지인재서류전형),70%컷(최종),3.61,2026,3,10.67
명지대,신소재공학전공,종합,학생부종합(명지인재서류전형),70%컷(최종),3.08,2026,7,10.57
명지대,융합에너지학전공,종합,학생부종합(명지인재서류전형),70%컷(최종),3.75,2026,2,10.5
명지대,전통건축학전공,종합,학생부종합(명지인재서류전형),70%컷(최종),4.1,2026,2,12
명지대,화학공학전공,종합,학생부종합(명지인재서류전형),70%컷(최종),3.22,2026,8,8.13
명지대,화학나노학전공,종합,학생부종합(명지인재서류전형),70%컷(최종),3.06,2026,3,7.33
명지대,환경시스템공학전공,종합,학생부종합(명지인재서류전형),70%컷(최종),3.34,2026,8,11.75
명지대,[유형1] 자율전공학부(자연),종합,학생부종합(크리스천리더전형),70%컷(최종),4,2026,5,6.6
명지대(서울),AI경영정보학과,교과,학생부교과(교과면접전형),70%컷(최종),2.84,2026,5,11.2
명지대(서울),경영학부,교과,학생부교과(교과면접전형),70%컷(최종),2.76,2026,18,10.67
명지대(서울),경제학전공,교과,학생부교과(교과면접전형),70%컷(최종),2.91,2026,5,10.8
명지대(서울),국어국문학전공,교과,학생부교과(교과면접전형),70%컷(최종),2.71,2026,5,13.4
명지대(서울),국제통상학전공,교과,학생부교과(교과면접전형),70%컷(최종),2.97,2026,5,22.8
명지대(서울),디지털미디어학부,교과,학생부교과(교과면접전형),70%컷(최종),2.78,2026,5,16.8
명지대(서울),문헌정보학전공,교과,학생부교과(교과면접전형),70%컷(최종),2.72,2026,5,14.6
명지대(서울),미술사·역사학전공,교과,학생부교과(교과면접전형),70%컷(최종),2.97,2026,5,14.4
명지대(서울),법학과,교과,학생부교과(교과면접전형),70%컷(최종),2.84,2026,9,16.11
명지대(서울),아랍지역학전공,교과,학생부교과(교과면접전형),70%컷(최종),3.03,2026,5,15.2
명지대(서울),영어영문학전공,교과,학생부교과(교과면접전형),70%컷(최종),2.77,2026,9,16.89
명지대(서울),응용통계학전공,교과,학생부교과(교과면접전형),70%컷(최종),2.78,2026,5,12.6
명지대(서울),일어일문학전공,교과,학생부교과(교과면접전형),70%컷(최종),2.97,2026,5,17.4
명지대(서울),정치외교학전공,교과,학생부교과(교과면접전형),70%컷(최종),2.77,2026,9,11.44
명지대(서울),중어중문학전공,교과,학생부교과(교과면접전형),70%컷(최종),3,2026,5,20.6
명지대(서울),청소년지도·아동학부,교과,학생부교과(교과면접전형),70%컷(최종),3,2026,5,13
명지대(서울),청소년지도·아동학부,교과,학생부교과(교과면접전형),70%컷(최종),3.04,2026,5,40.2
명지대(서울),행정학전공,교과,학생부교과(교과면접전형),70%컷(최종),2.81,2026,9,11.22
명지대(서울),데이터사이언스전공,교과,학생부교과(교과면접전형),70%컷(최종),2.52,2026,5,12
명지대(서울),응용소프트웨어전공,교과,학생부교과(교과면접전형),70%컷(최종),2.97,2026,5,13.4
명지대(서울),인공지능전공,교과,학생부교과(교과면접전형),70%컷(최종),2.69,2026,5,21.6
명지대(서울),[유형1] 자율전공학부(인문),교과,학생부교과(학교장추천전형),70%컷(최종),2.42,2026,65,6.82
명지대(서울),AI경영정보학과,교과,학생부교과(학교장추천전형),70%컷(최종),2.28,2026,5,6
명지대(서울),경영학부,교과,학생부교과(학교장추천전형),70%컷(최종),2.37,2026,18,4.5
명지대(서울),경제학전공,교과,학생부교과(학교장추천전형),70%컷(최종),2.5,2026,6,5
명지대(서울),국어국문학전공,교과,학생부교과(학교장추천전형),70%컷(최종),2.4,2026,4,4
명지대(서울),국제통상학전공,교과,학생부교과(학교장추천전형),70%컷(최종),2.4,2026,4,6
명지대(서울),디지털미디어학부,교과,학생부교과(학교장추천전형),70%컷(최종),2.07,2026,5,6.4
명지대(서울),문헌정보학전공,교과,학생부교과(학교장추천전형),70%컷(최종),3.23,2026,3,4.67
명지대(서울),미술사·역사학전공,교과,학생부교과(학교장추천전형),70%컷(최종),2.52,2026,5,5.6
명지대(서울),법학과,교과,학생부교과(학교장추천전형),70%컷(최종),2.33,2026,6,5.5
명지대(서울),아랍지역학전공,교과,학생부교과(학교장추천전형),70%컷(최종),2.63,2026,4,6
명지대(서울),영어영문학전공,교과,학생부교과(학교장추천전형),70%컷(최종),2.44,2026,6,10.5
명지대(서울),응용통계학전공,교과,학생부교과(학교장추천전형),70%컷(최종),2.77,2026,3,6
명지대(서울),일어일문학전공,교과,학생부교과(학교장추천전형),70%컷(최종),2.43,2026,4,7
명지대(서울),정치외교학전공,교과,학생부교과(학교장추천전형),70%컷(최종),2.53,2026,6,5.67
명지대(서울),중어중문학전공,교과,학생부교과(학교장추천전형),70%컷(최종),2.43,2026,5,8.2
명지대(서울),청소년지도·아동학부,교과,학생부교과(학교장추천전형),70%컷(최종),2.57,2026,4,8
명지대(서울),청소년지도·아동학부,교과,학생부교과(학교장추천전형),70%컷(최종),2.77,2026,3,5.67
명지대(서울),행정학전공,교과,학생부교과(학교장추천전형),70%컷(최종),3.11,2026,6,5.33
명지대(서울),데이터사이언스전공,교과,학생부교과(학교장추천전형),70%컷(최종),3.24,2026,3,4.33
명지대(서울),디지털콘텐츠디자인학과,교과,학생부교과(학교장추천전형),70%컷(최종),2.42,2026,5,9.4
명지대(서울),응용소프트웨어전공,교과,학생부교과(학교장추천전형),70%컷(최종),2.81,2026,3,4
명지대(서울),인공지능전공,교과,학생부교과(학교장추천전형),70%컷(최종),3.03,2026,3,5
명지대(서울),AI경영정보학과,종합,학생부종합(명지인재면접전형),70%컷(최종),3.83,2026,6,16.83
명지대(서울),경영학부,종합,학생부종합(명지인재면접전형),70%컷(최종),3.53,2026,28,22.36
명지대(서울),경제학전공,종합,학생부종합(명지인재면접전형),70%컷(최종),3.36,2026,6,16.83
명지대(서울),국어국문학전공,종합,학생부종합(명지인재면접전형),70%컷(최종),3.6,2026,6,16.17
명지대(서울),국제통상학전공,종합,학생부종합(명지인재면접전형),70%컷(최종),3.38,2026,6,16.33
명지대(서울),디지털미디어학부,종합,학생부종합(명지인재면접전형),70%컷(최종),3.35,2026,6,38.33
명지대(서울),문예창작학과,종합,학생부종합(명지인재면접전형),70%컷(최종),4.3,2026,12,31.08
명지대(서울),문헌정보학전공,종합,학생부종합(명지인재면접전형),70%컷(최종),3.48,2026,6,19
명지대(서울),미술사·역사학전공,종합,학생부종합(명지인재면접전형),70%컷(최종),3.38,2026,6,20.67
명지대(서울),법학과,종합,학생부종합(명지인재면접전형),70%컷(최종),4,2026,14,20.64
명지대(서울),아랍지역학전공,종합,학생부종합(명지인재면접전형),70%컷(최종),5.8,2026,6,14.5
명지대(서울),영어영문학전공,종합,학생부종합(명지인재면접전형),70%컷(최종),3.91,2026,14,24.64
명지대(서울),응용통계학전공,종합,학생부종합(명지인재면접전형),70%컷(최종),3.46,2026,6,11.67
명지대(서울),일어일문학전공,종합,학생부종합(명지인재면접전형),70%컷(최종),5.14,2026,6,38.5
명지대(서울),정치외교학전공,종합,학생부종합(명지인재면접전형),70%컷(최종),4.37,2026,14,33.64
명지대(서울),중어중문학전공,종합,학생부종합(명지인재면접전형),70%컷(최종),5.33,2026,6,32.5
명지대(서울),청소년지도·아동학부,종합,학생부종합(명지인재면접전형),70%컷(최종),3.81,2026,6,17.67
명지대(서울),청소년지도·아동학부,종합,학생부종합(명지인재면접전형),70%컷(최종),4.28,2026,6,31.67
명지대(서울),행정학전공,종합,학생부종합(명지인재면접전형),70%컷(최종),3.53,2026,14,23.57
명지대(서울),데이터사이언스전공,종합,학생부종합(명지인재면접전형),70%컷(최종),3.56,2026,6,15.67
명지대(서울),디지털콘텐츠디자인학과,종합,학생부종합(명지인재면접전형),70%컷(최종),3.95,2026,6,33.83
명지대(서울),응용소프트웨어전공,종합,학생부종합(명지인재면접전형),70%컷(최종),3.68,2026,6,16.33
명지대(서울),인공지능전공,종합,학생부종합(명지인재면접전형),70%컷(최종),3.44,2026,6,16.67
명지대(서울),[유형1] 자율전공학부(인문),종합,학생부종합(명지인재서류전형),70%컷(최종),3.11,2026,52,19.42
명지대(서울),AI경영정보학과,종합,학생부종합(명지인재서류전형),70%컷(최종),3.58,2026,6,13.5
명지대(서울),경영학부,종합,학생부종합(명지인재서류전형),70%컷(최종),3.21,2026,32,9
명지대(서울),경제학전공,종합,학생부종합(명지인재서류전형),70%컷(최종),3.02,2026,11,8.55
명지대(서울),국어국문학전공,종합,학생부종합(명지인재서류전형),70%컷(최종),3.59,2026,3,12
명지대(서울),국제통상학전공,종합,학생부종합(명지인재서류전형),70%컷(최종),3.28,2026,4,11
명지대(서울),디지털미디어학부,종합,학생부종합(명지인재서류전형),70%컷(최종),3.22,2026,6,15.17
명지대(서울),문헌정보학전공,종합,학생부종합(명지인재서류전형),70%컷(최종),3.17,2026,3,18
명지대(서울),미술사·역사학전공,종합,학생부종합(명지인재서류전형),70%컷(최종),3.77,2026,5,12.4
명지대(서울),법학과,종합,학생부종합(명지인재서류전형),70%컷(최종),3.26,2026,10,13.5
명지대(서울),아랍지역학전공,종합,학생부종합(명지인재서류전형),70%컷(최종),3.73,2026,3,10
명지대(서울),영어영문학전공,종합,학생부종합(명지인재서류전형),70%컷(최종),4.26,2026,10,11.7
명지대(서울),응용통계학전공,종합,학생부종합(명지인재서류전형),70%컷(최종),3.02,2026,3,10.67
명지대(서울),일어일문학전공,종합,학생부종합(명지인재서류전형),70%컷(최종),3.37,2026,5,40.6
명지대(서울),정치외교학전공,종합,학생부종합(명지인재서류전형),70%컷(최종),3.18,2026,10,16.5
명지대(서울),중어중문학전공,종합,학생부종합(명지인재서류전형),70%컷(최종),5.45,2026,6,43
명지대(서울),청소년지도·아동학부,종합,학생부종합(명지인재서류전형),70%컷(최종),3.49,2026,3,13.67
명지대(서울),청소년지도·아동학부,종합,학생부종합(명지인재서류전형),70%컷(최종),3.72,2026,3,11.67
명지대(서울),행정학전공,종합,학생부종합(명지인재서류전형),70%컷(최종),3.19,2026,10,12.6
명지대(서울),데이터사이언스전공,종합,학생부종합(명지인재서류전형),70%컷(최종),3.12,2026,3,8.67
명지대(서울),디지털콘텐츠디자인학과,종합,학생부종합(명지인재서류전형),70%컷(최종),3.28,2026,3,26.67
명지대(서울),응용소프트웨어전공,종합,학생부종합(명지인재서류전형),70%컷(최종),3.77,2026,3,11
명지대(서울),인공지능전공,종합,학생부종합(명지인재서류전형),70%컷(최종),3.33,2026,3,13
명지대(서울),[유형1] 자율전공학부(인문),종합,학생부종합(크리스천리더전형),70%컷(최종),3.94,2026,5,11
목원대,유아교육과(교직),교과,학생부교과(교과면접전형),70%컷(최종),3.5,2026,17,7.26
목원대,경영학부,교과,학생부교과(교과전형),70%컷(최종),4.38,2026,52,5.88
목원대,경찰법학과,교과,학생부교과(교과전형),70%컷(최종),4.13,2026,47,4.85
목원대,경찰행정학부,교과,학생부교과(교과전형),70%컷(최종),3.5,2026,42,6.33
목원대,광고홍보커뮤니케이션학부,교과,학생부교과(교과전형),70%컷(최종),3.63,2026,50,6.74
목원대,국어교육과(교직),교과,학생부교과(교과전형),70%컷(최종),2.5,2026,31,6.05
목원대,금융경제학과,교과,학생부교과(교과전형),70%컷(최종),5,2026,22,3.73
목원대,마케팅빅데이터학과,교과,학생부교과(교과전형),70%컷(최종),4.75,2026,20,2.95
목원대,부동산금융보험학과,교과,학생부교과(교과전형),70%컷(최종),5.38,2026,26,2.7
목원대,사회복지상담학부,교과,학생부교과(교과전형),70%컷(최종),3.88,2026,49,8.53
목원대,신학과(교직),교과,학생부교과(교과전형),70%컷(최종),4.13,2026,40,1.46
목원대,역사학과,교과,학생부교과(교과전형),70%컷(최종),2.88,2026,20,6.8
목원대,영어교육과(교직),교과,학생부교과(교과전형),70%컷(최종),3,2026,29,5.27
목원대,영어학과,교과,학생부교과(교과전형),70%컷(최종),4.13,2026,22,3.13
목원대,유아교육과(교직),교과,학생부교과(교과전형),70%컷(최종),2.75,2026,9,11.86
목원대,일본어·중국어문화학과,교과,학생부교과(교과전형),70%컷(최종),3.5,2026,22,5.36
목원대,항공호텔관광경영학과,교과,학생부교과(교과전형),70%컷(최종),4.25,2026,37,4.68
목원대,AI응용학과,교과,학생부교과(교과전형),70%컷(최종),5.13,2026,20,3.55
목원대,건축학부,교과,학생부교과(교과전형),70%컷(최종),4,2026,60,4.07
목원대,게임소프트웨어공학과,교과,학생부교과(교과전형),70%컷(최종),4.13,2026,27,6.15
목원대,도시공학과,교과,학생부교과(교과전형),70%컷(최종),4.63,2026,26,2.27
목원대,보건의료행정학과,교과,학생부교과(교과전형),70%컷(최종),3.75,2026,25,9.64
목원대,생물산업학부,교과,학생부교과(교과전형),70%컷(최종),4.5,2026,30,3.65
목원대,소방방재학과,교과,학생부교과(교과전형),70%컷(최종),4,2026,60,5.35
목원대,수학교육과(교직),교과,학생부교과(교과전형),70%컷(최종),2.88,2026,24,4.84
목원대,식품제약학부,교과,학생부교과(교과전형),70%컷(최종),4.13,2026,30,3.37
목원대,외식조리·제과제빵학과,교과,학생부교과(교과전형),70%컷(최종),3,2026,24,13.21
목원대,응급구조학과,교과,학생부교과(교과전형),70%컷(최종),3.13,2026,27,8.22
목원대,전기전자공학과,교과,학생부교과(교과전형),70%컷(최종),3.88,2026,28,7.79
목원대,컴퓨터융합학부,교과,학생부교과(교과전형),70%컷(최종),4.75,2026,65,2.42
목원대,화장품학과,교과,학생부교과(교과전형),70%컷(최종),3.63,2026,20,5.95
목원대,[유형2] 창의예술자율전공학부,교과,학생부교과(교과전형),70%컷(최종),3.88,2026,10,10.25
목원대,게임콘텐츠학과,교과,학생부교과(교과전형),70%컷(최종),1.88,2026,8,6.5
목원대,공연콘텐츠학부,교과,학생부교과(교과전형),70%컷(최종),3.25,2026,12,4
목원대,도자디자인학과,교과,학생부교과(교과전형),70%컷(최종),2.25,2026,10,4.5
목원대,미술교육과(교직),교과,학생부교과(교과전형),70%컷(최종),1.5,2026,10,5.86
목원대,미술학부,교과,학생부교과(교과전형),70%컷(최종),2.75,2026,15,4.1
목원대,산업디자인학과,교과,학생부교과(교과전형),70%컷(최종),2.5,2026,10,5.13
목원대,섬유·패션디자인학과,교과,학생부교과(교과전형),70%컷(최종),2.25,2026,10,6.75
목원대,스포츠건강관리학과,교과,학생부교과(교과전형),70%컷(최종),3.38,2026,20,8.43
목원대,시각디자인학과,교과,학생부교과(교과전형),70%컷(최종),1.63,2026,10,6.88
목원대,애니메이션학과,교과,학생부교과(교과전형),70%컷(최종),1.38,2026,8,6.88
목원대,연극영화영상학부,교과,학생부교과(교과전형),70%컷(최종),3,2026,25,5.88
목원대,웹툰학과,교과,학생부교과(교과전형),70%컷(최종),1.88,2026,18,4.72
목원대,음악교육과(교직),교과,학생부교과(교과전형),70%컷(최종),1.63,2026,4,5
목원대,입체조형학부,교과,학생부교과(교과전형),70%컷(최종),2.63,2026,10,4.75
목원대,[유형1] 자율전공학부,교과,학생부교과(교과전형),70%컷(최종),3.88,2026,43,10.47
목원대,경영학부,종합,학생부종합(학생부종합전형),70%컷(최종),4,2026,5,3.67
목원대,광고홍보커뮤니케이션학부,종합,학생부종합(학생부종합전형),70%컷(최종),5,2026,5,3.6
목원대,사회복지상담학부,종합,학생부종합(학생부종합전형),70%컷(최종),4,2026,4,7
목원대,역사학과,종합,학생부종합(학생부종합전형),70%컷(최종),3,2026,3,3.25
목원대,경영학부,교과,학생부교과(지역인재전형),70%컷(최종),4.38,2026,7,6.43
목원대,경찰법학과,교과,학생부교과(지역인재전형),70%컷(최종),3.75,2026,8,4.2
목원대,경찰행정학부,교과,학생부교과(지역인재전형),70%컷(최종),4.13,2026,10,7.1
목원대,광고홍보커뮤니케이션학부,교과,학생부교과(지역인재전형),70%컷(최종),4.13,2026,5,6.6
목원대,마케팅빅데이터학과,교과,학생부교과(지역인재전형),70%컷(최종),4.5,2026,3,5.33
목원대,부동산금융보험학과,교과,학생부교과(지역인재전형),70%컷(최종),4.25,2026,4,4.75
목원대,사회복지상담학부,교과,학생부교과(지역인재전형),70%컷(최종),3.88,2026,7,7.38
목원대,항공호텔관광경영학과,교과,학생부교과(지역인재전형),70%컷(최종),4.38,2026,4,6.5
목원대,AI응용학과,교과,학생부교과(지역인재전형),70%컷(최종),4.5,2026,5,3.6
목원대,건축학부,교과,학생부교과(지역인재전형),70%컷(최종),3.75,2026,10,4.9
목원대,보건의료행정학과,교과,학생부교과(지역인재전형),70%컷(최종),3.38,2026,3,6.25
목원대,생물산업학부,교과,학생부교과(지역인재전형),70%컷(최종),4.13,2026,5,3.4
목원대,소방방재학과,교과,학생부교과(지역인재전형),70%컷(최종),4.13,2026,18,4.28
목원대,식품제약학부,교과,학생부교과(지역인재전형),70%컷(최종),4.88,2026,5,4.2
목원대,외식조리·제과제빵학과,교과,학생부교과(지역인재전형),70%컷(최종),3,2026,5,17.4
목원대,응급구조학과,교과,학생부교과(지역인재전형),70%컷(최종),3.63,2026,5,14
목원대,전기전자공학과,교과,학생부교과(지역인재전형),70%컷(최종),3.63,2026,5,7
목원대,컴퓨터융합학부,교과,학생부교과(지역인재전형),70%컷(최종),4.38,2026,5,3.33
목원대,화장품학과,교과,학생부교과(지역인재전형),70%컷(최종),3.88,2026,3,4.67
목원대,게임콘텐츠학과,교과,학생부교과(지역인재전형),70%컷(최종),2,2026,2,12
목원대,스포츠건강관리학과,교과,학생부교과(지역인재전형),70%컷(최종),3.75,2026,3,7.67
목원대,애니메이션학과,교과,학생부교과(지역인재전형),70%컷(최종),1.88,2026,2,6
목원대,웹툰학과,교과,학생부교과(지역인재전형),70%컷(최종),1.88,2026,4,6.25
목원대,[유형1] 자율전공학부,교과,학생부교과(지역인재전형),70%컷(최종),4.13,2026,10,8.4
목포가톨릭대,사회복지학과,교과,학생부교과(일반학생전형),70%컷(최종),7.32,2026,9,4.42
목포가톨릭대,간호학과,교과,학생부교과(일반학생전형),70%컷(최종),4.35,2026,61,4.92
목포가톨릭대,간호학과,종합,학생부종합(지역인재전형),70%컷(최종),4.27,2026,33,3.88
목포대,경영학부,교과,학생부교과(교과일반전형),70%컷(최종),5.63,2026,48,4.95
목포대,경제무역학부,교과,학생부교과(교과일반전형),70%컷(최종),6.65,2026,32,4.79
목포대,관광학과,교과,학생부교과(교과일반전형),70%컷(최종),6.83,2026,16,3.33
목포대,교육학과,교과,학생부교과(교과일반전형),70%컷(최종),4.03,2026,9,7.33
목포대,국어국문·문예창작학부,교과,학생부교과(교과일반전형),70%컷(최종),5.99,2026,24,5.43
목포대,글로벌커뮤니케이션학부,교과,학생부교과(교과일반전형),70%컷(최종),5.81,2026,31,5.07
목포대,법·경찰학부,교과,학생부교과(교과일반전형),70%컷(최종),5.01,2026,38,7.5
목포대,사회복지학과,교과,학생부교과(교과일반전형),70%컷(최종),4.5,2026,7,6.09
목포대,아동학과,교과,학생부교과(교과일반전형),70%컷(최종),5.95,2026,15,4.25
목포대,영어교육과,교과,학생부교과(교과일반전형),70%컷(최종),4.79,2026,6,9.33
목포대,윤리교육과,교과,학생부교과(교과일반전형),70%컷(최종),3.58,2026,9,10.22
목포대,인문콘텐츠학부,교과,학생부교과(교과일반전형),70%컷(최종),5.73,2026,43,3.95
목포대,지적학과,교과,학생부교과(교과일반전형),70%컷(최종),4.28,2026,9,3.64
목포대,패션의류학과,교과,학생부교과(교과일반전형),70%컷(최종),6.99,2026,16,4.16
목포대,행정·언론미디어학부,교과,학생부교과(교과일반전형),70%컷(최종),5.65,2026,28,4.79
목포대,[유형1] 글로벌자율전공학부,교과,학생부교과(교과일반전형),70%컷(최종),6.74,2026,36,3.14
목포대,AI컴퓨터·보안학과,교과,학생부교과(교과일반전형),70%컷(최종),6.67,2026,62,2.83
목포대,간호학과,교과,학생부교과(교과일반전형),70%컷(최종),3.48,2026,8,5.5
목포대,건축·토목·환경공학부,교과,학생부교과(교과일반전형),70%컷(최종),5.78,2026,55,4.51
목포대,건축학과,교과,학생부교과(교과일반전형),70%컷(최종),3.68,2025,7,4.17
목포대,글로벌자율전공학부,교과,학생부교과(교과일반전형),70%컷(최종),5.06,2026,36,4.97
목포대,기계조선해양공학부,교과,학생부교과(교과일반전형),70%컷(최종),5.87,2026,30,5.67
목포대,도시계획 및 조경학부,교과,학생부교과(교과일반전형),70%컷(최종),6.38,2026,30,3.45
목포대,반도체공학과,교과,학생부교과(교과일반전형),70%컷(최종),6.95,2026,22,3.64
목포대,수산생명의학과,교과,학생부교과(교과일반전형),70%컷(최종),5.31,2026,16,5.54
목포대,수학교육과,교과,학생부교과(교과일반전형),70%컷(최종),4.42,2026,6,5.83
목포대,스마트모빌리티학부,교과,학생부교과(교과일반전형),70%컷(최종),6.63,2026,30,1.63
목포대,식품·제약공학부,교과,학생부교과(교과일반전형),70%컷(최종),5.69,2026,32,4.03
목포대,식품영양학과,교과,학생부교과(교과일반전형),70%컷(최종),5.61,2026,15,5.4
목포대,약학과,교과,학생부교과(교과일반전형),평균(최종),1.20,2026,3,40
목포대,에너지화학공학과,교과,학생부교과(교과일반전형),70%컷(최종),7.17,2026,15,2.8
목포대,원예산림학부,교과,학생부교과(교과일반전형),70%컷(최종),6.78,2026,28,4.11
목포대,전기공학과,교과,학생부교과(교과일반전형),70%컷(최종),4.88,2026,25,5.92
목포대,환경교육과,교과,학생부교과(교과일반전형),70%컷(최종),5.21,2026,8,6.17
목포대,아트앤디자인학부,교과,학생부교과(교과일반전형),70%컷(최종),5.08,2026,23,4.48
목포대,예술크리에이티브학부,교과,학생부교과(교과일반전형),70%컷(최종),6.51,2026,21,1.62
목포대,음악공연기획과,교과,학생부교과(교과일반전형),70%컷(최종),6.26,2026,15,4.8
목포대,체육학과,교과,학생부교과(교과일반전형),70%컷(최종),6.07,2026,8,5.1
목포대,경영학부,종합,학생부종합(종합일반전형),70%컷(최종),6.82,2025,18,3.06
목포대,경제무역학부,종합,학생부종합(종합일반전형),70%컷(최종),7.21,2025,8,2.5
목포대,관광학과,종합,학생부종합(종합일반전형),평균(최종),5.97,2026,4,3.75
목포대,국어국문·문예창작학부,종합,학생부종합(종합일반전형),환산평균(최종),687.5,2025,7,3.14
목포대,글로벌커뮤니케이션학부,종합,학생부종합(종합일반전형),70%컷(최종),6.55,2025,11,3
목포대,법·경찰학부,종합,학생부종합(종합일반전형),70%컷(최종),5.33,2025,9,6.67
목포대,사회복지학과,종합,학생부종합(종합일반전형),평균(최종),5.08,2026,8,12.5
목포대,아동학과,종합,학생부종합(종합일반전형),평균(최종),6.57,2026,4,2.33
목포대,인문콘텐츠학부,종합,학생부종합(종합일반전형),70%컷(최종),6.86,2025,17,2.41
목포대,지적학과,종합,학생부종합(종합일반전형),70%컷(최종),4.18,2026,10,6.4
목포대,패션의류학과,종합,학생부종합(종합일반전형),평균(최종),6.23,2026,6,4.33
목포대,행정·언론미디어학부,종합,학생부종합(종합일반전형),70%컷(최종),5.79,2025,9,3
목포대,AI컴퓨터·보안학과,종합,학생부종합(종합일반전형),70%컷(최종),6.3,2025,23,2.06
목포대,건축·토목·환경공학부,종합,학생부종합(종합일반전형),70%컷(최종),6.47,2025,16,3.94
목포대,건축학과,종합,학생부종합(종합일반전형),70%컷(최종),5.22,2025,13,6.5
목포대,글로벌자율전공학부,종합,학생부종합(종합일반전형),70%컷(최종),6.01,2025,20,4.83
목포대,기계조선해양공학부,종합,학생부종합(종합일반전형),70%컷(최종),7.25,2025,12,2.67
목포대,도시계획 및 조경학부,종합,학생부종합(종합일반전형),70%컷(최종),6.72,2025,10,2.6
목포대,반도체공학과,종합,학생부종합(종합일반전형),70%컷(최종),6.94,2026,7,2.14
목포대,수산생명의학과,종합,학생부종합(종합일반전형),평균(최종),5.62,2026,4,6.25
목포대,수학교육과,종합,학생부종합(종합일반전형),평균(최종),5.31,2026,8,3.25
목포대,식품·제약공학부,종합,학생부종합(종합일반전형),70%컷(최종),7.08,2025,9,3.11
목포대,식품영양학과,종합,학생부종합(종합일반전형),평균(최종),5.83,2026,4,8
목포대,에너지화학공학과,종합,학생부종합(종합일반전형),평균(최종),7.32,2026,4,2
목포대,원예산림학부,종합,학생부종합(종합일반전형),70%컷(최종),6.38,2025,8,3.88
목포대,전기공학과,종합,학생부종합(종합일반전형),70%컷(최종),5.87,2026,14,3.64
목포대,아트앤디자인학부,종합,학생부종합(종합일반전형),70%컷(최종),6.5,2025,7,4.71
목포대,체육학과,종합,학생부종합(종합일반전형),70%컷(최종),5.55,2026,9,9.11
목포대,경영학부,교과,학생부교과(지역인재(교과)전형),70%컷(최종),6.3,2026,15,5
목포대,국어국문·문예창작학부,교과,학생부교과(지역인재(교과)전형),70%컷(최종),6.33,2026,4,3.5
목포대,글로벌커뮤니케이션학부,교과,학생부교과(지역인재(교과)전형),70%컷(최종),6.4,2026,8,4.57
목포대,법·경찰학부,교과,학생부교과(지역인재(교과)전형),70%컷(최종),5.13,2026,5,8
목포대,사회복지학과,교과,학생부교과(지역인재(교과)전형),70%컷(최종),4.71,2026,9,10.33
목포대,인문콘텐츠학부,교과,학생부교과(지역인재(교과)전형),70%컷(최종),6.41,2026,10,4.9
목포대,지적학과,교과,학생부교과(지역인재(교과)전형),70%컷(최종),3.22,2026,10,5.6
목포대,패션의류학과,교과,학생부교과(지역인재(교과)전형),70%컷(최종),6.93,2026,5,4.6
목포대,행정·언론미디어학부,교과,학생부교과(지역인재(교과)전형),70%컷(최종),6.13,2026,7,7
목포대,AI컴퓨터·보안학과,교과,학생부교과(지역인재(교과)전형),70%컷(최종),6.49,2026,20,5.55
목포대,간호학과,교과,학생부교과(지역인재(교과)전형),70%컷(최종),3.32,2026,18,5.31
목포대,건축·토목·환경공학부,교과,학생부교과(지역인재(교과)전형),70%컷(최종),6.33,2026,4,11.25
목포대,건축학과,교과,학생부교과(지역인재(교과)전형),환산평균(최종),962.1164263606333,2025,5,6
목포대,글로벌자율전공학부,교과,학생부교과(지역인재(교과)전형),70%컷(최종),5.64,2026,32,4.29
목포대,기계조선해양공학부,교과,학생부교과(지역인재(교과)전형),70%컷(최종),6.17,2026,9,5.78
목포대,반도체공학과,교과,학생부교과(지역인재(교과)전형),70%컷(최종),6.2,2026,3,5
목포대,수산생명의학과,교과,학생부교과(지역인재(교과)전형),70%컷(최종),5.37,2026,4,4.25
목포대,식품·제약공학부,교과,학생부교과(지역인재(교과)전형),70%컷(최종),5,2026,3,3
목포대,식품영양학과,교과,학생부교과(지역인재(교과)전형),70%컷(최종),5.06,2026,10,5.9
목포대,약학과,교과,학생부교과(지역인재(교과)전형),70%컷(최종),1.67,2026,11,23.82
목포대,원예산림학부,교과,학생부교과(지역인재(교과)전형),70%컷(최종),7.57,2026,3,5.67
목포대,전기공학과,교과,학생부교과(지역인재(교과)전형),70%컷(최종),5.1,2026,16,6.25
목포대,아트앤디자인학부,교과,학생부교과(지역인재(교과)전형),70%컷(최종),6.1,2026,7,5.86
목포대,체육학과,교과,학생부교과(지역인재(교과)전형),70%컷(최종),4.19,2026,5,5.2
목포대,간호학과,종합,학생부종합(지역인재(종합)전형),70%컷(최종),3.88,2026,34,14.8
목포대,약학과,종합,학생부종합(지역인재(종합)전형),평균(최종),1.77,2026,4,19.25
목포해양대,기관시스템공학부,교과,학생부교과(누구나전형),70%컷(최종),2.5,2026,10,15.4
목포해양대,조선해양공학과,교과,학생부교과(누구나전형),70%컷(최종),4.59,2026,5,12.4
목포해양대,첨단해양모빌리티학과,교과,학생부교과(누구나전형),70%컷(최종),5.56,2026,5,7
목포해양대,컴퓨터공학과,교과,학생부교과(누구나전형),70%컷(최종),4.44,2026,5,7.8
목포해양대,항해정보시스템학부,교과,학생부교과(누구나전형),70%컷(최종),2.5,2026,8,10
목포해양대,항해학부,교과,학생부교과(누구나전형),70%컷(최종),2.67,2026,8,7.5
목포해양대,해군사관학부(남),교과,학생부교과(누구나전형),평균(최종),4.2,2025,4,32
목포해양대,해상운송학부,교과,학생부교과(누구나전형),70%컷(최종),2.33,2026,10,8.6
목포해양대,해양건설공학과,교과,학생부교과(누구나전형),70%컷(최종),5.26,2026,6,7.2
목포해양대,해양경찰학부,교과,학생부교과(누구나전형),70%컷(최종),3,2026,10,12.5
목포해양대,해양메카트로닉스학부,교과,학생부교과(누구나전형),70%컷(최종),4.17,2026,8,23.25
목포해양대,환경·생명공학과,교과,학생부교과(누구나전형),평균(최종),5.16,2025,7,7.14
목포해양대,기관시스템공학부,교과,학생부교과(학생부성적우수자전형),70%컷(최종),4.29,2026,43,7.65
목포해양대,조선해양공학과,교과,학생부교과(학생부성적우수자전형),70%컷(최종),5.24,2026,16,7.71
목포해양대,첨단해양모빌리티학과,교과,학생부교과(학생부성적우수자전형),70%컷(최종),5.99,2026,9,6.78
목포해양대,컴퓨터공학과,교과,학생부교과(학생부성적우수자전형),70%컷(최종),6.52,2026,15,3.4
목포해양대,항해정보시스템학부,교과,학생부교과(학생부성적우수자전형),70%컷(최종),4.15,2026,29,9.14
목포해양대,항해학부,교과,학생부교과(학생부성적우수자전형),70%컷(최종),3.27,2026,52,7.19
목포해양대,해군사관학부(남),교과,학생부교과(학생부성적우수자전형),평균(최종),4.74,2025,17,11.53
목포해양대,해군사관학부(여),교과,학생부교과(학생부성적우수자전형),70%컷(최종),4.35,2024,3,5.33
목포해양대,해상운송학부,교과,학생부교과(학생부성적우수자전형),70%컷(최종),3.81,2026,42,7.21
목포해양대,해양건설공학과,교과,학생부교과(학생부성적우수자전형),70%컷(최종),6.28,2026,17,5.2
목포해양대,해양경찰학부,교과,학생부교과(학생부성적우수자전형),70%컷(최종),4.35,2026,42,8.19
목포해양대,해양메카트로닉스학부,교과,학생부교과(학생부성적우수자전형),70%컷(최종),4.82,2026,28,13.57
목포해양대,환경·생명공학과,교과,학생부교과(학생부성적우수자전형),평균(최종),5.42,2025,9,2.78
목포해양대,기관시스템공학부,교과,학생부교과(지역인재전형),70%컷(최종),4.39,2026,10,9.5
목포해양대,조선해양공학과,교과,학생부교과(지역인재전형),70%컷(최종),5.57,2026,5,8.4
목포해양대,첨단해양모빌리티학과,교과,학생부교과(지역인재전형),70%컷(최종),6.67,2026,5,3
목포해양대,컴퓨터공학과,교과,학생부교과(지역인재전형),70%컷(최종),7.31,2026,5,2
목포해양대,항해정보시스템학부,교과,학생부교과(지역인재전형),70%컷(최종),3.75,2026,8,11.13
목포해양대,항해학부,교과,학생부교과(지역인재전형),70%컷(최종),3.24,2026,8,4.1
목포해양대,해군사관학부(남),교과,학생부교과(지역인재전형),평균(최종),5.1,2025,2,12.5
목포해양대,해상운송학부,교과,학생부교과(지역인재전형),70%컷(최종),4.25,2026,10,8
목포해양대,해양건설공학과,교과,학생부교과(지역인재전형),70%컷(최종),6.99,2026,6,4.6
목포해양대,해양경찰학부,교과,학생부교과(지역인재전형),70%컷(최종),3.87,2026,10,13
목포해양대,해양메카트로닉스학부,교과,학생부교과(지역인재전형),70%컷(최종),4.72,2026,8,13.38
목포해양대,환경·생명공학과,교과,학생부교과(지역인재전형),평균(최종),6.81,2025,5,3.4
배재대,IT경영정보학과,교과,학생부교과(교과전형),70%컷(최종),6.3,2024,32,4.13
배재대,경영학과,교과,학생부교과(교과전형),70%컷(최종),6.4,2024,42,8.23
배재대,경찰법학부(경찰학/법학),교과,학생부교과(교과전형),70%컷(최종),4.7,2024,32,9.17
배재대,관광경영학과,교과,학생부교과(교과전형),70%컷(최종),6.4,2024,28,3.75
배재대,국어국문한국어교육학과,교과,학생부교과(교과전형),70%컷(최종),5.6,2024,32,4.19
배재대,글로벌비즈니스학과,교과,학생부교과(교과전형),70%컷(최종),6.8,2024,30,3.67
배재대,미디어콘텐츠학과,교과,학생부교과(교과전형),70%컷(최종),4.6,2024,30,10.43
배재대,심리상담학과,교과,학생부교과(교과전형),70%컷(최종),4.1,2024,40,4.83
배재대,유아교육과,교과,학생부교과(교과전형),70%컷(최종),2.6,2024,7,12.86
배재대,일본학과,교과,학생부교과(교과전형),70%컷(최종),4.5,2024,37,5.49
배재대,항공서비스학과,교과,학생부교과(교과전형),70%컷(최종),5.1,2024,20,6.5
배재대,행정학과,교과,학생부교과(교과전형),70%컷(최종),5.5,2024,27,4.74
배재대,호텔항공경영학과,교과,학생부교과(교과전형),70%컷(최종),6.3,2024,23,6.35
배재대,AI소프트웨어공학부(게임공학),교과,학생부교과(교과전형),70%컷(최종),5.8,2024,30,4
배재대,AI소프트웨어공학부(소프트웨어학),교과,학생부교과(교과전형),70%컷(최종),5.8,2024,30,2.23
배재대,AI소프트웨어공학부(정보보안학),교과,학생부교과(교과전형),70%컷(최종),6.5,2024,25,2.03
배재대,AI소프트웨어공학부(컴퓨터공학),교과,학생부교과(교과전형),70%컷(최종),5,2024,35,2.23
배재대,간호학과,교과,학생부교과(교과전형),70%컷(최종),2.5,2024,7,9.29
배재대,건축학과(5년제),교과,학생부교과(교과전형),70%컷(최종),4.4,2024,33,5.64
배재대,보건의료복지학과,교과,학생부교과(교과전형),70%컷(최종),5.3,2024,25,6.92
배재대,생명공학과,교과,학생부교과(교과전형),70%컷(최종),4.9,2024,35,3.15
배재대,스마트배터리학과,교과,학생부교과(교과전형),70%컷(최종),6.5,2024,32,2.24
배재대,식품영양학과,교과,학생부교과(교과전형),70%컷(최종),5.7,2024,23,6.3
배재대,실내건축학과,교과,학생부교과(교과전형),70%컷(최종),5,2024,40,4.8
배재대,외식조리학과,교과,학생부교과(교과전형),70%컷(최종),4.7,2024,37,6.3
배재대,원예산림학과,교과,학생부교과(교과전형),70%컷(최종),5.2,2024,28,3.45
배재대,의류패션학과,교과,학생부교과(교과전형),70%컷(최종),5,2024,28,4.68
배재대,전기공학과,교과,학생부교과(교과전형),70%컷(최종),6,2024,20,4.91
배재대,조경학과,교과,학생부교과(교과전형),70%컷(최종),5.6,2024,35,3.17
배재대,철도건설공학과,교과,학생부교과(교과전형),70%컷(최종),6.8,2024,30,4.25
배재대,피지컬AI공학부신설(드론로봇공학),교과,학생부교과(교과전형),70%컷(최종),6,2024,25,3.59
배재대,광고사진영상학과,교과,학생부교과(교과전형),70%컷(최종),5.4,2024,35,5.23
배재대,레저스포츠학부(스포츠지도ㆍ건강재활),교과,학생부교과(교과전형),70%컷(최종),4.7,2024,15,8.57
배재대,뷰티케어학과,교과,학생부교과(교과전형),70%컷(최종),5.5,2024,25,8.08
배재대,아트앤웹툰학부(게임애니메이션),교과,학생부교과(교과전형),70%컷(최종),3.3,2024,3,9
배재대,경영학과,교과,학생부교과(일반고교과전형),70%컷(최종),6.4,2025,35,6.68
배재대,경찰법학부(경찰학/법학),교과,학생부교과(일반고교과전형),70%컷(최종),4.8,2025,20,6.32
배재대,미디어콘텐츠학과,교과,학생부교과(일반고교과전형),70%컷(최종),4.1,2025,10,10.5
배재대,행정학과,교과,학생부교과(일반고교과전형),70%컷(최종),5.6,2025,15,4.33
배재대,호텔항공경영학과,교과,학생부교과(일반고교과전형),70%컷(최종),6.2,2025,10,7.7
배재대,AI소프트웨어공학부(게임공학),교과,학생부교과(일반고교과전형),70%컷(최종),5.5,2025,21,3.4
배재대,AI소프트웨어공학부(소프트웨어학),교과,학생부교과(일반고교과전형),70%컷(최종),6.3,2025,15,2.65
배재대,AI소프트웨어공학부(정보보안학),교과,학생부교과(일반고교과전형),70%컷(최종),6.7,2025,15,3.2
배재대,AI소프트웨어공학부(컴퓨터공학),교과,학생부교과(일반고교과전형),70%컷(최종),5.9,2025,32,2.65
배재대,간호학과,교과,학생부교과(일반고교과전형),70%컷(최종),2.7,2025,12,8.08
배재대,보건의료복지학과,교과,학생부교과(일반고교과전형),70%컷(최종),5.8,2025,15,5.47
배재대,식품영양학과,교과,학생부교과(일반고교과전형),70%컷(최종),5.4,2025,10,5.75
배재대,외식조리학과,교과,학생부교과(일반고교과전형),70%컷(최종),4.4,2025,20,8.3
배재대,의류패션학과,교과,학생부교과(일반고교과전형),70%컷(최종),4.9,2025,10,7
배재대,전기공학과,교과,학생부교과(일반고교과전형),70%컷(최종),6.6,2025,10,6.5
배재대,조경학과,교과,학생부교과(일반고교과전형),70%컷(최종),5.8,2025,20,3.7
배재대,철도건설공학과,교과,학생부교과(일반고교과전형),70%컷(최종),6.9,2025,13,3.27
배재대,피지컬AI공학부신설(드론로봇공학),교과,학생부교과(일반고교과전형),70%컷(최종),5.5,2025,15,3.25
배재대,레저스포츠학부(스포츠지도ㆍ건강재활),교과,학생부교과(일반고교과전형),70%컷(최종),4.9,2025,10,8.36
배재대,항공서비스학과,교과,학생부교과(항공인재전형),70%컷(최종),4.4,2025,10,8.33
배재대,유아교육과,종합,학생부종합(서류100전형),70%컷(최종),3.4,2025,20,5.6
배재대,간호학과,종합,학생부종합(서류100전형),70%컷(최종),2.9,2025,50,11.14
배재대,외식조리학과,종합,학생부종합(서류100전형),70%컷(최종),5.3,2025,8,11.13
배재대,경영학과,교과,학생부교과(지역인재Ⅰ전형),70%컷(최종),4.9,2025,5,6.2
배재대,경찰법학부(경찰학/법학),교과,학생부교과(지역인재Ⅰ전형),70%컷(최종),5.8,2025,5,8
배재대,미디어콘텐츠학과,교과,학생부교과(지역인재Ⅰ전형),70%컷(최종),5.1,2025,5,10.6
배재대,심리상담학과,교과,학생부교과(지역인재Ⅰ전형),70%컷(최종),5.6,2025,5,6.8
배재대,유아교육과,교과,학생부교과(지역인재Ⅰ전형),70%컷(최종),3.7,2025,5,6.6
배재대,AI소프트웨어공학부(게임공학),교과,학생부교과(지역인재Ⅰ전형),70%컷(최종),5.9,2025,4,3.4
배재대,AI소프트웨어공학부(컴퓨터공학),교과,학생부교과(지역인재Ⅰ전형),70%컷(최종),7.3,2025,5,3.6
배재대,간호학과,교과,학생부교과(지역인재Ⅰ전형),70%컷(최종),2.6,2025,9,7.56
배재대,건축학과(5년제),교과,학생부교과(지역인재Ⅰ전형),70%컷(최종),5.5,2025,5,7.2
배재대,보건의료복지학과,교과,학생부교과(지역인재Ⅰ전형),70%컷(최종),6,2025,5,7.2
배재대,식품영양학과,교과,학생부교과(지역인재Ⅰ전형),70%컷(최종),6.3,2025,4,6.4
배재대,실내건축학과,교과,학생부교과(지역인재Ⅰ전형),70%컷(최종),4.8,2025,5,6.2
배재대,외식조리학과,교과,학생부교과(지역인재Ⅰ전형),70%컷(최종),5.3,2025,5,16.2
배재대,의류패션학과,교과,학생부교과(지역인재Ⅰ전형),70%컷(최종),4.9,2025,5,6
배재대,전기공학과,교과,학생부교과(지역인재Ⅰ전형),70%컷(최종),6.8,2025,5,5.4
배재대,광고사진영상학과,교과,학생부교과(지역인재Ⅰ전형),70%컷(최종),5.4,2025,5,6
배재대,레저스포츠학부(스포츠지도ㆍ건강재활),교과,학생부교과(지역인재Ⅰ전형),70%컷(최종),5.4,2025,5,9
백석대,AI컴퓨터공학부(스마트융합공학과),교과,학생부교과(계약학과전형)(정원외),70%컷(최종),4.76,2026,25,0.47
백석대,관광학부(호텔관광학과),교과,학생부교과(계약학과전형)(정원외),70%컷(최종),7.27,2026,25,0.43
백석대,문화예술학부(뷰티디자인학과),교과,학생부교과(계약학과전형)(정원외),70%컷(최종),6.26,2026,30,1.21
백석대,외식산업학부(외식조리서비스학과),교과,학생부교과(계약학과전형)(정원외),70%컷(최종),6.54,2026,20,2.87
백석대,AI컴퓨터공학부,교과,학생부교과(백석인재전형),70%컷(최종),5.69,2026,20,2.8
백석대,간호학과,교과,학생부교과(백석인재전형),70%컷(최종),3.11,2026,18,14.28
백석대,물리치료학과,교과,학생부교과(백석인재전형),70%컷(최종),3.47,2026,15,16.59
백석대,안경광학과,교과,학생부교과(백석인재전형),70%컷(최종),5.2,2026,7,6.29
백석대,응급구조학과,교과,학생부교과(백석인재전형),70%컷(최종),4.43,2026,10,14.45
백석대,작업치료학과,교과,학생부교과(백석인재전형),70%컷(최종),4.67,2026,10,10.5
백석대,치위생학과,교과,학생부교과(백석인재전형),70%컷(최종),4.25,2026,11,18
백석대,경상학부,교과,학생부교과(백석인재전형),70%컷(최종),5.57,2026,10,7.87
백석대,경찰학부,교과,학생부교과(백석인재전형),70%컷(최종),4.69,2026,10,9.07
백석대,관광학부(관광경영학·호텔경영학),교과,학생부교과(백석인재전형),70%컷(최종),5.62,2026,10,5.13
백석대,관광학부(글로벌호텔비즈니스),교과,학생부교과(백석인재전형),70%컷(최종),5.33,2026,3,13.67
백석대,관광학부(항공서비스),교과,학생부교과(백석인재전형),70%컷(최종),4.92,2026,65,34.59
백석대,기독교학부,교과,학생부교과(백석인재전형),70%컷(최종),5.64,2026,8,2
백석대,사회복지학부,교과,학생부교과(백석인재전형),70%컷(최종),5.41,2026,15,8.65
백석대,어문학부,교과,학생부교과(백석인재전형),70%컷(최종),5.48,2026,5,4.8
백석대,외식산업학부,교과,학생부교과(백석인재전형),70%컷(최종),5.25,2026,15,14
백석대,유아교육과,교과,학생부교과(백석인재전형),70%컷(최종),4.63,2026,10,12.2
백석대,유아특수교육과,교과,학생부교과(백석인재전형),70%컷(최종),5.8,2026,3,3.4
백석대,특수교육과,교과,학생부교과(백석인재전형),70%컷(최종),4.75,2026,10,3.5
백석대,AI컴퓨터공학부,교과,학생부교과(일반전형),70%컷(최종),5.11,2026,241,3.83
백석대,간호학과,교과,학생부교과(일반전형),70%컷(최종),1.27,2026,45,5.24
백석대,물리치료학과,교과,학생부교과(일반전형),70%컷(최종),1,2026,10,11.2
백석대,안경광학과,교과,학생부교과(일반전형),70%컷(최종),4.58,2026,42,7.2
백석대,응급구조학과,교과,학생부교과(일반전형),70%컷(최종),3.31,2026,21,7.76
백석대,작업치료학과,교과,학생부교과(일반전형),70%컷(최종),4.18,2026,53,5.25
백석대,치위생학과,교과,학생부교과(일반전형),70%컷(최종),3.5,2026,33,7.97
백석대,경상학부,교과,학생부교과(일반전형),70%컷(최종),4.33,2026,78,4.95
백석대,경찰학부,교과,학생부교과(일반전형),70%컷(최종),3.42,2026,33,6.35
백석대,관광학부(관광경영학·호텔경영학),교과,학생부교과(일반전형),70%컷(최종),4.64,2026,65,6.03
백석대,관광학부(글로벌호텔비즈니스),교과,학생부교과(일반전형),70%컷(최종),4.78,2026,25,6.24
백석대,기독교학부,교과,학생부교과(일반전형),70%컷(최종),6.02,2026,73,3.38
백석대,사회복지학부,교과,학생부교과(일반전형),70%컷(최종),4.49,2026,108,6.01
백석대,어문학부,교과,학생부교과(일반전형),70%컷(최종),4.42,2026,36,4.56
백석대,외식산업학부,교과,학생부교과(일반전형),70%컷(최종),4.75,2026,58,7.6
백석대,유아교육과,교과,학생부교과(일반전형),70%컷(최종),4.07,2026,25,6.6
백석대,유아특수교육과,교과,학생부교과(일반전형),70%컷(최종),4.95,2026,28,5.95
백석대,특수교육과,교과,학생부교과(일반전형),70%컷(최종),4.31,2026,30,4.57
백석대,[유형2] 자유전공학부,교과,학생부교과(일반전형),70%컷(최종),4.5,2026,153,11.26
백석대,AI컴퓨터공학부,종합,학생부종합(창의인재전형),70%컷(최종),5.87,2026,40,3.67
백석대,간호학과,종합,학생부종합(창의인재전형),70%컷(최종),3.2,2026,25,16.13
백석대,물리치료학과,종합,학생부종합(창의인재전형),70%컷(최종),3.83,2026,17,11.13
백석대,안경광학과,종합,학생부종합(창의인재전형),70%컷(최종),4.74,2026,3,10.33
백석대,응급구조학과,종합,학생부종합(창의인재전형),70%컷(최종),4.67,2026,11,10.8
백석대,작업치료학과,종합,학생부종합(창의인재전형),70%컷(최종),5.15,2026,10,8.9
백석대,치위생학과,종합,학생부종합(창의인재전형),70%컷(최종),4.67,2026,11,23.18
백석대,경상학부,종합,학생부종합(창의인재전형),70%컷(최종),5.2,2026,20,10
백석대,경찰학부,종합,학생부종합(창의인재전형),70%컷(최종),4.5,2026,25,8.55
백석대,관광학부(관광경영학·호텔경영학),종합,학생부종합(창의인재전형),70%컷(최종),5.63,2026,13,4
백석대,관광학부(글로벌호텔비즈니스),종합,학생부종합(창의인재전형),70%컷(최종),5.62,2026,3,6.33
백석대,기독교학부,종합,학생부종합(창의인재전형),70%컷(최종),6.64,2026,5,3.4
백석대,사범학부(특수체육교육과),종합,학생부종합(창의인재전형),70%컷(최종),4.09,2026,5,11.2
백석대,사회복지학부,종합,학생부종합(창의인재전형),70%컷(최종),5.33,2026,35,6.13
백석대,스포츠과학부,종합,학생부종합(창의인재전형),70%컷(최종),4.77,2026,5,11.4
백석대,어문학부,종합,학생부종합(창의인재전형),70%컷(최종),5.38,2026,7,9.8
백석대,외식산업학부,종합,학생부종합(창의인재전형),70%컷(최종),5.09,2026,3,15.33
백석대,유아교육과,종합,학생부종합(창의인재전형),70%컷(최종),4.86,2026,20,6.8
백석대,유아특수교육과,종합,학생부종합(창의인재전형),70%컷(최종),5.6,2026,3,4
백석대,특수교육과,종합,학생부종합(창의인재전형),70%컷(최종),5.16,2026,10,3.6
백석대,AI컴퓨터공학부,교과,학생부교과(지역인재(일반)전형),70%컷(최종),5.85,2026,35,3.25
백석대,간호학과,교과,학생부교과(지역인재(일반)전형),70%컷(최종),3.27,2026,50,4.08
백석대,물리치료학과,교과,학생부교과(지역인재(일반)전형),70%컷(최종),3.44,2026,4,5.75
백석대,안경광학과,교과,학생부교과(지역인재(일반)전형),70%컷(최종),5.07,2026,3,4.4
백석대,응급구조학과,교과,학생부교과(지역인재(일반)전형),70%컷(최종),3.95,2026,3,4.33
백석대,작업치료학과,교과,학생부교과(지역인재(일반)전형),70%컷(최종),4.59,2026,5,7.2
백석대,치위생학과,교과,학생부교과(지역인재(일반)전형),70%컷(최종),4.41,2026,5,4.8
백석대,경상학부,교과,학생부교과(지역인재(일반)전형),70%컷(최종),4.59,2026,10,5.07
백석대,경찰학부,교과,학생부교과(지역인재(일반)전형),70%컷(최종),4.53,2026,5,3.38
백석대,관광학부(관광경영학·호텔경영학),교과,학생부교과(지역인재(일반)전형),70%컷(최종),5.54,2026,10,3.67
백석대,관광학부(글로벌호텔비즈니스),교과,학생부교과(지역인재(일반)전형),70%컷(최종),4.5,2026,2,5.5
백석대,기독교학부,교과,학생부교과(지역인재(일반)전형),70%컷(최종),4.51,2026,2,3
백석대,사회복지학부,교과,학생부교과(지역인재(일반)전형),70%컷(최종),4.91,2026,7,3.47
백석대,어문학부,교과,학생부교과(지역인재(일반)전형),70%컷(최종),5.2,2026,5,4.2
백석대,외식산업학부,교과,학생부교과(지역인재(일반)전형),70%컷(최종),4.76,2026,12,6.4
백석대,유아교육과,교과,학생부교과(지역인재(일반)전형),70%컷(최종),4.46,2026,10,4.8
백석대,유아특수교육과,교과,학생부교과(지역인재(일반)전형),70%컷(최종),5.48,2026,2,5
백석대,특수교육과,교과,학생부교과(지역인재(일반)전형),70%컷(최종),6.54,2026,3,2.2
백석대,[유형2] 자유전공학부,교과,학생부교과(지역인재(일반)전형),70%컷(최종),5.47,2026,25,5.88
백석대,관광학부(항공서비스),교과,학생부교과(지역인재(일반)전형-항공서비스),70%컷(최종),4.57,2026,5,22.4
부경대,[유형2] 경영대학자유전공학부,교과,학생부교과(교과성적우수인재전형),70%컷(최종),3.23,2026,36,5.03
부경대,[유형2] 인문사회과학대학자유전공학부,교과,학생부교과(교과성적우수인재전형),70%컷(최종),3.46,2026,79,6.54
부경대,"경영학부(경영학전공, 회계·재무학전공, 관광경영학전공)",교과,학생부교과(교과성적우수인재전형),70%컷(최종),3.06,2026,35,4.94
부경대,경제학과,교과,학생부교과(교과성적우수인재전형),70%컷(최종),3.07,2026,19,9.05
부경대,국어국문학과,교과,학생부교과(교과성적우수인재전형),70%컷(최종),3.4,2026,5,35.4
부경대,"국제지역학부(국제학전공, 국제개발협력학전공)",교과,학생부교과(교과성적우수인재전형),70%컷(최종),3.42,2026,14,9.57
부경대,"국제통상학부(국제통상학전공, 국제무역물류학전공, 국제경영학전공)",교과,학생부교과(교과성적우수인재전형),70%컷(최종),3.14,2026,23,5
부경대,디지털금융학과,교과,학생부교과(교과성적우수인재전형),70%컷(최종),3.62,2026,8,6
부경대,법학과,교과,학생부교과(교과성적우수인재전형),70%컷(최종),3.51,2026,16,6.08
부경대,사학과,교과,학생부교과(교과성적우수인재전형),70%컷(최종),3.48,2026,6,19.83
부경대,"영어영문학부(영어영문학전공, 영어문화·산업전공)",교과,학생부교과(교과성적우수인재전형),70%컷(최종),3.44,2026,12,7.25
부경대,"일어일문학부(일본어문학전공, 일본학전공)",교과,학생부교과(교과성적우수인재전형),70%컷(최종),3.33,2026,13,11.15
부경대,정치외교학과,교과,학생부교과(교과성적우수인재전형),70%컷(최종),3.89,2026,4,6.33
부경대,중국학과,교과,학생부교과(교과성적우수인재전형),70%컷(최종),3.52,2026,6,25.25
부경대,"행정복지학부(행정학전공, 사회복지학전공)",교과,학생부교과(교과성적우수인재전형),70%컷(최종),3.38,2026,14,6.43
부경대,[유형2] 공과대학자유전공학부,교과,학생부교과(교과성적우수인재전형),70%컷(최종),3.33,2026,151,5.68
부경대,[유형2] 수산과학대학자유전공학부,교과,학생부교과(교과성적우수인재전형),70%컷(최종),3.24,2026,45,6.53
부경대,[유형2] 자연과학대학자유전공학부,교과,학생부교과(교과성적우수인재전형),70%컷(최종),3.58,2026,26,12.1
부경대,[유형2] 정보융합대학자유전공학부,교과,학생부교과(교과성적우수인재전형),70%컷(최종),3.27,2026,60,4.67
부경대,[유형2] 환경·해양대학자유전공학부,교과,학생부교과(교과성적우수인재전형),70%컷(최종),3.6,2026,37,5.6
부경대,간호학과,교과,학생부교과(교과성적우수인재전형),70%컷(최종),3.22,2026,17,5.29
부경대,건축공학과<4년>,교과,학생부교과(교과성적우수인재전형),70%컷(최종),3.38,2026,7,6.14
부경대,건축학과<5년>,교과,학생부교과(교과성적우수인재전형),70%컷(최종),2.94,2026,14,6
부경대,"고분자·화학소재공학부(에너지화학소재공학전공, 고분자공학전공)",교과,학생부교과(교과성적우수인재전형),70%컷(최종),3.44,2026,25,6
부경대,과학컴퓨팅학과,교과,학생부교과(교과성적우수인재전형),70%컷(최종),3.86,2026,5,10.75
부경대,"기계공학부(기계공학전공, 기계설계공학전공)",교과,학생부교과(교과성적우수인재전형),70%컷(최종),3.06,2026,42,5.33
부경대,"나노융합반도체공학부(나노융합공학전공, 차세대반도체공학전공)",교과,학생부교과(교과성적우수인재전형),70%컷(최종),3.52,2026,40,4.2
부경대,"데이터정보과학부(빅데이터융합전공, 통계·데이터사이언스전공)",교과,학생부교과(교과성적우수인재전형),70%컷(최종),3.5,2026,12,11.67
부경대,물리학과,교과,학생부교과(교과성적우수인재전형),70%컷(최종),3.7,2026,8,5.25
부경대,"미디어커뮤니케이션학부(언론정보전공, 미디어ICT공학전공)",교과,학생부교과(교과성적우수인재전형),70%컷(최종),2.75,2026,11,7.73
부경대,미생물학과,교과,학생부교과(교과성적우수인재전형),70%컷(최종),3.56,2026,6,5.33
부경대,생물공학과,교과,학생부교과(교과성적우수인재전형),70%컷(최종),2.66,2026,7,8.43
부경대,생태공학과,교과,학생부교과(교과성적우수인재전형),70%컷(최종),3.71,2026,6,32
부경대,소방공학과,교과,학생부교과(교과성적우수인재전형),70%컷(최종),3.33,2026,7,11.29
부경대,"수산생명과학부(양식응용생명과학전공, 자원생물학전공)",교과,학생부교과(교과성적우수인재전형),70%컷(최종),3.53,2026,20,5.15
부경대,수산생명의학과,교과,학생부교과(교과성적우수인재전형),70%컷(최종),2.06,2026,5,5
부경대,스마트모빌리티공학과,교과,학생부교과(교과성적우수인재전형),70%컷(최종),3.58,2026,10,6.5
부경대,"스마트헬스케어학부(바이오메디컬공학전공, 휴먼바이오융합전공)",교과,학생부교과(교과성적우수인재전형),70%컷(최종),3.81,2026,14,9
부경대,"시스템경영·안전공학부(산업경영공학전공, 기술·데이터공학전공, 안전공학전공)",교과,학생부교과(교과성적우수인재전형),70%컷(최종),3.54,2026,26,8.38
부경대,"식품과학부(식품공학전공, 식품영양학전공)",교과,학생부교과(교과성적우수인재전형),70%컷(최종),3.39,2026,19,5.79
부경대,"에너지수송시스템공학부(냉동공조공학전공, 기계시스템공학전공, 조선해양시스템공학전공)",교과,학생부교과(교과성적우수인재전형),70%컷(최종),3.03,2026,32,5.81
부경대,에너지자원공학과,교과,학생부교과(교과성적우수인재전형),70%컷(최종),3.71,2026,5,9.6
부경대,위성정보융합공학과,교과,학생부교과(교과성적우수인재전형),70%컷(최종),3.85,2026,8,6.38
부경대,"융합소재공학부(금속공학전공, 재료공학전공, 신소재시스템공학전공)",교과,학생부교과(교과성적우수인재전형),70%컷(최종),3.37,2026,35,4.63
부경대,응용수학과,교과,학생부교과(교과성적우수인재전형),70%컷(최종),3.42,2026,7,5.86
부경대,"전기공학부(전기공학전공, 제어계측공학전공, 디스플레이반도체공학전공)",교과,학생부교과(교과성적우수인재전형),70%컷(최종),3.06,2026,48,4
부경대,"전자정보통신공학부(전자공학전공, 정보통신공학전공)",교과,학생부교과(교과성적우수인재전형),70%컷(최종),3.1,2026,31,4
부경대,지속가능대기환경학과,교과,학생부교과(교과성적우수인재전형),70%컷(최종),3.44,2026,8,6.78
부경대,지질환경과학과,교과,학생부교과(교과성적우수인재전형),70%컷(최종),3.84,2026,8,7
부경대,"컴퓨터·인공지능공학부(컴퓨터공학전공, 인공지능전공)",교과,학생부교과(교과성적우수인재전형),70%컷(최종),3.2,2026,30,4.33
부경대,토목공학과,교과,학생부교과(교과성적우수인재전형),70%컷(최종),3.66,2026,13,6.43
부경대,해양공학과,교과,학생부교과(교과성적우수인재전형),70%컷(최종),3.29,2026,8,8.33
부경대,"해양생산시스템관리학부(해양생산학전공, 해양경찰학전공)",교과,학생부교과(교과성적우수인재전형),70%컷(최종),3.7,2026,24,12.76
부경대,"해양수산경영경제학부(해양수산경영학전공, 자원환경경제학전공)",교과,학생부교과(교과성적우수인재전형),70%컷(최종),3.42,2026,19,5.32
부경대,해양학과,교과,학생부교과(교과성적우수인재전형),70%컷(최종),3.61,2026,8,5.89
부경대,화학공학과,교과,학생부교과(교과성적우수인재전형),70%컷(최종),2.47,2026,15,4.53
부경대,화학과,교과,학생부교과(교과성적우수인재전형),70%컷(최종),3.18,2026,8,7.5
부경대,환경공학과,교과,학생부교과(교과성적우수인재전형),70%컷(최종),3.15,2026,7,5.5
부경대,패션디자인학과,교과,학생부교과(교과성적우수인재전형),70%컷(최종),3.51,2026,6,10.5
부경대,해양스포츠학과,교과,학생부교과(교과성적우수인재전형),평균(최종),4.06,2026,2,8.33
부경대,[유형1] 글로벌자율전공학부,교과,학생부교과(교과성적우수인재전형),70%컷(최종),3.57,2026,7,6.14
부경대,[유형1] 자유전공학부,교과,학생부교과(교과성적우수인재전형),70%컷(최종),3.53,2026,246,5.84
부경대,"경영학부(경영학전공, 회계·재무학전공, 관광경영학전공)",교과,학생부교과(일반전형),70%컷(최종),2.47,2026,10,8.7
부경대,경제학과,교과,학생부교과(일반전형),70%컷(최종),2.2,2026,5,14.4
부경대,국어국문학과,교과,학생부교과(일반전형),평균(최종),2.08,2026,3,15
부경대,"국제지역학부(국제학전공, 국제개발협력학전공)",교과,학생부교과(일반전형),평균(최종),2.16,2026,3,8.67
부경대,"국제통상학부(국제통상학전공, 국제무역물류학전공, 국제경영학전공)",교과,학생부교과(일반전형),70%컷(최종),2,2026,5,7.6
부경대,법학과,교과,학생부교과(일반전형),평균(최종),2.41,2026,4,15.67
부경대,"영어영문학부(영어영문학전공, 영어문화·산업전공)",교과,학생부교과(일반전형),70%컷(최종),2.25,2026,5,8.8
부경대,"일어일문학부(일본어문학전공, 일본학전공)",교과,학생부교과(일반전형),70%컷(최종),2,2026,5,13.8
부경대,정치외교학과,교과,학생부교과(일반전형),평균(최종),2.46,2026,3,9
부경대,중국학과,교과,학생부교과(일반전형),평균(최종),2.46,2026,3,16
부경대,"행정복지학부(행정학전공, 사회복지학전공)",교과,학생부교과(일반전형),70%컷(최종),2,2026,5,15.2
부경대,간호학과,교과,학생부교과(일반전형),평균(최종),2.00,2026,3,17.33
부경대,건축공학과<4년>,교과,학생부교과(일반전형),평균(최종),2.95,2026,3,10.67
부경대,건축학과<5년>,교과,학생부교과(일반전형),평균(최종),2.08,2026,4,6.33
부경대,"고분자·화학소재공학부(에너지화학소재공학전공, 고분자공학전공)",교과,학생부교과(일반전형),70%컷(최종),3.51,2026,5,12.2
부경대,"기계공학부(기계공학전공, 기계설계공학전공)",교과,학생부교과(일반전형),70%컷(최종),2.96,2026,10,14.2
부경대,"나노융합반도체공학부(나노융합공학전공, 차세대반도체공학전공)",교과,학생부교과(일반전형),70%컷(최종),3.75,2026,5,6.8
부경대,"데이터정보과학부(빅데이터융합전공, 통계·데이터사이언스전공)",교과,학생부교과(일반전형),평균(최종),2.56,2026,2,9.67
부경대,물리학과,교과,학생부교과(일반전형),평균(최종),3.08,2026,3,15
부경대,"미디어커뮤니케이션학부(언론정보전공, 미디어ICT공학전공)",교과,학생부교과(일반전형),평균(최종),2.00,2026,3,15
부경대,미생물학과,교과,학생부교과(일반전형),평균(최종),2.88,2026,3,7
부경대,생물공학과,교과,학생부교과(일반전형),평균(최종),2.90,2026,3,9.67
부경대,생태공학과,교과,학생부교과(일반전형),평균(최종),3.93,2026,3,13.33
부경대,소방공학과,교과,학생부교과(일반전형),평균(최종),2.25,2026,3,18.33
부경대,"수산생명과학부(양식응용생명과학전공, 자원생물학전공)",교과,학생부교과(일반전형),70%컷(최종),3.23,2026,5,7.6
부경대,수산생명의학과,교과,학생부교과(일반전형),평균(최종),2.50,2026,3,7.67
부경대,스마트모빌리티공학과,교과,학생부교과(일반전형),평균(최종),4.41,2026,3,6.67
부경대,"시스템경영·안전공학부(산업경영공학전공, 기술·데이터공학전공, 안전공학전공)",교과,학생부교과(일반전형),70%컷(최종),3.57,2026,4,7.6
부경대,"식품과학부(식품공학전공, 식품영양학전공)",교과,학생부교과(일반전형),70%컷(최종),3.83,2026,5,8
부경대,"에너지수송시스템공학부(냉동공조공학전공, 기계시스템공학전공, 조선해양시스템공학전공)",교과,학생부교과(일반전형),70%컷(최종),3,2026,5,9.6
부경대,에너지자원공학과,교과,학생부교과(일반전형),평균(최종),3.38,2026,3,9.33
부경대,위성정보융합공학과,교과,학생부교과(일반전형),평균(최종),3.11,2026,2,10.33
부경대,"융합소재공학부(금속공학전공, 재료공학전공, 신소재시스템공학전공)",교과,학생부교과(일반전형),70%컷(최종),3.26,2026,10,9.5
부경대,응용수학과,교과,학생부교과(일반전형),평균(최종),3.27,2026,3,6.33
부경대,"전기공학부(전기공학전공, 제어계측공학전공, 디스플레이반도체공학전공)",교과,학생부교과(일반전형),70%컷(최종),2.93,2026,9,6.6
부경대,"전자정보통신공학부(전자공학전공, 정보통신공학전공)",교과,학생부교과(일반전형),70%컷(최종),2.68,2026,5,7.4
부경대,지속가능대기환경학과,교과,학생부교과(일반전형),평균(최종),3.77,2026,2,7.33
부경대,지질환경과학과,교과,학생부교과(일반전형),평균(최종),3.99,2026,2,8.67
부경대,"컴퓨터·인공지능공학부(컴퓨터공학전공, 인공지능전공)",교과,학생부교과(일반전형),70%컷(최종),3.03,2026,5,10.2
부경대,토목공학과,교과,학생부교과(일반전형),70%컷(최종),3.57,2026,4,11
부경대,해양공학과,교과,학생부교과(일반전형),평균(최종),3.28,2026,2,12
부경대,"해양생산시스템관리학부(해양생산학전공, 해양경찰학전공)",교과,학생부교과(일반전형),평균(최종),3.16,2026,4,13.67
부경대,"해양수산경영경제학부(해양수산경영학전공, 자원환경경제학전공)",교과,학생부교과(일반전형),70%컷(최종),2,2026,5,10.4
부경대,해양학과,교과,학생부교과(일반전형),평균(최종),3.08,2026,2,14.67
부경대,화학공학과,교과,학생부교과(일반전형),70%컷(최종),3.51,2026,4,5.8
부경대,화학과,교과,학생부교과(일반전형),평균(최종),3.48,2026,3,8.33
부경대,환경공학과,교과,학생부교과(일반전형),평균(최종),2.89,2026,2,8.67
부경대,패션디자인학과,교과,학생부교과(일반전형),평균(최종),2.00,2026,3,23.67
부경대,[유형2] 경영대학자유전공학부,종합,학생부종합(학교생활우수인재전형),70%컷(최종),3.96,2026,8,25.25
부경대,[유형2] 인문사회과학대학자유전공학부,종합,학생부종합(학교생활우수인재전형),70%컷(최종),4.07,2026,18,32.72
부경대,"경영학부(경영학전공, 회계·재무학전공, 관광경영학전공)",종합,학생부종합(학교생활우수인재전형),70%컷(최종),3.47,2026,9,19.33
부경대,경제학과,종합,학생부종합(학교생활우수인재전형),70%컷(최종),3.56,2026,6,19.67
부경대,국어국문학과,종합,학생부종합(학교생활우수인재전형),평균(최종),3.88,2026,3,15.67
부경대,"국제지역학부(국제학전공, 국제개발협력학전공)",종합,학생부종합(학교생활우수인재전형),70%컷(최종),4.9,2026,5,45
부경대,"국제통상학부(국제통상학전공, 국제무역물류학전공, 국제경영학전공)",종합,학생부종합(학교생활우수인재전형),70%컷(최종),4.46,2026,7,33.71
부경대,법학과,종합,학생부종합(학교생활우수인재전형),70%컷(최종),3.59,2026,7,12.4
부경대,사학과,종합,학생부종합(학교생활우수인재전형),평균(최종),3.79,2026,3,24.33
부경대,"영어영문학부(영어영문학전공, 영어문화·산업전공)",종합,학생부종합(학교생활우수인재전형),70%컷(최종),3.96,2026,5,14.8
부경대,유아교육과,종합,학생부종합(학교생활우수인재전형),70%컷(최종),3.92,2026,9,18
부경대,"일어일문학부(일본어문학전공, 일본학전공)",종합,학생부종합(학교생활우수인재전형),70%컷(최종),4.41,2026,5,27.2
부경대,정치외교학과,종합,학생부종합(학교생활우수인재전형),평균(최종),3.61,2026,3,13
부경대,중국학과,종합,학생부종합(학교생활우수인재전형),평균(최종),3.61,2026,3,18.5
부경대,"행정복지학부(행정학전공, 사회복지학전공)",종합,학생부종합(학교생활우수인재전형),70%컷(최종),3.61,2026,6,17.67
부경대,[유형2] 공과대학자유전공학부,종합,학생부종합(학교생활우수인재전형),70%컷(최종),3.89,2026,33,14.67
부경대,[유형2] 수산과학대학자유전공학부,종합,학생부종합(학교생활우수인재전형),70%컷(최종),3.99,2026,10,12.83
부경대,[유형2] 자연과학대학자유전공학부,종합,학생부종합(학교생활우수인재전형),70%컷(최종),4.1,2026,6,15.33
부경대,[유형2] 정보융합대학자유전공학부,종합,학생부종합(학교생활우수인재전형),70%컷(최종),3.74,2026,14,16.8
부경대,[유형2] 환경·해양대학자유전공학부,종합,학생부종합(학교생활우수인재전형),70%컷(최종),4.38,2026,8,30
부경대,간호학과,종합,학생부종합(학교생활우수인재전형),평균(최종),3.37,2026,4,20.5
부경대,건축공학과<4년>,종합,학생부종합(학교생활우수인재전형),평균(최종),4.06,2026,3,21
부경대,건축학과<5년>,종합,학생부종합(학교생활우수인재전형),평균(최종),3.65,2026,5,20.5
부경대,"고분자·화학소재공학부(에너지화학소재공학전공, 고분자공학전공)",종합,학생부종합(학교생활우수인재전형),70%컷(최종),3.75,2026,7,17.86
부경대,"기계공학부(기계공학전공, 기계설계공학전공)",종합,학생부종합(학교생활우수인재전형),70%컷(최종),4.08,2026,10,15.8
부경대,"나노융합반도체공학부(나노융합공학전공, 차세대반도체공학전공)",종합,학생부종합(학교생활우수인재전형),70%컷(최종),3.72,2026,12,12.42
부경대,"데이터정보과학부(빅데이터융합전공, 통계·데이터사이언스전공)",종합,학생부종합(학교생활우수인재전형),70%컷(최종),3.95,2026,5,9.6
부경대,물리학과,종합,학생부종합(학교생활우수인재전형),평균(최종),4.40,2026,4,10.75
부경대,"미디어커뮤니케이션학부(언론정보전공, 미디어ICT공학전공)",종합,학생부종합(학교생활우수인재전형),70%컷(최종),3.65,2026,5,17.6
부경대,미생물학과,종합,학생부종합(학교생활우수인재전형),평균(최종),3.55,2026,4,22.5
부경대,생물공학과,종합,학생부종합(학교생활우수인재전형),평균(최종),3.18,2026,4,11.25
부경대,생태공학과,종합,학생부종합(학교생활우수인재전형),평균(최종),3.88,2026,3,14.33
부경대,소방공학과,종합,학생부종합(학교생활우수인재전형),평균(최종),3.38,2026,3,22.33
부경대,"수산생명과학부(양식응용생명과학전공, 자원생물학전공)",종합,학생부종합(학교생활우수인재전형),70%컷(최종),4.07,2026,6,14.5
부경대,수산생명의학과,종합,학생부종합(학교생활우수인재전형),평균(최종),2.54,2026,3,17.67
부경대,"수해양산업교육과(기관공학전공, 냉동공학전공, 식품공학전공, 양식공학전공, 어업공학전공, 항해공학전공)",종합,학생부종합(학교생활우수인재전형),70%컷(최종),4.1,2026,6,8
부경대,스마트모빌리티공학과,종합,학생부종합(학교생활우수인재전형),평균(최종),3.96,2026,4,8.75
부경대,"시스템경영·안전공학부(산업경영공학전공, 기술·데이터공학전공, 안전공학전공)",종합,학생부종합(학교생활우수인재전형),70%컷(최종),3.99,2026,8,13.63
부경대,"식품과학부(식품공학전공, 식품영양학전공)",종합,학생부종합(학교생활우수인재전형),70%컷(최종),4.1,2026,6,31.67
부경대,"에너지수송시스템공학부(냉동공조공학전공, 기계시스템공학전공, 조선해양시스템공학전공)",종합,학생부종합(학교생활우수인재전형),70%컷(최종),3.76,2026,8,13
부경대,에너지자원공학과,종합,학생부종합(학교생활우수인재전형),평균(최종),3.88,2026,4,11.25
부경대,위성정보융합공학과,종합,학생부종합(학교생활우수인재전형),평균(최종),4.05,2026,4,7.5
부경대,"융합소재공학부(금속공학전공, 재료공학전공, 신소재시스템공학전공)",종합,학생부종합(학교생활우수인재전형),70%컷(최종),4.23,2026,9,11
부경대,응용수학과,종합,학생부종합(학교생활우수인재전형),평균(최종),4.01,2026,3,11.67
부경대,"전기공학부(전기공학전공, 제어계측공학전공, 디스플레이반도체공학전공)",종합,학생부종합(학교생활우수인재전형),70%컷(최종),3.51,2026,11,9.91
부경대,"전자정보통신공학부(전자공학전공, 정보통신공학전공)",종합,학생부종합(학교생활우수인재전형),70%컷(최종),3.66,2026,10,7.6
부경대,지속가능대기환경학과,종합,학생부종합(학교생활우수인재전형),평균(최종),3.41,2026,4,13.5
부경대,지질환경과학과,종합,학생부종합(학교생활우수인재전형),평균(최종),4.09,2026,4,14.25
부경대,"컴퓨터·인공지능공학부(컴퓨터공학전공, 인공지능전공)",종합,학생부종합(학교생활우수인재전형),70%컷(최종),3.4,2026,10,13.1
부경대,토목공학과,종합,학생부종합(학교생활우수인재전형),70%컷(최종),4.51,2026,5,16.8
부경대,해양공학과,종합,학생부종합(학교생활우수인재전형),평균(최종),4.01,2026,4,13.5
부경대,"해양생산시스템관리학부(해양생산학전공, 해양경찰학전공)",종합,학생부종합(학교생활우수인재전형),70%컷(최종),4.35,2026,8,16.17
부경대,"해양수산경영경제학부(해양수산경영학전공, 자원환경경제학전공)",종합,학생부종합(학교생활우수인재전형),70%컷(최종),3.87,2026,6,11.83
부경대,해양학과,종합,학생부종합(학교생활우수인재전형),평균(최종),3.60,2026,4,12.5
부경대,화학공학과,종합,학생부종합(학교생활우수인재전형),70%컷(최종),3.32,2026,5,12.8
부경대,화학과,종합,학생부종합(학교생활우수인재전형),평균(최종),3.57,2026,4,11.5
부경대,환경공학과,종합,학생부종합(학교생활우수인재전형),평균(최종),3.68,2026,4,12.5
부경대,패션디자인학과,종합,학생부종합(학교생활우수인재전형),70%컷(최종),4,2024,2,22
부경대,[유형1] 글로벌자율전공학부,종합,학생부종합(학교생활우수인재전형),70%컷(최종),4.03,2026,4,28.25
부경대,[유형2] 경영대학자유전공학부,교과,학생부교과(지역혁신인재전형),70%컷(최종),3.06,2026,3,
부경대,[유형2] 인문사회과학대학자유전공학부,교과,학생부교과(지역혁신인재전형),70%컷(최종),3.4,2026,6,
부경대,"경영학부(경영학전공, 회계·재무학전공, 관광경영학전공)",교과,학생부교과(지역혁신인재전형),70%컷(최종),2.88,2026,18,5.33
부경대,경제학과,교과,학생부교과(지역혁신인재전형),70%컷(최종),3.18,2026,10,9
부경대,국어국문학과,교과,학생부교과(지역혁신인재전형),70%컷(최종),4.08,2026,4,8
부경대,"국제지역학부(국제학전공, 국제개발협력학전공)",교과,학생부교과(지역혁신인재전형),70%컷(최종),3.12,2026,4,7
부경대,"국제통상학부(국제통상학전공, 국제무역물류학전공, 국제경영학전공)",교과,학생부교과(지역혁신인재전형),70%컷(최종),3.16,2026,11,5.91
부경대,디지털금융학과,교과,학생부교과(지역혁신인재전형),평균(최종),3.52,2026,3,9.33
부경대,법학과,교과,학생부교과(지역혁신인재전형),70%컷(최종),2.88,2026,5,8.5
부경대,사학과,교과,학생부교과(지역혁신인재전형),70%컷(최종),3.44,2026,4,10.5
부경대,"영어영문학부(영어영문학전공, 영어문화·산업전공)",교과,학생부교과(지역혁신인재전형),70%컷(최종),3.3,2026,8,7.88
부경대,"일어일문학부(일본어문학전공, 일본학전공)",교과,학생부교과(지역혁신인재전형),70%컷(최종),3.36,2026,10,13
부경대,정치외교학과,교과,학생부교과(지역혁신인재전형),70%컷(최종),3.53,2026,3,7.5
부경대,중국학과,교과,학생부교과(지역혁신인재전형),70%컷(최종),3.53,2026,4,13.33
부경대,"행정복지학부(행정학전공, 사회복지학전공)",교과,학생부교과(지역혁신인재전형),70%컷(최종),3.52,2026,12,5.92
부경대,[유형2] 공과대학자유전공학부,교과,학생부교과(지역혁신인재전형),70%컷(최종),3.28,2026,12,
부경대,[유형2] 수산과학대학자유전공학부,교과,학생부교과(지역혁신인재전형),70%컷(최종),3.54,2026,3,
부경대,[유형2] 자연과학대학자유전공학부,교과,학생부교과(지역혁신인재전형),70%컷(최종),3.49,2026,2,
부경대,[유형2] 정보융합대학자유전공학부,교과,학생부교과(지역혁신인재전형),70%컷(최종),4.23,2026,4,
부경대,[유형2] 환경·해양대학자유전공학부,교과,학생부교과(지역혁신인재전형),평균(최종),3.52,2026,3,
부경대,간호학과,교과,학생부교과(지역혁신인재전형),70%컷(최종),2.95,2026,7,10.29
부경대,건축공학과<4년>,교과,학생부교과(지역혁신인재전형),70%컷(최종),3.77,2026,5,6.6
부경대,건축학과<5년>,교과,학생부교과(지역혁신인재전형),70%컷(최종),3.1,2026,5,6.75
부경대,"고분자·화학소재공학부(에너지화학소재공학전공, 고분자공학전공)",교과,학생부교과(지역혁신인재전형),70%컷(최종),3.39,2026,12,5.58
부경대,과학컴퓨팅학과,교과,학생부교과(지역혁신인재전형),평균(최종),3.77,2026,3,8.33
부경대,"기계공학부(기계공학전공, 기계설계공학전공)",교과,학생부교과(지역혁신인재전형),70%컷(최종),3.06,2026,18,5.67
부경대,"나노융합반도체공학부(나노융합공학전공, 차세대반도체공학전공)",교과,학생부교과(지역혁신인재전형),70%컷(최종),3.26,2026,11,9.91
부경대,"데이터정보과학부(빅데이터융합전공, 통계·데이터사이언스전공)",교과,학생부교과(지역혁신인재전형),70%컷(최종),3.61,2026,4,11.5
부경대,물리학과,교과,학생부교과(지역혁신인재전형),70%컷(최종),3.7,2026,4,7.25
부경대,"미디어커뮤니케이션학부(언론정보전공, 미디어ICT공학전공)",교과,학생부교과(지역혁신인재전형),70%컷(최종),2.87,2026,4,8.75
부경대,미생물학과,교과,학생부교과(지역혁신인재전형),70%컷(최종),3.12,2026,4,5.75
부경대,생물공학과,교과,학생부교과(지역혁신인재전형),70%컷(최종),3.01,2026,4,6.25
부경대,생태공학과,교과,학생부교과(지역혁신인재전형),70%컷(최종),3.88,2026,4,8
부경대,소방공학과,교과,학생부교과(지역혁신인재전형),70%컷(최종),3.64,2026,4,6.5
부경대,"수산생명과학부(양식응용생명과학전공, 자원생물학전공)",교과,학생부교과(지역혁신인재전형),70%컷(최종),3.54,2026,12,7.33
부경대,수산생명의학과,교과,학생부교과(지역혁신인재전형),70%컷(최종),2.26,2026,4,6.25
부경대,스마트모빌리티공학과,교과,학생부교과(지역혁신인재전형),70%컷(최종),3.53,2026,5,7
부경대,"스마트헬스케어학부(바이오메디컬공학전공, 휴먼바이오융합전공)",교과,학생부교과(지역혁신인재전형),평균(최종),3.87,2026,6,15
부경대,"시스템경영·안전공학부(산업경영공학전공, 기술·데이터공학전공, 안전공학전공)",교과,학생부교과(지역혁신인재전형),70%컷(최종),3.68,2026,11,6.91
부경대,"식품과학부(식품공학전공, 식품영양학전공)",교과,학생부교과(지역혁신인재전형),70%컷(최종),3.34,2026,12,6.42
부경대,"에너지수송시스템공학부(냉동공조공학전공, 기계시스템공학전공, 조선해양시스템공학전공)",교과,학생부교과(지역혁신인재전형),70%컷(최종),2.92,2026,18,7
부경대,에너지자원공학과,교과,학생부교과(지역혁신인재전형),70%컷(최종),3.57,2026,4,17.5
부경대,위성정보융합공학과,교과,학생부교과(지역혁신인재전형),70%컷(최종),3.65,2026,4,9
부경대,"융합소재공학부(금속공학전공, 재료공학전공, 신소재시스템공학전공)",교과,학생부교과(지역혁신인재전형),70%컷(최종),3.57,2026,16,6.19
부경대,응용수학과,교과,학생부교과(지역혁신인재전형),70%컷(최종),3.73,2026,4,5.5
부경대,"전기공학부(전기공학전공, 제어계측공학전공, 디스플레이반도체공학전공)",교과,학생부교과(지역혁신인재전형),70%컷(최종),3.06,2026,18,4.89
부경대,"전자정보통신공학부(전자공학전공, 정보통신공학전공)",교과,학생부교과(지역혁신인재전형),70%컷(최종),4.37,2026,18,4.22
부경대,지속가능대기환경학과,교과,학생부교과(지역혁신인재전형),70%컷(최종),3.36,2026,4,7.5
부경대,지질환경과학과,교과,학생부교과(지역혁신인재전형),70%컷(최종),3.89,2026,4,8.5
부경대,"컴퓨터·인공지능공학부(컴퓨터공학전공, 인공지능전공)",교과,학생부교과(지역혁신인재전형),70%컷(최종),3.84,2026,16,4.25
부경대,토목공학과,교과,학생부교과(지역혁신인재전형),70%컷(최종),3.56,2026,7,7.88
부경대,해양공학과,교과,학생부교과(지역혁신인재전형),70%컷(최종),3.39,2026,4,12.25
부경대,"해양생산시스템관리학부(해양생산학전공, 해양경찰학전공)",교과,학생부교과(지역혁신인재전형),70%컷(최종),3.73,2026,7,10.6
부경대,"해양수산경영경제학부(해양수산경영학전공, 자원환경경제학전공)",교과,학생부교과(지역혁신인재전형),70%컷(최종),3.44,2026,12,10
부경대,해양학과,교과,학생부교과(지역혁신인재전형),70%컷(최종),3.73,2026,4,7.5
부경대,화학공학과,교과,학생부교과(지역혁신인재전형),70%컷(최종),2.69,2026,5,6.2
부경대,화학과,교과,학생부교과(지역혁신인재전형),70%컷(최종),3.3,2026,5,3.8
부경대,환경공학과,교과,학생부교과(지역혁신인재전형),70%컷(최종),3.51,2026,4,8.25
부경대,패션디자인학과,교과,학생부교과(지역혁신인재전형),70%컷(최종),3.21,2026,4,10.75
부경대,[유형1] 글로벌자율전공학부,교과,학생부교과(지역혁신인재전형),70%컷(최종),3.43,2026,4,7
부경대,[유형1] 자유전공학부,교과,학생부교과(지역혁신인재전형),70%컷(최종),3.36,2026,61,7.06
부산가톨릭대,병원경영학과,교과,학생부교과(교과우수전형Ⅰ),80%컷(최종),4.7,2025,14,6.84
부산가톨릭대,사회복지학과,교과,학생부교과(교과우수전형Ⅰ),80%컷(최종),5.4,2025,14,11.79
부산가톨릭대,상담심리학과,교과,학생부교과(교과우수전형Ⅰ),80%컷(최종),4.8,2025,11,6.36
부산가톨릭대,유통마케팅학과,교과,학생부교과(교과우수전형Ⅰ),80%컷(최종),5.3,2025,6,8.43
부산가톨릭대,간호학과,교과,학생부교과(교과우수전형Ⅰ),80%컷(최종),2.2,2025,26,14.88
부산가톨릭대,물리치료학과,교과,학생부교과(교과우수전형Ⅰ),80%컷(최종),2.4,2025,10,12.65
부산가톨릭대,방사선학과,교과,학생부교과(교과우수전형Ⅰ),80%컷(최종),2.7,2025,21,10.16
부산가톨릭대,산업안전보건학과,교과,학생부교과(교과우수전형Ⅰ),80%컷(최종),3.8,2025,6,4.11
부산가톨릭대,소방방재학과,교과,학생부교과(교과우수전형Ⅰ),80%컷(최종),5.5,2025,16,9.26
부산가톨릭대,언어청각치료학과,교과,학생부교과(교과우수전형Ⅰ),80%컷(최종),4.9,2025,15,7.94
부산가톨릭대,임상병리학과,교과,학생부교과(교과우수전형Ⅰ),80%컷(최종),2.8,2025,18,12.8
부산가톨릭대,치기공학과,교과,학생부교과(교과우수전형Ⅰ),80%컷(최종),3.9,2025,21,9.86
부산가톨릭대,컴퓨터정보공학과,교과,학생부교과(교과우수전형Ⅰ),80%컷(최종),5.6,2025,8,6.22
부산가톨릭대,[유형2] 자율전공학부,교과,학생부교과(교과우수전형Ⅰ),80%컷(최종),3.8,2025,16,4.86
부산가톨릭대,간호학과,종합,학생부종합(가톨릭지도자추천전형),70%컷(최종),4.07,2026,15,8
부산가톨릭대,물리치료학과,종합,학생부종합(가톨릭지도자추천전형),70%컷(최종),4.54,2026,4,5.5
부산가톨릭대,방사선학과,종합,학생부종합(가톨릭지도자추천전형),평균(최종),4.72,2025,5,5.67
부산가톨릭대,임상병리학과,종합,학생부종합(가톨릭지도자추천전형),평균(최종),5.61,2025,5,6
부산가톨릭대,치기공학과,종합,학생부종합(가톨릭지도자추천전형),평균(최종),6.07,2025,3,3
부산가톨릭대,병원경영학과,종합,학생부종합(고교학생부전형),70%컷(최종),6.67,2026,12,2.46
부산가톨릭대,사회복지학과,종합,학생부종합(고교학생부전형),70%컷(최종),6.53,2026,7,4
부산가톨릭대,상담심리학과,종합,학생부종합(고교학생부전형),70%컷(최종),6.65,2026,3,3.43
부산가톨릭대,유통마케팅학과,종합,학생부종합(고교학생부전형),70%컷(최종),7.19,2026,6,2.43
부산가톨릭대,간호학과,종합,학생부종합(고교학생부전형),70%컷(최종),3.56,2026,26,12.04
부산가톨릭대,물리치료학과,종합,학생부종합(고교학생부전형),70%컷(최종),3.8,2026,14,11.92
부산가톨릭대,방사선학과,종합,학생부종합(고교학생부전형),70%컷(최종),4.31,2026,16,10.74
부산가톨릭대,산업안전보건학과,종합,학생부종합(고교학생부전형),70%컷(최종),5.48,2026,3,1.4
부산가톨릭대,소방방재학과,종합,학생부종합(고교학생부전형),70%컷(최종),6.48,2026,8,3.67
부산가톨릭대,언어청각치료학과,종합,학생부종합(고교학생부전형),70%컷(최종),6.03,2026,13,2.67
부산가톨릭대,임상병리학과,종합,학생부종합(고교학생부전형),70%컷(최종),4.41,2026,18,6
부산가톨릭대,치기공학과,종합,학생부종합(고교학생부전형),70%컷(최종),5.31,2026,20,3.64
부산가톨릭대,컴퓨터정보공학과,종합,학생부종합(고교학생부전형),70%컷(최종),6.81,2026,3,2
부산가톨릭대,병원경영학과,종합,학생부종합(자기추천전형),70%컷(최종),6.63,2024,3,3
부산가톨릭대,사회복지학과,종합,학생부종합(자기추천전형),평균(최종),7.78,2025,3,3
부산가톨릭대,상담심리학과,종합,학생부종합(자기추천전형),평균(최종),7.64,2025,2,2.5
부산가톨릭대,유통마케팅학과,종합,학생부종합(자기추천전형),70%컷(최종),6.85,2026,4,1.2
부산가톨릭대,간호학과,종합,학생부종합(자기추천전형),70%컷(최종),3.52,2026,15,18
부산가톨릭대,물리치료학과,종합,학생부종합(자기추천전형),70%컷(최종),4.6,2026,8,13.2
부산가톨릭대,방사선학과,종합,학생부종합(자기추천전형),70%컷(최종),4.62,2026,9,12.67
부산가톨릭대,산업안전보건학과,종합,학생부종합(자기추천전형),70%컷(최종),6.48,2024,3,1
부산가톨릭대,소방방재학과,종합,학생부종합(자기추천전형),70%컷(최종),6.61,2024,3,2.5
부산가톨릭대,언어청각치료학과,종합,학생부종합(자기추천전형),70%컷(최종),6.33,2024,3,3.33
부산가톨릭대,임상병리학과,종합,학생부종합(자기추천전형),70%컷(최종),4.3,2026,9,7.5
부산가톨릭대,치기공학과,종합,학생부종합(자기추천전형),70%컷(최종),5.78,2026,7,4.33
부산가톨릭대,병원경영학과,종합,학생부종합(지역인재전형),70%컷(최종),6.21,2026,7,2.33
부산가톨릭대,사회복지학과,종합,학생부종합(지역인재전형),70%컷(최종),7.2,2026,3,2
부산가톨릭대,상담심리학과,종합,학생부종합(지역인재전형),70%컷(최종),6.8,2026,3,2.4
부산가톨릭대,유통마케팅학과,종합,학생부종합(지역인재전형),70%컷(최종),6.43,2026,4,1.8
부산가톨릭대,간호학과,종합,학생부종합(지역인재전형),70%컷(최종),3.53,2026,25,16.43
부산가톨릭대,물리치료학과,종합,학생부종합(지역인재전형),70%컷(최종),3.97,2026,16,13.4
부산가톨릭대,방사선학과,종합,학생부종합(지역인재전형),70%컷(최종),4.76,2026,15,8.25
부산가톨릭대,소방방재학과,종합,학생부종합(지역인재전형),70%컷(최종),7.32,2026,5,3
부산가톨릭대,언어청각치료학과,종합,학생부종합(지역인재전형),70%컷(최종),6.43,2026,5,2.4
부산가톨릭대,임상병리학과,종합,학생부종합(지역인재전형),70%컷(최종),4.59,2026,12,6.47
부산가톨릭대,치기공학과,종합,학생부종합(지역인재전형),70%컷(최종),5.64,2026,15,3.93
부산교대,초등교육학부,종합,학생부종합(초등교직적성자전형),70%컷(최종),2.97,2026,65,8.52
부산교대,초등교육학부,종합,학생부종합(지역인재전형),70%컷(최종),2.82,2026,125,5.06
부산대,[유형1] 자유전공학부,논술,논술(논술전형),평균(최종),3.86,2026,15,29.27
부산대,경영학과,논술,논술(논술전형),70%컷(최종),3.66,2026,18,32.9
부산대,국어교육과,논술,논술(논술전형),평균(최종),4.65,2026,3,23.33
부산대,국어국문학과,논술,논술(논술전형),70%컷(최종),5.5,2026,5,16.8
부산대,노어노문학과,논술,논술(논술전형),70%컷(최종),4.83,2026,4,19.8
부산대,독어독문학과,논술,논술(논술전형),평균(최종),1.99,2026,2,17.75
부산대,불어불문학과,논술,논술(논술전형),70%컷(최종),4.16,2026,5,22.2
부산대,사학과,논술,논술(논술전형),평균(최종),1.40,2026,1,29
부산대,수학교육과,논술,논술(논술전형),70%컷(최종),2.94,2026,4,14.5
부산대,언어정보학과,논술,논술(논술전형),70%컷(최종),4.65,2026,5,18.8
부산대,영어교육과,논술,논술(논술전형),평균(최종),3.69,2026,3,19.67
부산대,영어영문학과,논술,논술(논술전형),70%컷(최종),3.98,2026,8,20.75
부산대,예술문화영상학과,논술,논술(논술전형),70%컷(최종),4.97,2026,4,22.25
부산대,유아교육과,논술,논술(논술전형),70%컷(최종),4.03,2026,4,17.75
부산대,일반사회교육과,논술,논술(논술전형),평균(최종),3.92,2026,3,21
부산대,일어일문학과,논술,논술(논술전형),70%컷(최종),4.26,2026,6,20.5
부산대,중어중문학과,논술,논술(논술전형),70%컷(최종),4.84,2026,5,20.2
부산대,지리교육과,논술,논술(논술전형),70%컷(최종),4.09,2026,5,18
부산대,철학과,논술,논술(논술전형),70%컷(최종),4.56,2026,4,22
부산대,한문학과,논술,논술(논술전형),평균(최종),2.01,2026,4,19
부산대,[유형1] 자유전공학부,논술,논술(논술전형),평균(최종),3.83,2026,15,9
부산대,[유형2] 첨단소재자율전공,논술,논술(논술전형),70%컷(최종),3.83,2026,5,8
부산대,[유형2] 첨단융합학부,논술,논술(논술전형),70%컷(최종),3.92,2026,15,6.2
부산대,AI컴퓨터공학부,논술,논술(논술전형),70%컷(최종),3.86,2026,12,6.5
부산대,고분자공학과,논술,논술(논술전형),70%컷(최종),3.83,2026,6,8.83
부산대,기계공학부,논술,논술(논술전형),70%컷(최종),3.66,2026,45,11.44
부산대,대기환경과학과,논술,논술(논술전형),평균(최종),2.13,2026,5,6.6
부산대,반도체공학전공,논술,논술(논술전형),70%컷(최종),4.68,2026,5,11
부산대,사회기반시스템공학과,논술,논술(논술전형),70%컷(최종),3.67,2026,7,8.43
부산대,산업공학부,논술,논술(논술전형),평균(최종),2.01,2026,11,30.5
부산대,수학과,논술,논술(논술전형),70%컷(최종),3.74,2026,5,8.6
부산대,약학부,논술,논술(논술전형),환산평균(최종),0.37,2026,6,
부산대,재료공학부,논술,논술(논술전형),70%컷(최종),3.99,2026,10,8.1
부산대,전기공학전공,논술,논술(논술전형),70%컷(최종),3.98,2026,8,10.43
부산대,전자공학전공,논술,논술(논술전형),70%컷(최종),4.03,2026,6,10.43
부산대,조선·해양공학과,논술,논술(논술전형),70%컷(최종),3.87,2026,5,14
부산대,지구과학교육과,논술,논술(논술전형),평균(최종),3.33,2026,3,9
부산대,지질환경과학과,논술,논술(논술전형),70%컷(최종),4.54,2026,7,6.86
부산대,통계학과,논술,논술(논술전형),70%컷(최종),3.97,2026,7,27.14
부산대,화학과,논술,논술(논술전형),70%컷(최종),3.67,2026,8,9.88
부산대,경영학과,교과,학생부교과(학생부교과전형),70%컷(최종),2.56,2026,40,8.33
부산대,경제학부,교과,학생부교과(학생부교과전형),70%컷(최종),2.69,2026,19,11
부산대,고고학과,교과,학생부교과(학생부교과전형),70%컷(최종),3.4,2026,8,12.63
부산대,공공정책학부,교과,학생부교과(학생부교과전형),70%컷(최종),2.45,2026,6,10.33
부산대,관광컨벤션학과,교과,학생부교과(학생부교과전형),70%컷(최종),3.71,2026,6,16.17
부산대,교육학과,교과,학생부교과(학생부교과전형),70%컷(최종),2.59,2026,4,26.25
부산대,국어교육과,교과,학생부교과(학생부교과전형),70%컷(최종),2.48,2026,9,9.33
부산대,국어국문학과,교과,학생부교과(학생부교과전형),70%컷(최종),3.24,2026,8,19.5
부산대,국제학부,교과,학생부교과(학생부교과전형),70%컷(최종),2.8,2026,6,12.67
부산대,노어노문학과,교과,학생부교과(학생부교과전형),70%컷(최종),3.69,2026,11,14.11
부산대,독어독문학과,교과,학생부교과(학생부교과전형),70%컷(최종),3.93,2026,6,15
부산대,무역학부,교과,학생부교과(학생부교과전형),70%컷(최종),2.76,2026,23,8.83
부산대,문헌정보학과,교과,학생부교과(학생부교과전형),70%컷(최종),2.81,2026,9,11.56
부산대,미디어커뮤니케이션학과,교과,학생부교과(학생부교과전형),70%컷(최종),2.47,2026,11,13.2
부산대,불어불문학과,교과,학생부교과(학생부교과전형),70%컷(최종),3.25,2026,9,16.22
부산대,사학과,교과,학생부교과(학생부교과전형),70%컷(최종),2.99,2026,9,9.63
부산대,사회복지학과,교과,학생부교과(학생부교과전형),70%컷(최종),3.16,2026,10,10.55
부산대,사회학과,교과,학생부교과(학생부교과전형),70%컷(최종),2.9,2026,10,10.4
부산대,수학교육과,교과,학생부교과(학생부교과전형),70%컷(최종),2.28,2026,6,5.5
부산대,실내환경디자인학과,교과,학생부교과(학생부교과전형),70%컷(최종),3.65,2026,7,23.57
부산대,심리학과,교과,학생부교과(학생부교과전형),70%컷(최종),3.02,2026,11,11.55
부산대,아동가족학과,교과,학생부교과(학생부교과전형),70%컷(최종),3.78,2026,7,11.29
부산대,언어정보학과,교과,학생부교과(학생부교과전형),70%컷(최종),3.12,2026,6,12
부산대,역사교육과,교과,학생부교과(학생부교과전형),70%컷(최종),2.89,2026,6,8.67
부산대,영어교육과,교과,학생부교과(학생부교과전형),70%컷(최종),2.48,2026,7,8
부산대,영어영문학과,교과,학생부교과(학생부교과전형),70%컷(최종),2.99,2026,9,17.56
부산대,예술문화영상학과,교과,학생부교과(학생부교과전형),70%컷(최종),2.67,2026,4,10.25
부산대,윤리교육과,교과,학생부교과(학생부교과전형),70%컷(최종),2.58,2026,5,9.6
부산대,의류학과,교과,학생부교과(학생부교과전형),70%컷(최종),3.31,2026,5,16.4
부산대,일반사회교육과,교과,학생부교과(학생부교과전형),70%컷(최종),2.41,2026,8,10.71
부산대,일어일문학과,교과,학생부교과(학생부교과전형),70%컷(최종),3.04,2026,7,15
부산대,정치외교학과,교과,학생부교과(학생부교과전형),70%컷(최종),2.73,2026,10,9.85
부산대,중어중문학과,교과,학생부교과(학생부교과전형),70%컷(최종),3.64,2026,10,21.78
부산대,지리교육과,교과,학생부교과(학생부교과전형),70%컷(최종),3.63,2026,6,14.5
부산대,철학과,교과,학생부교과(학생부교과전형),70%컷(최종),3.06,2026,6,12.5
부산대,특수교육과,교과,학생부교과(학생부교과전형),70%컷(최종),2.66,2026,5,8.83
부산대,한문학과,교과,학생부교과(학생부교과전형),70%컷(최종),3.6,2026,5,18.2
부산대,행정학과,교과,학생부교과(학생부교과전형),70%컷(최종),2.49,2026,6,29.4
부산대,[유형2] 미래도시건축환경융합전공,교과,학생부교과(학생부교과전형),70%컷(최종),2.9,2026,7,14.71
부산대,[유형2] 첨단소재자율전공,교과,학생부교과(학생부교과전형),70%컷(최종),3.12,2026,15,6.33
부산대,[유형2] 첨단융합학부,교과,학생부교과(학생부교과전형),70%컷(최종),3.17,2026,25,6.08
부산대,AI컴퓨터공학부,교과,학생부교과(학생부교과전형),70%컷(최종),2.62,2026,20,6.6
부산대,건축공학과,교과,학생부교과(학생부교과전형),70%컷(최종),3.07,2026,8,6.75
부산대,건축학과,교과,학생부교과(학생부교과전형),70%컷(최종),2.78,2026,7,17.14
부산대,고분자공학과,교과,학생부교과(학생부교과전형),70%컷(최종),3.12,2026,11,11
부산대,기계공학부,교과,학생부교과(학생부교과전형),70%컷(최종),2.44,2026,57,8.63
부산대,대기환경과학과,교과,학생부교과(학생부교과전형),70%컷(최종),3.05,2026,6,9.33
부산대,도시공학과,교과,학생부교과(학생부교과전형),70%컷(최종),2.81,2026,6,13
부산대,물리학과,교과,학생부교과(학생부교과전형),70%컷(최종),3.43,2026,10,8.8
부산대,미생물학과,교과,학생부교과(학생부교과전형),70%컷(최종),2.8,2026,9,5.89
부산대,반도체공학전공,교과,학생부교과(학생부교과전형),70%컷(최종),2.26,2026,9,8.63
부산대,분자생물학과,교과,학생부교과(학생부교과전형),70%컷(최종),2.67,2026,9,9.56
부산대,사회기반시스템공학과,교과,학생부교과(학생부교과전형),70%컷(최종),3.39,2026,14,11.57
부산대,산업공학부,교과,학생부교과(학생부교과전형),70%컷(최종),2.5,2026,20,11.89
부산대,생명과학과,교과,학생부교과(학생부교과전형),70%컷(최종),3.13,2026,12,8.17
부산대,생물교육과,교과,학생부교과(학생부교과전형),70%컷(최종),2.97,2026,7,10.29
부산대,수학과,교과,학생부교과(학생부교과전형),70%컷(최종),3.31,2026,9,5.33
부산대,스마트시티전공,교과,학생부교과(학생부교과전형),70%컷(최종),3.53,2026,11,13.36
부산대,식품영양학과,교과,학생부교과(학생부교과전형),70%컷(최종),3.13,2026,12,4
부산대,유기소재시스템공학과,교과,학생부교과(학생부교과전형),70%컷(최종),2.99,2026,12,5.92
부산대,재료공학부,교과,학생부교과(학생부교과전형),70%컷(최종),2.47,2026,13,9.08
부산대,전기공학전공,교과,학생부교과(학생부교과전형),70%컷(최종),2.19,2026,13,5.94
부산대,전자공학전공,교과,학생부교과(학생부교과전형),70%컷(최종),1.98,2026,17,5.94
부산대,조선·해양공학과,교과,학생부교과(학생부교과전형),70%컷(최종),3.05,2026,14,13
부산대,지구과학교육과,교과,학생부교과(학생부교과전형),70%컷(최종),3.14,2026,7,8.57
부산대,지질환경과학과,교과,학생부교과(학생부교과전형),70%컷(최종),3.37,2026,7,14.71
부산대,통계학과,교과,학생부교과(학생부교과전형),70%컷(최종),2.69,2026,10,15.33
부산대,항공우주공학과,교과,학생부교과(학생부교과전형),70%컷(최종),2.74,2026,15,7
부산대,해양학과,교과,학생부교과(학생부교과전형),70%컷(최종),3.22,2026,7,14.29
부산대,화공생명공학과,교과,학생부교과(학생부교과전형),70%컷(최종),2.09,2026,12,6.67
부산대,화학과,교과,학생부교과(학생부교과전형),70%컷(최종),2.72,2026,15,6
부산대,화학교육과,교과,학생부교과(학생부교과전형),70%컷(최종),3.05,2026,3,7.17
부산대,환경공학과,교과,학생부교과(학생부교과전형),70%컷(최종),2.9,2026,9,11.22
부산대,스포츠과학과,교과,학생부교과(학생부교과전형),70%컷(최종),3.81,2026,17,24.53
부산대,[유형1] 자유전공학부,교과,학생부교과(학생부교과전형),70%컷(최종),2.68,2026,41,11.54
부산대,경영학과,종합,학생부종합(학생부종합전형),70%컷(최종),2.38,2026,30,11
부산대,경제학부,종합,학생부종합(학생부종합전형),70%컷(최종),2.54,2026,14,10.36
부산대,고고학과,종합,학생부종합(학생부종합전형),70%컷(최종),3.68,2026,8,7.75
부산대,공공정책학부,종합,학생부종합(학생부종합전형),70%컷(최종),2.35,2026,5,12.2
부산대,관광컨벤션학과,종합,학생부종합(학생부종합전형),70%컷(최종),2.89,2026,4,10.75
부산대,교육학과,종합,학생부종합(학생부종합전형),70%컷(최종),2.58,2026,6,11
부산대,국어교육과,종합,학생부종합(학생부종합전형),70%컷(최종),2.42,2026,6,10.67
부산대,국어국문학과,종합,학생부종합(학생부종합전형),70%컷(최종),2.95,2026,4,10.5
부산대,국제학부,종합,학생부종합(학생부종합전형),70%컷(최종),3.02,2026,8,19
부산대,노어노문학과,종합,학생부종합(학생부종합전형),70%컷(최종),3.86,2025,3,9.5
부산대,독어독문학과,종합,학생부종합(학생부종합전형),70%컷(최종),4.19,2026,10,6.67
부산대,무역학부,종합,학생부종합(학생부종합전형),70%컷(최종),2.64,2026,6,11.29
부산대,문헌정보학과,종합,학생부종합(학생부종합전형),70%컷(최종),2.95,2026,5,12.6
부산대,사학과,종합,학생부종합(학생부종합전형),70%컷(최종),2.98,2026,7,7.13
부산대,사회학과,종합,학생부종합(학생부종합전형),70%컷(최종),2.99,2026,7,18
부산대,수학교육과,종합,학생부종합(학생부종합전형),70%컷(최종),2.4,2026,9,8.22
부산대,실내환경디자인학과,종합,학생부종합(학생부종합전형),70%컷(최종),3.54,2026,7,10
부산대,아동가족학과,종합,학생부종합(학생부종합전형),70%컷(최종),2.67,2026,5,8
부산대,언어정보학과,종합,학생부종합(학생부종합전형),70%컷(최종),2.98,2026,5,8.8
부산대,역사교육과,종합,학생부종합(학생부종합전형),70%컷(최종),2.48,2026,6,11.17
부산대,영어교육과,종합,학생부종합(학생부종합전형),70%컷(최종),2.65,2026,8,6.13
부산대,영어영문학과,종합,학생부종합(학생부종합전형),70%컷(최종),3.05,2026,7,7.71
부산대,예술문화영상학과,종합,학생부종합(학생부종합전형),70%컷(최종),2.68,2026,5,12.8
부산대,유아교육과,종합,학생부종합(학생부종합전형),70%컷(최종),3.54,2026,7,9
부산대,윤리교육과,종합,학생부종합(학생부종합전형),평균(최종),2.71,2025,3,11.33
부산대,의류학과,종합,학생부종합(학생부종합전형),70%컷(최종),3.68,2026,8,10.63
부산대,일어일문학과,종합,학생부종합(학생부종합전형),70%컷(최종),3.1,2026,7,13.29
부산대,중어중문학과,종합,학생부종합(학생부종합전형),70%컷(최종),3.62,2026,5,10.8
부산대,철학과,종합,학생부종합(학생부종합전형),70%컷(최종),3.16,2026,6,12.67
부산대,특수교육과,종합,학생부종합(학생부종합전형),70%컷(최종),3.2,2026,8,5.83
부산대,한문학과,종합,학생부종합(학생부종합전형),70%컷(최종),4.25,2026,5,8.4
부산대,행정학과,종합,학생부종합(학생부종합전형),70%컷(최종),2.26,2026,5,20
부산대,[유형2] 첨단융합학부,종합,학생부종합(학생부종합전형),70%컷(최종),2.95,2026,42,7.02
부산대,AI컴퓨터공학부,종합,학생부종합(학생부종합전형),70%컷(최종),2.52,2026,12,7.25
부산대,건축공학과,종합,학생부종합(학생부종합전형),70%컷(최종),2.92,2026,7,8.29
부산대,건축학과,종합,학생부종합(학생부종합전형),70%컷(최종),2.63,2026,8,10.75
부산대,고분자공학과,종합,학생부종합(학생부종합전형),70%컷(최종),2.88,2026,10,5.9
부산대,기계공학부,종합,학생부종합(학생부종합전형),70%컷(최종),2.49,2026,30,7.5
부산대,대기환경과학과,종합,학생부종합(학생부종합전형),70%컷(최종),3.09,2026,6,9.83
부산대,도시공학과,종합,학생부종합(학생부종합전형),70%컷(최종),3.07,2026,7,8.43
부산대,물리학과,종합,학생부종합(학생부종합전형),70%컷(최종),2.92,2026,15,7.6
부산대,미생물학과,종합,학생부종합(학생부종합전형),70%컷(최종),2.53,2026,10,6
부산대,반도체공학전공,종합,학생부종합(학생부종합전형),70%컷(최종),2.32,2026,5,10.6
부산대,분자생물학과,종합,학생부종합(학생부종합전형),70%컷(최종),2.57,2026,13,6.08
부산대,사회기반시스템공학과,종합,학생부종합(학생부종합전형),70%컷(최종),3.08,2026,7,7
부산대,산업공학부,종합,학생부종합(학생부종합전형),70%컷(최종),2.7,2026,8,6.3
부산대,생명과학과,종합,학생부종합(학생부종합전형),70%컷(최종),2.31,2026,10,17.3
부산대,생물교육과,종합,학생부종합(학생부종합전형),70%컷(최종),2.19,2026,5,11.8
부산대,수학과,종합,학생부종합(학생부종합전형),70%컷(최종),2.54,2026,6,7.83
부산대,식품영양학과,종합,학생부종합(학생부종합전형),70%컷(최종),2.81,2026,11,6.09
부산대,유기소재시스템공학과,종합,학생부종합(학생부종합전형),70%컷(최종),2.9,2026,13,8.38
부산대,재료공학부,종합,학생부종합(학생부종합전형),70%컷(최종),2.51,2026,12,6.92
부산대,전기공학전공,종합,학생부종합(학생부종합전형),70%컷(최종),2.25,2026,10,7.83
부산대,전자공학전공,종합,학생부종합(학생부종합전형),70%컷(최종),1.94,2026,7,7.83
부산대,조선·해양공학과,종합,학생부종합(학생부종합전형),70%컷(최종),2.99,2026,10,8.2
부산대,지질환경과학과,종합,학생부종합(학생부종합전형),70%컷(최종),3.07,2026,5,9.2
부산대,항공우주공학과,종합,학생부종합(학생부종합전형),70%컷(최종),2.5,2026,9,12.33
부산대,해양학과,종합,학생부종합(학생부종합전형),70%컷(최종),3.04,2026,7,12.57
부산대,화공생명공학과,종합,학생부종합(학생부종합전형),70%컷(최종),1.78,2026,8,19
부산대,화학과,종합,학생부종합(학생부종합전형),70%컷(최종),2.21,2026,6,10.8
부산대,화학교육과,종합,학생부종합(학생부종합전형),70%컷(최종),2.96,2026,8,7.4
부산대,환경공학과,종합,학생부종합(학생부종합전형),70%컷(최종),2.88,2026,14,9.57
부산대,[유형1] 자유전공학부,종합,학생부종합(학생부종합전형),70%컷(최종),2.46,2026,30,16.03
부산대,약학부,논술,논술(지역인재전형),70%컷(최종),2.92,2026,6,52.25
부산대,경영학과,교과,학생부교과(지역인재전형),70%컷(최종),2.52,2026,15,11.07
부산대,경제학부,교과,학생부교과(지역인재전형),70%컷(최종),2.62,2026,14,11.71
부산대,공공정책학부,교과,학생부교과(지역인재전형),70%컷(최종),2.59,2026,4,10
부산대,관광컨벤션학과,교과,학생부교과(지역인재전형),70%컷(최종),2.94,2026,4,11.5
부산대,무역학부,교과,학생부교과(지역인재전형),70%컷(최종),2.89,2026,16,9.2
부산대,문헌정보학과,교과,학생부교과(지역인재전형),70%컷(최종),2.8,2026,5,15
부산대,미디어커뮤니케이션학과,교과,학생부교과(지역인재전형),70%컷(최종),2.89,2026,4,14.4
부산대,사회복지학과,교과,학생부교과(지역인재전형),70%컷(최종),3.44,2026,8,11.36
부산대,사회학과,교과,학생부교과(지역인재전형),70%컷(최종),2.84,2026,5,12.4
부산대,심리학과,교과,학생부교과(지역인재전형),70%컷(최종),2.93,2026,11,12.55
부산대,정치외교학과,교과,학생부교과(지역인재전형),70%컷(최종),2.95,2026,5,14.57
부산대,한문학과,교과,학생부교과(지역인재전형),70%컷(최종),3.39,2026,3,22.33
부산대,행정학과,교과,학생부교과(지역인재전형),70%컷(최종),2.33,2026,5,15.4
부산대,[유형2] 첨단융합학부,교과,학생부교과(지역인재전형),70%컷(최종),3.18,2026,15,8.13
부산대,AI컴퓨터공학부,교과,학생부교과(지역인재전형),70%컷(최종),2.42,2026,9,6.29
부산대,건축공학과,교과,학생부교과(지역인재전형),평균(최종),3.52,2026,4,9.75
부산대,건축학과,교과,학생부교과(지역인재전형),70%컷(최종),2.84,2026,5,20.6
부산대,기계공학부,교과,학생부교과(지역인재전형),70%컷(최종),2.36,2026,37,6.57
부산대,대기환경과학과,교과,학생부교과(지역인재전형),70%컷(최종),3.16,2026,5,9.4
부산대,물리학과,교과,학생부교과(지역인재전형),70%컷(최종),2.84,2026,6,8
부산대,미생물학과,교과,학생부교과(지역인재전형),70%컷(최종),2.89,2026,8,7.88
부산대,반도체공학전공,교과,학생부교과(지역인재전형),70%컷(최종),2.44,2026,6,10.67
부산대,분자생물학과,교과,학생부교과(지역인재전형),70%컷(최종),2.88,2026,5,13.4
부산대,사회기반시스템공학과,교과,학생부교과(지역인재전형),70%컷(최종),3.44,2026,8,13
부산대,생명과학과,교과,학생부교과(지역인재전형),70%컷(최종),2.41,2026,5,7
부산대,수학과,교과,학생부교과(지역인재전형),평균(최종),3.76,2026,5,6.6
부산대,약학부,교과,학생부교과(지역인재전형),70%컷(최종),1.44,2026,12,14.67
부산대,재료공학부,교과,학생부교과(지역인재전형),70%컷(최종),2.4,2026,8,11.63
부산대,전기공학전공,교과,학생부교과(지역인재전형),70%컷(최종),2.1,2026,5,7.43
부산대,전자공학전공,교과,학생부교과(지역인재전형),70%컷(최종),2.18,2026,14,7.43
부산대,조선·해양공학과,교과,학생부교과(지역인재전형),70%컷(최종),2.86,2026,10,15.2
부산대,지질환경과학과,교과,학생부교과(지역인재전형),70%컷(최종),3.53,2026,4,13
부산대,통계학과,교과,학생부교과(지역인재전형),70%컷(최종),2.77,2026,6,27.67
부산대,항공우주공학과,교과,학생부교과(지역인재전형),70%컷(최종),2.63,2026,4,10.25
부산대,해양학과,교과,학생부교과(지역인재전형),70%컷(최종),3.38,2026,6,11.17
부산대,화공생명공학과,교과,학생부교과(지역인재전형),70%컷(최종),2.13,2026,6,7.17
부산대,화학과,교과,학생부교과(지역인재전형),70%컷(최종),2.57,2026,8,6.13
부산대,[유형1] 자유전공학부,교과,학생부교과(지역인재전형),70%컷(최종),2.73,2026,30,12.13
부산대,의류학과,종합,학생부종합(지역인재전형),70%컷(최종),3.39,2026,8,5.88
부산대,[유형2] 첨단융합학부,종합,학생부종합(지역인재전형),70%컷(최종),3,2026,20,6.9
부산대,고분자공학과,종합,학생부종합(지역인재전형),70%컷(최종),2.43,2026,4,7.25
부산대,기계공학부,종합,학생부종합(지역인재전형),70%컷(최종),2.61,2026,15,8.47
부산대,대기환경과학과,종합,학생부종합(지역인재전형),70%컷(최종),2.83,2026,4,10.25
부산대,사회기반시스템공학과,종합,학생부종합(지역인재전형),70%컷(최종),3.04,2026,6,6.5
부산대,약학부,종합,학생부종합(지역인재전형),70%컷(최종),1.51,2026,12,17.33
부산대,재료공학부,종합,학생부종합(지역인재전형),70%컷(최종),2.71,2026,5,7.6
부산대(밀양),식품자원경제학과,교과,학생부교과(학생부교과전형),70%컷(최종),3.42,2026,7,7
부산대(밀양),IT응용공학과,교과,학생부교과(학생부교과전형),70%컷(최종),3.77,2026,5,11.2
부산대(밀양),바이오산업기계공학과,교과,학생부교과(학생부교과전형),70%컷(최종),3.9,2026,14,9.5
부산대(밀양),바이오소재과학과,교과,학생부교과(학생부교과전형),70%컷(최종),3.71,2025,6,5.4
부산대(밀양),바이오환경에너지학과,교과,학생부교과(학생부교과전형),70%컷(최종),4.18,2026,8,12.88
부산대(밀양),생명환경화학과,교과,학생부교과(학생부교과전형),평균(최초),4.33,2025,5,6.4
부산대(밀양),식품공학과,교과,학생부교과(학생부교과전형),70%컷(최종),3.82,2026,12,6.33
부산대(밀양),원예생명과학과,교과,학생부교과(학생부교과전형),70%컷(최종),4.49,2026,6,13.83
부산대(밀양),조경학과,교과,학생부교과(학생부교과전형),70%컷(최종),4.14,2026,10,19
부산대(밀양),식품자원경제학과,종합,학생부종합(학생부종합전형),평균(최종),3.36,2026,5,5.2
부산대(밀양),IT응용공학과,종합,학생부종합(학생부종합전형),평균(최종),3.51,2026,10,7.2
부산대(밀양),바이오산업기계공학과,종합,학생부종합(학생부종합전형),70%컷(최종),4.07,2025,10,7.8
부산대(밀양),바이오소재과학과,종합,학생부종합(학생부종합전형),평균(최종),4.53,2026,8,5.6
부산대(밀양),바이오환경에너지학과,종합,학생부종합(학생부종합전형),평균(최종),3.85,2026,5,6.8
부산대(밀양),생명환경화학과,종합,학생부종합(학생부종합전형),70%컷(최종),4.11,2025,14,10
부산대(밀양),식품공학과,종합,학생부종합(학생부종합전형),평균(최종),3.88,2026,13,8.57
부산대(밀양),원예생명과학과,종합,학생부종합(학생부종합전형),평균(최종),4.08,2026,14,9.54
부산대(밀양),조경학과,종합,학생부종합(학생부종합전형),평균(최종),4.15,2026,12,8
부산대(밀양),IT응용공학과,교과,학생부교과(지역인재전형),70%컷(최종),3.47,2026,5,12
부산대(밀양),바이오소재과학과,교과,학생부교과(지역인재전형),평균(최종),3.74,2025,4,6.2
부산대(밀양),바이오환경에너지학과,교과,학생부교과(지역인재전형),70%컷(최종),3.93,2026,6,20.17
부산대(밀양),조경학과,교과,학생부교과(지역인재전형),70%컷(최종),4.26,2025,3,17.33
부산대(밀양),식품자원경제학과,종합,학생부종합(지역인재전형),평균(최종),3.76,2026,4,5.5
부산대(양산),[유형2] 응용생명융합학부,논술,논술(논술전형),평균(최종),4.70,2026,10,4.1
부산대(양산),[유형2] 응용생명융합학부,교과,학생부교과(학생부교과전형),70%컷(최종),3.89,2026,20,4
부산대(양산),간호학과,교과,학생부교과(학생부교과전형),70%컷(최종),2.34,2026,10,8.4
부산대(양산),의예과,교과,학생부교과(학생부교과전형),70%컷(최종),1.07,2026,10,12.9
부산대(양산),[유형2] 응용생명융합학부,종합,학생부종합(학생부종합전형),70%컷(최종),3.33,2026,25,9
부산대(양산),의예과,논술,논술(지역인재전형),평균(최종),2.49,2025,10,37.33
부산대(양산),한의학전문대학원 학·석사통합과정,논술,논술(지역인재전형),평균(최종),2.96,2025,5,39
부산대(양산),간호학과,교과,학생부교과(지역인재전형),70%컷(최종),2.08,2026,16,10.88
부산대(양산),의예과,교과,학생부교과(지역인재전형),70%컷(최종),1.08,2026,26,8
부산대(양산),치의예과,교과,학생부교과(지역인재전형),70%컷(최종),1.38,2026,20,12.7
부산대(양산),한의학전문대학원 학·석사통합과정,교과,학생부교과(지역인재전형),70%컷(최종),1.53,2026,15,19.14
부산대(양산),간호학과,종합,학생부종합(지역인재전형),70%컷(최종),2.27,2025,14,7.64
부산대(양산),의예과,종합,학생부종합(지역인재전형),70%컷(최종),1.28,2025,30,6.9
부산대(양산),치의예과,종합,학생부종합(지역인재전형),70%컷(최종),1.46,2024,20,9.15
부산외대,항공서비스전공,교과,학생부교과(교과면접전형),70%컷(최종),4.7,2026,40,5.15
부산외대,사회체육전공,교과,학생부교과(교과면접전형),70%컷(최종),4.6,2026,5,4
부산외대,스포츠재활전공,교과,학생부교과(교과면접전형),70%컷(최종),4,2026,8,5.5
부산외대,[유형2] 통합모집(자유전공),교과,학생부교과(교과면접전형),70%컷(최종),5.2,2026,260,1.53
부산외대,항공서비스전공,교과,학생부교과(일반고교과전형),70%컷(최종),2.1,2026,10,6.5
부산외대,[유형2] 통합모집(자유전공),교과,학생부교과(일반고교과전형),70%컷(최종),4.8,2026,599,3.26
부산외대,사회체육전공,종합,학생부종합(학생부서류전형),70%컷(최종),3.2,2026,3,6
부산외대,스포츠재활전공,종합,학생부종합(학생부서류전형),70%컷(최종),4.8,2026,8,4.5
부산외대,[유형2] 통합모집(자유전공),종합,학생부종합(학생부서류전형),70%컷(최종),5.1,2026,175,2.43
삼육대,경영학과,교과,학생부교과(학교장추천전형),70%컷(최종),2.93,2026,6,13.5
삼육대,글로벌한국학과,교과,학생부교과(학교장추천전형),70%컷(최종),3.19,2026,3,19
삼육대,사회복지학과,교과,학생부교과(학교장추천전형),70%컷(최종),3.27,2026,3,12.33
삼육대,상담심리학과,교과,학생부교과(학교장추천전형),70%컷(최종),3.08,2026,4,10.25
삼육대,영어영문학과,교과,학생부교과(학교장추천전형),70%컷(최종),3.18,2026,8,11.36
삼육대,간호학과,교과,학생부교과(학교장추천전형),70%컷(최종),1.98,2026,5,7.6
삼육대,건축학과(5년제),교과,학생부교과(학교장추천전형),70%컷(최종),3.16,2026,5,11.2
삼육대,데이터클라우드공학과,교과,학생부교과(학교장추천전형),70%컷(최종),3.34,2026,4,12.25
삼육대,동물자원과학과,교과,학생부교과(학교장추천전형),70%컷(최종),3.12,2026,3,28.67
삼육대,물리치료학과,교과,학생부교과(학교장추천전형),70%컷(최종),2.24,2026,4,10.25
삼육대,바이오융합공학과,교과,학생부교과(학교장추천전형),70%컷(최종),3.07,2026,4,11
삼육대,보건관리학과,교과,학생부교과(학교장추천전형),70%컷(최종),3.09,2026,5,14.8
삼육대,식품영양학과,교과,학생부교과(학교장추천전형),70%컷(최종),3.24,2026,7,7.71
삼육대,약학과,교과,학생부교과(학교장추천전형),70%컷(최종),1.15,2026,3,19.33
삼육대,인공지능융합학부,교과,학생부교과(학교장추천전형),70%컷(최종),3.13,2026,10,12.5
삼육대,컴퓨터공학부,교과,학생부교과(학교장추천전형),70%컷(최종),4.03,2026,5,8.4
삼육대,화학생명과학과,교과,학생부교과(학교장추천전형),70%컷(최종),3,2026,8,12.8
삼육대,환경디자인원예학과,교과,학생부교과(학교장추천전형),70%컷(최종),3.25,2026,10,9.5
삼육대,인공지능융합학부,종합,학생부종합(S/W인재전형),70%컷(최종),4.05,2026,15,6.94
삼육대,컴퓨터공학부,종합,학생부종합(S/W인재전형),70%컷(최종),3.95,2026,10,9.42
삼육대,경영학과,종합,학생부종합(세움인재전형),70%컷(최종),3.99,2026,12,17.47
삼육대,글로벌한국학과,종합,학생부종합(세움인재전형),70%컷(최종),3.74,2026,6,11
삼육대,사회복지학과,종합,학생부종합(세움인재전형),70%컷(최종),4.02,2026,11,19.75
삼육대,상담심리학과,종합,학생부종합(세움인재전형),70%컷(최종),3.46,2026,15,10.69
삼육대,영어영문학과,종합,학생부종합(세움인재전형),70%컷(최종),3.89,2026,12,8.29
삼육대,유아교육과,종합,학생부종합(세움인재전형),70%컷(최종),4.03,2026,20,10.37
삼육대,항공관광외국어학부,종합,학생부종합(세움인재전형),70%컷(최종),4.37,2026,22,19.25
삼육대,간호학과,종합,학생부종합(세움인재전형),70%컷(최종),2.81,2026,12,13.5
삼육대,건축학과(5년제),종합,학생부종합(세움인재전형),70%컷(최종),3.79,2026,11,18.91
삼육대,데이터클라우드공학과,종합,학생부종합(세움인재전형),70%컷(최종),3.94,2026,7,6.25
삼육대,동물자원과학과,종합,학생부종합(세움인재전형),70%컷(최종),3.56,2026,7,13.13
삼육대,물리치료학과,종합,학생부종합(세움인재전형),70%컷(최종),2.97,2026,9,11.11
삼육대,바이오융합공학과,종합,학생부종합(세움인재전형),70%컷(최종),3.85,2026,8,8
삼육대,보건관리학과,종합,학생부종합(세움인재전형),70%컷(최종),3.51,2026,8,15.14
삼육대,식품영양학과,종합,학생부종합(세움인재전형),70%컷(최종),4.33,2026,11,18.45
삼육대,약학과,종합,학생부종합(세움인재전형),70%컷(최종),1.45,2026,7,15.6
삼육대,인공지능융합학부,종합,학생부종합(세움인재전형),70%컷(최종),3.72,2026,17,6.35
삼육대,컴퓨터공학부,종합,학생부종합(세움인재전형),70%컷(최종),3.67,2026,12,9.55
삼육대,화학생명과학과,종합,학생부종합(세움인재전형),70%컷(최종),3.78,2026,12,10.17
삼육대,환경디자인원예학과,종합,학생부종합(세움인재전형),70%컷(최종),3.92,2026,12,13.56
삼육대,신학과,종합,학생부종합(신학특별전형),70%컷(최종),5.87,2026,38,1.53
삼육대,유아교육과,종합,학생부종합(재림교회목회자추천전형),70%컷(최종),4.93,2026,4,2
삼육대,간호학과,종합,학생부종합(재림교회목회자추천전형),70%컷(최종),3.05,2026,12,3.25
삼육대,건축학과(5년제),종합,학생부종합(재림교회목회자추천전형),70%컷(최종),4.85,2026,4,2.75
삼육대,데이터클라우드공학과,종합,학생부종합(재림교회목회자추천전형),70%컷(최종),5.83,2026,3,3.33
삼육대,물리치료학과,종합,학생부종합(재림교회목회자추천전형),70%컷(최종),3.76,2026,7,3.29
삼육대,약학과,종합,학생부종합(재림교회목회자추천전형),70%컷(최종),1.59,2026,3,8
삼육대,화학생명과학과,종합,학생부종합(재림교회목회자추천전형),70%컷(최종),4.36,2026,6,2.75
상명대,[유형1] 자유전공(인문계열),논술,논술(논술전형),70%컷(최종),4.77,2026,11,95.36
상명대,가족복지학과,논술,논술(논술전형),70%컷(최종),4.57,2026,3,46.33
상명대,경영학부,논술,논술(논술전형),70%컷(최종),4.59,2026,5,67.4
상명대,경제금융학부,논술,논술(논술전형),70%컷(최종),4.41,2026,4,60.5
상명대,공간환경학부,논술,논술(논술전형),70%컷(최종),4.08,2026,3,52.67
상명대,교육학과,논술,논술(논술전형),70%컷(최종),4.63,2026,3,50.67
상명대,국어교육과,논술,논술(논술전형),70%컷(최종),4.9,2026,3,48
상명대,글로벌경영학과,논술,논술(논술전형),70%컷(최종),4.61,2026,4,57
상명대,문헌정보학전공,논술,논술(논술전형),70%컷(최종),4.23,2026,3,48
상명대,역사콘텐츠전공,논술,논술(논술전형),70%컷(최종),3.98,2026,3,54.67
상명대,영어교육과,논술,논술(논술전형),70%컷(최종),4.33,2026,3,52
상명대,지적재산권전공,논술,논술(논술전형),70%컷(최종),4.88,2026,2,52.5
상명대,한일문화콘텐츠전공,논술,논술(논술전형),70%컷(최종),4.27,2026,3,54.33
상명대,행정학부,논술,논술(논술전형),70%컷(최종),4.24,2026,4,59.25
상명대,[유형1] 자유전공(이공계열),논술,논술(논술전형),70%컷(최종),5.15,2026,9,108.78
상명대,게임전공,논술,논술(논술전형),70%컷(최종),3.89,2026,3,62.33
상명대,데이터과학전공,논술,논술(논술전형),70%컷(최종),5.41,2026,3,70
상명대,생명공학전공,논술,논술(논술전형),70%컷(최종),4.32,2026,2,85
상명대,수학교육과,논술,논술(논술전형),70%컷(최종),4.75,2026,3,68.33
상명대,식품영양학전공,논술,논술(논술전형),70%컷(최종),4.05,2026,3,76
상명대,의류학과,논술,논술(논술전형),70%컷(최종),4.61,2026,3,65
상명대,전기공학전공,논술,논술(논술전형),70%컷(최종),5.03,2026,3,77.67
상명대,컴퓨터과학전공,논술,논술(논술전형),70%컷(최종),4.02,2026,3,75.5
상명대,화공신소재전공,논술,논술(논술전형),70%컷(최종),5.51,2026,3,76.67
상명대,화학에너지공학전공,논술,논술(논술전형),70%컷(최종),3.58,2026,3,70.33
상명대,휴먼AI공학전공,논술,논술(논술전형),70%컷(최종),3.81,2026,5,78
상명대,애니메이션전공,논술,논술(논술전형),70%컷(최종),3.82,2026,1,34
상명대,[유형1] 자유전공(인문계열),교과,학생부교과(고교추천전형),70%컷(최종),2.79,2026,56,9.82
상명대,가족복지학과,교과,학생부교과(고교추천전형),70%컷(최종),2.97,2026,5,5.2
상명대,경영학부,교과,학생부교과(고교추천전형),70%컷(최종),2.79,2026,16,5.13
상명대,경제금융학부,교과,학생부교과(고교추천전형),70%컷(최종),2.94,2026,10,4.8
상명대,공간환경학부,교과,학생부교과(고교추천전형),70%컷(최종),2.67,2026,7,4.71
상명대,교육학과,교과,학생부교과(고교추천전형),70%컷(최종),2.78,2026,8,5.5
상명대,국어교육과,교과,학생부교과(고교추천전형),70%컷(최종),2.57,2026,12,8.08
상명대,글로벌경영학과,교과,학생부교과(고교추천전형),70%컷(최종),2.7,2026,14,5.57
상명대,문헌정보학전공,교과,학생부교과(고교추천전형),70%컷(최종),2.76,2026,4,13.75
상명대,역사콘텐츠전공,교과,학생부교과(고교추천전형),70%컷(최종),3.03,2026,6,5
상명대,영어교육과,교과,학생부교과(고교추천전형),70%컷(최종),2.49,2026,11,4.27
상명대,지적재산권전공,교과,학생부교과(고교추천전형),70%컷(최종),3.13,2026,5,6.6
상명대,한일문화콘텐츠전공,교과,학생부교과(고교추천전형),70%컷(최종),2.66,2026,4,6.25
상명대,행정학부,교과,학생부교과(고교추천전형),70%컷(최종),2.75,2026,8,5.13
상명대,[유형1] 자유전공(이공계열),교과,학생부교과(고교추천전형),70%컷(최종),2.64,2026,36,7.67
상명대,게임전공,교과,학생부교과(고교추천전형),70%컷(최종),2.83,2026,7,4.57
상명대,데이터과학전공,교과,학생부교과(고교추천전형),70%컷(최종),2.88,2026,13,3.92
상명대,생명공학전공,교과,학생부교과(고교추천전형),70%컷(최종),2.14,2026,7,4.43
상명대,수학교육과,교과,학생부교과(고교추천전형),70%컷(최종),2.38,2026,9,3.78
상명대,식품영양학전공,교과,학생부교과(고교추천전형),70%컷(최종),2.59,2026,5,10.4
상명대,의류학과,교과,학생부교과(고교추천전형),70%컷(최종),2.79,2026,5,7.2
상명대,전기공학전공,교과,학생부교과(고교추천전형),70%컷(최종),2.52,2026,5,7.2
상명대,컴퓨터과학전공,교과,학생부교과(고교추천전형),70%컷(최종),2.67,2026,18,4.89
상명대,화공신소재전공,교과,학생부교과(고교추천전형),70%컷(최종),3.5,2026,7,3.29
상명대,화학에너지공학전공,교과,학생부교과(고교추천전형),70%컷(최종),3.73,2026,7,3.14
상명대,휴먼AI공학전공,교과,학생부교과(고교추천전형),70%컷(최종),2.79,2026,22,4.23
상명대,[유형1] 자유전공(예체능계열),교과,학생부교과(고교추천전형),70%컷(최종),2.94,2026,12,16
상명대,애니메이션전공,교과,학생부교과(고교추천전형),70%컷(최종),2.36,2026,6,6.83
상명대,국가안보학과,교과,학생부교과(고교추천전형)-국가안보학과,70%컷(최종),4.18,2026,24,10.04
상명대,가족복지학과,종합,학생부종합(상명인재전형),70%컷(최종),3.04,2026,3,16.67
상명대,경영학부,종합,학생부종합(상명인재전형),70%컷(최종),3.02,2026,11,17.73
상명대,경제금융학부,종합,학생부종합(상명인재전형),70%컷(최종),3.27,2026,8,10.5
상명대,공간환경학부,종합,학생부종합(상명인재전형),70%컷(최종),3.23,2026,6,14
상명대,교육학과,종합,학생부종합(상명인재전형),70%컷(최종),3.06,2026,3,24
상명대,국어교육과,종합,학생부종합(상명인재전형),70%컷(최종),2.66,2026,5,22.6
상명대,글로벌경영학과,종합,학생부종합(상명인재전형),70%컷(최종),3.11,2026,10,19.8
상명대,문헌정보학전공,종합,학생부종합(상명인재전형),70%컷(최종),3.29,2026,4,20.25
상명대,역사콘텐츠전공,종합,학생부종합(상명인재전형),70%컷(최종),3.09,2026,5,17.8
상명대,영어교육과,종합,학생부종합(상명인재전형),70%컷(최종),2.71,2026,5,12.2
상명대,지적재산권전공,종합,학생부종합(상명인재전형),70%컷(최종),3.27,2026,2,10.5
상명대,한일문화콘텐츠전공,종합,학생부종합(상명인재전형),70%컷(최종),3.07,2026,3,13.67
상명대,행정학부,종합,학생부종합(상명인재전형),70%컷(최종),3.35,2026,7,14.29
상명대,게임전공,종합,학생부종합(상명인재전형),70%컷(최종),3.51,2026,5,29
상명대,데이터과학전공,종합,학생부종합(상명인재전형),70%컷(최종),3.33,2026,6,11.67
상명대,생명공학전공,종합,학생부종합(상명인재전형),70%컷(최종),2.94,2026,5,26.2
상명대,수학교육과,종합,학생부종합(상명인재전형),70%컷(최종),2.82,2026,4,22.5
상명대,식품영양학전공,종합,학생부종합(상명인재전형),70%컷(최종),2.95,2026,3,29
상명대,의류학과,종합,학생부종합(상명인재전형),70%컷(최종),3.1,2026,3,17.33
상명대,전기공학전공,종합,학생부종합(상명인재전형),70%컷(최종),3.04,2026,4,10.75
상명대,컴퓨터과학전공,종합,학생부종합(상명인재전형),70%컷(최종),3.08,2026,17,10.2
상명대,화공신소재전공,종합,학생부종합(상명인재전형),70%컷(최종),2.65,2026,4,14.25
상명대,화학에너지공학전공,종합,학생부종합(상명인재전형),70%컷(최종),3,2026,5,22.6
상명대,휴먼AI공학전공,종합,학생부종합(상명인재전형),70%컷(최종),3.35,2026,9,12.33
상명대,스포츠건강관리전공,종합,학생부종합(상명인재전형),70%컷(최종),3.76,2026,7,24.67
상명대,애니메이션전공,종합,학생부종합(상명인재전형),70%컷(최종),1.66,2026,2,46
상명대,조형예술전공,종합,학생부종합(상명인재전형),70%컷(최종),3.73,2026,9,12.5
상명대(천안),[유형1] 자유전공(인문사회계열),교과,학생부교과(학생부교과전형),70%컷(최종),3.81,2026,17,5.29
상명대(천안),글로벌금융경영학부,교과,학생부교과(학생부교과전형),70%컷(최종),3.81,2026,21,6.33
상명대(천안),글로벌지역학부,교과,학생부교과(학생부교과전형),70%컷(최종),4,2026,69,6.22
상명대(천안),한국언어문화전공,교과,학생부교과(학생부교과전형),70%컷(최종),4.11,2026,9,5.44
상명대(천안),[유형1] 자유전공(공학계열),교과,학생부교과(학생부교과전형),70%컷(최종),3.64,2026,77,9.51
상명대(천안),AI모빌리티공학과,교과,학생부교과(학생부교과전형),70%컷(최종),4.37,2026,10,13.4
상명대(천안),AI반도체공학과,교과,학생부교과(학생부교과전형),70%컷(최종),4,2026,14,4.93
상명대(천안),간호학과,교과,학생부교과(학생부교과전형),70%컷(최종),2.87,2026,24,5.88
상명대(천안),건설시스템공학과,교과,학생부교과(학생부교과전형),70%컷(최종),4.06,2026,11,9.18
상명대(천안),경영공학과,교과,학생부교과(학생부교과전형),70%컷(최종),3.8,2026,11,8.45
상명대(천안),그린스마트시티학과,교과,학생부교과(학생부교과전형),70%컷(최종),4.16,2026,17,4.71
상명대(천안),그린화학공학과,교과,학생부교과(학생부교과전형),70%컷(최종),4.12,2026,13,5.62
상명대(천안),소프트웨어학과,교과,학생부교과(학생부교과전형),70%컷(최종),4.18,2026,12,4.58
상명대(천안),식품공학과,교과,학생부교과(학생부교과전형),70%컷(최종),3.64,2026,10,7.6
상명대(천안),전자공학과,교과,학생부교과(학생부교과전형),70%컷(최종),4.38,2026,12,5.58
상명대(천안),정보보안공학과,교과,학생부교과(학생부교과전형),70%컷(최종),4.08,2026,12,4.92
상명대(천안),정보통신공학과,교과,학생부교과(학생부교과전형),70%컷(최종),4.62,2026,20,5.6
상명대(천안),휴먼지능로봇공학과,교과,학생부교과(학생부교과전형),70%컷(최종),4.61,2026,13,7.23
상명대(천안),[유형1] 자유전공(디자인/예술계열),교과,학생부교과(학생부교과전형),70%컷(최종),3.03,2026,22,11.05
상명대(천안),AR·VR미디어디자인전공,교과,학생부교과(학생부교과전형),70%컷(최종),2.67,2026,9,7.33
상명대(천안),문화예술경영전공,교과,학생부교과(학생부교과전형),70%컷(최종),3.23,2026,6,4.83
상명대(천안),글로벌금융경영학부,종합,학생부종합(상명인재전형),70%컷(최종),4.27,2026,10,16.1
상명대(천안),글로벌지역학부,종합,학생부종합(상명인재전형),70%컷(최종),4.27,2026,10,21
상명대(천안),한국언어문화전공,종합,학생부종합(상명인재전형),70%컷(최종),4.13,2026,4,11.75
상명대(천안),AI모빌리티공학과,종합,학생부종합(상명인재전형),70%컷(최종),4.13,2026,5,10
상명대(천안),AI반도체공학과,종합,학생부종합(상명인재전형),70%컷(최종),4.71,2026,4,8.25
상명대(천안),간호학과,종합,학생부종합(상명인재전형),70%컷(최종),3.15,2026,10,22.1
상명대(천안),건설시스템공학과,종합,학생부종합(상명인재전형),70%컷(최종),4.45,2026,4,5.75
상명대(천안),경영공학과,종합,학생부종합(상명인재전형),70%컷(최종),5.06,2026,4,10.5
상명대(천안),그린스마트시티학과,종합,학생부종합(상명인재전형),70%컷(최종),4.22,2026,6,13.17
상명대(천안),그린화학공학과,종합,학생부종합(상명인재전형),70%컷(최종),4.51,2026,5,9.6
상명대(천안),소프트웨어학과,종합,학생부종합(상명인재전형),70%컷(최종),4.58,2026,5,9.8
상명대(천안),식품공학과,종합,학생부종합(상명인재전형),70%컷(최종),4.28,2026,9,10.89
상명대(천안),전자공학과,종합,학생부종합(상명인재전형),70%컷(최종),5.12,2026,5,11.8
상명대(천안),정보보안공학과,종합,학생부종합(상명인재전형),70%컷(최종),4.81,2026,5,11.4
상명대(천안),정보통신공학과,종합,학생부종합(상명인재전형),70%컷(최종),5.21,2026,7,10.71
상명대(천안),휴먼지능로봇공학과,종합,학생부종합(상명인재전형),70%컷(최종),5.33,2026,5,6.8
상명대(천안),AI미디어콘텐츠전공,종합,학생부종합(상명인재전형),70%컷(최종),4.12,2026,4,8.5
상명대(천안),AR·VR미디어디자인전공,종합,학생부종합(상명인재전형),70%컷(최종),3.07,2026,4,21.5
상명대(천안),디자인학부,종합,학생부종합(상명인재전형),70%컷(최종),3.6,2026,10,13.5
상명대(천안),디지털만화영상전공,종합,학생부종합(상명인재전형),70%컷(최종),2.82,2026,3,19.67
상명대(천안),무대미술전공,종합,학생부종합(상명인재전형),70%컷(최종),3.3,2026,2,11
상명대(천안),문화예술경영전공,종합,학생부종합(상명인재전형),70%컷(최종),4.36,2026,6,20.5
상명대(천안),사진영상미디어전공,종합,학생부종합(상명인재전형),70%컷(최종),4.9,2026,8,22.75
상명대(천안),스포츠융합학부,종합,학생부종합(상명인재전형),70%컷(최종),4.86,2026,8,13.25
상명대(천안),연극전공(이론),종합,학생부종합(상명인재전형),70%컷(최종),4.11,2026,4,12.25
상명대(천안),영화영상전공(연출·스태프),종합,학생부종합(상명인재전형),70%컷(최종),3.38,2026,9,20.56
상지대,경영학과,교과,학생부교과(교과일반전형),70%컷(최종),4.88,2026,36,4.03
상지대,경찰법학과,교과,학생부교과(교과일반전형),70%컷(최종),4.69,2026,42,4.76
상지대,국제경영학과,교과,학생부교과(교과일반전형),70%컷(최종),6,2026,35,2.94
상지대,군사학과,교과,학생부교과(교과일반전형),70%컷(최종),5.13,2026,22,4.56
상지대,문화콘텐츠학과,교과,학생부교과(교과일반전형),70%컷(최종),5.35,2026,35,5.31
상지대,미디어영상광고학과,교과,학생부교과(교과일반전형),70%컷(최종),4.56,2026,45,6.49
상지대,사회복지학과,교과,학생부교과(교과일반전형),70%컷(최종),4.44,2026,30,5.2
상지대,유아교육학과,교과,학생부교과(교과일반전형),70%컷(최종),4.6,2026,23,6.78
상지대,지역혁신행정학과,교과,학생부교과(교과일반전형),70%컷(최종),6.58,2026,29,2.07
상지대,호텔항공관광경영학과,교과,학생부교과(교과일반전형),70%컷(최종),5.52,2026,35,3.29
상지대,간호학과,교과,학생부교과(교과일반전형),70%컷(최종),2.84,2026,35,10.69
상지대,건설환경공학과,교과,학생부교과(교과일반전형),70%컷(최종),5.92,2026,32,2.53
상지대,동물자원학과,교과,학생부교과(교과일반전형),70%컷(최종),4.44,2026,31,5.13
상지대,물리치료학과,교과,학생부교과(교과일반전형),70%컷(최종),2.27,2026,10,9.9
상지대,보건계열,교과,학생부교과(교과일반전형),70%컷(최종),4.87,2026,75,3.73
상지대,소방공학과,교과,학생부교과(교과일반전형),70%컷(최종),5.25,2026,34,4.59
상지대,소프트웨어학과,교과,학생부교과(교과일반전형),70%컷(최종),5.25,2026,37,2.3
상지대,스마트팜생명과학과,교과,학생부교과(교과일반전형),70%컷(최종),5.05,2026,32,3.56
상지대,임상병리학과,교과,학생부교과(교과일반전형),70%컷(최종),2.9,2026,10,13.5
상지대,작업치료학과,교과,학생부교과(교과일반전형),70%컷(최종),4.29,2026,29,8.93
상지대,전기전자공학과,교과,학생부교과(교과일반전형),70%컷(최종),5.88,2026,37,3
상지대,조경산림학과,교과,학생부교과(교과일반전형),70%컷(최종),5.28,2026,32,2.56
상지대,컴퓨터공학과,교과,학생부교과(교과일반전형),70%컷(최종),5.51,2026,34,3.56
상지대,한의예과,교과,학생부교과(교과일반전형),70%컷(최종),1.22,2026,7,27.43
상지대,리빙디자인학과,교과,학생부교과(교과일반전형),70%컷(최종),4.82,2026,10,2
상지대,만화애니메이션학과,교과,학생부교과(교과일반전형),70%컷(최종),5.17,2026,15,4.5
상지대,산업융합디자인학과,교과,학생부교과(교과일반전형),70%컷(최종),4.5,2026,10,2.25
상지대,자유전공학부,교과,학생부교과(교과일반전형),70%컷(최종),5,2026,70,6.51
상지대,경영학과,종합,학생부종합(종합일반전형),70%컷(최종),4.73,2025,10,2
상지대,경찰법학과,종합,학생부종합(종합일반전형),70%컷(최종),5.14,2025,5,5
상지대,문화콘텐츠학과,종합,학생부종합(종합일반전형),70%컷(최종),4,2025,7,3.29
상지대,미디어영상광고학과,종합,학생부종합(종합일반전형),70%컷(최종),5.25,2025,5,5.6
상지대,사회복지학과,종합,학생부종합(종합일반전형),70%컷(최종),4.57,2025,8,4.75
상지대,유아교육학과,종합,학생부종합(종합일반전형),70%컷(최종),5.78,2025,8,3.1
상지대,호텔항공관광경영학과,종합,학생부종합(종합일반전형),70%컷(최종),6.11,2025,5,2.6
상지대,동물자원학과,종합,학생부종합(종합일반전형),70%컷(최종),4.77,2025,4,4.2
상지대,물리치료학과,종합,학생부종합(종합일반전형),70%컷(최종),2.84,2025,11,7.55
상지대,보건계열,종합,학생부종합(종합일반전형),70%컷(최종),6,2024,10,2.4
상지대,임상병리학과,종합,학생부종합(종합일반전형),70%컷(최종),3.93,2025,12,7.58
상지대,작업치료학과,종합,학생부종합(종합일반전형),70%컷(최종),4.23,2025,10,2.25
상지대,한의예과,종합,학생부종합(종합일반전형),70%컷(최종),1.57,2025,15,23.33
상지대,리빙디자인학과,종합,학생부종합(종합일반전형),70%컷(최종),5.07,2025,5,3.2
상지대,산업융합디자인학과,종합,학생부종합(종합일반전형),70%컷(최종),4.12,2025,5,1.6
상지대,시각영상디자인학과,종합,학생부종합(종합일반전형),70%컷(최종),5.42,2025,10,2.5
상지대,체육학전공,종합,학생부종합(종합일반전형),70%컷(최종),6.25,2025,10,3.9
상지대,자유전공학부,종합,학생부종합(종합일반전형),70%컷(최종),6.44,2025,15,3.3
상지대,경영학과,교과,학생부교과(교과강원인재전형),70%컷(최종),6,2026,7,2.14
상지대,국제경영학과,교과,학생부교과(교과강원인재전형),70%컷(최종),6.42,2026,5,1.6
상지대,군사학과,교과,학생부교과(교과강원인재전형),70%컷(최종),5.1,2026,5,2
상지대,문화콘텐츠학과,교과,학생부교과(교과강원인재전형),70%컷(최종),4.14,2026,3,4
상지대,사회복지학과,교과,학생부교과(교과강원인재전형),70%컷(최종),4.08,2026,5,8.6
상지대,유아교육학과,교과,학생부교과(교과강원인재전형),70%컷(최종),4.65,2026,5,4.2
상지대,지역혁신행정학과,교과,학생부교과(교과강원인재전형),70%컷(최종),4.04,2026,5,0.8
상지대,간호학과,교과,학생부교과(교과강원인재전형),70%컷(최종),2.45,2026,8,8.5
상지대,건설환경공학과,교과,학생부교과(교과강원인재전형),70%컷(최종),6.68,2026,3,1.67
상지대,동물자원학과,교과,학생부교과(교과강원인재전형),70%컷(최종),4.93,2026,4,2.75
상지대,물리치료학과,교과,학생부교과(교과강원인재전형),70%컷(최종),2.98,2026,2,4
상지대,보건계열,교과,학생부교과(교과강원인재전형),70%컷(최종),4.84,2026,10,3.9
상지대,소방공학과,교과,학생부교과(교과강원인재전형),70%컷(최종),4.79,2026,2,6
상지대,소프트웨어학과,교과,학생부교과(교과강원인재전형),70%컷(최종),6.38,2026,3,1.33
상지대,스마트팜생명과학과,교과,학생부교과(교과강원인재전형),70%컷(최종),6.14,2026,3,2.33
상지대,임상병리학과,교과,학생부교과(교과강원인재전형),70%컷(최종),3.67,2026,3,7.33
상지대,작업치료학과,교과,학생부교과(교과강원인재전형),70%컷(최종),4.67,2026,4,6.75
상지대,전기전자공학과,교과,학생부교과(교과강원인재전형),70%컷(최종),5.89,2026,5,4.6
상지대,조경산림학과,교과,학생부교과(교과강원인재전형),70%컷(최종),4.33,2026,3,1
상지대,컴퓨터공학과,교과,학생부교과(교과강원인재전형),70%컷(최종),3.65,2026,4,2.75
상지대,한의예과,교과,학생부교과(교과강원인재전형),70%컷(최종),1.35,2026,4,21
상지대,자유전공학부,교과,학생부교과(교과강원인재전형),70%컷(최종),5.08,2026,15,4.35
상지대,경영학과,종합,학생부종합(종합강원인재전형),70%컷(최종),2.5,2025,2,2
상지대,사회복지학과,종합,학생부종합(종합강원인재전형),70%컷(최종),4.6,2025,4,3
상지대,물리치료학과,종합,학생부종합(종합강원인재전형),70%컷(최종),3.11,2025,2,4
상지대,임상병리학과,종합,학생부종합(종합강원인재전형),70%컷(최종),4.28,2024,3,4.33
상지대,한의예과,종합,학생부종합(종합강원인재전형),70%컷(최종),1.44,2024,8,13.25
서강대,경영학부,교과,학생부교과(지역균형),70%컷(최종),1.6,2026,35,9.48
서강대,경제학과,교과,학생부교과(지역균형),70%컷(최종),1.55,2026,20,9.44
서강대,사회과학부,교과,학생부교과(지역균형),70%컷(최종),1.4,2026,9,12.67
서강대,영문학부,교과,학생부교과(지역균형),70%컷(최종),1.58,2026,10,12.38
서강대,유럽문화학과,교과,학생부교과(지역균형),70%컷(최종),1.65,2026,5,10.6
서강대,인문학부,교과,학생부교과(지역균형),70%컷(최종),1.59,2026,12,13
서강대,중국문화학과,교과,학생부교과(지역균형),70%컷(최종),1.64,2026,5,10.5
서강대,지식융합미디어학부,교과,학생부교과(지역균형),70%컷(최종),1.65,2026,10,9.7
서강대,기계공학과,교과,학생부교과(지역균형),70%컷(최종),1.41,2026,9,9.63
서강대,물리학과,교과,학생부교과(지역균형),70%컷(최종),1.53,2026,6,9.6
서강대,생명과학과,교과,학생부교과(지역균형),70%컷(최종),1.25,2026,6,12.4
서강대,수학과,교과,학생부교과(지역균형),70%컷(최종),1.63,2026,6,8
서강대,시스템반도체공학과,교과,학생부교과(지역균형),70%컷(최종),1.68,2024,3,19.33
서강대,인공지능학과,교과,학생부교과(지역균형),70%컷(최종),1.83,2024,3,10
서강대,전자공학과,교과,학생부교과(지역균형),70%컷(최종),1.37,2026,10,10
서강대,컴퓨터공학과,교과,학생부교과(지역균형),70%컷(최종),1.96,2026,11,8.2
서강대,화공생명공학과,교과,학생부교과(지역균형),70%컷(최종),1.32,2026,11,7.6
서강대,화학과,교과,학생부교과(지역균형),70%컷(최종),1.53,2026,6,9.2
서강대,경영학부,종합,학생부종합(서강가치),70%컷(최종),2.85,2026,3,12.2
서강대,경제학과,종합,학생부종합(서강가치),70%컷(최종),1.00,2026,3,12.67
서강대,사회과학부,종합,학생부종합(서강가치),70%컷(최종),1.00,2026,3,21
서강대,영문학부,종합,학생부종합(서강가치),50%컷(최종),1.00,2026,3,14.33
서강대,인문학부,종합,학생부종합(서강가치),50%컷(최종),1.00,2026,3,16.67
서강대,지식융합미디어학부,종합,학생부종합(서강가치),50%컷(최종),1.00,2026,3,16.67
서강대,기계공학과,종합,학생부종합(서강가치),50%컷(최종),1.00,2026,2,20.5
서강대,물리학과,종합,학생부종합(서강가치),50%컷(최종),1.00,2026,2,14
서강대,생명과학과,종합,학생부종합(서강가치),70%컷(최종),1.00,2026,2,24
서강대,수학과,종합,학생부종합(서강가치),50%컷(최종),1.00,2026,2,14
서강대,전자공학과,종합,학생부종합(서강가치),70%컷(최종),1.00,2026,2,20
서강대,컴퓨터공학과,종합,학생부종합(서강가치),70%컷(최종),1.00,2026,2,17.5
서강대,화공생명공학과,종합,학생부종합(서강가치),50%컷(최종),1.00,2026,2,25.5
서강대,화학과,종합,학생부종합(서강가치),50%컷(최종),1.00,2026,2,17.5
서강대,게페르트국제학부,종합,학생부종합(일반Ⅰ),70%컷(최종),3.63,2026,4,17.6
서강대,경영학부,종합,학생부종합(일반Ⅰ),70%컷(최종),3.34,2026,72,11.58
서강대,경제학과,종합,학생부종합(일반Ⅰ),70%컷(최종),3.33,2026,43,8.56
서강대,국어국문학과,종합,학생부종합(일반Ⅰ),70%컷(최종),3.07,2026,10,11.5
서강대,글로벌한국학부,종합,학생부종합(일반Ⅰ),70%컷(최종),3.5,2026,8,11.88
서강대,미디어&엔터테인먼트학과,종합,학생부종합(일반Ⅰ),70%컷(최종),2.16,2026,11,10.14
서강대,사학과,종합,학생부종합(일반Ⅰ),70%컷(최종),3.86,2026,10,14.4
서강대,사회학과,종합,학생부종합(일반Ⅰ),70%컷(최종),2.42,2026,10,13.82
서강대,신문방송학과,종합,학생부종합(일반Ⅰ),70%컷(최종),2.9,2026,11,10.22
서강대,심리학과,종합,학생부종합(일반Ⅰ),70%컷(최종),1.95,2026,10,13.18
서강대,아트&테크놀로지학과,종합,학생부종합(일반Ⅰ),70%컷(최종),2.53,2026,11,13.71
서강대,영문학부,종합,학생부종합(일반Ⅰ),70%컷(최종),3.43,2026,27,9.74
서강대,유럽문화학과,종합,학생부종합(일반Ⅰ),70%컷(최종),3.23,2026,18,12.5
서강대,정치외교학과,종합,학생부종합(일반Ⅰ),70%컷(최종),1.84,2026,10,11.45
서강대,종교학과,종합,학생부종합(일반Ⅰ),70%컷(최종),3.23,2026,8,13.13
서강대,중국문화학과,종합,학생부종합(일반Ⅰ),70%컷(최종),3.03,2026,12,9.46
서강대,철학과,종합,학생부종합(일반Ⅰ),70%컷(최종),3.57,2026,10,19.6
서강대,기계공학과,종합,학생부종합(일반Ⅰ),70%컷(최종),3.37,2026,25,13.2
서강대,물리학과,종합,학생부종합(일반Ⅰ),70%컷(최종),3.19,2026,14,16.4
서강대,반도체공학과,종합,학생부종합(일반Ⅰ),70%컷(최종),3.37,2026,13,14.57
서강대,생명과학과,종합,학생부종합(일반Ⅰ),70%컷(최종),3.1,2026,18,24.55
서강대,수학과,종합,학생부종합(일반Ⅰ),70%컷(최종),1.92,2026,14,14.31
서강대,시스템반도체공학과,종합,학생부종합(일반Ⅰ),70%컷(최종),3.08,2026,14,27.14
서강대,인공지능학과,종합,학생부종합(일반Ⅰ),70%컷(최종),2.05,2026,12,15.5
서강대,전자공학과,종합,학생부종합(일반Ⅰ),70%컷(최종),3.13,2026,23,12.75
서강대,컴퓨터공학과,종합,학생부종합(일반Ⅰ),70%컷(최종),2.81,2026,29,11.52
서강대,화공생명공학과,종합,학생부종합(일반Ⅰ),70%컷(최종),2.69,2026,29,19.23
서강대,화학과,종합,학생부종합(일반Ⅰ),70%컷(최종),3.13,2026,18,20.65
서강대,[유형1] 인문학기반자유전공학부,종합,학생부종합(일반Ⅱ),70%컷(최종),2.38,2026,20,16.4
서강대,[유형1] AI기반자유전공학부,종합,학생부종합(일반Ⅱ),70%컷(최종),3.09,2026,15,16.8
서강대,[유형1] SCIENCE기반자유전공학부,종합,학생부종합(일반Ⅱ),70%컷(최종),1.85,2026,15,22
서경대,[유형1] 자유전공학부,논술,논술(논술우수자),70%컷(최종),4.88,2025,26,14.5
서경대,미래융합학부1,논술,논술(논술우수자),70%컷(최종),4.62,2025,89,14.21
서경대,미래융합학부2,논술,논술(논술우수자),70%컷(최종),4.88,2025,89,13.61
서경대,군사학과,교과,학생부교과(군사학과),70%컷(최종),4.91,2025,22,9.71
서경대,군사학과,교과,학생부교과(군사학과),70%컷(최종),4.04,2025,8,12.67
서울과학기술대,경영학과(경영학전공),교과,학생부교과(고교추천전형),70%컷(최종),2.2,2025,13,5
서울과학기술대,경영학과(글로벌테크노경영전공),교과,학생부교과(고교추천전형),70%컷(최종),2.24,2025,8,5.56
서울과학기술대,영어영문학과,교과,학생부교과(고교추천전형),70%컷(최종),2.33,2026,9,7.33
서울과학기술대,행정학과,교과,학생부교과(고교추천전형),70%컷(최종),2.33,2026,14,6.06
서울과학기술대,ICT융합공학과,교과,학생부교과(고교추천전형),70%컷(최종),2,2026,13,6.21
서울과학기술대,MSDE학과,교과,학생부교과(고교추천전형),70%컷(최종),1.65,2026,12,6.08
서울과학기술대,건설시스템공학과,교과,학생부교과(고교추천전형),70%컷(최종),2.23,2026,30,4.61
서울과학기술대,건축학부(건축공학전공),교과,학생부교과(고교추천전형),70%컷(최종),2.36,2025,19,5.85
서울과학기술대,건축학부(건축학전공),교과,학생부교과(고교추천전형),70%컷(최종),2.12,2025,12,5.85
서울과학기술대,기계공학과,교과,학생부교과(고교추천전형),70%컷(최종),2,2026,38,5.9
서울과학기술대,기계시스템공학부(미래자동차전공),교과,학생부교과(고교추천전형),70%컷(최종),2.29,2026,14,4.33
서울과학기술대,기계시스템공학부(지능형로봇전공),교과,학생부교과(고교추천전형),70%컷(최종),2.17,2026,26,4.48
서울과학기술대,미래에너지학과,교과,학생부교과(고교추천전형),70%컷(최종),2.13,2026,7,3.88
서울과학기술대,바이오메디컬학과,교과,학생부교과(고교추천전형),70%컷(최종),1.67,2026,6,15.86
서울과학기술대,산업공학부(ITM전공),교과,학생부교과(고교추천전형),70%컷(최종),2,2025,9,4.8
서울과학기술대,산업공학부(산업정보시스템전공),교과,학생부교과(고교추천전형),70%컷(최종),2.21,2025,18,4.63
서울과학기술대,식품생명공학과,교과,학생부교과(고교추천전형),70%컷(최종),1.88,2026,13,6.31
서울과학기술대,신소재공학과,교과,학생부교과(고교추천전형),70%컷(최종),1.83,2026,20,3.89
서울과학기술대,안경광학과,교과,학생부교과(고교추천전형),70%컷(최종),2.22,2026,10,5.27
서울과학기술대,안전공학과,교과,학생부교과(고교추천전형),70%컷(최종),2.23,2026,17,4
서울과학기술대,인공지능응용학과,교과,학생부교과(고교추천전형),70%컷(최종),2.05,2026,27,3.68
서울과학기술대,전기정보공학과,교과,학생부교과(고교추천전형),70%컷(최종),2,2026,27,2.97
서울과학기술대,전자공학과,교과,학생부교과(고교추천전형),70%컷(최종),1.82,2026,22,4.05
서울과학기술대,정밀화학과,교과,학생부교과(고교추천전형),70%컷(최종),1.9,2026,10,7
서울과학기술대,지능형반도체공학과,교과,학생부교과(고교추천전형),70%컷(최종),2,2026,18,3.9
서울과학기술대,컴퓨터공학과,교과,학생부교과(고교추천전형),70%컷(최종),2.13,2026,22,3.32
서울과학기술대,화공생명공학과,교과,학생부교과(고교추천전형),70%컷(최종),2.25,2026,15,3.71
서울과학기술대,환경공학과,교과,학생부교과(고교추천전형),70%컷(최종),2,2026,21,4.5
서울과학기술대,[유형2] 자유전공학부(창의융합대학),교과,학생부교과(고교추천전형),70%컷(최종),2,2026,25,9.6
서울과학기술대,미래에너지학과,종합,학생부종합(창의융합인재전형),70%컷(최종),2.49,2026,7,26.29
서울과학기술대,바이오메디컬학과,종합,학생부종합(창의융합인재전형),70%컷(최종),6.77,2026,12,45.86
서울과학기술대,인공지능응용학과,종합,학생부종합(창의융합인재전형),70%컷(최종),2.69,2026,20,16.25
서울과학기술대,지능형반도체공학과,종합,학생부종합(창의융합인재전형),70%컷(최종),3.53,2026,18,12.26
서울과학기술대,[유형2] 자유전공학부(창의융합대학),종합,학생부종합(창의융합인재전형),70%컷(최종),4.49,2026,25,21.88
서울과학기술대,경영학과(경영학전공),종합,학생부종합(학교생활우수자전형),70%컷(최종),3.89,2026,14,27.85
서울과학기술대,경영학과(글로벌테크노경영전공),종합,학생부종합(학교생활우수자전형),70%컷(최종),3.94,2025,9,20
서울과학기술대,문예창작학과,종합,학생부종합(학교생활우수자전형),70%컷(최종),3.52,2026,31,10.69
서울과학기술대,영어영문학과,종합,학생부종합(학교생활우수자전형),70%컷(최종),4.23,2026,9,19.78
서울과학기술대,행정학과,종합,학생부종합(학교생활우수자전형),70%컷(최종),3.51,2026,13,16
서울과학기술대,ICT융합공학과,종합,학생부종합(학교생활우수자전형),70%컷(최종),2.61,2026,14,26.57
서울과학기술대,MSDE학과,종합,학생부종합(학교생활우수자전형),70%컷(최종),2.43,2026,12,9.08
서울과학기술대,건설시스템공학과,종합,학생부종합(학교생활우수자전형),70%컷(최종),3.33,2026,31,12.07
서울과학기술대,건축학부(건축공학전공),종합,학생부종합(학교생활우수자전형),70%컷(최종),2.99,2025,20,16.23
서울과학기술대,건축학부(건축학전공),종합,학생부종합(학교생활우수자전형),70%컷(최종),2.84,2025,13,16.23
서울과학기술대,기계공학과,종합,학생부종합(학교생활우수자전형),70%컷(최종),3.06,2026,39,14.9
서울과학기술대,기계시스템공학부(미래자동차전공),종합,학생부종합(학교생활우수자전형),70%컷(최종),3.07,2026,15,12.27
서울과학기술대,기계시스템공학부(지능형로봇전공),종합,학생부종합(학교생활우수자전형),70%컷(최종),4.51,2026,26,11.69
서울과학기술대,산업공학부(ITM전공),종합,학생부종합(학교생활우수자전형),70%컷(최종),2.46,2026,10,9.27
서울과학기술대,산업공학부(산업정보시스템전공),종합,학생부종합(학교생활우수자전형),70%컷(최종),3.44,2026,17,15.17
서울과학기술대,식품생명공학과,종합,학생부종합(학교생활우수자전형),70%컷(최종),2.45,2026,14,24.38
서울과학기술대,신소재공학과,종합,학생부종합(학교생활우수자전형),70%컷(최종),2.89,2026,19,21.83
서울과학기술대,안경광학과,종합,학생부종합(학교생활우수자전형),70%컷(최종),3.07,2026,11,10.55
서울과학기술대,안전공학과,종합,학생부종합(학교생활우수자전형),70%컷(최종),3.21,2026,18,17.4
서울과학기술대,전기정보공학과,종합,학생부종합(학교생활우수자전형),70%컷(최종),4.07,2026,27,9.19
서울과학기술대,전자공학과,종합,학생부종합(학교생활우수자전형),70%컷(최종),2.32,2026,23,10.47
서울과학기술대,정밀화학과,종합,학생부종합(학교생활우수자전형),70%컷(최종),2.31,2026,10,20
서울과학기술대,컴퓨터공학과,종합,학생부종합(학교생활우수자전형),70%컷(최종),2.75,2026,22,18.73
서울과학기술대,화공생명공학과,종합,학생부종합(학교생활우수자전형),70%컷(최종),4.4,2026,17,45.56
서울과학기술대,환경공학과,종합,학생부종합(학교생활우수자전형),70%컷(최종),2.51,2026,20,20.77
서울과학기술대,금속공예디자인학과,종합,학생부종합(학교생활우수자전형),70%컷(최종),3.04,2025,3,33
서울과학기술대,스포츠과학과,종합,학생부종합(학교생활우수자전형),70%컷(최종),3.13,2026,15,29.38
서울과학기술대,시각디자인학과,종합,학생부종합(학교생활우수자전형),70%컷(최종),1.85,2025,3,44.67
서울교대,초등교육학과,교과,학생부교과(학교장추천전형),70%컷(최종),1.64,2026,40,3.7
서울교대,초등교육학과,종합,학생부종합(교직인성우수자전형),70%컷(최종),2.07,2026,150,6.49
서울기독대,글로벌휴먼경영,교과,학생부교과(일반전형),70%컷(최종),6.35,2026,26,1.6
서울기독대,사회복지,교과,학생부교과(일반전형),70%컷(최종),5.87,2026,27,5.7
서울대,경영대학,종합,학생부종합(일반전형),70%컷(최종),1.94,2026,47,5.62
서울대,경제학부,종합,학생부종합(일반전형),70%컷(최종),2.11,2026,60,4.93
서울대,고고미술사학과,종합,학생부종합(일반전형),70%컷(최종),2.68,2026,9,11.44
서울대,교육학과,종합,학생부종합(일반전형),70%컷(최종),1.99,2026,11,10.09
서울대,국어교육과,종합,학생부종합(일반전형),70%컷(최종),1.95,2026,9,8.89
서울대,국어국문학과,종합,학생부종합(일반전형),70%컷(최종),2.52,2026,9,10.22
서울대,노어노문학과,종합,학생부종합(일반전형),70%컷(최종),2.16,2026,9,6
서울대,농경제사회학부,종합,학생부종합(일반전형),70%컷(최종),2.45,2026,15,11.53
서울대,독어교육과,종합,학생부종합(일반전형),70%컷(최종),2.79,2026,10,6.5
서울대,독어독문학과,종합,학생부종합(일반전형),70%컷(최종),2.36,2026,9,6.44
서울대,미학과,종합,학생부종합(일반전형),70%컷(최종),2.15,2026,9,12.56
서울대,불어교육과,종합,학생부종합(일반전형),70%컷(최종),2.62,2026,10,5.9
서울대,불어불문학과,종합,학생부종합(일반전형),70%컷(최종),2.37,2026,9,6.11
서울대,사회교육과,종합,학생부종합(일반전형),70%컷(최종),1.91,2026,6,13.17
서울대,사회복지학과,종합,학생부종합(일반전형),70%컷(최종),2.36,2026,7,15.57
서울대,사회학과,종합,학생부종합(일반전형),70%컷(최종),1.93,2026,10,16.5
서울대,서어서문학과,종합,학생부종합(일반전형),70%컷(최종),1.9,2026,9,6.89
서울대,소비자아동학부,종합,학생부종합(일반전형),70%컷(최종),1.51,2025,8,11.25
서울대,심리학과,종합,학생부종합(일반전형),70%컷(최종),2.2,2026,8,11.25
서울대,아동가족학전공,종합,학생부종합(일반전형),70%컷(최종),2.2,2025,10,10.4
서울대,아시아언어문명학부,종합,학생부종합(일반전형),70%컷(최종),2.09,2026,9,9.89
서울대,언론정보학과,종합,학생부종합(일반전형),70%컷(최종),1.67,2026,8,9.58
서울대,언어학과,종합,학생부종합(일반전형),70%컷(최종),1.98,2026,9,9
서울대,역사교육과,종합,학생부종합(일반전형),70%컷(최종),1.67,2026,6,8.17
서울대,역사학부,종합,학생부종합(일반전형),70%컷(최종),2.38,2026,9,12.22
서울대,영어교육과,종합,학생부종합(일반전형),70%컷(최종),2.34,2026,12,7.25
서울대,영어영문학과,종합,학생부종합(일반전형),70%컷(최종),2.1,2026,8,9.22
서울대,윤리교육과,종합,학생부종합(일반전형),70%컷(최종),1.73,2026,9,10.78
서울대,인류학과,종합,학생부종합(일반전형),70%컷(최종),2.37,2026,12,12.25
서울대,정치외교학부,종합,학생부종합(일반전형),70%컷(최종),1.98,2026,25,10.4
서울대,종교학과,종합,학생부종합(일반전형),70%컷(최종),2.49,2026,9,15.33
서울대,중어중문학과,종합,학생부종합(일반전형),70%컷(최종),2.36,2026,9,7.44
서울대,지리교육과,종합,학생부종합(일반전형),70%컷(최종),2.44,2026,6,10.17
서울대,지리학과,종합,학생부종합(일반전형),70%컷(최종),2.34,2026,9,9.89
서울대,철학과,종합,학생부종합(일반전형),70%컷(최종),2.36,2026,9,15.56
서울대,[유형2] 약학계열,종합,학생부종합(일반전형),70%컷(최종),1.58,2025,29,9
서울대,간호대학,종합,학생부종합(일반전형),70%컷(최종),2.01,2026,27,10.96
서울대,건설환경도시공학부,종합,학생부종합(일반전형),70%컷(최종),2.14,2026,26,8.54
서울대,건축학과,종합,학생부종합(일반전형),70%컷(최종),2.69,2026,25,2.5
서울대,기계공학부,종합,학생부종합(일반전형),70%컷(최종),2.26,2026,54,5.43
서울대,물리·천문학부,종합,학생부종합(일반전형),70%컷(최종),1.54,2024,6,10.17
서울대,물리·천문학부,종합,학생부종합(일반전형),70%컷(최종),2.32,2025,20,7.65
서울대,물리교육과,종합,학생부종합(일반전형),70%컷(최종),1.7,2026,7,13.57
서울대,바이오시스템·소재학부,종합,학생부종합(일반전형),70%컷(최종),3.03,2026,20,18.31
서울대,산림과학부,종합,학생부종합(일반전형),70%컷(최종),1.99,2026,19,11.63
서울대,산업공학과,종합,학생부종합(일반전형),70%컷(최종),2.14,2026,18,8.59
서울대,생명과학부,종합,학생부종합(일반전형),70%컷(최종),2.06,2026,27,9.52
서울대,생물교육과,종합,학생부종합(일반전형),70%컷(최종),2.1,2026,7,14.86
서울대,수리과학부,종합,학생부종합(일반전형),70%컷(최종),1.32,2024,16,5.63
서울대,수의예과,종합,학생부종합(일반전형),70%컷(최종),1.68,2026,17,10.71
서울대,수학교육과,종합,학생부종합(일반전형),70%컷(최종),1.59,2026,11,12.09
서울대,스마트시스템과학과,종합,학생부종합(일반전형),70%컷(최종),1.44,2026,10,14.8
서울대,식물생산과학부,종합,학생부종합(일반전형),70%컷(최종),2.6,2026,24,12.04
서울대,식품·동물생명공학부,종합,학생부종합(일반전형),70%컷(최종),2.32,2026,16,12.88
서울대,식품영양학과,종합,학생부종합(일반전형),70%컷(최종),1.75,2026,12,9.92
서울대,에너지자원공학과,종합,학생부종합(일반전형),70%컷(최종),2.78,2026,15,10.27
서울대,원자핵공학과,종합,학생부종합(일반전형),70%컷(최종),2.51,2026,15,11.73
서울대,응용생물화학부,종합,학생부종합(일반전형),70%컷(최종),2.71,2026,15,19.27
서울대,의류학과,종합,학생부종합(일반전형),70%컷(최종),2.23,2026,12,9.08
서울대,의학과,종합,학생부종합(일반전형),70%컷(최종),1.26,2026,50,12.7
서울대,재료공학부,종합,학생부종합(일반전형),70%컷(최종),2.21,2026,44,6.24
서울대,전기·정보공학부,종합,학생부종합(일반전형),70%컷(최종),1.94,2026,80,4.59
서울대,조경·지역시스템공학부,종합,학생부종합(일반전형),70%컷(최종),3.23,2026,14,11.07
서울대,조선해양공학과,종합,학생부종합(일반전형),70%컷(최종),2.82,2026,22,10.32
서울대,지구과학교육과,종합,학생부종합(일반전형),70%컷(최종),2.36,2026,9,7.78
서울대,지구환경과학부,종합,학생부종합(일반전형),70%컷(최종),3.36,2026,20,10.47
서울대,첨단융합학부,종합,학생부종합(일반전형),70%컷(최종),1.91,2026,98,7.58
서울대,치의학과,종합,학생부종합(일반전형),70%컷(최종),1.52,2025,25,9.8
서울대,컴퓨터공학부,종합,학생부종합(일반전형),70%컷(최종),1.32,2026,36,4.31
서울대,통계학과,종합,학생부종합(일반전형),70%컷(최종),1.71,2024,13,6.92
서울대,항공우주공학과,종합,학생부종합(일반전형),70%컷(최종),2.72,2026,18,10.17
서울대,화학교육과,종합,학생부종합(일반전형),70%컷(최종),2.18,2026,7,12.86
서울대,화학부,종합,학생부종합(일반전형),70%컷(최종),2.76,2025,21,9.85
서울대,화학생물공학부,종합,학생부종합(일반전형),70%컷(최종),1.82,2026,47,6
서울대,디자인과,종합,학생부종합(일반전형),70%컷(최종),1.77,2025,7,28.14
서울대,[유형1] 자유전공학부,종합,학생부종합(일반전형),70%컷(최종),2.19,2026,48,10.35
서울대,[유형2] 인문계열,종합,학생부종합(지역균형전형),70%컷(최종),1.39,2026,27,4.44
서울대,경영대학,종합,학생부종합(지역균형전형),70%컷(최종),1.2,2026,26,1.88
서울대,경제학부,종합,학생부종합(지역균형전형),70%컷(최종),1,2026,7,3.86
서울대,국어교육과,종합,학생부종합(지역균형전형),70%컷(최종),1.14,2026,5,2.6
서울대,농경제사회학부,종합,학생부종합(지역균형전형),70%컷(최종),1.38,2026,11,2.64
서울대,독어교육과,종합,학생부종합(지역균형전형),70%컷(최종),1.58,2026,4,4.75
서울대,불어교육과,종합,학생부종합(지역균형전형),70%컷(최종),1.56,2026,4,4.5
서울대,사회교육과,종합,학생부종합(지역균형전형),70%컷(최종),1.32,2026,5,2.8
서울대,사회복지학과,종합,학생부종합(지역균형전형),70%컷(최종),1.3,2026,6,5
서울대,사회학과,종합,학생부종합(지역균형전형),70%컷(최종),1.22,2026,6,3
서울대,소비자아동학부,종합,학생부종합(지역균형전형),70%컷(최종),1.32,2025,6,4.67
서울대,심리학과,종합,학생부종합(지역균형전형),70%컷(최종),1.29,2026,6,2.5
서울대,아동가족학전공,종합,학생부종합(지역균형전형),70%컷(최종),1.44,2025,5,2.8
서울대,역사교육과,종합,학생부종합(지역균형전형),70%컷(최종),1.45,2026,5,2
서울대,역사학부,종합,학생부종합(지역균형전형),70%컷(최종),1.46,2026,9,1.89
서울대,영어교육과,종합,학생부종합(지역균형전형),70%컷(최종),1.26,2026,4,3
서울대,정치외교학부,종합,학생부종합(지역균형전형),70%컷(최종),1.15,2026,17,3.71
서울대,지리교육과,종합,학생부종합(지역균형전형),70%컷(최종),1.62,2026,5,2.6
서울대,지리학과,종합,학생부종합(지역균형전형),70%컷(최종),1.44,2026,6,2.67
서울대,[유형2] 약학계열,종합,학생부종합(지역균형전형),70%컷(최종),1.12,2025,11,9.45
서울대,간호대학,종합,학생부종합(지역균형전형),70%컷(최종),1.35,2026,10,8.4
서울대,건설환경도시공학부,종합,학생부종합(지역균형전형),70%컷(최종),1.44,2026,8,3
서울대,건축학과,종합,학생부종합(지역균형전형),70%컷(최종),1.34,2026,8,6.44
서울대,기계공학부,종합,학생부종합(지역균형전형),70%컷(최종),1.28,2026,16,4.56
서울대,물리·천문학부,종합,학생부종합(지역균형전형),70%컷(최종),1.24,2025,8,4.13
서울대,바이오시스템·소재학부,종합,학생부종합(지역균형전형),70%컷(최종),1.34,2026,10,7.57
서울대,산림과학부,종합,학생부종합(지역균형전형),70%컷(최종),1.44,2026,5,8.2
서울대,산업공학과,종합,학생부종합(지역균형전형),70%컷(최종),1.21,2026,4,5.5
서울대,생명과학부,종합,학생부종합(지역균형전형),70%컷(최종),1.23,2026,7,6.57
서울대,생물교육과,종합,학생부종합(지역균형전형),70%컷(최종),1.26,2025,5,4.2
서울대,수리과학부,종합,학생부종합(지역균형전형),70%컷(최종),1.2,2026,7,2.57
서울대,수의예과,종합,학생부종합(지역균형전형),70%컷(최종),1.15,2026,6,5.17
서울대,수학교육과,종합,학생부종합(지역균형전형),70%컷(최종),1.05,2026,4,2.25
서울대,스마트시스템과학과,종합,학생부종합(지역균형전형),70%컷(최종),1.4,2026,4,6.75
서울대,식물생산과학부,종합,학생부종합(지역균형전형),70%컷(최종),1.34,2025,6,6.33
서울대,식품·동물생명공학부,종합,학생부종합(지역균형전형),70%컷(최종),1.35,2026,6,8.43
서울대,식품영양학과,종합,학생부종합(지역균형전형),70%컷(최종),1.25,2026,4,9
서울대,에너지자원공학과,종합,학생부종합(지역균형전형),70%컷(최종),1.48,2026,5,3.4
서울대,원자핵공학과,종합,학생부종합(지역균형전형),70%컷(최종),1.3,2026,9,3.44
서울대,응용생물화학부,종합,학생부종합(지역균형전형),70%컷(최종),1.23,2025,9,7.56
서울대,의류학과,종합,학생부종합(지역균형전형),70%컷(최종),1.44,2026,8,3.44
서울대,의학과,종합,학생부종합(지역균형전형),70%컷(최종),1.06,2026,39,8.08
서울대,재료공학부,종합,학생부종합(지역균형전형),70%컷(최종),1.24,2026,18,2.93
서울대,전기·정보공학부,종합,학생부종합(지역균형전형),70%컷(최종),1.1,2026,11,3.27
서울대,조경·지역시스템공학부,종합,학생부종합(지역균형전형),70%컷(최종),1.34,2026,5,6.2
서울대,조선해양공학과,종합,학생부종합(지역균형전형),70%컷(최종),1.4,2026,6,7.33
서울대,지구환경과학부,종합,학생부종합(지역균형전형),70%컷(최종),1.46,2026,5,3
서울대,첨단융합학부,종합,학생부종합(지역균형전형),70%컷(최종),1.18,2026,30,5.5
서울대,컴퓨터공학부,종합,학생부종합(지역균형전형),70%컷(최종),1.1,2026,9,2.33
서울대,통계학과,종합,학생부종합(지역균형전형),70%컷(최종),1.21,2026,6,2.5
서울대,항공우주공학과,종합,학생부종합(지역균형전형),70%컷(최종),1.1,2026,4,3.75
서울대,화학교육과,종합,학생부종합(지역균형전형),70%컷(최종),1.43,2026,6,4.33
서울대,화학부,종합,학생부종합(지역균형전형),70%컷(최종),1.23,2026,7,4.86
서울대,화학생물공학부,종합,학생부종합(지역균형전형),70%컷(최종),1.25,2026,15,5.66
서울대,[유형1] 자유전공학부,종합,학생부종합(지역균형전형),70%컷(최종),1.21,2026,20,6.35
서울시립대,[유형1] 자유전공학부(인문),교과,학생부교과(고교추천전형),70%컷(최종),1.91,2026,15,7.87
서울시립대,경제학부,교과,학생부교과(고교추천전형),70%컷(최종),1.82,2026,9,10.07
서울시립대,국사학과,교과,학생부교과(고교추천전형),70%컷(최종),2.31,2025,3,11.33
서울시립대,국어국문학과,교과,학생부교과(고교추천전형),70%컷(최종),2.06,2025,3,8.33
서울시립대,국제관계학과,교과,학생부교과(고교추천전형),70%컷(최종),1.97,2026,6,9.71
서울시립대,도시사회학과,교과,학생부교과(고교추천전형),70%컷(최종),1.9,2026,5,9.8
서울시립대,도시행정학과,교과,학생부교과(고교추천전형),70%컷(최종),1.84,2026,5,12
서울시립대,사회복지학과,교과,학생부교과(고교추천전형),70%컷(최종),1.93,2026,5,9.8
서울시립대,세무학과,교과,학생부교과(고교추천전형),70%컷(최종),1.97,2026,9,11.56
서울시립대,영어영문학과,교과,학생부교과(고교추천전형),70%컷(최종),1.94,2026,4,11.75
서울시립대,중국어문화학과,교과,학생부교과(고교추천전형),70%컷(최종),2.03,2025,3,8.33
서울시립대,철학과,교과,학생부교과(고교추천전형),70%컷(최종),2.12,2025,3,11
서울시립대,행정학과,교과,학생부교과(고교추천전형),70%컷(최종),1.88,2026,14,11.36
서울시립대,[유형1] 자유전공학부(자연),교과,학생부교과(고교추천전형),70%컷(최종),1.67,2026,15,21.87
서울시립대,건축공학전공,교과,학생부교과(고교추천전형),70%컷(최종),1.93,2026,5,11
서울시립대,건축학전공,교과,학생부교과(고교추천전형),70%컷(최종),1.86,2025,3,10.5
서울시립대,공간정보공학과,교과,학생부교과(고교추천전형),70%컷(최종),1.89,2026,5,10.6
서울시립대,교통공학과,교과,학생부교과(고교추천전형),70%컷(최종),1.9,2026,4,20.25
서울시립대,기계정보공학과,교과,학생부교과(고교추천전형),70%컷(최종),1.76,2026,5,13.8
서울시립대,도시공학과,교과,학생부교과(고교추천전형),70%컷(최종),1.82,2025,3,10.67
서울시립대,물리학과,교과,학생부교과(고교추천전형),70%컷(최종),1.79,2025,3,9.33
서울시립대,생명과학과,교과,학생부교과(고교추천전형),70%컷(최종),1.57,2026,5,9.8
서울시립대,수학과,교과,학생부교과(고교추천전형),70%컷(최종),1.97,2026,5,7.4
서울시립대,신소재공학과,교과,학생부교과(고교추천전형),70%컷(최종),1.71,2026,7,10.2
서울시립대,융합응용화학과,교과,학생부교과(고교추천전형),70%컷(최종),1.74,2025,3,8.67
서울시립대,인공지능학과,교과,학생부교과(고교추천전형),70%컷(최종),1.76,2026,10,10
서울시립대,전자전기컴퓨터공학부,교과,학생부교과(고교추천전형),70%컷(최종),1.59,2026,21,9.1
서울시립대,조경학과,교과,학생부교과(고교추천전형),70%컷(최종),2.06,2025,3,13
서울시립대,지능형반도체전공,교과,학생부교과(고교추천전형),70%컷(최종),1.77,2026,6,12
서울시립대,컴퓨터과학부,교과,학생부교과(고교추천전형),70%컷(최종),1.7,2026,8,8.25
서울시립대,토목공학과,교과,학생부교과(고교추천전형),70%컷(최종),1.84,2026,5,14.2
서울시립대,통계학과,교과,학생부교과(고교추천전형),70%컷(최종),1.97,2026,3,9.25
서울시립대,화학공학과,교과,학생부교과(고교추천전형),70%컷(최종),1.62,2026,9,8.56
서울시립대,환경공학부,교과,학생부교과(고교추천전형),70%컷(최종),1.71,2026,10,10.1
서울시립대,환경원예학과,교과,학생부교과(고교추천전형),70%컷(최종),1.75,2026,5,10
서울시립대,경제학부,종합,학생부종합(학생부종합전형Ⅰ(면접형)),70%컷(최종),2.92,2026,10,18.76
서울시립대,국사학과,종합,학생부종합(학생부종합전형Ⅰ(면접형)),70%컷(최종),4.5,2026,11,17.7
서울시립대,국어국문학과,종합,학생부종합(학생부종합전형Ⅰ(면접형)),70%컷(최종),2.48,2026,11,16.18
서울시립대,국제관계학과,종합,학생부종합(학생부종합전형Ⅰ(면접형)),70%컷(최종),2.26,2026,17,23.71
서울시립대,도시사회학과,종합,학생부종합(학생부종합전형Ⅰ(면접형)),70%컷(최종),2.4,2026,12,19.67
서울시립대,도시행정학과,종합,학생부종합(학생부종합전형Ⅰ(면접형)),70%컷(최종),4.19,2026,12,14.25
서울시립대,사회복지학과,종합,학생부종합(학생부종합전형Ⅰ(면접형)),70%컷(최종),2.89,2026,12,20.42
서울시립대,세무학과,종합,학생부종합(학생부종합전형Ⅰ(면접형)),70%컷(최종),4.06,2026,7,14.14
서울시립대,영어영문학과,종합,학생부종합(학생부종합전형Ⅰ(면접형)),70%컷(최종),3.6,2026,18,18.78
서울시립대,중국어문화학과,종합,학생부종합(학생부종합전형Ⅰ(면접형)),70%컷(최종),3.7,2026,10,14.5
서울시립대,철학과,종합,학생부종합(학생부종합전형Ⅰ(면접형)),70%컷(최종),2.95,2026,10,27.3
서울시립대,행정학과,종합,학생부종합(학생부종합전형Ⅰ(면접형)),70%컷(최종),2.54,2026,21,16.05
서울시립대,건축공학전공,종합,학생부종합(학생부종합전형Ⅰ(면접형)),70%컷(최종),3.07,2025,11,17.94
서울시립대,건축학전공,종합,학생부종합(학생부종합전형Ⅰ(면접형)),70%컷(최종),3.07,2025,20,17.94
서울시립대,공간정보공학과,종합,학생부종합(학생부종합전형Ⅰ(면접형)),70%컷(최종),2.19,2026,11,10.86
서울시립대,교통공학과,종합,학생부종합(학생부종합전형Ⅰ(면접형)),70%컷(최종),6.29,2026,7,15.43
서울시립대,기계정보공학과,종합,학생부종합(학생부종합전형Ⅰ(면접형)),70%컷(최종),2.46,2026,11,43.2
서울시립대,도시공학과,종합,학생부종합(학생부종합전형Ⅰ(면접형)),70%컷(최종),2.38,2026,12,12.08
서울시립대,물리학과,종합,학생부종합(학생부종합전형Ⅰ(면접형)),70%컷(최종),2.07,2026,7,23.43
서울시립대,바이오헬스전공,종합,학생부종합(학생부종합전형Ⅰ(면접형)),70%컷(최종),2.22,2025,2,34.33
서울시립대,생명과학과,종합,학생부종합(학생부종합전형Ⅰ(면접형)),70%컷(최종),2.04,2026,10,54
서울시립대,수학과,종합,학생부종합(학생부종합전형Ⅰ(면접형)),70%컷(최종),2.22,2026,7,17.29
서울시립대,신소재공학과,종합,학생부종합(학생부종합전형Ⅰ(면접형)),70%컷(최종),2.16,2026,12,23.75
서울시립대,융합응용화학과,종합,학생부종합(학생부종합전형Ⅰ(면접형)),70%컷(최종),2.3,2026,7,51.86
서울시립대,인공지능학과,종합,학생부종합(학생부종합전형Ⅰ(면접형)),70%컷(최종),2.18,2026,14,23.43
서울시립대,전자전기컴퓨터공학부,종합,학생부종합(학생부종합전형Ⅰ(면접형)),70%컷(최종),2.25,2026,25,27.56
서울시립대,조경학과,종합,학생부종합(학생부종합전형Ⅰ(면접형)),70%컷(최종),2.96,2026,13,13.08
서울시립대,컴퓨터과학부,종합,학생부종합(학생부종합전형Ⅰ(면접형)),70%컷(최종),2.06,2026,12,20.08
서울시립대,토목공학과,종합,학생부종합(학생부종합전형Ⅰ(면접형)),70%컷(최종),2.59,2026,9,11.89
서울시립대,통계학과,종합,학생부종합(학생부종합전형Ⅰ(면접형)),70%컷(최종),2.22,2026,10,18.5
서울시립대,화학공학과,종합,학생부종합(학생부종합전형Ⅰ(면접형)),70%컷(최종),2.1,2026,16,26.87
서울시립대,환경공학부,종합,학생부종합(학생부종합전형Ⅰ(면접형)),70%컷(최종),2.21,2026,15,26.67
서울시립대,환경원예학과,종합,학생부종합(학생부종합전형Ⅰ(면접형)),70%컷(최종),2.44,2026,10,35.1
서울시립대,스포츠과학과,종합,학생부종합(학생부종합전형Ⅰ(면접형)),70%컷(최종),2.48,2026,8,32.38
서울시립대,경영학부,종합,학생부종합(학생부종합전형Ⅱ(서류형)),70%컷(최종),2.24,2026,80,11.59
서울신학대,[유형1] 자율전공학부,교과,학생부교과(교과성적전형),70%컷(최종),3,2026,13,11.08
서울신학대,관광경영학과,교과,학생부교과(교과성적전형),70%컷(최종),4.61,2026,6,4
서울신학대,글로벌경영학과,교과,학생부교과(교과성적전형),70%컷(최종),3.62,2026,9,4.67
서울신학대,기독교교육과,교과,학생부교과(교과성적전형),70%컷(최종),4.75,2026,9,4.11
서울신학대,사회복지학과,교과,학생부교과(교과성적전형),70%컷(최종),3,2026,5,6
서울신학대,신학과,교과,학생부교과(교과성적전형),70%컷(최종),7.28,2026,6,4.17
서울신학대,아동보육학과,교과,학생부교과(교과성적전형),70%컷(최종),3.68,2026,7,9.57
서울신학대,일본어문화콘텐츠학과,교과,학생부교과(교과성적전형),70%컷(최종),3.15,2026,7,5.14
서울신학대,중국언어문화콘텐츠학과,교과,학생부교과(교과성적전형),70%컷(최종),4.36,2026,8,3.22
서울신학대,IT융합학부,교과,학생부교과(교과성적전형),70%컷(최종),3.73,2026,20,6.35
서울신학대,데이터사이언스학과,교과,학생부교과(교과성적전형),70%컷(최종),3.97,2026,4,12.5
서울신학대,기독교교육과,교과,학생부교과(기독교전형),70%컷(최종),5.45,2026,15,3.29
서울신학대,신학과,교과,학생부교과(기독교전형),70%컷(최종),5.41,2026,30,2.33
서울신학대,[유형1] 자율전공학부,교과,학생부교과(일반전형),70%컷(최종),3.88,2026,17,6.85
서울신학대,관광경영학과,교과,학생부교과(일반전형),70%컷(최종),4.38,2026,10,4.4
서울신학대,글로벌경영학과,교과,학생부교과(일반전형),70%컷(최종),3.93,2026,8,4
서울신학대,사회복지학과,교과,학생부교과(일반전형),70%컷(최종),3.88,2026,12,6.17
서울신학대,아동보육학과,교과,학생부교과(일반전형),70%컷(최종),4.97,2026,11,2.73
서울신학대,유아교육과,교과,학생부교과(일반전형),70%컷(최종),4.06,2026,10,10.22
서울신학대,일본어문화콘텐츠학과,교과,학생부교과(일반전형),70%컷(최종),3.96,2026,7,6.86
서울신학대,중국언어문화콘텐츠학과,교과,학생부교과(일반전형),70%컷(최종),4.66,2026,8,3.5
서울신학대,IT융합학부,교과,학생부교과(일반전형),70%컷(최종),4.52,2026,24,3
서울신학대,데이터사이언스학과,교과,학생부교과(일반전형),70%컷(최종),5.18,2026,6,4.13
서울신학대,관광경영학과,종합,학생부종합(H+인재전형),70%컷(최종),5.37,2026,8,3.5
서울신학대,글로벌경영학과,종합,학생부종합(H+인재전형),70%컷(최종),5.19,2026,6,2.67
서울신학대,기독교교육과,종합,학생부종합(H+인재전형),70%컷(최종),5.83,2026,11,2.73
서울신학대,사회복지학과,종합,학생부종합(H+인재전형),70%컷(최종),5.36,2026,14,3.2
서울신학대,신학과,종합,학생부종합(H+인재전형),70%컷(최종),6.72,2026,6,3.67
서울신학대,아동보육학과,종합,학생부종합(H+인재전형),70%컷(최종),6.09,2026,9,3.09
서울신학대,유아교육과,종합,학생부종합(H+인재전형),70%컷(최종),5.13,2026,13,5.69
서울신학대,일본어문화콘텐츠학과,종합,학생부종합(H+인재전형),70%컷(최종),4.39,2026,6,5.17
서울신학대,중국언어문화콘텐츠학과,종합,학생부종합(H+인재전형),70%컷(최종),5.69,2026,5,2.2
서울신학대,IT융합학부,종합,학생부종합(H+인재전형),70%컷(최종),5.69,2026,10,3.1
서울여대,AI융합콘텐츠전공,교과,학생부교과(교과우수자전형),70%컷(최종),3.14,2026,4,13.5
서울여대,경영학과,교과,학생부교과(교과우수자전형),70%컷(최종),2.77,2026,11,12.5
서울여대,경제학과,교과,학생부교과(교과우수자전형),70%컷(최종),3.02,2026,7,12.71
서울여대,국어국문학과,교과,학생부교과(교과우수자전형),70%컷(최종),3.13,2026,7,26.43
서울여대,독일문화콘텐츠전공,교과,학생부교과(교과우수자전형),70%컷(최종),3.08,2026,5,14.6
서울여대,디지털미디어학과,교과,학생부교과(교과우수자전형),70%컷(최종),3.14,2026,8,19.86
서울여대,문헌정보학과,교과,학생부교과(교과우수자전형),70%컷(최종),2.81,2026,5,15.75
서울여대,사학과,교과,학생부교과(교과우수자전형),70%컷(최종),2.86,2026,4,16.25
서울여대,사회복지학과,교과,학생부교과(교과우수자전형),70%컷(최종),2.96,2026,6,16.17
서울여대,심리·인지과학학부,교과,학생부교과(교과우수자전형),70%컷(최종),2.79,2026,6,15.17
서울여대,아동학과,교과,학생부교과(교과우수자전형),70%컷(최종),3.21,2026,9,14.13
서울여대,언론영상학부,교과,학생부교과(교과우수자전형),70%컷(최종),2.78,2026,10,10.44
서울여대,영어영문학과,교과,학생부교과(교과우수자전형),70%컷(최종),2.85,2026,7,11.29
서울여대,일어일문학과,교과,학생부교과(교과우수자전형),70%컷(최종),3.1,2026,6,15
서울여대,중어중문학과,교과,학생부교과(교과우수자전형),70%컷(최종),3.07,2026,5,12.75
서울여대,프랑스문화콘텐츠전공,교과,학생부교과(교과우수자전형),70%컷(최종),3.26,2026,5,18.75
서울여대,행정학과,교과,학생부교과(교과우수자전형),70%컷(최종),3.05,2026,7,16
서울여대,데이터사이언스전공,교과,학생부교과(교과우수자전형),70%컷(최종),3.01,2026,6,9
서울여대,바이오헬스융합학과,교과,학생부교과(교과우수자전형),70%컷(최종),2.59,2026,6,11.5
서울여대,생명환경공학과,교과,학생부교과(교과우수자전형),70%컷(최종),2.64,2026,5,19
서울여대,소프트웨어전공,교과,학생부교과(교과우수자전형),70%컷(최종),3.38,2026,5,7.2
서울여대,수학과,교과,학생부교과(교과우수자전형),70%컷(최종),2.99,2026,4,6.25
서울여대,식품생명공학과,교과,학생부교과(교과우수자전형),70%컷(최종),2.91,2026,6,18.33
서울여대,식품영양학과,교과,학생부교과(교과우수자전형),70%컷(최종),2.59,2026,6,9.33
서울여대,원예생명조경학과,교과,학생부교과(교과우수자전형),70%컷(최종),2.92,2026,8,10.71
서울여대,지능정보보호학부,교과,학생부교과(교과우수자전형),70%컷(최종),2.94,2026,7,10.71
서울여대,화학과,교과,학생부교과(교과우수자전형),70%컷(최종),2.75,2026,6,5.8
서울여대,첨단미디어디자인전공,교과,학생부교과(교과우수자전형),70%컷(최종),2.71,2026,5,6.4
서울여대,패션산업학과,교과,학생부교과(교과우수자전형),70%컷(최종),2.95,2026,5,6.8
서울여대,디지털미디어학과,종합,학생부종합(SW융합인재전형),70%컷(최종),4.4,2026,8,12.25
서울여대,데이터사이언스전공,종합,학생부종합(SW융합인재전형),70%컷(최종),4,2026,7,11.86
서울여대,소프트웨어전공,종합,학생부종합(SW융합인재전형),70%컷(최종),3.7,2026,6,8.17
서울여대,지능정보보호학부,종합,학생부종합(SW융합인재전형),70%컷(최종),3.89,2026,8,7.5
서울여대,기독교학과,종합,학생부종합(기독교지도자전형),70%컷(최종),4.4,2026,23,7.83
서울여대,AI융합콘텐츠전공,종합,학생부종합(바롬인재면접전형),70%컷(최종),3.39,2026,5,18.17
서울여대,경영학과,종합,학생부종합(바롬인재면접전형),70%컷(최종),3.66,2026,14,22.14
서울여대,경제학과,종합,학생부종합(바롬인재면접전형),70%컷(최종),3.56,2026,8,10.25
서울여대,국어국문학과,종합,학생부종합(바롬인재면접전형),70%컷(최종),3.25,2026,8,16.25
서울여대,독일문화콘텐츠전공,종합,학생부종합(바롬인재면접전형),70%컷(최종),4.3,2026,7,13
서울여대,문헌정보학과,종합,학생부종합(바롬인재면접전형),70%컷(최종),3.79,2026,5,11.83
서울여대,사학과,종합,학생부종합(바롬인재면접전형),70%컷(최종),3.85,2026,4,18.5
서울여대,사회복지학과,종합,학생부종합(바롬인재면접전형),70%컷(최종),4.17,2026,8,26.38
서울여대,심리·인지과학학부,종합,학생부종합(바롬인재면접전형),70%컷(최종),3.31,2026,8,18.88
서울여대,아동학과,종합,학생부종합(바롬인재면접전형),70%컷(최종),3.62,2026,8,15
서울여대,언론영상학부,종합,학생부종합(바롬인재면접전형),70%컷(최종),3.31,2026,14,20.57
서울여대,영어영문학과,종합,학생부종합(바롬인재면접전형),70%컷(최종),3.42,2026,8,21
서울여대,일어일문학과,종합,학생부종합(바롬인재면접전형),70%컷(최종),3.86,2026,8,16.63
서울여대,중어중문학과,종합,학생부종합(바롬인재면접전형),70%컷(최종),4.1,2026,5,16.17
서울여대,프랑스문화콘텐츠전공,종합,학생부종합(바롬인재면접전형),70%컷(최종),4.71,2026,5,16.67
서울여대,행정학과,종합,학생부종합(바롬인재면접전형),70%컷(최종),3.24,2026,8,12.88
서울여대,바이오헬스융합학과,종합,학생부종합(바롬인재면접전형),70%컷(최종),3.37,2026,8,25
서울여대,생명환경공학과,종합,학생부종합(바롬인재면접전형),70%컷(최종),3.13,2026,5,25.33
서울여대,수학과,종합,학생부종합(바롬인재면접전형),70%컷(최종),3.52,2026,4,12
서울여대,식품생명공학과,종합,학생부종합(바롬인재면접전형),70%컷(최종),3.17,2026,8,16
서울여대,식품영양학과,종합,학생부종합(바롬인재면접전형),70%컷(최종),3.28,2026,8,15.25
서울여대,원예생명조경학과,종합,학생부종합(바롬인재면접전형),70%컷(최종),3.35,2026,8,15.88
서울여대,화학과,종합,학생부종합(바롬인재면접전형),70%컷(최종),3.55,2026,8,22.5
서울여대,산업디자인학과,종합,학생부종합(바롬인재면접전형),70%컷(최종),3.57,2026,6,11.83
서울여대,스포츠운동과학과,종합,학생부종합(바롬인재면접전형),70%컷(최종),3.57,2026,4,32
서울여대,시각디자인전공,종합,학생부종합(바롬인재면접전형),70%컷(최종),3.63,2026,8,15.63
서울여대,첨단미디어디자인전공,종합,학생부종합(바롬인재면접전형),70%컷(최종),3.33,2026,5,16.6
서울여대,패션산업학과,종합,학생부종합(바롬인재면접전형),70%컷(최종),3.73,2026,7,20.88
서울여대,AI융합콘텐츠전공,종합,학생부종합(바롬인재서류전형),70%컷(최종),3.11,2026,4,13.5
서울여대,경영학과,종합,학생부종합(바롬인재서류전형),70%컷(최종),3.05,2026,9,13.09
서울여대,경제학과,종합,학생부종합(바롬인재서류전형),70%컷(최종),3.51,2026,7,9.17
서울여대,국어국문학과,종합,학생부종합(바롬인재서류전형),70%컷(최종),3.28,2026,7,12.67
서울여대,독일문화콘텐츠전공,종합,학생부종합(바롬인재서류전형),70%컷(최종),4.68,2026,4,16.25
서울여대,디지털미디어학과,종합,학생부종합(바롬인재서류전형),70%컷(최종),4.5,2026,9,22
서울여대,문헌정보학과,종합,학생부종합(바롬인재서류전형),70%컷(최종),3.64,2026,4,11.25
서울여대,사학과,종합,학생부종합(바롬인재서류전형),70%컷(최종),3.24,2026,4,19.25
서울여대,사회복지학과,종합,학생부종합(바롬인재서류전형),70%컷(최종),3.46,2026,6,14.86
서울여대,심리·인지과학학부,종합,학생부종합(바롬인재서류전형),70%컷(최종),3.05,2026,5,15.8
서울여대,아동학과,종합,학생부종합(바롬인재서류전형),70%컷(최종),3.59,2026,11,9.62
서울여대,언론영상학부,종합,학생부종합(바롬인재서류전형),70%컷(최종),3.04,2026,7,13.43
서울여대,영어영문학과,종합,학생부종합(바롬인재서류전형),70%컷(최종),3.49,2026,7,12.5
서울여대,일어일문학과,종합,학생부종합(바롬인재서류전형),70%컷(최종),3.63,2026,6,26.33
서울여대,중어중문학과,종합,학생부종합(바롬인재서류전형),70%컷(최종),3.87,2026,4,18.5
서울여대,프랑스문화콘텐츠전공,종합,학생부종합(바롬인재서류전형),70%컷(최종),3.14,2026,4,13.75
서울여대,행정학과,종합,학생부종합(바롬인재서류전형),70%컷(최종),3.33,2026,7,9.67
서울여대,데이터사이언스전공,종합,학생부종합(바롬인재서류전형),70%컷(최종),3.35,2026,7,8.5
서울여대,바이오헬스융합학과,종합,학생부종합(바롬인재서류전형),70%컷(최종),2.98,2026,7,9.86
서울여대,생명환경공학과,종합,학생부종합(바롬인재서류전형),70%컷(최종),3.13,2026,4,14.75
서울여대,소프트웨어전공,종합,학생부종합(바롬인재서류전형),70%컷(최종),3.68,2026,4,6.8
서울여대,수학과,종합,학생부종합(바롬인재서류전형),70%컷(최종),3.59,2026,4,8.25
서울여대,식품생명공학과,종합,학생부종합(바롬인재서류전형),70%컷(최종),3.01,2026,6,8.71
서울여대,식품영양학과,종합,학생부종합(바롬인재서류전형),70%컷(최종),3.3,2026,6,9.57
서울여대,원예생명조경학과,종합,학생부종합(바롬인재서류전형),70%컷(최종),3.28,2026,9,10.67
서울여대,지능정보보호학부,종합,학생부종합(바롬인재서류전형),70%컷(최종),3.62,2026,8,9.86
서울여대,화학과,종합,학생부종합(바롬인재서류전형),70%컷(최종),2.94,2026,4,10.4
서울여대,산업디자인학과,종합,학생부종합(바롬인재서류전형),70%컷(최종),3.57,2026,6,11.33
서울여대,첨단미디어디자인전공,종합,학생부종합(바롬인재서류전형),70%컷(최종),3,2026,5,11.4
서울여대,패션산업학과,종합,학생부종합(바롬인재서류전형),70%컷(최종),2.93,2026,4,14
서울장신대,신학과,교과,학생부교과(교역자추천자전형),70%컷(최종),6,2025,19,1.3
서울한영대,사회복지학과,교과,학생부교과(일반전형),70%컷(최종),5.46,2026,36,11.11
서울한영대,상담심리학과,교과,학생부교과(일반전형),70%컷(최종),5.33,2026,36,7.25
서울한영대,신학과,교과,학생부교과(일반전형),70%컷(최종),7.24,2026,11,3.2
서울한영대,아동보육학과,교과,학생부교과(일반전형),70%컷(최종),7.11,2026,32,6.31
서울한영대,재활복지학과,교과,학생부교과(일반전형),70%컷(최종),5.96,2026,28,9.11
서원대,경영학부,교과,학생부교과(인문계고전형),70%컷(최종),5.6,2026,30,4.73
서원대,경찰행정학부,교과,학생부교과(인문계고전형),70%컷(최종),3.9,2026,35,5
서원대,광고홍보학과,교과,학생부교과(인문계고전형),70%컷(최종),4.7,2026,10,7.1
서원대,사회복지학과,교과,학생부교과(인문계고전형),70%컷(최종),4.6,2026,10,7.6
서원대,상담심리학과,교과,학생부교과(인문계고전형),70%컷(최종),4.1,2026,15,4.6
서원대,소방행정학과,교과,학생부교과(인문계고전형),70%컷(최종),4.4,2026,10,5.9
서원대,패션의류학과,교과,학생부교과(인문계고전형),70%컷(최종),3.6,2026,10,4.3
서원대,식품영양학과,교과,학생부교과(인문계고전형),70%컷(최종),5,2026,10,4.6
서원대,응급구조학과,교과,학생부교과(인문계고전형),70%컷(최종),4.4,2026,10,9.07
서원대,호텔외식조리학부,교과,학생부교과(인문계고전형),70%컷(최종),4.2,2026,20,8.65
서원대,미디어콘텐츠학부,교과,학생부교과(인문계고전형),70%컷(최종),4.5,2026,15,6.53
서원대,뷰티학과,교과,학생부교과(인문계고전형),70%컷(최종),4,2026,10,8.9
서원대,경영학부,교과,학생부교과(일반전형),70%컷(최종),5.8,2026,60,5.7
서원대,경찰행정학부,교과,학생부교과(일반전형),70%컷(최종),3.8,2026,30,6.1
서원대,광고홍보학과,교과,학생부교과(일반전형),70%컷(최종),4.7,2026,30,6.83
서원대,교육학과,교과,학생부교과(일반전형),70%컷(최종),3.4,2026,17,11.06
서원대,국어교육과,교과,학생부교과(일반전형),70%컷(최종),2.8,2026,20,7.25
서원대,사회교육과,교과,학생부교과(일반전형),70%컷(최종),3.2,2026,20,8.85
서원대,사회복지학과,교과,학생부교과(일반전형),70%컷(최종),4.4,2026,35,9.17
서원대,상담심리학과,교과,학생부교과(일반전형),70%컷(최종),4,2026,25,6.07
서원대,소방행정학과,교과,학생부교과(일반전형),70%컷(최종),4.3,2026,27,5.3
서원대,아동복지학과,교과,학생부교과(일반전형),70%컷(최종),4.8,2026,30,5
서원대,역사교육과,교과,학생부교과(일반전형),70%컷(최종),3.3,2026,20,9.6
서원대,영어교육과,교과,학생부교과(일반전형),70%컷(최종),3.6,2026,20,5.45
서원대,유아교육과,교과,학생부교과(일반전형),70%컷(최종),4.2,2026,27,8.33
서원대,윤리교육과,교과,학생부교과(일반전형),70%컷(최종),2.9,2026,18,9.5
서원대,패션의류학과,교과,학생부교과(일반전형),70%컷(최종),3.8,2026,22,6.18
서원대,항공관광학과,교과,학생부교과(일반전형),70%컷(최종),3.8,2026,10,6.87
서원대,AI소프트웨어학과,교과,학생부교과(일반전형),70%컷(최종),6.8,2026,35,4
서원대,건축학부,교과,학생부교과(일반전형),70%컷(최종),5.9,2026,40,5.37
서원대,바이오코스메틱학과,교과,학생부교과(일반전형),70%컷(최종),4.7,2026,40,5.13
서원대,생물교육과,교과,학생부교과(일반전형),70%컷(최종),3.9,2026,20,5.55
서원대,수학교육과,교과,학생부교과(일반전형),70%컷(최종),3.2,2026,20,5.35
서원대,식품공학과,교과,학생부교과(일반전형),70%컷(최종),6.9,2026,30,3.6
서원대,식품영양학과,교과,학생부교과(일반전형),70%컷(최종),4.9,2026,30,5.67
서원대,응급구조학과,교과,학생부교과(일반전형),70%컷(최종),4.3,2026,30,9.71
서원대,제약공학과,교과,학생부교과(일반전형),70%컷(최종),5.4,2026,40,4.23
서원대,컴퓨터공학과,교과,학생부교과(일반전형),70%컷(최종),6.5,2026,30,4.15
서원대,호텔외식조리학부,교과,학생부교과(일반전형),70%컷(최종),4.2,2026,50,7.64
서원대,환경안전학과,교과,학생부교과(일반전형),70%컷(최종),6.9,2026,25,3.6
서원대,디자인학과,교과,학생부교과(일반전형),70%컷(최종),4.1,2026,10,4.6
서원대,레저스포츠학부,교과,학생부교과(일반전형),70%컷(최종),3.9,2026,10,8.7
서원대,미디어콘텐츠학부,교과,학생부교과(일반전형),70%컷(최종),4.5,2026,45,6.38
서원대,뷰티학과,교과,학생부교과(일반전형),70%컷(최종),4.6,2026,10,7.9
서원대,헬스케어운동학과,교과,학생부교과(일반전형),70%컷(최종),3.7,2026,15,7.9
서원대,[유형1] 자유전공학부,교과,학생부교과(일반전형),70%컷(최종),5.1,2026,30,5.93
서원대,경찰행정학부,교과,학생부교과(창의면접전형),70%컷(최종),5,2026,20,5.55
서원대,사회복지학과,교과,학생부교과(창의면접전형),70%컷(최종),6.2,2026,10,5.5
서원대,상담심리학과,교과,학생부교과(창의면접전형),70%컷(최종),6.1,2026,10,4.6
서원대,소방행정학과,교과,학생부교과(창의면접전형),70%컷(최종),5.6,2026,10,4.1
서원대,패션의류학과,교과,학생부교과(창의면접전형),70%컷(최종),5.3,2026,18,7.89
서원대,항공관광학과,교과,학생부교과(창의면접전형),70%컷(최종),6.7,2026,30,8.72
서원대,컴퓨터공학과,교과,학생부교과(창의면접전형),70%컷(최종),6.6,2026,10,2.71
서원대,호텔외식조리학부,교과,학생부교과(창의면접전형),70%컷(최종),7.5,2026,30,6.03
서원대,레저스포츠학부,교과,학생부교과(창의면접전형),70%컷(최종),7,2026,20,5.1
서원대,뷰티학과,교과,학생부교과(창의면접전형),70%컷(최종),6,2026,30,9.5
서원대,웹툰콘텐츠학과,교과,학생부교과(창의면접전형),70%컷(최종),6,2026,5,10.4
서원대,헬스케어운동학과,교과,학생부교과(창의면접전형),70%컷(최종),7.1,2026,10,6.08
서원대,교육학과,교과,학생부교과(지역인재전형),70%컷(최종),3,2026,5,10.2
서원대,국어교육과,교과,학생부교과(지역인재전형),70%컷(최종),2.9,2026,5,6.2
서원대,사회교육과,교과,학생부교과(지역인재전형),70%컷(최종),3,2026,5,10.4
서원대,역사교육과,교과,학생부교과(지역인재전형),70%컷(최종),2.5,2026,5,6.4
서원대,영어교육과,교과,학생부교과(지역인재전형),70%컷(최종),2.6,2026,5,6.4
서원대,유아교육과,교과,학생부교과(지역인재전형),70%컷(최종),3.4,2026,5,9
서원대,윤리교육과,교과,학생부교과(지역인재전형),70%컷(최종),2.6,2026,5,8.2
서원대,생물교육과,교과,학생부교과(지역인재전형),70%컷(최종),3.6,2026,5,7.2
서원대,수학교육과,교과,학생부교과(지역인재전형),70%컷(최종),3,2026,5,8
선문대,AI모빌리티융합공학과,교과,학생부교과(면접전형(정원외)(계약학과/계약정원제)),70%컷(최종),4.43,2026,30,0.4
선문대,모빌리티시스템공학과,교과,학생부교과(면접전형(정원외)(계약학과/계약정원제)),70%컷(최종),5.17,2026,20,1.2
선문대,스마트팩토리융합공학과,교과,학생부교과(면접전형(정원외)(계약학과/계약정원제)),70%컷(최종),5.23,2026,30,0.17
선문대,신학과,교과,학생부교과(면접전형),70%컷(최종),3.77,2026,30,1.47
선문대,항공서비스학과,교과,학생부교과(면접전형),70%컷(최종),5.7,2026,23,1.64
선문대,간호학과,교과,학생부교과(면접전형),70%컷(최종),3.3,2026,15,16.2
선문대,물리치료학과,교과,학생부교과(면접전형),70%컷(최종),3.23,2026,14,11.21
선문대,응급구조학과,교과,학생부교과(면접전형),70%컷(최종),4.5,2026,18,3.78
선문대,치위생학과,교과,학생부교과(면접전형),70%컷(최종),4.1,2026,10,4.26
선문대,IT경영학과,교과,학생부교과(일반전형),70%컷(최종),5.77,2026,28,2.22
선문대,경영학과,교과,학생부교과(일반전형),70%컷(최종),5.43,2026,70,2.8
선문대,경찰행정법학과,교과,학생부교과(일반전형),70%컷(최종),4.43,2026,41,3.98
선문대,관광호텔경영학과,교과,학생부교과(일반전형),70%컷(최종),5.5,2026,25,4.15
선문대,글로벌경제학과,교과,학생부교과(일반전형),70%컷(최종),6.23,2026,29,2.1
선문대,디지털콘텐츠학과,교과,학생부교과(일반전형),70%컷(최종),5.1,2026,28,2.93
선문대,미디어커뮤니케이션학부,교과,학생부교과(일반전형),70%컷(최종),4.5,2026,42,4.39
선문대,사학과,교과,학생부교과(일반전형),70%컷(최종),4.43,2026,18,3.17
선문대,사회복지학과,교과,학생부교과(일반전형),70%컷(최종),4.77,2026,28,4.86
선문대,상담심리학과,교과,학생부교과(일반전형),70%컷(최종),4.37,2026,27,2.86
선문대,아시아문화학부,교과,학생부교과(일반전형),70%컷(최종),6.37,2026,27,1.6
선문대,외국어학부(스페인어중남미전공),교과,학생부교과(일반전형),70%컷(최종),4.9,2026,14,1.75
선문대,외국어학부(영어학전공),교과,학생부교과(일반전형),70%컷(최종),4.97,2026,24,1.96
선문대,외국어학부(일본어전공),교과,학생부교과(일반전형),70%컷(최종),4.03,2026,32,4.39
선문대,항공서비스학과,교과,학생부교과(일반전형),70%컷(최종),4.77,2026,4,3
선문대,AI소프트웨어학과,교과,학생부교과(일반전형),70%컷(최종),6.5,2026,40,1.63
선문대,간호학과,교과,학생부교과(일반전형),70%컷(최종),2.57,2026,26,4.38
선문대,건축학부,교과,학생부교과(일반전형),70%컷(최종),4.63,2026,41,2.66
선문대,기계공학과,교과,학생부교과(일반전형),70%컷(최종),4.9,2026,43,2.56
선문대,디스플레이반도체공학과,교과,학생부교과(일반전형),70%컷(최종),5.63,2026,27,1.59
선문대,물리치료학과,교과,학생부교과(일반전형),70%컷(최종),2.23,2026,9,6.86
선문대,미래자동차공학부,교과,학생부교과(일반전형),70%컷(최종),5.37,2026,38,2.87
선문대,반도체소재공학과,교과,학생부교과(일반전형),70%컷(최종),5.3,2026,38,1.47
선문대,산업경영공학과,교과,학생부교과(일반전형),70%컷(최종),5.86,2026,26,1.73
선문대,소방방재안전학과,교과,학생부교과(일반전형),70%컷(최종),5.03,2026,25,4.4
선문대,수산생명의학과,교과,학생부교과(일반전형),70%컷(최종),5.1,2026,26,1.46
선문대,식품공학·영양학부,교과,학생부교과(일반전형),70%컷(최종),4.43,2026,31,2.39
선문대,응급구조학과,교과,학생부교과(일반전형),70%컷(최종),4.23,2026,10,5.11
선문대,전자공학과,교과,학생부교과(일반전형),70%컷(최종),5.1,2026,41,1.78
선문대,제약생명공학과,교과,학생부교과(일반전형),70%컷(최종),4.9,2026,41,1.92
선문대,지능로봇공학과,교과,학생부교과(일반전형),70%컷(최종),6.1,2026,23,2.52
선문대,치위생학과,교과,학생부교과(일반전형),70%컷(최종),3.37,2026,17,6.63
선문대,컴퓨터공학부,교과,학생부교과(일반전형),70%컷(최종),5.57,2026,74,1.6
선문대,영화영상학과,교과,학생부교과(일반전형),70%컷(최종),5.37,2026,28,1.94
선문대,[유형1] 자유전공학부,교과,학생부교과(일반전형),70%컷(최종),4.63,2026,60,5.89
선문대,경영학과,종합,학생부종합(서류전형),70%컷(최종),6.78,2026,14,3.23
선문대,경찰행정법학과,종합,학생부종합(서류전형),70%컷(최종),6.48,2026,10,4.78
선문대,관광호텔경영학과,종합,학생부종합(서류전형),70%컷(최종),6.98,2026,7,2.43
선문대,글로벌경제학과,종합,학생부종합(서류전형),70%컷(최종),6.95,2026,4,2.75
선문대,디지털콘텐츠학과,종합,학생부종합(서류전형),70%컷(최종),6.47,2026,5,3.5
선문대,미디어커뮤니케이션학부,종합,학생부종합(서류전형),70%컷(최종),5.88,2026,14,5.46
선문대,사학과,종합,학생부종합(서류전형),70%컷(최종),5.08,2026,4,3.67
선문대,사회복지학과,종합,학생부종합(서류전형),70%컷(최종),6.31,2026,12,4.45
선문대,상담심리학과,종합,학생부종합(서류전형),70%컷(최종),5.88,2026,10,5
선문대,아시아문화학부,종합,학생부종합(서류전형),70%컷(최종),6.29,2026,4,2.25
선문대,외국어학부(스페인어중남미전공),종합,학생부종합(서류전형),70%컷(최종),6.83,2026,3,3.67
선문대,외국어학부(영어학전공),종합,학생부종합(서류전형),70%컷(최종),6.68,2026,3,2.33
선문대,외국어학부(일본어전공),종합,학생부종합(서류전형),70%컷(최종),6.67,2026,8,4.63
선문대,AI소프트웨어학과,종합,학생부종합(서류전형),70%컷(최종),6.8,2026,4,3
선문대,간호학과,종합,학생부종합(서류전형),70%컷(최종),3.94,2026,12,11.92
선문대,건축학부,종합,학생부종합(서류전형),70%컷(최종),6.59,2026,11,3
선문대,기계공학과,종합,학생부종합(서류전형),70%컷(최종),6.98,2026,7,2.14
선문대,디스플레이반도체공학과,종합,학생부종합(서류전형),70%컷(최종),6.67,2026,4,2.5
선문대,물리치료학과,종합,학생부종합(서류전형),70%컷(최종),4.5,2026,8,9.88
선문대,미래자동차공학부,종합,학생부종합(서류전형),70%컷(최종),6.62,2026,8,4.57
선문대,산업경영공학과,종합,학생부종합(서류전형),70%컷(최종),6.81,2026,3,3
선문대,소방방재안전학과,종합,학생부종합(서류전형),70%컷(최종),6.52,2026,3,7.67
선문대,수산생명의학과,종합,학생부종합(서류전형),70%컷(최종),5.83,2026,7,3.2
선문대,식품공학·영양학부,종합,학생부종합(서류전형),70%컷(최종),5.94,2026,6,2.67
선문대,응급구조학과,종합,학생부종합(서류전형),70%컷(최종),5.29,2026,8,10.14
선문대,전자공학과,종합,학생부종합(서류전형),70%컷(최종),6.39,2026,6,2.67
선문대,제약생명공학과,종합,학생부종합(서류전형),70%컷(최종),6.23,2026,10,2.5
선문대,지능로봇공학과,종합,학생부종합(서류전형),70%컷(최종),6.88,2026,3,2
선문대,치위생학과,종합,학생부종합(서류전형),70%컷(최종),5.73,2026,6,8.17
선문대,컴퓨터공학부,종합,학생부종합(서류전형),70%컷(최종),6.8,2026,20,1.95
선문대,디자인학부(방송콘텐츠디자인전공),종합,학생부종합(서류전형),70%컷(최종),6.24,2026,10,2.2
선문대,디자인학부(시각디자인전공),종합,학생부종합(서류전형),70%컷(최종),5.76,2026,14,2.64
선문대,영화영상학과,종합,학생부종합(서류전형),70%컷(최종),5.97,2026,7,5.25
선문대,[유형1] 자유전공학부,종합,학생부종합(서류전형),70%컷(최종),6.91,2026,13,5.38
선문대,IT경영학과,교과,학생부교과(지역학생전형),70%컷(최종),6.03,2026,4,2.33
선문대,경영학과,교과,학생부교과(지역학생전형),70%컷(최종),5.77,2026,19,2.56
선문대,경찰행정법학과,교과,학생부교과(지역학생전형),70%컷(최종),5.17,2026,10,2.8
선문대,관광호텔경영학과,교과,학생부교과(지역학생전형),70%컷(최종),5.9,2026,7,3.17
선문대,글로벌경제학과,교과,학생부교과(지역학생전형),70%컷(최종),7.3,2026,5,2
선문대,디지털콘텐츠학과,교과,학생부교과(지역학생전형),70%컷(최종),4.43,2026,6,3.33
선문대,미디어커뮤니케이션학부,교과,학생부교과(지역학생전형),70%컷(최종),5.23,2026,13,2.21
선문대,사학과,교과,학생부교과(지역학생전형),70%컷(최종),4.43,2026,4,1.4
선문대,사회복지학과,교과,학생부교과(지역학생전형),70%컷(최종),5.29,2026,7,3.5
선문대,상담심리학과,교과,학생부교과(지역학생전형),70%컷(최종),3.83,2026,5,4.75
선문대,아시아문화학부,교과,학생부교과(지역학생전형),70%컷(최종),6.14,2026,8,2.2
선문대,AI소프트웨어학과,교과,학생부교과(지역학생전형),70%컷(최종),5.77,2026,8,1.63
선문대,간호학과,교과,학생부교과(지역학생전형),70%컷(최종),3.3,2026,26,3.08
선문대,건축학부,교과,학생부교과(지역학생전형),70%컷(최종),4.9,2026,11,2.45
선문대,기계공학과,교과,학생부교과(지역학생전형),70%컷(최종),4.97,2026,11,3
선문대,디스플레이반도체공학과,교과,학생부교과(지역학생전형),70%컷(최종),6.17,2026,5,1.6
선문대,물리치료학과,교과,학생부교과(지역학생전형),70%컷(최종),3.5,2026,4,4.25
선문대,미래자동차공학부,교과,학생부교과(지역학생전형),70%컷(최종),5.83,2026,4,3.75
선문대,반도체소재공학과,교과,학생부교과(지역학생전형),70%컷(최종),7.03,2026,6,1.33
선문대,산업경영공학과,교과,학생부교과(지역학생전형),70%컷(최종),6.37,2026,5,2.8
선문대,소방방재안전학과,교과,학생부교과(지역학생전형),70%컷(최종),5.03,2026,5,5.2
선문대,수산생명의학과,교과,학생부교과(지역학생전형),70%컷(최종),4.9,2026,5,1.8
선문대,식품공학·영양학부,교과,학생부교과(지역학생전형),70%컷(최종),4.5,2026,10,2.6
선문대,응급구조학과,교과,학생부교과(지역학생전형),70%컷(최종),4.83,2026,3,3
선문대,전자공학과,교과,학생부교과(지역학생전형),70%컷(최종),6.03,2026,9,1.67
선문대,제약생명공학과,교과,학생부교과(지역학생전형),70%컷(최종),4.77,2026,11,1.7
선문대,지능로봇공학과,교과,학생부교과(지역학생전형),70%컷(최종),6.57,2026,4,2
선문대,치위생학과,교과,학생부교과(지역학생전형),70%컷(최종),3.1,2026,4,6
선문대,컴퓨터공학부,교과,학생부교과(지역학생전형),70%컷(최종),5.9,2026,21,1.2
선문대,영화영상학과,교과,학생부교과(지역학생전형),70%컷(최종),5.36,2026,5,2
선문대,[유형1] 자유전공학부,교과,학생부교과(지역학생전형),70%컷(최종),5.37,2026,11,3.33
성결대,경영학과,교과,학생부교과(SKU창의),70%컷(최종),4.40,2026,8,9
성결대,국제교류·개발협력학과,교과,학생부교과(SKU창의),70%컷(최종),5.40,2026,8,5.64
성결대,글로벌물류학과,교과,학생부교과(SKU창의),70%컷(최종),5.60,2026,12,6.95
성결대,사회복지학과,교과,학생부교과(SKU창의),70%컷(최종),4.60,2026,10,11.2
성결대,스마트관광항공학부 관광학전공,교과,학생부교과(SKU창의),70%컷(최종),5.00,2026,6,8.27
성결대,영미언어문화학과,교과,학생부교과(SKU창의),70%컷(최종),5.00,2026,8,6.36
성결대,유아교육과,교과,학생부교과(SKU창의),70%컷(최종),3.80,2026,12,17.36
성결대,인문사회계열자율전공학부,교과,학생부교과(SKU창의),70%컷(최종),5.00,2026,20,8.2
성결대,중국어문화학과,교과,학생부교과(SKU창의),70%컷(최종),5.20,2026,9,6.45
성결대,한국어문화학과,교과,학생부교과(SKU창의),70%컷(최종),4.80,2026,6,7.3
성결대,행정학부,교과,학생부교과(SKU창의),70%컷(최종),5.60,2026,15,5.71
성결대,ICT공학과,교과,학생부교과(SKU창의),70%컷(최종),5.80,2026,17,6.25
성결대,공학계열자율전공학부,교과,학생부교과(SKU창의),70%컷(최종),5.60,2026,10,5.9
성결대,미디어소프트웨어학과,교과,학생부교과(SKU창의),70%컷(최종),5.00,2026,10,6.25
성결대,산업시스템공학과,교과,학생부교과(SKU창의),70%컷(최종),5.60,2026,12,7.79
성결대,스마트도시공학과,교과,학생부교과(SKU창의),70%컷(최종),5.20,2026,15,6.64
성결대,컴퓨터AI공학과,교과,학생부교과(SKU창의),70%컷(최종),5.00,2026,16,6.95
성결대,뷰티디자인학과,교과,학생부교과(SKU창의),70%컷(최종),4.00,2026,10,29.36
성결대,경영학과,교과,학생부교과(교과성적우수자),70%컷(최종),2.40,2026,11,15.42
성결대,국제교류·개발협력학과,교과,학생부교과(교과성적우수자),70%컷(최종),3.60,2026,9,8.38
성결대,글로벌물류학과,교과,학생부교과(교과성적우수자),70%컷(최종),3.60,2026,14,7.66
성결대,기독교교육상담학과,교과,학생부교과(교과성적우수자),70%컷(최종),4.20,2026,40,11.27
성결대,사회복지학과,교과,학생부교과(교과성적우수자),70%컷(최종),3.00,2026,17,13.97
성결대,스마트관광항공학부 관광학전공,교과,학생부교과(교과성적우수자),70%컷(최종),3.40,2026,9,10.73
성결대,영미언어문화학과,교과,학생부교과(교과성적우수자),70%컷(최종),3.40,2026,8,10.89
성결대,유아교육과,교과,학생부교과(교과성적우수자),70%컷(최종),2.80,2026,19,11.78
성결대,인문사회계열자율전공학부,교과,학생부교과(교과성적우수자),70%컷(최종),3.40,2026,30,38.97
성결대,중국어문화학과,교과,학생부교과(교과성적우수자),70%컷(최종),3.20,2026,14,9.38
성결대,한국어문화학과,교과,학생부교과(교과성적우수자),70%컷(최종),2.80,2026,7,13.55
성결대,행정학부,교과,학생부교과(교과성적우수자),70%컷(최종),3.40,2026,23,8.56
성결대,ICT공학과,교과,학생부교과(교과성적우수자),70%컷(최종),3.40,2026,19,7.71
성결대,공학계열자율전공학부,교과,학생부교과(교과성적우수자),70%컷(최종),3.40,2026,16,17.19
성결대,미디어소프트웨어학과,교과,학생부교과(교과성적우수자),70%컷(최종),3.40,2026,14,9.42
성결대,산업시스템공학과,교과,학생부교과(교과성적우수자),70%컷(최종),3.80,2026,24,10.28
성결대,스마트도시공학과,교과,학생부교과(교과성적우수자),70%컷(최종),3.20,2026,17,10.08
성결대,컴퓨터AI공학과,교과,학생부교과(교과성적우수자),70%컷(최종),2.80,2026,23,7.13
성결대,뷰티디자인학과,교과,학생부교과(교과성적우수자),70%컷(최종),2.60,2026,16,21.39
성결대,SK자율전공학부,교과,학생부교과(교과성적우수자),70%컷(최종),3.20,2026,66,26.48
성결대,융합학부,교과,학생부교과(교과성적우수자),70%컷(최종),3.40,2026,10,14.4
성결대,신학과,교과,학생부교과(목회자추천자),70%컷(최종),7.00,2026,15,4.4
성결대,신학과,교과,학생부교과(미래인재),70%컷(최종),7.00,2026,30,2.47
성결대,인문사회계열자율전공학부,종합,학생부종합(영암인재),70%컷(최종),5.00,2026,30,10.1
성결대,공학계열자율전공학부,종합,학생부종합(영암인재),70%컷(최종),5.00,2026,16,6.44
성결대,SK자율전공학부,종합,학생부종합(영암인재),70%컷(최종),5.40,2026,35,9.94
성공회대,경영학부,교과,학생부교과(교과성적전형),70%컷(최종),2,2026,7,7.29
성공회대,미디어콘텐츠융합학부,교과,학생부교과(교과성적전형),70%컷(최종),2.13,2026,11,8.45
성공회대,미래융합학부,교과,학생부교과(교과성적전형),70%컷(최종),3,2026,7,7.86
성공회대,사회융합학부,교과,학생부교과(교과성적전형),70%컷(최종),2.63,2026,15,4.93
성공회대,인문융합콘텐츠학부,교과,학생부교과(교과성적전형),70%컷(최종),2.88,2026,14,5.79
성공회대,소프트웨어융합학부,교과,학생부교과(교과성적전형),70%컷(최종),2.75,2026,22,4.05
성공회대,[유형1] 자유전공학부,교과,학생부교과(교과성적전형),70%컷(최종),2.88,2026,109,5.72
성공회대,미디어콘텐츠융합학부,종합,학생부종합(대안학교출신자전형),70%컷(최종),3.07,2026,5,4
성공회대,사회융합학부,종합,학생부종합(대안학교출신자전형),70%컷(최종),4.5,2026,10,3
성공회대,경영학부,종합,학생부종합(열린인재전형),70%컷(최종),4.09,2026,22,7.36
성공회대,미디어콘텐츠융합학부,종합,학생부종합(열린인재전형),70%컷(최종),4.13,2026,33,10.27
성공회대,미래융합학부,종합,학생부종합(열린인재전형),70%컷(최종),5.64,2026,20,3.62
성공회대,사회융합학부,종합,학생부종합(열린인재전형),70%컷(최종),4.33,2026,33,7.94
성공회대,인문융합콘텐츠학부,종합,학생부종합(열린인재전형),70%컷(최종),4.5,2026,36,5.44
성공회대,소프트웨어융합학부,종합,학생부종합(열린인재전형),70%컷(최종),4.77,2026,52,3.42
성균관대,경영학과,교과,학생부교과(추천인재),70%컷(최종),1.74,2026,20,8.75
성균관대,교육학과,교과,학생부교과(추천인재),70%컷(최종),1.76,2026,10,16
성균관대,국어국문학과,교과,학생부교과(추천인재),70%컷(최종),1.77,2026,6,5.5
성균관대,글로벌경영학과,교과,학생부교과(추천인재),70%컷(최종),1.61,2026,10,11.6
성균관대,글로벌경제학과,교과,학생부교과(추천인재),70%컷(최종),1.62,2026,10,13.2
성균관대,글로벌리더학부,교과,학생부교과(추천인재),70%컷(최종),1.62,2026,10,14
성균관대,사학과,교과,학생부교과(추천인재),70%컷(최종),1.9,2026,6,5.42
성균관대,사회과학계열,교과,학생부교과(추천인재),70%컷(최종),1.58,2026,20,12.3
성균관대,사회복지학과,교과,학생부교과(추천인재),70%컷(최종),1.74,2026,12,6.92
성균관대,사회학과,교과,학생부교과(추천인재),70%컷(최종),1.73,2026,12,6.42
성균관대,심리학과,교과,학생부교과(추천인재),70%컷(최종),1.62,2026,6,7.5
성균관대,아동·청소년학과,교과,학생부교과(추천인재),70%컷(최종),1.75,2026,12,5.25
성균관대,유학·동양학과,교과,학생부교과(추천인재),70%컷(최종),1.76,2026,15,7.17
성균관대,인문과학계열,교과,학생부교과(추천인재),70%컷(최종),1.67,2026,20,7.35
성균관대,철학과,교과,학생부교과(추천인재),70%컷(최종),1.75,2026,6,7.42
성균관대,통계학과,교과,학생부교과(추천인재),70%컷(최종),1.58,2026,6,7.5
성균관대,한문교육과,교과,학생부교과(추천인재),70%컷(최종),1.72,2026,10,7.6
성균관대,한문학과,교과,학생부교과(추천인재),70%컷(최종),1.78,2026,10,7.67
성균관대,건설환경공학부,교과,학생부교과(추천인재),70%컷(최종),1.69,2026,15,7.47
성균관대,건축학과(5년제),교과,학생부교과(추천인재),70%컷(최종),1.74,2026,15,6.06
성균관대,공학계열,교과,학생부교과(추천인재),70%컷(최종),1.48,2026,54,9.9
성균관대,글로벌바이오메디컬공학과,교과,학생부교과(추천인재),70%컷(최종),1.5,2026,6,13.8
성균관대,물리학과,교과,학생부교과(추천인재),70%컷(최종),1.66,2026,6,11
성균관대,바이오신약·규제과학과,교과,학생부교과(추천인재),70%컷(최종),1.51,2026,5,16.6
성균관대,반도체융합공학과,교과,학생부교과(추천인재),70%컷(최종),1.52,2026,7,18.71
성균관대,생명과학과,교과,학생부교과(추천인재),70%컷(최종),1.44,2026,6,7.71
성균관대,수학과,교과,학생부교과(추천인재),70%컷(최종),1.72,2026,6,6.43
성균관대,수학교육과,교과,학생부교과(추천인재),70%컷(최종),1.72,2026,10,11.8
성균관대,에너지학과,교과,학생부교과(추천인재),70%컷(최종),1.58,2026,7,15.71
성균관대,자연과학계열,교과,학생부교과(추천인재),70%컷(최종),1.44,2026,20,10.6
성균관대,전자전기정보공학부,교과,학생부교과(추천인재),70%컷(최종),1.39,2026,10,13.9
성균관대,컴퓨터교육과,교과,학생부교과(추천인재),70%컷(최종),1.63,2026,10,8.6
성균관대,화학과,교과,학생부교과(추천인재),70%컷(최종),1.49,2026,6,6.86
성균관대,영상학과,교과,학생부교과(추천인재),70%컷(최종),1.72,2026,5,6.8
성균관대,의상학과,교과,학생부교과(추천인재),70%컷(최종),1.75,2026,5,6.8
성균관대,[유형1] 자유전공계열,교과,학생부교과(추천인재),70%컷(최종),1.51,2026,20,16.5
성균관대,공학계열,종합,학생부종합(과학인재),70%컷(최종),4.61,2026,25,12.6
성균관대,글로벌바이오메디컬공학과,종합,학생부종합(과학인재),70%컷(최종),4.55,2026,15,8.27
성균관대,반도체시스템공학과,종합,학생부종합(과학인재),70%컷(최종),4.52,2026,25,8.87
성균관대,반도체융합공학과,종합,학생부종합(과학인재),70%컷(최종),5.55,2026,10,11.1
성균관대,배터리학과,종합,학생부종합(과학인재),70%컷(최종),4.95,2026,10,10.6
성균관대,양자정보공학과,종합,학생부종합(과학인재),70%컷(최종),5.73,2026,5,9.6
성균관대,에너지학과,종합,학생부종합(과학인재),70%컷(최종),5.83,2026,10,11.3
성균관대,자연과학계열,종합,학생부종합(과학인재),70%컷(최종),5.4,2026,20,12.5
성균관대,전자전기정보공학부,종합,학생부종합(과학인재),70%컷(최종),5.23,2026,10,8.3
성균관대,지능형소프트웨어학과,종합,학생부종합(과학인재),70%컷(최종),4.84,2026,15,8.07
성균관대,교육학과,종합,학생부종합(성균인재),70%컷(최종),3.44,2026,15,14.6
성균관대,한문교육과,종합,학생부종합(성균인재),70%컷(최종),3.1,2026,15,13.87
성균관대,글로벌AI융합학부,종합,학생부종합(성균인재),70%컷(최종),4.01,2026,24,25.63
성균관대,수학교육과,종합,학생부종합(성균인재),70%컷(최종),2.55,2026,16,12.27
성균관대,의예과,종합,학생부종합(성균인재),70%컷(최종),2.43,2026,20,33.25
성균관대,컴퓨터교육과,종합,학생부종합(성균인재),70%컷(최종),2.08,2026,15,15.93
성균관대,스포츠과학과,종합,학생부종합(성균인재),70%컷(최종),2.65,2026,12,37
성균관대,[유형1] 자유전공계열,종합,학생부종합(성균인재),70%컷(최종),2.96,2026,70,31.32
성균관대,경영학과,종합,학생부종합(융합인재),70%컷(최종),3.35,2026,35,14.07
성균관대,사회과학계열,종합,학생부종합(융합인재),70%컷(최종),3.03,2026,30,27.15
성균관대,인문과학계열,종합,학생부종합(융합인재),70%컷(최종),3.31,2026,30,22.74
성균관대,공학계열,종합,학생부종합(융합인재),70%컷(최종),2.25,2026,64,26.29
성균관대,자연과학계열,종합,학생부종합(융합인재),70%컷(최종),2.76,2026,35,37.24
성균관대,전자전기정보공학부,종합,학생부종합(융합인재),70%컷(최종),2.04,2024,30,16.35
성균관대,글로벌경영학과,종합,학생부종합(탐구인재),70%컷(최종),3.38,2026,16,14.45
성균관대,글로벌경제학과,종합,학생부종합(탐구인재),70%컷(최종),3.22,2026,18,10.37
성균관대,글로벌리더학부,종합,학생부종합(탐구인재),70%컷(최종),3.13,2026,10,19.4
성균관대,독어독문학과,종합,학생부종합(탐구인재),70%컷(최종),3.51,2026,12,10.83
성균관대,러시아어문학과,종합,학생부종합(탐구인재),70%컷(최종),3.29,2026,12,10.25
성균관대,사회복지학과,종합,학생부종합(탐구인재),70%컷(최종),3.18,2026,8,14.88
성균관대,사회학과,종합,학생부종합(탐구인재),70%컷(최종),3.65,2026,8,15.88
성균관대,아동·청소년학과,종합,학생부종합(탐구인재),70%컷(최종),2.86,2026,8,15.75
성균관대,유학·동양학과,종합,학생부종합(탐구인재),70%컷(최종),3.03,2026,15,15
성균관대,프랑스어문학과,종합,학생부종합(탐구인재),70%컷(최종),3.41,2026,12,9.08
성균관대,한문학과,종합,학생부종합(탐구인재),70%컷(최종),3.42,2026,10,14
성균관대,건설환경공학부,종합,학생부종합(탐구인재),70%컷(최종),2.64,2026,20,18
성균관대,건축학과(5년제),종합,학생부종합(탐구인재),70%컷(최종),3.17,2024,17,11.32
성균관대,글로벌바이오메디컬공학과,종합,학생부종합(탐구인재),70%컷(최종),3.05,2026,10,28.18
성균관대,바이오신약·규제과학과,종합,학생부종합(탐구인재),70%컷(최종),2.91,2026,12,34.25
성균관대,반도체시스템공학과,종합,학생부종합(탐구인재),70%컷(최종),3.66,2026,15,25.93
성균관대,반도체융합공학과,종합,학생부종합(탐구인재),70%컷(최종),3.16,2026,15,16.07
성균관대,배터리학과,종합,학생부종합(탐구인재),70%컷(최종),2.93,2026,10,24.5
성균관대,약학과,종합,학생부종합(탐구인재),70%컷(최종),2.59,2026,20,22.17
성균관대,양자정보공학과,종합,학생부종합(탐구인재),70%컷(최종),3.41,2026,13,16
성균관대,에너지학과,종합,학생부종합(탐구인재),70%컷(최종),3.44,2026,15,19.67
성균관대,지능형소프트웨어학과,종합,학생부종합(탐구인재),70%컷(최종),2.82,2026,10,17.93
성균관대,영상학과,종합,학생부종합(탐구인재),70%컷(최종),3.63,2026,13,18.17
성균관대,의상학과,종합,학생부종합(탐구인재),70%컷(최종),3.99,2026,16,12.94
성균관대,의예과,종합,학생부종합(성균인재-지역인재),70%컷(최종),2.43,2026,3,
성신여대,간호학과(인문),논술,논술(논술우수자전형),평균 점수,85.55,2025,5,64
성신여대,경영학과,논술,논술(논술우수자전형),평균 점수,82.38,2025,6,44.67
성신여대,경제학과,논술,논술(논술우수자전형),평균 점수,78.94,2025,4,38.25
성신여대,국어국문학과,논술,논술(논술우수자전형),평균 점수,83.25,2025,4,39
성신여대,독일어문·문화학과,논술,논술(논술우수자전형),평균 점수,82.83,2025,3,36
성신여대,문화예술경영학과,논술,논술(논술우수자전형),평균 점수,83.08,2025,3,40.67
성신여대,미디어커뮤니케이션학과,논술,논술(논술우수자전형),평균 점수,87.94,2025,4,42.5
성신여대,법학부,논술,논술(논술우수자전형),평균 점수,81,2025,8,53.38
성신여대,사학과,논술,논술(논술우수자전형),평균 점수,85.67,2025,3,32.33
성신여대,사회복지학과,논술,논술(논술우수자전형),평균 점수,84.45,2025,5,40
성신여대,소비자산업학과,논술,논술(논술우수자전형),평균 점수,82.15,2025,5,36.6
성신여대,심리학과,논술,논술(논술우수자전형),평균 점수,88.55,2025,5,41.2
성신여대,영어영문학과,논술,논술(논술우수자전형),평균 점수,83,2025,4,39.5
성신여대,의류산업학과,논술,논술(논술우수자전형),평균 점수,82.3,2025,5,37.6
성신여대,일본어문·문화학과,논술,논술(논술우수자전형),평균 점수,84.8,2025,5,36.8
성신여대,정치외교학과,논술,논술(논술우수자전형),평균 점수,82.92,2025,3,37.33
성신여대,중국어문·문화학과,논술,논술(논술우수자전형),평균 점수,81.15,2025,5,39.4
성신여대,지리학과,논술,논술(논술우수자전형),평균 점수,82.88,2025,4,35.75
성신여대,프랑스어문·문화학과,논술,논술(논술우수자전형),평균 점수,85.33,2025,3,34.67
성신여대,AI융합학과,논술,논술(논술우수자전형),평균 점수,82.14,2025,6,13.17
성신여대,간호학과(자연),논술,논술(논술우수자전형),평균 점수,83,2025,6,31.67
성신여대,바이오식품공학과,논술,논술(논술우수자전형),평균 점수,75.88,2025,4,13.75
성신여대,바이오신약의과학부,논술,논술(논술우수자전형),평균 점수,78.1,2025,8,17.33
성신여대,바이오헬스융합학부,논술,논술(논술우수자전형),평균 점수,84.38,2025,4,12
성신여대,서비스디자인공학과,논술,논술(논술우수자전형),평균 점수,79.66,2025,5,12
성신여대,수리통계데이터사이언스학부,논술,논술(논술우수자전형),평균 점수,71.02,2025,5,15.4
성신여대,수리통계데이터사이언스학부,논술,논술(논술우수자전형),평균 점수,84.25,2025,6,15.5
성신여대,융합보안공학과,논술,논술(논술우수자전형),평균 점수,82.09,2025,10,12.82
성신여대,청정신소재공학과,논술,논술(논술우수자전형),평균 점수,77.48,2025,5,12
성신여대,컴퓨터공학과,논술,논술(논술우수자전형),평균 점수,72.6,2025,5,13.67
성신여대,화학·에너지융합학부,논술,논술(논술우수자전형),평균 점수,77.49,2025,6,13.83
성신여대,교육학과,교과,학생부교과(지역균형전형),70%컷(최종),2.06,2026,4,9.5
성신여대,사회교육과,교과,학생부교과(지역균형전형),70%컷(최종),2.32,2026,4,12.75
성신여대,유아교육과,교과,학생부교과(지역균형전형),70%컷(최종),2.39,2026,5,8
성신여대,윤리교육과,교과,학생부교과(지역균형전형),70%컷(최종),2,2026,4,10
성신여대,한문교육과,교과,학생부교과(지역균형전형),70%컷(최종),2.35,2026,4,9.5
성신여대,간호학과,교과,학생부교과(지역균형전형),70%컷(최종),1.79,2026,16,7.15
성신여대,창의융합학부(첨단분야전공),교과,학생부교과(지역균형전형),70%컷(최종),2.36,2026,73,7.47
성신여대,창의융합학부(자유전공),교과,학생부교과(지역균형전형),70%컷(최종),2.19,2026,54,4.88
성신여대,경영학과,종합,학생부종합(자기주도인재전형),70%컷(최종),3.06,2026,27,7.06
성신여대,경제학과,종합,학생부종합(자기주도인재전형),70%컷(최종),3.04,2026,14,5.63
성신여대,교육학과,종합,학생부종합(자기주도인재전형),70%컷(최종),2.97,2026,10,8.4
성신여대,국어국문학과,종합,학생부종합(자기주도인재전형),70%컷(최종),2.93,2026,7,13.55
성신여대,독일어문·문화학과,종합,학생부종합(자기주도인재전형),70%컷(최종),4.64,2026,6,8.5
성신여대,문화예술경영학과,종합,학생부종합(자기주도인재전형),70%컷(최종),3.38,2026,5,16.55
성신여대,미디어커뮤니케이션학과,종합,학생부종합(자기주도인재전형),70%컷(최종),2.79,2026,12,10.88
성신여대,법학부,종합,학생부종합(자기주도인재전형),70%컷(최종),3.12,2026,30,6.3
성신여대,사학과,종합,학생부종합(자기주도인재전형),70%컷(최종),3.21,2026,6,7.1
성신여대,사회교육과,종합,학생부종합(자기주도인재전형),70%컷(최종),3.11,2026,10,6.8
성신여대,사회복지학과,종합,학생부종합(자기주도인재전형),70%컷(최종),3.25,2026,9,9.62
성신여대,소비자산업학과,종합,학생부종합(자기주도인재전형),70%컷(최종),3.16,2026,9,6.92
성신여대,심리학과,종합,학생부종합(자기주도인재전형),70%컷(최종),2.93,2026,8,14.75
성신여대,영어영문학과,종합,학생부종합(자기주도인재전형),70%컷(최종),4.57,2026,12,10.71
성신여대,유아교육과,종합,학생부종합(자기주도인재전형),70%컷(최종),3.18,2026,13,7.62
성신여대,윤리교육과,종합,학생부종합(자기주도인재전형),70%컷(최종),3.17,2026,10,7.2
성신여대,의류산업학과,종합,학생부종합(자기주도인재전형),70%컷(최종),2.98,2026,12,8.56
성신여대,일본어문·문화학과,종합,학생부종합(자기주도인재전형),70%컷(최종),3.76,2026,12,8.38
성신여대,정치외교학과,종합,학생부종합(자기주도인재전형),70%컷(최종),2.85,2026,7,7.18
성신여대,중국어문·문화학과,종합,학생부종합(자기주도인재전형),70%컷(최종),4.52,2026,12,8.06
성신여대,지리학과,종합,학생부종합(자기주도인재전형),70%컷(최종),2.99,2026,7,5.45
성신여대,프랑스어문·문화학과,종합,학생부종합(자기주도인재전형),70%컷(최종),3.69,2026,5,8
성신여대,한문교육과,종합,학생부종합(자기주도인재전형),70%컷(최종),3.04,2026,10,8.1
성신여대,AI융합학과,종합,학생부종합(자기주도인재전형),70%컷(최종),3.38,2026,27,5.26
성신여대,간호학과,종합,학생부종합(자기주도인재전형),70%컷(최종),2.5,2026,30,9
성신여대,바이오식품공학과,종합,학생부종합(자기주도인재전형),70%컷(최종),2.84,2026,12,8.5
성신여대,바이오신약의과학부,종합,학생부종합(자기주도인재전형),70%컷(최종),2.77,2026,27,8.61
성신여대,바이오헬스융합학부,종합,학생부종합(자기주도인재전형),70%컷(최종),3.17,2026,24,8.43
성신여대,서비스디자인공학과,종합,학생부종합(자기주도인재전형),70%컷(최종),3.5,2026,20,4.08
성신여대,수리통계데이터사이언스학부,종합,학생부종합(자기주도인재전형),70%컷(최종),3.23,2026,20,4.71
성신여대,수리통계데이터사이언스학부,종합,학생부종합(자기주도인재전형),70%컷(최종),3.48,2026,21,5.16
성신여대,융합보안공학과,종합,학생부종합(자기주도인재전형),70%컷(최종),3.59,2026,21,3.92
성신여대,청정신소재공학과,종합,학생부종합(자기주도인재전형),70%컷(최종),3.06,2026,17,6.5
성신여대,컴퓨터공학과,종합,학생부종합(자기주도인재전형),70%컷(최종),3.32,2026,17,4.6
성신여대,화학·에너지융합학부,종합,학생부종합(자기주도인재전형),70%컷(최종),3.1,2026,22,7.04
성신여대,뷰티산업학과,종합,학생부종합(자기주도인재전형),70%컷(최종),3.43,2026,5,16.82
세명대,경찰학과,교과,학생부교과(면접우수자전형),70%컷(최종),5.9,2026,5,2.4
세명대,미디어콘텐츠창작학과,교과,학생부교과(면접우수자전형),70%컷(최종),5.7,2026,5,2.6
세명대,법학과,교과,학생부교과(면접우수자전형),70%컷(최종),6.5,2026,3,1.67
세명대,소방방재학과,교과,학생부교과(면접우수자전형),70%컷(최종),5.2,2026,3,4.33
세명대,항공서비스학과,교과,학생부교과(면접우수자전형),70%컷(최종),4.6,2026,40,13.37
세명대,간호학과,교과,학생부교과(면접우수자전형),70%컷(최종),3.93,2026,9,8.89
세명대,임상병리학과,교과,학생부교과(면접우수자전형),70%컷(최종),4.4,2026,10,4.1
세명대,경영학과,교과,학생부교과(일반전형),70%컷(최종),5.6,2026,19,3.03
세명대,경찰학과,교과,학생부교과(일반전형),70%컷(최종),5,2026,26,4.33
세명대,광고홍보학과,교과,학생부교과(일반전형),70%컷(최종),5.3,2026,17,2.6
세명대,미디어콘텐츠창작학과,교과,학생부교과(일반전형),70%컷(최종),4.8,2026,25,5.85
세명대,법학과,교과,학생부교과(일반전형),70%컷(최종),5.2,2026,22,2.59
세명대,부동산지적학과,교과,학생부교과(일반전형),70%컷(최종),5.8,2026,25,1.44
세명대,사회복지학과,교과,학생부교과(일반전형),70%컷(최종),5.43,2026,23,3.59
세명대,상담심리학과,교과,학생부교과(일반전형),70%컷(최종),5.2,2026,19,3.43
세명대,소방방재학과,교과,학생부교과(일반전형),70%컷(최종),5.1,2026,19,5
세명대,외국어학부,교과,학생부교과(일반전형),70%컷(최종),5,2026,25,2.64
세명대,호텔경영학과,교과,학생부교과(일반전형),70%컷(최종),5.9,2026,23,3.67
세명대,회계세무금융학과,교과,학생부교과(일반전형),70%컷(최종),4.9,2026,27,2
세명대,AI컴퓨터학부,교과,학생부교과(일반전형),70%컷(최종),5.6,2026,42,1.38
세명대,간호학과,교과,학생부교과(일반전형),70%컷(최종),2.93,2026,8,9.54
세명대,건축학과,교과,학생부교과(일반전형),70%컷(최종),5.7,2026,35,2.5
세명대,동물보건학과,교과,학생부교과(일반전형),70%컷(최종),4.9,2026,30,5.69
세명대,바이오식품영양학부,교과,학생부교과(일반전형),70%컷(최종),5.4,2026,15,2.52
세명대,바이오제약산업학부,교과,학생부교과(일반전형),70%컷(최종),5.4,2026,30,1.94
세명대,바이오코스메틱학과,교과,학생부교과(일반전형),70%컷(최종),5.3,2026,20,2.52
세명대,반려동물산업학과,교과,학생부교과(일반전형),70%컷(최종),5,2026,23,8.35
세명대,보건안전공학과,교과,학생부교과(일반전형),70%컷(최종),5.8,2026,20,1.83
세명대,뷰티케어학과,교과,학생부교과(일반전형),70%컷(최종),5.9,2026,25,4.28
세명대,스마트IT학부,교과,학생부교과(일반전형),70%컷(최종),5.8,2026,24,1.76
세명대,임상병리학과,교과,학생부교과(일반전형),70%컷(최종),3.66,2026,29,10.53
세명대,작업치료학과,교과,학생부교과(일반전형),70%컷(최종),4.83,2026,36,5.39
세명대,재난안전학과,교과,학생부교과(일반전형),70%컷(최종),6.1,2026,20,2.77
세명대,전기전자공학과,교과,학생부교과(일반전형),70%컷(최종),5.6,2026,25,3.79
세명대,실내디자인학과,교과,학생부교과(일반전형),70%컷(최종),5.1,2026,20,2.75
세명대,[유형1] 자율전공학부,교과,학생부교과(일반전형),70%컷(최종),5,2026,33,5.29
세명대,간호학과,종합,학생부종합(SMU의료인재전형),70%컷(최종),3.8,2026,10,10
세명대,임상병리학과,종합,학생부종합(SMU의료인재전형),70%컷(최종),4.5,2026,10,2.75
세명대,작업치료학과,종합,학생부종합(SMU의료인재전형),70%컷(최종),5.4,2026,8,2.13
세명대,한의예과,종합,학생부종합(SMU의료인재전형),70%컷(최종),1.3,2026,5,29.2
세명대,경찰학과,교과,학생부교과(지역인재(일반)전형),70%컷(최종),4.7,2026,5,4
세명대,AI컴퓨터학부,교과,학생부교과(지역인재(일반)전형),70%컷(최종),4.6,2026,3,1
세명대,간호학과,교과,학생부교과(지역인재(일반)전형),70%컷(최종),3.6,2026,34,4.71
세명대,보건안전공학과,교과,학생부교과(지역인재(일반)전형),70%컷(최종),5.7,2026,5,3.33
세명대,스마트IT학부,교과,학생부교과(지역인재(일반)전형),70%컷(최종),5.9,2026,3,1
세명대,임상병리학과,교과,학생부교과(지역인재(일반)전형),70%컷(최종),4.4,2026,5,5
세명대,작업치료학과,교과,학생부교과(지역인재(일반)전형),70%컷(최종),5,2026,8,5.13
세명대,한의예과,교과,학생부교과(지역인재(일반)전형),70%컷(최종),1.15,2026,16,20.81
세명대,[유형1] 자율전공학부,교과,학생부교과(지역인재(일반)전형),70%컷(최종),5.2,2026,11,8.6
세종대,경영학부,논술,논술(논술우수자전형),70%컷(최종),3.89,2025,9,68.15
세종대,경제학과,논술,논술(논술우수자전형),70%컷(최종),4.25,2025,4,55.75
세종대,교육학과,논술,논술(논술우수자전형),70%컷(최종),4.43,2025,5,55.5
세종대,국어국문학과,논술,논술(논술우수자전형),70%컷(최종),3.7,2025,5,59.75
세종대,국제학부,논술,논술(논술우수자전형),70%컷(최종),4.13,2025,10,67.5
세종대,미디어커뮤니케이션학과,논술,논술(논술우수자전형),70%컷(최종),3.73,2025,4,65.33
세종대,법학과,논술,논술(논술우수자전형),70%컷(최종),4.84,2025,4,61
세종대,역사학과,논술,논술(논술우수자전형),70%컷(최종),4,2025,6,54.67
세종대,행정학과,논술,논술(논술우수자전형),70%컷(최종),5.02,2025,3,59.25
세종대,호텔관광외식경영학부,논술,논술(논술우수자전형),70%컷(최종),4.34,2025,9,57
세종대,AI로봇학과,논술,논술(논술우수자전형),70%컷(최종),4.43,2025,24,25.5
세종대,AI융합전자공학과,논술,논술(논술우수자전형),70%컷(최종),4.25,2025,11,28.89
세종대,건설환경공학과,논술,논술(논술우수자전형),70%컷(최종),4.52,2025,9,26
세종대,건축공학과,논술,논술(논술우수자전형),70%컷(최종),4.46,2025,6,29.57
세종대,건축학과(5년),논술,논술(논술우수자전형),70%컷(최종),4.65,2025,5,37.2
세종대,기계공학과,논술,논술(논술우수자전형),70%컷(최종),4.44,2025,7,42.38
세종대,나노신소재공학과,논술,논술(논술우수자전형),70%컷(최종),4.93,2025,8,31.22
세종대,물리천문학과,논술,논술(논술우수자전형),70%컷(최종),3.68,2025,7,34.8
세종대,반도체시스템공학과,논술,논술(논술우수자전형),70%컷(최종),4.42,2025,6,28.57
세종대,생명시스템학부,논술,논술(논술우수자전형),70%컷(최종),4.51,2025,12,37.43
세종대,수학통계학과,논술,논술(논술우수자전형),70%컷(최종),4.34,2025,7,30
세종대,스마트생명산업융합학과,논술,논술(논술우수자전형),70%컷(최종),4.93,2025,4,28
세종대,양자원자력공학과,논술,논술(논술우수자전형),70%컷(최종),3.35,2025,7,19.67
세종대,에너지자원공학과,논술,논술(논술우수자전형),70%컷(최종),4.2,2025,8,25.33
세종대,우주항공시스템공학부 우주항공공학전공,논술,논술(논술우수자전형),70%컷(최종),4.78,2025,5,31.17
세종대,우주항공시스템공학부 지능형드론융합전공,논술,논술(논술우수자전형),70%컷(최종),4.89,2025,12,22.92
세종대,인공지능데이터사이언스학과,논술,논술(논술우수자전형),70%컷(최종),4.48,2025,18,23.64
세종대,정보보호학과,논술,논술(논술우수자전형),70%컷(최종),4.06,2025,4,22.67
세종대,지능정보융합학과,논술,논술(논술우수자전형),70%컷(최종),4.39,2025,17,22.43
세종대,컴퓨터공학과,논술,논술(논술우수자전형),70%컷(최종),4.47,2025,10,27.58
세종대,콘텐츠소프트웨어학과,논술,논술(논술우수자전형),70%컷(최종),4.43,2025,12,18.71
세종대,화학과,논술,논술(논술우수자전형),70%컷(최종),4.58,2025,4,29
세종대,환경융합공학과,논술,논술(논술우수자전형),70%컷(최종),4.56,2025,6,28.86
세종대,경영학부,교과,학생부교과(지역균형전형),70%컷(최종),2.35,2026,10,10.25
세종대,경제학과,교과,학생부교과(지역균형전형),70%컷(최종),2.26,2026,4,14
세종대,교육학과,교과,학생부교과(지역균형전형),70%컷(최종),2.27,2026,5,8.5
세종대,국어국문학과,교과,학생부교과(지역균형전형),70%컷(최종),2.44,2026,5,7.5
세종대,국제학부,교과,학생부교과(지역균형전형),70%컷(최종),2.36,2026,10,9.36
세종대,미디어커뮤니케이션학과,교과,학생부교과(지역균형전형),70%컷(최종),2.69,2026,4,9.67
세종대,법학과,교과,학생부교과(지역균형전형),70%컷(최종),2.38,2026,4,7.75
세종대,행정학과,교과,학생부교과(지역균형전형),70%컷(최종),2.41,2026,4,8
세종대,호텔관광외식경영학부,교과,학생부교과(지역균형전형),70%컷(최종),2.4,2026,12,7.07
세종대,AI로봇학과,교과,학생부교과(지역균형전형),70%컷(최종),2.47,2026,30,5.47
세종대,AI융합전자공학과,교과,학생부교과(지역균형전형),70%컷(최종),2.12,2026,9,25.14
세종대,건설환경공학과,교과,학생부교과(지역균형전형),70%컷(최종),2.43,2026,6,16
세종대,건축공학과,교과,학생부교과(지역균형전형),70%컷(최종),2.55,2026,7,13.67
세종대,건축학과(5년),교과,학생부교과(지역균형전형),70%컷(최종),2.07,2026,4,17
세종대,기계공학과,교과,학생부교과(지역균형전형),70%컷(최종),2.14,2026,6,20.2
세종대,나노신소재공학과,교과,학생부교과(지역균형전형),70%컷(최종),2.15,2026,7,13.33
세종대,물리천문학과,교과,학생부교과(지역균형전형),70%컷(최종),1.93,2026,6,15.75
세종대,반도체시스템공학과,교과,학생부교과(지역균형전형),70%컷(최종),2.35,2026,5,7.67
세종대,생명시스템학부,교과,학생부교과(지역균형전형),70%컷(최종),2.11,2026,12,6.88
세종대,수학통계학과,교과,학생부교과(지역균형전형),70%컷(최종),2.16,2026,4,24.25
세종대,스마트생명산업융합학과,교과,학생부교과(지역균형전형),70%컷(최종),2.11,2026,4,10.25
세종대,양자지능정보학과,교과,학생부교과(지역균형전형),70%컷(최종),2.55,2026,8,14
세종대,에너지자원공학과,교과,학생부교과(지역균형전형),70%컷(최종),2.38,2026,7,28.83
세종대,우주항공시스템공학부 우주항공공학전공,교과,학생부교과(지역균형전형),70%컷(최종),2.86,2025,4,20
세종대,우주항공시스템공학부 지능형드론융합전공,교과,학생부교과(지역균형전형),70%컷(최종),2.55,2025,17,7.25
세종대,인공지능데이터사이언스학과,교과,학생부교과(지역균형전형),70%컷(최종),2.71,2026,22,6.17
세종대,정보보호학과,교과,학생부교과(지역균형전형),70%컷(최종),2.57,2026,4,24.33
세종대,지능정보융합학과,교과,학생부교과(지역균형전형),70%컷(최종),2.38,2026,22,8.5
세종대,컴퓨터공학과,교과,학생부교과(지역균형전형),70%컷(최종),2.3,2026,10,8
세종대,콘텐츠소프트웨어학과,교과,학생부교과(지역균형전형),70%컷(최종),2.84,2026,14,6
세종대,화학과,교과,학생부교과(지역균형전형),70%컷(최종),2.35,2026,4,8.75
세종대,환경융합공학과,교과,학생부교과(지역균형전형),70%컷(최종),2.19,2026,6,18.5
세종대,[유형1] 자유전공학부,교과,학생부교과(지역균형전형),70%컷(최종),2.31,2026,122,8.32
세종대,우주항공시스템공학부 항공시스템공학전공(공군)계약,교과,학생부교과(항공시스템공학특별전형)(정원외),70%컷(최종),2.9,2025,23,9.87
세종대,국방AI융합시스템공학과(해군)계약,종합,학생부종합(국방AI융합시스템공학특별전형)(정원외),70%컷(최종),3.59,2025,32,5.32
세종대,사이버국방학과(육군)계약,종합,학생부종합(사이버국방특별전형)(정원외),70%컷(최종),3.15,2025,16,6.27
세종대,경영학부,종합,학생부종합(세종인재전형(면접형)),70%컷(최종),2.48,2026,12,16.73
세종대,경제학과,종합,학생부종합(세종인재전형(면접형)),70%컷(최종),2.58,2026,5,17
세종대,교육학과,종합,학생부종합(세종인재전형(면접형)),70%컷(최종),2.64,2026,5,17.33
세종대,국어국문학과,종합,학생부종합(세종인재전형(면접형)),70%컷(최종),2.72,2026,5,12.67
세종대,국제학부,종합,학생부종합(세종인재전형(면접형)),70%컷(최종),4.15,2026,15,20.82
세종대,미디어커뮤니케이션학과,종합,학생부종합(세종인재전형(면접형)),70%컷(최종),2.53,2026,4,26
세종대,법학과,종합,학생부종합(세종인재전형(면접형)),70%컷(최종),2.99,2026,4,16.67
세종대,역사학과,종합,학생부종합(세종인재전형(면접형)),70%컷(최종),2.88,2026,6,17.33
세종대,행정학과,종합,학생부종합(세종인재전형(면접형)),70%컷(최종),2.3,2026,4,19
세종대,호텔관광외식경영학부,종합,학생부종합(세종인재전형(면접형)),70%컷(최종),4.5,2026,14,28.33
세종대,AI로봇학과,종합,학생부종합(세종인재전형(면접형)),70%컷(최종),3.13,2026,14,10.14
세종대,AI융합전자공학과,종합,학생부종합(세종인재전형(면접형)),70%컷(최종),2.73,2026,11,10.1
세종대,건설환경공학과,종합,학생부종합(세종인재전형(면접형)),70%컷(최종),2.57,2026,9,11.2
세종대,건축공학과,종합,학생부종합(세종인재전형(면접형)),70%컷(최종),2.8,2026,8,9
세종대,건축학과(5년),종합,학생부종합(세종인재전형(면접형)),70%컷(최종),2.56,2026,6,11.5
세종대,기계공학과,종합,학생부종합(세종인재전형(면접형)),70%컷(최종),2.64,2026,8,14.67
세종대,나노신소재공학과,종합,학생부종합(세종인재전형(면접형)),70%컷(최종),2.58,2026,9,21.17
세종대,물리천문학과,종합,학생부종합(세종인재전형(면접형)),70%컷(최종),2.81,2026,10,23.88
세종대,반도체시스템공학과,종합,학생부종합(세종인재전형(면접형)),70%컷(최종),2.56,2026,6,8.4
세종대,생명시스템학부,종합,학생부종합(세종인재전형(면접형)),70%컷(최종),2.38,2026,17,28.67
세종대,수학통계학과,종합,학생부종합(세종인재전형(면접형)),70%컷(최종),2.35,2026,5,15
세종대,스마트생명산업융합학과,종합,학생부종합(세종인재전형(면접형)),70%컷(최종),2.6,2026,4,18.5
세종대,양자원자력공학과,종합,학생부종합(세종인재전형(면접형)),70%컷(최종),2.6,2026,6,11.5
세종대,양자지능정보학과,종합,학생부종합(세종인재전형(면접형)),70%컷(최종),2.8,2026,5,9.75
세종대,에너지자원공학과,종합,학생부종합(세종인재전형(면접형)),70%컷(최종),2.71,2026,8,31.75
세종대,우주항공시스템공학부 우주항공공학전공,종합,학생부종합(세종인재전형(면접형)),70%컷(최종),3.43,2025,6,31.75
세종대,우주항공시스템공학부 지능형드론융합전공,종합,학생부종합(세종인재전형(면접형)),70%컷(최종),3.21,2025,7,12.78
세종대,인공지능데이터사이언스학과,종합,학생부종합(세종인재전형(면접형)),70%컷(최종),2.71,2026,10,12.19
세종대,정보보호학과,종합,학생부종합(세종인재전형(면접형)),70%컷(최종),2.64,2026,5,9.75
세종대,지능정보융합학과,종합,학생부종합(세종인재전형(면접형)),70%컷(최종),2.96,2026,9,8.56
세종대,컴퓨터공학과,종합,학생부종합(세종인재전형(면접형)),70%컷(최종),2.73,2026,12,17.23
세종대,콘텐츠소프트웨어학과,종합,학생부종합(세종인재전형(면접형)),70%컷(최종),2.91,2026,6,8.64
세종대,화학과,종합,학생부종합(세종인재전형(면접형)),70%컷(최종),2.5,2026,5,34.5
세종대,환경융합공학과,종합,학생부종합(세종인재전형(면접형)),70%컷(최종),2.56,2026,8,27.25
세종대,창의소프트학부 디자인이노베이션전공,종합,학생부종합(세종인재전형(면접형)),70%컷(최종),3.23,2025,48,10.98
세종대,창의소프트학부 만화애니메이션텍전공,종합,학생부종합(세종인재전형(면접형)),70%컷(최종),2.74,2025,48,9.98
세종대,AI로봇학과,종합,학생부종합(세종인재전형(서류형)),70%컷(최종),2.66,2026,7,6.56
세종대,스마트생명산업융합학과,종합,학생부종합(세종인재전형(서류형)),70%컷(최종),2.4,2026,4,10.67
세종대,양자지능정보학과,종합,학생부종합(세종인재전형(서류형)),70%컷(최종),2.83,2026,7,7.5
세종대,우주항공시스템공학부 지능형드론융합전공,종합,학생부종합(세종인재전형(서류형)),70%컷(최종),3.24,2025,6,9.57
세종대,인공지능데이터사이언스학과,종합,학생부종합(세종인재전형(서류형)),70%컷(최종),2.59,2026,5,8
세종대,지능정보융합학과,종합,학생부종합(세종인재전형(서류형)),70%컷(최종),2.69,2026,5,6.54
세종대,콘텐츠소프트웨어학과,종합,학생부종합(세종인재전형(서류형)),70%컷(최종),2.78,2026,5,6.17
세한대,글로벌복지한국어학과,교과,학생부교과(일반학생전형),80%컷(최종),5,2025,20,1
세한대,유아교육과,교과,학생부교과(일반학생전형),평균(최종),4.1,2025,20,1.2
세한대,특수교육과,교과,학생부교과(일반학생전형),80%컷(최종),5,2025,20,1.55
세한대,간호학과,교과,학생부교과(일반학생전형),80%컷(최종),5.3,2025,95,2.16
세한대,기술교육과,교과,학생부교과(일반학생전형),80%컷(최종),3,2025,18,2.28
세한대,물리치료학과,교과,학생부교과(일반학생전형),80%컷(최종),5.3,2025,60,3.89
세한대,글로벌스포츠복지학부,교과,학생부교과(일반학생전형),80%컷(최종),6.4,2025,40,1.14
세한대(당진),사회문화복지학부,교과,학생부교과(일반학생전형),80%컷(최종),6.9,2025,20,1.13
세한대(당진),항공서비스학과,교과,학생부교과(일반학생전형),80%컷(최종),5.4,2025,36,10.63
세한대(당진),AI융합콘텐츠학부,교과,학생부교과(일반학생전형),80%컷(최종),5,2025,25,3.97
세한대(당진),항공운항학과,교과,학생부교과(일반학생전형),80%컷(최종),5.3,2025,30,1.4
세한대(당진),항공정비학과,교과,학생부교과(일반학생전형),80%컷(최종),4.5,2025,36,2.69
송원대,간호학과,교과,학생부교과(면접우수자면접전형),70%컷(최종),6.25,2025,141,3.43
송원대,스포츠데이터분석학과,교과,학생부교과(면접우수자면접전형),70%컷(최종),7.5,2025,10,2.88
송원대,건축공학과,교과,학생부교과(학생부우수자일반전형),70%컷(최종),7.3,2026,20,0.75
송원대,경찰행정학과,교과,학생부교과(학생부우수자일반전형),70%컷(최종),7,2026,20,3.45
송원대,미용예술학과,교과,학생부교과(학생부우수자일반전형),70%컷(최종),6.5,2026,23,5.56
송원대,보건안전관리학과,교과,학생부교과(학생부우수자일반전형),70%컷(최종),6.3,2026,20,2.28
송원대,사회복지학과,교과,학생부교과(학생부우수자일반전형),70%컷(최종),6,2026,25,4
송원대,스포츠지도학과,교과,학생부교과(학생부우수자일반전형),70%컷(최종),6.5,2026,8,4.5
송원대,유아교육과,교과,학생부교과(학생부우수자일반전형),70%컷(최종),6.6,2026,40,1.55
송원대,철도운전·관제시스템학과,교과,학생부교과(학생부우수자일반전형),70%컷(최종),5,2026,29,3.09
송원대,철도운전경영학과,교과,학생부교과(학생부우수자일반전형),70%컷(최종),5.6,2026,24,2.42
송원대,철도운전시스템학과,교과,학생부교과(학생부우수자일반전형),70%컷(최종),5,2026,35,4.73
송원대,철도차량시스템학과,교과,학생부교과(학생부우수자일반전형),70%컷(최종),6.3,2026,22,3.41
송원대,치위생학과,교과,학생부교과(학생부우수자일반전형),70%컷(최종),7,2026,20,4.47
송원대,토목환경공학과(야간),교과,학생부교과(학생부우수자일반전형),70%컷(최종),6.75,2025,15,1.4
수원대,경영공학대학,교과,논술(교과논술전형),70%컷(최종),5.08,2026,63,18.57
수원대,디지털콘텐츠,교과,논술(교과논술전형),70%컷(최종),4.6,2026,10,13.5
수원대,아동가족복지학과,교과,논술(교과논술전형),70%컷(최종),5.18,2026,5,12.25
수원대,의류학과,교과,논술(교과논술전형),70%컷(최종),4.3,2026,5,15.6
수원대,인문사회융합대학,교과,논술(교과논술전형),70%컷(최종),4.8,2026,70,20.37
수원대,AI데이터과학부,교과,논술(교과논술전형),70%컷(최종),4.75,2026,32,13.33
수원대,간호학과,교과,논술(교과논술전형),70%컷(최종),4.43,2026,25,46.84
수원대,건설환경에너지공학부,교과,논술(교과논술전형),70%컷(최종),5.25,2026,30,12.9
수원대,기계공학부,교과,논술(교과논술전형),70%컷(최종),4.95,2026,15,13.13
수원대,도시부동산학과,교과,논술(교과논술전형),평균(최종),4.80,2026,8,11.68
수원대,바이오공학과,교과,논술(교과논술전형),70%컷(최종),4.85,2026,8,17.2
수원대,반도체공학과,교과,논술(교과논술전형),70%컷(최종),4.95,2026,15,12.47
수원대,식품영양학과,교과,논술(교과논술전형),70%컷(최종),4.65,2026,5,19.63
수원대,전기전자공학부,교과,논술(교과논술전형),70%컷(최종),5.15,2026,50,14.28
수원대,지능형보안학부,교과,논술(교과논술전형),70%컷(최종),4.6,2026,12,10.92
수원대,컴퓨터공학부,교과,논술(교과논술전형),70%컷(최종),4.45,2026,32,12.1
수원대,화학공학·신소재공학부,교과,논술(교과논술전형),70%컷(최종),4.75,2026,30,12.93
수원대,경영공학대학,교과,학생부교과(고교추천전형),평균(최종),3.90,2026,10,30.2
수원대,아동가족복지학과,교과,학생부교과(고교추천전형),70%컷(최종),4.11,2026,3,26
수원대,의류학과,교과,학생부교과(고교추천전형),70%컷(최종),3.75,2026,2,10
수원대,인문사회융합대학,교과,학생부교과(고교추천전형),평균(최종),3.80,2026,15,52.4
수원대,AI데이터과학부,교과,학생부교과(고교추천전형),70%컷(최종),4.4,2026,6,31
수원대,간호학과,교과,학생부교과(고교추천전형),70%컷(최종),3,2026,10,28.9
수원대,건설환경에너지공학부,교과,학생부교과(고교추천전형),70%컷(최종),4.15,2026,8,26
수원대,기계공학부,교과,학생부교과(고교추천전형),평균(최종),3.90,2026,5,17.2
수원대,도시부동산학과,교과,학생부교과(고교추천전형),평균(최종),3.70,2026,2,18.5
수원대,바이오공학과,교과,학생부교과(고교추천전형),70%컷(최종),3.65,2026,3,28.67
수원대,반도체공학과,교과,학생부교과(고교추천전형),70%컷(최종),3.95,2026,3,12.33
수원대,식품영양학과,교과,학생부교과(고교추천전형),70%컷(최종),4.08,2026,3,8.33
수원대,전기전자공학부,교과,학생부교과(고교추천전형),평균(최종),4.00,2026,10,24.8
수원대,지능형보안학부,교과,학생부교과(고교추천전형),70%컷(최종),4.05,2026,3,18
수원대,컴퓨터공학부,교과,학생부교과(고교추천전형),70%컷(최종),4,2026,6,22.4
수원대,화학공학·신소재공학부,교과,학생부교과(고교추천전형),70%컷(최종),3.96,2026,6,26.33
수원대,[유형1] 자유전공학부,교과,학생부교과(고교추천전형),70%컷(최종),3.9,2026,15,33.2
수원대,경영공학대학,교과,학생부교과(교과우수전형),평균(최종),3.10,2026,30,10.57
수원대,아동가족복지학과,교과,학생부교과(교과우수전형),70%컷(최종),3.78,2026,5,14.6
수원대,의류학과,교과,학생부교과(교과우수전형),70%컷(최종),3.29,2026,3,13
수원대,인문사회융합대학,교과,학생부교과(교과우수전형),70%컷(최종),3.2,2026,30,13.1
수원대,AI데이터과학부,교과,학생부교과(교과우수전형),70%컷(최종),3.75,2026,11,16.46
수원대,간호학과,교과,학생부교과(교과우수전형),70%컷(최종),2.65,2026,20,7.67
수원대,건설환경에너지공학부,교과,학생부교과(교과우수전형),평균(최종),3.30,2026,10,21.3
수원대,기계공학부,교과,학생부교과(교과우수전형),70%컷(최종),3.3,2026,5,20.2
수원대,도시부동산학과,교과,학생부교과(교과우수전형),평균(최종),3.40,2026,3,11.43
수원대,바이오공학과,교과,학생부교과(교과우수전형),70%컷(최종),3.2,2026,2,12.43
수원대,반도체공학과,교과,학생부교과(교과우수전형),평균(최종),3.20,2026,5,12.6
수원대,식품영양학과,교과,학생부교과(교과우수전형),70%컷(최종),3.2,2026,5,10.4
수원대,전기전자공학부,교과,학생부교과(교과우수전형),70%컷(최종),3.2,2026,10,18.4
수원대,지능형보안학부,교과,학생부교과(교과우수전형),70%컷(최종),3.5,2026,5,12.8
수원대,컴퓨터공학부,교과,학생부교과(교과우수전형),70%컷(최종),3.43,2026,11,11.55
수원대,화학공학·신소재공학부,교과,학생부교과(교과우수전형),70%컷(최종),3.25,2026,13,9.62
수원대,[유형1] 자유전공학부,교과,학생부교과(교과우수전형),평균(최종),3.40,2026,30,13.33
수원대,경영공학대학,교과,학생부교과(면접위주교과전형),70%컷(최종),3.63,2026,20,13.2
수원대,아동가족복지학과,교과,학생부교과(면접위주교과전형),70%컷(최종),3.99,2026,8,16.5
수원대,의류학과,교과,학생부교과(면접위주교과전형),70%컷(최종),3.98,2026,8,9.38
수원대,인문사회융합대학,교과,학생부교과(면접위주교과전형),70%컷(최종),3.5,2026,20,15.52
수원대,AI데이터과학부,교과,학생부교과(면접위주교과전형),70%컷(최종),4,2026,10,9.8
수원대,간호학과,교과,학생부교과(면접위주교과전형),70%컷(최종),2.16,2026,10,10.8
수원대,건설환경에너지공학부,교과,학생부교과(면접위주교과전형),70%컷(최종),3.9,2026,10,13.4
수원대,기계공학부,교과,학생부교과(면접위주교과전형),70%컷(최종),3.9,2026,10,10.4
수원대,도시부동산학과,교과,학생부교과(면접위주교과전형),평균(최종),3.90,2026,4,11
수원대,바이오공학과,교과,학생부교과(면접위주교과전형),70%컷(최종),3.33,2026,8,14.25
수원대,반도체공학과,교과,학생부교과(면접위주교과전형),70%컷(최종),3.7,2026,8,12.13
수원대,식품영양학과,교과,학생부교과(면접위주교과전형),70%컷(최종),2.88,2026,8,7.38
수원대,전기전자공학부,교과,학생부교과(면접위주교과전형),70%컷(최종),4,2026,10,9.6
수원대,지능형보안학부,교과,학생부교과(면접위주교과전형),70%컷(최종),4.05,2026,10,8.2
수원대,컴퓨터공학부,교과,학생부교과(면접위주교과전형),70%컷(최종),3.89,2026,10,7
수원대,화학공학·신소재공학부,교과,학생부교과(면접위주교과전형),70%컷(최종),3.7,2026,10,10.8
수원대,[유형1] 자유전공학부,교과,학생부교과(면접위주교과전형),70%컷(최종),3.8,2026,20,14.7
숙명여대,가족자원경영학과,교과,학생부교과(지역균형선발전형),70%컷(최종),2.09,2025,3,10
숙명여대,경영학부,교과,학생부교과(지역균형선발전형),70%컷(최종),1.94,2026,30,8.03
숙명여대,경제학부,교과,학생부교과(지역균형선발전형),70%컷(최종),1.94,2026,16,6.81
숙명여대,교육학부,교과,학생부교과(지역균형선발전형),70%컷(최종),1.88,2026,6,7.67
숙명여대,독일언어·문화학과,교과,학생부교과(지역균형선발전형),70%컷(최종),1.72,2026,2,8
숙명여대,르꼬르동블루외식경영전공,교과,학생부교과(지역균형선발전형),70%컷(최종),2.12,2026,5,8.4
숙명여대,문헌정보학과,교과,학생부교과(지역균형선발전형),70%컷(최종),1.87,2025,3,9
숙명여대,문화관광외식학부,교과,학생부교과(지역균형선발전형),70%컷(최종),2.08,2026,5,8.2
숙명여대,미디어학부,교과,학생부교과(지역균형선발전형),70%컷(최종),1.68,2026,6,6.5
숙명여대,법학부,교과,학생부교과(지역균형선발전형),70%컷(최종),1.94,2026,15,6.87
숙명여대,사회심리학과,교과,학생부교과(지역균형선발전형),70%컷(최종),2.03,2025,2,6
숙명여대,소비자경제학과,교과,학생부교과(지역균형선발전형),70%컷(최종),2.24,2025,3,6.33
숙명여대,아동복지학부,교과,학생부교과(지역균형선발전형),70%컷(최종),2.06,2026,7,9
숙명여대,역사문화학과,교과,학생부교과(지역균형선발전형),70%컷(최종),2.06,2026,5,6.2
숙명여대,영어영문학부,교과,학생부교과(지역균형선발전형),70%컷(최종),1.91,2026,9,13.11
숙명여대,일본학과,교과,학생부교과(지역균형선발전형),70%컷(최종),2.06,2026,4,7
숙명여대,정치외교학과,교과,학생부교과(지역균형선발전형),70%컷(최종),2.09,2026,5,9.6
숙명여대,중어중문학부,교과,학생부교과(지역균형선발전형),70%컷(최종),1.95,2026,9,8.89
숙명여대,테슬(TESL)전공,교과,학생부교과(지역균형선발전형),70%컷(최종),2.46,2025,3,9.33
숙명여대,프랑스언어·문화학과,교과,학생부교과(지역균형선발전형),70%컷(최종),1.72,2026,3,8.67
숙명여대,한국어문학부,교과,학생부교과(지역균형선발전형),70%컷(최종),2.06,2026,8,6.25
숙명여대,행정학과,교과,학생부교과(지역균형선발전형),70%컷(최종),1.95,2026,5,12.4
숙명여대,홍보광고학과,교과,학생부교과(지역균형선발전형),70%컷(최종),1.89,2026,5,9.8
숙명여대,기계시스템학부,교과,학생부교과(지역균형선발전형),70%컷(최종),1.88,2026,6,8.83
숙명여대,데이터사이언스전공,교과,학생부교과(지역균형선발전형),70%컷(최종),1.76,2026,5,4.8
숙명여대,생명시스템학부,교과,학생부교과(지역균형선발전형),70%컷(최종),1.64,2026,7,13.29
숙명여대,수학과,교과,학생부교과(지역균형선발전형),70%컷(최종),1.93,2026,4,9
숙명여대,식품영양학과,교과,학생부교과(지역균형선발전형),70%컷(최종),1.71,2026,7,6.86
숙명여대,신소재물리학부,교과,학생부교과(지역균형선발전형),70%컷(최종),1.89,2026,5,5
숙명여대,약학부,교과,학생부교과(지역균형선발전형),70%컷(최종),1.1,2026,5,10.8
숙명여대,의류학과,교과,학생부교과(지역균형선발전형),70%컷(최종),1.86,2026,6,7.83
숙명여대,인공지능공학부,교과,학생부교과(지역균형선발전형),70%컷(최종),1.83,2026,10,6.7
숙명여대,지능형전자시스템학부,교과,학생부교과(지역균형선발전형),70%컷(최종),1.85,2026,7,5.29
숙명여대,컴퓨터과학전공,교과,학생부교과(지역균형선발전형),70%컷(최종),1.91,2026,9,4.89
숙명여대,통계학과,교과,학생부교과(지역균형선발전형),70%컷(최종),1.71,2026,5,6.2
숙명여대,화공생명공학부,교과,학생부교과(지역균형선발전형),70%컷(최종),1.69,2026,8,6.5
숙명여대,화학과,교과,학생부교과(지역균형선발전형),70%컷(최종),2.06,2026,5,6.6
숙명여대,데이터사이언스전공,종합,학생부종합(소프트웨어인재전형),70%컷(최종),2.47,2026,9,7
숙명여대,인공지능공학부,종합,학생부종합(소프트웨어인재전형),70%컷(최종),2.67,2026,14,6.61
숙명여대,컴퓨터과학전공,종합,학생부종합(소프트웨어인재전형),70%컷(최종),2.8,2026,12,5.4
숙명여대,가족자원경영학과,종합,학생부종합(숙명인재(면접형)전형),70%컷(최종),2.77,2026,4,8
숙명여대,경영학부,종합,학생부종합(숙명인재(면접형)전형),70%컷(최종),2.5,2026,24,11.29
숙명여대,경제학부,종합,학생부종합(숙명인재(면접형)전형),70%컷(최종),2.32,2026,6,11.29
숙명여대,교육학부,종합,학생부종합(숙명인재(면접형)전형),70%컷(최종),2.36,2026,9,10.89
숙명여대,글로벌협력전공,종합,학생부종합(숙명인재(면접형)전형),70%컷(최종),3.82,2026,12,16.75
숙명여대,독일언어·문화학과,종합,학생부종합(숙명인재(면접형)전형),70%컷(최종),2.24,2026,9,11.22
숙명여대,르꼬르동블루외식경영전공,종합,학생부종합(숙명인재(면접형)전형),70%컷(최종),3.88,2026,8,15.13
숙명여대,문헌정보학과,종합,학생부종합(숙명인재(면접형)전형),70%컷(최종),2.07,2026,5,10.4
숙명여대,문화관광외식학부,종합,학생부종합(숙명인재(면접형)전형),70%컷(최종),2.85,2026,9,14
숙명여대,미디어학부,종합,학생부종합(숙명인재(면접형)전형),70%컷(최종),2.33,2026,8,19.25
숙명여대,법학부,종합,학생부종합(숙명인재(면접형)전형),70%컷(최종),3.31,2026,15,12.55
숙명여대,사회심리학과,종합,학생부종합(숙명인재(면접형)전형),70%컷(최종),2.18,2026,5,16.33
숙명여대,소비자경제학과,종합,학생부종합(숙명인재(면접형)전형),70%컷(최종),2.88,2026,6,12.17
숙명여대,아동복지학부,종합,학생부종합(숙명인재(면접형)전형),70%컷(최종),2.84,2026,7,12.38
숙명여대,앙트러프러너십전공,종합,학생부종합(숙명인재(면접형)전형),70%컷(최종),3.59,2026,9,11.67
숙명여대,역사문화학과,종합,학생부종합(숙명인재(면접형)전형),70%컷(최종),2.42,2026,6,10.83
숙명여대,영어영문학부,종합,학생부종합(숙명인재(면접형)전형),70%컷(최종),3.07,2026,20,8.75
숙명여대,일본학과,종합,학생부종합(숙명인재(면접형)전형),70%컷(최종),4,2026,16,11.31
숙명여대,정치외교학과,종합,학생부종합(숙명인재(면접형)전형),70%컷(최종),2.35,2026,6,14
숙명여대,중어중문학부,종합,학생부종합(숙명인재(면접형)전형),70%컷(최종),4.42,2026,15,9.13
숙명여대,테슬(TESL)전공,종합,학생부종합(숙명인재(면접형)전형),70%컷(최종),4.23,2026,10,6.2
숙명여대,프랑스언어·문화학과,종합,학생부종합(숙명인재(면접형)전형),70%컷(최종),2.24,2026,10,9.3
숙명여대,한국어문학부,종합,학생부종합(숙명인재(면접형)전형),70%컷(최종),2.5,2026,12,12.5
숙명여대,행정학과,종합,학생부종합(숙명인재(면접형)전형),70%컷(최종),2.26,2026,5,13.8
숙명여대,홍보광고학과,종합,학생부종합(숙명인재(면접형)전형),70%컷(최종),2.38,2026,11,12.18
숙명여대,기계시스템학부,종합,학생부종합(숙명인재(면접형)전형),70%컷(최종),2.53,2026,14,9
숙명여대,생명시스템학부,종합,학생부종합(숙명인재(면접형)전형),70%컷(최종),2.21,2026,10,34.31
숙명여대,수학과,종합,학생부종합(숙명인재(면접형)전형),70%컷(최종),2.29,2026,6,6.88
숙명여대,식품영양학과,종합,학생부종합(숙명인재(면접형)전형),70%컷(최종),1.97,2026,6,21
숙명여대,신소재물리학부,종합,학생부종합(숙명인재(면접형)전형),70%컷(최종),2.33,2026,13,12
숙명여대,약학부,종합,학생부종합(숙명인재(면접형)전형),70%컷(최종),1.68,2026,15,24
숙명여대,의류학과,종합,학생부종합(숙명인재(면접형)전형),70%컷(최종),2.26,2026,6,14.43
숙명여대,지능형전자시스템학부,종합,학생부종합(숙명인재(면접형)전형),70%컷(최종),2.85,2026,10,7.77
숙명여대,통계학과,종합,학생부종합(숙명인재(면접형)전형),70%컷(최종),2.57,2026,12,8.25
숙명여대,화공생명공학부,종합,학생부종합(숙명인재(면접형)전형),70%컷(최종),2.12,2026,12,22.8
숙명여대,화학과,종합,학생부종합(숙명인재(면접형)전형),70%컷(최종),4.47,2026,10,15
순천대,국어교육과,교과,학생부교과(교과일반전형),70%컷(최종),3.98,2024,7,6.11
순천대,사회과학분야,교과,학생부교과(교과일반전형),,2025 통합 모집,2024,66,4.24
순천대,사회교육과,교과,학생부교과(교과일반전형),70%컷(최종),4.78,2024,11,6.27
순천대,영어교육과,교과,학생부교과(교과일반전형),70%컷(최종),4.63,2024,6,6.17
순천대,인문분야,교과,학생부교과(교과일반전형),,2025 통합 모집,2024,34,3.94
순천대,간호학과,교과,학생부교과(교과일반전형),70%컷(최종),2.73,2024,10,7.08
순천대,건축학부,교과,학생부교과(교과일반전형),70%컷(최종),4.43,2024,8,5.25
순천대,공학분야,교과,학생부교과(교과일반전형),,2025 통합 모집,2024,98,3.49
순천대,농업교육과,교과,학생부교과(교과일반전형),70%컷(최종),2.43,2024,1,11
순천대,식품영양학과,교과,학생부교과(교과일반전형),70%컷(최종),3.69,2024,7,5.14
순천대,융합바이오시스템기계공학과,교과,학생부교과(교과일반전형),70%컷(최종),6.85,2024,10,4.1
순천대,컴퓨터교육과,교과,학생부교과(교과일반전형),70%컷(최종),3.93,2024,7,4.29
순천대,예체능분야,교과,학생부교과(교과일반전형),,2025 통합 모집,2024,14,7.86
순천대,[유형1] 자유전공학부(인문사회·자연),교과,학생부교과(교과일반전형),70%컷(최종),5.09,2024,29,7.28
순천대,생명산업과학분야,교과,학생부교과(교과일반전형),,2025 통합 모집,2024,100,3.91
순천대,국어교육과,교과,학생부교과(지역인재전형),70%컷(최종),4.24,2024,6,4
순천대,사회과학분야,교과,학생부교과(지역인재전형),,2025 통합 모집,2024,135,3.41
순천대,사회교육과,교과,학생부교과(지역인재전형),70%컷(최종),6.03,2024,6,13.57
순천대,영어교육과,교과,학생부교과(지역인재전형),70%컷(최종),4.18,2024,7,4.33
순천대,인문분야,교과,학생부교과(지역인재전형),,2025 통합 모집,2024,38,3.11
순천대,간호학과,교과,학생부교과(지역인재전형),70%컷(최종),3.54,2024,16,8.25
순천대,건축학부,교과,학생부교과(지역인재전형),70%컷(최종),4.09,2024,13,3.85
순천대,공학분야,교과,학생부교과(지역인재전형),,2025 통합 모집,2024,209,3.01
순천대,농업교육과,교과,학생부교과(지역인재전형),70%컷(최종),2.12,2024,3,4.33
순천대,수학교육과,교과,학생부교과(지역인재전형),70%컷(최종),3.84,2024,6,6.17
순천대,식품영양학과,교과,학생부교과(지역인재전형),70%컷(최종),5.67,2024,16,5.19
순천대,약학과,교과,학생부교과(지역인재전형),70%컷(최종),1.56,2024,14,19.71
순천대,융합바이오시스템기계공학과,교과,학생부교과(지역인재전형),70%컷(최종),6.76,2024,14,3.07
순천대,컴퓨터교육과,교과,학생부교과(지역인재전형),70%컷(최종),4.46,2024,9,4.67
순천대,예체능분야,교과,학생부교과(지역인재전형),,2025 통합 모집,2024,16,9.81
순천대,[유형1] 자유전공학부(인문사회·자연),교과,학생부교과(지역인재전형),70%컷(최종),5.37,2024,46,4.41
순천대,생명산업과학분야,교과,학생부교과(지역인재전형),,2025 통합 모집,2024,138,2.75
순천향대,IT금융경영학과,교과,학생부교과(교과우수자전형),70%컷(최종),4.13,2026,13,4.56
순천향대,경영학과,교과,학생부교과(교과우수자전형),70%컷(최종),2.86,2026,11,5.75
순천향대,경제금융학과,교과,학생부교과(교과우수자전형),70%컷(최종),3.56,2026,15,4.85
순천향대,경찰행정학과,교과,학생부교과(교과우수자전형),70%컷(최종),2.17,2026,7,11.8
순천향대,관광경영학과,교과,학생부교과(교과우수자전형),70%컷(최종),3.82,2026,14,5.27
순천향대,국제통상학과,교과,학생부교과(교과우수자전형),70%컷(최종),4.03,2026,19,6.37
순천향대,글로벌문화산업학과,교과,학생부교과(교과우수자전형),70%컷(최종),3.5,2026,10,6.83
순천향대,미디어커뮤니케이션학과,교과,학생부교과(교과우수자전형),70%컷(최종),3.17,2026,13,5.82
순천향대,법학전공,교과,학생부교과(교과우수자전형),70%컷(최종),3.6,2026,8,8.29
순천향대,사회복지학과,교과,학생부교과(교과우수자전형),70%컷(최종),3.17,2026,12,14.43
순천향대,영미학과,교과,학생부교과(교과우수자전형),70%컷(최종),3.75,2026,17,4.36
순천향대,유아교육과,교과,학생부교과(교과우수자전형),70%컷(최종),3.81,2026,11,8.71
순천향대,중국학과,교과,학생부교과(교과우수자전형),70%컷(최종),4.14,2026,10,8.9
순천향대,청소년교육·상담학과,교과,학생부교과(교과우수자전형),70%컷(최종),2.67,2026,9,4.6
순천향대,특수교육과,교과,학생부교과(교과우수자전형),70%컷(최종),3.17,2026,9,4.5
순천향대,한국문화콘텐츠학과,교과,학생부교과(교과우수자전형),70%컷(최종),3.5,2026,10,6.33
순천향대,행정학전공,교과,학생부교과(교과우수자전형),70%컷(최종),3.6,2026,9,8.29
순천향대,회계학과,교과,학생부교과(교과우수자전형),70%컷(최종),3.63,2026,10,5.17
순천향대,[광역] 에너지공학부,교과,학생부교과(교과우수자전형),70%컷(최종),4.14,2026,20,6.7
순천향대,간호학과,교과,학생부교과(교과우수자전형),70%컷(최종),2,2026,12,10.64
순천향대,건축학과,교과,학생부교과(교과우수자전형),70%컷(최종),3.3,2026,9,6
순천향대,기계공학과,교과,학생부교과(교과우수자전형),70%컷(최종),3.55,2026,13,6.89
순천향대,나노화학공학과,교과,학생부교과(교과우수자전형),70%컷(최종),3.97,2026,11,3.67
순천향대,디스플레이신소재공학과,교과,학생부교과(교과우수자전형),70%컷(최종),4.12,2026,15,5
순천향대,보건행정경영학전공,교과,학생부교과(교과우수자전형),70%컷(최종),3.29,2026,13,15.38
순천향대,생명과학과,교과,학생부교과(교과우수자전형),70%컷(최종),3.44,2026,17,5
순천향대,스마트자동차학과,교과,학생부교과(교과우수자전형),70%컷(최종),4.11,2026,15,7.18
순천향대,식품영양학과,교과,학생부교과(교과우수자전형),70%컷(최종),3.53,2026,12,12.11
순천향대,에너지환경공학과,교과,학생부교과(교과우수자전형),70%컷(최종),4.59,2026,12,5.38
순천향대,의예과,교과,학생부교과(교과우수자전형),70%컷(최종),1,2026,12,17.5
순천향대,임상병리학전공,교과,학생부교과(교과우수자전형),70%컷(최종),2,2026,9,21
순천향대,작업치료학전공,교과,학생부교과(교과우수자전형),70%컷(최종),3.41,2026,11,8
순천향대,전기공학과,교과,학생부교과(교과우수자전형),70%컷(최종),3.79,2026,18,8.15
순천향대,전자공학전공,교과,학생부교과(교과우수자전형),70%컷(최종),3.93,2026,12,5.82
순천향대,전자정보공학과,교과,학생부교과(교과우수자전형),70%컷(최종),4.2,2026,15,7.44
순천향대,정보보호학과,교과,학생부교과(교과우수자전형),70%컷(최종),4.14,2026,15,15.54
순천향대,정보통신공학전공,교과,학생부교과(교과우수자전형),70%컷(최종),3.93,2026,11,5.82
순천향대,화학과,교과,학생부교과(교과우수자전형),70%컷(최종),3.84,2026,9,4.71
순천향대,환경보건학과,교과,학생부교과(교과우수자전형),70%컷(최종),3.91,2026,15,7
순천향대,소프트웨어공학전공,종합,학생부종합(SW융합전형),70%컷(최종),5.03,2026,2,8
순천향대,정보보호학과,종합,학생부종합(SW융합전형),70%컷(최종),3.86,2026,2,8.5
순천향대,IT금융경영학과,종합,학생부종합(일반학생전형),70%컷(최종),4.93,2026,13,8.29
순천향대,경영학과,종합,학생부종합(일반학생전형),70%컷(최종),4.27,2026,12,10.3
순천향대,경제금융학과,종합,학생부종합(일반학생전형),70%컷(최종),4.73,2026,10,4.57
순천향대,경찰행정학과,종합,학생부종합(일반학생전형),70%컷(최종),3.15,2026,12,26
순천향대,관광경영학과,종합,학생부종합(일반학생전형),70%컷(최종),4.67,2026,15,8.15
순천향대,국제통상학과,종합,학생부종합(일반학생전형),70%컷(최종),5.01,2026,18,5.22
순천향대,글로벌문화산업학과,종합,학생부종합(일반학생전형),70%컷(최종),4.63,2026,9,7.75
순천향대,미디어커뮤니케이션학과,종합,학생부종합(일반학생전형),70%컷(최종),3.95,2026,17,19.64
순천향대,법학전공,종합,학생부종합(일반학생전형),70%컷(최종),4.68,2026,9,4.11
순천향대,사회복지학과,종합,학생부종합(일반학생전형),70%컷(최종),4.29,2026,12,23.1
순천향대,영미학과,종합,학생부종합(일반학생전형),70%컷(최종),5.25,2026,17,3.64
순천향대,유아교육과,종합,학생부종합(일반학생전형),70%컷(최종),4.51,2026,13,5.58
순천향대,중국학과,종합,학생부종합(일반학생전형),70%컷(최종),6.06,2026,14,8.5
순천향대,청소년교육·상담학과,종합,학생부종합(일반학생전형),70%컷(최종),3.99,2026,12,14.13
순천향대,특수교육과,종합,학생부종합(일반학생전형),70%컷(최종),4.95,2026,8,8.75
순천향대,한국문화콘텐츠학과,종합,학생부종합(일반학생전형),70%컷(최종),4.13,2026,8,13.5
순천향대,행정학전공,종합,학생부종합(일반학생전형),70%컷(최종),4.68,2026,9,4.11
순천향대,회계학과,종합,학생부종합(일반학생전형),70%컷(최종),5.05,2026,8,4.43
순천향대,[광역] 에너지공학부,종합,학생부종합(일반학생전형),70%컷(최종),5.47,2026,19,3.1
순천향대,간호학과,종합,학생부종합(일반학생전형),70%컷(최종),2.55,2026,12,14
순천향대,건축학과,종합,학생부종합(일반학생전형),70%컷(최종),4.3,2026,13,10.92
순천향대,기계공학과,종합,학생부종합(일반학생전형),70%컷(최종),4.52,2026,13,10
순천향대,나노화학공학과,종합,학생부종합(일반학생전형),70%컷(최종),4.78,2026,13,6.83
순천향대,디스플레이신소재공학과,종합,학생부종합(일반학생전형),70%컷(최종),4.89,2026,16,3.64
순천향대,보건행정경영학전공,종합,학생부종합(일반학생전형),70%컷(최종),4.44,2026,12,8.08
순천향대,생명과학과,종합,학생부종합(일반학생전형),70%컷(최종),4.35,2026,16,8.94
순천향대,스마트자동차학과,종합,학생부종합(일반학생전형),70%컷(최종),5.18,2026,13,8.73
순천향대,식품영양학과,종합,학생부종합(일반학생전형),70%컷(최종),4.71,2026,15,10.25
순천향대,에너지환경공학과,종합,학생부종합(일반학생전형),70%컷(최종),4.84,2026,11,6.2
순천향대,의예과,종합,학생부종합(일반학생전형),70%컷(최종),1,2026,10,27.4
순천향대,임상병리학전공,종합,학생부종합(일반학생전형),70%컷(최종),3.4,2026,13,12
순천향대,작업치료학전공,종합,학생부종합(일반학생전형),70%컷(최종),4.3,2026,11,10.67
순천향대,전기공학과,종합,학생부종합(일반학생전형),70%컷(최종),5.06,2026,15,5.38
순천향대,전자공학전공,종합,학생부종합(일반학생전형),70%컷(최종),4.69,2026,10,4.15
순천향대,전자정보공학과,종합,학생부종합(일반학생전형),70%컷(최종),5.39,2026,13,6.25
순천향대,정보보호학과,종합,학생부종합(일반학생전형),70%컷(최종),5.12,2026,15,5.2
순천향대,정보통신공학전공,종합,학생부종합(일반학생전형),70%컷(최종),4.69,2026,11,4.15
순천향대,화학과,종합,학생부종합(일반학생전형),70%컷(최종),4.5,2026,10,6.38
순천향대,환경보건학과,종합,학생부종합(일반학생전형),70%컷(최종),5.07,2026,15,4.14
순천향대,스포츠과학과,종합,학생부종합(일반학생전형),70%컷(최종),4.83,2026,5,21.17
순천향대,첨단융합공학부,종합,학생부종합(조기취업형계약학과전형)(정원외),70%컷(최종),6.47,2026,130,
순천향대,의예과,교과,학생부교과(충남형지역인재전형),70%컷(최종),1,2026,9,12.43
순천향대,IT금융경영학과,교과,학생부교과(충청형지역인재전형),70%컷(최종),4.23,2026,4,4.6
순천향대,경영학과,교과,학생부교과(충청형지역인재전형),70%컷(최종),3.61,2026,6,4.17
순천향대,경제금융학과,교과,학생부교과(충청형지역인재전형),70%컷(최종),3.9,2026,4,4
순천향대,경찰행정학과,교과,학생부교과(충청형지역인재전형),70%컷(최종),2.64,2026,6,5.83
순천향대,관광경영학과,교과,학생부교과(충청형지역인재전형),70%컷(최종),3.81,2026,6,5
순천향대,국제통상학과,교과,학생부교과(충청형지역인재전형),70%컷(최종),4.13,2026,6,8.17
순천향대,글로벌문화산업학과,교과,학생부교과(충청형지역인재전형),70%컷(최종),4.05,2026,3,4.33
순천향대,미디어커뮤니케이션학과,교과,학생부교과(충청형지역인재전형),70%컷(최종),3.07,2026,8,5.63
순천향대,법학전공,교과,학생부교과(충청형지역인재전형),70%컷(최종),3.47,2026,5,9.17
순천향대,사회복지학과,교과,학생부교과(충청형지역인재전형),70%컷(최종),4.06,2026,7,5.86
순천향대,영미학과,교과,학생부교과(충청형지역인재전형),70%컷(최종),4.17,2026,3,4
순천향대,유아교육과,교과,학생부교과(충청형지역인재전형),70%컷(최종),3.45,2026,5,4.4
순천향대,중국학과,교과,학생부교과(충청형지역인재전형),70%컷(최종),4.29,2026,5,4.6
순천향대,청소년교육·상담학과,교과,학생부교과(충청형지역인재전형),70%컷(최종),3.07,2026,7,3.43
순천향대,특수교육과,교과,학생부교과(충청형지역인재전형),70%컷(최종),4.2,2026,3,4.67
순천향대,한국문화콘텐츠학과,교과,학생부교과(충청형지역인재전형),70%컷(최종),3.71,2026,4,4.75
순천향대,행정학전공,교과,학생부교과(충청형지역인재전형),70%컷(최종),3.47,2026,5,9.17
순천향대,회계학과,교과,학생부교과(충청형지역인재전형),70%컷(최종),2.9,2026,3,3.33
순천향대,[광역] 에너지공학부,교과,학생부교과(충청형지역인재전형),70%컷(최종),3.65,2026,6,6.5
순천향대,간호학과,교과,학생부교과(충청형지역인재전형),70%컷(최종),2.15,2026,11,6.27
순천향대,건축학과,교과,학생부교과(충청형지역인재전형),70%컷(최종),4.89,2026,6,3
순천향대,기계공학과,교과,학생부교과(충청형지역인재전형),70%컷(최종),4.25,2026,5,4.4
순천향대,나노화학공학과,교과,학생부교과(충청형지역인재전형),70%컷(최종),3.73,2026,4,8
순천향대,디스플레이신소재공학과,교과,학생부교과(충청형지역인재전형),70%컷(최종),3.84,2026,4,3.5
순천향대,보건행정경영학전공,교과,학생부교과(충청형지역인재전형),70%컷(최종),2.5,2026,4,7.25
순천향대,생명과학과,교과,학생부교과(충청형지역인재전형),70%컷(최종),4.12,2026,6,3.17
순천향대,스마트자동차학과,교과,학생부교과(충청형지역인재전형),70%컷(최종),4.08,2026,4,3.25
순천향대,식품영양학과,교과,학생부교과(충청형지역인재전형),70%컷(최종),3.07,2026,5,5.2
순천향대,에너지환경공학과,교과,학생부교과(충청형지역인재전형),70%컷(최종),3.98,2026,4,8.75
순천향대,의예과,교과,학생부교과(충청형지역인재전형),70%컷(최종),1.09,2026,20,13.7
순천향대,임상병리학전공,교과,학생부교과(충청형지역인재전형),70%컷(최종),2.39,2026,5,4.4
순천향대,작업치료학전공,교과,학생부교과(충청형지역인재전형),70%컷(최종),2.71,2026,5,4.8
순천향대,전기공학과,교과,학생부교과(충청형지역인재전형),70%컷(최종),4,2026,5,4
순천향대,전자공학전공,교과,학생부교과(충청형지역인재전형),70%컷(최종),2.94,2026,4,6.25
순천향대,전자정보공학과,교과,학생부교과(충청형지역인재전형),70%컷(최종),4.33,2026,4,4.75
순천향대,정보보호학과,교과,학생부교과(충청형지역인재전형),70%컷(최종),4.78,2026,4,3.5
순천향대,정보통신공학전공,교과,학생부교과(충청형지역인재전형),70%컷(최종),2.94,2026,4,6.25
순천향대,화학과,교과,학생부교과(충청형지역인재전형),70%컷(최종),4.14,2026,3,5.33
순천향대,환경보건학과,교과,학생부교과(충청형지역인재전형),70%컷(최종),4.06,2026,5,5
순천향대,의예과,종합,학생부종합(충남형지역인재전형),70%컷(최종),1.16,2026,9,9.67
순천향대,간호학과,종합,학생부종합(충청형지역인재전형),70%컷(최종),2.49,2026,10,14
순천향대,의예과,종합,학생부종합(충청형지역인재전형),70%컷(최종),1.13,2026,20,7.92
숭실대,경영학부,논술,논술(논술우수자),평균(최종),4.30,2026,16,30.81
숭실대,경제학과,논술,논술(논술우수자),평균(최종),4.43,2026,5,24.4
숭실대,국어국문학과,논술,논술(논술우수자),평균(최종),3.61,2026,4,43
숭실대,국제법무학과,논술,논술(논술우수자),평균(최종),3.82,2026,2,40
숭실대,글로벌통상학과,논술,논술(논술우수자),평균(최종),4.11,2026,10,26.9
숭실대,금융학부,논술,논술(논술우수자),평균(최종),3.68,2026,2,22
숭실대,독어독문학과,논술,논술(논술우수자),평균(최종),4.18,2026,2,39.5
숭실대,법학과,논술,논술(논술우수자),평균(최종),5.10,2026,4,53.5
숭실대,벤처중소기업학과,논술,논술(논술우수자),평균(최종),4.15,2026,7,23.71
숭실대,불어불문학과,논술,논술(논술우수자),평균(최종),3.97,2026,4,43.5
숭실대,사학과,논술,논술(논술우수자),평균(최종),4.52,2026,3,38
숭실대,사회복지학부,논술,논술(논술우수자),평균(최종),4.96,2026,4,43.5
숭실대,언론홍보학과,논술,논술(논술우수자),평균(최종),3.97,2026,4,52.75
숭실대,영어영문학과,논술,논술(논술우수자),평균(최종),3.79,2026,8,50.5
숭실대,일어일문학과,논술,논술(논술우수자),평균(최종),3.89,2026,2,44.67
숭실대,정보사회학과,논술,논술(논술우수자),평균(최종),4.00,2026,4,49.75
숭실대,정치외교학과,논술,논술(논술우수자),평균(최종),4.33,2026,5,52.4
숭실대,중어중문학과,논술,논술(논술우수자),평균(최종),4.44,2026,3,43.33
숭실대,철학과,논술,논술(논술우수자),평균(최종),4.20,2026,3,40.67
숭실대,평생교육학과,논술,논술(논술우수자),평균(최종),4.50,2026,3,37.67
숭실대,행정학부,논술,논술(논술우수자),평균(최종),4.98,2026,6,51.83
숭실대,AI소프트웨어학부,논술,논술(논술우수자),평균(최종),3.87,2026,19,46.65
숭실대,건축학부(건축학·건축공학전공),논술,논술(논술우수자),평균(최종),4.35,2026,7,49.71
숭실대,글로벌미디어학부,논술,논술(논술우수자),평균(최종),4.95,2026,8,28.5
숭실대,기계공학부,논술,논술(논술우수자),평균(최종),3.79,2026,12,38.33
숭실대,물리학과,논술,논술(논술우수자),평균(최종),3.69,2026,3,39.25
숭실대,산업·정보시스템공학과,논술,논술(논술우수자),평균(최종),3.92,2026,8,38.75
숭실대,수학과,논술,논술(논술우수자),평균(최종),3.82,2026,5,32.4
숭실대,신소재공학과,논술,논술(논술우수자),평균(최종),4.08,2026,12,37.75
숭실대,의생명시스템학부,논술,논술(논술우수자),평균(최종),4.04,2026,5,45
숭실대,전기공학부,논술,논술(논술우수자),평균(최종),4.44,2026,12,33.92
숭실대,정보통계·보험수리학과,논술,논술(논술우수자),평균(최종),3.78,2026,4,27.75
숭실대,지능전자공학부,논술,논술(논술우수자),평균(최종),3.95,2026,24,36.08
숭실대,컴퓨터학부,논술,논술(논술우수자),평균(최종),3.99,2026,10,36.9
숭실대,화학공학과,논술,논술(논술우수자),평균(최종),3.73,2026,12,34.58
숭실대,화학과,논술,논술(논술우수자),평균(최종),4.08,2026,4,30.75
숭실대,[유형1] 자유전공학부(인문),교과,학생부교과(교과우수자전형-학교장 추천),70%컷(최종),1.95,2026,10,6
숭실대,경영학부,교과,학생부교과(교과우수자전형-학교장 추천),70%컷(최종),2.16,2026,27,10.3
숭실대,경제학과,교과,학생부교과(교과우수자전형-학교장 추천),70%컷(최종),2.28,2026,15,7.67
숭실대,국어국문학과,교과,학생부교과(교과우수자전형-학교장 추천),70%컷(최종),2.33,2026,5,7.6
숭실대,국제법무학과,교과,학생부교과(교과우수자전형-학교장 추천),70%컷(최종),2.24,2026,6,9.33
숭실대,글로벌통상학과,교과,학생부교과(교과우수자전형-학교장 추천),70%컷(최종),2.3,2026,14,12.21
숭실대,금융학부,교과,학생부교과(교과우수자전형-학교장 추천),70%컷(최종),2.34,2026,8,9.14
숭실대,독어독문학과,교과,학생부교과(교과우수자전형-학교장 추천),70%컷(최종),2.37,2026,4,10
숭실대,법학과,교과,학생부교과(교과우수자전형-학교장 추천),70%컷(최종),2.34,2026,11,7.82
숭실대,벤처중소기업학과,교과,학생부교과(교과우수자전형-학교장 추천),70%컷(최종),2.4,2026,11,9.82
숭실대,불어불문학과,교과,학생부교과(교과우수자전형-학교장 추천),70%컷(최종),2.44,2026,5,9.8
숭실대,사학과,교과,학생부교과(교과우수자전형-학교장 추천),70%컷(최종),2.45,2026,4,8.75
숭실대,사회복지학부,교과,학생부교과(교과우수자전형-학교장 추천),70%컷(최종),2.3,2026,9,8.11
숭실대,언론홍보학과,교과,학생부교과(교과우수자전형-학교장 추천),70%컷(최종),2.17,2026,4,11.75
숭실대,영어영문학과,교과,학생부교과(교과우수자전형-학교장 추천),70%컷(최종),2.22,2026,14,10.29
숭실대,일어일문학과,교과,학생부교과(교과우수자전형-학교장 추천),70%컷(최종),2.37,2026,8,7.88
숭실대,정보사회학과,교과,학생부교과(교과우수자전형-학교장 추천),70%컷(최종),2.34,2026,4,7.25
숭실대,정치외교학과,교과,학생부교과(교과우수자전형-학교장 추천),70%컷(최종),2.24,2026,4,9.25
숭실대,중어중문학과,교과,학생부교과(교과우수자전형-학교장 추천),70%컷(최종),2.34,2026,3,6.67
숭실대,철학과,교과,학생부교과(교과우수자전형-학교장 추천),70%컷(최종),2.25,2026,5,9.6
숭실대,평생교육학과,교과,학생부교과(교과우수자전형-학교장 추천),70%컷(최종),2.46,2026,2,21
숭실대,행정학부,교과,학생부교과(교과우수자전형-학교장 추천),70%컷(최종),2.26,2026,9,7.44
숭실대,회계학과,교과,학생부교과(교과우수자전형-학교장 추천),70%컷(최종),2.1,2026,10,6.8
숭실대,[유형1] 자유전공학부(자연),교과,학생부교과(교과우수자전형-학교장 추천),70%컷(최종),1.95,2026,14,9.83
숭실대,AI소프트웨어학부,교과,학생부교과(교과우수자전형-학교장 추천),70%컷(최종),2.06,2026,22,7.7
숭실대,건축학부(건축학·건축공학전공),교과,학생부교과(교과우수자전형-학교장 추천),70%컷(최종),2.48,2026,18,9
숭실대,건축학부(실내건축전공),교과,학생부교과(교과우수자전형-학교장 추천),70%컷(최종),2.33,2026,3,7.78
숭실대,글로벌미디어학부,교과,학생부교과(교과우수자전형-학교장 추천),70%컷(최종),2.32,2026,14,6.43
숭실대,기계공학부,교과,학생부교과(교과우수자전형-학교장 추천),70%컷(최종),2.19,2026,18,12.56
숭실대,물리학과,교과,학생부교과(교과우수자전형-학교장 추천),70%컷(최종),2.1,2026,3,6.67
숭실대,산업·정보시스템공학과,교과,학생부교과(교과우수자전형-학교장 추천),70%컷(최종),2.2,2026,20,6.6
숭실대,수학과,교과,학생부교과(교과우수자전형-학교장 추천),70%컷(최종),2.23,2026,8,8.13
숭실대,신소재공학과,교과,학생부교과(교과우수자전형-학교장 추천),70%컷(최종),2.11,2026,20,9.15
숭실대,의생명시스템학부,교과,학생부교과(교과우수자전형-학교장 추천),70%컷(최종),1.87,2026,9,14.44
숭실대,전기공학부,교과,학생부교과(교과우수자전형-학교장 추천),70%컷(최종),2.16,2026,25,8.12
숭실대,정보통계·보험수리학과,교과,학생부교과(교과우수자전형-학교장 추천),70%컷(최종),2.33,2026,8,4.29
숭실대,지능전자공학부,교과,학생부교과(교과우수자전형-학교장 추천),70%컷(최종),2.04,2026,43,7.1
숭실대,컴퓨터학부,교과,학생부교과(교과우수자전형-학교장 추천),70%컷(최종),2.05,2026,15,4.07
숭실대,화학공학과,교과,학생부교과(교과우수자전형-학교장 추천),70%컷(최종),2,2026,26,5.4
숭실대,화학과,교과,학생부교과(교과우수자전형-학교장 추천),70%컷(최종),1.97,2026,6,5.5
숭실대,경영학부,종합,학생부종합(SSU미래인재전형(면접형)),70%컷(최종),3,2026,15,28.37
숭실대,경제학과,종합,학생부종합(SSU미래인재전형(면접형)),70%컷(최종),2.74,2026,14,14.63
숭실대,국어국문학과,종합,학생부종합(SSU미래인재전형(면접형)),70%컷(최종),2.63,2026,7,23.86
숭실대,국제법무학과,종합,학생부종합(SSU미래인재전형(면접형)),70%컷(최종),2.94,2026,7,17.86
숭실대,글로벌통상학과,종합,학생부종합(SSU미래인재전형(면접형)),70%컷(최종),3.29,2026,17,16.04
숭실대,금융학부,종합,학생부종합(SSU미래인재전형(면접형)),70%컷(최종),2.86,2026,14,10.67
숭실대,기독교학과,종합,학생부종합(SSU미래인재전형(면접형)),70%컷(최종),4.27,2026,24,11.63
숭실대,독어독문학과,종합,학생부종합(SSU미래인재전형(면접형)),70%컷(최종),4.33,2026,10,11.6
숭실대,법학과,종합,학생부종합(SSU미래인재전형(면접형)),70%컷(최종),3.02,2026,12,18.94
숭실대,벤처중소기업학과,종합,학생부종합(SSU미래인재전형(면접형)),70%컷(최종),3.02,2026,8,23.27
숭실대,불어불문학과,종합,학생부종합(SSU미래인재전형(면접형)),70%컷(최종),4.69,2026,9,16.11
숭실대,사학과,종합,학생부종합(SSU미래인재전형(면접형)),70%컷(최종),2.67,2026,8,18.13
숭실대,사회복지학부,종합,학생부종합(SSU미래인재전형(면접형)),70%컷(최종),3.24,2026,8,16.55
숭실대,언론홍보학과,종합,학생부종합(SSU미래인재전형(면접형)),70%컷(최종),2.5,2026,4,38.83
숭실대,영어영문학과,종합,학생부종합(SSU미래인재전형(면접형)),70%컷(최종),3.35,2026,21,15.62
숭실대,일어일문학과,종합,학생부종합(SSU미래인재전형(면접형)),70%컷(최종),4.81,2026,10,27.44
숭실대,정보사회학과,종합,학생부종합(SSU미래인재전형(면접형)),70%컷(최종),2.59,2026,4,25.83
숭실대,정치외교학과,종합,학생부종합(SSU미래인재전형(면접형)),70%컷(최종),2.71,2026,5,31.86
숭실대,중어중문학과,종합,학생부종합(SSU미래인재전형(면접형)),70%컷(최종),3.48,2026,7,14.14
숭실대,철학과,종합,학생부종합(SSU미래인재전형(면접형)),70%컷(최종),3.18,2026,16,17.94
숭실대,평생교육학과,종합,학생부종합(SSU미래인재전형(면접형)),70%컷(최종),3.13,2026,9,14.58
숭실대,행정학부,종합,학생부종합(SSU미래인재전형(면접형)),70%컷(최종),2.82,2026,6,20.25
숭실대,회계학과,종합,학생부종합(SSU미래인재전형(면접형)),70%컷(최종),3.08,2026,9,10.08
숭실대,AI소프트웨어학부,종합,학생부종합(SSU미래인재전형(면접형)),70%컷(최종),2.72,2026,18,20.03
숭실대,건축학부(건축학·건축공학전공),종합,학생부종합(SSU미래인재전형(면접형)),70%컷(최종),2.94,2026,15,12.62
숭실대,건축학부(실내건축전공),종합,학생부종합(SSU미래인재전형(면접형)),70%컷(최종),3.27,2026,11,24.84
숭실대,글로벌미디어학부,종합,학생부종합(SSU미래인재전형(면접형)),70%컷(최종),2.8,2026,17,11.05
숭실대,기계공학부,종합,학생부종합(SSU미래인재전형(면접형)),70%컷(최종),2.98,2026,20,17.88
숭실대,물리학과,종합,학생부종합(SSU미래인재전형(면접형)),70%컷(최종),3.05,2026,21,11.64
숭실대,산업·정보시스템공학과,종합,학생부종합(SSU미래인재전형(면접형)),70%컷(최종),2.82,2026,21,12.32
숭실대,수학과,종합,학생부종합(SSU미래인재전형(면접형)),70%컷(최종),2.79,2026,8,14.82
숭실대,신소재공학과,종합,학생부종합(SSU미래인재전형(면접형)),70%컷(최종),2.74,2026,18,26.38
숭실대,의생명시스템학부,종합,학생부종합(SSU미래인재전형(면접형)),70%컷(최종),2.49,2026,13,44.69
숭실대,전기공학부,종합,학생부종합(SSU미래인재전형(면접형)),70%컷(최종),2.97,2026,24,12.81
숭실대,정보보호학과,종합,학생부종합(SSU미래인재전형(면접형)),70%컷(최종),2.55,2026,8,15.75
숭실대,정보통계·보험수리학과,종합,학생부종합(SSU미래인재전형(면접형)),70%컷(최종),2.76,2026,12,11.6
숭실대,지능전자공학부,종합,학생부종합(SSU미래인재전형(면접형)),70%컷(최종),2.69,2026,30,14.55
숭실대,컴퓨터학부,종합,학생부종합(SSU미래인재전형(면접형)),70%컷(최종),2.43,2026,9,11.76
숭실대,화학공학과,종합,학생부종합(SSU미래인재전형(면접형)),70%컷(최종),2.55,2026,19,15.54
숭실대,화학과,종합,학생부종합(SSU미래인재전형(면접형)),70%컷(최종),2.59,2026,14,23
숭실대,AI소프트웨어학부,종합,학생부종합(SW우수자),70%컷(최종),3.54,2026,9,21
숭실대,글로벌미디어학부,종합,학생부종합(SW우수자),70%컷(최종),3.29,2026,4,10.25
숭실대,컴퓨터학부,종합,학생부종합(SW우수자),70%컷(최종),3.16,2026,4,15.75
신경주대,장례문화산업학과,교과,학생부교과(면접전형),70%컷(최종),5,2026,27,
신경주대,방사선학과,교과,학생부교과(면접전형),70%컷(최종),6,2026,18,
신경주대,치위생학과,교과,학생부교과(면접전형),70%컷(최종),6,2026,35,
신경주대,관광사업경영학과,교과,학생부교과(일반전형),70%컷(최종),9,2024,9,
신경주대,글로벌외식조리학과,교과,학생부교과(일반전형),70%컷(최종),7,2026,20,
신경주대,AI전기자동차학과,교과,학생부교과(일반전형),70%컷(최종),8,2026,20,
신경주대,반려동물학과,교과,학생부교과(일반전형),70%컷(최종),6,2026,20,
신경주대,스마트팜농축산업학과,교과,학생부교과(일반전형),70%컷(최종),5,2026,19,
신경주대,AI융합미디어창업학과,교과,학생부교과(일반전형),70%컷(최종),6,2025,25,
신경주대,악기제작학과,교과,학생부교과(일반전형),70%컷(최종),7,2025,33,
신경주대,사회복지학과,교과,학생부교과(지역인재전형),70%컷(최종),6,2024,2,
신라대,경영학과,교과,학생부교과(면접우수자전형),70%컷(최종),5.5,2026,2,2.75
신라대,경찰행정학과,교과,학생부교과(면접우수자전형),70%컷(최종),5.1,2026,16,3.25
신라대,교육학과,교과,학생부교과(면접우수자전형),70%컷(최종),3.9,2026,5,4.6
신라대,국어교육과,교과,학생부교과(면접우수자전형),70%컷(최종),3.5,2026,7,3.83
신라대,문헌정보학과,교과,학생부교과(면접우수자전형),70%컷(최종),4.2,2026,10,2.17
신라대,문화콘텐츠학과,교과,학생부교과(면접우수자전형),70%컷(최종),1,2026,4,1.75
신라대,미디어문예창작학과,교과,학생부교과(면접우수자전형),70%컷(최종),1,2026,2,2.67
신라대,사회복지학과,교과,학생부교과(면접우수자전형),70%컷(최종),4.5,2026,9,4.86
신라대,역사교육과,교과,학생부교과(면접우수자전형),70%컷(최종),3.2,2026,6,4.67
신라대,영어교육과,교과,학생부교과(면접우수자전형),70%컷(최종),4.2,2026,8,3.14
신라대,유아교육과,교과,학생부교과(면접우수자전형),70%컷(최종),3.5,2026,6,6.33
신라대,일어교육과,교과,학생부교과(면접우수자전형),70%컷(최종),4.1,2026,5,5.4
신라대,항공서비스학과,교과,학생부교과(면접우수자전형),70%컷(최종),5.4,2026,28,2.97
신라대,간호학과,교과,학생부교과(면접우수자전형),70%컷(최종),3,2026,20,18.2
신라대,"건축학과(4년제, 5년제)",교과,학생부교과(면접우수자전형),70%컷(최종),4.3,2026,4,2.5
신라대,물리치료학과,교과,학생부교과(면접우수자전형),70%컷(최종),3.2,2026,10,20.5
신라대,반려동물학부,교과,학생부교과(면접우수자전형),70%컷(최종),4.2,2026,15,5
신라대,뷰티케어학과,교과,학생부교과(면접우수자전형),70%컷(최종),6.1,2026,5,4.38
신라대,소방안전학과,교과,학생부교과(면접우수자전형),70%컷(최종),5.3,2026,5,2.9
신라대,수학교육과,교과,학생부교과(면접우수자전형),70%컷(최종),3.3,2026,5,2.4
신라대,실내건축디자인학과,교과,학생부교과(면접우수자전형),70%컷(최종),3.9,2026,4,2.75
신라대,응급구조학과,교과,학생부교과(면접우수자전형),70%컷(최종),5,2026,3,5.83
신라대,치위생학과,교과,학생부교과(면접우수자전형),70%컷(최종),3.8,2026,13,7.13
신라대,컴퓨터교육과,교과,학생부교과(면접우수자전형),70%컷(최종),2.9,2026,4,4.25
신라대,패션디자인학과,교과,학생부교과(면접우수자전형),70%컷(최종),6.6,2026,5,5.25
신라대,항공운항학과,교과,학생부교과(면접우수자전형),70%컷(최종),5.1,2026,10,2.93
신라대,항공정비학과,교과,학생부교과(면접우수자전형),70%컷(최종),3.5,2026,5,5
신라대,체육학부,교과,학생부교과(면접우수자전형),70%컷(최종),4.2,2026,6,7.75
신라대,미디어커뮤니케이션학부,교과,학생부교과(면접우수자전형),70%컷(최종),5.2,2026,4,3.75
신라대,외식조리학부,교과,학생부교과(면접우수자전형),70%컷(최종),5.5,2026,7,2.8
신라대,항공교통물류학부,교과,학생부교과(면접우수자전형),70%컷(최종),5.6,2026,10,2.44
신라대,미래융합학과,교과,학생부교과(미래인재전형),70%컷(최종),4.4,2026,60,2.98
신라대,경영학과,교과,학생부교과(일반고교과전형),70%컷(최종),5.5,2026,15,7.12
신라대,경찰행정학과,교과,학생부교과(일반고교과전형),70%컷(최종),4.1,2026,22,10.68
신라대,교육학과,교과,학생부교과(일반고교과전형),70%컷(최종),3.1,2026,8,7.75
신라대,국어교육과,교과,학생부교과(일반고교과전형),70%컷(최종),3,2026,17,4.44
신라대,문헌정보학과,교과,학생부교과(일반고교과전형),70%컷(최종),4.8,2026,11,6.38
신라대,문화콘텐츠학과,교과,학생부교과(일반고교과전형),70%컷(최종),5.5,2026,11,4
신라대,미디어문예창작학과,교과,학생부교과(일반고교과전형),70%컷(최종),4.9,2026,14,4.53
신라대,사회복지학과,교과,학생부교과(일반고교과전형),70%컷(최종),4.6,2026,17,9.86
신라대,상담치료학과,교과,학생부교과(일반고교과전형),70%컷(최종),5,2026,11,4.67
신라대,역사교육과,교과,학생부교과(일반고교과전형),70%컷(최종),2.3,2026,17,6.59
신라대,영어교육과,교과,학생부교과(일반고교과전형),70%컷(최종),3.4,2026,16,4.28
신라대,유아교육과,교과,학생부교과(일반고교과전형),70%컷(최종),3.9,2026,17,4.94
신라대,일본어일본학과,교과,학생부교과(일반고교과전형),70%컷(최종),4.7,2026,14,10
신라대,일어교육과,교과,학생부교과(일반고교과전형),70%컷(최종),3.1,2026,8,7.13
신라대,항공서비스학과,교과,학생부교과(일반고교과전형),70%컷(최종),4,2026,8,14
신라대,호텔관광학과,교과,학생부교과(일반고교과전형),70%컷(최종),4.9,2026,15,10
신라대,간호학과,교과,학생부교과(일반고교과전형),70%컷(최종),2.3,2026,29,8.28
신라대,"건축학과(4년제, 5년제)",교과,학생부교과(일반고교과전형),70%컷(최종),6,2026,10,7.75
신라대,물리치료학과,교과,학생부교과(일반고교과전형),70%컷(최종),2.9,2026,25,13.2
신라대,반려동물학부,교과,학생부교과(일반고교과전형),70%컷(최종),4.3,2026,34,6.91
신라대,뷰티케어학과,교과,학생부교과(일반고교과전형),70%컷(최종),5.3,2026,13,7.5
신라대,소방안전학과,교과,학생부교과(일반고교과전형),70%컷(최종),4.9,2026,24,6.42
신라대,수학교육과,교과,학생부교과(일반고교과전형),70%컷(최종),2.8,2026,10,4.4
신라대,실내건축디자인학과,교과,학생부교과(일반고교과전형),70%컷(최종),5,2026,10,7.7
신라대,응급구조학과,교과,학생부교과(일반고교과전형),70%컷(최종),4.5,2026,14,10.29
신라대,치위생학과,교과,학생부교과(일반고교과전형),70%컷(최종),3.7,2026,16,20.4
신라대,컴퓨터교육과,교과,학생부교과(일반고교과전형),70%컷(최종),2.9,2026,9,6.78
신라대,패션디자인학과,교과,학생부교과(일반고교과전형),70%컷(최종),5.4,2026,14,5.62
신라대,항공운항학과,교과,학생부교과(일반고교과전형),70%컷(최종),3.4,2026,16,5.23
신라대,항공정비학과,교과,학생부교과(일반고교과전형),70%컷(최종),3.6,2026,27,9.95
신라대,게임콘텐츠디자인학과,교과,학생부교과(일반고교과전형),70%컷(최종),5.6,2026,18,5.33
신라대,웹툰학과,교과,학생부교과(일반고교과전형),70%컷(최종),4.5,2026,20,4.9
신라대,체육학부,교과,학생부교과(일반고교과전형),70%컷(최종),3.9,2026,8,10.25
신라대,미디어커뮤니케이션학부,교과,학생부교과(일반고교과전형),70%컷(최종),5.4,2026,36,5.28
신라대,외식조리학부,교과,학생부교과(일반고교과전형),70%컷(최종),4.9,2026,30,7.7
신라대,항공교통물류학부,교과,학생부교과(일반고교과전형),70%컷(최종),5.8,2026,12,5.5
신라대,경찰행정학과,종합,학생부종합(학생부종합Ⅰ전형),70%컷(최종),4.6,2025,6,6
신라대,문헌정보학과,종합,학생부종합(학생부종합Ⅰ전형),70%컷(최종),4.5,2025,6,3.83
신라대,미디어문예창작학과,종합,학생부종합(학생부종합Ⅰ전형),70%컷(최종),5.1,2025,2,6
신라대,사회복지학과,종합,학생부종합(학생부종합Ⅰ전형),70%컷(최종),3.1,2025,9,3.8
신라대,상담치료학과,종합,학생부종합(학생부종합Ⅰ전형),70%컷(최종),3.5,2025,4,4
신라대,일본어일본학과,종합,학생부종합(학생부종합Ⅰ전형),70%컷(최종),2.9,2025,3,8.5
신라대,항공서비스학과,종합,학생부종합(학생부종합Ⅰ전형),70%컷(최종),5.6,2025,4,5
신라대,호텔관광학과,종합,학생부종합(학생부종합Ⅰ전형),70%컷(최종),7.5,2024,2,3
신라대,간호학과,종합,학생부종합(학생부종합Ⅰ전형),70%컷(최종),3,2025,10,10.2
신라대,물리치료학과,종합,학생부종합(학생부종합Ⅰ전형),70%컷(최종),3.8,2025,5,16
신라대,반려동물학부,종합,학생부종합(학생부종합Ⅰ전형),70%컷(최종),4.8,2025,10,5.5
신라대,소방안전학과,종합,학생부종합(학생부종합Ⅰ전형),70%컷(최종),5.4,2025,10,3.29
신라대,실내건축디자인학과,종합,학생부종합(학생부종합Ⅰ전형),70%컷(최종),4.4,2025,3,2.33
신라대,치위생학과,종합,학생부종합(학생부종합Ⅰ전형),70%컷(최종),5.3,2025,4,7
신라대,항공정비학과,종합,학생부종합(학생부종합Ⅰ전형),70%컷(최종),5.4,2025,8,5.78
신라대,웹툰학과,종합,학생부종합(학생부종합Ⅰ전형),70%컷(최종),5.1,2025,3,6
신라대,항공교통물류학부,종합,학생부종합(학생부종합Ⅰ전형),70%컷(최종),6.2,2025,5,2.6
신라대,간호학과,교과,학생부교과(지역인재전형),70%컷(최종),2.6,2026,10,11.6
신라대,물리치료학과,교과,학생부교과(지역인재전형),70%컷(최종),3.2,2026,5,13.2
신라대,치위생학과,교과,학생부교과(지역인재전형),70%컷(최종),4.2,2026,2,4.8
신한대,[유형2] 경영대학(자율전공),논술,논술(논술전형),70%컷(최종),6.2,2026,35,10.28
신한대,[유형2] 사회과학대학(자율전공),논술,논술(논술전형),70%컷(최종),6.9,2026,40,9.53
신한대,기계공학과,논술,논술(논술전형),70%컷(최종),4.9,2026,10,9.71
신한대,방사선학과,논술,논술(논술전형),70%컷(최종),5.1,2026,12,30.46
신한대,소프트웨어융합학과,논술,논술(논술전형),70%컷(최종),5.7,2026,10,10
신한대,임상병리학과,논술,논술(논술전형),70%컷(최종),4.1,2026,12,18.31
신한대,전자공학과,논술,논술(논술전형),70%컷(최종),5.1,2026,10,10
신한대,치위생학과,논술,논술(논술전형),70%컷(최종),4.5,2026,10,16.11
신한대,[유형2] 경영대학(자율전공),교과,학생부교과(일반전형),70%컷(최종),3,2026,40,9.33
신한대,[유형2] 사회과학대학(자율전공),교과,학생부교과(일반전형),70%컷(최종),3.3,2026,50,9.1
신한대,유아교육과,교과,학생부교과(일반전형),70%컷(최종),3.2,2026,19,11
신한대,기계공학과,교과,학생부교과(일반전형),70%컷(최종),3.2,2026,10,8.2
신한대,기후환경·에너지공학과,교과,학생부교과(일반전형),70%컷(최종),3.9,2026,10,7.53
신한대,미래자동차공학과,교과,학생부교과(일반전형),70%컷(최종),4.3,2026,10,5.23
신한대,바이오식품외식산업학과,교과,학생부교과(일반전형),70%컷(최종),3.3,2026,8,6.5
신한대,방사선학과,교과,학생부교과(일반전형),70%컷(최종),2.4,2026,12,24.33
신한대,사이버드론봇군사학과,교과,학생부교과(일반전형),70%컷(최종),4.7,2026,23,10.46
신한대,소프트웨어융합학과,교과,학생부교과(일반전형),70%컷(최종),4,2026,13,5.69
신한대,식품영양학과,교과,학생부교과(일반전형),70%컷(최종),3.1,2026,9,7.78
신한대,안경광학과,교과,학생부교과(일반전형),70%컷(최종),3.5,2026,10,8.7
신한대,임상병리학과,교과,학생부교과(일반전형),70%컷(최종),3,2026,13,11.15
신한대,전자공학과,교과,학생부교과(일반전형),70%컷(최종),3.1,2026,10,4.6
신한대,첨단소재공학과,교과,학생부교과(일반전형),70%컷(최종),2.9,2026,10,6.13
신한대,치기공학과,교과,학생부교과(일반전형),70%컷(최종),2.9,2026,25,7
신한대,치위생학과,교과,학생부교과(일반전형),70%컷(최종),2.9,2026,10,19.2
신한대,K-뷰티학과,교과,학생부교과(일반전형),70%컷(최종),4.1,2026,11,31.54
신한대,미래스포츠융합학과,교과,학생부교과(일반전형),70%컷(최종),4.3,2026,20,8.96
신한대,산업디자인학과,교과,학생부교과(일반전형),70%컷(최종),2.6,2026,5,6.17
신한대,스포츠의학과,교과,학생부교과(일반전형),70%컷(최종),3.6,2026,21,10.48
신한대,실내디자인학과,교과,학생부교과(일반전형),70%컷(최종),3,2026,6,6.11
신한대,패션디자인학과,교과,학생부교과(일반전형),70%컷(최종),2.6,2026,5,22.5
신한대,[유형2] 경영대학(자율전공),교과,학생부교과(학생부우수자전형),70%컷(최종),2.5,2026,16,6.07
신한대,[유형2] 사회과학대학(자율전공),교과,학생부교과(학생부우수자전형),70%컷(최종),2.5,2026,26,8.67
신한대,유아교육과,교과,학생부교과(학생부우수자전형),70%컷(최종),3.1,2026,12,8.73
신한대,기계공학과,교과,학생부교과(학생부우수자전형),70%컷(최종),2.7,2026,5,10.17
신한대,기후환경·에너지공학과,교과,학생부교과(학생부우수자전형),70%컷(최종),3,2026,5,8.8
신한대,미래자동차공학과,교과,학생부교과(학생부우수자전형),70%컷(최종),2.9,2026,5,8.3
신한대,바이오식품외식산업학과,교과,학생부교과(학생부우수자전형),70%컷(최종),2,2026,5,5
신한대,방사선학과,교과,학생부교과(학생부우수자전형),70%컷(최종),1.1,2026,7,9.43
신한대,소프트웨어융합학과,교과,학생부교과(학생부우수자전형),70%컷(최종),1.6,2026,5,6.6
신한대,식품영양학과,교과,학생부교과(학생부우수자전형),70%컷(최종),2.4,2026,5,5.4
신한대,안경광학과,교과,학생부교과(학생부우수자전형),70%컷(최종),2.7,2026,8,9.13
신한대,임상병리학과,교과,학생부교과(학생부우수자전형),70%컷(최종),1.8,2026,8,13
신한대,전자공학과,교과,학생부교과(학생부우수자전형),70%컷(최종),2.5,2026,5,6.5
신한대,첨단소재공학과,교과,학생부교과(학생부우수자전형),70%컷(최종),2.8,2026,5,6.3
신한대,치기공학과,교과,학생부교과(학생부우수자전형),70%컷(최종),2.7,2026,18,12.13
신한대,치위생학과,교과,학생부교과(학생부우수자전형),70%컷(최종),2.2,2026,5,13.83
신한대,K-뷰티학과,교과,학생부교과(학생부우수자전형),70%컷(최종),2.6,2026,4,10.86
신한대,스포츠의학과,교과,학생부교과(학생부우수자전형),70%컷(최종),2.8,2026,5,5.88
신한대,[유형2] 경영대학(자율전공),종합,학생부종합(신한국인전형),70%컷(최종),4.67,2026,25,15.22
신한대,[유형2] 사회과학대학(자율전공),종합,학생부종합(신한국인전형),70%컷(최종),5.06,2026,20,18.45
신한대,유아교육과,종합,학생부종합(신한국인전형),70%컷(최종),5.09,2026,12,13.64
신한대,방사선학과,종합,학생부종합(신한국인전형),70%컷(최종),3.61,2026,7,49.33
신한대,소프트웨어융합학과,종합,학생부종합(신한국인전형),70%컷(최종),4.3,2026,6,25
신한대,식품영양학과,종합,학생부종합(신한국인전형),70%컷(최종),4.43,2026,5,16
신한대,임상병리학과,종합,학생부종합(신한국인전형),70%컷(최종),3.84,2026,8,29.86
신한대,치기공학과,종합,학생부종합(신한국인전형),70%컷(최종),4.82,2026,7,12.29
신한대,치위생학과,종합,학생부종합(신한국인전형),70%컷(최종),4.61,2026,6,36.8
신한대(동두천),간호학과,논술,논술(논술전형),평균등급,3.3,2025,17,37.24
신한대(동두천),간호학과,교과,학생부교과(일반전형),평균등급,2.32,2025,18,19.94
신한대(동두천),간호학과,교과,학생부교과(학생부우수자전형),평균등급,1.44,2025,10,7.7
신한대(동두천),간호학과,종합,학생부종합(신한국인전형),평균등급,3.89,2025,12,48.73
아신대,신학과,교과,학생부교과(기독학생),70%컷(최종),7,2026,27,1.17
아신대,기독교교육과 미디어학과,교과,학생부교과(일반전형),70%컷(최종),5.3,2026,20,0.67
아신대,기독교상담학과,교과,학생부교과(일반전형),70%컷(최종),6,2026,20,0.47
아신대,사회복지선교학과,교과,학생부교과(일반전형),70%컷(최종),7,2026,20,1.2
아주대,[유형1] 자유전공학부(인문),논술,논술(논술우수자전형),70%컷(최종),4.39,2026,5,109.2
아주대,경영학과,논술,논술(논술우수자전형),70%컷(최종),3.49,2026,15,106.63
아주대,경제정치사회융합학부,논술,논술(논술우수자전형),70%컷(최종),3.67,2026,5,101.6
아주대,국어국문학과,논술,논술(논술우수자전형),70%컷(최종),4.92,2026,5,96.4
아주대,[유형1] 자유전공학부(자연),논술,논술(논술우수자전형),70%컷(최종),4.39,2026,10,51.1
아주대,건축학과,논술,논술(논술우수자전형),70%컷(최종),3.88,2026,9,42.3
아주대,기계공학과,논술,논술(논술우수자전형),70%컷(최종),3.00,2026,5,49.8
아주대,미래모빌리티공학과,논술,논술(논술우수자전형),70%컷(최종),3.09,2026,14,43.07
아주대,수학과,논술,논술(논술우수자전형),70%컷(최종),3.86,2026,16,24.69
아주대,약학과,논술,논술(논술우수자전형),70%컷(최종),2.45,2026,5,708.2
아주대,의학과,논술,논술(논술우수자전형),70%컷(최종),2.73,2026,10,183.1
아주대,전자공학과,논술,논술(논술우수자전형),70%컷(최종),3.72,2026,35,48.84
아주대,지능형반도체공학과,논술,논술(논술우수자전형),70%컷(최종),4.94,2026,12,45.25
아주대,첨단신소재공학과,논술,논술(논술우수자전형),70%컷(최종),3.57,2026,8,41.75
아주대,화학공학과,논술,논술(논술우수자전형),70%컷(최종),3.08,2026,5,41
아주대,[유형1] 자유전공학부(인문),교과,학생부교과(고교추천전형),70%컷(최종),2.06,2026,5,10.6
아주대,경영인텔리전스학과,교과,학생부교과(고교추천전형),70%컷(최종),2.46,2026,9,9.56
아주대,경영학과,교과,학생부교과(고교추천전형),70%컷(최종),2.38,2026,19,6
아주대,경제정치사회융합학부,교과,학생부교과(고교추천전형),70%컷(최종),2.59,2026,24,9.58
아주대,국어국문학과,교과,학생부교과(고교추천전형),70%컷(최종),2.7,2026,3,7.33
아주대,금융공학과,교과,학생부교과(고교추천전형),70%컷(최종),2.37,2026,5,7.6
아주대,문화콘텐츠학과,교과,학생부교과(고교추천전형),70%컷(최종),2.33,2026,5,7.4
아주대,불어불문학과,교과,학생부교과(고교추천전형),70%컷(최종),2.48,2026,3,7.25
아주대,사학과,교과,학생부교과(고교추천전형),70%컷(최종),3,2026,3,7.67
아주대,심리학과,교과,학생부교과(고교추천전형),70%컷(최종),1.92,2026,7,7.86
아주대,영어영문학과,교과,학생부교과(고교추천전형),70%컷(최종),2.53,2026,9,6.67
아주대,행정학과,교과,학생부교과(고교추천전형),70%컷(최종),2.59,2026,9,7.33
아주대,[유형1] 자유전공학부(자연),교과,학생부교과(고교추천전형),70%컷(최종),2.22,2026,10,12.4
아주대,간호학과,교과,학생부교과(고교추천전형),70%컷(최종),1.75,2026,7,7.71
아주대,건설시스템공학과,교과,학생부교과(고교추천전형),70%컷(최종),2.38,2026,7,8.71
아주대,건축학과,교과,학생부교과(고교추천전형),70%컷(최종),2.48,2026,10,5
아주대,교통시스템공학과,교과,학생부교과(고교추천전형),70%컷(최종),2.36,2026,7,6.29
아주대,기계공학과,교과,학생부교과(고교추천전형),70%컷(최종),2.06,2026,20,10.5
아주대,디지털미디어학과,교과,학생부교과(고교추천전형),70%컷(최종),2.32,2026,17,5.67
아주대,미래모빌리티공학과,교과,학생부교과(고교추천전형),70%컷(최종),2.2,2026,22,4.64
아주대,사이버보안학과,교과,학생부교과(고교추천전형),70%컷(최종),2.22,2026,7,9.57
아주대,수학과,교과,학생부교과(고교추천전형),70%컷(최종),2.25,2026,3,11
아주대,의학과,교과,학생부교과(고교추천전형),70%컷(최종),1.00,2026,3,19.33
아주대,전자공학과,교과,학생부교과(고교추천전형),70%컷(최종),1.88,2026,30,6.77
아주대,지능형반도체공학과,교과,학생부교과(고교추천전형),70%컷(최종),1.92,2026,12,4.42
아주대,첨단바이오융합대학,교과,학생부교과(고교추천전형),70%컷(최종),1.98,2026,22,4.09
아주대,첨단스마트산업공학과,교과,학생부교과(고교추천전형),70%컷(최종),2.22,2026,20,5.26
아주대,첨단신소재공학과,교과,학생부교과(고교추천전형),70%컷(최종),2.05,2026,15,4.67
아주대,프런티어과학학부,교과,학생부교과(고교추천전형),70%컷(최종),2.06,2026,18,4.5
아주대,화학공학과,교과,학생부교과(고교추천전형),70%컷(최종),1.96,2026,5,7
아주대,경영인텔리전스학과,종합,학생부종합(ACE전형),70%컷(최종),3.04,2026,15,11.2
아주대,경영학과,종합,학생부종합(ACE전형),70%컷(최종),4.64,2026,25,24.6
아주대,경제정치사회융합학부,종합,학생부종합(ACE전형),70%컷(최종),3.14,2026,36,13.89
아주대,국어국문학과,종합,학생부종합(ACE전형),70%컷(최종),2.96,2026,10,8.7
아주대,문화콘텐츠학과,종합,학생부종합(ACE전형),70%컷(최종),2.57,2026,9,23.11
아주대,불어불문학과,종합,학생부종합(ACE전형),70%컷(최종),4.62,2026,13,12.08
아주대,사학과,종합,학생부종합(ACE전형),70%컷(최종),2.98,2026,13,10.79
아주대,심리학과,종합,학생부종합(ACE전형),70%컷(최종),2.47,2026,14,12.86
아주대,영어영문학과,종합,학생부종합(ACE전형),70%컷(최종),3.43,2026,24,10.2
아주대,행정학과,종합,학생부종합(ACE전형),70%컷(최종),2.99,2026,10,10.1
아주대,간호학과,종합,학생부종합(ACE전형),70%컷(최종),2.14,2026,25,19.04
아주대,건설시스템공학과,종합,학생부종합(ACE전형),70%컷(최종),4.07,2026,12,13.17
아주대,건축학과,종합,학생부종합(ACE전형),70%컷(최종),2.82,2026,23,16.65
아주대,교통시스템공학과,종합,학생부종합(ACE전형),70%컷(최종),3.41,2026,12,11.58
아주대,기계공학과,종합,학생부종합(ACE전형),70%컷(최종),2.74,2026,42,13.88
아주대,디지털미디어학과,종합,학생부종합(ACE전형),평균(최종),2.98,2026,41,10
아주대,사이버보안학과,종합,학생부종합(ACE전형),70%컷(최종),2.52,2026,15,10.4
아주대,수학과,종합,학생부종합(ACE전형),70%컷(최종),2.85,2026,10,10.1
아주대,약학과,종합,학생부종합(ACE전형),70%컷(최종),1.45,2026,15,41.8
아주대,의학과,종합,학생부종합(ACE전형),70%컷(최종),1.46,2026,17,34.18
아주대,전자공학과,종합,학생부종합(ACE전형),70%컷(최종),2.61,2026,32,12.56
아주대,첨단스마트산업공학과,종합,학생부종합(ACE전형),70%컷(최종),2.83,2026,23,12
아주대,프런티어과학학부,종합,학생부종합(ACE전형),70%컷(최종),2.9,2026,50,20.9
아주대,화학공학과,종합,학생부종합(ACE전형),70%컷(최종),2.23,2026,17,13.41
아주대,국방디지털융합학과,종합,학생부종합(국방IT우수인재1전형)(정원외),70%컷(최종),4.69,2026,23,10
아주대,금융공학과,종합,학생부종합(첨단융합인재전형),70%컷(최종),3.19,2026,16,6
아주대,미래모빌리티공학과,종합,학생부종합(첨단융합인재전형),70%컷(최종),3.2,2026,42,7.4
아주대,지능형반도체공학과,종합,학생부종합(첨단융합인재전형),70%컷(최종),2.48,2026,24,5.71
아주대,첨단바이오융합대학,종합,학생부종합(첨단융합인재전형),70%컷(최종),2.25,2026,42,10.36
아주대,첨단신소재공학과,종합,학생부종합(첨단융합인재전형),70%컷(최종),2.5,2026,36,8.69
안양대,[유형2] 사회계열자유전공,교과,학생부교과(아리학생부교과전형),70%컷(최종),3.13,2026,14,17.43
안양대,[유형2] 인문계열자유전공,교과,학생부교과(아리학생부교과전형),70%컷(최종),2.48,2026,11,13.18
안양대,관광경영학과(교직),교과,학생부교과(아리학생부교과전형),70%컷(최종),2.93,2026,12,7.17
안양대,국어국문학과,교과,학생부교과(아리학생부교과전형),70%컷(최종),2.68,2026,11,5.27
안양대,글로벌경영학과,교과,학생부교과(아리학생부교과전형),70%컷(최종),2.58,2026,15,6.8
안양대,글로벌경영학과(야간),교과,학생부교과(아리학생부교과전형),70%컷(최종),4.14,2026,25,7.76
안양대,기독교교육과,교과,학생부교과(아리학생부교과전형),70%컷(최종),4.34,2026,20,5
안양대,러시아언어문화학과,교과,학생부교과(아리학생부교과전형),70%컷(최종),3.16,2026,9,5.11
안양대,신학과,교과,학생부교과(아리학생부교과전형),70%컷(최종),4.16,2026,16,4.95
안양대,영미언어문화학과,교과,학생부교과(아리학생부교과전형),70%컷(최종),3.28,2026,9,4.78
안양대,유아교육과,교과,학생부교과(아리학생부교과전형),70%컷(최종),3.07,2026,9,7.5
안양대,중국언어문화학과,교과,학생부교과(아리학생부교과전형),70%컷(최종),3.27,2026,9,5
안양대,행정학과,교과,학생부교과(아리학생부교과전형),70%컷(최종),3,2026,10,7.3
안양대,행정학과(야간),교과,학생부교과(아리학생부교과전형),70%컷(최종),4.05,2026,13,5.46
안양대,[유형2] 이공계열자유전공,교과,학생부교과(아리학생부교과전형),70%컷(최종),3.56,2026,10,7.33
안양대,"AI학부(AI융합전공, 컴퓨터공학전공, 소프트웨어전공)",교과,학생부교과(아리학생부교과전형),70%컷(최종),3.45,2026,38,6.2
안양대,데이터사이언스학과,교과,학생부교과(아리학생부교과전형),70%컷(최종),3.26,2026,8,5.38
안양대,데이터사이언스학과(야간),교과,학생부교과(아리학생부교과전형),70%컷(최종),4.49,2026,12,6.6
안양대,도시정보공학과,교과,학생부교과(아리학생부교과전형),70%컷(최종),3.32,2026,15,6.33
안양대,도시정보공학과(야간),교과,학생부교과(아리학생부교과전형),70%컷(최종),4.36,2026,12,5.93
안양대,디지털미디어디자인학과,교과,학생부교과(아리학생부교과전형),70%컷(최종),5,2026,13,4.6
안양대,식품영양학과(교직),교과,학생부교과(아리학생부교과전형),70%컷(최종),4.52,2026,11,4.44
안양대,정보전기전자공학과,교과,학생부교과(아리학생부교과전형),70%컷(최종),3.16,2026,29,6.26
안양대,정보전기전자공학과(야간),교과,학생부교과(아리학생부교과전형),70%컷(최종),4.7,2026,13,5.36
안양대,화장품발명디자인학과,교과,학생부교과(아리학생부교과전형),70%컷(최종),3.4,2026,8,7.42
안양대,환경에너지공학과,교과,학생부교과(아리학생부교과전형),70%컷(최종),3.26,2026,14,4.58
안양대,뷰티메디컬디자인학과,교과,학생부교과(아리학생부교과전형),70%컷(최종),3.85,2026,13,8.62
안양대,[유형2] 자유전공,교과,학생부교과(아리학생부교과전형),70%컷(최종),5.33,2026,40,9.64
안양대,[유형2] 사회계열자유전공,교과,학생부교과(아리학생부면접전형),70%컷(최종),3.48,2026,5,23
안양대,[유형2] 인문계열자유전공,교과,학생부교과(아리학생부면접전형),70%컷(최종),3.17,2026,5,28.2
안양대,관광경영학과(교직),교과,학생부교과(아리학생부면접전형),70%컷(최종),3.29,2026,6,7
안양대,국어국문학과,교과,학생부교과(아리학생부면접전형),70%컷(최종),3.61,2026,4,11
안양대,글로벌경영학과,교과,학생부교과(아리학생부면접전형),70%컷(최종),3.07,2026,8,7.13
안양대,글로벌경영학과(야간),교과,학생부교과(아리학생부면접전형),70%컷(최종),4.78,2026,8,8.5
안양대,기독교교육과,교과,학생부교과(아리학생부면접전형),70%컷(최종),4.65,2026,4,5.5
안양대,러시아언어문화학과,교과,학생부교과(아리학생부면접전형),70%컷(최종),4.09,2026,4,5
안양대,신학과,교과,학생부교과(아리학생부면접전형),70%컷(최종),4.69,2026,4,7.25
안양대,영미언어문화학과,교과,학생부교과(아리학생부면접전형),70%컷(최종),3.76,2026,5,9
안양대,유아교육과,교과,학생부교과(아리학생부면접전형),70%컷(최종),3.29,2026,8,12
안양대,중국언어문화학과,교과,학생부교과(아리학생부면접전형),70%컷(최종),3.69,2026,4,7.25
안양대,행정학과,교과,학생부교과(아리학생부면접전형),70%컷(최종),2.88,2026,5,8.6
안양대,행정학과(야간),교과,학생부교과(아리학생부면접전형),70%컷(최종),4.59,2026,4,11.75
안양대,[유형2] 이공계열자유전공,교과,학생부교과(아리학생부면접전형),70%컷(최종),3,2026,5,15.46
안양대,"AI학부(AI융합전공, 컴퓨터공학전공, 소프트웨어전공)",교과,학생부교과(아리학생부면접전형),70%컷(최종),4.8,2026,20,6.75
안양대,데이터사이언스학과,교과,학생부교과(아리학생부면접전형),70%컷(최종),4.09,2026,5,4.86
안양대,데이터사이언스학과(야간),교과,학생부교과(아리학생부면접전형),70%컷(최종),4.86,2026,4,6.4
안양대,도시정보공학과,교과,학생부교과(아리학생부면접전형),70%컷(최종),3.74,2026,5,9.8
안양대,도시정보공학과(야간),교과,학생부교과(아리학생부면접전형),70%컷(최종),5.19,2026,5,6.67
안양대,디지털미디어디자인학과,교과,학생부교과(아리학생부면접전형),70%컷(최종),2.45,2026,8,11.4
안양대,식품영양학과(교직),교과,학생부교과(아리학생부면접전형),70%컷(최종),4.47,2026,9,4.8
안양대,정보전기전자공학과,교과,학생부교과(아리학생부면접전형),70%컷(최종),3.73,2026,10,7.13
안양대,정보전기전자공학과(야간),교과,학생부교과(아리학생부면접전형),70%컷(최종),5.21,2026,6,7.17
안양대,화장품발명디자인학과,교과,학생부교과(아리학생부면접전형),70%컷(최종),3.32,2026,5,21
안양대,환경에너지공학과,교과,학생부교과(아리학생부면접전형),70%컷(최종),3.62,2026,9,6.2
안양대,뷰티메디컬디자인학과,교과,학생부교과(아리학생부면접전형),70%컷(최종),3.12,2026,6,19.83
안양대,[유형2] 자유전공,교과,학생부교과(아리학생부면접전형),70%컷(최종),3.64,2026,17,14.53
안양대,[유형2] 사회계열자유전공,종합,학생부종합(아리학생부종합전형),70%컷(최종),4.89,2026,4,9
안양대,[유형2] 인문계열자유전공,종합,학생부종합(아리학생부종합전형),70%컷(최종),4.37,2026,5,7.4
안양대,관광경영학과(교직),종합,학생부종합(아리학생부종합전형),70%컷(최종),3.98,2026,7,7.71
안양대,국어국문학과,종합,학생부종합(아리학생부종합전형),70%컷(최종),3.79,2026,4,5.5
안양대,글로벌경영학과,종합,학생부종합(아리학생부종합전형),70%컷(최종),4.4,2026,8,8.75
안양대,러시아언어문화학과,종합,학생부종합(아리학생부종합전형),70%컷(최종),5.25,2026,4,5
안양대,영미언어문화학과,종합,학생부종합(아리학생부종합전형),70%컷(최종),4,2026,5,6.6
안양대,유아교육과,종합,학생부종합(아리학생부종합전형),70%컷(최종),4.39,2026,10,11.5
안양대,중국언어문화학과,종합,학생부종합(아리학생부종합전형),70%컷(최종),5.32,2026,6,5
안양대,행정학과,종합,학생부종합(아리학생부종합전형),70%컷(최종),3.91,2026,7,5.86
안양대,[유형2] 이공계열자유전공,종합,학생부종합(아리학생부종합전형),70%컷(최종),4.6,2026,5,9.11
안양대,"AI학부(AI융합전공, 컴퓨터공학전공, 소프트웨어전공)",종합,학생부종합(아리학생부종합전형),70%컷(최종),4.4,2026,25,11.75
안양대,데이터사이언스학과,종합,학생부종합(아리학생부종합전형),70%컷(최종),4.95,2026,9,5.11
안양대,도시정보공학과,종합,학생부종합(아리학생부종합전형),70%컷(최종),4.72,2026,10,6.9
안양대,디지털미디어디자인학과,종합,학생부종합(아리학생부종합전형),70%컷(최종),4.26,2026,8,29.33
안양대,식품영양학과(교직),종합,학생부종합(아리학생부종합전형),70%컷(최종),4.6,2026,10,13.89
안양대,정보전기전자공학과,종합,학생부종합(아리학생부종합전형),70%컷(최종),4.6,2026,19,9.75
안양대,화장품발명디자인학과,종합,학생부종합(아리학생부종합전형),70%컷(최종),4.85,2026,5,10
안양대,환경에너지공학과,종합,학생부종합(아리학생부종합전형),70%컷(최종),3.76,2026,12,9.11
안양대,[유형2] 자유전공,종합,학생부종합(아리학생부종합전형),70%컷(최종),5.13,2026,13,10.14
안양대(강화),스마트시티공학과,교과,학생부교과(아리학생부교과전형),70%컷(최종),5.84,2026,26,7.63
안양대(강화),해양바이오공학과,교과,학생부교과(아리학생부교과전형),70%컷(최종),5.6,2026,13,4.57
안양대(강화),게임콘텐츠학과,교과,학생부교과(아리학생부교과전형),70%컷(최종),5.26,2026,14,10.75
연세대,[유형1] 진리자유학부(인문),교과,학생부교과(추천형),70%컷(최종),1.35,2026,19,5.79
연세대,경영학과,교과,학생부교과(추천형),70%컷(최종),1.28,2026,32,4.21
연세대,경제학부,교과,학생부교과(추천형),70%컷(최종),1.26,2026,25,5.54
연세대,교육학부,교과,학생부교과(추천형),70%컷(최종),1.62,2026,9,9.56
연세대,국어국문학과,교과,학생부교과(추천형),70%컷(최종),1.35,2026,7,4.71
연세대,노어노문학과,교과,학생부교과(추천형),70%컷(최종),1.56,2026,4,8
연세대,독어독문학과,교과,학생부교과(추천형),70%컷(최종),1.52,2026,4,5.4
연세대,문헌정보학과,교과,학생부교과(추천형),70%컷(최종),1.46,2026,4,8.6
연세대,문화인류학과,교과,학생부교과(추천형),70%컷(최종),1.27,2026,4,9
연세대,불어불문학과,교과,학생부교과(추천형),70%컷(최종),1.49,2026,5,6
연세대,사학과,교과,학생부교과(추천형),70%컷(최종),1.43,2026,7,6
연세대,사회복지학과,교과,학생부교과(추천형),70%컷(최종),1.55,2026,5,9.8
연세대,사회학과,교과,학생부교과(추천형),70%컷(최종),1.26,2026,6,8.67
연세대,신학과,교과,학생부교과(추천형),70%컷(최종),1.64,2026,10,9
연세대,심리학과,교과,학생부교과(추천형),70%컷(최종),1.35,2026,5,5
연세대,언론홍보영상학부,교과,학생부교과(추천형),70%컷(최종),1.5,2026,6,11.33
연세대,영어영문학과,교과,학생부교과(추천형),70%컷(최종),1.35,2026,12,5.5
연세대,정치외교학과,교과,학생부교과(추천형),70%컷(최종),1.2,2026,13,3.69
연세대,중어중문학과,교과,학생부교과(추천형),70%컷(최종),1.48,2026,5,6.8
연세대,철학과,교과,학생부교과(추천형),70%컷(최종),1.4,2026,5,4.33
연세대,행정학과,교과,학생부교과(추천형),70%컷(최종),1.44,2026,12,7.58
연세대,[유형1] 진리자유학부(자연),교과,학생부교과(추천형),70%컷(최종),1.31,2026,20,7.76
연세대,IT융합공학전공,교과,학생부교과(추천형),70%컷(최종),1.32,2026,4,13.8
연세대,건축공학과,교과,학생부교과(추천형),70%컷(최종),1.32,2026,13,5.08
연세대,기계공학부,교과,학생부교과(추천형),70%컷(최종),1.3,2026,18,7.95
연세대,대기과학과,교과,학생부교과(추천형),70%컷(최종),1.35,2026,4,9.2
연세대,도시공학과,교과,학생부교과(추천형),70%컷(최종),1.33,2026,4,8.6
연세대,디스플레이융합공학과,교과,학생부교과(추천형),70%컷(최종),1.27,2026,5,6.8
연세대,모빌리티시스템전공,교과,학생부교과(추천형),70%컷(최종),1.4,2026,4,8
연세대,물리학과,교과,학생부교과(추천형),70%컷(최종),1.12,2026,4,5.8
연세대,사회환경시스템공학부,교과,학생부교과(추천형),70%컷(최종),1.38,2026,12,6.69
연세대,산업공학과,교과,학생부교과(추천형),70%컷(최종),1.25,2026,5,6
연세대,생명공학과,교과,학생부교과(추천형),70%컷(최종),1.16,2026,9,5.3
연세대,생화학과,교과,학생부교과(추천형),70%컷(최종),1.14,2026,3,6.25
연세대,수학과,교과,학생부교과(추천형),70%컷(최종),1.26,2026,5,4.6
연세대,시스템반도체공학과,교과,학생부교과(추천형),70%컷(최종),1.14,2026,20,5.75
연세대,시스템생물학과,교과,학생부교과(추천형),70%컷(최종),1.24,2026,4,6.5
연세대,신소재공학부,교과,학생부교과(추천형),70%컷(최종),1.22,2026,16,5.35
연세대,약학과,교과,학생부교과(추천형),70%컷(최종),1.78,2026,5,5.6
연세대,의예과,교과,학생부교과(추천형),70%컷(최종),1,2026,15,6
연세대,전기전자공학부,교과,학생부교과(추천형),70%컷(최종),1.21,2026,27,4.96
연세대,지구시스템과학과,교과,학생부교과(추천형),70%컷(최종),1.32,2026,4,5
연세대,지능형반도체전공,교과,학생부교과(추천형),70%컷(최종),1.34,2026,6,8
연세대,천문우주학과,교과,학생부교과(추천형),70%컷(최종),1.11,2026,4,4.4
연세대,치의예과,교과,학생부교과(추천형),70%컷(최종),1.06,2026,10,7.9
연세대,화공생명공학부,교과,학생부교과(추천형),70%컷(최종),1.16,2026,13,5.29
연세대,화학과,교과,학생부교과(추천형),70%컷(최종),1.29,2026,8,5.88
연세대,간호학과,교과,학생부교과(추천형),70%컷(최종),1.39,2026,11,6.8
연세대,식품영양학과,교과,학생부교과(추천형),70%컷(최종),1.29,2026,5,8.4
연세대,실내건축학과,교과,학생부교과(추천형),70%컷(최종),1.48,2026,5,8
연세대,아동·가족학과,교과,학생부교과(추천형),70%컷(최종),1.45,2026,5,9
연세대,응용통계학과,교과,학생부교과(추천형),70%컷(최종),1.31,2026,6,5.86
연세대,의류환경학과,교과,학생부교과(추천형),70%컷(최종),1.24,2026,5,7.2
연세대,통합디자인학과,교과,학생부교과(추천형),70%컷(최종),1.42,2026,5,5.8
연세대,언더우드학부(생명과학공학),종합,학생부종합(국제인재),70%컷(최종),1.91,2026,10,7.18
연세대,언더우드학부(인문·사회),종합,학생부종합(국제인재),70%컷(최종),1.91,2026,110,6.6
연세대,아시아학전공,종합,학생부종합(국제형-국내고),70%컷(최종),2.76,2026,20,13.9
연세대,융합과학공학부(ISE),종합,학생부종합(국제형-국내고),70%컷(최종),1.76,2026,45,24.43
연세대,융합인문사회과학부(HASS),종합,학생부종합(국제형-국내고),70%컷(최종),1.79,2026,110,11.33
연세대,융합과학공학부(ISE),종합,학생부종합(국제형-해외고/검정고시),70%컷(최종),1.76,2026,15,5.55
연세대,융합인문사회과학부(HASS),종합,학생부종합(국제형-해외고/검정고시),70%컷(최종),1.79,2026,20,5.07
연세대,[유형1] 진리자유학부(인문),종합,학생부종합(활동우수형),70%컷(최종),2.24,2026,24,11.96
연세대,경영학과,종합,학생부종합(활동우수형),70%컷(최종),1.78,2026,40,8.13
연세대,경제학부,종합,학생부종합(활동우수형),70%컷(최종),2.15,2026,32,7.5
연세대,교육학부,종합,학생부종합(활동우수형),70%컷(최종),2.76,2026,12,8.33
연세대,국어국문학과,종합,학생부종합(활동우수형),70%컷(최종),2.24,2026,10,12.3
연세대,노어노문학과,종합,학생부종합(활동우수형),70%컷(최종),3.31,2026,7,7.67
연세대,독어독문학과,종합,학생부종합(활동우수형),70%컷(최종),2.29,2026,7,7.17
연세대,문헌정보학과,종합,학생부종합(활동우수형),70%컷(최종),2.71,2026,7,12.17
연세대,문화인류학과,종합,학생부종합(활동우수형),70%컷(최종),2.27,2026,4,8.75
연세대,불어불문학과,종합,학생부종합(활동우수형),70%컷(최종),2.72,2026,8,8.14
연세대,사학과,종합,학생부종합(활동우수형),70%컷(최종),2.04,2026,9,10.89
연세대,사회복지학과,종합,학생부종합(활동우수형),70%컷(최종),1.86,2026,7,8.14
연세대,사회학과,종합,학생부종합(활동우수형),70%컷(최종),1.92,2026,8,9.25
연세대,신학과,종합,학생부종합(활동우수형),70%컷(최종),2.8,2026,12,15.25
연세대,심리학과,종합,학생부종합(활동우수형),70%컷(최종),1.56,2026,8,8
연세대,언론홍보영상학부,종합,학생부종합(활동우수형),70%컷(최종),1.73,2026,8,8
연세대,영어영문학과,종합,학생부종합(활동우수형),70%컷(최종),2.14,2026,15,6.13
연세대,정치외교학과,종합,학생부종합(활동우수형),70%컷(최종),2.04,2026,16,8.81
연세대,중어중문학과,종합,학생부종합(활동우수형),70%컷(최종),3,2026,7,6.57
연세대,철학과,종합,학생부종합(활동우수형),70%컷(최종),2.38,2026,8,13.57
연세대,행정학과,종합,학생부종합(활동우수형),70%컷(최종),1.77,2026,16,8.94
연세대,[유형1] 진리자유학부(자연),종합,학생부종합(활동우수형),70%컷(최종),2.03,2026,25,18.67
연세대,IT융합공학전공,종합,학생부종합(활동우수형),70%컷(최종),1.57,2026,6,12.4
연세대,건축공학과,종합,학생부종합(활동우수형),70%컷(최종),1.76,2026,16,10.71
연세대,기계공학부,종합,학생부종합(활동우수형),70%컷(최종),1.68,2026,23,12.81
연세대,대기과학과,종합,학생부종합(활동우수형),70%컷(최종),2.42,2026,6,9.8
연세대,도시공학과,종합,학생부종합(활동우수형),70%컷(최종),2.18,2026,7,12.83
연세대,디스플레이융합공학과,종합,학생부종합(활동우수형),70%컷(최종),2.48,2026,14,9.07
연세대,모빌리티시스템전공,종합,학생부종합(활동우수형),70%컷(최종),1.59,2026,7,12.43
연세대,물리학과,종합,학생부종합(활동우수형),70%컷(최종),1.58,2026,7,13.67
연세대,사회환경시스템공학부,종합,학생부종합(활동우수형),70%컷(최종),1.78,2026,15,16.36
연세대,산업공학과,종합,학생부종합(활동우수형),70%컷(최종),1.44,2026,7,9.71
연세대,생명공학과,종합,학생부종합(활동우수형),70%컷(최종),1.45,2026,11,17.1
연세대,생명과학부,종합,학생부종합(활동우수형),70%컷(최종),1.72,2026,6,16.83
연세대,생화학과,종합,학생부종합(활동우수형),70%컷(최종),1.38,2026,4,18.25
연세대,수학과,종합,학생부종합(활동우수형),70%컷(최종),1.63,2026,7,16.29
연세대,시스템반도체공학과,종합,학생부종합(활동우수형),70%컷(최종),1.79,2026,38,8.24
연세대,시스템생물학과,종합,학생부종합(활동우수형),70%컷(최종),1.46,2026,5,15
연세대,신소재공학부,종합,학생부종합(활동우수형),70%컷(최종),1.53,2026,19,12.5
연세대,약학과,종합,학생부종합(활동우수형),70%컷(최종),1.37,2026,7,13.43
연세대,의예과,종합,학생부종합(활동우수형),70%컷(최종),1.07,2026,45,11.29
연세대,전기전자공학부,종합,학생부종합(활동우수형),70%컷(최종),1.57,2026,34,9.94
연세대,지구시스템과학과,종합,학생부종합(활동우수형),70%컷(최종),1.92,2026,7,14.2
연세대,지능형반도체전공,종합,학생부종합(활동우수형),70%컷(최종),2.17,2026,8,15.63
연세대,천문우주학과,종합,학생부종합(활동우수형),70%컷(최종),1.48,2026,6,15.8
연세대,치의예과,종합,학생부종합(활동우수형),70%컷(최종),1.26,2026,21,12.33
연세대,화공생명공학부,종합,학생부종합(활동우수형),70%컷(최종),1.5,2026,17,15.81
연세대,화학과,종합,학생부종합(활동우수형),70%컷(최종),1.68,2026,10,11.9
연세대,간호학과,종합,학생부종합(활동우수형),70%컷(최종),1.87,2026,24,8.13
연세대,식품영양학과,종합,학생부종합(활동우수형),70%컷(최종),1.58,2026,9,13.56
연세대,실내건축학과,종합,학생부종합(활동우수형),70%컷(최종),2.11,2026,9,11
연세대,아동·가족학과,종합,학생부종합(활동우수형),70%컷(최종),2.01,2026,10,9.2
연세대,응용통계학과,종합,학생부종합(활동우수형),70%컷(최종),2.03,2026,11,13.09
연세대,의류환경학과,종합,학생부종합(활동우수형),70%컷(최종),1.87,2026,10,9.6
연세대,통합디자인학과,종합,학생부종합(활동우수형),70%컷(최종),2.03,2026,9,10.22
연세대(미래),AI반도체학부,교과,학생부교과(교과우수자(일반형)),70%컷(최종),2.88,2026,5,16.14
연세대(미래),AI보건정보관리학과,교과,학생부교과(교과우수자(일반형)),70%컷(최종),2.5,2026,4,14.4
연세대(미래),간호학과,교과,학생부교과(교과우수자(일반형)),70%컷(최종),1.2,2026,5,32
연세대(미래),데이터사이언스학부,교과,학생부교과(교과우수자(일반형)),70%컷(최종),2.8,2026,5,10.6
연세대(미래),디지털헬스케어학부,교과,학생부교과(교과우수자(일반형)),70%컷(최종),3.32,2026,8,10.86
연세대(미래),물리치료학과,교과,학생부교과(교과우수자(일반형)),70%컷(최종),1.16,2026,4,32.5
연세대(미래),방사선학과,교과,학생부교과(교과우수자(일반형)),70%컷(최종),1.41,2026,4,29.33
연세대(미래),소프트웨어학부,교과,학생부교과(교과우수자(일반형)),70%컷(최종),3.23,2026,12,10.36
연세대(미래),의예과,교과,학생부교과(교과우수자(일반형)),70%컷(최종),1.39,2026,9,33
연세대(미래),임상병리학과,교과,학생부교과(교과우수자(일반형)),70%컷(최종),1.22,2026,6,13.17
연세대(미래),작업치료학과,교과,학생부교과(교과우수자(일반형)),70%컷(최종),2.26,2026,4,19.5
연세대(미래),치위생학과,교과,학생부교과(교과우수자(일반형)),70%컷(최종),2,2026,4,27.75
연세대(미래),AI반도체학부,교과,학생부교과(교과우수자(추천형)),70%컷(최종),3.76,2026,7,8.14
연세대(미래),AI보건정보관리학과,교과,학생부교과(교과우수자(추천형)),70%컷(최종),3.84,2025,4,8.33
연세대(미래),간호학과,교과,학생부교과(교과우수자(추천형)),70%컷(최종),2.02,2026,5,8
연세대(미래),데이터사이언스학부,교과,학생부교과(교과우수자(추천형)),70%컷(최종),4.26,2026,5,6.2
연세대(미래),디지털헬스케어학부,교과,학생부교과(교과우수자(추천형)),70%컷(최종),3.83,2026,8,6.8
연세대(미래),물리치료학과,교과,학생부교과(교과우수자(추천형)),70%컷(최종),2.47,2026,4,8.25
연세대(미래),방사선학과,교과,학생부교과(교과우수자(추천형)),70%컷(최종),2.52,2026,4,8.5
연세대(미래),소프트웨어학부,교과,학생부교과(교과우수자(추천형)),70%컷(최종),4.25,2026,18,6.81
연세대(미래),의예과,교과,학생부교과(교과우수자(추천형)),70%컷(최종),1.16,2026,9,20.63
연세대(미래),임상병리학과,교과,학생부교과(교과우수자(추천형)),70%컷(최종),2.31,2026,6,5
연세대(미래),작업치료학과,교과,학생부교과(교과우수자(추천형)),70%컷(최종),3.13,2026,4,7
연세대(미래),치위생학과,교과,학생부교과(교과우수자(추천형)),70%컷(최종),3.55,2025,4,8.33
연세대(미래),[유형1] 자율융합계열,교과,학생부교과(교과우수자(추천형)),70%컷(최종),4,2026,20,10.33
연세대(미래),동아시아국제학부,종합,학생부종합(글로벌인재),70%컷(최종),6.38,2026,46,4.15
연세대(미래),AI반도체학부,종합,학생부종합(학교생활우수자(면접형)),70%컷(최종),4.47,2026,10,4.9
연세대(미래),AI보건정보관리학과,종합,학생부종합(학교생활우수자(면접형)),70%컷(최종),3.74,2026,10,4.6
연세대(미래),간호학과,종합,학생부종합(학교생활우수자(면접형)),70%컷(최종),2.48,2026,12,9.71
연세대(미래),데이터사이언스학부,종합,학생부종합(학교생활우수자(면접형)),70%컷(최종),4.81,2026,10,4.91
연세대(미래),디지털헬스케어학부,종합,학생부종합(학교생활우수자(면접형)),70%컷(최종),4.67,2026,12,4.86
연세대(미래),물리치료학과,종합,학생부종합(학교생활우수자(면접형)),70%컷(최종),2.81,2026,11,13.33
연세대(미래),방사선학과,종합,학생부종합(학교생활우수자(면접형)),70%컷(최종),3.13,2026,11,12
연세대(미래),소프트웨어학부,종합,학생부종합(학교생활우수자(면접형)),70%컷(최종),4.83,2026,27,4.22
연세대(미래),의예과,종합,학생부종합(학교생활우수자(면접형)),70%컷(최종),1.46,2026,21,22.93
연세대(미래),임상병리학과,종합,학생부종합(학교생활우수자(면접형)),70%컷(최종),3.05,2026,15,6
연세대(미래),작업치료학과,종합,학생부종합(학교생활우수자(면접형)),70%컷(최종),3.73,2026,10,6.33
연세대(미래),치위생학과,종합,학생부종합(학교생활우수자(면접형)),70%컷(최종),3.84,2026,10,5.11
연세대(미래),디자인예술학부,종합,학생부종합(학교생활우수자(면접형)),70%컷(최종),4.12,2026,22,7.55
연세대(미래),AI반도체학부,종합,학생부종합(강원인재(일반)),70%컷(최종),4.36,2025,4,2.67
연세대(미래),AI보건정보관리학과,종합,학생부종합(강원인재(일반)),70%컷(최종),4.21,2025,3,4.33
연세대(미래),간호학과,종합,학생부종합(강원인재(일반)),70%컷(최종),2.39,2026,10,8.86
연세대(미래),디지털헬스케어학부,종합,학생부종합(강원인재(일반)),70%컷(최종),4.49,2025,5,3
연세대(미래),물리치료학과,종합,학생부종합(강원인재(일반)),70%컷(최종),2.61,2025,3,4.67
연세대(미래),방사선학과,종합,학생부종합(강원인재(일반)),70%컷(최종),3.76,2025,3,6.67
연세대(미래),소프트웨어학부,종합,학생부종합(강원인재(일반)),70%컷(최종),4.47,2026,5,4
연세대(미래),의예과,종합,학생부종합(강원인재(일반)),70%컷(최종),3.66,2026,24,11.4
연세대(미래),임상병리학과,종합,학생부종합(강원인재(일반)),70%컷(최종),3.29,2025,4,6
연세대(미래),작업치료학과,종합,학생부종합(강원인재(일반)),70%컷(최종),4.49,2025,3,8
연세대(미래),[유형1] 자율융합계열,종합,학생부종합(강원인재(일반)),70%컷(최종),4.26,2026,10,5.2
연세대(미래),간호학과,종합,학생부종합(강원인재(한마음)),70%컷(최종),2.96,2025,2,6
연세대(미래),의예과,종합,학생부종합(강원인재(한마음)),70%컷(최종),2.62,2024,3,1
영남대,군사학과,교과,학생부교과(군사학특별전형),85%컷(최종),6.25,2025,30,6.41
영남대,경영학과,교과,학생부교과(일반학생전형),70%컷(최종),4.07,2026,58,3.66
영남대,경제금융학부,교과,학생부교과(일반학생전형),70%컷(최종),4.42,2026,55,4.98
영남대,경찰행정학과,교과,학생부교과(일반학생전형),70%컷(최종),3.74,2026,14,5.43
영남대,교육학과,교과,학생부교과(일반학생전형),70%컷(최종),3.51,2026,8,6.5
영남대,국어교육과,교과,학생부교과(일반학생전형),70%컷(최종),3.24,2026,10,5.5
영남대,국어국문학과,교과,학생부교과(일반학생전형),70%컷(최종),4.48,2026,20,5.2
영남대,국제개발새마을학과,교과,학생부교과(일반학생전형),70%컷(최종),4.97,2026,14,10.79
영남대,글로벌교육학부,교과,학생부교과(일반학생전형),70%컷(최종),4.88,2026,10,6.25
영남대,글로벌비즈니스학과,교과,학생부교과(일반학생전형),70%컷(최종),4.38,2026,11,5.82
영남대,독일언어문화전공,교과,학생부교과(일반학생전형),70%컷(최종),4.87,2026,12,8.33
영남대,무역학부,교과,학생부교과(일반학생전형),70%컷(최종),4.65,2026,43,4.65
영남대,문화인류학과,교과,학생부교과(일반학생전형),70%컷(최종),4.59,2026,10,10.3
영남대,미디어커뮤니케이션학과,교과,학생부교과(일반학생전형),70%컷(최종),4.62,2026,13,5.33
영남대,사회학과,교과,학생부교과(일반학생전형),70%컷(최종),4.01,2026,10,9
영남대,식품경제외식학과,교과,학생부교과(일반학생전형),70%컷(최종),4.87,2026,18,4.32
영남대,심리학과,교과,학생부교과(일반학생전형),70%컷(최종),3.2,2026,14,5.46
영남대,역사학과,교과,학생부교과(일반학생전형),70%컷(최종),4.31,2026,14,8.5
영남대,영어교육과,교과,학생부교과(일반학생전형),70%컷(최종),3.7,2026,14,5.21
영남대,영어영문학과,교과,학생부교과(일반학생전형),70%컷(최종),4.27,2026,25,6.12
영남대,영어통번역전공,교과,학생부교과(일반학생전형),70%컷(최종),4.64,2026,12,8.4
영남대,유아교육과,교과,학생부교과(일반학생전형),70%컷(최종),3.8,2026,8,8.75
영남대,응용중국어통번역전공,교과,학생부교과(일반학생전형),70%컷(최종),4.94,2026,10,12.25
영남대,일어일문학과,교과,학생부교과(일반학생전형),70%컷(최종),3.76,2026,9,9.56
영남대,전공자유선택학부(인문),교과,학생부교과(일반학생전형),70%컷(최종),4.21,2026,52,4.59
영남대,정치외교학과,교과,학생부교과(일반학생전형),70%컷(최종),4.4,2026,17,5.83
영남대,중국언어문화학과,교과,학생부교과(일반학생전형),70%컷(최종),5.3,2026,17,4.94
영남대,철학과,교과,학생부교과(일반학생전형),70%컷(최종),4.66,2026,10,24.3
영남대,프랑스어문전공,교과,학생부교과(일반학생전형),70%컷(최종),5.03,2026,11,7.82
영남대,한문교육과,교과,학생부교과(일반학생전형),70%컷(최종),4.34,2026,10,4.7
영남대,행정학과,교과,학생부교과(일반학생전형),70%컷(최종),4.17,2026,26,5.46
영남대,회계세무학과,교과,학생부교과(일반학생전형),70%컷(최종),4.22,2026,20,6.74
영남대,휴먼서비스학과,교과,학생부교과(일반학생전형),70%컷(최종),4.53,2026,16,7.31
영남대,건설시스템공학과,교과,학생부교과(일반학생전형),70%컷(최종),4.83,2026,21,8.1
영남대,건축학부,교과,학생부교과(일반학생전형),70%컷(최종),4.65,2026,50,3.82
영남대,기계공학부,교과,학생부교과(일반학생전형),70%컷(최종),4.32,2026,75,5.21
영남대,도시공학과,교과,학생부교과(일반학생전형),70%컷(최종),4.78,2026,11,8.82
영남대,로봇공학과,교과,학생부교과(일반학생전형),70%컷(최종),4.86,2026,19,7.95
영남대,물리학과,교과,학생부교과(일반학생전형),70%컷(최종),4.89,2026,12,5
영남대,미래자동차공학과,교과,학생부교과(일반학생전형),70%컷(최종),5.01,2026,32,10.97
영남대,산림자원학과,교과,학생부교과(일반학생전형),70%컷(최종),4.81,2026,10,14.3
영남대,생명공학과,교과,학생부교과(일반학생전형),70%컷(최종),3.9,2026,21,5.52
영남대,생명과학과,교과,학생부교과(일반학생전형),70%컷(최종),4.19,2026,13,4.92
영남대,소프트웨어보안전공,교과,학생부교과(일반학생전형),70%컷(최종),4.52,2026,18,3.89
영남대,수학과,교과,학생부교과(일반학생전형),70%컷(최종),5.04,2026,14,8.64
영남대,수학교육과,교과,학생부교과(일반학생전형),70%컷(최종),3.82,2026,8,4.63
영남대,식품공학과,교과,학생부교과(일반학생전형),70%컷(최종),4.06,2026,14,6.07
영남대,식품영양학과,교과,학생부교과(일반학생전형),70%컷(최종),4.19,2026,17,6.59
영남대,신소재공학부,교과,학생부교과(일반학생전형),70%컷(최종),4.59,2026,43,5
영남대,약학부,교과,학생부교과(일반학생전형),70%컷(최종),1.3,2026,15,21.73
영남대,원예생명과학과,교과,학생부교과(일반학생전형),70%컷(최종),4.69,2026,9,12.67
영남대,의류패션학과,교과,학생부교과(일반학생전형),70%컷(최종),4.41,2026,16,5.65
영남대,의생명공학과,교과,학생부교과(일반학생전형),70%컷(최종),3.39,2026,12,4
영남대,의예과,교과,학생부교과(일반학생전형),70%컷(최종),1.31,2026,8,33.75
영남대,전공자유선택학부(자연),교과,학생부교과(일반학생전형),70%컷(최종),4.21,2026,60,4.04
영남대,전기공학과,교과,학생부교과(일반학생전형),70%컷(최종),4.27,2026,35,4.94
영남대,전자공학과,교과,학생부교과(일반학생전형),70%컷(최종),3.91,2026,48,3.4
영남대,정보통신공학전공,교과,학생부교과(일반학생전형),70%컷(최종),4.87,2026,20,4.52
영남대,조경학과,교과,학생부교과(일반학생전형),70%컷(최종),4.53,2026,10,5.8
영남대,주거환경학과,교과,학생부교과(일반학생전형),70%컷(최종),5.07,2026,14,5
영남대,차세대반도체학과,교과,학생부교과(일반학생전형),70%컷(최종),4.67,2026,9,8.22
영남대,컴퓨터공학전공,교과,학생부교과(일반학생전형),70%컷(최종),4.02,2026,28,3.79
영남대,통계학과,교과,학생부교과(일반학생전형),70%컷(최종),4.85,2026,18,4.33
영남대,파이버시스템공학과,교과,학생부교과(일반학생전형),70%컷(최종),5.16,2026,12,19.31
영남대,화학공학부,교과,학생부교과(일반학생전형),70%컷(최종),4.25,2026,62,4.08
영남대,화학과,교과,학생부교과(일반학생전형),70%컷(최종),4.76,2026,24,4.73
영남대,환경공학과,교과,학생부교과(일반학생전형),70%컷(최종),4.56,2026,16,6
영남대,특수체육교육과,교과,학생부교과(일반학생전형),70%컷(최종),2.93,2026,8,7.56
영남대,의예과,교과,학생부교과(창의인재전형),70%컷(최종),1.38,2026,8,14.63
영남대,경영학과,종합,학생부종합(잠재능력우수자전형),70%컷(최종),3.94,2026,36,11.57
영남대,경제금융학부,종합,학생부종합(잠재능력우수자전형),70%컷(최종),5.05,2026,32,8.14
영남대,경찰행정학과,종합,학생부종합(잠재능력우수자전형),70%컷(최종),3.83,2026,15,12.14
영남대,교육학과,종합,학생부종합(잠재능력우수자전형),70%컷(최종),3.77,2026,9,6.22
영남대,국어교육과,종합,학생부종합(잠재능력우수자전형),70%컷(최종),3.66,2026,7,6.43
영남대,국어국문학과,종합,학생부종합(잠재능력우수자전형),70%컷(최종),4.55,2026,14,5.92
영남대,국제개발새마을학과,종합,학생부종합(잠재능력우수자전형),70%컷(최종),5.54,2026,11,5.82
영남대,글로벌교육학부,종합,학생부종합(잠재능력우수자전형),70%컷(최종),5.42,2026,8,5.83
영남대,글로벌비즈니스학과,종합,학생부종합(잠재능력우수자전형),70%컷(최종),6.34,2026,14,12.57
영남대,독일언어문화전공,종합,학생부종합(잠재능력우수자전형),70%컷(최종),6.37,2026,7,5
영남대,무역학부,종합,학생부종합(잠재능력우수자전형),70%컷(최종),5.14,2026,23,6.35
영남대,문화인류학과,종합,학생부종합(잠재능력우수자전형),70%컷(최종),5.35,2026,9,6.67
영남대,미디어커뮤니케이션학과,종합,학생부종합(잠재능력우수자전형),70%컷(최종),3.98,2026,15,16.18
영남대,사회학과,종합,학생부종합(잠재능력우수자전형),70%컷(최종),4.48,2026,8,10.5
영남대,식품경제외식학과,종합,학생부종합(잠재능력우수자전형),70%컷(최종),5.1,2026,12,5
영남대,심리학과,종합,학생부종합(잠재능력우수자전형),70%컷(최종),4.01,2026,15,16.25
영남대,역사학과,종합,학생부종합(잠재능력우수자전형),70%컷(최종),4.64,2026,14,6.71
영남대,영어교육과,종합,학생부종합(잠재능력우수자전형),70%컷(최종),3.83,2026,10,7.3
영남대,영어영문학과,종합,학생부종합(잠재능력우수자전형),70%컷(최종),5.43,2026,15,5.8
영남대,영어통번역전공,종합,학생부종합(잠재능력우수자전형),70%컷(최종),5.93,2026,10,5.13
영남대,유아교육과,종합,학생부종합(잠재능력우수자전형),70%컷(최종),4.36,2026,10,8.4
영남대,응용중국어통번역전공,종합,학생부종합(잠재능력우수자전형),70%컷(최종),6.47,2026,7,6
영남대,일어일문학과,종합,학생부종합(잠재능력우수자전형),70%컷(최종),4.6,2026,12,8.42
영남대,전공자유선택학부(인문),종합,학생부종합(잠재능력우수자전형),70%컷(최종),4.53,2026,50,10.04
영남대,정치외교학과,종합,학생부종합(잠재능력우수자전형),70%컷(최종),5.32,2026,11,6.73
영남대,중국언어문화학과,종합,학생부종합(잠재능력우수자전형),70%컷(최종),5.55,2026,12,6.73
영남대,철학과,종합,학생부종합(잠재능력우수자전형),70%컷(최종),5.94,2026,9,8.44
영남대,프랑스어문전공,종합,학생부종합(잠재능력우수자전형),70%컷(최종),5.85,2026,5,7
영남대,한문교육과,종합,학생부종합(잠재능력우수자전형),70%컷(최종),4.62,2026,7,5.86
영남대,행정학과,종합,학생부종합(잠재능력우수자전형),70%컷(최종),4.24,2026,18,6.28
영남대,회계세무학과,종합,학생부종합(잠재능력우수자전형),70%컷(최종),4.53,2026,13,5.5
영남대,휴먼서비스학과,종합,학생부종합(잠재능력우수자전형),70%컷(최종),5.01,2026,11,10.5
영남대,건설시스템공학과,종합,학생부종합(잠재능력우수자전형),70%컷(최종),4.76,2026,14,9.86
영남대,건축학부,종합,학생부종합(잠재능력우수자전형),70%컷(최종),4.53,2026,30,9.82
영남대,기계공학부,종합,학생부종합(잠재능력우수자전형),70%컷(최종),4.52,2026,31,8.9
영남대,도시공학과,종합,학생부종합(잠재능력우수자전형),70%컷(최종),6.02,2026,10,8.9
영남대,로봇공학과,종합,학생부종합(잠재능력우수자전형),70%컷(최종),5.2,2026,18,6
영남대,물리학과,종합,학생부종합(잠재능력우수자전형),70%컷(최종),5.11,2026,8,5.5
영남대,미래자동차공학과,종합,학생부종합(잠재능력우수자전형),70%컷(최종),5.15,2026,20,10.75
영남대,산림자원학과,종합,학생부종합(잠재능력우수자전형),70%컷(최종),5.31,2026,8,5.88
영남대,생명공학과,종합,학생부종합(잠재능력우수자전형),70%컷(최종),4.4,2026,15,7.92
영남대,생명과학과,종합,학생부종합(잠재능력우수자전형),70%컷(최종),4.55,2026,13,7.58
영남대,소프트웨어보안전공,종합,학생부종합(잠재능력우수자전형),70%컷(최종),4.55,2026,17,5.24
영남대,수학과,종합,학생부종합(잠재능력우수자전형),70%컷(최종),4.85,2026,8,6.38
영남대,수학교육과,종합,학생부종합(잠재능력우수자전형),70%컷(최종),3.65,2026,8,5.75
영남대,식품공학과,종합,학생부종합(잠재능력우수자전형),70%컷(최종),4.28,2026,13,8.77
영남대,식품영양학과,종합,학생부종합(잠재능력우수자전형),70%컷(최종),4.32,2026,10,11.6
영남대,신소재공학부,종합,학생부종합(잠재능력우수자전형),70%컷(최종),5.08,2026,19,9.84
영남대,원예생명과학과,종합,학생부종합(잠재능력우수자전형),70%컷(최종),4.97,2026,12,8.5
영남대,의류패션학과,종합,학생부종합(잠재능력우수자전형),70%컷(최종),4.87,2026,13,7.33
영남대,의생명공학과,종합,학생부종합(잠재능력우수자전형),70%컷(최종),4.05,2026,13,6.18
영남대,전공자유선택학부(자연),종합,학생부종합(잠재능력우수자전형),70%컷(최종),4.63,2026,52,5.5
영남대,전기공학과,종합,학생부종합(잠재능력우수자전형),70%컷(최종),4.71,2026,26,4.38
영남대,전자공학과,종합,학생부종합(잠재능력우수자전형),70%컷(최종),4.16,2026,20,7.3
영남대,정보통신공학전공,종합,학생부종합(잠재능력우수자전형),70%컷(최종),4.91,2026,16,4.94
영남대,조경학과,종합,학생부종합(잠재능력우수자전형),70%컷(최종),4.75,2026,8,7.75
영남대,주거환경학과,종합,학생부종합(잠재능력우수자전형),70%컷(최종),5.19,2026,9,5.44
영남대,차세대반도체학과,종합,학생부종합(잠재능력우수자전형),70%컷(최종),4.78,2026,8,5.71
영남대,컴퓨터공학전공,종합,학생부종합(잠재능력우수자전형),70%컷(최종),4.29,2026,23,8.85
영남대,통계학과,종합,학생부종합(잠재능력우수자전형),70%컷(최종),5.06,2026,10,5.1
영남대,파이버시스템공학과,종합,학생부종합(잠재능력우수자전형),70%컷(최종),5.59,2026,9,6.7
영남대,화학공학부,종합,학생부종합(잠재능력우수자전형),70%컷(최종),4.41,2026,34,4.09
영남대,화학과,종합,학생부종합(잠재능력우수자전형),70%컷(최종),5,2026,12,7.85
영남대,환경공학과,종합,학생부종합(잠재능력우수자전형),70%컷(최종),4.81,2026,13,11.29
영남대,경영학과,교과,학생부교과(지역인재전형),70%컷(최종),3.83,2026,33,5.52
영남대,경제금융학부,교과,학생부교과(지역인재전형),70%컷(최종),4.45,2026,30,5.58
영남대,경찰행정학과,교과,학생부교과(지역인재전형),70%컷(최종),3.76,2026,8,5
영남대,교육학과,교과,학생부교과(지역인재전형),70%컷(최종),4.02,2026,6,5.83
영남대,국어교육과,교과,학생부교과(지역인재전형),70%컷(최종),3.22,2026,6,4.33
영남대,국어국문학과,교과,학생부교과(지역인재전형),70%컷(최종),4.35,2026,11,5.33
영남대,국제개발새마을학과,교과,학생부교과(지역인재전형),70%컷(최종),5.13,2026,7,8.75
영남대,글로벌교육학부,교과,학생부교과(지역인재전형),70%컷(최종),4.87,2026,7,7
영남대,글로벌비즈니스학과,교과,학생부교과(지역인재전형),70%컷(최종),4.52,2026,6,7
영남대,독일언어문화전공,교과,학생부교과(지역인재전형),70%컷(최종),4.77,2026,7,10.57
영남대,무역학부,교과,학생부교과(지역인재전형),70%컷(최종),4.79,2026,25,5.4
영남대,문화인류학과,교과,학생부교과(지역인재전형),70%컷(최종),4.5,2026,6,6
영남대,미디어커뮤니케이션학과,교과,학생부교과(지역인재전형),70%컷(최종),3.28,2026,8,6
영남대,사회학과,교과,학생부교과(지역인재전형),70%컷(최종),4.48,2026,5,8.6
영남대,식품경제외식학과,교과,학생부교과(지역인재전형),70%컷(최종),5.07,2026,11,4.75
영남대,심리학과,교과,학생부교과(지역인재전형),70%컷(최종),3.54,2026,7,7.17
영남대,역사학과,교과,학생부교과(지역인재전형),70%컷(최종),4.19,2026,9,5.2
영남대,영어교육과,교과,학생부교과(지역인재전형),70%컷(최종),3.68,2026,8,5
영남대,영어영문학과,교과,학생부교과(지역인재전형),70%컷(최종),4.23,2026,13,5.69
영남대,영어통번역전공,교과,학생부교과(지역인재전형),70%컷(최종),4.86,2026,7,10.33
영남대,유아교육과,교과,학생부교과(지역인재전형),70%컷(최종),4.12,2026,5,7.4
영남대,응용중국어통번역전공,교과,학생부교과(지역인재전형),70%컷(최종),5.17,2026,7,15.8
영남대,일어일문학과,교과,학생부교과(지역인재전형),70%컷(최종),4.51,2026,6,5.17
영남대,전공자유선택학부(인문),교과,학생부교과(지역인재전형),70%컷(최종),4.29,2026,35,4.52
영남대,정치외교학과,교과,학생부교과(지역인재전형),70%컷(최종),4.31,2026,8,5.78
영남대,중국언어문화학과,교과,학생부교과(지역인재전형),70%컷(최종),4.89,2026,12,6.08
영남대,철학과,교과,학생부교과(지역인재전형),70%컷(최종),4.7,2026,5,15.83
영남대,프랑스어문전공,교과,학생부교과(지역인재전형),70%컷(최종),5.43,2026,5,6.67
영남대,한문교육과,교과,학생부교과(지역인재전형),70%컷(최종),4.25,2026,6,4.67
영남대,행정학과,교과,학생부교과(지역인재전형),70%컷(최종),3.76,2026,15,4.53
영남대,회계세무학과,교과,학생부교과(지역인재전형),70%컷(최종),4.55,2026,13,5.33
영남대,휴먼서비스학과,교과,학생부교과(지역인재전형),70%컷(최종),4.45,2026,8,8
영남대,건설시스템공학과,교과,학생부교과(지역인재전형),70%컷(최종),4.84,2026,12,7.5
영남대,건축학부,교과,학생부교과(지역인재전형),70%컷(최종),4.42,2026,29,4.06
영남대,기계공학부,교과,학생부교과(지역인재전형),70%컷(최종),4.35,2026,43,5.09
영남대,도시공학과,교과,학생부교과(지역인재전형),70%컷(최종),4.96,2026,8,9.63
영남대,로봇공학과,교과,학생부교과(지역인재전형),70%컷(최종),4.95,2026,11,7.64
영남대,물리학과,교과,학생부교과(지역인재전형),70%컷(최종),5.23,2026,6,7.5
영남대,미래자동차공학과,교과,학생부교과(지역인재전형),70%컷(최종),5.13,2026,20,9.7
영남대,산림자원학과,교과,학생부교과(지역인재전형),70%컷(최종),4.84,2026,8,7.38
영남대,생명공학과,교과,학생부교과(지역인재전형),70%컷(최종),4.76,2026,13,4
영남대,생명과학과,교과,학생부교과(지역인재전형),70%컷(최종),4.21,2026,8,6.38
영남대,소프트웨어보안전공,교과,학생부교과(지역인재전형),70%컷(최종),4.43,2026,14,5.36
영남대,수학과,교과,학생부교과(지역인재전형),70%컷(최종),5.22,2026,9,8.33
영남대,수학교육과,교과,학생부교과(지역인재전형),70%컷(최종),3.68,2026,6,7
영남대,식품공학과,교과,학생부교과(지역인재전형),70%컷(최종),4.21,2026,10,7.5
영남대,식품영양학과,교과,학생부교과(지역인재전형),70%컷(최종),4.41,2026,11,6.45
영남대,신소재공학부,교과,학생부교과(지역인재전형),70%컷(최종),4.79,2026,27,5.52
영남대,약학부,교과,학생부교과(지역인재전형),70%컷(최종),1.41,2026,17,13.88
영남대,원예생명과학과,교과,학생부교과(지역인재전형),70%컷(최종),4.63,2026,5,8.8
영남대,의류패션학과,교과,학생부교과(지역인재전형),70%컷(최종),4.68,2026,8,4
영남대,의생명공학과,교과,학생부교과(지역인재전형),70%컷(최종),3.67,2026,7,4
영남대,의예과,교과,학생부교과(지역인재전형),70%컷(최종),1.72,2026,22,17.29
영남대,전공자유선택학부(자연),교과,학생부교과(지역인재전형),70%컷(최종),4.29,2026,42,4.89
영남대,전기공학과,교과,학생부교과(지역인재전형),70%컷(최종),4.23,2026,22,5.09
영남대,전자공학과,교과,학생부교과(지역인재전형),70%컷(최종),3.68,2026,30,3.67
영남대,정보통신공학전공,교과,학생부교과(지역인재전형),70%컷(최종),4.82,2026,12,4.35
영남대,조경학과,교과,학생부교과(지역인재전형),70%컷(최종),4.72,2026,8,5.38
영남대,주거환경학과,교과,학생부교과(지역인재전형),70%컷(최종),5.2,2026,8,5.89
영남대,차세대반도체학과,교과,학생부교과(지역인재전형),70%컷(최종),4.58,2026,7,7.88
영남대,컴퓨터공학전공,교과,학생부교과(지역인재전형),70%컷(최종),3.85,2026,14,5.43
영남대,통계학과,교과,학생부교과(지역인재전형),70%컷(최종),4.72,2026,10,5.9
영남대,파이버시스템공학과,교과,학생부교과(지역인재전형),70%컷(최종),5.18,2026,7,15.75
영남대,화학공학부,교과,학생부교과(지역인재전형),70%컷(최종),4.15,2026,37,3.44
영남대,화학과,교과,학생부교과(지역인재전형),70%컷(최종),4.72,2026,11,4.25
영남대,환경공학과,교과,학생부교과(지역인재전형),70%컷(최종),4.95,2026,8,6.78
영남대,약학부,종합,학생부종합(지역인재전형),70%컷(최종),1.74,2026,5,27.2
영남대,의예과,종합,학생부종합(지역인재전형),70%컷(최종),1.79,2026,10,23.3
영산대,호텔관광학과,교과,학생부교과(교과전형),70%컷(최종),4.98,2026,9,3.33
영산대,게임콘텐츠학과,교과,학생부교과(교과전형),70%컷(최종),4.79,2026,5,4.75
영산대,만화애니메이션학과,교과,학생부교과(교과전형),70%컷(최종),2.55,2026,2,5
영산대,미용예술학과,교과,학생부교과(교과전형),70%컷(최종),3.87,2026,22,9.04
영산대,웹툰학과,교과,학생부교과(교과전형),70%컷(최종),3.52,2026,6,4.17
영산대,항공관광학과,교과,학생부교과(면접전형),70%컷(최종),4.49,2026,25,7.32
영산대,레저스포츠관광학과,교과,학생부교과(면접전형),70%컷(최종),3.77,2026,6,2.71
영산대,호텔관광학과,교과,학생부교과(일반계고전형),70%컷(최종),5.6,2026,10,4.9
영산대,게임콘텐츠학과,교과,학생부교과(일반계고전형),70%컷(최종),5.26,2026,5,5.63
영산대,레저스포츠관광학과,교과,학생부교과(일반계고전형),70%컷(최종),3.24,2026,11,5.55
영산대,만화애니메이션학과,교과,학생부교과(일반계고전형),70%컷(최종),3.12,2026,2,7.5
영산대,미용예술학과,교과,학생부교과(일반계고전형),70%컷(최종),3.89,2026,6,40.33
영산대,웹툰학과,교과,학생부교과(일반계고전형),70%컷(최종),2.88,2026,6,7.67
영산대(양산),물리치료학과,교과,학생부교과(교과전형),70%컷(최종),2.45,2025,3,6.67
영산대(양산),치위생학과,교과,학생부교과(교과전형),70%컷(최종),3.83,2025,5,4.71
영산대(양산),동양무예학과,교과,학생부교과(교과전형),70%컷(최종),2.54,2025,7,2
영산대(양산),태권도학과,교과,학생부교과(교과전형),70%컷(최종),2.5,2025,2,4
영산대(양산),[유형2] 자기설계전공학부,교과,학생부교과(교과전형),70%컷(최종),6.12,2025,111,1.39
영산대(양산),간호학과,교과,학생부교과(면접전형),70%컷(최종),3.79,2025,20,13.55
영산대(양산),물리치료학과,교과,학생부교과(면접전형),70%컷(최종),3.99,2025,15,7.13
영산대(양산),치위생학과,교과,학생부교과(면접전형),70%컷(최종),5.3,2025,7,2.7
영산대(양산),동양무예학과,교과,학생부교과(면접전형),70%컷(최종),5.87,2025,22,1.91
영산대(양산),태권도학과,교과,학생부교과(면접전형),70%컷(최종),3.02,2025,32,1.75
영산대(양산),간호학과,교과,학생부교과(일반계고전형),70%컷(최종),3.28,2025,67,5.99
영산대(양산),물리치료학과,교과,학생부교과(일반계고전형),70%컷(최종),2.98,2025,20,4.15
영산대(양산),치위생학과,교과,학생부교과(일반계고전형),70%컷(최종),4.57,2025,16,4.7
영산대(양산),[유형2] 자기설계전공학부,교과,학생부교과(일반계고전형),70%컷(최종),6.63,2025,88,1.15
예수대,간호학부,교과,학생부교과(일반전형),70%컷(최종),4.08,2025,50,5.36
예수대,간호학부,교과,학생부교과(지역인재전형),70%컷(최종),4.14,2026,47,7.26
용인대,경영학과,교과,학생부교과(교과성적우수자특별전형),환산70%컷(최종),460.42,2025,8,7.78
용인대,경찰행정학과,교과,학생부교과(교과성적우수자특별전형),환산70%컷(최종),479.17,2025,8,5.25
용인대,관광경영학과,교과,학생부교과(교과성적우수자특별전형),환산70%컷(최종),462.5,2025,4,6
용인대,문화콘텐츠학과,교과,학생부교과(교과성적우수자특별전형),환산70%컷(최종),464.58,2025,5,6.8
용인대,사회복지학과,교과,학생부교과(교과성적우수자특별전형),환산70%컷(최종),454.17,2025,6,14.14
용인대,중국학과,교과,학생부교과(교과성적우수자특별전형),환산70%컷(최종),452.08,2025,2,9.4
용인대,AI융합학부,교과,학생부교과(교과성적우수자특별전형),환산70%컷(최종),450,2025,12,11.83
용인대,문화유산학과,교과,학생부교과(교과성적우수자특별전형),환산70%컷(최종),445.83,2025,5,11.6
용인대,물리치료학과,교과,학생부교과(교과성적우수자특별전형),환산70%컷(최종),479.17,2025,5,10.8
용인대,바이오생명공학과,교과,학생부교과(교과성적우수자특별전형),환산70%컷(최종),466.67,2025,5,5.75
용인대,보건환경안전학과,교과,학생부교과(교과성적우수자특별전형),환산70%컷(최종),447.92,2025,7,11.71
용인대,식품영양학과,교과,학생부교과(교과성적우수자특별전형),환산70%컷(최종),441.67,2025,5,14.2
용인대,경영학과,교과,학생부교과(일반학생전형),환산70%컷(최종),468.75,2025,10,8.25
용인대,경찰행정학과,교과,학생부교과(일반학생전형),환산70%컷(최종),481.25,2025,8,13.08
용인대,관광경영학과,교과,학생부교과(일반학생전형),환산70%컷(최종),464.58,2025,12,7.08
용인대,문화콘텐츠학과,교과,학생부교과(일반학생전형),환산70%컷(최종),466.67,2025,9,12.11
용인대,사회복지학과,교과,학생부교과(일반학생전형),환산70%컷(최종),462.5,2025,12,10.21
용인대,중국학과,교과,학생부교과(일반학생전형),환산70%컷(최종),454.17,2025,13,8
용인대,AI융합학부,교과,학생부교과(일반학생전형),환산70%컷(최종),460.42,2025,31,5.87
용인대,문화유산학과,교과,학생부교과(일반학생전형),환산70%컷(최종),468.75,2025,9,7.67
용인대,물리치료학과,교과,학생부교과(일반학생전형),환산70%컷(최종),483.33,2025,14,11
용인대,바이오생명공학과,교과,학생부교과(일반학생전형),환산70%컷(최종),468.75,2025,13,6.6
용인대,보건환경안전학과,교과,학생부교과(일반학생전형),환산70%컷(최종),458.33,2025,15,7.2
용인대,식품영양학과,교과,학생부교과(일반학생전형),환산70%컷(최종),456.25,2025,13,11.69
용인대,식품조리학과,교과,학생부교과(일반학생전형),환산70%컷(최종),456.25,2025,18,10.62
용인대,경호학과,교과,학생부교과(일반학생전형),환산70%컷(최종),477.78,2025,23,8.39
용인대,인문사회계열전공학부,교과,학생부교과(자율전공특별전형),환산70%컷(최종),462.5,2025,30,6.2
용인대,자연계열전공학부,교과,학생부교과(자율전공특별전형),환산70%컷(최종),447.92,2025,25,11.64
용인대,무도계열전공학부,교과,학생부교과(자율전공특별전형),환산70%컷(최종),463.89,2025,36,6.78
용인대,문화예술계열전공학부,교과,학생부교과(자율전공특별전형),환산70%컷(최종),472.22,2025,29,4.79
용인대,체육계열전공학부,교과,학생부교과(자율전공특별전형),환산70%컷(최종),477.78,2025,17,6.94
용인대,[유형1] 무전공학부,교과,학생부교과(자율전공특별전형),환산70%컷(최종),462.5,2025,100,5.17
우석대,경찰행정학과,교과,학생부교과(교과),70%컷(최종),5.47,2026,25,6.4
우석대,국어교육과,교과,학생부교과(교과),70%컷(최종),4.56,2026,19,6.47
우석대,군사학과,교과,학생부교과(교과),70%컷(최종),5,2026,15,7
우석대,소방방재학과,교과,학생부교과(교과),70%컷(최종),4.52,2026,20,7.1
우석대,식품영양학과,교과,학생부교과(교과),70%컷(최종),6.6,2026,18,3.11
우석대,심리학과,교과,학생부교과(교과),70%컷(최종),6.25,2026,20,5.3
우석대,아동사회복지학부,교과,학생부교과(교과),70%컷(최종),6.12,2026,20,4.75
우석대,유아특수교육과,교과,학생부교과(교과),70%컷(최종),5.66,2026,20,1.92
우석대,조경학과,교과,학생부교과(교과),70%컷(최종),6.48,2026,25,1.4
우석대,특수교육과,교과,학생부교과(교과),70%컷(최종),5.15,2026,24,3.86
우석대,간호학과,교과,학생부교과(교과),70%컷(최종),3.12,2026,55,5.6
우석대,물리치료학과,교과,학생부교과(교과),70%컷(최종),3.63,2026,25,8.1
우석대,응급구조학과,교과,학생부교과(교과),70%컷(최종),5.71,2026,40,7.63
우석대,작업치료학과,교과,학생부교과(교과),70%컷(최종),6,2026,25,6.96
우석대,정보보안학과,교과,학생부교과(교과),70%컷(최종),7,2026,20,2.4
우석대,한약학과,교과,학생부교과(교과),70%컷(최종),1.43,2026,12,8
우석대,[유형1] 수소테크 자율전공학부,교과,학생부교과(교과),70%컷(최종),5.89,2026,65,1.91
우석대,[유형1] 휴먼테크 자율전공학부(전주),교과,학생부교과(교과),70%컷(최종),6.44,2026,31,2.89
우석대,경찰행정학과,교과,학생부교과(교과면접),70%컷(최종),5.51,2026,5,3.5
우석대,국어교육과,교과,학생부교과(교과면접),70%컷(최종),4.89,2026,4,4.13
우석대,군사학과,교과,학생부교과(교과면접),70%컷(최종),6.82,2026,30,3.42
우석대,소방방재학과,교과,학생부교과(교과면접),70%컷(최종),5.21,2026,20,5.2
우석대,식품영양학과,교과,학생부교과(교과면접),70%컷(최종),6.77,2026,7,2.29
우석대,심리학과,교과,학생부교과(교과면접),70%컷(최종),7,2026,5,2.5
우석대,아동사회복지학부,교과,학생부교과(교과면접),70%컷(최종),7.26,2026,10,3.13
우석대,유아특수교육과,교과,학생부교과(교과면접),70%컷(최종),5.5,2025,5,2
우석대,특수교육과,교과,학생부교과(교과면접),70%컷(최종),5.85,2026,6,3.38
우석대,간호학과,교과,학생부교과(교과면접),70%컷(최종),3.86,2026,30,11.67
우석대,물리치료학과,교과,학생부교과(교과면접),70%컷(최종),4.03,2026,15,12.4
우석대,작업치료학과,교과,학생부교과(교과면접),70%컷(최종),6.11,2026,5,3.83
우석대,정보보안학과,교과,학생부교과(교과면접),70%컷(최종),6.62,2026,5,1.8
우석대,태권도학과,교과,학생부교과(교과면접),70%컷(최종),5.91,2026,10,4
우석대,간호학과,교과,학생부교과(지역인재2-호남권),70%컷(최종),3.56,2026,57,5.89
우석대,약학과,교과,학생부교과(지역인재2-호남권),70%컷(최종),1.57,2026,13,21.61
우석대,한약학과,교과,학생부교과(지역인재2-호남권),70%컷(최종),1.75,2026,15,6.53
우석대,한의예과,교과,학생부교과(지역인재2-호남권),70%컷(최종),1.22,2026,10,12.92
우석대(진천),건축학부,교과,학생부교과(교과),70%컷(최종),4.62,2025,23,2.71
우석대(진천),군사안보학과,교과,학생부교과(교과),70%컷(최종),6.11,2025,22,2.39
우석대(진천),문예창작학과,교과,학생부교과(교과),70%컷(최종),6.13,2025,20,5.77
우석대(진천),[유형1] 휴먼테크 자율전공학부(진천),교과,학생부교과(교과),70%컷(최종),6.76,2025,17,0.84
우석대(진천),건축학부,교과,학생부교과(교과면접),70%컷(최종),5.13,2025,12,1.92
우석대(진천),군사안보학과,교과,학생부교과(교과면접),70%컷(최종),6.18,2025,8,4.75
우송대,"글로벌외식,조리경영전공",교과,학생부교과(교과면접전형),70%컷(최종),3.83,2026,8,7.5
우송대,사회복지학과,교과,학생부교과(교과면접전형),70%컷(최종),4.83,2026,5,6.13
우송대,솔브릿지경영학부,교과,학생부교과(교과면접전형),70%컷(최종),4.67,2026,14,4.43
우송대,"외식,조리경영전공",교과,학생부교과(교과면접전형),70%컷(최종),3.83,2026,14,5.14
우송대,유아교육과,교과,학생부교과(교과면접전형),70%컷(최종),4.83,2026,27,7.7
우송대,철도경영학과,교과,학생부교과(교과면접전형),70%컷(최종),4.33,2026,22,3.46
우송대,호텔관광학부(호텔관광경영전공),교과,학생부교과(교과면접전형),70%컷(최종),5.17,2026,11,6.29
우송대,Lyfe조리전공,교과,학생부교과(교과면접전형),평균(최종),2.333333333333333,2025,15,5.8
우송대,간호학과,교과,학생부교과(교과면접전형),70%컷(최종),3,2026,33,22
우송대,글로벌조리학부(글로벌조리전공),교과,학생부교과(교과면접전형),평균(최종),2.9057971014492763,2025,23,6.17
우송대,동물관리학부(동물의료관리학과),교과,학생부교과(교과면접전형),70%컷(최종),4,2026,10,6.5
우송대,동물관리학부(토탈펫케어학과),교과,학생부교과(교과면접전형),70%컷(최종),4.33,2026,9,5.11
우송대,소방·안전학부(소방방재전공/안전공학전공),교과,학생부교과(교과면접전형),70%컷(최종),5.17,2026,15,6.62
우송대,외식조리영양학과,교과,학생부교과(교과면접전형),70%컷(최종),3.5,2026,8,6.13
우송대,외식조리학부(외식조리전공),교과,학생부교과(교과면접전형),평균(최종),1.9279279279279287,2025,37,7.81
우송대,응급구조학과,교과,학생부교과(교과면접전형),70%컷(최종),4.17,2026,19,7.79
우송대,재활학부(물리치료학과),교과,학생부교과(교과면접전형),70%컷(최종),2.83,2026,20,13
우송대,재활학부(언어치료·청각재활학과),교과,학생부교과(교과면접전형),70%컷(최종),4.5,2026,10,3
우송대,재활학부(작업치료학과),교과,학생부교과(교과면접전형),70%컷(최종),4.33,2026,15,5.07
우송대,제과제빵·조리학부(제과제빵·조리전공),교과,학생부교과(교과면접전형),70%컷(최종),2.67,2026,36,19.39
우송대,철도시스템학부(철도소프트웨어전공),교과,학생부교과(교과면접전형),70%컷(최종),4.86,2026,10,3.33
우송대,철도시스템학부(철도전기시스템전공),교과,학생부교과(교과면접전형),70%컷(최종),4.83,2026,20,3.78
우송대,철도차량시스템학과,교과,학생부교과(교과면접전형),70%컷(최종),3.5,2026,20,11.5
우송대,한식·조리과학전공,교과,학생부교과(교과면접전형),70%컷(최종),4.83,2026,23,8.91
우송대,게임멀티미디어학부(게임그래픽전공),교과,학생부교과(교과면접전형),70%컷(최종),5,2026,8,3.5
우송대,뷰티디자인경영학과,교과,학생부교과(교과면접전형),70%컷(최종),4.83,2026,18,10.21
우송대,스포츠건강재활학과,교과,학생부교과(교과면접전형),70%컷(최종),4.67,2026,38,5.53
우송대,테크노미디어융합학부(미디어디자인·영상전공),교과,학생부교과(교과면접전형),70%컷(최종),5.33,2026,14,4.04
우송대,[유형2] 외식조리자율전공학부,교과,학생부교과(교과면접전형),70%컷(최종),4.17,2026,14,13.79
우송대,[유형2] 철도자율전공학부,교과,학생부교과(교과면접전형),70%컷(최종),3.83,2026,7,6.14
우송대,AI경영학과,교과,학생부교과(교과중심전형),70%컷(최종),5.58,2026,30,5.94
우송대,"글로벌외식,조리경영전공",교과,학생부교과(교과중심전형),70%컷(최종),4.08,2026,13,10.54
우송대,보건의료경영학과,교과,학생부교과(교과중심전형),70%컷(최종),5.08,2026,24,14.2
우송대,사회복지학과,교과,학생부교과(교과중심전형),70%컷(최종),4.5,2026,27,15.5
우송대,솔브릿지경영학부,교과,학생부교과(교과중심전형),70%컷(최종),3.67,2026,10,8
우송대,"외식,조리경영전공",교과,학생부교과(교과중심전형),70%컷(최종),3.67,2026,11,11.27
우송대,유아교육과,교과,학생부교과(교과중심전형),70%컷(최종),4.42,2026,5,10.2
우송대,철도경영학과,교과,학생부교과(교과중심전형),70%컷(최종),3.92,2026,40,6.15
우송대,호텔관광학부(호텔관광경영전공),교과,학생부교과(교과중심전형),70%컷(최종),4.75,2026,31,9.41
우송대,AI·빅데이터학과,교과,학생부교과(교과중심전형),70%컷(최종),6.17,2026,27,4.58
우송대,AI·컴퓨터공학과,교과,학생부교과(교과중심전형),70%컷(최종),5.58,2026,46,7.07
우송대,Lyfe조리전공,교과,학생부교과(교과중심전형),70%컷(최종),3.33,2026,5,7.6
우송대,간호학과,교과,학생부교과(교과중심전형),70%컷(최종),2.21,2026,3,21.33
우송대,건축공학전공,교과,학생부교과(교과중심전형),70%컷(최종),5.17,2026,30,7.04
우송대,게임멀티미디어학부(게임소프트웨어전공),교과,학생부교과(교과중심전형),70%컷(최종),5.17,2026,24,6
우송대,글로벌미디어AI영상학과,교과,학생부교과(교과중심전형),70%컷(최종),4.75,2026,22,11.73
우송대,글로벌조리학부(글로벌조리전공),교과,학생부교과(교과중심전형),70%컷(최종),3.42,2026,5,12
우송대,글로벌철도학과,교과,학생부교과(교과중심전형),70%컷(최종),4.75,2026,17,5.4
우송대,동물관리학부(동물의료관리학과),교과,학생부교과(교과중심전형),70%컷(최종),4.08,2026,10,11.8
우송대,동물관리학부(토탈펫케어학과),교과,학생부교과(교과중심전형),70%컷(최종),5.67,2026,11,8.27
우송대,소방·안전학부(소방방재전공/안전공학전공),교과,학생부교과(교과중심전형),70%컷(최종),4.67,2026,33,12.42
우송대,외식조리영양학과,교과,학생부교과(교과중심전형),70%컷(최종),4.42,2026,19,7.89
우송대,외식조리학부(외식조리전공),교과,학생부교과(교과중심전형),70%컷(최종),2.83,2026,22,13.24
우송대,응급구조학과,교과,학생부교과(교과중심전형),70%컷(최종),4,2026,16,12.56
우송대,재활학부(물리치료학과),교과,학생부교과(교과중심전형),70%컷(최종),2.92,2026,9,12.56
우송대,재활학부(언어치료·청각재활학과),교과,학생부교과(교과중심전형),70%컷(최종),5.5,2026,17,6.24
우송대,재활학부(작업치료학과),교과,학생부교과(교과중심전형),70%컷(최종),3.92,2026,18,10.06
우송대,제과제빵·조리학부(제과제빵·조리전공),교과,학생부교과(교과중심전형),70%컷(최종),2.5,2026,10,22.6
우송대,철도건설시스템학부(철도건설시스템전공),교과,학생부교과(교과중심전형),70%컷(최종),4.58,2026,38,6.58
우송대,철도시스템학부(철도소프트웨어전공),교과,학생부교과(교과중심전형),70%컷(최종),4.58,2026,26,5.54
우송대,철도시스템학부(철도전기시스템전공),교과,학생부교과(교과중심전형),70%컷(최종),4.17,2026,35,6.17
우송대,철도차량시스템학과,교과,학생부교과(교과중심전형),70%컷(최종),3.17,2026,40,6.65
우송대,한식·조리과학전공,교과,학생부교과(교과중심전형),70%컷(최종),3.75,2026,7,13.29
우송대,게임멀티미디어학부(게임그래픽전공),교과,학생부교과(교과중심전형),70%컷(최종),4.92,2026,21,7.19
우송대,뷰티디자인경영학과,교과,학생부교과(교과중심전형),70%컷(최종),3.92,2026,8,15.1
우송대,스포츠건강재활학과,교과,학생부교과(교과중심전형),70%컷(최종),4.08,2026,15,12.4
우송대,테크노미디어융합학부(미디어디자인·영상전공),교과,학생부교과(교과중심전형),70%컷(최종),4.58,2026,32,10.18
우송대,[유형2] 보건복지자율전공학부,교과,학생부교과(교과중심전형),70%컷(최종),5.67,2026,14,5.44
우송대,[유형2] 자유전공학부,교과,학생부교과(교과중심전형),70%컷(최종),4.5,2026,40,12.73
우송대,[유형2] 철도자율전공학부,교과,학생부교과(교과중심전형),70%컷(최종),4.17,2026,27,7.15
우송대,AI경영학과,교과,학생부교과(자기추천전형),70%컷(최종),4.92,2026,5,2.8
우송대,"글로벌외식,조리경영전공",교과,학생부교과(자기추천전형),70%컷(최종),4.17,2026,2,23.5
우송대,사회복지학과,교과,학생부교과(자기추천전형),70%컷(최종),4.83,2026,2,9
우송대,"외식,조리경영전공",교과,학생부교과(자기추천전형),70%컷(최종),3.75,2026,4,8.5
우송대,철도경영학과,교과,학생부교과(자기추천전형),70%컷(최종),4.67,2026,4,8
우송대,호텔관광학부(호텔관광경영전공),교과,학생부교과(자기추천전형),70%컷(최종),4.92,2026,2,7.5
우송대,간호학과,교과,학생부교과(자기추천전형),70%컷(최종),2.75,2026,2,10
우송대,건축공학전공,교과,학생부교과(자기추천전형),70%컷(최종),5.92,2026,2,8
우송대,글로벌조리학부(글로벌조리전공),교과,학생부교과(자기추천전형),70%컷(최종),3.75,2026,4,11.25
우송대,동물관리학부(동물의료관리학과),교과,학생부교과(자기추천전형),70%컷(최종),4.17,2026,2,10.5
우송대,동물관리학부(토탈펫케어학과),교과,학생부교과(자기추천전형),70%컷(최종),5.25,2026,2,5.5
우송대,외식조리학부(외식조리전공),교과,학생부교과(자기추천전형),70%컷(최종),3.5,2026,8,13.63
우송대,응급구조학과,교과,학생부교과(자기추천전형),70%컷(최종),4.33,2026,2,6
우송대,재활학부(물리치료학과),교과,학생부교과(자기추천전형),70%컷(최종),4.33,2026,3,6
우송대,제과제빵·조리학부(제과제빵·조리전공),교과,학생부교과(자기추천전형),70%컷(최종),2.75,2026,5,29.17
우송대,철도건설시스템학부(철도건설시스템전공),교과,학생부교과(자기추천전형),70%컷(최종),5.58,2026,3,6.33
우송대,철도시스템학부(철도소프트웨어전공),교과,학생부교과(자기추천전형),70%컷(최종),4.17,2026,2,6
우송대,철도시스템학부(철도전기시스템전공),교과,학생부교과(자기추천전형),70%컷(최종),4.58,2026,3,7.33
우송대,철도차량시스템학과,교과,학생부교과(자기추천전형),70%컷(최종),3.5,2026,4,11.75
우송대,한식·조리과학전공,교과,학생부교과(자기추천전형),70%컷(최종),3.25,2026,4,11.5
우송대,게임멀티미디어학부(게임그래픽전공),교과,학생부교과(자기추천전형),70%컷(최종),5.58,2026,3,4.33
우송대,스포츠건강재활학과,교과,학생부교과(자기추천전형),70%컷(최종),4.25,2026,4,15.5
우송대,테크노미디어융합학부(미디어디자인·영상전공),교과,학생부교과(자기추천전형),70%컷(최종),4.75,2026,4,8.5
우송대,[유형2] 보건복지자율전공학부,교과,학생부교과(자기추천전형),70%컷(최종),5.5,2026,2,6
우송대,[유형2] 자유전공학부,교과,학생부교과(자기추천전형),70%컷(최종),4.33,2026,5,10.4
우송대,[유형2] 철도자율전공학부,교과,학생부교과(자기추천전형),70%컷(최종),4.08,2026,3,12
우송대,"글로벌외식,조리경영전공",종합,학생부종합(종합면접형전형),평균(최종),4.42,2026,3,14.67
우송대,솔브릿지경영학부,종합,학생부종합(종합면접형전형),평균(최종),6.738611111111108,2025,17,3.76
우송대,"외식,조리경영전공",종합,학생부종합(종합면접형전형),평균(최종),4.42,2026,3,10
우송대,유아교육과,종합,학생부종합(종합면접형전형),평균(최종),5.7762631578947365,2025,5,4.2
우송대,철도경영학과,종합,학생부종합(종합면접형전형),평균(최종),5.91,2026,4,4.4
우송대,Lyfe조리전공,종합,학생부종합(종합면접형전형),평균(최종),4.1522499999999996,2025,5,8.6
우송대,간호학과,종합,학생부종합(종합면접형전형),평균(최종),4.31,2026,14,13.57
우송대,글로벌조리학부(글로벌조리전공),종합,학생부종합(종합면접형전형),평균(최종),4.625,2025,9,8.56
우송대,외식조리영양학과,종합,학생부종합(종합면접형전형),평균(최종),4.300571428571429,2025,3,6.33
우송대,외식조리학부(외식조리전공),종합,학생부종합(종합면접형전형),평균(최종),4.109333333333334,2025,18,11.13
우송대,응급구조학과,종합,학생부종합(종합면접형전형),평균(최종),5.59,2026,4,9.5
우송대,재활학부(물리치료학과),종합,학생부종합(종합면접형전형),평균(최종),4.50,2026,6,17.33
우송대,제과제빵·조리학부(제과제빵·조리전공),종합,학생부종합(종합면접형전형),평균(최종),4.08,2026,15,23.2
우송대,철도시스템학부(철도전기시스템전공),종합,학생부종합(종합면접형전형),평균(최종),5.90,2026,3,5.33
우송대,철도차량시스템학과,종합,학생부종합(종합면접형전형),평균(최종),5.08,2026,3,12.33
우송대,한식·조리과학전공,종합,학생부종합(종합면접형전형),평균(최종),5.14,2026,7,14.29
우송대,뷰티디자인경영학과,종합,학생부종합(종합면접형전형),평균(최종),6.007545454545454,2025,5,9.2
우송대,스포츠건강재활학과,종합,학생부종합(종합면접형전형),평균(최종),5.89,2026,3,10
우송대,[유형2] 외식조리자율전공학부,종합,학생부종합(종합면접형전형),평균(최종),5.02,2026,5,23
우송대,"글로벌외식,조리경영전공",종합,학생부종합(종합서류형전형),평균(최종),5.06,2026,4,14
우송대,사회복지학과,종합,학생부종합(종합서류형전형),평균(최종),5.81,2026,3,14.5
우송대,솔브릿지경영학부,종합,학생부종합(종합서류형전형),평균(최종),6.482948717948718,2025,15,4.87
우송대,"외식,조리경영전공",종합,학생부종합(종합서류형전형),평균(최종),5.06,2026,4,12.25
우송대,유아교육과,종합,학생부종합(종합서류형전형),평균(최종),5.435482758620689,2025,5,10.8
우송대,철도경영학과,종합,학생부종합(종합서류형전형),평균(최종),5.06,2026,4,12.33
우송대,호텔관광학부(호텔관광경영전공),종합,학생부종합(종합서류형전형),평균(최종),5.80,2026,3,8.67
우송대,AI·컴퓨터공학과,종합,학생부종합(종합서류형전형),평균(최종),5.986699999999999,2025,5,3.33
우송대,간호학과,종합,학생부종합(종합서류형전형),평균(최종),3.71,2026,4,29.5
우송대,건축공학전공,종합,학생부종합(종합서류형전형),평균(최종),6.22,2026,5,5.67
우송대,게임멀티미디어학부(게임소프트웨어전공),종합,학생부종합(종합서류형전형),평균(최종),6.68,2026,3,10.33
우송대,글로벌미디어AI영상학과,종합,학생부종합(종합서류형전형),평균(최종),6.2535,2025,5,5.33
우송대,글로벌조리학부(글로벌조리전공),종합,학생부종합(종합서류형전형),평균(최종),3.3801666666666663,2025,5,9.8
우송대,동물관리학부(동물의료관리학과),종합,학생부종합(종합서류형전형),평균(최종),5.48,2026,6,13.5
우송대,동물관리학부(토탈펫케어학과),종합,학생부종합(종합서류형전형),평균(최종),5.38,2026,6,8
우송대,소방·안전학부(소방방재전공/안전공학전공),종합,학생부종합(종합서류형전형),평균(최종),5.95,2026,4,8.5
우송대,외식조리영양학과,종합,학생부종합(종합서류형전형),평균(최종),3.5464285714285717,2025,6,5.17
우송대,외식조리학부(외식조리전공),종합,학생부종합(종합서류형전형),평균(최종),2.4714444444444448,2025,6,15.33
우송대,응급구조학과,종합,학생부종합(종합서류형전형),평균(최종),5.31,2026,5,20.4
우송대,재활학부(물리치료학과),종합,학생부종합(종합서류형전형),평균(최종),3.91,2026,6,21.5
우송대,재활학부(언어치료·청각재활학과),종합,학생부종합(종합서류형전형),평균(최종),5.50,2026,3,5.67
우송대,재활학부(작업치료학과),종합,학생부종합(종합서류형전형),평균(최종),5.91,2026,6,9
우송대,제과제빵·조리학부(제과제빵·조리전공),종합,학생부종합(종합서류형전형),평균(최종),4.26,2026,9,33
우송대,철도건설시스템학부(철도건설시스템전공),종합,학생부종합(종합서류형전형),평균(최종),6.22,2026,6,6.5
우송대,철도시스템학부(철도소프트웨어전공),종합,학생부종합(종합서류형전형),평균(최종),4.85,2026,2,6.5
우송대,철도시스템학부(철도전기시스템전공),종합,학생부종합(종합서류형전형),평균(최종),5.37,2026,6,9
우송대,철도차량시스템학과,종합,학생부종합(종합서류형전형),평균(최종),4.40,2026,6,16.67
우송대,한식·조리과학전공,종합,학생부종합(종합서류형전형),평균(최종),4.89,2026,4,15.5
우송대,게임멀티미디어학부(게임그래픽전공),종합,학생부종합(종합서류형전형),평균(최종),6.04,2026,3,7.33
우송대,뷰티디자인경영학과,종합,학생부종합(종합서류형전형),평균(최종),5.74113043478261,2025,5,9.5
우송대,스포츠건강재활학과,종합,학생부종합(종합서류형전형),평균(최종),5.39,2026,4,14.67
우송대,테크노미디어융합학부(미디어디자인·영상전공),종합,학생부종합(종합서류형전형),평균(최종),6.03,2026,6,11.75
우송대,[유형2] 외식조리자율전공학부,종합,학생부종합(종합서류형전형),평균(최종),4.25,2026,10,26
우송대,AI경영학과,교과,학생부교과(지역인재전형),70%컷(최종),5.17,2026,5,6.4
우송대,"외식,조리경영전공",교과,학생부교과(지역인재전형),70%컷(최종),4.42,2026,3,5.33
우송대,철도경영학과,교과,학생부교과(지역인재전형),70%컷(최종),4.08,2026,3,8.33
우송대,간호학과,교과,학생부교과(지역인재전형),70%컷(최종),3,2026,3,9.33
우송대,게임멀티미디어학부(게임소프트웨어전공),교과,학생부교과(지역인재전형),70%컷(최종),5.83,2026,3,9
우송대,글로벌조리학부(글로벌조리전공),교과,학생부교과(지역인재전형),평균(최종),3.33333333333333,2025,2,6.5
우송대,동물관리학부(동물의료관리학과),교과,학생부교과(지역인재전형),70%컷(최종),3.83,2026,2,15
우송대,동물관리학부(토탈펫케어학과),교과,학생부교과(지역인재전형),70%컷(최종),6.08,2026,2,6.5
우송대,소방·안전학부(소방방재전공/안전공학전공),교과,학생부교과(지역인재전형),70%컷(최종),5.08,2026,5,10
우송대,외식조리영양학과,교과,학생부교과(지역인재전형),평균(최종),5.375,2025,2,9
우송대,외식조리학부(외식조리전공),교과,학생부교과(지역인재전형),70%컷(최종),3.33,2026,5,6.8
우송대,응급구조학과,교과,학생부교과(지역인재전형),70%컷(최종),4.08,2026,3,11.33
우송대,재활학부(물리치료학과),교과,학생부교과(지역인재전형),70%컷(최종),3.92,2026,3,8.67
우송대,제과제빵·조리학부(제과제빵·조리전공),교과,학생부교과(지역인재전형),70%컷(최종),3.25,2026,4,14
우송대,철도차량시스템학과,교과,학생부교과(지역인재전형),70%컷(최종),3.5,2026,3,11.33
우송대,한식·조리과학전공,교과,학생부교과(지역인재전형),70%컷(최종),4.58,2026,3,6.33
우송대,뷰티디자인경영학과,교과,학생부교과(지역인재전형),평균(최종),4.166666666666667,2025,2,9.5
우송대,스포츠건강재활학과,교과,학생부교과(지역인재전형),70%컷(최종),4.75,2026,3,9.33
우송대,[유형2] 보건복지자율전공학부,교과,학생부교과(지역인재전형),70%컷(최종),5.67,2026,2,8.5
우송대,[유형2] 자유전공학부,교과,학생부교과(지역인재전형),70%컷(최종),4.83,2026,5,9
우송대,[유형2] 철도자율전공학부,교과,학생부교과(지역인재전형),70%컷(최종),4.08,2026,3,11
울산대,경영경제융합학부,교과,학생부교과(일반교과전형),70%컷(최종),4.3,2026,98,3.18
울산대,공공인재학부,교과,학생부교과(일반교과전형),70%컷(최종),4.4,2026,78,3
울산대,글로벌인문학부,교과,학생부교과(일반교과전형),70%컷(최종),4.7,2026,46,5.93
울산대,ICT융합학부,교과,학생부교과(일반교과전형),70%컷(최종),4,2026,69,6.33
울산대,간호학과,교과,학생부교과(일반교과전형),70%컷(최종),3.37,2026,20,3.63
울산대,건축·도시환경학부,교과,학생부교과(일반교과전형),70%컷(최종),4.5,2026,43,4.37
울산대,미래모빌리티공학부,교과,학생부교과(일반교과전형),평균(최종),3.31,2026,95,4.1
울산대,바이오메디컬헬스학부,교과,학생부교과(일반교과전형),70%컷(최종),3.7,2026,30,3.5
울산대,신소재·반도체융합학부,교과,학생부교과(일반교과전형),70%컷(최종),3.7,2026,40,5.98
울산대,에너지화학공학부,교과,학생부교과(일반교과전형),70%컷(최종),3.7,2026,38,3
울산대,전기전자융합학부,교과,학생부교과(일반교과전형),70%컷(최종),3.3,2026,57,4.47
울산대,디자인융합학부,교과,학생부교과(일반교과전형),70%컷(최종),4.6,2026,18,5.1
울산대,예술학부(미술),교과,학생부교과(일반교과전형),70%컷(최종),3.7,2026,3,5
울산대,자율전공학부,교과,학생부교과(일반교과전형),70%컷(최종),3.67,2026,20,3.63
울산대,경영경제융합학부,종합,학생부종합(잠재역량특별전형),평균(최종),6.02,2025,46,2.8
울산대,공공인재학부,종합,학생부종합(잠재역량특별전형),평균(최종),5.52,2025,44,3.02
울산대,글로벌인문학부,종합,학생부종합(잠재역량특별전형),평균(최종),6.25,2025,41,2.52
울산대,ICT융합학부,종합,학생부종합(잠재역량특별전형),평균(최종),5.48,2025,56,3.3
울산대,간호학과,종합,학생부종합(잠재역량특별전형),평균(최종),2.65,2025,18,8.8
울산대,건축·도시환경학부,종합,학생부종합(잠재역량특별전형),평균(최종),5.9,2025,34,2.94
울산대,미래모빌리티공학부,종합,학생부종합(잠재역량특별전형),평균(최종),5.11,2025,40,6.79
울산대,바이오메디컬헬스학부,종합,학생부종합(잠재역량특별전형),평균(최종),5.67,2025,21,3.05
울산대,에너지화학공학부,종합,학생부종합(잠재역량특별전형),평균(최종),4.05,2025,26,3.38
울산대,의예과,종합,학생부종합(잠재역량특별전형),평균(최종),1.13,2025,10,19
울산대,전기전자융합학부,종합,학생부종합(잠재역량특별전형),평균(최종),4.9,2025,32,4.8
울산대,디자인융합학부,종합,학생부종합(잠재역량특별전형),평균(최종),5.73,2025,17,2.45
울산대,자율전공학부,종합,학생부종합(잠재역량특별전형),평균(최종),3.19,2025,20,3.17
울산대,경영경제융합학부,교과,학생부교과(지역교과특별전형),70%컷(최종),4.5,2026,65,3.42
울산대,공공인재학부,교과,학생부교과(지역교과특별전형),70%컷(최종),4.3,2026,54,3.77
울산대,글로벌인문학부,교과,학생부교과(지역교과특별전형),70%컷(최종),5.3,2026,68,6.03
울산대,ICT융합학부,교과,학생부교과(지역교과특별전형),70%컷(최종),4.1,2026,67,4.57
울산대,간호학과,교과,학생부교과(지역교과특별전형),70%컷(최종),2.06,2026,10,4.62
울산대,건축·도시환경학부,교과,학생부교과(지역교과특별전형),70%컷(최종),4.5,2026,43,4.65
울산대,미래모빌리티공학부,교과,학생부교과(지역교과특별전형),70%컷(최종),3.6,2026,65,4.17
울산대,바이오메디컬헬스학부,교과,학생부교과(지역교과특별전형),70%컷(최종),4.5,2026,30,4.13
울산대,신소재·반도체융합학부,교과,학생부교과(지역교과특별전형),70%컷(최종),4.1,2026,38,6.57
울산대,에너지화학공학부,교과,학생부교과(지역교과특별전형),70%컷(최종),2.5,2026,26,4.14
울산대,전기전자융합학부,교과,학생부교과(지역교과특별전형),70%컷(최종),3.2,2026,40,3.95
울산대,디자인융합학부,교과,학생부교과(지역교과특별전형),70%컷(최종),4.5,2026,17,5.57
울산대,자율전공학부,교과,학생부교과(지역교과특별전형),70%컷(최종),3.87,2026,20,4.15
울산대,의예과,교과,학생부교과(지역교과특별전형-의예과),70%컷(최종),1.02,2026,10,7.4
울산대,경영경제융합학부,종합,학생부종합(지역인재특별전형),평균(최종),5.48,2025,56,3.4
울산대,공공인재학부,종합,학생부종합(지역인재특별전형),평균(최종),5.1,2025,46,4.09
울산대,글로벌인문학부,종합,학생부종합(지역인재특별전형),평균(최종),5.77,2025,39,4
울산대,ICT융합학부,종합,학생부종합(지역인재특별전형),평균(최종),4.86,2025,45,4.11
울산대,간호학과,종합,학생부종합(지역인재특별전형),평균(최종),2.36,2025,17,8.46
울산대,건축·도시환경학부,종합,학생부종합(지역인재특별전형),평균(최종),5.62,2025,36,3.59
울산대,미래모빌리티공학부,종합,학생부종합(지역인재특별전형),평균(최종),4.84,2025,50,6
울산대,바이오메디컬헬스학부,종합,학생부종합(지역인재특별전형),평균(최종),5.28,2025,23,3.88
울산대,에너지화학공학부,종합,학생부종합(지역인재특별전형),평균(최종),3.66,2025,25,3.3
울산대,의예과,종합,학생부종합(지역인재특별전형),평균(최종),1.27,2025,13,12.85
울산대,전기전자융합학부,종합,학생부종합(지역인재특별전형),평균(최종),4.41,2025,35,4
울산대,디자인융합학부,종합,학생부종합(지역인재특별전형),평균(최종),5.23,2025,14,4.75
울산대,자율전공학부,종합,학생부종합(지역인재특별전형),평균(최종),2.85,2025,40,3.8
원광대,가정교육과,교과,학생부교과(일반),70%컷(최종),3.85,2026,10,5.3
원광대,경영계열,교과,학생부교과(일반),70%컷(최종),5.54,2026,80,4.03
원광대,경제금융·회계세무계열,교과,학생부교과(일반),70%컷(최종),6.23,2026,40,2.13
원광대,경찰·공공행정계열,교과,학생부교과(일반),70%컷(최종),3.78,2026,30,7.33
원광대,국어교육과,교과,학생부교과(일반),70%컷(최종),3.56,2026,13,6.15
원광대,보건행정학과,교과,학생부교과(일반),70%컷(최종),4.65,2026,33,4.15
원광대,부사관과(2년제),교과,학생부교과(일반),70%컷(최종),6.55,2026,30,1.6
원광대,사회복지학과,교과,학생부교과(일반),70%컷(최종),5.52,2026,47,3.02
원광대,역사교육과,교과,학생부교과(일반),70%컷(최종),3.58,2026,8,3.63
원광대,영어교육과,교과,학생부교과(일반),70%컷(최종),3.45,2026,13,4.62
원광대,외식조리과(2년제),교과,학생부교과(일반),70%컷(최종),6.24,2026,30,3.1
원광대,유아교육과,교과,학생부교과(일반),70%컷(최종),4.53,2026,42,2.86
원광대,의료상담학과,교과,학생부교과(일반),70%컷(최종),5.1,2026,20,2.6
원광대,일어교육과,교과,학생부교과(일반),70%컷(최종),3.98,2026,13,3.62
원광대,중등특수교육과,교과,학생부교과(일반),70%컷(최종),4.55,2026,11,6.55
원광대,창의문화융합계열,교과,학생부교과(일반),70%컷(최종),5.53,2026,75,2.97
원광대,한문교육과,교과,학생부교과(일반),70%컷(최종),3.94,2026,13,3.23
원광대,호텔관광과(2년제),교과,학생부교과(일반),70%컷(최종),6.85,2026,15,1.47
원광대,간호학과,교과,학생부교과(일반),70%컷(최종),3.29,2026,60,7.9
원광대,건축학과(5년제),교과,학생부교과(일반),70%컷(최종),4.09,2026,16,5.06
원광대,공학1계열,교과,학생부교과(일반),70%컷(최종),6.09,2026,80,1.85
원광대,공학2계열,교과,학생부교과(일반),70%컷(최종),5.92,2026,180,2.23
원광대,국방기술학과,교과,학생부교과(일반),70%컷(최종),5.4,2026,20,2.85
원광대,그린바이오계열,교과,학생부교과(일반),70%컷(최종),6.13,2026,44,1.5
원광대,동물보건학과,교과,학생부교과(일반),70%컷(최종),4.38,2026,30,5.07
원광대,물리치료학과,교과,학생부교과(일반),70%컷(최종),3.43,2026,27,9.3
원광대,반려동물산업학과,교과,학생부교과(일반),70%컷(최종),4.88,2026,34,3.37
원광대,방사선학과,교과,학생부교과(일반),70%컷(최종),3.55,2026,40,10.05
원광대,소방행정·방재계열,교과,학생부교과(일반),70%컷(최종),4.23,2026,30,3.67
원광대,수학교육과,교과,학생부교과(일반),70%컷(최종),4.6,2026,13,3.54
원광대,스마트농업계열,교과,학생부교과(일반),70%컷(최종),5.99,2026,65,1.82
원광대,식품영양학과,교과,학생부교과(일반),70%컷(최종),5.38,2026,35,2.49
원광대,안경광학과,교과,학생부교과(일반),70%컷(최종),5.56,2026,15,2.67
원광대,안전보건학과,교과,학생부교과(일반),70%컷(최종),5.48,2026,21,3.1
원광대,언어재활학과,교과,학생부교과(일반),70%컷(최종),6.47,2026,28,1.61
원광대,응급구조학과,교과,학생부교과(일반),70%컷(최종),4.47,2026,21,4.52
원광대,의생명공학계열,교과,학생부교과(일반),70%컷(최종),5.47,2026,45,1.64
원광대,임상병리학과,교과,학생부교과(일반),70%컷(최종),4.17,2026,45,4.18
원광대,작업치료학과,교과,학생부교과(일반),70%컷(최종),4.81,2026,17,3.76
원광대,치기공학과,교과,학생부교과(일반),70%컷(최종),5.76,2026,33,2.55
원광대,치위생학과,교과,학생부교과(일반),70%컷(최종),4.38,2026,45,5.36
원광대,푸드테크계열,교과,학생부교과(일반),70%컷(최종),6.04,2026,42,1.33
원광대,디자인융합계열,교과,학생부교과(일반),70%컷(최종),6.06,2026,61,1.61
원광대,미용피부관리과(2년제),교과,학생부교과(일반),70%컷(최종),6.46,2026,30,2.47
원광대,뷰티디자인학과,교과,학생부교과(일반),70%컷(최종),5.63,2026,30,4.7
원광대,자율전공학부,교과,학생부교과(일반),70%컷(최종),5.1,2026,87,4.53
원광대,가정교육과,종합,학생부종합,70%컷(최종),5.65,2026,13,4.62
원광대,경영계열,종합,학생부종합,70%컷(최종),6.19,2026,30,4.63
원광대,경제금융·회계세무계열,종합,학생부종합,70%컷(최종),6.96,2026,20,3.6
원광대,경찰·공공행정계열,종합,학생부종합,70%컷(최종),4.23,2026,30,10.77
원광대,국어교육과,종합,학생부종합,70%컷(최종),4.5,2026,10,6.3
원광대,보건행정학과,종합,학생부종합,70%컷(최종),5.35,2026,17,6.29
원광대,사회복지학과,종합,학생부종합,70%컷(최종),6.2,2026,26,4.62
원광대,역사교육과,종합,학생부종합,70%컷(최종),4.19,2026,15,7.2
원광대,영어교육과,종합,학생부종합,70%컷(최종),4.75,2026,10,4.5
원광대,원불교학과,종합,학생부종합,70%컷(최종),4.76,2026,13,0.31
원광대,유아교육과,종합,학생부종합,70%컷(최종),5.82,2026,24,4.33
원광대,의료상담학과,종합,학생부종합,70%컷(최종),6.19,2026,10,3.8
원광대,일어교육과,종합,학생부종합,70%컷(최종),4.83,2026,10,7.1
원광대,중등특수교육과,종합,학생부종합,70%컷(최종),5.92,2026,12,2.33
원광대,창의문화융합계열,종합,학생부종합,70%컷(최종),6.36,2026,32,3.75
원광대,치의예과(인문),종합,학생부종합,70%컷(최종),1.17,2026,2,19.5
원광대,한문교육과,종합,학생부종합,70%컷(최종),5.48,2026,10,2.9
원광대,한의예과(인문),종합,학생부종합,70%컷(최종),1.36,2026,4,20.25
원광대,간호학과,종합,학생부종합,70%컷(최종),3.59,2026,41,14.54
원광대,건축학과(5년제),종합,학생부종합,70%컷(최종),5.54,2026,9,6.44
원광대,공학1계열,종합,학생부종합,70%컷(최종),6.37,2026,30,2.4
원광대,공학2계열,종합,학생부종합,70%컷(최종),6.17,2026,50,3.82
원광대,국방기술학과,종합,학생부종합,70%컷(최종),6.17,2026,10,3.7
원광대,그린바이오계열,종합,학생부종합,70%컷(최종),5.67,2026,21,2.1
원광대,동물보건학과,종합,학생부종합,70%컷(최종),6.02,2026,22,4.14
원광대,물리치료학과,종합,학생부종합,70%컷(최종),4.49,2026,10,21.3
원광대,반려동물산업학과,종합,학생부종합,70%컷(최종),5.69,2026,15,6
원광대,방사선학과,종합,학생부종합,70%컷(최종),4.88,2026,15,13.2
원광대,소방행정·방재계열,종합,학생부종합,70%컷(최종),5.19,2026,12,8.17
원광대,수학교육과,종합,학생부종합,70%컷(최종),5.2,2026,10,4
원광대,스마트농업계열,종합,학생부종합,70%컷(최종),6.17,2026,30,3.37
원광대,식품영양학과,종합,학생부종합,70%컷(최종),5.55,2026,15,4.33
원광대,안전보건학과,종합,학생부종합,70%컷(최종),5.42,2026,6,6.17
원광대,약학과,종합,학생부종합,70%컷(최종),1.38,2026,5,14.4
원광대,언어재활학과,종합,학생부종합,70%컷(최종),5.93,2026,12,1.92
원광대,응급구조학과,종합,학생부종합,70%컷(최종),5.2,2026,13,8.92
원광대,의생명공학계열,종합,학생부종합,70%컷(최종),5.43,2026,15,2.53
원광대,의예과,종합,학생부종합,70%컷(최종),1.17,2026,10,11.7
원광대,임상병리학과,종합,학생부종합,70%컷(최종),4.93,2026,10,9.5
원광대,작업치료학과,종합,학생부종합,70%컷(최종),5.16,2026,15,8.47
원광대,치위생학과,종합,학생부종합,70%컷(최종),5.66,2026,15,8.53
원광대,치의예과(자연),종합,학생부종합,70%컷(최종),1.32,2026,4,13.38
원광대,푸드테크계열,종합,학생부종합,70%컷(최종),6.59,2026,18,2.22
원광대,한약학과,종합,학생부종합,70%컷(최종),2.27,2026,12,12.75
원광대,한의예과(자연),종합,학생부종합,70%컷(최종),1.47,2026,8,15.75
원광대,디자인융합계열,종합,학생부종합,70%컷(최종),5.99,2026,27,4.26
원광대,뷰티디자인학과,종합,학생부종합,70%컷(최종),6.14,2026,10,11.3
원광대,스포츠과학부,종합,학생부종합,70%컷(최종),5.42,2026,5,13.2
원광대,자율전공학부,종합,학생부종합,70%컷(최종),6.23,2026,60,5.13
원광대,경찰·공공행정계열,교과,학생부교과(지역인재교과-전북),70%컷(최종),3.56,2026,20,4.9
원광대,간호학과,교과,학생부교과(지역인재교과-전북),70%컷(최종),3.15,2026,75,7.55
원광대,물리치료학과,교과,학생부교과(지역인재교과-전북),70%컷(최종),3.93,2026,20,7.75
원광대,방사선학과,교과,학생부교과(지역인재교과-전북),70%컷(최종),4.13,2026,36,4.53
원광대,의예과,교과,학생부교과(지역인재교과-전북),70%컷(최종),1.21,2026,17,10.82
원광대,경찰·공공행정계열,교과,학생부교과(지역인재교과-호남),70%컷(최종),3.78,2026,10,4.5
원광대,간호학과,교과,학생부교과(지역인재교과-호남),70%컷(최종),3.4,2026,47,6.64
원광대,물리치료학과,교과,학생부교과(지역인재교과-호남),70%컷(최종),4.04,2026,10,7
원광대,방사선학과,교과,학생부교과(지역인재교과-호남),70%컷(최종),4.4,2026,15,4.2
원광대,소방행정·방재계열,교과,학생부교과(지역인재교과-호남),70%컷(최종),5.07,2026,5,3.6
원광대,안경광학과,교과,학생부교과(지역인재교과-호남),70%컷(최종),6.59,2026,15,1.13
원광대,의예과,교과,학생부교과(지역인재교과-호남),70%컷(최종),1.38,2026,10,9.5
원광대,임상병리학과,교과,학생부교과(지역인재교과-호남),70%컷(최종),4.55,2026,45,3.62
원광대,작업치료학과,교과,학생부교과(지역인재교과-호남),70%컷(최종),5.14,2026,15,3.47
원광대,치기공학과,교과,학생부교과(지역인재교과-호남),70%컷(최종),6.11,2026,27,1.59
원광대,치위생학과,교과,학생부교과(지역인재교과-호남),70%컷(최종),4.64,2026,40,4.38
원광대,한의예과(인문),종합,학생부종합(지역인재종합(전북)),70%컷(최종),1.64,2026,10,5.2
원광대,간호학과,종합,학생부종합(지역인재종합(전북)),70%컷(최종),3.99,2026,50,8.52
원광대,약학과,종합,학생부종합(지역인재종합(전북)),70%컷(최종),1.65,2026,21,7.1
원광대,의예과,종합,학생부종합(지역인재종합(전북)),70%컷(최종),1.36,2026,30,10
원광대,한의예과(인문),종합,학생부종합(지역인재종합(호남)),70%컷(최종),1.77,2026,6,6.5
원광대,간호학과,종합,학생부종합(지역인재종합(호남)),70%컷(최종),4.04,2026,22,10.18
원광대,동물보건학과,종합,학생부종합(지역인재종합(호남)),70%컷(최종),5.61,2026,8,4.25
원광대,소방행정·방재계열,종합,학생부종합(지역인재종합(호남)),70%컷(최종),5.04,2026,8,4.25
원광대,약학과,종합,학생부종합(지역인재종합(호남)),70%컷(최종),1.6,2026,12,9.75
원광대,응급구조학과,종합,학생부종합(지역인재종합(호남)),70%컷(최종),5.29,2026,13,8.15
원광대,의생명공학계열,종합,학생부종합(지역인재종합(호남)),70%컷(최종),5.02,2026,15,1.67
원광대,의예과,종합,학생부종합(지역인재종합(호남)),70%컷(최종),1.27,2026,15,7.81
원광대,한약학과,종합,학생부종합(지역인재종합(호남)),70%컷(최종),2.18,2026,23,5.52
위덕대,경영학과,교과,학생부교과(면접전형),70%컷(최종),6.5,2026,5,
위덕대,사회복지학과,교과,학생부교과(면접전형),70%컷(최종),7.46,2026,12,
위덕대,유아교육과,교과,학생부교과(면접전형),70%컷(최종),7.69,2026,14,
위덕대,특수교육학부,교과,학생부교과(면접전형),70%컷(최종),6.47,2026,15,
위덕대,특수교육학부,교과,학생부교과(면접전형),70%컷(최종),6.26,2026,13,
위덕대,물리치료학과,교과,학생부교과(면접전형),70%컷(최종),7.11,2026,30,
위덕대,반려동물산업학과,교과,학생부교과(면접전형),70%컷(최종),6.76,2026,10,
위덕대,외식제과제빵창업학과,교과,학생부교과(면접전형),70%컷(최종),7.18,2026,17,
위덕대,전력시스템공학과,교과,학생부교과(면접전형),70%컷(최종),8.24,2026,7,
위덕대,체육학부,교과,학생부교과(면접전형),70%컷(최종),7.93,2026,27,
위덕대,경영학과,교과,학생부교과(일반전형),70%컷(최종),5.98,2026,4,
위덕대,불교문화학과,교과,학생부교과(일반전형),70%컷(최종),5.16,2026,24,
위덕대,사회복지학과,교과,학생부교과(일반전형),70%컷(최종),7.9,2026,7,
위덕대,유아교육과,교과,학생부교과(일반전형),70%컷(최종),6.76,2026,10,
위덕대,특수교육학부,교과,학생부교과(일반전형),70%컷(최종),5.67,2026,3,
위덕대,특수교육학부,교과,학생부교과(일반전형),70%컷(최종),4.85,2026,5,
위덕대,간호학과,교과,학생부교과(일반전형),70%컷(최종),6.37,2026,86,
위덕대,물리치료학과,교과,학생부교과(일반전형),70%컷(최종),6.92,2026,5,
위덕대,반려동물산업학과,교과,학생부교과(일반전형),70%컷(최종),7.42,2026,14,
위덕대,외식제과제빵창업학과,교과,학생부교과(일반전형),70%컷(최종),6.78,2026,7,
위덕대,전력시스템공학과,교과,학생부교과(일반전형),70%컷(최종),7.61,2026,7,
위덕대,체육학부(야),교과,학생부교과(일반전형),70%컷(최종),7.42,2026,9,
위덕대,간호학과,교과,학생부교과(지역인재특별전형),70%컷(최종),6.5,2026,35,
유원대,경찰·소방행정학부,교과,학생부교과(유원교과전형),70%컷(최종),5.1,2026,20,
유원대,문화복지융합학부,교과,학생부교과(유원교과전형),70%컷(최종),9,2026,20,
유원대,미디어콘텐츠학과,교과,학생부교과(유원교과전형),70%컷(최종),5.5,2026,19,
유원대,사회복지학부,교과,학생부교과(유원교과전형),70%컷(최종),9,2026,50,
유원대,중등특수교육과,교과,학생부교과(유원교과전형),70%컷(최종),4.9,2026,29,
유원대,초등특수교육과,교과,학생부교과(유원교과전형),70%컷(최종),4.5,2026,29,
유원대,호텔조리베이커리학과,교과,학생부교과(유원교과전형),70%컷(최종),4.7,2026,7,
유원대,AI소프트웨어학과,교과,학생부교과(유원교과전형),70%컷(최종),5.6,2026,19,
유원대,드론로봇응용학과,교과,학생부교과(유원교과전형),70%컷(최종),4.7,2026,19,
유원대,미래자동차학과,교과,학생부교과(유원교과전형),70%컷(최종),5.6,2026,19,
유원대,산업안전보건학과,교과,학생부교과(유원교과전형),70%컷(최종),6.5,2026,19,
유원대,스마트팜학과,교과,학생부교과(유원교과전형),70%컷(최종),5.3,2026,10,
유원대,응급구조학과,교과,학생부교과(유원교과전형),70%컷(최종),4.6,2026,26,
유원대,작업치료학과,교과,학생부교과(유원교과전형),70%컷(최종),5.2,2026,49,
유원대,치위생학과,교과,학생부교과(유원교과전형),70%컷(최종),4,2026,20,
유원대,자율설계학부,교과,학생부교과(유원교과전형),70%컷(최종),6.5,2026,71,
유원대,창의설계학부,교과,학생부교과(유원교과전형),70%컷(최종),5.5,2026,32,
유원대,경찰·소방행정학부,교과,학생부교과(유원면접전형),70%컷(최종),9,2026,19,
유원대,호텔조리베이커리학과,교과,학생부교과(유원면접전형),70%컷(최종),9,2026,22,
유원대,간호학과,교과,학생부교과(유원면접전형),70%컷(최종),5.6,2026,53,
유원대,물리치료학과,교과,학생부교과(유원면접전형),70%컷(최종),9,2026,23,
유원대,치위생학과,교과,학생부교과(유원면접전형),70%컷(최종),9,2026,9,
유원대,뷰티케어학과,교과,학생부교과(유원면접전형),70%컷(최종),9,2026,39,
유원대,창의설계학부,교과,학생부교과(유원면접전형),70%컷(최종),9,2026,29,
유원대,간호학과,교과,학생부교과(지역인재Ⅰ전형),70%컷(최종),6,2026,30,
을지대(대전),의예과,교과,학생부교과(지역균형전형)(학교장추천),70%컷(최종),1.06,2026,5,16.4
을지대(대전),의예과,교과,학생부교과(지역의료인재일반형),70%컷(최종),1.31,2026,26,14.21
을지대(성남),인문사회계열학부,논술,논술(논술우수자전형),평균(최종),5.19,2025,35,9.97
을지대(성남),간호학과,논술,논술(논술우수자전형),평균(최종),3.67,2025,12,51.5
을지대(성남),물리치료학과,논술,논술(논술우수자전형),평균(최종),3.9,2025,12,31.67
을지대(성남),방사선학과,논술,논술(논술우수자전형),평균(최종),3.92,2025,10,37.8
을지대(성남),안경광학과,논술,논술(논술우수자전형),평균(최종),4.75,2025,8,9.88
을지대(성남),응급구조학과,논술,논술(논술우수자전형),평균(최종),4.63,2025,5,29.2
을지대(성남),의료경영학과,논술,논술(논술우수자전형),평균(최종),5.26,2025,11,15.09
을지대(성남),임상병리학과,논술,논술(논술우수자전형),평균(최종),4.15,2025,12,24.25
을지대(성남),자연계열학부,논술,논술(논술우수자전형),평균(최종),5.17,2025,35,9.14
을지대(성남),치위생학과,논술,논술(논술우수자전형),평균(최종),4.52,2025,8,18.5
을지대(성남),인문사회계열학부,교과,학생부교과(지역균형전형)(학교장추천),70%컷(최종),3.67,2026,20,14.85
을지대(성남),간호학과,교과,학생부교과(지역균형전형)(학교장추천),70%컷(최종),2.33,2026,11,7
을지대(성남),물리치료학과,교과,학생부교과(지역균형전형)(학교장추천),70%컷(최종),2.59,2026,7,8.57
을지대(성남),방사선학과,교과,학생부교과(지역균형전형)(학교장추천),70%컷(최종),2.26,2026,6,11.17
을지대(성남),안경광학과,교과,학생부교과(지역균형전형)(학교장추천),70%컷(최종),4.77,2024,3,7.67
을지대(성남),응급구조학과,교과,학생부교과(지역균형전형)(학교장추천),70%컷(최종),2.99,2024,2,14
을지대(성남),의료경영학과,교과,학생부교과(지역균형전형)(학교장추천),70%컷(최종),3.3,2026,7,9.86
을지대(성남),임상병리학과,교과,학생부교과(지역균형전형)(학교장추천),70%컷(최종),2.67,2026,9,7.89
을지대(성남),자연계열학부,교과,학생부교과(지역균형전형)(학교장추천),70%컷(최종),3.55,2026,23,6.87
을지대(성남),치위생학과,교과,학생부교과(지역균형전형)(학교장추천),70%컷(최종),3.07,2024,3,8.67
을지대(성남),인문사회계열학부,종합,학생부종합(EU면접형),70%컷(최종),4.37,2026,25,10.72
을지대(성남),간호학과,종합,학생부종합(EU면접형),70%컷(최종),3.16,2026,8,22.5
을지대(성남),물리치료학과,종합,학생부종합(EU면접형),70%컷(최종),3.46,2026,9,18.22
을지대(성남),방사선학과,종합,학생부종합(EU면접형),70%컷(최종),3.42,2026,8,18.88
을지대(성남),안경광학과,종합,학생부종합(EU면접형),70%컷(최종),4.68,2026,4,16.75
을지대(성남),응급구조학과,종합,학생부종합(EU면접형),70%컷(최종),3.94,2026,5,20.4
을지대(성남),의료경영학과,종합,학생부종합(EU면접형),70%컷(최종),3.81,2025,4,10.25
을지대(성남),임상병리학과,종합,학생부종합(EU면접형),70%컷(최종),3.39,2026,9,14.57
을지대(성남),자연계열학부,종합,학생부종합(EU면접형),70%컷(최종),4.6,2026,26,7.92
을지대(성남),치위생학과,종합,학생부종합(EU면접형),70%컷(최종),3.88,2026,10,14.2
을지대(성남),인문사회계열학부,종합,학생부종합(EU서류형),70%컷(최종),4.25,2026,17,14.59
을지대(성남),간호학과,종합,학생부종합(EU서류형),70%컷(최종),2.72,2026,8,14.38
을지대(성남),물리치료학과,종합,학생부종합(EU서류형),70%컷(최종),3.02,2026,7,23
을지대(성남),방사선학과,종합,학생부종합(EU서류형),70%컷(최종),2.8,2026,8,14.25
을지대(성남),안경광학과,종합,학생부종합(EU서류형),70%컷(최종),4.27,2026,4,16.25
을지대(성남),응급구조학과,종합,학생부종합(EU서류형),70%컷(최종),3.33,2026,5,19.6
을지대(성남),의료경영학과,종합,학생부종합(EU서류형),70%컷(최종),3.93,2026,4,9.75
을지대(성남),임상병리학과,종합,학생부종합(EU서류형),70%컷(최종),3.16,2026,5,16
을지대(성남),자연계열학부,종합,학생부종합(EU서류형),70%컷(최종),3.93,2026,27,7.56
을지대(성남),치위생학과,종합,학생부종합(EU서류형),70%컷(최종),3.9,2026,4,21
을지대(의정부),[유형1] 자유전공학부(의정부),논술,논술(논술우수자전형),평균(최종),5.5,2025,29,8.03
을지대(의정부),간호학과(의정부),논술,논술(논술우수자전형),평균(최종),3.66,2025,15,38.07
을지대(의정부),[유형1] 자유전공학부(의정부),교과,학생부교과(지역균형전형)(학교장추천),70%컷(최종),3.92,2026,19,18.32
을지대(의정부),간호학과(의정부),교과,학생부교과(지역균형전형)(학교장추천),70%컷(최종),2.33,2026,12,5.25
을지대(의정부),임상병리학과(의정부),교과,학생부교과(지역균형전형)(학교장추천),70%컷(최종),2.33,2026,2,6.5
을지대(의정부),간호학과(의정부),종합,학생부종합(EU면접형),70%컷(최종),3.16,2026,7,24.14
을지대(의정부),임상병리학과(의정부),종합,학생부종합(EU면접형),70%컷(최종),3.39,2026,4,18.75
을지대(의정부),간호학과(의정부),종합,학생부종합(EU서류형),70%컷(최종),2.72,2026,6,12.5
을지대(의정부),임상병리학과(의정부),종합,학생부종합(EU서류형),70%컷(최종),2.72,2026,3,14
이화여대,인공지능데이터사이언스학부,논술,논술(논술전형),,2025 통합 모집,2024,4,36.75
이화여대,경영학부,교과,학생부교과(고교추천전형),70%컷(최종),1.58,2026,18,7.94
이화여대,경제학과,교과,학생부교과(고교추천전형),70%컷(최종),1.61,2026,11,8.91
이화여대,교육공학과,교과,학생부교과(고교추천전형),70%컷(최종),2.09,2026,5,9.8
이화여대,교육학과,교과,학생부교과(고교추천전형),70%컷(최종),1.69,2026,6,7.17
이화여대,국어교육과,교과,학생부교과(고교추천전형),70%컷(최종),1.54,2026,5,5.4
이화여대,국어국문학과,교과,학생부교과(고교추천전형),70%컷(최종),1.69,2026,10,9.7
이화여대,국제사무학과,교과,학생부교과(고교추천전형),70%컷(최종),1.72,2026,5,10.8
이화여대,사회과교육과 사회교육전공,교과,학생부교과(고교추천전형),70%컷(최종),2.28,2026,5,5.6
이화여대,사회과교육과 역사교육전공,교과,학생부교과(고교추천전형),70%컷(최종),1.84,2026,5,4.4
이화여대,사회과교육과 지리교육전공,교과,학생부교과(고교추천전형),70%컷(최종),1.81,2026,5,8.2
이화여대,사회학과,교과,학생부교과(고교추천전형),70%컷(최종),1.67,2026,8,9.88
이화여대,심리학과,교과,학생부교과(고교추천전형),70%컷(최종),1.69,2026,11,5.91
이화여대,영어교육과,교과,학생부교과(고교추천전형),70%컷(최종),1.76,2026,5,6.6
이화여대,영어영문학부,교과,학생부교과(고교추천전형),70%컷(최종),1.58,2026,9,5.33
이화여대,유아교육과,교과,학생부교과(고교추천전형),70%컷(최종),1.83,2026,6,10.17
이화여대,의류산업학과,교과,학생부교과(고교추천전형),70%컷(최종),1.64,2026,9,8
이화여대,정치외교학과,교과,학생부교과(고교추천전형),70%컷(최종),1.81,2026,11,7
이화여대,중어중문학과,교과,학생부교과(고교추천전형),70%컷(최종),1.67,2026,8,9.88
이화여대,초등교육과,교과,학생부교과(고교추천전형),70%컷(최종),1.51,2026,9,4.89
이화여대,커뮤니케이션·미디어학부,교과,학생부교과(고교추천전형),70%컷(최종),1.63,2026,15,6.8
이화여대,특수교육과,교과,학생부교과(고교추천전형),70%컷(최종),1.78,2026,9,5.67
이화여대,행정학과,교과,학생부교과(고교추천전형),70%컷(최종),1.63,2026,10,9.6
이화여대,간호학부,교과,학생부교과(고교추천전형),70%컷(최종),1.46,2026,16,5.38
이화여대,건축도시시스템공학과,교과,학생부교과(고교추천전형),70%컷(최종),1.63,2026,7,9.43
이화여대,건축학과,교과,학생부교과(고교추천전형),70%컷(최종),1.68,2026,6,6.5
이화여대,과학교육과,교과,학생부교과(고교추천전형),70%컷(최종),1.6,2026,16,4.94
이화여대,기후에너지시스템공학과,교과,학생부교과(고교추천전형),70%컷(최종),1.56,2026,8,8.38
이화여대,사이버보안학과,교과,학생부교과(고교추천전형),70%컷(최종),1.51,2026,6,10.17
이화여대,생명과학과,교과,학생부교과(고교추천전형),70%컷(최종),1.97,2026,10,4.6
이화여대,수학과,교과,학생부교과(고교추천전형),70%컷(최종),1.61,2026,10,7.3
이화여대,수학교육과,교과,학생부교과(고교추천전형),70%컷(최종),1.45,2026,5,4.2
이화여대,식품생명공학과,교과,학생부교과(고교추천전형),70%컷(최종),1.4,2026,9,8.67
이화여대,식품영양학과,교과,학생부교과(고교추천전형),70%컷(최종),1.65,2026,6,6.33
이화여대,융합전자반도체공학부 전자전기공학전공,교과,학생부교과(고교추천전형),70%컷(최종),1.49,2026,16,9.31
이화여대,융합전자반도체공학부 지능형반도체공학전공,교과,학생부교과(고교추천전형),70%컷(최종),1.46,2026,6,8.5
이화여대,인공지능데이터사이언스학부,교과,학생부교과(고교추천전형),70%컷(최종),1.44,2026,9,5.78
이화여대,컴퓨터공학과,교과,학생부교과(고교추천전형),70%컷(최종),1.6,2026,14,9.07
이화여대,통계학과,교과,학생부교과(고교추천전형),70%컷(최종),1.49,2026,8,9.88
이화여대,화공신소재공학과,교과,학생부교과(고교추천전형),70%컷(최종),1.37,2026,13,5.69
이화여대,화학·나노과학과,교과,학생부교과(고교추천전형),70%컷(최종),1.4,2026,10,8.2
이화여대,환경공학과,교과,학생부교과(고교추천전형),70%컷(최종),1.52,2026,5,8.8
이화여대,휴먼기계바이오공학과,교과,학생부교과(고교추천전형),70%컷(최종),1.5,2026,12,5.92
이화여대,경영학부,종합,학생부종합(미래인재전형-면접형),70%컷(최종),2.16,2026,6,18.17
이화여대,경제학과,종합,학생부종합(미래인재전형-면접형),70%컷(최종),3.66,2026,3,13.67
이화여대,국어국문학과,종합,학생부종합(미래인재전형-면접형),70%컷(최종),2.39,2026,4,15.5
이화여대,국제사무학과,종합,학생부종합(미래인재전형-면접형),70%컷(최종),2.27,2026,3,15.67
이화여대,국제학부,종합,학생부종합(미래인재전형-면접형),70%컷(최종),3.6,2026,43,14.3
이화여대,기독교학과,종합,학생부종합(미래인재전형-면접형),70%컷(최종),2.65,2026,6,16.83
이화여대,독어독문학과,종합,학생부종합(미래인재전형-면접형),70%컷(최종),4.6,2026,7,11.86
이화여대,불어불문학과,종합,학생부종합(미래인재전형-면접형),70%컷(최종),4.14,2026,10,11.6
이화여대,사학과,종합,학생부종합(미래인재전형-면접형),70%컷(최종),2.24,2026,3,13
이화여대,영어영문학부,종합,학생부종합(미래인재전형-면접형),70%컷(최종),3.86,2026,5,15
이화여대,의류산업학과,종합,학생부종합(미래인재전형-면접형),70%컷(최종),2.52,2026,3,18
이화여대,중어중문학과,종합,학생부종합(미래인재전형-면접형),70%컷(최종),4.32,2026,5,17
이화여대,간호학부,종합,학생부종합(미래인재전형-면접형),70%컷(최종),1.79,2026,9,15.78
이화여대,과학교육과,종합,학생부종합(미래인재전형-면접형),70%컷(최종),1.95,2026,5,21.4
이화여대,사이버보안학과,종합,학생부종합(미래인재전형-면접형),70%컷(최종),2.07,2026,3,11
이화여대,생명과학과,종합,학생부종합(미래인재전형-면접형),70%컷(최종),1.83,2026,7,24.14
이화여대,수학교육과,종합,학생부종합(미래인재전형-면접형),70%컷(최종),1.88,2026,3,9.33
이화여대,식품영양학과,종합,학생부종합(미래인재전형-면접형),70%컷(최종),1.94,2026,5,19.6
이화여대,약학부 미래산업약학전공,종합,학생부종합(미래인재전형-면접형),70%컷(최종),2.9,2026,11,20.9
이화여대,약학부 약학전공,종합,학생부종합(미래인재전형-면접형),70%컷(최종),1.26,2026,12,20.11
이화여대,융합전자반도체공학부 지능형반도체공학전공,종합,학생부종합(미래인재전형-면접형),70%컷(최종),2.02,2026,3,12.33
이화여대,의예과,종합,학생부종합(미래인재전형-면접형),70%컷(최종),1.06,2026,9,24.89
이화여대,인공지능데이터사이언스학부,종합,학생부종합(미래인재전형-면접형),70%컷(최종),1.93,2026,12,14.25
이화여대,컴퓨터공학과,종합,학생부종합(미래인재전형-면접형),70%컷(최종),2.11,2026,3,12.33
이화여대,통계학과,종합,학생부종합(미래인재전형-면접형),70%컷(최종),2.1,2026,3,17.67
이화여대,화공신소재공학과,종합,학생부종합(미래인재전형-면접형),70%컷(최종),1.88,2026,4,18.5
이화여대,화학·나노과학과,종합,학생부종합(미래인재전형-면접형),70%컷(최종),5.23,2026,7,20.43
이화여대,환경공학과,종합,학생부종합(미래인재전형-면접형),70%컷(최종),2.01,2026,3,23.67
이화여대,휴먼기계바이오공학과,종합,학생부종합(미래인재전형-면접형),70%컷(최종),1.87,2026,3,16.67
이화여대,스크랜튼학부,종합,학생부종합(미래인재전형-면접형),70%컷(최종),1.97,2026,6,29
이화여대,경영학부,종합,학생부종합(미래인재전형-서류형),70%컷(최종),2.16,2026,40,7
이화여대,경제학과,종합,학생부종합(미래인재전형-서류형),70%컷(최종),3.66,2026,22,5.95
이화여대,교육공학과,종합,학생부종합(미래인재전형-서류형),70%컷(최종),2.17,2026,10,7.9
이화여대,교육학과,종합,학생부종합(미래인재전형-서류형),70%컷(최종),1.94,2026,7,7.71
이화여대,국어교육과,종합,학생부종합(미래인재전형-서류형),70%컷(최종),1.89,2026,8,8.75
이화여대,국어국문학과,종합,학생부종합(미래인재전형-서류형),70%컷(최종),2.39,2026,33,6.12
이화여대,국제사무학과,종합,학생부종합(미래인재전형-서류형),70%컷(최종),2.27,2026,6,10.5
이화여대,국제학부,종합,학생부종합(미래인재전형-서류형),70%컷(최종),3.6,2026,11,11.45
이화여대,기독교학과,종합,학생부종합(미래인재전형-서류형),70%컷(최종),2.65,2026,5,11.4
이화여대,독어독문학과,종합,학생부종합(미래인재전형-서류형),70%컷(최종),4.6,2026,13,6.92
이화여대,문헌정보학과,종합,학생부종합(미래인재전형-서류형),70%컷(최종),2.18,2026,11,7.55
이화여대,불어불문학과,종합,학생부종합(미래인재전형-서류형),70%컷(최종),4.14,2026,21,6.05
이화여대,사학과,종합,학생부종합(미래인재전형-서류형),70%컷(최종),2.24,2026,15,6
이화여대,사회과교육과 사회교육전공,종합,학생부종합(미래인재전형-서류형),70%컷(최종),2.15,2026,6,6.83
이화여대,사회과교육과 역사교육전공,종합,학생부종합(미래인재전형-서류형),70%컷(최종),2.26,2026,6,7
이화여대,사회과교육과 지리교육전공,종합,학생부종합(미래인재전형-서류형),70%컷(최종),2.33,2026,6,5.83
이화여대,사회복지학과,종합,학생부종합(미래인재전형-서류형),70%컷(최종),2.18,2026,11,7.18
이화여대,사회학과,종합,학생부종합(미래인재전형-서류형),70%컷(최종),2.05,2026,10,9.2
이화여대,소비자학과,종합,학생부종합(미래인재전형-서류형),70%컷(최종),2.13,2026,11,8.09
이화여대,심리학과,종합,학생부종합(미래인재전형-서류형),70%컷(최종),2.08,2026,12,8.42
이화여대,영어교육과,종합,학생부종합(미래인재전형-서류형),70%컷(최종),1.93,2026,12,5.75
이화여대,영어영문학부,종합,학생부종합(미래인재전형-서류형),70%컷(최종),3.86,2026,49,7.86
이화여대,유아교육과,종합,학생부종합(미래인재전형-서류형),70%컷(최종),2.26,2026,6,6.5
이화여대,융합콘텐츠학과,종합,학생부종합(미래인재전형-서류형),70%컷(최종),3.79,2026,13,12.69
이화여대,의류산업학과,종합,학생부종합(미래인재전형-서류형),70%컷(최종),2.52,2026,15,7.8
이화여대,정치외교학과,종합,학생부종합(미래인재전형-서류형),70%컷(최종),2,2026,12,7.42
이화여대,중어중문학과,종합,학생부종합(미래인재전형-서류형),70%컷(최종),4.32,2026,35,6.51
이화여대,철학과,종합,학생부종합(미래인재전형-서류형),70%컷(최종),2.28,2026,16,6.63
이화여대,초등교육과,종합,학생부종합(미래인재전형-서류형),70%컷(최종),2,2026,12,18.5
이화여대,커뮤니케이션·미디어학부,종합,학생부종합(미래인재전형-서류형),70%컷(최종),2.07,2026,35,7.31
이화여대,특수교육과,종합,학생부종합(미래인재전형-서류형),70%컷(최종),2.49,2026,9,7
이화여대,행정학과,종합,학생부종합(미래인재전형-서류형),70%컷(최종),2.02,2026,12,6.58
이화여대,간호학부,종합,학생부종합(미래인재전형-서류형),70%컷(최종),1.79,2026,16,10.13
이화여대,건축도시시스템공학과,종합,학생부종합(미래인재전형-서류형),70%컷(최종),2.12,2026,14,9.07
이화여대,건축학과,종합,학생부종합(미래인재전형-서류형),70%컷(최종),2.19,2026,11,6.64
이화여대,과학교육과,종합,학생부종합(미래인재전형-서류형),70%컷(최종),1.95,2026,19,7.26
이화여대,기후에너지시스템공학과,종합,학생부종합(미래인재전형-서류형),70%컷(최종),2.06,2026,17,8.71
이화여대,뇌·인지과학부,종합,학생부종합(미래인재전형-서류형),70%컷(최종),1.97,2025,7,11.71
이화여대,물리학과,종합,학생부종합(미래인재전형-서류형),70%컷(최종),2.2,2026,15,8.53
이화여대,사이버보안학과,종합,학생부종합(미래인재전형-서류형),70%컷(최종),2.07,2026,12,5.92
이화여대,생명과학과,종합,학생부종합(미래인재전형-서류형),70%컷(최종),1.83,2026,27,8.67
이화여대,수학과,종합,학생부종합(미래인재전형-서류형),70%컷(최종),2.13,2026,15,6.27
이화여대,수학교육과,종합,학생부종합(미래인재전형-서류형),70%컷(최종),1.88,2026,4,6.8
이화여대,식품생명공학과,종합,학생부종합(미래인재전형-서류형),70%컷(최종),1.84,2026,11,9.91
이화여대,식품영양학과,종합,학생부종합(미래인재전형-서류형),70%컷(최종),1.94,2026,16,9.56
이화여대,약학부 약학전공,종합,학생부종합(미래인재전형-서류형),70%컷(최종),1.26,2026,9,45
이화여대,융합보건학과,종합,학생부종합(미래인재전형-서류형),70%컷(최종),1.84,2026,15,7.87
이화여대,융합전자반도체공학부 전자전기공학전공,종합,학생부종합(미래인재전형-서류형),70%컷(최종),1.92,2026,24,6.08
이화여대,융합전자반도체공학부 지능형반도체공학전공,종합,학생부종합(미래인재전형-서류형),70%컷(최종),2.02,2026,7,7.57
이화여대,의예과,종합,학생부종합(미래인재전형-서류형),70%컷(최종),1.06,2026,9,16.67
이화여대,인공지능데이터사이언스학부,종합,학생부종합(미래인재전형-서류형),70%컷(최종),1.93,2026,13,6.36
이화여대,컴퓨터공학과,종합,학생부종합(미래인재전형-서류형),70%컷(최종),2.11,2026,25,5.08
이화여대,통계학과,종합,학생부종합(미래인재전형-서류형),70%컷(최종),2.1,2026,18,6.78
이화여대,화공신소재공학과,종합,학생부종합(미래인재전형-서류형),70%컷(최종),1.88,2026,20,7.35
이화여대,화학·나노과학과,종합,학생부종합(미래인재전형-서류형),70%컷(최종),2.06,2026,27,9.15
이화여대,환경공학과,종합,학생부종합(미래인재전형-서류형),70%컷(최종),2.01,2026,19,8.84
이화여대,휴먼기계바이오공학과,종합,학생부종합(미래인재전형-서류형),70%컷(최종),1.87,2026,28,5.75
이화여대,스크랜튼학부,종합,학생부종합(미래인재전형-서류형),70%컷(최종),1.97,2026,21,27.95
인제대,유아교육과,교과,학생부교과(면접전형),70%컷(최종),4.9,2026,10,3.36
인제대,특수교육과,교과,학생부교과(면접전형),70%컷(최종),3.6,2026,12,2.67
인제대,글로컬리더스학부(이공계열),교과,학생부교과(면접전형),70%컷(최종),4.2,2026,8,2.13
인제대,물리치료학과,교과,학생부교과(면접전형),70%컷(최종),3.1,2026,18,9.44
인제대,반려동물보건학과,교과,학생부교과(면접전형),70%컷(최종),4.6,2026,13,3.42
인제대,방사선학과,교과,학생부교과(면접전형),70%컷(최종),2.72,2026,15,9.41
인제대,임상병리학과,교과,학생부교과(면접전형),70%컷(최종),2.8,2026,22,4.73
인제대,작업치료학과,교과,학생부교과(면접전형),70%컷(최종),4.09,2026,15,6.6
인제대,[유형1] 자유전공학부,교과,학생부교과(면접전형),70%컷(최종),5.7,2026,5,4.2
인제대,[유형2] 경영계열,교과,학생부교과(면접전형),70%컷(최종),2.4,2026,5,2.4
인제대,[유형2] 사회과학계열,교과,학생부교과(면접전형),70%컷(최종),5.5,2026,32,2.03
인제대,[유형2] 혁신신약·제약공학계열,교과,학생부교과(면접전형),70%컷(최종),4.8,2026,20,1.6
인제대,약학과,교과,학생부교과(의예·약학전형),70%컷(최종),1.42,2026,8,6
인제대,의예과,교과,학생부교과(의예·약학전형),70%컷(최종),1.13,2026,25,5.52
인제대,유아교육과,교과,학생부교과(학생부교과전형),70%컷(최종),4.1,2026,11,10.2
인제대,특수교육과,교과,학생부교과(학생부교과전형),70%컷(최종),4,2026,12,3.92
인제대,간호학과,교과,학생부교과(학생부교과전형),70%컷(최종),1.7,2026,64,5.3
인제대,물리치료학과,교과,학생부교과(학생부교과전형),70%컷(최종),2.5,2026,20,4.25
인제대,반려동물보건학과,교과,학생부교과(학생부교과전형),70%컷(최종),3.7,2026,23,6.95
인제대,방사선학과,교과,학생부교과(학생부교과전형),70%컷(최종),2.2,2026,12,10.8
인제대,융합기술공학과,교과,학생부교과(학생부교과전형),70%컷(최종),6.9,2026,10,
인제대,임상병리학과,교과,학생부교과(학생부교과전형),70%컷(최종),2.4,2026,20,7.5
인제대,작업치료학과,교과,학생부교과(학생부교과전형),70%컷(최종),3.2,2026,20,8.95
인제대,[유형1] 자유전공학부,교과,학생부교과(학생부교과전형),70%컷(최종),5,2026,30,4.2
인제대,[유형2] 경영계열,교과,학생부교과(학생부교과전형),70%컷(최종),5.4,2026,50,3.02
인제대,[유형2] 공학·건축계열,교과,학생부교과(학생부교과전형),70%컷(최종),5.8,2026,113,2.13
인제대,[유형2] 미디어·콘텐츠계열,교과,학생부교과(학생부교과전형),70%컷(최종),5.4,2026,85,4.05
인제대,[유형2] 사회과학계열,교과,학생부교과(학생부교과전형),70%컷(최종),4.7,2026,69,4.6
인제대,[유형2] 의생명보건·의료공학계열,교과,학생부교과(학생부교과전형),70%컷(최종),5.8,2026,153,4.29
인제대,[유형2] 컴퓨터·AI·게임·스마트물류계열,교과,학생부교과(학생부교과전형),70%컷(최종),5.1,2026,52,2.22
인제대,[유형2] 혁신신약·제약공학계열,교과,학생부교과(학생부교과전형),70%컷(최종),5.8,2026,45,2.2
인제대,간호학과,교과,학생부교과(지역인재Ⅰ전형),70%컷(최종),2,2026,25,12.32
인제대,방사선학과,교과,학생부교과(지역인재Ⅰ전형),70%컷(최종),1.1,2026,1,14
인제대,약학과,교과,학생부교과(지역인재Ⅰ전형),70%컷(최종),1.27,2026,6,8.83
인제대,의예과,교과,학생부교과(지역인재Ⅰ전형),70%컷(최종),1.18,2026,31,4.97
인제대,작업치료학과,교과,학생부교과(지역인재Ⅰ전형),70%컷(최종),3.8,2026,4,3.75
인제대,반려동물보건학과,교과,학생부교과(지역인재Ⅱ전형),70%컷(최종),4,2026,4,7.67
인제대,약학과,교과,학생부교과(지역인재Ⅱ전형),70%컷(최종),1.22,2026,5,14
인제대,[유형2] 경영계열,교과,학생부교과(지역인재Ⅱ전형),70%컷(최종),5.3,2026,2,4
인제대,[유형2] 공학·건축계열,교과,학생부교과(지역인재Ⅱ전형),70%컷(최종),5.5,2026,20,1.75
인제대,[유형2] 미디어·콘텐츠계열,교과,학생부교과(지역인재Ⅱ전형),70%컷(최종),5.3,2026,15,2.67
인제대,[유형2] 사회과학계열,교과,학생부교과(지역인재Ⅱ전형),70%컷(최종),5.2,2026,48,2.98
인제대,[유형2] 의생명보건·의료공학계열,교과,학생부교과(지역인재Ⅱ전형),70%컷(최종),5.5,2026,30,2.9
인제대,[유형2] 컴퓨터·AI·게임·스마트물류계열,교과,학생부교과(지역인재Ⅱ전형),70%컷(최종),5.4,2026,30,1.9
인제대,[유형2] 혁신신약·제약공학계열,교과,학생부교과(지역인재Ⅱ전형),70%컷(최종),5.5,2026,30,1.8
인천가톨릭대,문화콘텐츠학과,교과,학생부교과(ICCU미래인재전형),70%컷(최종),4.34,2026,12,3.25
인천가톨릭대,[유형1] 자유전공,교과,학생부교과(ICCU미래인재전형),70%컷(최종),3.14,2026,27,4.07
인천가톨릭대,간호학과,교과,학생부교과(학교생활우수자전형),70%컷(최종),2.35,2026,22,7.5
인천대,[유형1] 자유전공학부(인문),교과,학생부교과(교과성적우수자전형),70%컷(최종),3.1,2026,35,8.51
인천대,Global Trade & Service학부,교과,학생부교과(교과성적우수자전형),70%컷(최종),2.89,2026,20,7.7
인천대,경영학부,교과,학생부교과(교과성적우수자전형),70%컷(최종),2.67,2026,19,9.42
인천대,경제학과,교과,학생부교과(교과성적우수자전형),70%컷(최종),2.88,2026,13,7.92
인천대,국어교육과,교과,학생부교과(교과성적우수자전형),70%컷(최종),2.32,2026,3,13.67
인천대,국어국문학과,교과,학생부교과(교과성적우수자전형),70%컷(최종),3.1,2026,4,9.25
인천대,데이터과학과,교과,학생부교과(교과성적우수자전형),70%컷(최종),2.83,2026,3,9.67
인천대,도시행정학과,교과,학생부교과(교과성적우수자전형),70%컷(최종),2.98,2026,3,29.67
인천대,독어독문학과,교과,학생부교과(교과성적우수자전형),70%컷(최종),3.05,2026,5,12.8
인천대,동북아국제통상물류학부,교과,학생부교과(교과성적우수자전형),70%컷(최종),2.58,2026,13,7.08
인천대,문헌정보학과,교과,학생부교과(교과성적우수자전형),70%컷(최종),3.24,2026,3,13.67
인천대,미디어커뮤니케이션학과,교과,학생부교과(교과성적우수자전형),70%컷(최종),3.24,2026,3,11.33
인천대,법학부,교과,학생부교과(교과성적우수자전형),70%컷(최종),2.96,2026,11,7.36
인천대,불어불문학과,교과,학생부교과(교과성적우수자전형),70%컷(최종),3.05,2026,5,12.8
인천대,사회복지학과,교과,학생부교과(교과성적우수자전형),70%컷(최종),2.98,2026,3,13
인천대,세무회계학과,교과,학생부교과(교과성적우수자전형),70%컷(최종),3.24,2026,3,10.33
인천대,소비자학과,교과,학생부교과(교과성적우수자전형),70%컷(최종),2.73,2026,4,8.25
인천대,역사교육과,교과,학생부교과(교과성적우수자전형),70%컷(최종),2.99,2026,2,12.5
인천대,영어교육과,교과,학생부교과(교과성적우수자전형),70%컷(최종),2.21,2026,3,15.33
인천대,영어영문학과,교과,학생부교과(교과성적우수자전형),70%컷(최종),3.24,2026,9,8.22
인천대,유아교육과,교과,학생부교과(교과성적우수자전형),70%컷(최종),3.08,2026,4,19.5
인천대,윤리교육과,교과,학생부교과(교과성적우수자전형),70%컷(최종),2.24,2026,2,13
인천대,일본지역문화학과,교과,학생부교과(교과성적우수자전형),70%컷(최종),3.24,2026,4,13.75
인천대,일어교육과,교과,학생부교과(교과성적우수자전형),70%컷(최종),2.77,2026,3,57.67
인천대,정치외교학과,교과,학생부교과(교과성적우수자전형),70%컷(최종),3.07,2026,3,20.67
인천대,중어중국학과,교과,학생부교과(교과성적우수자전형),70%컷(최종),3.06,2026,9,12.78
인천대,창의인재개발학과,교과,학생부교과(교과성적우수자전형),70%컷(최종),3.24,2026,3,9
인천대,행정학과,교과,학생부교과(교과성적우수자전형),70%컷(최종),2.97,2026,4,12
인천대,[유형1] 자유전공학부(자연),교과,학생부교과(교과성적우수자전형),70%컷(최종),2.81,2026,53,7.08
인천대,건설환경공학전공,교과,학생부교과(교과성적우수자전형),70%컷(최종),3.02,2026,10,8
인천대,기계공학과,교과,학생부교과(교과성적우수자전형),70%컷(최종),2.76,2026,20,12.25
인천대,나노바이오공학전공,교과,학생부교과(교과성적우수자전형),70%컷(최종),2.66,2026,5,7.6
인천대,도시건축학부,교과,학생부교과(교과성적우수자전형),70%컷(최종),2.97,2026,14,9.71
인천대,도시공학과,교과,학생부교과(교과성적우수자전형),70%컷(최종),2.84,2026,3,19.33
인천대,물리학과,교과,학생부교과(교과성적우수자전형),70%컷(최종),2.94,2026,7,11.14
인천대,바이오-로봇시스템공학과,교과,학생부교과(교과성적우수자전형),70%컷(최종),3,2026,5,39
인천대,분자의생명전공,교과,학생부교과(교과성적우수자전형),70%컷(최종),2.82,2026,3,8.67
인천대,산업경영공학과,교과,학생부교과(교과성적우수자전형),70%컷(최종),2.82,2026,13,13
인천대,생명공학부,교과,학생부교과(교과성적우수자전형),70%컷(최종),2.36,2026,6,8.83
인천대,생명과학부,교과,학생부교과(교과성적우수자전형),70%컷(최종),2.57,2026,4,9.75
인천대,수학과,교과,학생부교과(교과성적우수자전형),70%컷(최종),2.81,2026,4,9.25
인천대,수학교육과,교과,학생부교과(교과성적우수자전형),70%컷(최종),2.36,2026,3,14
인천대,신소재공학과,교과,학생부교과(교과성적우수자전형),70%컷(최종),2.66,2026,4,10
인천대,안전공학과,교과,학생부교과(교과성적우수자전형),70%컷(최종),3.02,2026,4,11.5
인천대,에너지화학공학과,교과,학생부교과(교과성적우수자전형),70%컷(최종),2.38,2026,5,9.6
인천대,인공지능정보통신공학부,교과,학생부교과(교과성적우수자전형),70%컷(최종),3.01,2026,15,8.6
인천대,전기공학과,교과,학생부교과(교과성적우수자전형),70%컷(최종),2.78,2026,12,7.25
인천대,전자공학부,교과,학생부교과(교과성적우수자전형),70%컷(최종),2.65,2026,19,6.74
인천대,컴퓨터공학부,교과,학생부교과(교과성적우수자전형),70%컷(최종),2.93,2026,18,6.17
인천대,패션산업학과,교과,학생부교과(교과성적우수자전형),70%컷(최종),3.08,2026,4,8.75
인천대,해양학과,교과,학생부교과(교과성적우수자전형),70%컷(최종),2.98,2026,4,8.5
인천대,화학과,교과,학생부교과(교과성적우수자전형),70%컷(최종),2.7,2026,7,14.57
인천대,환경공학전공,교과,학생부교과(교과성적우수자전형),70%컷(최종),2.86,2026,5,8
인천대,디자인학부,교과,학생부교과(교과성적우수자전형),70%컷(최종),3.74,2026,9,5.56
인천대,[유형1] 자유전공학부(인문),교과,학생부교과(지역균형전형),70%컷(최종),2.9,2026,26,8.73
인천대,Global Trade & Service학부,교과,학생부교과(지역균형전형),70%컷(최종),2.75,2026,10,7.7
인천대,경영학부,교과,학생부교과(지역균형전형),70%컷(최종),2.8,2026,9,5.67
인천대,경제학과,교과,학생부교과(지역균형전형),70%컷(최종),2.69,2026,8,7.75
인천대,국어국문학과,교과,학생부교과(지역균형전형),70%컷(최종),2.9,2026,3,6
인천대,데이터과학과,교과,학생부교과(지역균형전형),70%컷(최종),2.7,2026,3,12.67
인천대,도시행정학과,교과,학생부교과(지역균형전형),70%컷(최종),2.85,2026,3,6
인천대,독어독문학과,교과,학생부교과(지역균형전형),70%컷(최종),2.99,2026,4,6.25
인천대,문헌정보학과,교과,학생부교과(지역균형전형),70%컷(최종),3.17,2026,3,8.33
인천대,미디어커뮤니케이션학과,교과,학생부교과(지역균형전형),70%컷(최종),2.69,2026,3,7.33
인천대,법학부,교과,학생부교과(지역균형전형),70%컷(최종),2.89,2026,7,5
인천대,불어불문학과,교과,학생부교과(지역균형전형),70%컷(최종),3.08,2026,4,5
인천대,사회복지학과,교과,학생부교과(지역균형전형),70%컷(최종),3.14,2026,3,5.67
인천대,세무회계학과,교과,학생부교과(지역균형전형),70%컷(최종),2.5,2026,3,5.33
인천대,소비자학과,교과,학생부교과(지역균형전형),70%컷(최종),3.02,2026,4,7.5
인천대,영어영문학과,교과,학생부교과(지역균형전형),70%컷(최종),3.21,2026,5,6.2
인천대,일본지역문화학과,교과,학생부교과(지역균형전형),70%컷(최종),3.26,2026,4,5
인천대,정치외교학과,교과,학생부교과(지역균형전형),70%컷(최종),2.78,2026,3,8
인천대,중어중국학과,교과,학생부교과(지역균형전형),70%컷(최종),3.08,2026,5,6.4
인천대,창의인재개발학과,교과,학생부교과(지역균형전형),70%컷(최종),2.76,2026,3,17.33
인천대,행정학과,교과,학생부교과(지역균형전형),70%컷(최종),2.72,2026,4,11
인천대,[유형1] 자유전공학부(자연),교과,학생부교과(지역균형전형),70%컷(최종),2.64,2026,38,6.13
인천대,건설환경공학전공,교과,학생부교과(지역균형전형),70%컷(최종),2.99,2026,6,4
인천대,기계공학과,교과,학생부교과(지역균형전형),70%컷(최종),2.76,2026,12,4.33
인천대,나노바이오공학전공,교과,학생부교과(지역균형전형),70%컷(최종),2.3,2026,3,6.33
인천대,도시건축학부,교과,학생부교과(지역균형전형),70%컷(최종),2.86,2026,9,4.11
인천대,도시공학과,교과,학생부교과(지역균형전형),70%컷(최종),2.88,2026,4,4.25
인천대,물리학과,교과,학생부교과(지역균형전형),70%컷(최종),3.02,2026,6,5.17
인천대,바이오-로봇시스템공학과,교과,학생부교과(지역균형전형),70%컷(최종),2.79,2026,5,5.4
인천대,분자의생명전공,교과,학생부교과(지역균형전형),70%컷(최종),2.82,2026,3,7.67
인천대,산업경영공학과,교과,학생부교과(지역균형전형),70%컷(최종),2.94,2026,8,3.5
인천대,생명공학부,교과,학생부교과(지역균형전형),70%컷(최종),2.52,2026,3,8.67
인천대,생명과학부,교과,학생부교과(지역균형전형),70%컷(최종),2.77,2026,3,6
인천대,수학과,교과,학생부교과(지역균형전형),70%컷(최종),2.64,2026,4,4.5
인천대,신소재공학과,교과,학생부교과(지역균형전형),70%컷(최종),2.87,2026,4,6.5
인천대,안전공학과,교과,학생부교과(지역균형전형),70%컷(최종),2.93,2026,4,12.5
인천대,에너지화학공학과,교과,학생부교과(지역균형전형),70%컷(최종),2.92,2026,5,5
인천대,인공지능정보통신공학부,교과,학생부교과(지역균형전형),70%컷(최종),2.93,2026,9,4.56
인천대,전기공학과,교과,학생부교과(지역균형전형),70%컷(최종),2.61,2026,8,5.13
인천대,전자공학부,교과,학생부교과(지역균형전형),70%컷(최종),2.58,2026,11,6.09
인천대,컴퓨터공학부,교과,학생부교과(지역균형전형),70%컷(최종),3.46,2026,11,3.36
인천대,패션산업학과,교과,학생부교과(지역균형전형),70%컷(최종),2.97,2026,4,8
인천대,해양학과,교과,학생부교과(지역균형전형),70%컷(최종),2.68,2026,3,5.33
인천대,화학과,교과,학생부교과(지역균형전형),70%컷(최종),3.32,2026,6,6
인천대,환경공학전공,교과,학생부교과(지역균형전형),70%컷(최종),3.75,2026,3,4
인천대,Global Trade & Service학부,종합,학생부종합(자기추천전형),70%컷(최종),3.69,2026,24,11.21
인천대,경영학부,종합,학생부종합(자기추천전형),70%컷(최종),3.3,2026,24,17.13
인천대,경제학과,종합,학생부종합(자기추천전형),70%컷(최종),3.56,2026,19,9.42
인천대,국어교육과,종합,학생부종합(자기추천전형),70%컷(최종),2.91,2026,6,12.67
인천대,국어국문학과,종합,학생부종합(자기추천전형),70%컷(최종),3.65,2026,10,9.7
인천대,데이터과학과,종합,학생부종합(자기추천전형),평균(최종),3.36,2026,6,7.33
인천대,도시행정학과,종합,학생부종합(자기추천전형),70%컷(최종),3.42,2026,10,11
인천대,독어독문학과,종합,학생부종합(자기추천전형),70%컷(최종),5.97,2026,11,12.09
인천대,동북아국제통상물류학부,종합,학생부종합(자기추천전형),70%컷(최종),3.49,2026,14,8.57
인천대,동북아국제통상물류학부,종합,학생부종합(자기추천전형),70%컷(최종),3.27,2026,3,8.67
인천대,문헌정보학과,종합,학생부종합(자기추천전형),70%컷(최종),3.5,2026,10,12.1
인천대,미디어커뮤니케이션학과,종합,학생부종합(자기추천전형),70%컷(최종),3,2026,10,24.2
인천대,법학부,종합,학생부종합(자기추천전형),70%컷(최종),3.34,2026,17,8.53
인천대,불어불문학과,종합,학생부종합(자기추천전형),70%컷(최종),4.23,2026,11,7.64
인천대,사회복지학과,종합,학생부종합(자기추천전형),70%컷(최종),3.45,2026,10,17.1
인천대,세무회계학과,종합,학생부종합(자기추천전형),70%컷(최종),3.8,2026,10,6.9
인천대,소비자학과,종합,학생부종합(자기추천전형),70%컷(최종),3.61,2026,13,9.23
인천대,역사교육과,종합,학생부종합(자기추천전형),70%컷(최종),2.76,2026,5,10.8
인천대,영어교육과,종합,학생부종합(자기추천전형),70%컷(최종),2.84,2026,6,8.83
인천대,영어영문학과,종합,학생부종합(자기추천전형),70%컷(최종),3.82,2026,16,11.25
인천대,유아교육과,종합,학생부종합(자기추천전형),70%컷(최종),3.66,2026,8,16.75
인천대,윤리교육과,종합,학생부종합(자기추천전형),70%컷(최종),2.83,2026,5,10.8
인천대,일본지역문화학과,종합,학생부종합(자기추천전형),70%컷(최종),3.71,2026,11,11.09
인천대,일어교육과,종합,학생부종합(자기추천전형),70%컷(최종),3.68,2026,6,8.83
인천대,정치외교학과,종합,학생부종합(자기추천전형),70%컷(최종),3.15,2026,10,12.9
인천대,중어중국학과,종합,학생부종합(자기추천전형),70%컷(최종),4.28,2026,16,8.25
인천대,창의인재개발학과,종합,학생부종합(자기추천전형),70%컷(최종),3.48,2026,10,8
인천대,행정학과,종합,학생부종합(자기추천전형),70%컷(최종),3.36,2026,11,8.27
인천대,건설환경공학전공,종합,학생부종합(자기추천전형),70%컷(최종),4.16,2026,15,19.38
인천대,기계공학과,종합,학생부종합(자기추천전형),70%컷(최종),3.4,2026,31,9.87
인천대,나노바이오공학전공,종합,학생부종합(자기추천전형),70%컷(최종),3.15,2026,8,7.5
인천대,도시건축학부,종합,학생부종합(자기추천전형),70%컷(최종),3.32,2026,23,8.61
인천대,도시공학과,종합,학생부종합(자기추천전형),70%컷(최종),3.92,2026,13,12.23
인천대,물리학과,종합,학생부종합(자기추천전형),70%컷(최종),3.66,2026,14,8.21
인천대,바이오-로봇시스템공학과,종합,학생부종합(자기추천전형),70%컷(최종),3.49,2026,13,7.54
인천대,분자의생명전공,종합,학생부종합(자기추천전형),70%컷(최종),2.92,2026,9,9.56
인천대,산업경영공학과,종합,학생부종합(자기추천전형),70%컷(최종),3.41,2026,17,6.18
인천대,생명공학부,종합,학생부종합(자기추천전형),70%컷(최종),2.78,2026,10,11.9
인천대,생명과학부,종합,학생부종합(자기추천전형),70%컷(최종),3.03,2026,9,9.89
인천대,수학과,종합,학생부종합(자기추천전형),70%컷(최종),3.72,2026,13,8.31
인천대,수학교육과,종합,학생부종합(자기추천전형),70%컷(최종),2.96,2026,7,9.71
인천대,신소재공학과,종합,학생부종합(자기추천전형),70%컷(최종),3.31,2026,13,9.38
인천대,안전공학과,종합,학생부종합(자기추천전형),70%컷(최종),3.68,2026,13,6.69
인천대,에너지화학공학과,종합,학생부종합(자기추천전형),70%컷(최종),3.41,2026,13,10.23
인천대,인공지능정보통신공학부,종합,학생부종합(자기추천전형),평균(최종),3.36,2026,21,6.48
인천대,전기공학과,종합,학생부종합(자기추천전형),70%컷(최종),3.46,2026,21,6.52
인천대,전자공학부,종합,학생부종합(자기추천전형),70%컷(최종),3.44,2026,28,7.57
인천대,컴퓨터공학부,종합,학생부종합(자기추천전형),70%컷(최종),3.18,2026,29,6.14
인천대,패션산업학과,종합,학생부종합(자기추천전형),70%컷(최종),3.51,2026,13,12.69
인천대,해양학과,종합,학생부종합(자기추천전형),70%컷(최종),3.64,2026,10,11.6
인천대,화학과,종합,학생부종합(자기추천전형),70%컷(최종),3.2,2026,14,10.71
인천대,환경공학전공,종합,학생부종합(자기추천전형),70%컷(최종),3.49,2026,8,19.38
인하대,영미유럽인문융합학부,논술,논술(논술우수자),,2025 통합 모집,2024,14,38.15
인하대,전기전자공학부,논술,논술(논술우수자),,2025 통합 모집,2024,34,24.59
인하대,경영학부(경영학과),교과,학생부교과(지역균형),70%컷(최종),2.26,2026,15,6.35
인하대,경영학부(파이낸스경영학과),교과,학생부교과(지역균형),70%컷(최종),2.36,2026,4,10.75
인하대,경제학과,교과,학생부교과(지역균형),70%컷(최종),2.22,2026,10,9.25
인하대,교육학과,교과,학생부교과(지역균형),70%컷(최종),2.28,2026,5,5.4
인하대,국어교육과,교과,학생부교과(지역균형),70%컷(최종),2.3,2026,5,7.8
인하대,국제통상학과,교과,학생부교과(지역균형),70%컷(최종),2.14,2026,8,8.57
인하대,문화콘텐츠문화경영학과,교과,학생부교과(지역균형),70%컷(최종),2.26,2026,9,7.44
인하대,미디어커뮤니케이션학과,교과,학생부교과(지역균형),70%컷(최종),2.15,2026,7,6.67
인하대,사학과,교과,학생부교과(지역균형),70%컷(최종),2.39,2026,5,6.5
인하대,사회교육과,교과,학생부교과(지역균형),70%컷(최종),2.2,2026,5,4.8
인하대,사회복지학과,교과,학생부교과(지역균형),70%컷(최종),2.36,2026,4,15
인하대,소비자학과,교과,학생부교과(지역균형),70%컷(최종),2.25,2026,5,18.75
인하대,아동심리학과,교과,학생부교과(지역균형),70%컷(최종),2.38,2026,5,7
인하대,아태물류학부,교과,학생부교과(지역균형),70%컷(최종),2.03,2026,9,6.43
인하대,영미유럽인문융합학부,교과,학생부교과(지역균형),70%컷(최종),2.38,2026,9,8.1
인하대,영어교육과,교과,학생부교과(지역균형),70%컷(최종),2.23,2026,5,6.6
인하대,일본언어문화학과,교과,학생부교과(지역균형),70%컷(최종),2.49,2026,8,6.43
인하대,정치외교학과,교과,학생부교과(지역균형),70%컷(최종),2.35,2026,8,6.86
인하대,중국학과,교과,학생부교과(지역균형),70%컷(최종),2.52,2026,10,9.5
인하대,철학과,교과,학생부교과(지역균형),70%컷(최종),2.24,2026,5,8.25
인하대,한국어문학과,교과,학생부교과(지역균형),70%컷(최종),2.46,2026,7,8.6
인하대,행정학과,교과,학생부교과(지역균형),70%컷(최종),2.29,2026,10,9.89
인하대,간호학과,교과,학생부교과(지역균형),70%컷(최종),1.91,2026,17,7
인하대,건축학부,교과,학생부교과(지역균형),70%컷(최종),2.31,2026,9,8.75
인하대,고분자공학과,교과,학생부교과(지역균형),70%컷(최종),2.09,2026,5,9.25
인하대,공간정보공학과,교과,학생부교과(지역균형),70%컷(최종),2.19,2026,4,10
인하대,기계공학과,교과,학생부교과(지역균형),70%컷(최종),2.08,2026,17,12
인하대,데이터사이언스학과,교과,학생부교과(지역균형),70%컷(최종),2.48,2026,6,6.5
인하대,물리학과,교과,학생부교과(지역균형),70%컷(최종),2.33,2026,9,8.4
인하대,반도체시스템공학과,교과,학생부교과(지역균형),70%컷(최종),2.13,2026,8,8.4
인하대,사회인프라공학과,교과,학생부교과(지역균형),70%컷(최종),2.26,2026,8,14.71
인하대,산업경영공학과,교과,학생부교과(지역균형),70%컷(최종),2.23,2026,6,9.83
인하대,생명공학과,교과,학생부교과(지역균형),70%컷(최종),1.79,2026,5,6
인하대,생명과학과,교과,학생부교과(지역균형),70%컷(최종),1.82,2026,4,6
인하대,수학과,교과,학생부교과(지역균형),70%컷(최종),2.24,2026,5,10.6
인하대,수학교육과,교과,학생부교과(지역균형),70%컷(최종),1.95,2026,4,5.25
인하대,스마트모빌리티공학과,교과,학생부교과(지역균형),70%컷(최종),2.36,2026,5,8
인하대,식품영양학과,교과,학생부교과(지역균형),70%컷(최종),2.37,2026,4,15
인하대,신소재공학과,교과,학생부교과(지역균형),70%컷(최종),2,2026,11,6.6
인하대,의예과,교과,학생부교과(지역균형),70%컷(최종),1,2026,9,19.89
인하대,인공지능공학과,교과,학생부교과(지역균형),70%컷(최종),2.09,2026,11,5.14
인하대,전기전자공학부,교과,학생부교과(지역균형),70%컷(최종),1.95,2026,28,11.22
인하대,조선해양공학과,교과,학생부교과(지역균형),70%컷(최종),2.27,2026,7,22
인하대,컴퓨터공학과,교과,학생부교과(지역균형),70%컷(최종),2.28,2026,17,7.08
인하대,통계학과,교과,학생부교과(지역균형),70%컷(최종),2.24,2026,6,16.75
인하대,항공우주공학과,교과,학생부교과(지역균형),70%컷(최종),1.92,2026,7,12.5
인하대,해양과학과,교과,학생부교과(지역균형),70%컷(최종),2.08,2026,6,6.75
인하대,화공에너지공학부(이차전지공학전공),교과,학생부교과(지역균형),70%컷(최종),2.22,2026,4,20
인하대,화공에너지공학부(화학공학전공),교과,학생부교과(지역균형),70%컷(최종),2.03,2026,12,5.9
인하대,화학과,교과,학생부교과(지역균형),70%컷(최종),2.01,2026,8,6.43
인하대,환경공학과,교과,학생부교과(지역균형),70%컷(최종),2.18,2026,5,7.8
인하대,의류디자인학과(일반),교과,학생부교과(지역균형),70%컷(최종),2.54,2026,5,4.5
인하대,[유형1] 자유전공융합학부,교과,학생부교과(지역균형),70%컷(최종),2.08,2026,20,8.05
인하대,경영학부(경영학과),종합,학생부종합(인하미래인재(면접형)),70%컷(최종),2.7,2026,32,12.22
인하대,경영학부(파이낸스경영학과),종합,학생부종합(인하미래인재(면접형)),70%컷(최종),3.11,2026,12,9.27
인하대,경제학과,종합,학생부종합(인하미래인재(면접형)),70%컷(최종),3.02,2026,18,7.6
인하대,교육학과,종합,학생부종합(인하미래인재(면접형)),70%컷(최종),2.67,2026,7,10.14
인하대,국어교육과,종합,학생부종합(인하미래인재(면접형)),70%컷(최종),2.51,2026,8,8.13
인하대,국제통상학과,종합,학생부종합(인하미래인재(면접형)),70%컷(최종),3.1,2026,16,8.78
인하대,문화콘텐츠문화경영학과,종합,학생부종합(인하미래인재(면접형)),70%컷(최종),2.83,2026,23,8.3
인하대,미디어커뮤니케이션학과,종합,학생부종합(인하미래인재(면접형)),70%컷(최종),2.57,2026,15,9.93
인하대,사학과,종합,학생부종합(인하미래인재(면접형)),70%컷(최종),2.96,2026,10,12
인하대,사회교육과,종합,학생부종합(인하미래인재(면접형)),70%컷(최종),2.48,2026,6,9.5
인하대,사회복지학과,종합,학생부종합(인하미래인재(면접형)),70%컷(최종),3.13,2026,12,7.33
인하대,소비자학과,종합,학생부종합(인하미래인재(면접형)),70%컷(최종),3.03,2026,10,9.57
인하대,아동심리학과,종합,학생부종합(인하미래인재(면접형)),70%컷(최종),2.94,2026,10,9.75
인하대,아태물류학부,종합,학생부종합(인하미래인재(면접형)),70%컷(최종),2.74,2026,16,7
인하대,영미유럽인문융합학부,종합,학생부종합(인하미래인재(면접형)),70%컷(최종),4.63,2026,26,14.04
인하대,영어교육과,종합,학생부종합(인하미래인재(면접형)),70%컷(최종),2.68,2026,7,8.29
인하대,일본언어문화학과,종합,학생부종합(인하미래인재(면접형)),70%컷(최종),3.48,2026,16,14.21
인하대,정치외교학과,종합,학생부종합(인하미래인재(면접형)),70%컷(최종),3.48,2026,16,11.44
인하대,중국학과,종합,학생부종합(인하미래인재(면접형)),70%컷(최종),4.98,2026,17,8.29
인하대,철학과,종합,학생부종합(인하미래인재(면접형)),70%컷(최종),2.78,2026,10,10.63
인하대,한국어문학과,종합,학생부종합(인하미래인재(면접형)),70%컷(최종),3.3,2026,13,8.58
인하대,행정학과,종합,학생부종합(인하미래인재(면접형)),70%컷(최종),3.01,2026,21,7.71
인하대,간호학과,종합,학생부종합(인하미래인재(면접형)),70%컷(최종),2.29,2026,28,14.14
인하대,건축학부,종합,학생부종합(인하미래인재(면접형)),70%컷(최종),3.01,2026,23,10.79
인하대,고분자공학과,종합,학생부종합(인하미래인재(면접형)),70%컷(최종),2.96,2026,11,9.23
인하대,공간정보공학과,종합,학생부종합(인하미래인재(면접형)),70%컷(최종),3.33,2026,11,13.55
인하대,기계공학과,종합,학생부종합(인하미래인재(면접형)),70%컷(최종),2.71,2026,34,11.5
인하대,데이터사이언스학과,종합,학생부종합(인하미래인재(면접형)),70%컷(최종),3.16,2026,13,16.5
인하대,디자인테크놀로지학과,종합,학생부종합(인하미래인재(면접형)),70%컷(최종),3.46,2026,15,9.33
인하대,물리학과,종합,학생부종합(인하미래인재(면접형)),70%컷(최종),3.2,2026,14,11
인하대,바이오식품공학과,종합,학생부종합(인하미래인재(면접형)),70%컷(최종),2.58,2026,15,20.31
인하대,반도체시스템공학과,종합,학생부종합(인하미래인재(면접형)),70%컷(최종),2.74,2026,17,9.33
인하대,사회인프라공학과,종합,학생부종합(인하미래인재(면접형)),70%컷(최종),3.46,2026,17,14.68
인하대,산업경영공학과,종합,학생부종합(인하미래인재(면접형)),70%컷(최종),2.71,2026,11,13.9
인하대,생명공학과,종합,학생부종합(인하미래인재(면접형)),70%컷(최종),2.21,2026,13,13.15
인하대,생명과학과,종합,학생부종합(인하미래인재(면접형)),70%컷(최종),2.43,2026,10,20
인하대,수학과,종합,학생부종합(인하미래인재(면접형)),70%컷(최종),2.84,2026,9,10.75
인하대,수학교육과,종합,학생부종합(인하미래인재(면접형)),70%컷(최종),2.35,2026,6,8.67
인하대,스마트모빌리티공학과,종합,학생부종합(인하미래인재(면접형)),70%컷(최종),3.06,2026,10,12.22
인하대,식품영양학과,종합,학생부종합(인하미래인재(면접형)),70%컷(최종),2.81,2026,12,20.67
인하대,신소재공학과,종합,학생부종합(인하미래인재(면접형)),70%컷(최종),2.52,2026,28,10.52
인하대,에너지자원공학과,종합,학생부종합(인하미래인재(면접형)),70%컷(최종),2.99,2026,9,12.36
인하대,의예과,종합,학생부종합(인하미래인재(면접형)),70%컷(최종),1.14,2026,16,23.38
인하대,인공지능공학과,종합,학생부종합(인하미래인재(면접형)),70%컷(최종),2.92,2026,23,10.25
인하대,전기전자공학부,종합,학생부종합(인하미래인재(면접형)),70%컷(최종),2.82,2026,60,7.43
인하대,조선해양공학과,종합,학생부종합(인하미래인재(면접형)),70%컷(최종),3.25,2026,15,11.19
인하대,첨단바이오의약학과,종합,학생부종합(인하미래인재(면접형)),70%컷(최종),2.25,2026,12,16.5
인하대,컴퓨터공학과,종합,학생부종합(인하미래인재(면접형)),70%컷(최종),2.68,2026,32,8.3
인하대,통계학과,종합,학생부종합(인하미래인재(면접형)),70%컷(최종),3.15,2026,9,10
인하대,항공우주공학과,종합,학생부종합(인하미래인재(면접형)),70%컷(최종),2.49,2026,18,18.69
인하대,해양과학과,종합,학생부종합(인하미래인재(면접형)),70%컷(최종),2.88,2026,12,10.36
인하대,화공에너지공학부(이차전지공학전공),종합,학생부종합(인하미래인재(면접형)),70%컷(최종),2.74,2026,9,18
인하대,화공에너지공학부(화학공학전공),종합,학생부종합(인하미래인재(면접형)),70%컷(최종),2.47,2026,27,7.47
인하대,화학과,종합,학생부종합(인하미래인재(면접형)),70%컷(최종),2.64,2026,16,12.13
인하대,환경공학과,종합,학생부종합(인하미래인재(면접형)),70%컷(최종),2.71,2026,11,18.67
인하대,스포츠과학과,종합,학생부종합(인하미래인재(면접형)),70%컷(최종),3.23,2026,23,11.96
인하대,의류디자인학과(일반),종합,학생부종합(인하미래인재(면접형)),70%컷(최종),3.05,2026,12,13.73
인하대,체육교육과,종합,학생부종합(인하미래인재(면접형)),70%컷(최종),2.72,2026,17,11.59
인하대,경영학부(경영학과),종합,학생부종합(인하미래인재(서류형)),70%컷(최종),2.42,2026,11,11.91
인하대,경제학과,종합,학생부종합(인하미래인재(서류형)),70%컷(최종),2.64,2026,9,8.29
인하대,국제통상학과,종합,학생부종합(인하미래인재(서류형)),70%컷(최종),2.63,2026,6,9
인하대,문화콘텐츠문화경영학과,종합,학생부종합(인하미래인재(서류형)),70%컷(최종),2.57,2026,7,9.43
인하대,미디어커뮤니케이션학과,종합,학생부종합(인하미래인재(서류형)),70%컷(최종),2.68,2026,6,12
인하대,사학과,종합,학생부종합(인하미래인재(서류형)),70%컷(최종),2.63,2026,4,9.75
인하대,소비자학과,종합,학생부종합(인하미래인재(서류형)),70%컷(최종),2.69,2026,5,8.33
인하대,아동심리학과,종합,학생부종합(인하미래인재(서류형)),70%컷(최종),2.87,2026,5,11.2
인하대,아태물류학부,종합,학생부종합(인하미래인재(서류형)),70%컷(최종),2.25,2026,5,9
인하대,영미유럽인문융합학부,종합,학생부종합(인하미래인재(서류형)),70%컷(최종),2.99,2026,8,12.5
인하대,일본언어문화학과,종합,학생부종합(인하미래인재(서류형)),70%컷(최종),3.3,2026,6,20.2
인하대,정치외교학과,종합,학생부종합(인하미래인재(서류형)),70%컷(최종),2.77,2026,7,8.8
인하대,중국학과,종합,학생부종합(인하미래인재(서류형)),70%컷(최종),3.34,2026,7,11
인하대,철학과,종합,학생부종합(인하미래인재(서류형)),70%컷(최종),2.64,2026,4,9.25
인하대,한국어문학과,종합,학생부종합(인하미래인재(서류형)),70%컷(최종),2.73,2026,5,7.8
인하대,행정학과,종합,학생부종합(인하미래인재(서류형)),70%컷(최종),2.58,2026,8,9.29
인하대,건축학부,종합,학생부종합(인하미래인재(서류형)),70%컷(최종),2.7,2026,7,10
인하대,고분자공학과,종합,학생부종합(인하미래인재(서류형)),70%컷(최종),2.54,2026,4,11.25
인하대,기계공학과,종합,학생부종합(인하미래인재(서류형)),70%컷(최종),2.54,2026,9,13.4
인하대,데이터사이언스학과,종합,학생부종합(인하미래인재(서류형)),70%컷(최종),2.42,2026,5,13.5
인하대,디자인테크놀로지학과,종합,학생부종합(인하미래인재(서류형)),70%컷(최종),2.56,2026,5,10
인하대,물리학과,종합,학생부종합(인하미래인재(서류형)),70%컷(최종),2.61,2026,4,9.2
인하대,반도체시스템공학과,종합,학생부종합(인하미래인재(서류형)),70%컷(최종),2.56,2026,5,12.17
인하대,사회인프라공학과,종합,학생부종합(인하미래인재(서류형)),70%컷(최종),2.93,2026,5,10.4
인하대,산업경영공학과,종합,학생부종합(인하미래인재(서류형)),70%컷(최종),2.54,2026,4,11.2
인하대,수학과,종합,학생부종합(인하미래인재(서류형)),70%컷(최종),2.59,2026,5,8.6
인하대,스마트모빌리티공학과,종합,학생부종합(인하미래인재(서류형)),70%컷(최종),2.73,2026,5,11.25
인하대,식품영양학과,종합,학생부종합(인하미래인재(서류형)),70%컷(최종),2.71,2026,4,19.33
인하대,신소재공학과,종합,학생부종합(인하미래인재(서류형)),70%컷(최종),2.41,2026,8,11.38
인하대,전기전자공학부,종합,학생부종합(인하미래인재(서류형)),70%컷(최종),2.28,2026,18,11
인하대,조선해양공학과,종합,학생부종합(인하미래인재(서류형)),70%컷(최종),2.82,2026,4,12.2
인하대,컴퓨터공학과,종합,학생부종합(인하미래인재(서류형)),70%컷(최종),2.48,2026,12,11
인하대,통계학과,종합,학생부종합(인하미래인재(서류형)),70%컷(최종),2.74,2026,4,9.4
인하대,항공우주공학과,종합,학생부종합(인하미래인재(서류형)),70%컷(최종),2.24,2026,6,16.2
인하대,해양과학과,종합,학생부종합(인하미래인재(서류형)),70%컷(최종),2.74,2026,5,10.2
인하대,화공에너지공학부(이차전지공학전공),종합,학생부종합(인하미래인재(서류형)),70%컷(최종),2.24,2026,4,12.75
인하대,화공에너지공학부(화학공학전공),종합,학생부종합(인하미래인재(서류형)),70%컷(최종),1.95,2026,7,10.86
인하대,화학과,종합,학생부종합(인하미래인재(서류형)),70%컷(최종),2.18,2026,7,12.4
인하대,환경공학과,종합,학생부종합(인하미래인재(서류형)),70%컷(최종),2.37,2026,4,16
인하대,의류디자인학과(일반),종합,학생부종합(인하미래인재(서류형)),70%컷(최종),2.74,2026,5,10
장로회신학대,[유형1] 자유전공,교과,학생부교과(학생부우수자),70%컷(최종),5.55,2026,5,
장로회신학대,기독교교육과,교과,학생부교과(학생부우수자),70%컷(최종),4.15,2026,13,
장로회신학대,신학과,교과,학생부교과(학생부우수자),70%컷(최종),3.55,2026,10,
전남대,"경영학부(경영학전공, 회계학전공, AI비즈니스전공)",교과,학생부교과(일반전형),70%컷(최종),3.3,2026,55,8.45
전남대,경제학부,교과,학생부교과(일반전형),70%컷(최종),3.73,2026,24,12.17
전남대,교육학과,교과,학생부교과(일반전형),70%컷(최종),3,2026,3,8.33
전남대,국어교육과,교과,학생부교과(일반전형),70%컷(최종),2.61,2026,5,8.8
전남대,국어국문학과,교과,학생부교과(일반전형),70%컷(최종),3.07,2026,8,9.63
전남대,농업경제학과,교과,학생부교과(일반전형),70%컷(최종),3.58,2026,3,11
전남대,"독일언어문학과 (독어독문학전공, 독일지역학전공)",교과,학생부교과(일반전형),70%컷(최종),3.23,2026,6,17.33
전남대,문헌정보학과,교과,학생부교과(일반전형),70%컷(최종),2.73,2026,5,11.2
전남대,문화인류고고학과,교과,학생부교과(일반전형),70%컷(최종),3.45,2026,4,9.25
전남대,미디어커뮤니케이션학과,교과,학생부교과(일반전형),70%컷(최종),2.91,2026,5,8
전남대,"불어불문학과(불어불문학전공, 프랑스문화·지역학전공)",교과,학생부교과(일반전형),70%컷(최종),3.67,2026,6,11.5
전남대,사학과,교과,학생부교과(일반전형),70%컷(최종),2.91,2026,4,17.25
전남대,사회학과,교과,학생부교과(일반전형),70%컷(최종),2.43,2026,5,7.6
전남대,심리학과,교과,학생부교과(일반전형),70%컷(최종),3.06,2026,3,10.33
전남대,역사교육과,교과,학생부교과(일반전형),70%컷(최종),3,2026,3,8.33
전남대,영어교육과,교과,학생부교과(일반전형),70%컷(최종),3,2026,6,9.5
전남대,영어영문학과,교과,학생부교과(일반전형),70%컷(최종),3.2,2026,8,6.8
전남대,유아교육과,교과,학생부교과(일반전형),70%컷(최종),3.26,2026,3,11.33
전남대,윤리교육과,교과,학생부교과(일반전형),70%컷(최종),3,2026,3,10
전남대,일어일문학과,교과,학생부교과(일반전형),70%컷(최종),3.75,2026,6,8
전남대,자율전공학부(1년),교과,학생부교과(일반전형),70%컷(최종),2.75,2026,24,11
전남대,자율전공학부(4년),교과,학생부교과(일반전형),70%컷(최종),3.41,2026,7,12.08
전남대,정치외교학과,교과,학생부교과(일반전형),70%컷(최종),2.87,2026,5,9
전남대,중어중문학과,교과,학생부교과(일반전형),70%컷(최종),3.36,2026,8,10
전남대,지리교육과,교과,학생부교과(일반전형),70%컷(최종),3.33,2026,5,7.8
전남대,지리학과,교과,학생부교과(일반전형),70%컷(최종),3.34,2026,5,8
전남대,철학과,교과,학생부교과(일반전형),70%컷(최종),3.28,2026,7,9.43
전남대,"특수교육학부(유아특수교육전공, 초등특수교육전공, 중등특수교육전공)",교과,학생부교과(일반전형),70%컷(최종),3.44,2026,9,7.67
전남대,행정학과,교과,학생부교과(일반전형),70%컷(최종),3.03,2026,8,7.13
전남대,가정교육과,교과,학생부교과(일반전형),70%컷(최종),3.51,2026,3,19.67
전남대,간호학과,교과,학생부교과(일반전형),70%컷(최종),1.94,2026,10,7.3
전남대,건축·도시설계전공,교과,학생부교과(일반전형),70%컷(최종),3.28,2026,10,5.6
전남대,건축공학전공,교과,학생부교과(일반전형),70%컷(최종),3.48,2026,10,6.6
전남대,"건축학부 (건축·도시설계전공, 건축공학전공)",교과,학생부교과(일반전형),70%컷(최종),3.54,2026,4,6
전남대,"고분자융합소재공학부(고분자공학전공, 융합섬유공학전공)",교과,학생부교과(일반전형),70%컷(최종),3.21,2026,8,8
전남대,"기계공학부(에너지기계전공, 정밀기계전공, 지능기계전공)",교과,학생부교과(일반전형),70%컷(최종),3.07,2026,31,5.1
전남대,농생명화학과,교과,학생부교과(일반전형),70%컷(최종),3.23,2026,4,9.25
전남대,"동물자원학부 (동물자원과학전공, 동물생명과학전공)",교과,학생부교과(일반전형),70%컷(최종),2.44,2026,12,7.08
전남대,물리교육과,교과,학생부교과(일반전형),70%컷(최종),3.63,2026,4,9
전남대,물리학과,교과,학생부교과(일반전형),70%컷(최종),3.72,2026,9,16.33
전남대,미래모빌리티학과,교과,학생부교과(일반전형),70%컷(최종),3.45,2026,14,6.62
전남대,바이오에너지공학과,교과,학생부교과(일반전형),70%컷(최종),3.22,2026,8,10
전남대,분자생명공학과,교과,학생부교과(일반전형),70%컷(최종),3.04,2026,8,6.38
전남대,빅데이터융합학과,교과,학생부교과(일반전형),70%컷(최종),3.69,2026,14,6.79
전남대,산림자원학과,교과,학생부교과(일반전형),70%컷(최종),3.4,2026,6,11.29
전남대,산업공학과,교과,학생부교과(일반전형),70%컷(최종),3.16,2026,11,9.18
전남대,"생명과학기술학부(생명과학전공, 시스템생명공학전공)",교과,학생부교과(일반전형),70%컷(최종),2.99,2026,8,6.63
전남대,생물공학과,교과,학생부교과(일반전형),70%컷(최종),2.48,2026,6,5.33
전남대,생물교육과,교과,학생부교과(일반전형),70%컷(최종),2.27,2026,4,7.75
전남대,생물학과,교과,학생부교과(일반전형),70%컷(최종),3.07,2026,6,6
전남대,생활복지학과,교과,학생부교과(일반전형),70%컷(최종),3.34,2026,7,12.57
전남대,수의예과,교과,학생부교과(일반전형),70%컷(최종),1.28,2026,10,11.3
전남대,수학과,교과,학생부교과(일반전형),70%컷(최종),3.41,2026,6,7.17
전남대,수학교육과,교과,학생부교과(일반전형),70%컷(최종),2.34,2026,6,5.17
전남대,식품공학과,교과,학생부교과(일반전형),70%컷(최종),2.64,2026,9,5.75
전남대,"식품영양과학부 (식품학전공, 영양학전공)",교과,학생부교과(일반전형),70%컷(최종),1.98,2026,7,12
전남대,"신소재공학부(금속재료공학전공, 에너지나노재료전공, 광·전자재료전공)",교과,학생부교과(일반전형),70%컷(최종),2.91,2026,9,5.5
전남대,"약학부(약학전공, 제약학전공)",교과,학생부교과(일반전형),70%컷(최종),1.55,2026,9,8.78
전남대,에너지자원공학과,교과,학생부교과(일반전형),70%컷(최종),3.11,2026,4,13.5
전남대,원예생명공학과,교과,학생부교과(일반전형),70%컷(최종),3.44,2026,4,10.25
전남대,융합바이오시스템기계공학과,교과,학생부교과(일반전형),70%컷(최종),3.35,2026,12,8.58
전남대,응용생물학과,교과,학생부교과(일반전형),70%컷(최종),3.17,2026,6,14.5
전남대,응용식물학과,교과,학생부교과(일반전형),70%컷(최종),3.22,2026,4,8
전남대,의류학과,교과,학생부교과(일반전형),70%컷(최종),3.24,2026,7,8.43
전남대,"인공지능학부(인공지능전공, 소프트웨어전공, 정보보안전공)",교과,학생부교과(일반전형),70%컷(최종),3.14,2026,27,6.33
전남대,임산공학과,교과,학생부교과(일반전형),70%컷(최종),3.56,2026,6,13.83
전남대,전기공학과,교과,학생부교과(일반전형),70%컷(최종),1.6,2026,8,8.5
전남대,"전자컴퓨터공학부 (전자공학전공, 컴퓨터정보통신공학전공, 시스템반도체공학전공)",교과,학생부교과(일반전형),70%컷(최종),2.84,2026,50,5.9
전남대,조경학과,교과,학생부교과(일반전형),70%컷(최종),2.59,2026,4,10.5
전남대,지구과학교육과,교과,학생부교과(일반전형),70%컷(최종),3.22,2026,6,7.83
전남대,"지구환경과학부(지질환경전공, 해양환경전공)",교과,학생부교과(일반전형),70%컷(최종),3.59,2026,12,7.67
전남대,지역·바이오시스템공학과,교과,학생부교과(일반전형),70%컷(최종),3.68,2026,4,8.5
전남대,치의학전문대학원(학석사통합과정),교과,학생부교과(일반전형),70%컷(최종),1.32,2026,5,11.8
전남대,토목공학과,교과,학생부교과(일반전형),70%컷(최종),3.32,2026,6,6.33
전남대,통계학과,교과,학생부교과(일반전형),70%컷(최종),2.98,2026,4,5.75
전남대,"화학공학부(화학공정전공, 화공안전전공, 화공소재전공)",교과,학생부교과(일반전형),70%컷(최종),2.74,2026,20,4.29
전남대,화학과,교과,학생부교과(일반전형),70%컷(최종),3.15,2026,9,9.56
전남대,화학교육과,교과,학생부교과(일반전형),70%컷(최종),3.33,2026,4,9.25
전남대,환경에너지공학과,교과,학생부교과(일반전형),70%컷(최종),3.17,2026,8,8.88
전남대,미술학과(이론전공),교과,학생부교과(일반전형),70%컷(최종),3.37,2026,11,4.82
전남대,간호학과,교과,학생부교과(지역균형전형),70%컷(최종),3,2026,2,5.5
전남대,"약학부(약학전공, 제약학전공)",교과,학생부교과(지역균형전형),70%컷(최종),3,2026,2,7
전남대,의학과,교과,학생부교과(지역균형전형),70%컷(최종),3,2026,4,9
전남대,"경영학부(경영학전공, 회계학전공, AI비즈니스전공)",종합,학생부종합(고교생활우수자Ⅰ전형),70%컷(최종),3.09,2026,46,7.28
전남대,경제학부,종합,학생부종합(고교생활우수자Ⅰ전형),70%컷(최종),3.73,2026,24,6.5
전남대,교육학과,종합,학생부종합(고교생활우수자Ⅰ전형),70%컷(최종),3.18,2026,4,7.5
전남대,국어교육과,종합,학생부종합(고교생활우수자Ⅰ전형),70%컷(최종),2.85,2026,6,8.67
전남대,국어국문학과,종합,학생부종합(고교생활우수자Ⅰ전형),70%컷(최종),3.91,2026,13,7.83
전남대,농업경제학과,종합,학생부종합(고교생활우수자Ⅰ전형),70%컷(최종),3.73,2026,9,8.78
전남대,"독일언어문학과 (독어독문학전공, 독일지역학전공)",종합,학생부종합(고교생활우수자Ⅰ전형),70%컷(최종),4.27,2026,12,8.33
전남대,문헌정보학과,종합,학생부종합(고교생활우수자Ⅰ전형),70%컷(최종),3.51,2026,6,6.67
전남대,문화인류고고학과,종합,학생부종합(고교생활우수자Ⅰ전형),70%컷(최종),4.12,2026,9,8.89
전남대,미디어커뮤니케이션학과,종합,학생부종합(고교생활우수자Ⅰ전형),70%컷(최종),3.05,2026,8,14.67
전남대,"불어불문학과(불어불문학전공, 프랑스문화·지역학전공)",종합,학생부종합(고교생활우수자Ⅰ전형),70%컷(최종),4.52,2026,12,9.42
전남대,사학과,종합,학생부종합(고교생활우수자Ⅰ전형),70%컷(최종),3.69,2026,9,10.11
전남대,사회학과,종합,학생부종합(고교생활우수자Ⅰ전형),70%컷(최종),3.58,2026,6,6.67
전남대,심리학과,종합,학생부종합(고교생활우수자Ⅰ전형),70%컷(최종),3.24,2026,9,5.67
전남대,역사교육과,종합,학생부종합(고교생활우수자Ⅰ전형),70%컷(최종),2.82,2026,6,13.33
전남대,영어교육과,종합,학생부종합(고교생활우수자Ⅰ전형),70%컷(최종),2.62,2026,6,5.5
전남대,영어영문학과,종합,학생부종합(고교생활우수자Ⅰ전형),70%컷(최종),3.58,2026,11,5.78
전남대,유아교육과,종합,학생부종합(고교생활우수자Ⅰ전형),70%컷(최종),3.62,2026,4,8.5
전남대,윤리교육과,종합,학생부종합(고교생활우수자Ⅰ전형),70%컷(최종),2.71,2026,4,7.25
전남대,일어일문학과,종합,학생부종합(고교생활우수자Ⅰ전형),70%컷(최종),4.1,2026,12,8.75
전남대,자율전공학부(4년),종합,학생부종합(고교생활우수자Ⅰ전형),70%컷(최종),3.55,2026,13,10.67
전남대,정치외교학과,종합,학생부종합(고교생활우수자Ⅰ전형),70%컷(최종),3.49,2026,9,10.89
전남대,중어중문학과,종합,학생부종합(고교생활우수자Ⅰ전형),70%컷(최종),3.97,2026,12,6.33
전남대,지리교육과,종합,학생부종합(고교생활우수자Ⅰ전형),70%컷(최종),3.2,2026,6,7.67
전남대,지리학과,종합,학생부종합(고교생활우수자Ⅰ전형),70%컷(최종),4.05,2026,6,7.5
전남대,철학과,종합,학생부종합(고교생활우수자Ⅰ전형),70%컷(최종),4.13,2026,9,7.11
전남대,"특수교육학부(유아특수교육전공, 초등특수교육전공, 중등특수교육전공)",종합,학생부종합(고교생활우수자Ⅰ전형),70%컷(최종),3.79,2026,12,5.33
전남대,행정학과,종합,학생부종합(고교생활우수자Ⅰ전형),70%컷(최종),3.09,2026,12,6.67
전남대,가정교육과,종합,학생부종합(고교생활우수자Ⅰ전형),70%컷(최종),3.55,2026,4,9.5
전남대,간호학과,종합,학생부종합(고교생활우수자Ⅰ전형),70%컷(최종),2.33,2026,24,7.08
전남대,"건축학부 (건축·도시설계전공, 건축공학전공)",종합,학생부종합(고교생활우수자Ⅰ전형),70%컷(최종),2.98,2026,8,13.63
전남대,"고분자융합소재공학부(고분자공학전공, 융합섬유공학전공)",종합,학생부종합(고교생활우수자Ⅰ전형),70%컷(최종),3.47,2026,12,4.83
전남대,"기계공학부(에너지기계전공, 정밀기계전공, 지능기계전공)",종합,학생부종합(고교생활우수자Ⅰ전형),70%컷(최종),3.25,2026,31,7.15
전남대,농생명화학과,종합,학생부종합(고교생활우수자Ⅰ전형),70%컷(최종),3.71,2026,9,6
전남대,"동물자원학부 (동물자원과학전공, 동물생명과학전공)",종합,학생부종합(고교생활우수자Ⅰ전형),70%컷(최종),3.75,2026,12,6.92
전남대,물리교육과,종합,학생부종합(고교생활우수자Ⅰ전형),70%컷(최종),3.86,2026,6,5.33
전남대,물리학과,종합,학생부종합(고교생활우수자Ⅰ전형),70%컷(최종),3.91,2026,12,8.75
전남대,미래모빌리티학과,종합,학생부종합(고교생활우수자Ⅰ전형),70%컷(최종),3.62,2026,15,5.33
전남대,바이오에너지공학과,종합,학생부종합(고교생활우수자Ⅰ전형),70%컷(최종),3.48,2026,8,9.14
전남대,분자생명공학과,종합,학생부종합(고교생활우수자Ⅰ전형),70%컷(최종),3.4,2026,6,5.5
전남대,빅데이터융합학과,종합,학생부종합(고교생활우수자Ⅰ전형),70%컷(최종),3.72,2026,15,5.93
전남대,산림자원학과,종합,학생부종합(고교생활우수자Ⅰ전형),70%컷(최종),3.57,2026,8,6.67
전남대,산업공학과,종합,학생부종합(고교생활우수자Ⅰ전형),70%컷(최종),3.52,2026,12,5.92
전남대,"생명과학기술학부(생명과학전공, 시스템생명공학전공)",종합,학생부종합(고교생활우수자Ⅰ전형),70%컷(최종),3.46,2026,18,10.11
전남대,생물공학과,종합,학생부종합(고교생활우수자Ⅰ전형),70%컷(최종),2.64,2026,9,7.33
전남대,생물교육과,종합,학생부종합(고교생활우수자Ⅰ전형),70%컷(최종),2.84,2026,6,5.5
전남대,생물학과,종합,학생부종합(고교생활우수자Ⅰ전형),70%컷(최종),3.31,2026,9,6.33
전남대,생활복지학과,종합,학생부종합(고교생활우수자Ⅰ전형),70%컷(최종),3.69,2026,12,5.25
전남대,수의예과,종합,학생부종합(고교생활우수자Ⅰ전형),70%컷(최종),1.61,2026,8,24.13
전남대,수학과,종합,학생부종합(고교생활우수자Ⅰ전형),70%컷(최종),4,2026,12,7.75
전남대,수학교육과,종합,학생부종합(고교생활우수자Ⅰ전형),70%컷(최종),3.19,2026,6,9.5
전남대,식품공학과,종합,학생부종합(고교생활우수자Ⅰ전형),70%컷(최종),3.07,2026,9,5.88
전남대,"식품영양과학부 (식품학전공, 영양학전공)",종합,학생부종합(고교생활우수자Ⅰ전형),70%컷(최종),3.75,2026,20,6.95
전남대,"신소재공학부(금속재료공학전공, 에너지나노재료전공, 광·전자재료전공)",종합,학생부종합(고교생활우수자Ⅰ전형),70%컷(최종),3.09,2026,20,4.75
전남대,"약학부(약학전공, 제약학전공)",종합,학생부종합(고교생활우수자Ⅰ전형),70%컷(최종),1.27,2026,6,17
전남대,에너지자원공학과,종합,학생부종합(고교생활우수자Ⅰ전형),70%컷(최종),3.69,2026,10,5.67
전남대,원예생명공학과,종합,학생부종합(고교생활우수자Ⅰ전형),70%컷(최종),3.85,2026,6,19.67
전남대,융합바이오시스템기계공학과,종합,학생부종합(고교생활우수자Ⅰ전형),70%컷(최종),3.85,2026,12,6.25
전남대,응용생물학과,종합,학생부종합(고교생활우수자Ⅰ전형),70%컷(최종),3.72,2026,6,8
전남대,응용식물학과,종합,학생부종합(고교생활우수자Ⅰ전형),70%컷(최종),3.58,2026,9,6.11
전남대,의류학과,종합,학생부종합(고교생활우수자Ⅰ전형),70%컷(최종),3.86,2026,12,4.42
전남대,의학과,종합,학생부종합(고교생활우수자Ⅰ전형),70%컷(최종),1.17,2026,10,16.1
전남대,"인공지능학부(인공지능전공, 소프트웨어전공, 정보보안전공)",종합,학생부종합(고교생활우수자Ⅰ전형),70%컷(최종),3.68,2026,36,7.19
전남대,임산공학과,종합,학생부종합(고교생활우수자Ⅰ전형),70%컷(최종),4.06,2026,6,10.5
전남대,전기공학과,종합,학생부종합(고교생활우수자Ⅰ전형),70%컷(최종),1.98,2026,10,6.58
전남대,"전자컴퓨터공학부 (전자공학전공, 컴퓨터정보통신공학전공, 시스템반도체공학전공)",종합,학생부종합(고교생활우수자Ⅰ전형),70%컷(최종),3.21,2026,46,4.86
전남대,조경학과,종합,학생부종합(고교생활우수자Ⅰ전형),70%컷(최종),3.79,2026,9,8.67
전남대,지구과학교육과,종합,학생부종합(고교생활우수자Ⅰ전형),70%컷(최종),3.08,2026,6,7.5
전남대,"지구환경과학부(지질환경전공, 해양환경전공)",종합,학생부종합(고교생활우수자Ⅰ전형),70%컷(최종),3.8,2026,18,7.5
전남대,지역·바이오시스템공학과,종합,학생부종합(고교생활우수자Ⅰ전형),70%컷(최종),4.29,2026,6,11.83
전남대,치의학전문대학원(학석사통합과정),종합,학생부종합(고교생활우수자Ⅰ전형),70%컷(최종),1.32,2026,4,12.25
전남대,토목공학과,종합,학생부종합(고교생활우수자Ⅰ전형),70%컷(최종),3.64,2026,10,7.42
전남대,통계학과,종합,학생부종합(고교생활우수자Ⅰ전형),70%컷(최종),3.8,2026,5,20.2
전남대,"화학공학부(화학공정전공, 화공안전전공, 화공소재전공)",종합,학생부종합(고교생활우수자Ⅰ전형),70%컷(최종),3.04,2026,36,3.71
전남대,화학과,종합,학생부종합(고교생활우수자Ⅰ전형),70%컷(최종),3.73,2026,12,7.5
전남대,화학교육과,종합,학생부종합(고교생활우수자Ⅰ전형),70%컷(최종),3.63,2026,6,5.83
전남대,환경에너지공학과,종합,학생부종합(고교생활우수자Ⅰ전형),70%컷(최종),3.37,2026,12,6.08
전남대,원예생명공학과,종합,학생부종합(후계농업경영인전형),70%컷(최종),4.26,2026,5,11.8
전남대,"경영학부(경영학전공, 회계학전공, AI비즈니스전공)",교과,학생부교과(지역인재전형),70%컷(최종),3.08,2026,40,7.25
전남대,경제학부,교과,학생부교과(지역인재전형),70%컷(최종),3.51,2026,22,11.59
전남대,교육학과,교과,학생부교과(지역인재전형),70%컷(최종),2.84,2026,4,8.5
전남대,국어교육과,교과,학생부교과(지역인재전형),70%컷(최종),2.77,2026,6,7.83
전남대,국어국문학과,교과,학생부교과(지역인재전형),70%컷(최종),3.18,2026,8,18
전남대,농업경제학과,교과,학생부교과(지역인재전형),70%컷(최종),3.41,2026,8,11.75
전남대,"독일언어문학과 (독어독문학전공, 독일지역학전공)",교과,학생부교과(지역인재전형),70%컷(최종),3.5,2026,5,13.2
전남대,문헌정보학과,교과,학생부교과(지역인재전형),70%컷(최종),3.01,2026,4,6.5
전남대,문화인류고고학과,교과,학생부교과(지역인재전형),70%컷(최종),3.46,2026,4,22.5
전남대,미디어커뮤니케이션학과,교과,학생부교과(지역인재전형),70%컷(최종),3.87,2026,4,6.33
전남대,"불어불문학과(불어불문학전공, 프랑스문화·지역학전공)",교과,학생부교과(지역인재전형),70%컷(최종),3.63,2026,5,12.4
전남대,사학과,교과,학생부교과(지역인재전형),70%컷(최종),3.49,2026,7,7.14
전남대,사회학과,교과,학생부교과(지역인재전형),70%컷(최종),2.8,2026,5,7.6
전남대,심리학과,교과,학생부교과(지역인재전형),70%컷(최종),3,2026,3,7.67
전남대,역사교육과,교과,학생부교과(지역인재전형),70%컷(최종),3.17,2026,3,8.33
전남대,영어교육과,교과,학생부교과(지역인재전형),70%컷(최종),2.26,2026,6,5.5
전남대,영어영문학과,교과,학생부교과(지역인재전형),70%컷(최종),3.33,2026,7,9.57
전남대,유아교육과,교과,학생부교과(지역인재전형),70%컷(최종),3.52,2026,3,6
전남대,윤리교육과,교과,학생부교과(지역인재전형),70%컷(최종),2.34,2026,4,15.75
전남대,일어일문학과,교과,학생부교과(지역인재전형),70%컷(최종),3.37,2026,5,9.4
전남대,자율전공학부(1년),교과,학생부교과(지역인재전형),70%컷(최종),2.63,2026,24,6.78
전남대,자율전공학부(4년),교과,학생부교과(지역인재전형),70%컷(최종),3.22,2026,11,6.63
전남대,정치외교학과,교과,학생부교과(지역인재전형),70%컷(최종),2.77,2026,6,8
전남대,중어중문학과,교과,학생부교과(지역인재전형),70%컷(최종),3.52,2026,6,8.83
전남대,지리교육과,교과,학생부교과(지역인재전형),70%컷(최종),3,2026,3,9
전남대,지리학과,교과,학생부교과(지역인재전형),70%컷(최종),2.65,2026,5,7.25
전남대,철학과,교과,학생부교과(지역인재전형),70%컷(최종),3.47,2026,5,7.8
전남대,"특수교육학부(유아특수교육전공, 초등특수교육전공, 중등특수교육전공)",교과,학생부교과(지역인재전형),70%컷(최종),3.51,2026,12,6.58
전남대,행정학과,교과,학생부교과(지역인재전형),70%컷(최종),2.65,2026,10,6.6
전남대,가정교육과,교과,학생부교과(지역인재전형),70%컷(최종),3.27,2026,5,8.2
전남대,간호학과,교과,학생부교과(지역인재전형),70%컷(최종),1.96,2026,20,5.85
전남대,"건축학부 (건축·도시설계전공, 건축공학전공)",교과,학생부교과(지역인재전형),70%컷(최종),2.92,2026,6,7.33
전남대,"고분자융합소재공학부(고분자공학전공, 융합섬유공학전공)",교과,학생부교과(지역인재전형),70%컷(최종),3,2026,8,5
전남대,"기계공학부(에너지기계전공, 정밀기계전공, 지능기계전공)",교과,학생부교과(지역인재전형),70%컷(최종),3.06,2026,41,5
전남대,농생명화학과,교과,학생부교과(지역인재전형),70%컷(최종),3.44,2026,5,6.8
전남대,"동물자원학부 (동물자원과학전공, 동물생명과학전공)",교과,학생부교과(지역인재전형),70%컷(최종),3.38,2026,13,6.69
전남대,물리교육과,교과,학생부교과(지역인재전형),70%컷(최종),3.63,2026,5,5.2
전남대,물리학과,교과,학생부교과(지역인재전형),70%컷(최종),3.69,2026,9,8.56
전남대,미래모빌리티학과,교과,학생부교과(지역인재전형),70%컷(최종),3.45,2026,15,7.47
전남대,바이오에너지공학과,교과,학생부교과(지역인재전형),70%컷(최종),3.1,2026,5,7
전남대,분자생명공학과,교과,학생부교과(지역인재전형),70%컷(최종),3.02,2026,6,5.83
전남대,빅데이터융합학과,교과,학생부교과(지역인재전형),70%컷(최종),3.56,2026,15,13.47
전남대,산림자원학과,교과,학생부교과(지역인재전형),70%컷(최종),3.17,2026,6,8.57
전남대,산업공학과,교과,학생부교과(지역인재전형),70%컷(최종),3.33,2026,11,5.36
전남대,"생명과학기술학부(생명과학전공, 시스템생명공학전공)",교과,학생부교과(지역인재전형),70%컷(최종),2.86,2026,7,5.29
전남대,생물공학과,교과,학생부교과(지역인재전형),70%컷(최종),2.13,2026,6,4.5
전남대,생물교육과,교과,학생부교과(지역인재전형),70%컷(최종),3.48,2026,3,5.33
전남대,생물학과,교과,학생부교과(지역인재전형),70%컷(최종),2.8,2026,6,6
전남대,생활복지학과,교과,학생부교과(지역인재전형),70%컷(최종),2.92,2026,7,7.71
전남대,수의예과,교과,학생부교과(지역인재전형),70%컷(최종),1.36,2026,14,7.71
전남대,수학과,교과,학생부교과(지역인재전형),70%컷(최종),3.58,2026,6,5.33
전남대,수학교육과,교과,학생부교과(지역인재전형),70%컷(최종),2.64,2026,4,7
전남대,식품공학과,교과,학생부교과(지역인재전형),70%컷(최종),3.29,2026,6,5.63
전남대,"식품영양과학부 (식품학전공, 영양학전공)",교과,학생부교과(지역인재전형),70%컷(최종),3.14,2026,8,10.75
전남대,"신소재공학부(금속재료공학전공, 에너지나노재료전공, 광·전자재료전공)",교과,학생부교과(지역인재전형),70%컷(최종),2.77,2026,11,3.94
전남대,"약학부(약학전공, 제약학전공)",교과,학생부교과(지역인재전형),70%컷(최종),1.29,2026,25,6.76
전남대,에너지자원공학과,교과,학생부교과(지역인재전형),70%컷(최종),3.41,2026,4,7.17
전남대,원예생명공학과,교과,학생부교과(지역인재전형),70%컷(최종),2.25,2026,4,9
전남대,융합바이오시스템기계공학과,교과,학생부교과(지역인재전형),70%컷(최종),3.44,2026,11,7
전남대,응용생물학과,교과,학생부교과(지역인재전형),70%컷(최종),3.32,2026,6,8.67
전남대,응용식물학과,교과,학생부교과(지역인재전형),70%컷(최종),3.41,2026,4,6.75
전남대,의류학과,교과,학생부교과(지역인재전형),70%컷(최종),3.4,2026,8,7.5
전남대,의학과,교과,학생부교과(지역인재전형),70%컷(최종),1.12,2026,86,5.46
전남대,"인공지능학부(인공지능전공, 소프트웨어전공, 정보보안전공)",교과,학생부교과(지역인재전형),70%컷(최종),3.22,2026,31,5.55
전남대,임산공학과,교과,학생부교과(지역인재전형),70%컷(최종),3.54,2026,6,11.83
전남대,전기공학과,교과,학생부교과(지역인재전형),70%컷(최종),1.59,2026,8,7.13
전남대,"전자컴퓨터공학부 (전자공학전공, 컴퓨터정보통신공학전공, 시스템반도체공학전공)",교과,학생부교과(지역인재전형),70%컷(최종),3.48,2026,47,3.61
전남대,조경학과,교과,학생부교과(지역인재전형),70%컷(최종),3.28,2026,4,8.25
전남대,지구과학교육과,교과,학생부교과(지역인재전형),70%컷(최종),3,2026,3,6.67
전남대,"지구환경과학부(지질환경전공, 해양환경전공)",교과,학생부교과(지역인재전형),70%컷(최종),3.7,2026,11,6.09
전남대,지역·바이오시스템공학과,교과,학생부교과(지역인재전형),70%컷(최종),3.47,2026,4,8.75
전남대,치의학전문대학원(학석사통합과정),교과,학생부교과(지역인재전형),70%컷(최종),1.27,2026,12,10.75
전남대,토목공학과,교과,학생부교과(지역인재전형),70%컷(최종),3.24,2026,4,7.29
전남대,통계학과,교과,학생부교과(지역인재전형),70%컷(최종),2.51,2026,4,6.75
전남대,"화학공학부(화학공정전공, 화공안전전공, 화공소재전공)",교과,학생부교과(지역인재전형),70%컷(최종),3.73,2026,20,3.93
전남대,화학과,교과,학생부교과(지역인재전형),70%컷(최종),3.2,2026,9,4.89
전남대,화학교육과,교과,학생부교과(지역인재전형),70%컷(최종),3.02,2026,3,6.33
전남대,환경에너지공학과,교과,학생부교과(지역인재전형),70%컷(최종),3.07,2026,6,10.17
전남대(여수),국제학부(영어학전공),교과,학생부교과(일반전형),70%컷(최종),6.02,2026,12,5.36
전남대(여수),국제학부(일본학전공),교과,학생부교과(일반전형),70%컷(최종),5.6,2026,10,11.2
전남대(여수),국제학부(중국학전공),교과,학생부교과(일반전형),70%컷(최종),5.99,2026,12,1.85
전남대(여수),글로벌비즈니스학과,교과,학생부교과(일반전형),70%컷(최종),6.19,2026,16,3.88
전남대(여수),문화관광경영학과,교과,학생부교과(일반전형),70%컷(최종),6.71,2026,10,5.55
전남대(여수),물류교통학과,교과,학생부교과(일반전형),70%컷(최종),7.87,2026,20,2.4
전남대(여수),창의융합학부,교과,학생부교과(일반전형),70%컷(최종),3.08,2026,19,9.55
전남대(여수),건축디자인학과,교과,학생부교과(일반전형),70%컷(최종),5.04,2026,9,5
전남대(여수),기관시스템공학과,교과,학생부교과(일반전형),70%컷(최종),5.17,2026,12,6.86
전남대(여수),멀티미디어전공,교과,학생부교과(일반전형),70%컷(최종),5.77,2026,15,5.33
전남대(여수),"문화콘텐츠학부 (멀티미디어전공, 전자상거래전공)",교과,학생부교과(일반전형),70%컷(최종),6.85,2026,10,4.56
전남대(여수),석유화학소재공학과,교과,학생부교과(일반전형),70%컷(최종),7.32,2026,24,1.29
전남대(여수),수산생명의학과,교과,학생부교과(일반전형),70%컷(최종),4.42,2026,13,9.08
전남대(여수),스마트수산자원관리학과,교과,학생부교과(일반전형),70%컷(최종),6.57,2026,19,2.26
전남대(여수),"의공학부(바이오헬스케어전공, 디지털헬스케어전공)",교과,학생부교과(일반전형),70%컷(최종),6.03,2026,29,1.79
전남대(여수),전자상거래전공,교과,학생부교과(일반전형),70%컷(최종),7.01,2026,15,2.4
전남대(여수),조선해양공학과,교과,학생부교과(일반전형),70%컷(최종),6.79,2026,12,7.33
전남대(여수),국제학부(영어학전공),종합,학생부종합(고교생활우수자Ⅱ전형),70%컷(최종),5.5,2026,8,2.25
전남대(여수),국제학부(일본학전공),종합,학생부종합(고교생활우수자Ⅱ전형),70%컷(최종),5.88,2026,4,4.5
전남대(여수),국제학부(중국학전공),종합,학생부종합(고교생활우수자Ⅱ전형),70%컷(최종),6.688,2025,5,2
전남대(여수),글로벌비즈니스학과,종합,학생부종합(고교생활우수자Ⅱ전형),70%컷(최종),7.31,2026,6,2.17
전남대(여수),문화관광경영학과,종합,학생부종합(고교생활우수자Ⅱ전형),70%컷(최종),6.71,2026,6,2
전남대(여수),창의융합학부,종합,학생부종합(고교생활우수자Ⅱ전형),70%컷(최종),4.93,2026,16,8.19
전남대(여수),건축디자인학과,종합,학생부종합(고교생활우수자Ⅱ전형),70%컷(최종),4.33,2026,4,8.75
전남대(여수),기관시스템공학과,종합,학생부종합(고교생활우수자Ⅱ전형),70%컷(최종),6.04,2026,4,3
전남대(여수),"문화콘텐츠학부 (멀티미디어전공, 전자상거래전공)",종합,학생부종합(고교생활우수자Ⅱ전형),70%컷(최종),6.2,2026,10,3.9
전남대(여수),석유화학소재공학과,종합,학생부종합(고교생활우수자Ⅱ전형),50%컷(최종),6.106,2025,8,0.75
전남대(여수),수산생명의학과,종합,학생부종합(고교생활우수자Ⅱ전형),70%컷(최종),4.77,2026,5,9.2
전남대(여수),스마트수산자원관리학과,종합,학생부종합(고교생활우수자Ⅱ전형),70%컷(최종),7.17,2026,10,1
전남대(여수),"의공학부(바이오헬스케어전공, 디지털헬스케어전공)",종합,학생부종합(고교생활우수자Ⅱ전형),70%컷(최종),7.74,2026,9,0.78
전남대(여수),국제학부(일본학전공),교과,학생부교과(지역인재전형),70%컷(최종),5.927,2025,4,3.5
전남대(여수),글로벌비즈니스학과,교과,학생부교과(지역인재전형),70%컷(최종),6.05,2026,6,5.33
전남대(여수),문화관광경영학과,교과,학생부교과(지역인재전형),70%컷(최종),6.81,2026,6,4
전남대(여수),물류교통학과,교과,학생부교과(지역인재전형),70%컷(최종),6.97,2026,7,2.43
전남대(여수),창의융합학부,교과,학생부교과(지역인재전형),70%컷(최종),3.13,2026,16,9.1
전남대(여수),건축디자인학과,교과,학생부교과(지역인재전형),70%컷(최종),5.17,2026,4,6.75
전남대(여수),기관시스템공학과,교과,학생부교과(지역인재전형),70%컷(최종),5.67,2026,4,5
전남대(여수),"문화콘텐츠학부 (멀티미디어전공, 전자상거래전공)",교과,학생부교과(지역인재전형),70%컷(최종),6.31,2026,9,7.2
전남대(여수),석유화학소재공학과,교과,학생부교과(지역인재전형),70%컷(최종),6.75,2026,8,1.13
전남대(여수),수산생명의학과,교과,학생부교과(지역인재전형),70%컷(최종),5.1,2026,5,5
전남대(여수),스마트수산자원관리학과,교과,학생부교과(지역인재전형),70%컷(최종),7.23,2026,11,2
전남대(여수),"의공학부(바이오헬스케어전공, 디지털헬스케어전공)",교과,학생부교과(지역인재전형),70%컷(최종),6.99,2026,7,1.86
전남대(여수),조선해양공학과,교과,학생부교과(지역인재전형),70%컷(최종),6.77,2026,5,3.6
전북대,경상계열,교과,학생부교과(일반학생),70%컷(최종),3.45,2026,111,4.81
전북대,고고문화인류학과,교과,학생부교과(일반학생),70%컷(최종),3.54,2026,10,7.4
전북대,교육학과,교과,학생부교과(일반학생),70%컷(최종),3.11,2026,4,24
전북대,국어교육과,교과,학생부교과(일반학생),70%컷(최종),3.04,2026,5,9.4
전북대,국어국문학과,교과,학생부교과(일반학생),70%컷(최종),3.78,2026,9,6.89
전북대,독어교육과,교과,학생부교과(일반학생),70%컷(최종),4.6,2025,3,9.33
전북대,독일학과,교과,학생부교과(일반학생),70%컷(최종),3.71,2026,10,11.7
전북대,문헌정보학과,교과,학생부교과(일반학생),70%컷(최종),3.23,2026,13,6.62
전북대,사학과,교과,학생부교과(일반학생),70%컷(최종),3.55,2026,12,5.83
전북대,사회과교육계열,교과,학생부교과(일반학생),70%컷(최종),2.78,2026,17,7
전북대,사회과학계열,교과,학생부교과(일반학생),70%컷(최종),3.38,2026,68,5.17
전북대,스페인·중남미학과,교과,학생부교과(일반학생),70%컷(최종),3.68,2026,9,6.33
전북대,영어교육과,교과,학생부교과(일반학생),70%컷(최종),2.84,2026,5,14.8
전북대,영어영문학과,교과,학생부교과(일반학생),70%컷(최종),3.35,2026,12,5.5
전북대,일본학과,교과,학생부교과(일반학생),70%컷(최종),3.51,2026,13,7.77
전북대,중어중문학과,교과,학생부교과(일반학생),70%컷(최종),3.67,2026,11,8.18
전북대,철학과,교과,학생부교과(일반학생),70%컷(최종),3.61,2026,10,13
전북대,프랑스·아프리카학과,교과,학생부교과(일반학생),70%컷(최종),3.86,2026,11,7
전북대,간호학과,교과,학생부교과(일반학생),70%컷(최종),2.23,2026,13,11.3
전북대,공학계열1,교과,학생부교과(일반학생),70%컷(최종),3.49,2026,294,4.13
전북대,공학계열2,교과,학생부교과(일반학생),70%컷(최종),3.66,2026,244,4.49
전북대,과학교육학부,교과,학생부교과(일반학생),70%컷(최종),3.07,2026,17,6.06
전북대,본부 국제이공학부,교과,학생부교과(일반학생),70%컷(최종),4.82,2024,2,8.5
전북대,본부 이차전지공학과,교과,학생부교과(일반학생),70%컷(최종),4.11,2026,14,7.5
전북대,본부 첨단방위산업학과,교과,학생부교과(일반학생),70%컷(최종),3.58,2026,8,7
전북대,수학교육과,교과,학생부교과(일반학생),70%컷(최종),2.92,2026,7,19.71
전북대,스마트팜학과,교과,학생부교과(일반학생),70%컷(최종),3.61,2026,15,10.5
전북대,약학과,교과,학생부교과(일반학생),70%컷(최종),1.04,2026,5,12.25
전북대,의예과,교과,학생부교과(일반학생),70%컷(최종),1.24,2026,21,18.74
전북대,자연과학계열1,교과,학생부교과(일반학생),70%컷(최종),3.61,2026,73,4.74
전북대,자연과학계열2,교과,학생부교과(일반학생),70%컷(최종),3.96,2026,74,8.63
전북대,치의예과,교과,학생부교과(일반학생),70%컷(최종),1.03,2025,3,15.33
전북대,농업생명과학계열,교과,학생부교과(일반학생),70%컷(최종),3.77,2026,149,5.95
전북대,본부 융합자율전공학부1(전주캠퍼스),교과,학생부교과(일반학생),70%컷(최종),3.47,2026,52,10.82
전북대,생활과학계열,교과,학생부교과(일반학생),70%컷(최종),3.59,2026,42,7.18
전북대,경상계열,종합,학생부종합(큰사람),70%컷(최종),3.76,2026,43,12.53
전북대,고고문화인류학과,종합,학생부종합(큰사람),70%컷(최종),4.28,2026,4,11.5
전북대,교육학과,종합,학생부종합(큰사람),70%컷(최종),3.42,2025,3,14
전북대,국어교육과,종합,학생부종합(큰사람),70%컷(최종),2.82,2026,4,8.25
전북대,국어국문학과,종합,학생부종합(큰사람),70%컷(최종),3.88,2025,3,13.67
전북대,국제학부,종합,학생부종합(큰사람),70%컷(최종),4.28,2026,18,10.89
전북대,독일학과,종합,학생부종합(큰사람),70%컷(최종),4.43,2024,3,16.33
전북대,문헌정보학과,종합,학생부종합(큰사람),70%컷(최종),3.56,2025,3,17.33
전북대,사학과,종합,학생부종합(큰사람),70%컷(최종),3.94,2025,4,16.25
전북대,사회과교육계열,종합,학생부종합(큰사람),70%컷(최종),3.26,2026,15,10.87
전북대,사회과학계열,종합,학생부종합(큰사람),70%컷(최종),3.81,2026,43,15.47
전북대,스페인·중남미학과,종합,학생부종합(큰사람),70%컷(최종),4.19,2025,4,11.75
전북대,영어교육과,종합,학생부종합(큰사람),70%컷(최종),3.11,2026,4,8.75
전북대,영어영문학과,종합,학생부종합(큰사람),70%컷(최종),3.85,2026,7,10.57
전북대,일본학과,종합,학생부종합(큰사람),70%컷(최종),3.93,2026,4,15.25
전북대,중어중문학과,종합,학생부종합(큰사람),70%컷(최종),4.72,2026,7,11.29
전북대,철학과,종합,학생부종합(큰사람),70%컷(최종),4.16,2026,4,18
전북대,프랑스·아프리카학과,종합,학생부종합(큰사람),70%컷(최종),4.13,2026,6,11.5
전북대,간호학과,종합,학생부종합(큰사람),70%컷(최종),2.67,2026,7,22.71
전북대,공학계열1,종합,학생부종합(큰사람),70%컷(최종),3.86,2026,104,12.39
전북대,공학계열2,종합,학생부종합(큰사람),70%컷(최종),3.78,2026,34,17.5
전북대,과학교육학부,종합,학생부종합(큰사람),70%컷(최종),3.77,2026,21,6.95
전북대,본부 국제이공학부,종합,학생부종합(큰사람),70%컷(최종),4.96,2026,8,7.63
전북대,본부 이차전지공학과,종합,학생부종합(큰사람),70%컷(최종),4.49,2026,4,10.25
전북대,본부 첨단방위산업학과,종합,학생부종합(큰사람),70%컷(최종),3.91,2026,4,12.25
전북대,수학교육과,종합,학생부종합(큰사람),70%컷(최종),3,2024,2,17
전북대,스마트팜학과,종합,학생부종합(큰사람),70%컷(최종),4.07,2025,3,16
전북대,의예과,종합,학생부종합(큰사람),70%컷(최종),1.27,2026,5,15.8
전북대,자연과학계열1,종합,학생부종합(큰사람),70%컷(최종),3.78,2026,24,13.25
전북대,자연과학계열2,종합,학생부종합(큰사람),70%컷(최종),4.16,2026,17,13.24
전북대,치의예과,종합,학생부종합(큰사람),70%컷(최종),1.42,2024,4,12
전북대,농업생명과학계열,종합,학생부종합(큰사람),70%컷(최종),4.45,2026,77,12.82
전북대,생활과학계열,종합,학생부종합(큰사람),70%컷(최종),4.15,2026,13,16.23
전북대,경상계열,교과,학생부교과(지역인재1유형-호남권),70%컷(최종),3.36,2026,73,7.01
전북대,교육학과,교과,학생부교과(지역인재1유형-호남권),70%컷(최종),4.13,2025,3,12.33
전북대,국어교육과,교과,학생부교과(지역인재1유형-호남권),70%컷(최종),2.53,2026,4,9.75
전북대,국어국문학과,교과,학생부교과(지역인재1유형-호남권),70%컷(최종),3.55,2026,9,5.78
전북대,독어교육과,교과,학생부교과(지역인재1유형-호남권),70%컷(최종),3.62,2024,2,9
전북대,독일학과,교과,학생부교과(지역인재1유형-호남권),70%컷(최종),3.83,2026,7,9.43
전북대,문헌정보학과,교과,학생부교과(지역인재1유형-호남권),70%컷(최종),3.25,2026,6,13
전북대,사학과,교과,학생부교과(지역인재1유형-호남권),70%컷(최종),3.59,2026,12,5.67
전북대,사회과교육계열,교과,학생부교과(지역인재1유형-호남권),70%컷(최종),2.63,2026,4,10.25
전북대,사회과학계열,교과,학생부교과(지역인재1유형-호남권),70%컷(최종),3.32,2026,41,5.05
전북대,스페인·중남미학과,교과,학생부교과(지역인재1유형-호남권),70%컷(최종),3.69,2026,8,6.63
전북대,영어교육과,교과,학생부교과(지역인재1유형-호남권),70%컷(최종),2.91,2026,4,11.75
전북대,영어영문학과,교과,학생부교과(지역인재1유형-호남권),70%컷(최종),3.73,2026,11,6.82
전북대,중어중문학과,교과,학생부교과(지역인재1유형-호남권),70%컷(최종),3.75,2026,10,9.4
전북대,철학과,교과,학생부교과(지역인재1유형-호남권),70%컷(최종),3.66,2026,7,6.5
전북대,프랑스·아프리카학과,교과,학생부교과(지역인재1유형-호남권),70%컷(최종),4.06,2026,6,8
전북대,간호학과,교과,학생부교과(지역인재1유형-호남권),70%컷(최종),2.52,2026,7,6
전북대,공학계열1,교과,학생부교과(지역인재1유형-호남권),70%컷(최종),3.43,2026,184,4.19
전북대,공학계열2,교과,학생부교과(지역인재1유형-호남권),70%컷(최종),3.67,2026,72,4.67
전북대,과학교육학부,교과,학생부교과(지역인재1유형-호남권),70%컷(최종),3.08,2026,5,5.2
전북대,수학교육과,교과,학생부교과(지역인재1유형-호남권),70%컷(최종),3.1,2025,5,6.75
전북대,스마트팜학과,교과,학생부교과(지역인재1유형-호남권),70%컷(최종),4.32,2025,3,9.67
전북대,약학과,교과,학생부교과(지역인재1유형-호남권),70%컷(최종),1.18,2026,7,12
전북대,의예과,교과,학생부교과(지역인재1유형-호남권),70%컷(최종),1.27,2026,14,10.21
전북대,자연과학계열1,교과,학생부교과(지역인재1유형-호남권),70%컷(최종),3.65,2026,28,5.22
전북대,자연과학계열2,교과,학생부교과(지역인재1유형-호남권),70%컷(최종),3.97,2026,24,6.76
전북대,치의예과,교과,학생부교과(지역인재1유형-호남권),70%컷(최종),1.13,2026,5,9.5
전북대,농업생명과학계열,교과,학생부교과(지역인재1유형-호남권),70%컷(최종),3.76,2026,31,7.39
전북대,본부 융합자율전공학부1(전주캠퍼스),교과,학생부교과(지역인재1유형-호남권),70%컷(최종),4.52,2025,50,14.52
전북대,생활과학계열,교과,학생부교과(지역인재1유형-호남권),70%컷(최종),4.05,2026,10,6
전북대,간호학과,교과,학생부교과(지역인재2유형-전북권),70%컷(최종),2.41,2026,38,4.61
전북대,약학과,교과,학생부교과(지역인재2유형-전북권),70%컷(최종),1.27,2026,7,8.71
전북대,의예과,교과,학생부교과(지역인재2유형-전북권),70%컷(최종),1.65,2026,45,10.04
전북대,치의예과,교과,학생부교과(지역인재2유형-전북권),70%컷(최종),1.26,2026,19,7.39
전북대(익산),수의예과,교과,학생부교과(일반학생),70%컷(최종),1.19,2026,10,11.1
전북대(익산),환경생명자원계열,교과,학생부교과(일반학생),70%컷(최종),4.5,2026,33,9.29
전북대(익산),본부 융합자율전공학부2(특성화캠퍼스),교과,학생부교과(일반학생),70%컷(최종),5.19,2025,9,23.11
전북대(익산),수의예과,종합,학생부종합(큰사람),70%컷(최종),1.54,2025,3,19.67
전북대(익산),환경생명자원계열,종합,학생부종합(큰사람),70%컷(최종),4.9,2026,12,11
전북대(익산),수의예과,교과,학생부교과(지역인재1유형-호남권),70%컷(최종),1.23,2026,5,15.4
전북대(익산),환경생명자원계열,교과,학생부교과(지역인재1유형-호남권),70%컷(최종),4.61,2026,21,11.38
전북대(익산),본부 융합자율전공학부2(특성화캠퍼스),교과,학생부교과(지역인재1유형-호남권),70%컷(최종),5.15,2025,9,24.22
전북대(익산),수의예과,교과,학생부교과(지역인재2유형-전북권),70%컷(최종),1.46,2026,15,8.24
전주교대,초등교육과,종합,학생부종합(교직적성우수자전형),80%컷(최종),3.23,2025,48,13.71
전주교대,초등교육과,종합,학생부종합(지역인재선발전형),80%컷(최종),3.37,2025,114,3.75
전주대,[유형2] 경영대학,교과,학생부교과(달란트전형),70%컷(최종),7.66,2026,50,2.02
전주대,[유형2] 인문콘텐츠대학,교과,학생부교과(달란트전형),70%컷(최종),7.22,2026,30,2
전주대,[유형1] 자유전공학부,교과,학생부교과(달란트전형),70%컷(최종),6.6,2026,158,4.46
전주대,[유형2] 경영대학,교과,학생부교과(일반학생전형),70%컷(최종),7.02,2026,80,3.58
전주대,[유형2] 인문콘텐츠대학,교과,학생부교과(일반학생전형),70%컷(최종),5.82,2026,36,3.66
전주대,가정교육과,교과,학생부교과(일반학생전형),70%컷(최종),4.42,2026,10,7.9
전주대,경찰학과,교과,학생부교과(일반학생전형),70%컷(최종),5.07,2026,27,5.15
전주대,관광경영학과,교과,학생부교과(일반학생전형),70%컷(최종),7.08,2026,30,2.9
전주대,국어교육과,교과,학생부교과(일반학생전형),70%컷(최종),3.93,2026,15,8.09
전주대,문헌정보학과,교과,학생부교과(일반학생전형),70%컷(최종),4.01,2026,17,6.53
전주대,법학과,교과,학생부교과(일반학생전형),70%컷(최종),6.54,2026,34,2.61
전주대,사회복지학과,교과,학생부교과(일반학생전형),70%컷(최종),5.71,2026,17,5.94
전주대,상담심리학과,교과,학생부교과(일반학생전형),70%컷(최종),4.36,2026,28,5.72
전주대,영어교육과,교과,학생부교과(일반학생전형),70%컷(최종),4.52,2026,16,5.77
전주대,외식산업조리학과,교과,학생부교과(일반학생전형),70%컷(최종),5.21,2026,14,7.88
전주대,중등특수교육과,교과,학생부교과(일반학생전형),70%컷(최종),5.61,2026,16,3.83
전주대,패션산업학과,교과,학생부교과(일반학생전형),70%컷(최종),6.01,2026,13,4.77
전주대,한문교육과,교과,학생부교과(일반학생전형),70%컷(최종),6.21,2026,10,3.11
전주대,한식조리학과,교과,학생부교과(일반학생전형),70%컷(최종),4.6,2026,19,4.89
전주대,행정학과,교과,학생부교과(일반학생전형),70%컷(최종),6.51,2026,25,3.21
전주대,호텔경영학과,교과,학생부교과(일반학생전형),70%컷(최종),6.51,2026,23,4.11
전주대,간호학과,교과,학생부교과(일반학생전형),70%컷(최종),1.84,2026,10,14.4
전주대,건축공학과,교과,학생부교과(일반학생전형),70%컷(최종),7.03,2026,24,4.05
전주대,건축학과(5년제),교과,학생부교과(일반학생전형),70%컷(최종),5.37,2026,18,4.71
전주대,과학교육과,교과,학생부교과(일반학생전형),70%컷(최종),4.78,2026,17,2.71
전주대,기계공학과,교과,학생부교과(일반학생전형),70%컷(최종),6.76,2026,23,5
전주대,기계자동차공학과,교과,학생부교과(일반학생전형),70%컷(최종),7.06,2026,28,3.53
전주대,데이터사이언스학과,교과,학생부교과(일반학생전형),70%컷(최종),7.19,2026,16,2.13
전주대,물리치료학과,교과,학생부교과(일반학생전형),70%컷(최종),4.23,2026,6,13.5
전주대,방사선학과,교과,학생부교과(일반학생전형),70%컷(최종),4.57,2026,10,19
전주대,보건관리학과,교과,학생부교과(일반학생전형),70%컷(최종),5.82,2026,17,7.85
전주대,소방안전공학과,교과,학생부교과(일반학생전형),70%컷(최종),5.8,2026,18,4.76
전주대,수학교육과,교과,학생부교과(일반학생전형),70%컷(최종),4.58,2026,14,5.09
전주대,스마트미디어학과,교과,학생부교과(일반학생전형),70%컷(최종),7.66,2026,27,2.52
전주대,식품영양학과,교과,학생부교과(일반학생전형),70%컷(최종),6,2026,19,6.27
전주대,인공지능학과,교과,학생부교과(일반학생전형),70%컷(최종),5.93,2026,21,2.48
전주대,작업치료학과,교과,학생부교과(일반학생전형),70%컷(최종),5.16,2026,12,8.8
전주대,재활학과,교과,학생부교과(일반학생전형),70%컷(최종),6.41,2026,16,7.08
전주대,전기전자공학과,교과,학생부교과(일반학생전형),70%컷(최종),6.26,2026,12,4
전주대,정보통신공학과,교과,학생부교과(일반학생전형),70%컷(최종),7.63,2026,24,2.24
전주대,컴퓨터공학과,교과,학생부교과(일반학생전형),70%컷(최종),5.91,2026,28,2.82
전주대,토목환경공학과,교과,학생부교과(일반학생전형),70%컷(최종),6.96,2026,28,3.4
전주대,게임콘텐츠학과,교과,학생부교과(일반학생전형),70%컷(최종),5.98,2026,26,5.32
전주대,공연예술학과,교과,학생부교과(일반학생전형),70%컷(최종),6.31,2026,20,2.68
전주대,시각디자인학과,교과,학생부교과(일반학생전형),70%컷(최종),6.34,2026,25,5.24
전주대,영화방송학과,교과,학생부교과(일반학생전형),70%컷(최종),3.32,2026,15,6.91
전주대,예술심리치료학과,교과,학생부교과(일반학생전형),70%컷(최종),7.29,2026,14,2.33
전주대,운동처방학과,교과,학생부교과(일반학생전형),70%컷(최종),5.11,2026,10,8.3
전주대,[유형2] 경영대학,종합,학생부종합(일반학생전형),70%컷(최종),7.46,2026,59,2.39
전주대,[유형2] 인문콘텐츠대학,종합,학생부종합(일반학생전형),70%컷(최종),6.28,2026,33,3.18
전주대,가정교육과,종합,학생부종합(일반학생전형),70%컷(최종),5.32,2026,17,2.77
전주대,경찰학과,종합,학생부종합(일반학생전형),70%컷(최종),5.69,2026,36,3.95
전주대,국어교육과,종합,학생부종합(일반학생전형),70%컷(최종),4.7,2026,13,5.17
전주대,문헌정보학과,종합,학생부종합(일반학생전형),70%컷(최종),5.36,2026,21,4.62
전주대,법학과,종합,학생부종합(일반학생전형),70%컷(최종),5.85,2026,8,2.33
전주대,사회복지학과,종합,학생부종합(일반학생전형),70%컷(최종),6.51,2026,31,4.3
전주대,상담심리학과,종합,학생부종합(일반학생전형),70%컷(최종),5.95,2026,20,3.33
전주대,영어교육과,종합,학생부종합(일반학생전형),70%컷(최종),5.17,2026,11,3.3
전주대,외식산업조리학과,종합,학생부종합(일반학생전형),70%컷(최종),6.97,2026,25,4.37
전주대,중등특수교육과,종합,학생부종합(일반학생전형),70%컷(최종),6.02,2026,12,1.7
전주대,패션산업학과,종합,학생부종합(일반학생전형),70%컷(최종),6.79,2026,20,3.84
전주대,한문교육과,종합,학생부종합(일반학생전형),70%컷(최종),6.48,2026,9,1.67
전주대,한식조리학과,종합,학생부종합(일반학생전형),70%컷(최종),6.39,2026,30,3.41
전주대,호텔경영학과,종합,학생부종합(일반학생전형),70%컷(최종),6.6,2026,12,3.13
전주대,간호학과,종합,학생부종합(일반학생전형),70%컷(최종),4.18,2026,41,10.67
전주대,건축공학과,종합,학생부종합(일반학생전형),70%컷(최종),6.98,2026,10,2.92
전주대,건축학과(5년제),종합,학생부종합(일반학생전형),70%컷(최종),6.57,2026,20,3.68
전주대,과학교육과,종합,학생부종합(일반학생전형),70%컷(최종),6.43,2026,12,2.5
전주대,데이터사이언스학과,종합,학생부종합(일반학생전형),70%컷(최종),7.42,2026,8,1.88
전주대,물리치료학과,종합,학생부종합(일반학생전형),70%컷(최종),4.79,2026,20,12
전주대,방사선학과,종합,학생부종합(일반학생전형),70%컷(최종),5.08,2026,16,9.2
전주대,보건관리학과,종합,학생부종합(일반학생전형),70%컷(최종),6.77,2026,16,3.5
전주대,소방안전공학과,종합,학생부종합(일반학생전형),70%컷(최종),6.42,2026,20,6.91
전주대,수학교육과,종합,학생부종합(일반학생전형),70%컷(최종),5.1,2026,14,3.91
전주대,스마트미디어학과,종합,학생부종합(일반학생전형),70%컷(최종),6.27,2026,10,2.4
전주대,식품영양학과,종합,학생부종합(일반학생전형),70%컷(최종),7.26,2026,25,2.21
전주대,인공지능학과,종합,학생부종합(일반학생전형),70%컷(최종),6.1,2026,10,2.3
전주대,작업치료학과,종합,학생부종합(일반학생전형),70%컷(최종),6.28,2026,20,4.94
전주대,재활학과,종합,학생부종합(일반학생전형),70%컷(최종),6.87,2026,16,3.65
전주대,전기전자공학과,종합,학생부종합(일반학생전형),70%컷(최종),6.36,2026,20,3.27
전주대,컴퓨터공학과,종합,학생부종합(일반학생전형),70%컷(최종),5.4,2026,20,2.45
전주대,게임콘텐츠학과,종합,학생부종합(일반학생전형),70%컷(최종),6.67,2026,20,4
전주대,산업디자인학과,종합,학생부종합(일반학생전형),70%컷(최종),6.8,2026,8,3.18
전주대,영화방송학과,종합,학생부종합(일반학생전형),70%컷(최종),5.77,2026,18,4.14
전주대,운동처방학과,종합,학생부종합(일반학생전형),70%컷(최종),6.16,2026,15,4.07
전주대,[유형2] 경영대학,교과,학생부교과(지역인재1전형),70%컷(최종),6.85,2026,56,2.7
전주대,[유형2] 인문콘텐츠대학,교과,학생부교과(지역인재1전형),70%컷(최종),7.41,2026,30,2.83
전주대,관광경영학과,교과,학생부교과(지역인재1전형),70%컷(최종),5.89,2026,5,2.6
전주대,외식산업조리학과,교과,학생부교과(지역인재1전형),70%컷(최종),5.9,2026,5,9.2
전주대,패션산업학과,교과,학생부교과(지역인재1전형),70%컷(최종),6.22,2026,5,2.4
전주대,한식조리학과,교과,학생부교과(지역인재1전형),70%컷(최종),7.54,2026,5,4.2
전주대,호텔경영학과,교과,학생부교과(지역인재1전형),70%컷(최종),6.05,2026,5,3.8
전주대,간호학과,교과,학생부교과(지역인재1전형),70%컷(최종),3.78,2026,30,6.63
전주대,건축공학과,교과,학생부교과(지역인재1전형),70%컷(최종),5.92,2026,5,5.25
전주대,물리치료학과,교과,학생부교과(지역인재1전형),70%컷(최종),4.23,2026,5,10.6
전주대,방사선학과,교과,학생부교과(지역인재1전형),70%컷(최종),4.57,2026,5,8.17
전주대,보건관리학과,교과,학생부교과(지역인재1전형),70%컷(최종),6.09,2026,5,6.83
전주대,소방안전공학과,교과,학생부교과(지역인재1전형),70%컷(최종),6.15,2026,5,3.75
전주대,작업치료학과,교과,학생부교과(지역인재1전형),70%컷(최종),5.72,2026,6,6.6
전주대,전기전자공학과,교과,학생부교과(지역인재1전형),70%컷(최종),4.68,2026,5,7.5
전주대,컴퓨터공학과,교과,학생부교과(지역인재1전형),70%컷(최종),6.78,2026,5,2
전주대,게임콘텐츠학과,교과,학생부교과(지역인재1전형),70%컷(최종),6.08,2026,5,4.8
전주대,예술심리치료학과,교과,학생부교과(지역인재1전형),70%컷(최종),6.7,2026,5,2.2
전주대,체육학과,교과,학생부교과(지역인재1전형),70%컷(최종),6.14,2026,5,6.2
전주대,[유형1] 자유전공학부,교과,학생부교과(지역인재1전형),70%컷(최종),6.56,2026,35,5.74
제주국제대,복지상담학부,교과,학생부교과(일반학생전형),70%컷(최종),5.14,2024,34,
제주국제대,체육학부,교과,학생부교과(일반학생전형),70%컷(최종),6.87,2025,93,
제주국제대,체육학부(야),교과,학생부교과(일반학생전형),70%컷(최종),6.51,2024,17,
제주대,(야)경영학과,교과,학생부교과(일반학생),70%컷(최종),3.13,2026,3,2
제주대,(야)행정학과,교과,학생부교과(일반학생),70%컷(최종),4.5,2026,4,2.5
제주대,경영정보학과,교과,학생부교과(일반학생),70%컷(최종),4.89,2026,7,11.14
제주대,경영학과,교과,학생부교과(일반학생),70%컷(최종),4.32,2026,6,10.17
제주대,경제학과,교과,학생부교과(일반학생),70%컷(최종),4.68,2026,8,4.75
제주대,관광개발학과,교과,학생부교과(일반학생),70%컷(최종),5.15,2026,6,10.67
제주대,관광경영학과,교과,학생부교과(일반학생),70%컷(최종),4.32,2026,8,11.38
제주대,국어교육과,교과,학생부교과(일반학생),70%컷(최종),4.9,2025,3,6.33
제주대,국어국문학과,교과,학생부교과(일반학생),70%컷(최종),4.8,2026,9,10
제주대,독일학과,교과,학생부교과(일반학생),70%컷(최종),5.88,2026,9,4.36
제주대,무역학과,교과,학생부교과(일반학생),70%컷(최종),5.16,2026,8,5.13
제주대,사학과,교과,학생부교과(일반학생),70%컷(최종),4.79,2026,9,4.11
제주대,사회교육과,교과,학생부교과(일반학생),70%컷(최종),2.77,2025,2,6
제주대,사회학과,교과,학생부교과(일반학생),70%컷(최종),4.61,2026,10,7.7
제주대,산업응용경제학과,교과,학생부교과(일반학생),70%컷(최종),5.81,2026,7,7
제주대,언론홍보학과,교과,학생부교과(일반학생),70%컷(최종),4.16,2026,11,5.83
제주대,영어교육과,교과,학생부교과(일반학생),70%컷(최종),3.16,2025,3,4.67
제주대,영어영문학과,교과,학생부교과(일반학생),70%컷(최종),4.28,2026,4,5
제주대,윤리교육과,교과,학생부교과(일반학생),70%컷(최종),4.54,2025,2,16.5
제주대,일어일문학과,교과,학생부교과(일반학생),70%컷(최종),4.86,2026,10,7.91
제주대,정치외교학과,교과,학생부교과(일반학생),70%컷(최종),5.02,2026,11,6.33
제주대,중어중문학과,교과,학생부교과(일반학생),70%컷(최종),4.98,2026,5,9.4
제주대,지리교육과,교과,학생부교과(일반학생),70%컷(최종),4.31,2025,3,10.67
제주대,철학과,교과,학생부교과(일반학생),70%컷(최종),5.07,2026,7,6
제주대,행정학과,교과,학생부교과(일반학생),70%컷(최종),4.5,2026,10,3.9
제주대,회계학과,교과,학생부교과(일반학생),70%컷(최종),4.66,2026,7,3.43
제주대,간호학과,교과,학생부교과(일반학생),70%컷(최종),3.23,2026,16,13.47
제주대,건축공학과,교과,학생부교과(일반학생),70%컷(최종),5.7,2026,6,3.5
제주대,건축학과,교과,학생부교과(일반학생),평균(최종),3.49,2025,2,11
제주대,기계시스템공학과,교과,학생부교과(일반학생),70%컷(최종),5.33,2026,19,4.79
제주대,데이터사이언스학 과,교과,학생부교과(일반학생),70%컷(최종),5.81,2026,8,3.75
제주대,물리학과,교과,학생부교과(일반학생),70%컷(최종),6.89,2026,6,4.43
제주대,바이오메디컬정보학과,교과,학생부교과(일반학생),70%컷(최종),5.71,2026,8,7.3
제주대,생명공학부,교과,학생부교과(일반학생),70%컷(최종),4.94,2026,18,3.26
제주대,생물학과,교과,학생부교과(일반학생),70%컷(최종),5.84,2026,9,3.78
제주대,생활환경복지학과,교과,학생부교과(일반학생),70%컷(최종),4.93,2026,10,7.5
제주대,수산생명의학과,교과,학생부교과(일반학생),70%컷(최종),4.08,2026,11,4.67
제주대,수의예과,교과,학생부교과(일반학생),70%컷(최종),1.29,2026,10,20.17
제주대,수학과,교과,학생부교과(일반학생),70%컷(최종),6.77,2026,10,4.1
제주대,수학교육과,교과,학생부교과(일반학생),70%컷(최종),2.82,2025,2,6
제주대,식물자원환경전공,교과,학생부교과(일반학생),70%컷(최종),4.85,2026,6,4.67
제주대,식품생명공학과,교과,학생부교과(일반학생),70%컷(최종),4.56,2026,8,3.25
제주대,식품영양학과,교과,학생부교과(일반학생),70%컷(최종),4.39,2026,10,6.64
제주대,약학과,교과,학생부교과(일반학생),70%컷(최종),1.12,2026,6,14.5
제주대,원예과학전공,교과,학생부교과(일반학생),70%컷(최종),4.48,2026,5,4.83
제주대,원자력공학과,교과,학생부교과(일반학생),70%컷(최종),5.45,2026,6,4.33
제주대,의예과,교과,학생부교과(일반학생),70%컷(최종),1.03,2026,8,12.38
제주대,인공지능학과,교과,학생부교과(일반학생),70%컷(최종),5.44,2026,9,3.22
제주대,전기공학과,교과,학생부교과(일반학생),70%컷(최종),4.94,2026,8,4.88
제주대,전자공학과,교과,학생부교과(일반학생),70%컷(최종),4.74,2026,5,4
제주대,지구해양과학과,교과,학생부교과(일반학생),70%컷(최종),5.4,2026,9,7.44
제주대,컴퓨터공학과,교과,학생부교과(일반학생),70%컷(최종),4.18,2026,6,4.83
제주대,컴퓨터교육과,교과,학생부교과(일반학생),70%컷(최종),3.32,2025,3,4.67
제주대,토목공학과,교과,학생부교과(일반학생),70%컷(최종),5.34,2026,9,6.2
제주대,통신공학과,교과,학생부교과(일반학생),70%컷(최종),6.09,2026,6,6
제주대,패션의류학과,교과,학생부교과(일반학생),70%컷(최종),5.12,2026,9,4.89
제주대,해양산업경찰학과,교과,학생부교과(일반학생),70%컷(최종),4.68,2026,8,8.8
제주대,해양생명과학과,교과,학생부교과(일반학생),70%컷(최종),4.35,2026,8,5.63
제주대,해양시스템공학과,교과,학생부교과(일반학생),70%컷(최종),5.29,2026,8,4.88
제주대,화공그린에너지학과,교과,학생부교과(일반학생),70%컷(최종),6.08,2026,7,3.29
제주대,화학·코스메틱스학과,교과,학생부교과(일반학생),70%컷(최종),5.68,2026,7,5.43
제주대,환경공학과,교과,학생부교과(일반학생),70%컷(최종),5.64,2026,9,3.5
제주대,(야)행정학과,종합,학생부종합(일반학생),70%컷(최종),4.06,2026,2,4
제주대,경영정보학과,종합,학생부종합(일반학생),70%컷(최종),5.38,2026,4,6.75
제주대,경영학과,종합,학생부종합(일반학생),70%컷(최종),4.98,2026,4,8.75
제주대,관광경영학과,종합,학생부종합(일반학생),70%컷(최종),4.98,2026,5,17.25
제주대,국어교육과,종합,학생부종합(일반학생),70%컷(최종),4.61,2026,4,4.25
제주대,사회교육과,종합,학생부종합(일반학생),70%컷(최종),3.72,2025,3,8.67
제주대,영어교육과,종합,학생부종합(일반학생),70%컷(최종),3.33,2026,4,4.5
제주대,윤리교육과,종합,학생부종합(일반학생),70%컷(최종),3.91,2026,5,10
제주대,지리교육과,종합,학생부종합(일반학생),70%컷(최종),2.86,2025,2,8
제주대,행정학과,종합,학생부종합(일반학생),70%컷(최종),4.06,2026,4,10
제주대,회계학과,종합,학생부종합(일반학생),70%컷(최종),4.77,2026,5,6.5
제주대,간호학과,종합,학생부종합(일반학생),70%컷(최종),3.81,2026,7,25.14
제주대,기계시스템공학과,종합,학생부종합(일반학생),70%컷(최종),5.96,2026,4,8
제주대,물리교육전공,종합,학생부종합(일반학생),70%컷(최종),5.26,2026,4,5.25
제주대,바이오메디컬정보학과,종합,학생부종합(일반학생),70%컷(최종),5.97,2026,4,4.8
제주대,생명공학부,종합,학생부종합(일반학생),70%컷(최종),5.91,2026,6,5
제주대,생물교육전공,종합,학생부종합(일반학생),70%컷(최종),3.1,2025,3,7.33
제주대,수의예과,종합,학생부종합(일반학생),70%컷(최종),1.72,2025,2,43
제주대,수학교육과,종합,학생부종합(일반학생),70%컷(최종),3.83,2026,4,4.75
제주대,약학과,종합,학생부종합(일반학생),70%컷(최종),1.51,2026,3,24.5
제주대,컴퓨터공학과,종합,학생부종합(일반학생),70%컷(최종),4.35,2026,5,6.2
제주대,컴퓨터교육과,종합,학생부종합(일반학생),70%컷(최종),4.66,2025,4,7.33
제주대,경영정보학과,교과,학생부교과(지역인재),70%컷(최종),5.37,2026,5,7.33
제주대,경영학과,교과,학생부교과(지역인재),70%컷(최종),4.23,2026,15,4
제주대,경제학과,교과,학생부교과(지역인재),70%컷(최종),5.16,2026,6,3.67
제주대,관광개발학과,교과,학생부교과(지역인재),70%컷(최종),5.17,2026,7,4.86
제주대,관광경영학과,교과,학생부교과(지역인재),70%컷(최종),4.83,2026,15,6.87
제주대,국어교육과,교과,학생부교과(지역인재),70%컷(최종),4.21,2026,5,8.6
제주대,국어국문학과,교과,학생부교과(지역인재),70%컷(최종),4.8,2026,6,5.75
제주대,독일학과,교과,학생부교과(지역인재),70%컷(최종),5.57,2026,5,4.8
제주대,무역학과,교과,학생부교과(지역인재),70%컷(최종),5.29,2026,6,4.5
제주대,사학과,교과,학생부교과(지역인재),70%컷(최종),5.05,2026,7,4.83
제주대,사회교육과,교과,학생부교과(지역인재),70%컷(최종),2.7,2025,2,5.67
제주대,사회학과,교과,학생부교과(지역인재),70%컷(최종),3.12,2025,5,3.75
제주대,산업응용경제학과,교과,학생부교과(지역인재),70%컷(최종),6.08,2026,4,4.25
제주대,언론홍보학과,교과,학생부교과(지역인재),70%컷(최종),3.99,2026,5,6.75
제주대,영어교육과,교과,학생부교과(지역인재),70%컷(최종),3.36,2025,2,6
제주대,영어영문학과,교과,학생부교과(지역인재),70%컷(최종),4.49,2026,10,3.5
제주대,윤리교육과,교과,학생부교과(지역인재),70%컷(최종),3.39,2025,3,7.33
제주대,일어일문학과,교과,학생부교과(지역인재),70%컷(최종),4.6,2026,6,11.5
제주대,정치외교학과,교과,학생부교과(지역인재),70%컷(최종),4.84,2025,5,5.75
제주대,중어중문학과,교과,학생부교과(지역인재),70%컷(최종),5.37,2026,9,6
제주대,지리교육과,교과,학생부교과(지역인재),70%컷(최종),3.4,2025,3,7.67
제주대,철학과,교과,학생부교과(지역인재),70%컷(최종),5.76,2026,4,4.75
제주대,행정학과,교과,학생부교과(지역인재),70%컷(최종),3.9,2026,17,3.47
제주대,회계학과,교과,학생부교과(지역인재),70%컷(최종),5.03,2026,16,2.75
제주대,간호학과,교과,학생부교과(지역인재),70%컷(최종),3.6,2026,26,6.9
제주대,건축공학과,교과,학생부교과(지역인재),70%컷(최종),4.71,2026,4,8.75
제주대,건축학과,교과,학생부교과(지역인재),70%컷(최종),3.6,2026,6,3.83
제주대,기계시스템공학과,교과,학생부교과(지역인재),70%컷(최종),6.01,2026,9,3.25
제주대,데이터사이언스학 과,교과,학생부교과(지역인재),70%컷(최종),4.99,2026,12,3.83
제주대,물리학과,교과,학생부교과(지역인재),70%컷(최종),6.32,2025,4,3.67
제주대,바이오메디컬정보학과,교과,학생부교과(지역인재),70%컷(최종),6.16,2026,7,3.78
제주대,생명공학부,교과,학생부교과(지역인재),70%컷(최종),4.71,2026,12,3.45
제주대,생물교육전공,교과,학생부교과(지역인재),70%컷(최종),4.18,2025,2,5.5
제주대,생물학과,교과,학생부교과(지역인재),70%컷(최종),5.89,2026,5,2.8
제주대,생활환경복지학과,교과,학생부교과(지역인재),70%컷(최종),4.1,2026,4,8.25
제주대,수산생명의학과,교과,학생부교과(지역인재),70%컷(최종),5.07,2026,5,3.75
제주대,수의예과,교과,학생부교과(지역인재),70%컷(최종),1.69,2026,13,3.67
제주대,수학과,교과,학생부교과(지역인재),70%컷(최종),6.17,2026,4,7
제주대,수학교육과,교과,학생부교과(지역인재),70%컷(최종),4.34,2026,5,3.4
제주대,식물자원환경전공,교과,학생부교과(지역인재),70%컷(최종),5.97,2026,6,2.5
제주대,식품생명공학과,교과,학생부교과(지역인재),70%컷(최종),5.66,2026,5,2.8
제주대,식품영양학과,교과,학생부교과(지역인재),70%컷(최종),4.62,2026,5,3.5
제주대,약학과,교과,학생부교과(지역인재),70%컷(최종),1.59,2026,8,6.25
제주대,원예과학전공,교과,학생부교과(지역인재),70%컷(최종),4.53,2026,4,4.25
제주대,원자력공학과,교과,학생부교과(지역인재),70%컷(최종),5.31,2024,7,2.83
제주대,의예과,교과,학생부교과(지역인재),70%컷(최종),1.25,2026,10,3.7
제주대,인공지능학과,교과,학생부교과(지역인재),70%컷(최종),5.31,2026,10,3
제주대,전기공학과,교과,학생부교과(지역인재),70%컷(최종),4.32,2026,7,6.5
제주대,전자공학과,교과,학생부교과(지역인재),70%컷(최종),4.52,2026,9,2.11
제주대,지구해양과학과,교과,학생부교과(지역인재),70%컷(최종),4.99,2026,4,6
제주대,컴퓨터공학과,교과,학생부교과(지역인재),70%컷(최종),4.14,2026,7,1.83
제주대,토목공학과,교과,학생부교과(지역인재),70%컷(최종),5.65,2026,6,4.5
제주대,통신공학과,교과,학생부교과(지역인재),70%컷(최종),6.99,2026,9,3.33
제주대,패션의류학과,교과,학생부교과(지역인재),70%컷(최종),5.01,2025,4,5.5
제주대,해양산업경찰학과,교과,학생부교과(지역인재),70%컷(최종),4.85,2026,5,5
제주대,해양생명과학과,교과,학생부교과(지역인재),70%컷(최종),5.07,2025,3,3
제주대,해양시스템공학과,교과,학생부교과(지역인재),70%컷(최종),5.62,2026,5,6.6
제주대,화공그린에너지학과,교과,학생부교과(지역인재),70%컷(최종),5.39,2026,6,3
제주대,화학·코스메틱스학과,교과,학생부교과(지역인재),70%컷(최종),6.42,2026,7,2.43
제주대,환경공학과,교과,학생부교과(지역인재),70%컷(최종),6.28,2026,5,3
제주대(사라),초등교육학부,교과,학생부교과(일반학생),70%컷(최종),2.63,2025,29,9.27
제주대(사라),초등교육학부,종합,학생부종합(일반학생),70%컷(최종),2.69,2025,9,9.56
제주대(사라),초등교육학부,교과,학생부교과(지역인재),70%컷(최종),3.13,2025,28,2.93
조선대,군사학과,교과,학생부교과(군사학과전형),70%컷(최종),6.53,2026,30,
조선대,경영학부,교과,학생부교과(일반전형),70%컷(최종),5.17,2026,117,3.01
조선대,경제학과,교과,학생부교과(일반전형),70%컷(최종),5.28,2026,52,4.28
조선대,공공인재법무학과,교과,학생부교과(일반전형),70%컷(최종),5.81,2026,14,3.07
조선대,교육학과,교과,학생부교과(일반전형),70%컷(최종),4.2,2026,8,6.13
조선대,국어교육과,교과,학생부교과(일반전형),70%컷(최종),3.8,2026,16,6.69
조선대,국어국문학부,교과,학생부교과(일반전형),70%컷(최종),5.48,2026,18,4.4
조선대,무역학과,교과,학생부교과(일반전형),70%컷(최종),6.01,2026,33,5.82
조선대,미디어커뮤니케이션학과,교과,학생부교과(일반전형),70%컷(최종),4.07,2026,13,8.13
조선대,법학과,교과,학생부교과(일반전형),70%컷(최종),5.04,2026,39,4.78
조선대,수학교육과,교과,학생부교과(일반전형),70%컷(최종),4.15,2026,12,5.62
조선대,역사문화학과,교과,학생부교과(일반전형),70%컷(최종),5.48,2026,15,3.94
조선대,영어교육과,교과,학생부교과(일반전형),70%컷(최종),4.08,2026,16,4.75
조선대,영어영문학과,교과,학생부교과(일반전형),70%컷(최종),5.62,2026,40,4.71
조선대,일본어과,교과,학생부교과(일반전형),70%컷(최종),4.7,2026,11,9.45
조선대,정치외교학과,교과,학생부교과(일반전형),70%컷(최종),5.64,2026,23,4.85
조선대,특수교육과,교과,학생부교과(일반전형),70%컷(최종),4.46,2026,11,8.45
조선대,간호학과,교과,학생부교과(일반전형),70%컷(최종),2.84,2026,30,15.5
조선대,건축공학과,교과,학생부교과(일반전형),70%컷(최종),4.31,2026,17,4.15
조선대,건축학과(5년제),교과,학생부교과(일반전형),70%컷(최종),4.2,2026,22,4.75
조선대,기계공학과,교과,학생부교과(일반전형),70%컷(최종),5.72,2026,99,3.88
조선대,생명화학공학과,교과,학생부교과(일반전형),70%컷(최종),4.26,2026,11,4.33
조선대,생물교육과,교과,학생부교과(일반전형),70%컷(최종),4.63,2026,11,4.91
조선대,약학과,교과,학생부교과(일반전형),70%컷(최종),1.2,2026,12,14.5
조선대,용접·접합과학공학과,교과,학생부교과(일반전형),70%컷(최종),7.22,2026,6,4.43
조선대,원자력공학과,교과,학생부교과(일반전형),70%컷(최종),7.04,2026,10,4.7
조선대,의예과,교과,학생부교과(일반전형),70%컷(최종),1.09,2026,17,13.71
조선대,작업치료학과,교과,학생부교과(일반전형),70%컷(최종),4.41,2026,12,11.54
조선대,전기공학과,교과,학생부교과(일반전형),70%컷(최종),3.95,2026,24,7.19
조선대,지구과학교육과,교과,학생부교과(일반전형),70%컷(최종),4.72,2026,10,5.3
조선대,첨단에너지공학과,교과,학생부교과(일반전형),70%컷(최종),6.12,2026,17,5.4
조선대,치의예과,교과,학생부교과(일반전형),70%컷(최종),1.14,2026,7,14.86
조선대,토목공학과,교과,학생부교과(일반전형),70%컷(최종),4.85,2026,22,4.88
조선대,항공우주공학과,교과,학생부교과(일반전형),70%컷(최종),4.9,2026,7,6.25
조선대,화학교육과,교과,학생부교과(일반전형),70%컷(최종),5.76,2026,9,2.67
조선대,환경공학과,교과,학생부교과(일반전형),70%컷(최종),5.39,2026,20,5.09
조선대,라이프스타일디자인학부,교과,학생부교과(일반전형),70%컷(최종),4.5,2026,13,
조선대,스포츠산업학과,교과,학생부교과(일반전형),70%컷(최종),3.22,2026,4,12
조선대,[유형1] 자유전공학부,교과,학생부교과(일반전형),70%컷(최종),4.87,2026,32,4.29
조선대,경영학부,종합,학생부종합(면접전형),70%컷(최종),4.48,2026,5,13.67
조선대,경제학과,종합,학생부종합(면접전형),70%컷(최종),4.83,2026,5,10.17
조선대,교육학과,종합,학생부종합(면접전형),70%컷(최종),4.14,2026,8,6
조선대,국어교육과,종합,학생부종합(면접전형),70%컷(최종),3.71,2026,4,8.25
조선대,국어국문학부,종합,학생부종합(면접전형),70%컷(최종),4.93,2026,4,5
조선대,무역학과,종합,학생부종합(면접전형),70%컷(최종),4.95,2026,5,9.5
조선대,미디어커뮤니케이션학과,종합,학생부종합(면접전형),70%컷(최종),4.6,2026,5,15.33
조선대,법학과,종합,학생부종합(면접전형),70%컷(최종),4.97,2026,9,7.2
조선대,수학교육과,종합,학생부종합(면접전형),70%컷(최종),4.55,2026,4,7.25
조선대,영어교육과,종합,학생부종합(면접전형),70%컷(최종),4.8,2026,4,8.25
조선대,정치외교학과,종합,학생부종합(면접전형),70%컷(최종),4.97,2026,3,6
조선대,특수교육과,종합,학생부종합(면접전형),70%컷(최종),5.72,2025,4,8.5
조선대,간호학과,종합,학생부종합(면접전형),70%컷(최종),3.31,2026,16,14.17
조선대,건축공학과,종합,학생부종합(면접전형),70%컷(최종),5.09,2026,9,10.7
조선대,건축학과(5년제),종합,학생부종합(면접전형),70%컷(최종),3.59,2026,5,9.17
조선대,기계공학과,종합,학생부종합(면접전형),70%컷(최종),5.24,2026,4,11.17
조선대,생물교육과,종합,학생부종합(면접전형),70%컷(최종),5.32,2026,4,7
조선대,약학과,종합,학생부종합(면접전형),70%컷(최종),1.3,2026,6,32.33
조선대,의예과,종합,학생부종합(면접전형),70%컷(최종),1.22,2026,6,18.17
조선대,작업치료학과,종합,학생부종합(면접전형),70%컷(최종),5.75,2026,6,10
조선대,전기공학과,종합,학생부종합(면접전형),70%컷(최종),3.72,2026,9,5.3
조선대,지구과학교육과,종합,학생부종합(면접전형),70%컷(최종),4.31,2025,4,5.75
조선대,치의예과,종합,학생부종합(면접전형),70%컷(최종),1.33,2026,6,14.33
조선대,토목공학과,종합,학생부종합(면접전형),70%컷(최종),5.15,2026,9,12.6
조선대,환경공학과,종합,학생부종합(면접전형),70%컷(최종),4.44,2026,4,8.75
조선대,문예창작학과,종합,학생부종합(면접전형),70%컷(최종),5.48,2026,4,6
조선대,스포츠산업학과,종합,학생부종합(면접전형),70%컷(최종),5.39,2026,8,10.25
조선대,[유형1] 자유전공학부,종합,학생부종합(면접전형),70%컷(최종),4.48,2026,4,9.17
조선대,경영학부,종합,학생부종합(서류전형),70%컷(최종),5.16,2026,51,4.16
조선대,경제학과,종합,학생부종합(서류전형),70%컷(최종),6.21,2026,39,2.98
조선대,공공인재법무학과,종합,학생부종합(서류전형),70%컷(최종),5.7,2026,12,2.93
조선대,교육학과,종합,학생부종합(서류전형),70%컷(최종),4.45,2026,6,7
조선대,국어교육과,종합,학생부종합(서류전형),70%컷(최종),4.67,2026,15,5
조선대,국어국문학부,종합,학생부종합(서류전형),70%컷(최종),5.71,2026,10,3.8
조선대,무역학과,종합,학생부종합(서류전형),70%컷(최종),6.62,2026,30,3.7
조선대,미디어커뮤니케이션학과,종합,학생부종합(서류전형),70%컷(최종),4.8,2026,19,8.15
조선대,법학과,종합,학생부종합(서류전형),70%컷(최종),5.65,2026,20,2.59
조선대,수학교육과,종합,학생부종합(서류전형),70%컷(최종),3.97,2026,11,5.18
조선대,역사문화학과,종합,학생부종합(서류전형),70%컷(최종),5.93,2026,19,3.21
조선대,영어교육과,종합,학생부종합(서류전형),70%컷(최종),4.85,2026,15,5
조선대,영어영문학과,종합,학생부종합(서류전형),70%컷(최종),5.8,2026,16,3.79
조선대,일본어과,종합,학생부종합(서류전형),70%컷(최종),5.54,2026,14,6.21
조선대,정치외교학과,종합,학생부종합(서류전형),70%컷(최종),6.24,2026,11,3.5
조선대,특수교육과,종합,학생부종합(서류전형),70%컷(최종),4.87,2026,15,3.2
조선대,간호학과,종합,학생부종합(서류전형),70%컷(최종),2.87,2026,60,14.09
조선대,건축공학과,종합,학생부종합(서류전형),70%컷(최종),5.56,2026,18,3.9
조선대,기계공학과,종합,학생부종합(서류전형),70%컷(최종),5.81,2026,52,3.71
조선대,물리교육과,종합,학생부종합(서류전형),70%컷(최종),6.05,2026,6,3.33
조선대,생명화학공학과,종합,학생부종합(서류전형),70%컷(최종),5.95,2026,27,2.6
조선대,생물교육과,종합,학생부종합(서류전형),70%컷(최종),4.21,2026,6,7
조선대,약학과,종합,학생부종합(서류전형),70%컷(최종),1.36,2026,6,21
조선대,의예과,종합,학생부종합(서류전형),70%컷(최종),1.21,2026,6,14.83
조선대,작업치료학과,종합,학생부종합(서류전형),70%컷(최종),6.18,2026,20,6.4
조선대,전기공학과,종합,학생부종합(서류전형),70%컷(최종),4.54,2026,32,4.26
조선대,지구과학교육과,종합,학생부종합(서류전형),70%컷(최종),4.73,2026,6,4
조선대,치의예과,종합,학생부종합(서류전형),70%컷(최종),1.47,2026,6,12.83
조선대,토목공학과,종합,학생부종합(서류전형),70%컷(최종),5.38,2026,18,4.4
조선대,항공우주공학과,종합,학생부종합(서류전형),70%컷(최종),5.89,2026,9,4.2
조선대,화학교육과,종합,학생부종합(서류전형),70%컷(최종),5.05,2026,5,5
조선대,환경공학과,종합,학생부종합(서류전형),70%컷(최종),5.49,2026,5,5.17
조선대,라이프스타일디자인학부,종합,학생부종합(서류전형),70%컷(최종),6.16,2026,13,
조선대,문예창작학과,종합,학생부종합(서류전형),70%컷(최종),4.78,2026,6,8.67
조선대,문화콘텐츠학부,종합,학생부종합(서류전형),70%컷(최종),5.25,2026,8,4.86
조선대,문화콘텐츠학부,종합,학생부종합(서류전형),70%컷(최종),5.25,2026,5,
조선대,스포츠산업학과,종합,학생부종합(서류전형),70%컷(최종),4.87,2026,11,6.75
조선대,[유형1] 자유전공학부,종합,학생부종합(서류전형),70%컷(최종),4.35,2026,37,3.67
조선대,경영학부,교과,학생부교과(지역인재전형),70%컷(최종),4.99,2026,45,7.18
조선대,경제학과,교과,학생부교과(지역인재전형),70%컷(최종),5.9,2026,19,4.89
조선대,공공인재법무학과,교과,학생부교과(지역인재전형),70%컷(최종),5.01,2026,8,4.78
조선대,국어국문학부,교과,학생부교과(지역인재전형),70%컷(최종),5.13,2026,16,5.6
조선대,무역학과,교과,학생부교과(지역인재전형),70%컷(최종),5.58,2026,13,6.54
조선대,미디어커뮤니케이션학과,교과,학생부교과(지역인재전형),70%컷(최종),3.23,2026,6,7.83
조선대,법학과,교과,학생부교과(지역인재전형),70%컷(최종),4.94,2026,17,4.06
조선대,역사문화학과,교과,학생부교과(지역인재전형),70%컷(최종),5.03,2026,9,6.5
조선대,영어영문학과,교과,학생부교과(지역인재전형),70%컷(최종),5.45,2026,22,4.45
조선대,일본어과,교과,학생부교과(지역인재전형),70%컷(최종),2.58,2026,10,6.2
조선대,정치외교학과,교과,학생부교과(지역인재전형),70%컷(최종),5.8,2026,10,8.3
조선대,간호학과,교과,학생부교과(지역인재전형),70%컷(최종),2.91,2026,70,10.91
조선대,건축공학과,교과,학생부교과(지역인재전형),70%컷(최종),5.07,2025,3,12.33
조선대,기계공학과,교과,학생부교과(지역인재전형),70%컷(최종),5.23,2026,39,4.69
조선대,물리교육과,교과,학생부교과(지역인재전형),70%컷(최종),4.79,2026,4,4.5
조선대,생명화학공학과,교과,학생부교과(지역인재전형),70%컷(최종),4.79,2026,23,4.19
조선대,약학과,교과,학생부교과(지역인재전형),70%컷(최종),1.58,2026,34,7.68
조선대,용접·접합과학공학과,교과,학생부교과(지역인재전형),70%컷(최종),6.6,2026,15,3.63
조선대,원자력공학과,교과,학생부교과(지역인재전형),70%컷(최종),6.64,2026,27,2.58
조선대,의예과,교과,학생부교과(지역인재전형),70%컷(최종),1.27,2026,68,6.82
조선대,첨단에너지공학과,교과,학생부교과(지역인재전형),70%컷(최종),6.26,2026,33,3.51
조선대,치의예과,교과,학생부교과(지역인재전형),70%컷(최종),1.5,2026,43,8.12
조선대,토목공학과,교과,학생부교과(지역인재전형),70%컷(최종),4.44,2026,5,7.4
조선대,항공우주공학과,교과,학생부교과(지역인재전형),70%컷(최종),6.26,2026,21,3.22
조선대,화학교육과,교과,학생부교과(지역인재전형),70%컷(최종),4.35,2026,6,3.83
조선대,환경공학과,교과,학생부교과(지역인재전형),70%컷(최종),5.47,2026,10,4.55
조선대,[유형1] 자유전공학부,교과,학생부교과(지역인재전형),70%컷(최종),4.8,2026,23,9.21
중부대,항공운항서비스학전공,교과,학생부교과(학교생활우수자전형(항공운항서비스)),70%컷(최종),4,2026,21,5.48
중부대,경찰경호학전공,교과,학생부교과(학교생활우수자전형),70%컷(최종),4.3,2026,7,6
중부대,경찰행정학전공,교과,학생부교과(학교생활우수자전형),70%컷(최종),3.9,2026,10,6.7
중부대,간호학과,교과,학생부교과(학교생활우수자전형),70%컷(최종),3.3,2026,43,11.58
중부대,물리치료학과,교과,학생부교과(학교생활우수자전형),70%컷(최종),2.9,2026,13,16.45
중부대,반려동물사육학전공,교과,학생부교과(학교생활우수자전형),70%컷(최종),3.9,2026,17,3.94
중부대,경찰경호학전공,교과,학생부교과(학생부우수자전형),70%컷(최종),4.8,2026,33,6.32
중부대,경찰행정학전공,교과,학생부교과(학생부우수자전형),70%컷(최종),3.7,2026,59,6.81
중부대,간호학과,교과,학생부교과(학생부우수자전형),70%컷(최종),2.5,2026,40,16.64
중부대,물리치료학과,교과,학생부교과(학생부우수자전형),70%컷(최종),2.5,2026,16,16.06
중부대,반려동물사육학전공,교과,학생부교과(학생부우수자전형),70%컷(최종),3.4,2026,21,6.05
중부대,스마트팜학과,교과,학생부교과(학생부우수자전형),70%컷(최종),4.8,2026,5,4.8
중부대,응급구조학과,교과,학생부교과(학생부우수자전형),70%컷(최종),4.3,2026,12,6.61
중부대,작업치료학과,교과,학생부교과(학생부우수자전형),70%컷(최종),4.6,2026,13,5.72
중부대,스포츠건강관리학전공,교과,학생부교과(학생부우수자전형),70%컷(최종),5.1,2026,3,3.4
중부대,스포츠재활복지학전공,교과,학생부교과(학생부우수자전형),70%컷(최종),3.7,2026,3,13
중부대,[유형1] 자유전공학부,교과,학생부교과(학생부우수자전형),70%컷(최종),3.7,2026,17,4.1
중부대,경찰경호학전공,교과,학생부교과(지역인재Ⅰ전형),70%컷(최종),5.3,2026,3,3.4
중부대,경찰행정학전공,교과,학생부교과(지역인재Ⅰ전형),70%컷(최종),3.7,2026,7,3.42
중부대,간호학과,교과,학생부교과(지역인재Ⅰ전형),70%컷(최종),2.9,2026,42,9.55
중부대,물리치료학과,교과,학생부교과(지역인재Ⅰ전형),70%컷(최종),2.8,2026,5,12.4
중부대,반려동물사육학전공,교과,학생부교과(지역인재Ⅰ전형),70%컷(최종),4.1,2026,1,3.67
중부대,응급구조학과,교과,학생부교과(지역인재Ⅰ전형),70%컷(최종),4.7,2026,2,5.5
중부대,작업치료학과,교과,학생부교과(지역인재Ⅰ전형),70%컷(최종),4,2026,2,4.5
중부대(고양),항공서비스학전공,교과,학생부교과(학교생활우수자전형(항공서비스)),70%컷(최종),3.2,2026,60,27.68
중부대(고양),경영학전공,교과,학생부교과(학교생활우수자전형),70%컷(최종),3.6,2026,17,4.67
중부대(고양),공공안전학전공,교과,학생부교과(학교생활우수자전형),70%컷(최종),3.5,2026,10,5.2
중부대(고양),미디어커뮤니케이션학전공,교과,학생부교과(학교생활우수자전형),70%컷(최종),3.1,2026,17,6.2
중부대(고양),유아교육과,교과,학생부교과(학교생활우수자전형),70%컷(최종),3.1,2026,10,16.4
중부대(고양),특수교육과(유아특수교육),교과,학생부교과(학교생활우수자전형),100%컷(최종),5.1,2025,6,7.5
중부대(고양),특수교육과(중등특수교육),교과,학생부교과(학교생활우수자전형),100%컷(최종),4.6,2025,6,5
중부대(고양),특수교육과(초등특수교육),교과,학생부교과(학교생활우수자전형),100%컷(최종),4.6,2025,6,4.33
중부대(고양),건축학전공,교과,학생부교과(학교생활우수자전형),70%컷(최종),3.7,2026,8,6.25
중부대(고양),게임소프트웨어전공,교과,학생부교과(학교생활우수자전형),70%컷(최종),3.9,2026,8,6.4
중부대(고양),스마트모빌리티공학전공,교과,학생부교과(학교생활우수자전형),70%컷(최종),4.2,2026,8,9.88
중부대(고양),인공지능전공,교과,학생부교과(학교생활우수자전형),70%컷(최종),3.5,2026,4,13.5
중부대(고양),전기전자공학전공,교과,학생부교과(학교생활우수자전형),70%컷(최종),4,2026,9,5.11
중부대(고양),뷰티·패션비즈니스학전공,교과,학생부교과(학교생활우수자전형),70%컷(최종),3.7,2026,26,12.5
중부대(고양),엔터테인먼트학전공,교과,학생부교과(학교생활우수자전형),70%컷(최종),3.3,2026,8,9.75
중부대(고양),경영학전공,교과,학생부교과(학생부우수자전형),70%컷(최종),2.8,2026,30,6.08
중부대(고양),공공안전학전공,교과,학생부교과(학생부우수자전형),70%컷(최종),3.3,2026,20,4.25
중부대(고양),문헌정보학전공,교과,학생부교과(학생부우수자전형),70%컷(최종),2.7,2026,20,6.45
중부대(고양),미디어커뮤니케이션학전공,교과,학생부교과(학생부우수자전형),70%컷(최종),2.5,2026,30,8.19
중부대(고양),유아교육과,교과,학생부교과(학생부우수자전형),70%컷(최종),3,2026,28,10.29
중부대(고양),특수교육과(유아특수교육),교과,학생부교과(학생부우수자전형),100%컷(최종),5.1,2025,14,8.57
중부대(고양),특수교육과(중등특수교육),교과,학생부교과(학생부우수자전형),100%컷(최종),3.7,2025,14,4.64
중부대(고양),특수교육과(초등특수교육),교과,학생부교과(학생부우수자전형),100%컷(최종),4.5,2025,14,5.07
중부대(고양),항공서비스학전공,교과,학생부교과(학생부우수자전형),70%컷(최종),2,2026,20,7.53
중부대(고양),건축학전공,교과,학생부교과(학생부우수자전형),70%컷(최종),3.8,2026,30,3.23
중부대(고양),게임소프트웨어전공,교과,학생부교과(학생부우수자전형),70%컷(최종),3.3,2026,30,5.43
중부대(고양),동물보건학과,교과,학생부교과(학생부우수자전형),70%컷(최종),2.7,2026,21,14.7
중부대(고양),스마트모빌리티공학전공,교과,학생부교과(학생부우수자전형),70%컷(최종),4.2,2026,30,4.2
중부대(고양),인공지능전공,교과,학생부교과(학생부우수자전형),70%컷(최종),3.7,2026,24,8.08
중부대(고양),전기전자공학전공,교과,학생부교과(학생부우수자전형),70%컷(최종),3.4,2026,28,4.33
중부대(고양),정보보호학전공,교과,학생부교과(학생부우수자전형),70%컷(최종),4.2,2026,38,3.27
중부대(고양),뷰티·패션비즈니스학전공,교과,학생부교과(학생부우수자전형),70%컷(최종),3.5,2026,14,7
중부대(고양),사진영상학전공,교과,학생부교과(학생부우수자전형),70%컷(최종),3.4,2026,19,5.2
중부대(고양),엔터테인먼트학전공,교과,학생부교과(학생부우수자전형),70%컷(최종),3.1,2026,30,6.23
중부대(고양),[유형1] 자율설계학부,교과,학생부교과(학생부우수자전형),70%컷(최종),3.3,2026,192,5.97
중앙대,[유형2] 경영경제대학,교과,학생부교과(지역균형),70%컷(최종),1.72,2026,52,7.37
중앙대,[유형2] 사회과학대학,교과,학생부교과(지역균형),70%컷(최종),1.78,2026,25,11.52
중앙대,[유형2] 인문대학,교과,학생부교과(지역균형),70%컷(최종),1.8,2026,36,11.94
중앙대,경영학부 경영학,교과,학생부교과(지역균형),70%컷(최종),1.75,2026,46,7.15
중앙대,경영학부 글로벌금융,교과,학생부교과(지역균형),70%컷(최종),1.71,2026,8,10.57
중앙대,공공인재학부,교과,학생부교과(지역균형),70%컷(최종),1.77,2026,10,15.4
중앙대,교육학과,교과,학생부교과(지역균형),70%컷(최종),1.84,2026,6,12.5
중앙대,미디어커뮤니케이션학부,교과,학생부교과(지역균형),70%컷(최종),1.83,2026,9,11.89
중앙대,영어교육과,교과,학생부교과(지역균형),70%컷(최종),1.79,2026,10,8.09
중앙대,유아교육과,교과,학생부교과(지역균형),70%컷(최종),1.89,2026,8,13.83
중앙대,[유형2] 공과대학,교과,학생부교과(지역균형),70%컷(최종),1.58,2026,31,8.74
중앙대,[유형2] 자연과학대학,교과,학생부교과(지역균형),70%컷(최종),1.59,2026,30,6.93
중앙대,AI학과,교과,학생부교과(지역균형),70%컷(최종),1.6,2026,9,13.8
중앙대,기계공학부,교과,학생부교과(지역균형),70%컷(최종),1.56,2026,20,10.3
중앙대,소프트웨어학부,교과,학생부교과(지역균형),70%컷(최종),1.63,2026,22,7.43
중앙대,약학부,교과,학생부교과(지역균형),70%컷(최종),1.1,2026,10,20.2
중앙대,융합공학부,교과,학생부교과(지역균형),70%컷(최종),1.56,2026,23,9.56
중앙대,전자전기공학부,교과,학생부교과(지역균형),70%컷(최종),1.52,2026,18,11.89
중앙대,화학공학과,교과,학생부교과(지역균형),70%컷(최종),1.44,2026,10,9.1
중앙대,간호학과,교과,학생부교과(지역균형),70%컷(최종),1.68,2026,30,6.81
중앙대,경영학부 경영학,종합,학생부종합(융합형인재),70%컷(최종),2.77,2025,17,16.17
중앙대,경제학부,종합,학생부종합(융합형인재),70%컷(최종),1.91,2026,8,10.24
중앙대,공공인재학부,종합,학생부종합(융합형인재),70%컷(최종),2.4,2026,6,21.63
중앙대,광고홍보학부 광고홍보학,종합,학생부종합(융합형인재),70%컷(최종),1.94,2025,6,11
중앙대,교육학과,종합,학생부종합(융합형인재),70%컷(최종),1.95,2026,7,23.13
중앙대,국어국문학부 국어국문학,종합,학생부종합(융합형인재),70%컷(최종),1.94,2025,5,8.71
중앙대,국제물류학과,종합,학생부종합(융합형인재),70%컷(최종),3.82,2026,6,17.67
중앙대,도시계획·부동산학과,종합,학생부종합(융합형인재),70%컷(최종),2.58,2026,8,13.88
중앙대,문헌정보학과,종합,학생부종합(융합형인재),70%컷(최종),2.22,2026,7,8.22
중앙대,미디어커뮤니케이션학부,종합,학생부종합(융합형인재),70%컷(최종),1.8,2026,6,26.25
중앙대,사회복지학부,종합,학생부종합(융합형인재),70%컷(최종),2.31,2026,6,15
중앙대,사회학과,종합,학생부종합(융합형인재),70%컷(최종),1.92,2026,9,14
중앙대,심리학과,종합,학생부종합(융합형인재),70%컷(최종),1.77,2026,5,25.14
중앙대,역사학과,종합,학생부종합(융합형인재),70%컷(최종),2.04,2026,10,10.25
중앙대,영어교육과,종합,학생부종합(융합형인재),70%컷(최종),1.92,2026,12,9.4
중앙대,영어영문학과,종합,학생부종합(융합형인재),70%컷(최종),2.31,2026,10,10.75
중앙대,유아교육과,종합,학생부종합(융합형인재),70%컷(최종),2.44,2026,10,6.92
중앙대,응용통계학과,종합,학생부종합(융합형인재),70%컷(최종),1.91,2026,6,24.83
중앙대,철학과,종합,학생부종합(융합형인재),70%컷(최종),3.83,2026,8,13.5
중앙대,건축학부,종합,학생부종합(융합형인재),70%컷(최종),1.93,2026,7,11.75
중앙대,기계공학부,종합,학생부종합(융합형인재),70%컷(최종),1.88,2026,6,24.7
중앙대,사회기반시스템공학부 건설환경플랜트공학,종합,학생부종합(융합형인재),70%컷(최종),2,2025,7,17.4
중앙대,사회기반시스템공학부 도시시스템공학,종합,학생부종합(융합형인재),70%컷(최종),1.95,2025,7,15.38
중앙대,소프트웨어학부,종합,학생부종합(융합형인재),70%컷(최종),1.72,2026,9,23.25
중앙대,약학부,종합,학생부종합(융합형인재),70%컷(최종),1.16,2026,12,30.17
중앙대,에너지시스템공학부,종합,학생부종합(융합형인재),70%컷(최종),1.71,2026,5,42
중앙대,융합공학부,종합,학생부종합(융합형인재),70%컷(최종),1.73,2026,6,61.83
중앙대,의학부,종합,학생부종합(융합형인재),70%컷(최종),1.28,2026,7,39.09
중앙대,전자전기공학부,종합,학생부종합(융합형인재),70%컷(최종),1.76,2026,6,31.64
중앙대,화학공학과,종합,학생부종합(융합형인재),70%컷(최종),1.44,2026,5,40.4
중앙대,공연영상창작학부 공간연출,종합,학생부종합(융합형인재),70%컷(최종),3.41,2025,4,23.33
중앙대,체육교육과,종합,학생부종합(융합형인재),70%컷(최종),2.27,2026,15,18.27
중앙대,간호학과,종합,학생부종합(융합형인재),70%컷(최종),1.89,2026,15,12.8
중앙대,경영학부 경영학,종합,학생부종합(탐구형인재),70%컷(최종),3.25,2025,26,15.25
중앙대,경제학부,종합,학생부종합(탐구형인재),70%컷(최종),4.06,2026,13,13.67
중앙대,공공인재학부,종합,학생부종합(탐구형인재),70%컷(최종),3.71,2026,9,20.67
중앙대,광고홍보학부 광고홍보학,종합,학생부종합(탐구형인재),70%컷(최종),3.56,2025,7,17
중앙대,국어국문학부 국어국문학,종합,학생부종합(탐구형인재),70%컷(최종),3.66,2025,6,17.43
중앙대,국제물류학과,종합,학생부종합(탐구형인재),70%컷(최종),3.85,2026,8,14.63
중앙대,도시계획·부동산학과,종합,학생부종합(탐구형인재),70%컷(최종),4.11,2026,8,19.83
중앙대,미디어커뮤니케이션학부,종합,학생부종합(탐구형인재),70%컷(최종),3.34,2026,5,37.2
중앙대,사회복지학부,종합,학생부종합(탐구형인재),70%컷(최종),2.72,2026,8,15.29
중앙대,산업보안학과(인문),종합,학생부종합(탐구형인재),70%컷(최종),4.19,2026,6,12.9
중앙대,심리학과,종합,학생부종합(탐구형인재),70%컷(최종),2.61,2026,7,25.33
중앙대,아시아문화학부 일본어문학,종합,학생부종합(탐구형인재),70%컷(최종),4.25,2025,8,16.1
중앙대,아시아문화학부 중국어문학,종합,학생부종합(탐구형인재),70%컷(최종),4.11,2025,15,11.31
중앙대,영어영문학과,종합,학생부종합(탐구형인재),70%컷(최종),3.41,2026,20,10.14
중앙대,유럽문화학부 독일어문학,종합,학생부종합(탐구형인재),70%컷(최종),4.28,2025,14,8.57
중앙대,유럽문화학부 러시아어문학,종합,학생부종합(탐구형인재),70%컷(최종),4.57,2025,13,8.69
중앙대,유럽문화학부 프랑스어문학,종합,학생부종합(탐구형인재),70%컷(최종),4.24,2025,17,8.53
중앙대,정치국제학과,종합,학생부종합(탐구형인재),70%컷(최종),3.76,2026,8,27.33
중앙대,AI학과,종합,학생부종합(탐구형인재),70%컷(최종),2.54,2026,14,21.81
중앙대,건축학부,종합,학생부종합(탐구형인재),70%컷(최종),3.54,2026,13,16.23
중앙대,기계공학부,종합,학생부종합(탐구형인재),70%컷(최종),4.16,2026,15,23.78
중앙대,물리학과,종합,학생부종합(탐구형인재),70%컷(최종),2.23,2026,11,18.85
중앙대,사회기반시스템공학부 건설환경플랜트공학,종합,학생부종합(탐구형인재),70%컷(최종),6.13,2025,10,28
중앙대,생명과학과,종합,학생부종합(탐구형인재),70%컷(최종),5.05,2026,12,57
중앙대,소프트웨어학부,종합,학생부종합(탐구형인재),70%컷(최종),2.53,2026,18,19.85
중앙대,수학과,종합,학생부종합(탐구형인재),70%컷(최종),5.32,2026,12,15.5
중앙대,약학부,종합,학생부종합(탐구형인재),70%컷(최종),2.72,2026,20,21.26
중앙대,에너지시스템공학부,종합,학생부종합(탐구형인재),70%컷(최종),5.52,2026,11,29.4
중앙대,융합공학부,종합,학생부종합(탐구형인재),70%컷(최종),5.5,2026,18,29.17
중앙대,의학부,종합,학생부종합(탐구형인재),70%컷(최종),1.98,2026,15,26.13
중앙대,전자전기공학부,종합,학생부종합(탐구형인재),70%컷(최종),2.15,2026,20,19.5
중앙대,지능형반도체공학과,종합,학생부종합(탐구형인재),70%컷(최종),2.63,2026,8,22.8
중앙대,화학공학과,종합,학생부종합(탐구형인재),70%컷(최종),5.86,2026,8,29.5
중앙대,화학과,종합,학생부종합(탐구형인재),70%컷(최종),2.15,2026,8,33.75
중앙대,간호학과,종합,학생부종합(탐구형인재),70%컷(최종),2.29,2026,15,14
중앙대(다빈치),[유형2] 생명공학대학,교과,학생부교과(지역균형),70%컷(최종),2.67,2026,65,3.37
중앙대(다빈치),예술공학부,교과,학생부교과(지역균형),70%컷(최종),3.09,2026,22,3.22
중앙대(다빈치),첨단소재공학과,교과,학생부교과(지역균형),70%컷(최종),2.94,2026,8,3
중앙대(다빈치),생명자원공학부 동물생명공학,종합,학생부종합(융합형인재),70%컷(최종),3.12,2025,9,11.11
중앙대(다빈치),생명자원공학부 식물생명공학,종합,학생부종합(융합형인재),70%컷(최종),3.42,2025,6,14.71
중앙대(다빈치),시스템생명공학과,종합,학생부종합(융합형인재),70%컷(최종),2.38,2025,6,10.5
중앙대(다빈치),식품공학부 식품공학,종합,학생부종합(융합형인재),70%컷(최종),3.49,2025,12,8.21
중앙대(다빈치),식품공학부 식품영양학,종합,학생부종합(융합형인재),70%컷(최종),4,2025,10,12.55
중앙대(다빈치),예술공학부,종합,학생부종합(융합형인재),70%컷(최종),3.95,2025,19,6.05
중앙대(다빈치),첨단소재공학과,종합,학생부종합(융합형인재),70%컷(최종),4.54,2025,10,14.6
중앙대(다빈치),디자인학부 실내환경디자인,종합,학생부종합(융합형인재),70%컷(최종),3.85,2025,7,22.43
중앙대(다빈치),디자인학부 패션,종합,학생부종합(융합형인재),70%컷(최종),4.29,2025,8,24.2
중앙대(다빈치),문예창작전공,종합,학생부종합(융합형인재),70%컷(최종),3.42,2025,7,8.89
중앙대(다빈치),생명자원공학부 동물생명공학,종합,학생부종합(탐구형인재),70%컷(최종),3.93,2025,10,18.3
중앙대(다빈치),생명자원공학부 식물생명공학,종합,학생부종합(탐구형인재),70%컷(최종),3.9,2025,7,17
중앙대(다빈치),시스템생명공학과,종합,학생부종합(탐구형인재),70%컷(최종),2.95,2025,10,14.7
중앙대(다빈치),식품공학부 식품공학,종합,학생부종합(탐구형인재),70%컷(최종),4.25,2025,10,16.4
중앙대(다빈치),예술공학부,종합,학생부종합(탐구형인재),70%컷(최종),5.62,2025,15,12
중앙대(다빈치),첨단소재공학과,종합,학생부종합(탐구형인재),70%컷(최종),3.8,2025,15,12.6
중원대,[유형1] 자율전공학부,교과,학생부교과(일반1),70%컷(최종),5.08,2026,38,2.33
중원대,[유형2] 종교문화학부,교과,학생부교과(일반1),70%컷(최종),3.2,2026,15,1
중원대,경찰행정학과,교과,학생부교과(일반1),70%컷(최종),5.28,2026,13,3.32
중원대,드론봇군사학과,교과,학생부교과(일반1),70%컷(최종),4.02,2026,5,4.57
중원대,간호학과,교과,학생부교과(일반1),70%컷(최종),3.46,2026,59,6.36
중원대,보건복지학과,교과,학생부교과(일반1),70%컷(최종),3.65,2026,18,1.61
중원대,뷰티메디컬학과,교과,학생부교과(일반1),70%컷(최종),4.01,2026,6,6
중원대,스마트농산림학과,교과,학생부교과(일반1),70%컷(최종),4.63,2026,17,1.17
중원대,임상병리학과,교과,학생부교과(일반1),70%컷(최종),4.25,2026,30,4.63
중원대,작업치료학과,교과,학생부교과(일반1),70%컷(최종),4.52,2026,30,2.13
중원대,전기반도체컴퓨터공학과,교과,학생부교과(일반1),70%컷(최종),3.25,2026,22,1.36
중원대,항공정비학과,교과,학생부교과(일반1),70%컷(최종),4.37,2026,25,4.27
중원대,경찰행정학과,교과,학생부교과(일반2),70%컷(최종),3.75,2026,10,2
중원대,글로벌항공서비스학과,교과,학생부교과(일반2),70%컷(최종),4.54,2026,15,5.31
중원대,드론봇군사학과,교과,학생부교과(일반2),70%컷(최종),5.14,2026,14,2.43
중원대,간호학과,교과,학생부교과(일반2),70%컷(최종),4.74,2026,30,2.61
중원대,뷰티메디컬학과,교과,학생부교과(일반2),70%컷(최종),4.95,2026,10,4.8
중원대,임상병리학과,교과,학생부교과(일반2),70%컷(최종),5,2026,5,1.73
중원대,[유형2] 스포츠과학부,교과,학생부교과(일반2),70%컷(최종),6.67,2026,22,2.88
중원대,간호학과,종합,학생부종합(학생부종합),70%컷(최종),5,2026,40,2.83
중원대,간호학과,교과,학생부교과(지역인재1),70%컷(최종),4.75,2026,30,2.83
중원대,보건복지학과,교과,학생부교과(지역인재1),70%컷(최종),3.89,2025,3,1.33
진주교대,초등교육과,종합,학생부종합(21세기형 교직 적성자),70%컷(최종),3.05,2026,50,19.62
진주교대,초등교육과,종합,학생부종합(지역인재),70%컷(최종),3.35,2026,123,5.99
차의과학대,간호학과,교과,학생부교과(CHA학생부교과전형),70%컷(최종),2.85,2025,10,26.4
차의과학대,약학과,교과,학생부교과(CHA학생부교과전형),70%컷(최종),1.32,2025,8,19.8
차의과학대,[유형1] 글로벌미래인재대학,교과,학생부교과(CHA학생부교과전형),70%컷(최종),4.69,2025,50,7.94
차의과학대,간호학과,교과,학생부교과(지역균형선발전형),70%컷(최종),2.41,2025,22,7.05
차의과학대,약학과,교과,학생부교과(지역균형선발전형),70%컷(최종),1.2,2025,7,13.71
차의과학대,[유형1] 글로벌미래인재대학,교과,학생부교과(지역균형선발전형),70%컷(최종),3.94,2025,72,3.42
창신대,글로벌비즈니스학과,교과,학생부교과(일반계고교전형),70%컷(최종),4.88,2026,15,4.18
창신대,사회복지학과,교과,학생부교과(일반계고교전형),70%컷(최종),4.74,2026,12,6.65
창신대,유아교육과,교과,학생부교과(일반계고교전형),70%컷(최종),5.28,2026,13,5.67
창신대,간호학과,교과,학생부교과(일반계고교전형),70%컷(최종),4.3,2026,81,8.46
창신대,디지털도시건설학과,교과,학생부교과(일반계고교전형),70%컷(최종),5.86,2026,20,4
창신대,물리치료학과,교과,학생부교과(일반계고교전형),70%컷(최종),3.2,2026,15,17.13
창신대,식품영양학과,교과,학생부교과(일반계고교전형),70%컷(최종),5.58,2026,25,5.29
창신대,응급구조학과,교과,학생부교과(일반계고교전형),70%컷(최종),5.08,2026,22,11.44
창신대,항공정비기계학과,교과,학생부교과(일반계고교전형),70%컷(최종),4.4,2026,25,5
창신대,뮤직공연예술학과,교과,학생부교과(일반계고교전형),70%컷(최종),3.36,2026,7,3
창신대,미용예술학과,교과,학생부교과(일반계고교전형),70%컷(최종),4.18,2026,12,7.58
창신대,글로벌비즈니스학과,교과,학생부교과(창신인재면접전형),70%컷(최종),5.22,2026,15,2.23
창신대,사회복지학과,교과,학생부교과(창신인재면접전형),70%컷(최종),6.42,2026,8,2.92
창신대,유아교육과,교과,학생부교과(창신인재면접전형),70%컷(최종),4.18,2026,12,3.5
창신대,간호학과,교과,학생부교과(창신인재면접전형),70%컷(최종),4.96,2026,20,14.12
창신대,디지털도시건설학과,교과,학생부교과(창신인재면접전형),70%컷(최종),2.1,2026,10,5.89
창신대,물리치료학과,교과,학생부교과(창신인재면접전형),70%컷(최종),4.26,2026,10,16.3
창신대,식품영양학과,교과,학생부교과(창신인재면접전형),70%컷(최종),5.18,2026,10,8.86
창신대,응급구조학과,교과,학생부교과(창신인재면접전형),70%컷(최종),4.54,2026,8,5.88
창신대,항공정비기계학과,교과,학생부교과(창신인재면접전형),70%컷(최종),4.08,2026,5,5.63
창신대,뮤직공연예술학과,교과,학생부교과(창신인재면접전형),70%컷(최종),8.18,2026,18,2.18
창신대,미용예술학과,교과,학생부교과(창신인재면접전형),70%컷(최종),5.76,2026,22,4.32
창신대,간호학과,교과,학생부교과(지역인재전형),70%컷(최종),4.56,2026,4,11.5
창원대,공학계열자율전공학부,교과,학생부교과(글로컬인재전형),70%컷(최종),4.46,2026,20,5.13
창원대,경영계열자율전공학부,교과,학생부교과(글로컬인재전형),70%컷(최종),4.04,2026,16,7
창원대,사림아너스학부,교과,학생부교과(글로컬인재전형),70%컷(최종),4.48,2026,72,6.28
창원대,사회계열자율전공학부,교과,학생부교과(글로컬인재전형),70%컷(최종),4.15,2026,16,9
창원대,인문계열자율전공학부,교과,학생부교과(글로컬인재전형),70%컷(최종),4.52,2026,14,12.64
창원대,경영학과,교과,학생부교과(학업성적우수자전형),70%컷(최종),5.72,2026,11,4.45
창원대,국어국문학과,교과,학생부교과(학업성적우수자전형),70%컷(최종),4.77,2026,9,8.56
창원대,국제관계학과,교과,학생부교과(학업성적우수자전형),70%컷(최종),4.23,2026,8,6.25
창원대,국제무역학과,교과,학생부교과(학업성적우수자전형),70%컷(최종),4.3,2026,19,5.2
창원대,글로벌비즈니스학부,교과,학생부교과(학업성적우수자전형),70%컷(최종),4.47,2026,16,6.88
창원대,독어독문학과,교과,학생부교과(학업성적우수자전형),70%컷(최종),4.62,2026,8,7.71
창원대,미디어커뮤니케이션학과,교과,학생부교과(학업성적우수자전형),70%컷(최종),3.52,2026,7,12.29
창원대,법학과,교과,학생부교과(학업성적우수자전형),70%컷(최종),4.25,2026,8,7.44
창원대,불어불문학과,교과,학생부교과(학업성적우수자전형),70%컷(최종),4.93,2026,8,9.5
창원대,사학과,교과,학생부교과(학업성적우수자전형),70%컷(최종),4.43,2026,8,9.13
창원대,사회복지학과,교과,학생부교과(학업성적우수자전형),70%컷(최종),3.79,2026,8,8.75
창원대,사회학과,교과,학생부교과(학업성적우수자전형),70%컷(최종),4.41,2026,7,5.86
창원대,세무학과,교과,학생부교과(학업성적우수자전형),70%컷(최종),3.87,2026,10,5.1
창원대,영어영문학과,교과,학생부교과(학업성적우수자전형),70%컷(최종),5.1,2026,11,5.55
창원대,유아교육과,교과,학생부교과(학업성적우수자전형),70%컷(최종),4.03,2026,7,6.86
창원대,일어일문학과,교과,학생부교과(학업성적우수자전형),70%컷(최종),2.25,2026,9,6.44
창원대,중국학과,교과,학생부교과(학업성적우수자전형),70%컷(최종),4.96,2026,12,11.5
창원대,철학과,교과,학생부교과(학업성적우수자전형),70%컷(최종),5.07,2026,7,11.63
창원대,특수교육과,교과,학생부교과(학업성적우수자전형),70%컷(최종),3.93,2026,8,4.75
창원대,행정학과,교과,학생부교과(학업성적우수자전형),70%컷(최종),3.42,2026,16,9.13
창원대,회계학과,교과,학생부교과(학업성적우수자전형),70%컷(최종),4.04,2026,14,4.57
창원대,간호학과,교과,학생부교과(학업성적우수자전형),70%컷(최종),3,2026,4,10.42
창원대,건설시스템공학과,교과,학생부교과(학업성적우수자전형),80%컷(최종),5.46,2025,12,14.58
창원대,건축학부,교과,학생부교과(학업성적우수자전형),70%컷(최종),3.83,2026,9,9.11
창원대,기술경영공학과,교과,학생부교과(학업성적우수자전형),70%컷(최종),4.18,2026,8,5.63
창원대,산업시스템공학과,교과,학생부교과(학업성적우수자전형),70%컷(최종),3.82,2026,13,7.75
창원대,스마트오션모빌리티공학과,교과,학생부교과(학업성적우수자전형),70%컷(최종),4.74,2026,15,19.13
창원대,스마트제조융합공학과,교과,학생부교과(학업성적우수자전형),80%컷(최종),4.33,2025,20,7.52
창원대,식품영양학과,교과,학생부교과(학업성적우수자전형),70%컷(최종),5.34,2026,7,4.25
창원대,우주항공공학부,교과,학생부교과(학업성적우수자전형),70%컷(최종),3.61,2026,10,9.92
창원대,의류학과,교과,학생부교과(학업성적우수자전형),70%컷(최종),3.89,2026,7,5.78
창원대,재료금속공학과,교과,학생부교과(학업성적우수자전형),70%컷(최종),4.64,2026,14,5.14
창원대,전자공학과,교과,학생부교과(학업성적우수자전형),70%컷(최종),3.9,2026,16,5.38
창원대,지능로봇융합공학과,교과,학생부교과(학업성적우수자전형),70%컷(최종),4.56,2026,22,5.55
창원대,첨단소재융합공학과,교과,학생부교과(학업성적우수자전형),70%컷(최종),4.56,2026,8,6.5
창원대,첨단지능정보공학과,교과,학생부교과(학업성적우수자전형),80%컷(최종),3.42,2025,18,4.4
창원대,컴퓨터공학과,교과,학생부교과(학업성적우수자전형),70%컷(최종),4.83,2026,27,3.97
창원대,통계학과,교과,학생부교과(학업성적우수자전형),70%컷(최종),5.03,2026,12,9.85
창원대,환경에너지공학과,교과,학생부교과(학업성적우수자전형),80%컷(최종),5.34,2025,11,13.55
창원대,국어국문학과,종합,학생부종합(계열적합인재전형),평균(최종),4.91,2026,5,3.6
창원대,국제관계학과,종합,학생부종합(계열적합인재전형),평균(최종),4.99,2026,7,3.57
창원대,국제무역학과,종합,학생부종합(계열적합인재전형),평균(최종),4.69,2026,7,4.5
창원대,글로벌비즈니스학부,종합,학생부종합(계열적합인재전형),평균(최종),5.07,2026,7,7.83
창원대,독어독문학과,종합,학생부종합(계열적합인재전형),평균(최종),5.80,2026,4,3.75
창원대,미디어커뮤니케이션학과,종합,학생부종합(계열적합인재전형),평균(최종),3.92,2026,4,18.25
창원대,법학과,종합,학생부종합(계열적합인재전형),평균(최종),4.52,2026,7,4.43
창원대,불어불문학과,종합,학생부종합(계열적합인재전형),평균(최종),5.66,2026,5,3.8
창원대,사학과,종합,학생부종합(계열적합인재전형),평균(최종),4.28,2026,5,8.6
창원대,사회복지학과,종합,학생부종합(계열적합인재전형),평균(최종),4.50,2026,4,8.75
창원대,사회학과,종합,학생부종합(계열적합인재전형),평균(최종),5.05,2026,5,4.2
창원대,영어영문학과,종합,학생부종합(계열적합인재전형),평균(최종),4.98,2026,4,4.5
창원대,유아교육과,종합,학생부종합(계열적합인재전형),평균(최종),4.26,2026,7,5.86
창원대,일어일문학과,종합,학생부종합(계열적합인재전형),평균(최종),3.95,2026,7,7
창원대,중국학과,종합,학생부종합(계열적합인재전형),평균(최종),5.07,2026,10,5.1
창원대,철학과,종합,학생부종합(계열적합인재전형),평균(최종),5.42,2026,7,4.5
창원대,특수교육과,종합,학생부종합(계열적합인재전형),평균(최종),3.85,2026,5,5.2
창원대,행정학과,종합,학생부종합(계열적합인재전형),평균(최종),3.83,2026,7,6.8
창원대,간호학과,종합,학생부종합(계열적합인재전형),평균(최종),3.23,2026,15,17.57
창원대,스마트제조융합공학과,종합,학생부종합(계열적합인재전형),평균(최종),4.16,2025,8,6.88
창원대,식품영양학과,종합,학생부종합(계열적합인재전형),평균(최종),4.80,2026,4,7.4
창원대,우주항공공학부,종합,학생부종합(계열적합인재전형),평균(최종),3.47,2026,4,12.75
창원대,의류학과,종합,학생부종합(계열적합인재전형),평균(최종),5.11,2026,4,6.8
창원대,지능로봇융합공학과,종합,학생부종합(계열적합인재전형),평균(최종),5.02,2026,5,3.6
창원대,컴퓨터공학과,종합,학생부종합(계열적합인재전형),평균(최종),4.51,2026,9,5.57
창원대,경영학과,종합,학생부종합(지역인재전형),평균(최종),4.24,2026,24,5.04
창원대,국어국문학과,종합,학생부종합(지역인재전형),평균(최종),4.79,2026,5,8.6
창원대,국제관계학과,종합,학생부종합(지역인재전형),평균(최종),4.59,2026,5,5
창원대,국제무역학과,종합,학생부종합(지역인재전형),평균(최종),4.79,2026,3,4.67
창원대,글로벌비즈니스학부,종합,학생부종합(지역인재전형),평균(최종),4.77,2026,7,6.5
창원대,독어독문학과,종합,학생부종합(지역인재전형),평균(최종),5.71,2026,4,5
창원대,미디어커뮤니케이션학과,종합,학생부종합(지역인재전형),평균(최종),3.66,2026,4,10
창원대,법학과,종합,학생부종합(지역인재전형),평균(최종),4.26,2026,7,4.17
창원대,불어불문학과,종합,학생부종합(지역인재전형),평균(최종),5.58,2026,3,5.67
창원대,사학과,종합,학생부종합(지역인재전형),평균(최종),4.87,2026,5,4
창원대,사회복지학과,종합,학생부종합(지역인재전형),평균(최종),4.33,2026,4,10.5
창원대,세무학과,종합,학생부종합(지역인재전형),평균(최종),3.88,2026,5,3.2
창원대,영어영문학과,종합,학생부종합(지역인재전형),평균(최종),4.18,2026,4,5.75
창원대,철학과,종합,학생부종합(지역인재전형),평균(최종),5.14,2026,6,5
창원대,특수교육과,종합,학생부종합(지역인재전형),평균(최종),3.76,2026,5,4.8
창원대,행정학과,종합,학생부종합(지역인재전형),평균(최종),3.22,2026,6,8.2
창원대,회계학과,종합,학생부종합(지역인재전형),평균(최종),3.49,2026,6,5.17
창원대,간호학과,종합,학생부종합(지역인재전형),평균(최종),3.24,2026,11,11.18
창원대,건설시스템공학과,종합,학생부종합(지역인재전형),평균(최종),4.89,2025,10,5.7
창원대,건축학부,종합,학생부종합(지역인재전형),평균(최종),3.97,2025,7,7
창원대,공학계열자율전공학부,종합,학생부종합(지역인재전형),평균(최종),4.34,2026,7,5.89
창원대,기술경영공학과,종합,학생부종합(지역인재전형),평균(최종),5.13,2026,3,4.33
창원대,산업시스템공학과,종합,학생부종합(지역인재전형),평균(최종),4.71,2026,8,4.88
창원대,스마트오션모빌리티공학과,종합,학생부종합(지역인재전형),평균(최종),5.20,2026,14,6.8
창원대,식품영양학과,종합,학생부종합(지역인재전형),평균(최종),4.06,2026,4,13.6
창원대,우주항공공학부,종합,학생부종합(지역인재전형),평균(최종),3.82,2026,6,14.29
창원대,의류학과,종합,학생부종합(지역인재전형),평균(최종),4.47,2026,5,5.8
창원대,전자공학과,종합,학생부종합(지역인재전형),평균(최종),3.84,2026,10,5
창원대,지능로봇융합공학과,종합,학생부종합(지역인재전형),평균(최종),4.83,2026,11,4.55
창원대,첨단소재융합공학과,종합,학생부종합(지역인재전형),평균(최종),4.12,2026,3,5
창원대,첨단지능정보공학과,종합,학생부종합(지역인재전형),평균(최종),4.91,2025,11,4.67
창원대,컴퓨터공학과,종합,학생부종합(지역인재전형),평균(최종),4.06,2026,10,10.7
창원대,통계학과,종합,학생부종합(지역인재전형),평균(최종),5.22,2026,6,3.13
창원대,환경에너지공학과,종합,학생부종합(지역인재전형),평균(최종),4.32,2025,10,4.33
창원대,경영계열자율전공학부,종합,학생부종합(지역인재전형),평균(최종),4.38,2026,10,6.9
창원대,사림아너스학부,종합,학생부종합(지역인재전형),평균(최종),4.39,2026,31,8.62
창원대,사회계열자율전공학부,종합,학생부종합(지역인재전형),평균(최종),4.41,2026,10,10.1
창원대,인문계열자율전공학부,종합,학생부종합(지역인재전형),평균(최종),4.79,2026,8,9.63
청운대,미디어커뮤니케이션학과,교과,학생부교과(일반전형),70%컷(최종),5.4,2026,25,4.44
청운대,사회복지학과,교과,학생부교과(일반전형),70%컷(최종),6.2,2026,26,6.36
청운대,간호학과,교과,학생부교과(일반전형),70%컷(최종),3.47,2026,59,13.03
청운대,식품영양학과,교과,학생부교과(일반전형),70%컷(최종),5.73,2026,26,4.24
청운대,호텔조리베이커리경영학과,교과,학생부교과(일반전형),70%컷(최종),4.47,2026,67,9.76
청운대,방송영화영상학과,교과,학생부교과(일반전형),70%컷(최종),5.67,2026,25,6.56
청운대,[유형1] 자율전공학부,교과,학생부교과(일반전형),70%컷(최종),4.8,2026,33,5.38
청운대,공연기획경영학과,교과,학생부교과(청운인재전형),70%컷(최종),6.27,2026,25,2.12
청운대,항공서비스경영학과,교과,학생부교과(청운인재전형),70%컷(최종),4.47,2026,30,14.72
청운대,호텔조리베이커리경영학과,교과,학생부교과(청운인재전형),70%컷(최종),5.33,2026,18,8.13
청운대,스포츠과학과,교과,학생부교과(청운인재전형),70%컷(최종),6.13,2026,25,2.92
청운대,간호학과,교과,학생부교과(지역인재전형),70%컷(최종),4.27,2026,28,8.23
청운대(인천),경영학과,교과,학생부교과(일반전형),70%컷(최종),3.93,2025,28,11.96
청운대(인천),광고홍보학과,교과,학생부교과(일반전형),70%컷(최종),3.47,2025,25,12.04
청운대(인천),무역물류학과,교과,학생부교과(일반전형),70%컷(최종),3.87,2025,23,5.65
청운대(인천),건축공학과,교과,학생부교과(일반전형),70%컷(최종),4.07,2025,18,8.17
청운대(인천),설비소방학과,교과,학생부교과(일반전형),70%컷(최종),4,2025,18,7.39
청운대(인천),전자공학과,교과,학생부교과(일반전형),70%컷(최종),4,2025,26,6.42
청운대(인천),컴퓨터공학과,교과,학생부교과(일반전형),70%컷(최종),3.87,2025,31,7.74
청운대(인천),토목환경공학과,교과,학생부교과(일반전형),70%컷(최종),4.13,2025,23,4.91
청운대(인천),화학생명공학과,교과,학생부교과(일반전형),70%컷(최종),3.6,2025,20,6.95
청운대(인천),멀티미디어학과,교과,학생부교과(일반전형),70%컷(최종),3.73,2025,28,6.11
청운대(인천),[유형1] 미래융합자율전공학부,교과,학생부교과(일반전형),70%컷(최종),5.27,2024,36,5.38
청운대(인천),경영학과,교과,학생부교과(청운인재전형),70%컷(최종),4.07,2025,4,11.75
청운대(인천),광고홍보학과,교과,학생부교과(청운인재전형),70%컷(최종),3.8,2025,4,7.75
청운대(인천),무역물류학과,교과,학생부교과(청운인재전형),70%컷(최종),4.6,2025,4,6.5
청운대(인천),건축공학과,교과,학생부교과(청운인재전형),70%컷(최종),4.6,2025,4,6.5
청운대(인천),설비소방학과,교과,학생부교과(청운인재전형),70%컷(최종),4.33,2025,4,8.5
청운대(인천),전자공학과,교과,학생부교과(청운인재전형),70%컷(최종),5.87,2025,4,8.5
청운대(인천),컴퓨터공학과,교과,학생부교과(청운인재전형),70%컷(최종),3.87,2025,5,7.4
청운대(인천),토목환경공학과,교과,학생부교과(청운인재전형),70%컷(최종),4.67,2025,4,3.75
청운대(인천),화학생명공학과,교과,학생부교과(청운인재전형),70%컷(최종),4.13,2025,4,7.5
청운대(인천),멀티미디어학과,교과,학생부교과(청운인재전형),70%컷(최종),3.8,2025,4,4
청주교대,초등교육과,종합,학생부종합(배움나눔인재전형),70%컷(최종),2.91,2026,42,19.9
청주교대,초등교육과,종합,학생부종합(지역인재전형),70%컷(최종),3.62,2026,132,4.4
청주대,경영학과,교과,학생부교과(교과면접전형),70%컷(최종),6.6,2026,5,2.6
청주대,경찰행정학과,교과,학생부교과(교과면접전형),70%컷(최종),4.79,2026,5,11.5
청주대,관광경영학과,교과,학생부교과(교과면접전형),70%컷(최종),5.62,2026,6,4.2
청주대,광고홍보학과,교과,학생부교과(교과면접전형),70%컷(최종),4.96,2026,6,7.86
청주대,문헌정보학과(교직),교과,학생부교과(교과면접전형),70%컷(최종),3.97,2026,4,4.6
청주대,법학과,교과,학생부교과(교과면접전형),70%컷(최종),4.32,2026,3,7.33
청주대,사회복지학과,교과,학생부교과(교과면접전형),70%컷(최종),4.96,2026,8,7.3
청주대,신문방송학과,교과,학생부교과(교과면접전형),70%컷(최종),5.01,2026,7,3.86
청주대,영어영문학과(교직),교과,학생부교과(교과면접전형),70%컷(최종),4.27,2026,3,2.33
청주대,의료경영학과,교과,학생부교과(교과면접전형),70%컷(최종),3.04,2026,4,6
청주대,자유전공학부,교과,학생부교과(교과면접전형),70%컷(최종),4.5,2026,4,8.25
청주대,지적학과,교과,학생부교과(교과면접전형),70%컷(최종),5.14,2026,5,2
청주대,호텔외식경영학과,교과,학생부교과(교과면접전형),70%컷(최종),5.33,2026,4,3.67
청주대,간호학과,교과,학생부교과(교과면접전형),70%컷(최종),4.28,2026,53,9.25
청주대,건축공학과,교과,학생부교과(교과면접전형),70%컷(최종),5.69,2026,5,3.6
청주대,건축학과(5년제),교과,학생부교과(교과면접전형),70%컷(최종),5.73,2026,5,5.5
청주대,데이터사이언스학과,교과,학생부교과(교과면접전형),70%컷(최종),6.13,2026,3,3.67
청주대,동물보건복지학과,교과,학생부교과(교과면접전형),70%컷(최종),5.43,2026,7,11.33
청주대,디지털보안학과,교과,학생부교과(교과면접전형),70%컷(최종),5.91,2026,3,5.33
청주대,무인항공기학과,교과,학생부교과(교과면접전형),70%컷(최종),5.85,2026,5,2.67
청주대,물리치료학과,교과,학생부교과(교과면접전형),70%컷(최종),5.24,2026,32,8.06
청주대,바이오의약학과,교과,학생부교과(교과면접전형),70%컷(최종),5.38,2026,3,2.5
청주대,방사선학과,교과,학생부교과(교과면접전형),70%컷(최종),4.13,2026,23,7.09
청주대,시스템반도체공학과,교과,학생부교과(교과면접전형),70%컷(최종),5.8,2026,3,6
청주대,신소재화학과,교과,학생부교과(교과면접전형),70%컷(최종),4.94,2026,4,3
청주대,에너지융합공학과,교과,학생부교과(교과면접전형),70%컷(최종),6.18,2026,3,3
청주대,인공지능소프트웨어학과,교과,학생부교과(교과면접전형),70%컷(최종),6.13,2026,5,2.4
청주대,임상병리학과,교과,학생부교과(교과면접전형),70%컷(최종),4.99,2026,17,7.53
청주대,작업치료학과,교과,학생부교과(교과면접전형),70%컷(최종),4.26,2026,17,3.39
청주대,전기제어공학과,교과,학생부교과(교과면접전형),70%컷(최종),4.08,2026,4,2.25
청주대,전자공학과,교과,학생부교과(교과면접전형),70%컷(최종),5.16,2026,4,4.5
청주대,제약공학과,교과,학생부교과(교과면접전형),70%컷(최종),5.18,2026,4,3.8
청주대,조경학과,교과,학생부교과(교과면접전형),70%컷(최종),6.5,2026,3,2
청주대,치위생학과,교과,학생부교과(교과면접전형),70%컷(최종),3.44,2026,19,7.72
청주대,토목공학과,교과,학생부교과(교과면접전형),70%컷(최종),5.48,2026,2,3
청주대,항공기계공학과,교과,학생부교과(교과면접전형),70%컷(최종),5.19,2026,4,4.29
청주대,항공운항학과,교과,학생부교과(교과면접전형),70%컷(최종),5.18,2026,10,17
청주대,공예디자인학과,교과,학생부교과(교과면접전형),70%컷(최종),4.04,2026,3,5
청주대,디지털미디어디자인학과,교과,학생부교과(교과면접전형),70%컷(최종),4.13,2025,5,3.2
청주대,산업디자인학과,교과,학생부교과(교과면접전형),70%컷(최종),2.7,2026,5,4.33
청주대,스포츠재활학과,교과,학생부교과(교과면접전형),70%컷(최종),5.59,2026,5,5.45
청주대,시각디자인학과,교과,학생부교과(교과면접전형),70%컷(최종),3.28,2026,3,4.67
청주대,항공서비스학과,교과,학생부교과(교과면접전형-항공서비스학과),70%컷(최종),5.13,2026,65,4.92
청주대,경영학과,교과,학생부교과(교과인재전형),70%컷(최종),4.13,2026,14,3.07
청주대,경찰행정학과,교과,학생부교과(교과인재전형),70%컷(최종),3.25,2026,8,4.38
청주대,관광경영학과,교과,학생부교과(교과인재전형),70%컷(최종),4.63,2026,10,7.29
청주대,광고홍보학과,교과,학생부교과(교과인재전형),70%컷(최종),4.25,2026,10,5.92
청주대,국어교육과(사범),교과,학생부교과(교과인재전형),70%컷(최종),3.5,2026,8,4.8
청주대,무역학과,교과,학생부교과(교과인재전형),70%컷(최종),5.5,2026,8,3.6
청주대,문헌정보학과(교직),교과,학생부교과(교과인재전형),70%컷(최종),4,2026,8,3.43
청주대,법학과,교과,학생부교과(교과인재전형),70%컷(최종),3.75,2026,4,7
청주대,사회복지학과,교과,학생부교과(교과인재전형),70%컷(최종),4.25,2026,11,5.29
청주대,신문방송학과,교과,학생부교과(교과인재전형),70%컷(최종),4.75,2026,7,2.83
청주대,영어영문학과(교직),교과,학생부교과(교과인재전형),70%컷(최종),5.38,2026,6,3.17
청주대,의료경영학과,교과,학생부교과(교과인재전형),70%컷(최종),4.25,2026,6,4.5
청주대,자유전공학부,교과,학생부교과(교과인재전형),70%컷(최종),4.25,2026,7,7.43
청주대,지적학과,교과,학생부교과(교과인재전형),70%컷(최종),4.63,2026,13,2.78
청주대,호텔외식경영학과,교과,학생부교과(교과인재전형),70%컷(최종),4.88,2026,6,6.5
청주대,회계학과,교과,학생부교과(교과인재전형),70%컷(최종),4.5,2026,9,2.73
청주대,건축공학과,교과,학생부교과(교과인재전형),70%컷(최종),4.88,2026,7,4.13
청주대,건축학과(5년제),교과,학생부교과(교과인재전형),70%컷(최종),4.38,2026,5,5.14
청주대,데이터사이언스학과,교과,학생부교과(교과인재전형),70%컷(최종),5.38,2026,3,3.75
청주대,동물보건복지학과,교과,학생부교과(교과인재전형),70%컷(최종),3.25,2026,5,3.4
청주대,디지털보안학과,교과,학생부교과(교과인재전형),70%컷(최종),5.25,2026,11,3.64
청주대,무인항공기학과,교과,학생부교과(교과인재전형),70%컷(최종),5,2026,8,2.43
청주대,바이오의약학과,교과,학생부교과(교과인재전형),70%컷(최종),4.38,2026,10,5.5
청주대,수학교육과(사범),교과,학생부교과(교과인재전형),70%컷(최종),4.25,2026,7,2.1
청주대,시스템반도체공학과,교과,학생부교과(교과인재전형),70%컷(최종),4.5,2026,10,4.25
청주대,신소재화학과,교과,학생부교과(교과인재전형),70%컷(최종),5.5,2026,5,3.67
청주대,에너지융합공학과,교과,학생부교과(교과인재전형),70%컷(최종),5.88,2026,10,3.45
청주대,인공지능소프트웨어학과,교과,학생부교과(교과인재전형),70%컷(최종),4.63,2026,13,3.33
청주대,전기제어공학과,교과,학생부교과(교과인재전형),70%컷(최종),4.38,2026,7,4.67
청주대,전자공학과,교과,학생부교과(교과인재전형),70%컷(최종),5,2026,10,4
청주대,제약공학과,교과,학생부교과(교과인재전형),70%컷(최종),4.88,2026,12,2.5
청주대,조경학과,교과,학생부교과(교과인재전형),70%컷(최종),5.25,2026,8,4.22
청주대,토목공학과,교과,학생부교과(교과인재전형),70%컷(최종),5.13,2026,6,3.43
청주대,항공기계공학과,교과,학생부교과(교과인재전형),70%컷(최종),4.25,2026,4,2.33
청주대,군사학과(남),교과,학생부교과(군사학과전형),70%컷(최종),5,2026,30,2.7
청주대,군사학과(여),교과,학생부교과(군사학과전형),70%컷(최종),5,2026,10,3
청주대,경영학과,교과,학생부교과(미래인재전형),70%컷(최종),5.53,2026,10,3.42
청주대,경찰행정학과,교과,학생부교과(미래인재전형),70%컷(최종),4.26,2026,8,8.5
청주대,관광경영학과,교과,학생부교과(미래인재전형),70%컷(최종),4.93,2026,9,7
청주대,광고홍보학과,교과,학생부교과(미래인재전형),70%컷(최종),4.53,2026,19,7
청주대,국어교육과(사범),교과,학생부교과(미래인재전형),70%컷(최종),4.25,2026,5,7.6
청주대,무역학과,교과,학생부교과(미래인재전형),70%컷(최종),5.06,2026,10,5.83
청주대,문헌정보학과(교직),교과,학생부교과(미래인재전형),70%컷(최종),4.28,2026,8,6.6
청주대,법학과,교과,학생부교과(미래인재전형),70%컷(최종),4,2026,6,7.33
청주대,사회복지학과,교과,학생부교과(미래인재전형),70%컷(최종),5.69,2026,6,6
청주대,신문방송학과,교과,학생부교과(미래인재전형),70%컷(최종),4.44,2026,9,6.13
청주대,영어영문학과(교직),교과,학생부교과(미래인재전형),70%컷(최종),3.75,2026,4,6
청주대,의료경영학과,교과,학생부교과(미래인재전형),70%컷(최종),4.25,2026,4,5.75
청주대,자유전공학부,교과,학생부교과(미래인재전형),70%컷(최종),4.13,2026,9,9.57
청주대,지적학과,교과,학생부교과(미래인재전형),70%컷(최종),4.32,2026,6,2.86
청주대,호텔외식경영학과,교과,학생부교과(미래인재전형),70%컷(최종),4.9,2026,5,7
청주대,회계학과,교과,학생부교과(미래인재전형),70%컷(최종),5.48,2026,12,2.86
청주대,건축공학과,교과,학생부교과(미래인재전형),70%컷(최종),5.23,2026,6,5.13
청주대,건축학과(5년제),교과,학생부교과(미래인재전형),70%컷(최종),4.83,2026,8,5.29
청주대,데이터사이언스학과,교과,학생부교과(미래인재전형),70%컷(최종),4.79,2026,5,4.67
청주대,동물보건복지학과,교과,학생부교과(미래인재전형),70%컷(최종),4.68,2026,6,6
청주대,디지털보안학과,교과,학생부교과(미래인재전형),70%컷(최종),5.44,2026,9,3.89
청주대,무인항공기학과,교과,학생부교과(미래인재전형),70%컷(최종),4.5,2026,5,11.5
청주대,바이오의약학과,교과,학생부교과(미래인재전형),70%컷(최종),4.79,2026,7,5
청주대,수학교육과(사범),교과,학생부교과(미래인재전형),70%컷(최종),4.13,2026,5,3
청주대,시스템반도체공학과,교과,학생부교과(미래인재전형),70%컷(최종),7.18,2026,6,4.5
청주대,신소재화학과,교과,학생부교과(미래인재전형),70%컷(최종),3.96,2026,5,5.2
청주대,에너지융합공학과,교과,학생부교과(미래인재전형),70%컷(최종),4.85,2026,7,3
청주대,인공지능소프트웨어학과,교과,학생부교과(미래인재전형),70%컷(최종),4.75,2026,11,5.8
청주대,전기제어공학과,교과,학생부교과(미래인재전형),70%컷(최종),5.63,2026,10,3.29
청주대,전자공학과,교과,학생부교과(미래인재전형),70%컷(최종),4.85,2026,10,4.57
청주대,제약공학과,교과,학생부교과(미래인재전형),70%컷(최종),4.38,2026,10,5.5
청주대,조경학과,교과,학생부교과(미래인재전형),70%컷(최종),5.17,2026,8,4.57
청주대,토목공학과,교과,학생부교과(미래인재전형),70%컷(최종),5.1,2026,4,3
청주대,항공기계공학과,교과,학생부교과(미래인재전형),70%컷(최종),4.93,2026,10,5.22
청주대,경영학과,교과,학생부교과(일반전형),70%컷(최종),3.88,2026,32,6.14
청주대,경찰행정학과,교과,학생부교과(일반전형),70%컷(최종),3.25,2026,17,10.36
청주대,관광경영학과,교과,학생부교과(일반전형),70%컷(최종),4.63,2026,22,5.68
청주대,광고홍보학과,교과,학생부교과(일반전형),70%컷(최종),4,2026,30,5
청주대,국어교육과(사범),교과,학생부교과(일반전형),70%컷(최종),3.63,2026,20,5.89
청주대,무역학과,교과,학생부교과(일반전형),70%컷(최종),5.13,2026,19,3.59
청주대,문헌정보학과(교직),교과,학생부교과(일반전형),70%컷(최종),3.63,2026,17,3.19
청주대,법학과,교과,학생부교과(일반전형),70%컷(최종),4.13,2026,13,4.19
청주대,사회복지학과,교과,학생부교과(일반전형),70%컷(최종),4,2026,19,6.25
청주대,신문방송학과,교과,학생부교과(일반전형),70%컷(최종),3.88,2026,22,4.16
청주대,영어영문학과(교직),교과,학생부교과(일반전형),70%컷(최종),4.63,2026,13,4.75
청주대,의료경영학과,교과,학생부교과(일반전형),70%컷(최종),4.63,2026,21,3.78
청주대,자유전공학부,교과,학생부교과(일반전형),70%컷(최종),3.13,2026,23,8.32
청주대,지적학과,교과,학생부교과(일반전형),70%컷(최종),4.5,2026,18,4.81
청주대,항공서비스학과,교과,학생부교과(일반전형),70%컷(최종),3.75,2026,15,4.65
청주대,호텔외식경영학과,교과,학생부교과(일반전형),70%컷(최종),4.25,2026,14,5.38
청주대,회계학과,교과,학생부교과(일반전형),70%컷(최종),3.88,2026,19,3.62
청주대,간호학과,교과,학생부교과(일반전형),70%컷(최종),2.5,2026,42,4.12
청주대,건축공학과,교과,학생부교과(일반전형),70%컷(최종),5.38,2026,15,3.69
청주대,건축학과(5년제),교과,학생부교과(일반전형),70%컷(최종),4.5,2026,14,3.75
청주대,데이터사이언스학과,교과,학생부교과(일반전형),70%컷(최종),5.5,2026,20,8.67
청주대,동물보건복지학과,교과,학생부교과(일반전형),70%컷(최종),4.13,2026,15,7.5
청주대,디지털보안학과,교과,학생부교과(일반전형),70%컷(최종),4.88,2026,22,3.95
청주대,무인항공기학과,교과,학생부교과(일반전형),70%컷(최종),5,2026,16,3.78
청주대,물리치료학과,교과,학생부교과(일반전형),70%컷(최종),2,2026,5,20.33
청주대,바이오의약학과,교과,학생부교과(일반전형),70%컷(최종),4.13,2026,13,5.7
청주대,방사선학과,교과,학생부교과(일반전형),70%컷(최종),1.63,2026,3,19.5
청주대,수학교육과(사범),교과,학생부교과(일반전형),70%컷(최종),4.13,2026,19,3.13
청주대,시스템반도체공학과,교과,학생부교과(일반전형),70%컷(최종),4.75,2026,23,3.95
청주대,신소재화학과,교과,학생부교과(일반전형),70%컷(최종),4.25,2026,12,7
청주대,에너지융합공학과,교과,학생부교과(일반전형),70%컷(최종),4.88,2026,18,6.75
청주대,인공지능소프트웨어학과,교과,학생부교과(일반전형),70%컷(최종),4.13,2026,20,3.82
청주대,임상병리학과,교과,학생부교과(일반전형),70%컷(최종),3.13,2026,18,5.61
청주대,작업치료학과,교과,학생부교과(일반전형),70%컷(최종),4.38,2026,26,5.92
청주대,전기제어공학과,교과,학생부교과(일반전형),70%컷(최종),5,2026,19,5.08
청주대,전자공학과,교과,학생부교과(일반전형),70%컷(최종),4.38,2026,29,4.73
청주대,제약공학과,교과,학생부교과(일반전형),70%컷(최종),4.38,2026,21,4.42
청주대,조경학과,교과,학생부교과(일반전형),70%컷(최종),4.63,2026,16,10.86
청주대,치위생학과,교과,학생부교과(일반전형),70%컷(최종),3.5,2026,19,8.42
청주대,토목공학과,교과,학생부교과(일반전형),70%컷(최종),4.5,2026,12,4.18
청주대,항공기계공학과,교과,학생부교과(일반전형),70%컷(최종),3.63,2026,24,6.43
청주대,항공운항학과,교과,학생부교과(일반전형),70%컷(최종),2.38,2026,19,7.95
청주대,스포츠재활학과,교과,학생부교과(일반전형),70%컷(최종),3.5,2026,21,11.43
청주대,아트앤패션디자인학과,교과,학생부교과(일반전형),70%컷(최종),3.25,2026,6,6.8
청주대,경영학과,교과,학생부교과(지역인재전형),70%컷(최종),4.38,2026,5,7.5
청주대,경찰행정학과,교과,학생부교과(지역인재전형),70%컷(최종),3.88,2026,3,10.75
청주대,관광경영학과,교과,학생부교과(지역인재전형),70%컷(최종),5.13,2026,4,6
청주대,광고홍보학과,교과,학생부교과(지역인재전형),70%컷(최종),4.5,2026,9,5.13
청주대,국어교육과(사범),교과,학생부교과(지역인재전형),70%컷(최종),3.38,2026,3,8.5
청주대,무역학과,교과,학생부교과(지역인재전형),70%컷(최종),4.75,2026,6,2.5
청주대,문헌정보학과(교직),교과,학생부교과(지역인재전형),70%컷(최종),3.88,2026,4,3.67
청주대,법학과,교과,학생부교과(지역인재전형),70%컷(최종),3.13,2026,2,6
청주대,사회복지학과,교과,학생부교과(지역인재전형),70%컷(최종),4.63,2026,5,6
청주대,신문방송학과,교과,학생부교과(지역인재전형),70%컷(최종),4.13,2026,3,4.33
청주대,영어영문학과(교직),교과,학생부교과(지역인재전형),70%컷(최종),4.5,2026,2,9
청주대,의료경영학과,교과,학생부교과(지역인재전형),70%컷(최종),3.88,2026,4,3.75
청주대,자유전공학부,교과,학생부교과(지역인재전형),70%컷(최종),3.75,2026,8,18
청주대,지적학과,교과,학생부교과(지역인재전형),70%컷(최종),4.5,2026,3,3
청주대,호텔외식경영학과,교과,학생부교과(지역인재전형),70%컷(최종),4.5,2026,3,4.33
청주대,회계학과,교과,학생부교과(지역인재전형),70%컷(최종),6.25,2026,6,6
청주대,간호학과,교과,학생부교과(지역인재전형),70%컷(최종),2.88,2026,37,4.16
청주대,건축공학과,교과,학생부교과(지역인재전형),70%컷(최종),5,2026,3,2.67
청주대,건축학과(5년제),교과,학생부교과(지역인재전형),70%컷(최종),3.38,2026,4,3.5
청주대,데이터사이언스학과,교과,학생부교과(지역인재전형),70%컷(최종),6.13,2026,2,4.67
청주대,동물보건복지학과,교과,학생부교과(지역인재전형),70%컷(최종),3.25,2026,3,4
청주대,디지털보안학과,교과,학생부교과(지역인재전형),70%컷(최종),4.75,2026,6,4.5
청주대,무인항공기학과,교과,학생부교과(지역인재전형),70%컷(최종),4.63,2026,2,3
청주대,바이오의약학과,교과,학생부교과(지역인재전형),70%컷(최종),4.5,2026,4,4.5
청주대,방사선학과,교과,학생부교과(지역인재전형),70%컷(최종),1.75,2026,4,6.67
청주대,수학교육과(사범),교과,학생부교과(지역인재전형),70%컷(최종),4.88,2026,3,2.67
청주대,시스템반도체공학과,교과,학생부교과(지역인재전형),70%컷(최종),4,2026,4,8.75
청주대,신소재화학과,교과,학생부교과(지역인재전형),70%컷(최종),5,2026,2,2.67
청주대,에너지융합공학과,교과,학생부교과(지역인재전형),70%컷(최종),5.63,2026,3,4
청주대,인공지능소프트웨어학과,교과,학생부교과(지역인재전형),70%컷(최종),4.38,2026,6,6.6
청주대,임상병리학과,교과,학생부교과(지역인재전형),70%컷(최종),3.13,2026,4,10.25
청주대,전기제어공학과,교과,학생부교과(지역인재전형),70%컷(최종),4.25,2026,6,3.5
청주대,전자공학과,교과,학생부교과(지역인재전형),70%컷(최종),3.38,2026,4,4.25
청주대,제약공학과,교과,학생부교과(지역인재전형),70%컷(최종),4.5,2026,6,3.4
청주대,조경학과,교과,학생부교과(지역인재전형),70%컷(최종),4,2026,3,3.33
청주대,치위생학과,교과,학생부교과(지역인재전형),70%컷(최종),2.5,2026,6,6.25
청주대,토목공학과,교과,학생부교과(지역인재전형),70%컷(최종),5.63,2026,3,3.33
청주대,항공기계공학과,교과,학생부교과(지역인재전형),70%컷(최종),4.25,2026,6,6.75
청주대,항공운항학과,교과,학생부교과(지역인재전형),70%컷(최종),2.63,2026,4,7.5
청주대,스포츠재활학과,교과,학생부교과(지역인재전형),70%컷(최종),3.88,2026,5,8.6
초당대,간호학과,교과,학생부교과(일반고전형),70%컷(최종),5.42,2026,70,1.39
초당대,항공운항학과,교과,학생부교과(일반고전형),70%컷(최종),3.83,2026,20,4.45
초당대,간호학과,교과,학생부교과(일반학생전형),70%컷(최종),5.25,2026,90,4.48
초당대,스포츠과학부,교과,학생부교과(일반학생전형),70%컷(최종),6.33,2026,40,1.5
초당대,자율전공학부,교과,학생부교과(일반학생전형),70%컷(최종),6.5,2026,10,1
초당대,항공운항학과,교과,학생부교과(일반학생전형),70%컷(최종),3.5,2026,25,5.56
초당대,항공학부,교과,학생부교과(일반학생전형),70%컷(최종),5.25,2026,50,1.8
초당대,간호학과,교과,학생부교과(지역인재전형),70%컷(최종),5.75,2026,60,3.24
초당대,항공운항학과,교과,학생부교과(지역인재전형),70%컷(최종),5.42,2026,5,2.8
초당대,항공학부,교과,학생부교과(지역인재전형),70%컷(최종),5.75,2026,10,1.35
총신대,사회복지학과,교과,학생부교과(교과우수자),70%컷(최종),3.67,2026,6,
총신대,신학과,교과,학생부교과(교과우수자),70%컷(최종),4.39,2026,12,
총신대,유아교육과,교과,학생부교과(교과우수자),70%컷(최종),3.6,2026,12,
총신대,영어교육과,종합,학생부종합(대안학교출신자),70%컷(최종),1,2026,3,
총신대,기독교교육과,종합,학생부종합(목회자추천자),70%컷(최종),4.1,2026,7,
총신대,사회복지학과,종합,학생부종합(목회자추천자),70%컷(최종),5,2026,5,
총신대,기독교교육과,종합,학생부종합(코람데오인재),70%컷(최종),4.55,2026,11,
총신대,사회복지학과,종합,학생부종합(코람데오인재),70%컷(최종),4.62,2026,15,
총신대,신학과,종합,학생부종합(코람데오인재),70%컷(최종),5.54,2026,37,
총신대,아동학과,종합,학생부종합(코람데오인재),70%컷(최종),4.81,2026,4,
총신대,역사교육과,종합,학생부종합(코람데오인재),70%컷(최종),3.91,2026,15,
총신대,영어교육과,종합,학생부종합(코람데오인재),70%컷(최종),3.88,2026,11,
총신대,유아교육과,종합,학생부종합(코람데오인재),70%컷(최종),4.5,2026,20,
총신대,자율전공학부,종합,학생부종합(코람데오인재),70%컷(최종),4.91,2026,4,
춘천교대,초등교육학과,종합,학생부종합(교직적·인성인재),70%컷(최종),3.08,2026,96,17.04
춘천교대,초등교육학과,종합,학생부종합(강원교육인재),70%컷(최종),2.9,2026,60,4.22
충남대,경영학부,교과,학생부교과(일반전형),70%컷(최종),3.15,2026,57,5.56
충남대,경제학과,교과,학생부교과(일반전형),70%컷(최종),2.8,2026,16,8.44
충남대,고고학과,교과,학생부교과(일반전형),70%컷(최종),3.1,2026,5,15.8
충남대,공공안전융합전공,교과,학생부교과(일반전형),70%컷(최종),2.86,2026,5,9.4
충남대,교육학과,교과,학생부교과(일반전형),70%컷(최종),2.78,2026,5,14.8
충남대,국사학과,교과,학생부교과(일반전형),70%컷(최종),2.84,2026,4,29.25
충남대,국어교육과,교과,학생부교과(일반전형),70%컷(최종),2.25,2026,5,9.4
충남대,국어국문학과,교과,학생부교과(일반전형),70%컷(최종),3.08,2026,9,7.44
충남대,국제학부,교과,학생부교과(일반전형),70%컷(최종),3.33,2026,5,7.6
충남대,도시·자치융합학과,교과,학생부교과(일반전형),70%컷(최종),2.84,2026,6,18.5
충남대,독어독문학과,교과,학생부교과(일반전형),70%컷(최종),3.13,2026,8,10.38
충남대,리더십과조직과학전공,교과,학생부교과(일반전형),70%컷(최종),3.39,2026,4,38.75
충남대,무역학과,교과,학생부교과(일반전형),70%컷(최종),3,2026,9,8
충남대,문헌정보학과,교과,학생부교과(일반전형),70%컷(최종),3.36,2026,6,6.5
충남대,문화와사회융합전공,교과,학생부교과(일반전형),70%컷(최종),3.1,2026,4,52.25
충남대,불어불문학과,교과,학생부교과(일반전형),70%컷(최종),3.2,2026,6,10.5
충남대,사학과,교과,학생부교과(일반전형),70%컷(최종),3.02,2026,8,11
충남대,사회복지학과,교과,학생부교과(일반전형),70%컷(최종),2.83,2026,5,8
충남대,사회학과,교과,학생부교과(일반전형),70%컷(최종),2.84,2026,8,6.63
충남대,소비자학과,교과,학생부교과(일반전형),70%컷(최종),2.88,2026,6,13.17
충남대,식품영양학과,교과,학생부교과(일반전형),70%컷(최종),2.76,2026,9,8.11
충남대,심리학과,교과,학생부교과(일반전형),70%컷(최종),4.25,2026,5,6.4
충남대,언론정보학과,교과,학생부교과(일반전형),70%컷(최종),4.35,2026,7,6.86
충남대,언어학과,교과,학생부교과(일반전형),70%컷(최종),2.96,2026,5,11.4
충남대,영어교육과,교과,학생부교과(일반전형),70%컷(최종),2.65,2026,3,21
충남대,영어영문학과,교과,학생부교과(일반전형),70%컷(최종),2.95,2026,18,8
충남대,의류학과,교과,학생부교과(일반전형),70%컷(최종),3.17,2026,8,8
충남대,일어일문학과,교과,학생부교과(일반전형),70%컷(최종),3.61,2026,5,7
충남대,전기․전자․통신공학교육과,교과,학생부교과(일반전형),70%컷(최종),3.12,2026,10,11.3
충남대,정치외교학과,교과,학생부교과(일반전형),70%컷(최종),2.74,2026,7,6.38
충남대,중어중문학과,교과,학생부교과(일반전형),70%컷(최종),3.1,2026,9,9.11
충남대,철학과,교과,학생부교과(일반전형),70%컷(최종),2.92,2026,7,10.57
충남대,한문학과,교과,학생부교과(일반전형),70%컷(최종),3.12,2026,4,15.75
충남대,행정학부,교과,학생부교과(일반전형),70%컷(최종),2.59,2026,14,6.07
충남대,간호학과,교과,학생부교과(일반전형),70%컷(최종),1.98,2026,22,7.18
충남대,건설공학교육과,교과,학생부교과(일반전형),70%컷(최종),3.31,2026,6,23.67
충남대,건축학과(5년제),교과,학생부교과(일반전형),70%컷(최종),2.51,2025,10,4.9
충남대,기계공학교육과,교과,학생부교과(일반전형),70%컷(최종),3.34,2026,10,18.9
충남대,기계공학부,교과,학생부교과(일반전형),70%컷(최종),2.48,2026,26,8.23
충남대,기술교육과,교과,학생부교과(일반전형),70%컷(최종),3.31,2026,10,4.7
충남대,메카트로닉스공학과,교과,학생부교과(일반전형),70%컷(최종),2.74,2026,8,6.25
충남대,물리학과,교과,학생부교과(일반전형),70%컷(최종),3.01,2026,15,13.87
충남대,미생물·분자생명과학과,교과,학생부교과(일반전형),70%컷(최종),2.42,2026,9,4.33
충남대,반도체융합학과,교과,학생부교과(일반전형),70%컷(최종),2.55,2026,20,11.67
충남대,생명정보융합학과,교과,학생부교과(일반전형),70%컷(최종),2.34,2026,7,8.13
충남대,생물과학과,교과,학생부교과(일반전형),70%컷(최종),2.31,2026,10,6.1
충남대,생화학과,교과,학생부교과(일반전형),70%컷(최종),2.47,2026,7,9.29
충남대,수의예과,교과,학생부교과(일반전형),70%컷(최종),1.23,2026,14,27.29
충남대,수학과,교과,학생부교과(일반전형),70%컷(최종),2.98,2026,22,7.5
충남대,수학교육과,교과,학생부교과(일반전형),70%컷(최종),2.33,2026,6,5
충남대,스마트시티건축공학과,교과,학생부교과(일반전형),70%컷(최종),3.11,2026,14,5.33
충남대,신소재공학과,교과,학생부교과(일반전형),70%컷(최종),2.42,2026,29,5.9
충남대,약학과,교과,학생부교과(일반전형),70%컷(최종),1.24,2026,6,29.5
충남대,에너지공학과,교과,학생부교과(일반전형),70%컷(최종),2.7,2026,12,12.31
충남대,유기재료공학과,교과,학생부교과(일반전형),70%컷(최종),2.76,2026,19,4.74
충남대,응용화학공학과,교과,학생부교과(일반전형),70%컷(최종),2.21,2026,19,4.32
충남대,의예과,교과,학생부교과(일반전형),70%컷(최종),1.05,2026,12,15.58
충남대,자율운항시스템공학과,교과,학생부교과(일반전형),70%컷(최종),2.99,2026,18,9.53
충남대,전기공학과,교과,학생부교과(일반전형),70%컷(최종),2.25,2026,12,8.08
충남대,전자공학과,교과,학생부교과(일반전형),70%컷(최종),1.98,2026,13,5.46
충남대,정보통계학과,교과,학생부교과(일반전형),70%컷(최종),2.73,2026,10,7
충남대,정보통신융합학부,교과,학생부교과(일반전형),70%컷(최종),2.82,2026,30,5.07
충남대,지질환경과학과,교과,학생부교과(일반전형),70%컷(최종),3.07,2026,9,7
충남대,천문우주과학과,교과,학생부교과(일반전형),70%컷(최종),2.73,2026,8,7.63
충남대,컴퓨터인공지능학부,교과,학생부교과(일반전형),70%컷(최종),2.68,2026,52,5.17
충남대,토목공학과,교과,학생부교과(일반전형),70%컷(최종),2.84,2026,11,8.45
충남대,항공우주공학과,교과,학생부교과(일반전형),70%컷(최종),2.52,2026,10,8
충남대,해양환경과학과,교과,학생부교과(일반전형),70%컷(최종),3.06,2026,7,9
충남대,화학공학교육과,교과,학생부교과(일반전형),70%컷(최종),3.05,2026,4,17.5
충남대,화학과,교과,학생부교과(일반전형),70%컷(최종),2.58,2026,16,7.25
충남대,환경공학과,교과,학생부교과(일반전형),70%컷(최종),2.43,2026,9,7
충남대,[유형2] 자율전공융합학부,교과,학생부교과(일반전형),70%컷(최종),2.74,2026,49,5.63
충남대,경영학부,종합,학생부종합(학생부종합Ⅰ-면접전형),70%컷(최종),3.25,2026,23,14.61
충남대,경제학과,종합,학생부종합(학생부종합Ⅰ-면접전형),70%컷(최종),3.33,2026,7,15.14
충남대,고고학과,종합,학생부종합(학생부종합Ⅰ-면접전형),70%컷(최종),3.94,2026,1,17
충남대,공공안전융합전공,종합,학생부종합(학생부종합Ⅰ-면접전형),70%컷(최종),3.27,2026,2,12
충남대,교육학과,종합,학생부종합(학생부종합Ⅰ-면접전형),70%컷(최종),3.42,2026,2,13.5
충남대,국사학과,종합,학생부종합(학생부종합Ⅰ-면접전형),70%컷(최종),3.29,2026,2,17
충남대,국어교육과,종합,학생부종합(학생부종합Ⅰ-면접전형),70%컷(최종),2.79,2026,1,20
충남대,국어국문학과,종합,학생부종합(학생부종합Ⅰ-면접전형),70%컷(최종),3.27,2026,4,11.5
충남대,도시·자치융합학과,종합,학생부종합(학생부종합Ⅰ-면접전형),70%컷(최종),3.23,2026,4,16
충남대,독어독문학과,종합,학생부종합(학생부종합Ⅰ-면접전형),70%컷(최종),4.62,2026,4,14.75
충남대,리더십과조직과학전공,종합,학생부종합(학생부종합Ⅰ-면접전형),70%컷(최종),3.76,2026,1,18
충남대,무역학과,종합,학생부종합(학생부종합Ⅰ-면접전형),70%컷(최종),3.44,2026,6,12.5
충남대,문헌정보학과,종합,학생부종합(학생부종합Ⅰ-면접전형),70%컷(최종),3.19,2026,3,11.67
충남대,문화와사회융합전공,종합,학생부종합(학생부종합Ⅰ-면접전형),70%컷(최종),3.67,2026,1,21
충남대,불어불문학과,종합,학생부종합(학생부종합Ⅰ-면접전형),70%컷(최종),5.69,2026,3,10.67
충남대,사학과,종합,학생부종합(학생부종합Ⅰ-면접전형),70%컷(최종),2.93,2026,3,13.67
충남대,사회복지학과,종합,학생부종합(학생부종합Ⅰ-면접전형),70%컷(최종),3.39,2026,3,12.67
충남대,사회학과,종합,학생부종합(학생부종합Ⅰ-면접전형),70%컷(최종),3.26,2026,5,18
충남대,소비자학과,종합,학생부종합(학생부종합Ⅰ-면접전형),70%컷(최종),3.74,2026,3,15
충남대,식품영양학과,종합,학생부종합(학생부종합Ⅰ-면접전형),70%컷(최종),3.52,2026,3,23.33
충남대,심리학과,종합,학생부종합(학생부종합Ⅰ-면접전형),70%컷(최종),3.22,2026,11,14.17
충남대,언론정보학과,종합,학생부종합(학생부종합Ⅰ-면접전형),70%컷(최종),3.09,2026,4,16.75
충남대,언어학과,종합,학생부종합(학생부종합Ⅰ-면접전형),70%컷(최종),4.19,2026,2,30
충남대,영어교육과,종합,학생부종합(학생부종합Ⅰ-면접전형),70%컷(최종),3.53,2026,3,13
충남대,영어영문학과,종합,학생부종합(학생부종합Ⅰ-면접전형),70%컷(최종),4.16,2026,9,10.22
충남대,의류학과,종합,학생부종합(학생부종합Ⅰ-면접전형),70%컷(최종),3.62,2026,4,17.25
충남대,일어일문학과,종합,학생부종합(학생부종합Ⅰ-면접전형),70%컷(최종),4.83,2026,3,29.67
충남대,정치외교학과,종합,학생부종합(학생부종합Ⅰ-면접전형),70%컷(최종),3.41,2026,6,15
충남대,중어중문학과,종합,학생부종합(학생부종합Ⅰ-면접전형),70%컷(최종),3.73,2026,4,14.75
충남대,철학과,종합,학생부종합(학생부종합Ⅰ-면접전형),70%컷(최종),3.66,2026,3,20.67
충남대,한문학과,종합,학생부종합(학생부종합Ⅰ-면접전형),70%컷(최종),4.11,2026,3,11.33
충남대,행정학부,종합,학생부종합(학생부종합Ⅰ-면접전형),70%컷(최종),3.26,2026,10,9.2
충남대,간호학과,종합,학생부종합(학생부종합Ⅰ-면접전형),70%컷(최종),2.6,2026,13,16.92
충남대,건설공학교육과,종합,학생부종합(학생부종합Ⅰ-면접전형),70%컷(최종),4.09,2026,3,18.33
충남대,건축학과(5년제),종합,학생부종합(학생부종합Ⅰ-면접전형),70%컷(최종),3.13,2026,4,14.75
충남대,기계공학교육과,종합,학생부종합(학생부종합Ⅰ-면접전형),70%컷(최종),4.06,2026,4,10.25
충남대,기계공학부,종합,학생부종합(학생부종합Ⅰ-면접전형),70%컷(최종),3.07,2026,12,20
충남대,기술교육과,종합,학생부종합(학생부종합Ⅰ-면접전형),70%컷(최종),3.42,2026,4,8.25
충남대,메카트로닉스공학과,종합,학생부종합(학생부종합Ⅰ-면접전형),70%컷(최종),3.44,2026,4,14
충남대,물리학과,종합,학생부종합(학생부종합Ⅰ-면접전형),70%컷(최종),3.9,2026,8,19.13
충남대,미생물·분자생명과학과,종합,학생부종합(학생부종합Ⅰ-면접전형),70%컷(최종),3.21,2025,3,30
충남대,반도체융합학과,종합,학생부종합(학생부종합Ⅰ-면접전형),70%컷(최종),3.39,2026,9,7.7
충남대,생명정보융합학과,종합,학생부종합(학생부종합Ⅰ-면접전형),70%컷(최종),2.9,2026,3,14.75
충남대,생물과학과,종합,학생부종합(학생부종합Ⅰ-면접전형),70%컷(최종),2.56,2026,7,17
충남대,생화학과,종합,학생부종합(학생부종합Ⅰ-면접전형),70%컷(최종),3.31,2026,3,23.33
충남대,수의예과,종합,학생부종합(학생부종합Ⅰ-면접전형),70%컷(최종),1.65,2026,4,29.75
충남대,수학과,종합,학생부종합(학생부종합Ⅰ-면접전형),70%컷(최종),3.88,2026,9,13
충남대,수학교육과,종합,학생부종합(학생부종합Ⅰ-면접전형),70%컷(최종),2.52,2026,1,19
충남대,스마트시티건축공학과,종합,학생부종합(학생부종합Ⅰ-면접전형),70%컷(최종),3.51,2026,10,12.89
충남대,스포츠과학과,종합,학생부종합(학생부종합Ⅰ-면접전형),70%컷(최종),4.23,2026,10,22.7
충남대,신소재공학과,종합,학생부종합(학생부종합Ⅰ-면접전형),70%컷(최종),3.05,2026,12,8.31
충남대,에너지공학과,종합,학생부종합(학생부종합Ⅰ-면접전형),70%컷(최종),3.25,2026,7,15.67
충남대,유기재료공학과,종합,학생부종합(학생부종합Ⅰ-면접전형),70%컷(최종),3.39,2026,9,9.33
충남대,응용화학공학과,종합,학생부종합(학생부종합Ⅰ-면접전형),70%컷(최종),2.82,2026,9,8.11
충남대,의예과,종합,학생부종합(학생부종합Ⅰ-면접전형),70%컷(최종),1.12,2026,14,10.14
충남대,자율운항시스템공학과,종합,학생부종합(학생부종합Ⅰ-면접전형),70%컷(최종),3.79,2026,8,15.11
충남대,전기공학과,종합,학생부종합(학생부종합Ⅰ-면접전형),70%컷(최종),3.02,2026,5,10.6
충남대,전자공학과,종합,학생부종합(학생부종합Ⅰ-면접전형),70%컷(최종),2.77,2026,6,11.17
충남대,정보통계학과,종합,학생부종합(학생부종합Ⅰ-면접전형),70%컷(최종),3.28,2026,3,11.67
충남대,정보통신융합학부,종합,학생부종합(학생부종합Ⅰ-면접전형),70%컷(최종),3.57,2026,13,12.43
충남대,지질환경과학과,종합,학생부종합(학생부종합Ⅰ-면접전형),70%컷(최종),3.82,2026,5,17.4
충남대,천문우주과학과,종합,학생부종합(학생부종합Ⅰ-면접전형),70%컷(최종),3.17,2026,4,24.25
충남대,컴퓨터인공지능학부,종합,학생부종합(학생부종합Ⅰ-면접전형),70%컷(최종),3.16,2026,20,9.23
충남대,토목공학과,종합,학생부종합(학생부종합Ⅰ-면접전형),70%컷(최종),3.57,2026,4,18
충남대,항공우주공학과,종합,학생부종합(학생부종합Ⅰ-면접전형),70%컷(최종),3.26,2026,4,26
충남대,해양환경과학과,종합,학생부종합(학생부종합Ⅰ-면접전형),70%컷(최종),3.46,2026,4,34.25
충남대,화학공학교육과,종합,학생부종합(학생부종합Ⅰ-면접전형),70%컷(최종),3.88,2026,2,13.5
충남대,화학과,종합,학생부종합(학생부종합Ⅰ-면접전형),70%컷(최종),3.06,2026,9,11.67
충남대,환경공학과,종합,학생부종합(학생부종합Ⅰ-면접전형),70%컷(최종),2.99,2026,4,18.25
충남대,경영학부,종합,학생부종합(학생부종합Ⅰ-서류전형),70%컷(최종),3.14,2026,22,10.63
충남대,경제학과,종합,학생부종합(학생부종합Ⅰ-서류전형),70%컷(최종),2.97,2026,5,11.67
충남대,고고학과,종합,학생부종합(학생부종합Ⅰ-서류전형),70%컷(최종),3.71,2026,2,15
충남대,공공안전융합전공,종합,학생부종합(학생부종합Ⅰ-서류전형),70%컷(최종),3.06,2026,1,11
충남대,국사학과,종합,학생부종합(학생부종합Ⅰ-서류전형),70%컷(최종),3.37,2026,2,15
충남대,국어국문학과,종합,학생부종합(학생부종합Ⅰ-서류전형),70%컷(최종),3.46,2026,3,9.75
충남대,국제학부,종합,학생부종합(학생부종합Ⅰ-서류전형),70%컷(최종),3.39,2026,2,15.5
충남대,도시·자치융합학과,종합,학생부종합(학생부종합Ⅰ-서류전형),70%컷(최종),3.38,2026,2,10
충남대,독어독문학과,종합,학생부종합(학생부종합Ⅰ-서류전형),70%컷(최종),3.97,2026,3,14.67
충남대,리더십과조직과학전공,종합,학생부종합(학생부종합Ⅰ-서류전형),70%컷(최종),3.97,2026,2,12.5
충남대,무역학과,종합,학생부종합(학생부종합Ⅰ-서류전형),70%컷(최종),3.52,2026,4,13.2
충남대,문헌정보학과,종합,학생부종합(학생부종합Ⅰ-서류전형),70%컷(최종),3.25,2026,2,16
충남대,문화와사회융합전공,종합,학생부종합(학생부종합Ⅰ-서류전형),70%컷(최종),3.58,2026,2,15
충남대,불어불문학과,종합,학생부종합(학생부종합Ⅰ-서류전형),70%컷(최종),4.83,2026,3,17
충남대,사학과,종합,학생부종합(학생부종합Ⅰ-서류전형),70%컷(최종),3.39,2026,2,14
충남대,사회복지학과,종합,학생부종합(학생부종합Ⅰ-서류전형),70%컷(최종),3.19,2026,2,16.5
충남대,사회학과,종합,학생부종합(학생부종합Ⅰ-서류전형),70%컷(최종),3.3,2026,2,12.5
충남대,소비자학과,종합,학생부종합(학생부종합Ⅰ-서류전형),70%컷(최종),3.54,2026,2,20.5
충남대,식품영양학과,종합,학생부종합(학생부종합Ⅰ-서류전형),70%컷(최종),3.05,2026,2,24.33
충남대,언론정보학과,종합,학생부종합(학생부종합Ⅰ-서류전형),70%컷(최종),2.83,2026,2,13.67
충남대,언어학과,종합,학생부종합(학생부종합Ⅰ-서류전형),70%컷(최종),3.98,2026,2,12
충남대,영어영문학과,종합,학생부종합(학생부종합Ⅰ-서류전형),70%컷(최종),3.6,2026,7,10.88
충남대,의류학과,종합,학생부종합(학생부종합Ⅰ-서류전형),70%컷(최종),3.36,2026,3,14.75
충남대,일어일문학과,종합,학생부종합(학생부종합Ⅰ-서류전형),70%컷(최종),4.67,2026,2,30.5
충남대,중어중문학과,종합,학생부종합(학생부종합Ⅰ-서류전형),70%컷(최종),3.47,2026,3,16
충남대,철학과,종합,학생부종합(학생부종합Ⅰ-서류전형),70%컷(최종),4,2026,3,16.33
충남대,한문학과,종합,학생부종합(학생부종합Ⅰ-서류전형),70%컷(최종),3.74,2026,2,13.5
충남대,행정학부,종합,학생부종합(학생부종합Ⅰ-서류전형),70%컷(최종),2.84,2026,4,11.6
충남대,간호학과,종합,학생부종합(학생부종합Ⅰ-서류전형),70%컷(최종),2.51,2026,7,14
충남대,건축학과(5년제),종합,학생부종합(학생부종합Ⅰ-서류전형),70%컷(최종),2.83,2026,2,19.5
충남대,국토안보학전공(남),종합,학생부종합(학생부종합Ⅰ-서류전형),70%컷(최종),4.53,2026,3,7.67
충남대,기계공학부,종합,학생부종합(학생부종합Ⅰ-서류전형),70%컷(최종),2.99,2026,8,16.1
충남대,메카트로닉스공학과,종합,학생부종합(학생부종합Ⅰ-서류전형),70%컷(최종),3.39,2026,3,12.5
충남대,물리학과,종합,학생부종합(학생부종합Ⅰ-서류전형),70%컷(최종),3.71,2026,5,13.17
충남대,반도체융합학과,종합,학생부종합(학생부종합Ⅰ-서류전형),70%컷(최종),3.29,2026,6,14.83
충남대,생명정보융합학과,종합,학생부종합(학생부종합Ⅰ-서류전형),70%컷(최종),2.79,2026,3,26
충남대,생화학과,종합,학생부종합(학생부종합Ⅰ-서류전형),70%컷(최종),2.67,2026,3,11.33
충남대,수의예과,종합,학생부종합(학생부종합Ⅰ-서류전형),70%컷(최종),1.55,2026,2,13
충남대,수학과,종합,학생부종합(학생부종합Ⅰ-서류전형),70%컷(최종),3.84,2026,4,10.6
충남대,스마트시티건축공학과,종합,학생부종합(학생부종합Ⅰ-서류전형),70%컷(최종),3.35,2026,5,12.8
충남대,신소재공학과,종합,학생부종합(학생부종합Ⅰ-서류전형),70%컷(최종),2.97,2026,22,8.41
충남대,약학과,종합,학생부종합(학생부종합Ⅰ-서류전형),70%컷(최종),1.53,2026,2,22.5
충남대,에너지공학과,종합,학생부종합(학생부종합Ⅰ-서류전형),70%컷(최종),3.04,2026,4,15.25
충남대,유기재료공학과,종합,학생부종합(학생부종합Ⅰ-서류전형),70%컷(최종),3.24,2026,7,11.88
충남대,응용화학공학과,종합,학생부종합(학생부종합Ⅰ-서류전형),70%컷(최종),2.57,2026,7,8.13
충남대,의예과,종합,학생부종합(학생부종합Ⅰ-서류전형),70%컷(최종),1.15,2026,6,13.83
충남대,자율운항시스템공학과,종합,학생부종합(학생부종합Ⅰ-서류전형),70%컷(최종),3.48,2026,5,13.4
충남대,전기공학과,종합,학생부종합(학생부종합Ⅰ-서류전형),70%컷(최종),3.05,2026,3,12.75
충남대,전자공학과,종합,학생부종합(학생부종합Ⅰ-서류전형),70%컷(최종),2.74,2026,4,10.8
충남대,정보통계학과,종합,학생부종합(학생부종합Ⅰ-서류전형),70%컷(최종),2.53,2026,1,8
충남대,정보통신융합학부,종합,학생부종합(학생부종합Ⅰ-서류전형),70%컷(최종),3.51,2026,10,16.5
충남대,지질환경과학과,종합,학생부종합(학생부종합Ⅰ-서류전형),70%컷(최종),3.65,2026,3,21.25
충남대,천문우주과학과,종합,학생부종합(학생부종합Ⅰ-서류전형),70%컷(최종),2.79,2026,2,29
충남대,컴퓨터인공지능학부,종합,학생부종합(학생부종합Ⅰ-서류전형),70%컷(최종),3.19,2026,15,11.4
충남대,토목공학과,종합,학생부종합(학생부종합Ⅰ-서류전형),70%컷(최종),3.61,2026,2,15
충남대,항공우주공학과,종합,학생부종합(학생부종합Ⅰ-서류전형),70%컷(최종),3.39,2026,3,18.75
충남대,해양환경과학과,종합,학생부종합(학생부종합Ⅰ-서류전형),70%컷(최종),3.53,2026,3,32
충남대,화학과,종합,학생부종합(학생부종합Ⅰ-서류전형),70%컷(최종),3,2026,6,11.29
충남대,환경공학과,종합,학생부종합(학생부종합Ⅰ-서류전형),70%컷(최종),2.59,2026,3,15.25
충남대,국토안보학전공(남),종합,학생부종합(학생부종합Ⅱ-국가안보융합인재전형-국토안보학),70%컷(최종),4.53,2026,16,5.13
충남대,국토안보학전공(여),종합,학생부종합(학생부종합Ⅱ-국가안보융합인재전형-국토안보학),70%컷(최종),4.47,2026,3,10
충남대,해양안보학전공(남),종합,학생부종합(학생부종합Ⅱ-국가안보융합인재전형-해양안보학),70%컷(최종),4.47,2026,34,5.19
충남대,해양안보학전공(여),종합,학생부종합(학생부종합Ⅱ-국가안보융합인재전형-해양안보학),70%컷(최종),4.47,2026,6,3.75
충남대,컴퓨터인공지능학부,종합,학생부종합(학생부종합Ⅱ-소프트웨어인재전형),70%컷(최종),3.16,2026,4,19.25
충남대,농업경제학과,종합,학생부종합(학생부종합Ⅱ-영농창업인재전형),70%컷(최종),3.65,2026,4,16
충남대,생물환경화학과,종합,학생부종합(학생부종합Ⅱ-영농창업인재전형),70%컷(최종),4.11,2026,4,11
충남대,원예학과,종합,학생부종합(학생부종합Ⅱ-영농창업인재전형),70%컷(최종),3.79,2026,4,14.5
충남대,경영학부,교과,학생부교과(지역인재전형),70%컷(최종),2.6,2026,35,5.46
충남대,경제학과,교과,학생부교과(지역인재전형),70%컷(최종),2.75,2026,9,7.33
충남대,고고학과,교과,학생부교과(지역인재전형),70%컷(최종),3.33,2026,2,9
충남대,공공안전융합전공,교과,학생부교과(지역인재전형),70%컷(최종),2.91,2026,2,9
충남대,교육학과,교과,학생부교과(지역인재전형),70%컷(최종),2.81,2026,2,37
충남대,국사학과,교과,학생부교과(지역인재전형),70%컷(최종),3.15,2026,3,13.67
충남대,국어교육과,교과,학생부교과(지역인재전형),70%컷(최종),2.86,2026,2,8.5
충남대,국어국문학과,교과,학생부교과(지역인재전형),70%컷(최종),3.08,2026,6,8.17
충남대,국제학부,교과,학생부교과(지역인재전형),70%컷(최종),3.01,2026,2,16.5
충남대,도시·자치융합학과,교과,학생부교과(지역인재전형),70%컷(최종),2.96,2026,2,12.5
충남대,독어독문학과,교과,학생부교과(지역인재전형),70%컷(최종),3.02,2026,5,10.4
충남대,리더십과조직과학전공,교과,학생부교과(지역인재전형),70%컷(최종),3.2,2026,2,15.5
충남대,무역학과,교과,학생부교과(지역인재전형),70%컷(최종),2.8,2026,6,10.33
충남대,문헌정보학과,교과,학생부교과(지역인재전형),70%컷(최종),2.58,2026,4,5.75
충남대,문화와사회융합전공,교과,학생부교과(지역인재전형),70%컷(최종),3.25,2026,2,14.5
충남대,불어불문학과,교과,학생부교과(지역인재전형),70%컷(최종),3.39,2026,4,9.5
충남대,사학과,교과,학생부교과(지역인재전형),70%컷(최종),3.04,2026,5,8.8
충남대,사회복지학과,교과,학생부교과(지역인재전형),70%컷(최종),2.88,2026,3,6.33
충남대,사회학과,교과,학생부교과(지역인재전형),70%컷(최종),3.01,2026,5,8
충남대,소비자학과,교과,학생부교과(지역인재전형),70%컷(최종),2.93,2026,4,12.5
충남대,식품영양학과,교과,학생부교과(지역인재전형),70%컷(최종),3,2026,6,6.83
충남대,심리학과,교과,학생부교과(지역인재전형),70%컷(최종),2.66,2026,3,8.33
충남대,언론정보학과,교과,학생부교과(지역인재전형),70%컷(최종),3.73,2026,5,6.6
충남대,언어학과,교과,학생부교과(지역인재전형),70%컷(최종),3.08,2026,3,8.67
충남대,영어교육과,교과,학생부교과(지역인재전형),70%컷(최종),3.34,2026,2,8.5
충남대,영어영문학과,교과,학생부교과(지역인재전형),70%컷(최종),3.14,2026,11,6.45
충남대,의류학과,교과,학생부교과(지역인재전형),70%컷(최종),2.72,2026,5,10.2
충남대,일어일문학과,교과,학생부교과(지역인재전형),70%컷(최종),2.84,2026,3,12
충남대,전기․전자․통신공학교육과,교과,학생부교과(지역인재전형),70%컷(최종),3.28,2026,4,16
충남대,정치외교학과,교과,학생부교과(지역인재전형),70%컷(최종),2.73,2026,5,5.4
충남대,중어중문학과,교과,학생부교과(지역인재전형),70%컷(최종),4.45,2026,5,7.4
충남대,철학과,교과,학생부교과(지역인재전형),70%컷(최종),2.81,2026,5,7.8
충남대,한문학과,교과,학생부교과(지역인재전형),70%컷(최종),3.4,2026,2,9
충남대,행정학부,교과,학생부교과(지역인재전형),70%컷(최종),2.54,2026,8,6.88
충남대,간호학과,교과,학생부교과(지역인재전형),70%컷(최종),1.93,2026,18,4.44
충남대,건설공학교육과,교과,학생부교과(지역인재전형),70%컷(최종),3.51,2026,3,15.67
충남대,건축학과(5년제),교과,학생부교과(지역인재전형),70%컷(최종),2.77,2025,5,4.4
충남대,기계공학교육과,교과,학생부교과(지역인재전형),70%컷(최종),3.44,2026,4,11.75
충남대,기계공학부,교과,학생부교과(지역인재전형),70%컷(최종),2.47,2026,16,5.44
충남대,기술교육과,교과,학생부교과(지역인재전형),70%컷(최종),2.73,2026,4,5.75
충남대,메카트로닉스공학과,교과,학생부교과(지역인재전형),70%컷(최종),3.16,2026,5,5.4
충남대,물리학과,교과,학생부교과(지역인재전형),70%컷(최종),3.15,2026,9,10.44
충남대,미생물·분자생명과학과,교과,학생부교과(지역인재전형),70%컷(최종),2.05,2026,3,7.67
충남대,반도체융합학과,교과,학생부교과(지역인재전형),70%컷(최종),2.77,2026,10,9.11
충남대,생명정보융합학과,교과,학생부교과(지역인재전형),70%컷(최종),2.36,2026,5,5
충남대,생물과학과,교과,학생부교과(지역인재전형),70%컷(최종),2.39,2026,6,4.33
충남대,생화학과,교과,학생부교과(지역인재전형),70%컷(최종),2.49,2026,5,8
충남대,수의예과,교과,학생부교과(지역인재전형),70%컷(최종),1.39,2026,14,13.21
충남대,수학과,교과,학생부교과(지역인재전형),70%컷(최종),3.14,2026,13,8
충남대,수학교육과,교과,학생부교과(지역인재전형),70%컷(최종),2.6,2026,2,6.5
충남대,스마트시티건축공학과,교과,학생부교과(지역인재전형),70%컷(최종),3.05,2026,9,6.86
충남대,신소재공학과,교과,학생부교과(지역인재전형),70%컷(최종),2.55,2026,13,4.15
충남대,약학과,교과,학생부교과(지역인재전형),70%컷(최종),1.4,2026,28,15.39
충남대,에너지공학과,교과,학생부교과(지역인재전형),70%컷(최종),2.73,2026,8,7.17
충남대,유기재료공학과,교과,학생부교과(지역인재전형),70%컷(최종),2.82,2026,13,4.08
충남대,응용화학공학과,교과,학생부교과(지역인재전형),70%컷(최종),2.8,2026,12,3.42
충남대,의예과,교과,학생부교과(지역인재전형),70%컷(최종),1.13,2026,25,14.28
충남대,자율운항시스템공학과,교과,학생부교과(지역인재전형),70%컷(최종),3.1,2026,9,5.25
충남대,전기공학과,교과,학생부교과(지역인재전형),70%컷(최종),2.22,2026,7,5.86
충남대,전자공학과,교과,학생부교과(지역인재전형),70%컷(최종),1.93,2026,8,4.63
충남대,정보통계학과,교과,학생부교과(지역인재전형),70%컷(최종),3.32,2026,5,4.2
충남대,정보통신융합학부,교과,학생부교과(지역인재전형),70%컷(최종),2.94,2026,25,4.2
충남대,지질환경과학과,교과,학생부교과(지역인재전형),70%컷(최종),3.25,2026,7,6
충남대,천문우주과학과,교과,학생부교과(지역인재전형),70%컷(최종),3.08,2026,5,4.8
충남대,컴퓨터인공지능학부,교과,학생부교과(지역인재전형),70%컷(최종),2.87,2026,43,5.3
충남대,토목공학과,교과,학생부교과(지역인재전형),70%컷(최종),2.9,2026,7,5
충남대,항공우주공학과,교과,학생부교과(지역인재전형),70%컷(최종),2.8,2026,6,5.33
충남대,해양환경과학과,교과,학생부교과(지역인재전형),70%컷(최종),3.14,2026,5,8.4
충남대,화학공학교육과,교과,학생부교과(지역인재전형),70%컷(최종),3.38,2026,3,14
충남대,화학과,교과,학생부교과(지역인재전형),70%컷(최종),2.35,2026,11,4.64
충남대,환경공학과,교과,학생부교과(지역인재전형),70%컷(최종),2.38,2026,5,5.4
충남대,[유형2] 자율전공융합학부,교과,학생부교과(지역인재전형),70%컷(최종),2.6,2026,46,5.79
충남대,의예과,종합,학생부종합(학생부종합Ⅱ-지역인재전형-의예과),70%컷(최종),1.17,2026,18,8.94
충북대,[유형1] 경영학자율전공학부,교과,학생부교과(학생부교과전형),70%컷(최종),2.86,2026,4,26.14
충북대,[유형1] 사회과학자율전공학부,교과,학생부교과(학생부교과전형),70%컷(최종),1.06,2026,3,15.67
충북대,[유형1] 생활과학자율전공학부,교과,학생부교과(학생부교과전형),70%컷(최종),1.45,2026,2,14
충북대,[유형1] 인문사회자율전공계열,교과,학생부교과(학생부교과전형),70%컷(최종),2.89,2026,21,20.45
충북대,[유형1] 인문학자율전공학부,교과,학생부교과(학생부교과전형),70%컷(최종),2.95,2026,5,16.2
충북대,경영정보학과,교과,학생부교과(학생부교과전형),70%컷(최종),3.02,2026,10,9.78
충북대,경영학부,교과,학생부교과(학생부교과전형),70%컷(최종),2,2026,43,9.15
충북대,경제학과,교과,학생부교과(학생부교과전형),70%컷(최종),2.16,2026,9,9.33
충북대,고고미술사학과,교과,학생부교과(학생부교과전형),70%컷(최종),3.26,2026,5,18
충북대,교육학과,교과,학생부교과(학생부교과전형),70%컷(최종),3.24,2025,3,18.67
충북대,국어교육과,교과,학생부교과(학생부교과전형),70%컷(최종),2.43,2026,6,18.17
충북대,국어국문학과,교과,학생부교과(학생부교과전형),70%컷(최종),2.36,2026,7,16.29
충북대,국제경영학과,교과,학생부교과(학생부교과전형),70%컷(최종),2.89,2026,20,11.37
충북대,농업경제학과,교과,학생부교과(학생부교과전형),70%컷(최종),2.98,2026,6,11.5
충북대,독일언어문화학과,교과,학생부교과(학생부교과전형),70%컷(최종),3.15,2026,7,21.14
충북대,러시아언어문화학과,교과,학생부교과(학생부교과전형),70%컷(최종),3.48,2025,4,16
충북대,사학과,교과,학생부교과(학생부교과전형),70%컷(최종),3.15,2025,4,12
충북대,사회교육과,교과,학생부교과(학생부교과전형),70%컷(최종),2.85,2025,3,13
충북대,사회학과,교과,학생부교과(학생부교과전형),70%컷(최종),2.96,2026,7,10.29
충북대,소비자학과,교과,학생부교과(학생부교과전형),70%컷(최종),2.76,2026,5,16.8
충북대,심리학과,교과,학생부교과(학생부교과전형),70%컷(최종),1.06,2026,5,12.2
충북대,아동복지학과,교과,학생부교과(학생부교과전형),70%컷(최종),2.48,2026,5,11.2
충북대,역사교육과,교과,학생부교과(학생부교과전형),70%컷(최종),2.91,2025,3,15.67
충북대,영어교육과,교과,학생부교과(학생부교과전형),70%컷(최종),2,2026,6,27
충북대,영어영문학과,교과,학생부교과(학생부교과전형),70%컷(최종),2.18,2026,5,15.67
충북대,윤리교육과,교과,학생부교과(학생부교과전형),70%컷(최종),2.73,2025,3,19
충북대,정치외교학과,교과,학생부교과(학생부교과전형),70%컷(최종),2.16,2026,7,13.25
충북대,중어중문학과,교과,학생부교과(학생부교과전형),70%컷(최종),2.95,2026,6,13.17
충북대,지리교육과,교과,학생부교과(학생부교과전형),70%컷(최종),3.04,2025,3,18
충북대,철학과,교과,학생부교과(학생부교과전형),70%컷(최종),2.68,2026,6,12.25
충북대,프랑스언어문화학과,교과,학생부교과(학생부교과전형),70%컷(최종),2.84,2026,6,41.5
충북대,행정학과,교과,학생부교과(학생부교과전형),70%컷(최종),2.22,2026,5,9.29
충북대,[유형1] 농업생명환경자율전공학부,교과,학생부교과(학생부교과전형),70%컷(최종),2.67,2026,4,26.44
충북대,[유형1] 자연과학자율전공계열,교과,학생부교과(학생부교과전형),70%컷(최종),3.32,2026,70,25
충북대,[유형1] 자연과학자율전공학부,교과,학생부교과(학생부교과전형),70%컷(최종),3.34,2026,6,12
충북대,[유형1] 전자정보자율전공학부,교과,학생부교과(학생부교과전형),70%컷(최종),2.57,2026,20,7.68
충북대,[유형2] 공학자율전공학부,교과,학생부교과(학생부교과전형),70%컷(최종),3.33,2026,18,9.84
충북대,간호학과,교과,학생부교과(학생부교과전형),70%컷(최종),2,2026,7,24.14
충북대,건축공학과,교과,학생부교과(학생부교과전형),70%컷(최종),3.21,2026,6,11.83
충북대,건축학과,교과,학생부교과(학생부교과전형),70%컷(최종),2.71,2026,5,12.2
충북대,공업화학과,교과,학생부교과(학생부교과전형),70%컷(최종),3.15,2026,6,8
충북대,기계공학부,교과,학생부교과(학생부교과전형),70%컷(최종),2.67,2026,15,12.44
충북대,도시공학과,교과,학생부교과(학생부교과전형),70%컷(최종),3.29,2026,6,19
충북대,목재·종이과학과,교과,학생부교과(학생부교과전형),70%컷(최종),3.44,2026,5,37.2
충북대,물리교육과,교과,학생부교과(학생부교과전형),70%컷(최종),4.01,2026,3,7
충북대,물리학과,교과,학생부교과(학생부교과전형),70%컷(최종),3.27,2026,9,21
충북대,미생물학과,교과,학생부교과(학생부교과전형),70%컷(최종),2.91,2026,8,7.13
충북대,바이오시스템공학과,교과,학생부교과(학생부교과전형),70%컷(최종),3.04,2026,7,9.43
충북대,바이오헬스학부,교과,학생부교과(학생부교과전형),70%컷(최종),3.07,2026,22,7
충북대,반도체공학부,교과,학생부교과(학생부교과전형),70%컷(최종),2.67,2026,12,18.38
충북대,산림학과,교과,학생부교과(학생부교과전형),70%컷(최종),3.39,2026,7,17.14
충북대,생물학과,교과,학생부교과(학생부교과전형),70%컷(최종),2.64,2026,7,6
충북대,생화학과,교과,학생부교과(학생부교과전형),70%컷(최종),2.7,2026,7,8
충북대,수의예과,교과,학생부교과(학생부교과전형),70%컷(최종),1.1,2026,5,15
충북대,수학과,교과,학생부교과(학생부교과전형),70%컷(최종),3.32,2026,8,8
충북대,수학교육과,교과,학생부교과(학생부교과전형),70%컷(최종),2.25,2026,6,18.17
충북대,식물의학과,교과,학생부교과(학생부교과전형),70%컷(최종),2.91,2026,7,10.86
충북대,식물자원학과,교과,학생부교과(학생부교과전형),70%컷(최종),3.28,2026,7,15
충북대,식품생명공학과,교과,학생부교과(학생부교과전형),70%컷(최종),2.53,2026,7,17.71
충북대,식품영양학과,교과,학생부교과(학생부교과전형),70%컷(최종),1.45,2026,5,15.2
충북대,신소재공학과,교과,학생부교과(학생부교과전형),70%컷(최종),2.77,2026,5,7.6
충북대,안전공학과,교과,학생부교과(학생부교과전형),70%컷(최종),3.07,2026,6,10.43
충북대,원예과학과,교과,학생부교과(학생부교과전형),70%컷(최종),3.17,2026,7,18.86
충북대,의류학과,교과,학생부교과(학생부교과전형),70%컷(최종),2.09,2026,5,21.75
충북대,의예과,교과,학생부교과(학생부교과전형),70%컷(최종),1.08,2026,4,15.75
충북대,전기공학부,교과,학생부교과(학생부교과전형),70%컷(최종),2.57,2026,18,7.21
충북대,전자공학과,교과,학생부교과(학생부교과전형),70%컷(최종),2.35,2026,11,8.45
충북대,정보통계학과,교과,학생부교과(학생부교과전형),70%컷(최종),3.34,2026,8,16.63
충북대,정보통신공학부,교과,학생부교과(학생부교과전형),70%컷(최종),3.26,2026,25,9.41
충북대,주거환경학과,교과,학생부교과(학생부교과전형),70%컷(최종),2.97,2026,5,9.2
충북대,지구과학교육과,교과,학생부교과(학생부교과전형),70%컷(최종),3.1,2025,3,11
충북대,지구환경과학과,교과,학생부교과(학생부교과전형),70%컷(최종),3.44,2026,7,8.57
충북대,지능로봇공학과,교과,학생부교과(학생부교과전형),70%컷(최종),3.18,2026,10,11.45
충북대,지역건설공학과,교과,학생부교과(학생부교과전형),70%컷(최종),3.17,2026,7,34.14
충북대,천문우주학과,교과,학생부교과(학생부교과전형),70%컷(최종),3.25,2026,7,10.14
충북대,축산학과,교과,학생부교과(학생부교과전형),70%컷(최종),2.89,2026,7,31.43
충북대,컴퓨터공학과,교과,학생부교과(학생부교과전형),70%컷(최종),2.8,2026,6,10.33
충북대,토목공학부,교과,학생부교과(학생부교과전형),70%컷(최종),3.33,2026,26,13.68
충북대,특용식물학과,교과,학생부교과(학생부교과전형),70%컷(최종),3.43,2026,5,15
충북대,화학공학과,교과,학생부교과(학생부교과전형),70%컷(최종),2.09,2026,5,6.8
충북대,화학과,교과,학생부교과(학생부교과전형),70%컷(최종),2.95,2026,11,8.18
충북대,환경공학과,교과,학생부교과(학생부교과전형),70%컷(최종),2.8,2026,6,8.14
충북대,환경생명화학과,교과,학생부교과(학생부교과전형),70%컷(최종),2.67,2026,7,9.71
충북대,정보통신공학부,종합,학생부종합(sw우수인재전형),70%컷(최종),3.69,2026,4,6.5
충북대,컴퓨터공학과,종합,학생부종합(sw우수인재전형),70%컷(최종),3.29,2026,4,6.5
충북대,경영정보학과,종합,학생부종합(학생부종합Ⅰ전형),70%컷(최종),3.26,2026,9,7
충북대,경영학부,종합,학생부종합(학생부종합Ⅰ전형),70%컷(최종),3.48,2026,18,8.78
충북대,경제학과,종합,학생부종합(학생부종합Ⅰ전형),70%컷(최종),2.92,2026,8,7.88
충북대,고고미술사학과,종합,학생부종합(학생부종합Ⅰ전형),70%컷(최종),3.2,2026,4,8
충북대,교육학과,종합,학생부종합(학생부종합Ⅰ전형),70%컷(최종),2.86,2026,6,9.83
충북대,국어교육과,종합,학생부종합(학생부종합Ⅰ전형),70%컷(최종),3.05,2026,9,9.44
충북대,국어국문학과,종합,학생부종합(학생부종합Ⅰ전형),70%컷(최종),3.4,2026,5,8.4
충북대,국제경영학과,종합,학생부종합(학생부종합Ⅰ전형),70%컷(최종),3.12,2026,11,6.82
충북대,농업경제학과,종합,학생부종합(학생부종합Ⅰ전형),70%컷(최종),3.7,2026,5,14.8
충북대,독일언어문화학과,종합,학생부종합(학생부종합Ⅰ전형),70%컷(최종),3.51,2026,5,8.8
충북대,러시아언어문화학과,종합,학생부종합(학생부종합Ⅰ전형),70%컷(최종),3.82,2026,4,7.25
충북대,사학과,종합,학생부종합(학생부종합Ⅰ전형),70%컷(최종),3.44,2026,4,13.75
충북대,사회교육과,종합,학생부종합(학생부종합Ⅰ전형),70%컷(최종),2.7,2026,6,10
충북대,사회학과,종합,학생부종합(학생부종합Ⅰ전형),70%컷(최종),3.45,2026,5,29.6
충북대,소비자학과,종합,학생부종합(학생부종합Ⅰ전형),70%컷(최종),3.2,2026,4,10.75
충북대,심리학과,종합,학생부종합(학생부종합Ⅰ전형),70%컷(최종),2.55,2026,5,15.2
충북대,아동복지학과,종합,학생부종합(학생부종합Ⅰ전형),70%컷(최종),3.14,2026,4,13.25
충북대,역사교육과,종합,학생부종합(학생부종합Ⅰ전형),70%컷(최종),2.35,2026,6,17.67
충북대,영어교육과,종합,학생부종합(학생부종합Ⅰ전형),70%컷(최종),2.79,2026,9,8.44
충북대,영어영문학과,종합,학생부종합(학생부종합Ⅰ전형),70%컷(최종),3.67,2026,5,14.2
충북대,윤리교육과,종합,학생부종합(학생부종합Ⅰ전형),70%컷(최종),2.53,2026,6,9
충북대,정치외교학과,종합,학생부종합(학생부종합Ⅰ전형),70%컷(최종),3.16,2026,5,9.4
충북대,중어중문학과,종합,학생부종합(학생부종합Ⅰ전형),70%컷(최종),3.22,2026,5,9.8
충북대,지리교육과,종합,학생부종합(학생부종합Ⅰ전형),70%컷(최종),2.72,2026,6,13.17
충북대,철학과,종합,학생부종합(학생부종합Ⅰ전형),70%컷(최종),4.05,2026,4,11
충북대,프랑스언어문화학과,종합,학생부종합(학생부종합Ⅰ전형),70%컷(최종),3.69,2026,5,8.8
충북대,행정학과,종합,학생부종합(학생부종합Ⅰ전형),70%컷(최종),3.12,2026,5,12
충북대,[유형2] 공학자율전공학부,종합,학생부종합(학생부종합Ⅰ전형),70%컷(최종),3.46,2026,10,17.1
충북대,[유형2] 바이오헬스학부,종합,학생부종합(학생부종합Ⅰ전형),70%컷(최종),2.43,2026,11,8.36
충북대,[유형2] 전자정보자율전공학부,종합,학생부종합(학생부종합Ⅰ전형),70%컷(최종),3.06,2026,11,7.55
충북대,간호학과,종합,학생부종합(학생부종합Ⅰ전형),70%컷(최종),2.37,2026,7,12.14
충북대,건축공학과,종합,학생부종합(학생부종합Ⅰ전형),70%컷(최종),3.66,2026,8,10.22
충북대,건축학과,종합,학생부종합(학생부종합Ⅰ전형),70%컷(최종),2.79,2026,5,9
충북대,공업화학과,종합,학생부종합(학생부종합Ⅰ전형),70%컷(최종),3.33,2026,6,8.5
충북대,기계공학부,종합,학생부종합(학생부종합Ⅰ전형),70%컷(최종),3.26,2026,11,11.82
충북대,도시공학과,종합,학생부종합(학생부종합Ⅰ전형),70%컷(최종),3.21,2026,9,8
충북대,목재·종이과학과,종합,학생부종합(학생부종합Ⅰ전형),70%컷(최종),4.01,2026,4,12.25
충북대,물리교육과,종합,학생부종합(학생부종합Ⅰ전형),70%컷(최종),3.69,2026,6,6.83
충북대,물리학과,종합,학생부종합(학생부종합Ⅰ전형),70%컷(최종),3.84,2026,11,7.63
충북대,미생물학과,종합,학생부종합(학생부종합Ⅰ전형),70%컷(최종),2.96,2026,7,9.29
충북대,바이오시스템공학과,종합,학생부종합(학생부종합Ⅰ전형),70%컷(최종),3.33,2026,5,10.8
충북대,반도체공학부,종합,학생부종합(학생부종합Ⅰ전형),70%컷(최종),3.28,2026,8,8.38
충북대,산림학과,종합,학생부종합(학생부종합Ⅰ전형),70%컷(최종),3.81,2026,5,35.6
충북대,생물교육과,종합,학생부종합(학생부종합Ⅰ전형),70%컷(최종),2.83,2026,6,8.67
충북대,생물학과,종합,학생부종합(학생부종합Ⅰ전형),70%컷(최종),2.88,2026,8,7.63
충북대,생화학과,종합,학생부종합(학생부종합Ⅰ전형),70%컷(최종),2.99,2026,6,8.33
충북대,수의예과,종합,학생부종합(학생부종합Ⅰ전형),70%컷(최종),1.26,2026,8,14.63
충북대,수학과,종합,학생부종합(학생부종합Ⅰ전형),70%컷(최종),3.39,2026,6,15.83
충북대,수학교육과,종합,학생부종합(학생부종합Ⅰ전형),70%컷(최종),2.96,2026,9,15
충북대,식물의학과,종합,학생부종합(학생부종합Ⅰ전형),70%컷(최종),3.66,2026,5,8.6
충북대,식물자원학과,종합,학생부종합(학생부종합Ⅰ전형),70%컷(최종),3.49,2026,5,12
충북대,식품생명공학과,종합,학생부종합(학생부종합Ⅰ전형),70%컷(최종),2.93,2026,5,10.4
충북대,식품영양학과,종합,학생부종합(학생부종합Ⅰ전형),70%컷(최종),2.99,2026,4,14
충북대,신소재공학과,종합,학생부종합(학생부종합Ⅰ전형),70%컷(최종),2.98,2026,5,7.5
충북대,안전공학과,종합,학생부종합(학생부종합Ⅰ전형),70%컷(최종),3.62,2026,6,8.33
충북대,원예과학과,종합,학생부종합(학생부종합Ⅰ전형),70%컷(최종),3.52,2026,5,17
충북대,의류학과,종합,학생부종합(학생부종합Ⅰ전형),70%컷(최종),3.43,2026,4,15.75
충북대,의예과,종합,학생부종합(학생부종합Ⅰ전형),70%컷(최종),1.26,2026,3,32
충북대,전기공학부,종합,학생부종합(학생부종합Ⅰ전형),70%컷(최종),3.06,2026,8,8.63
충북대,전자공학과,종합,학생부종합(학생부종합Ⅰ전형),70%컷(최종),3.79,2026,6,7
충북대,정보통계학과,종합,학생부종합(학생부종합Ⅰ전형),70%컷(최종),3.63,2026,6,12.67
충북대,정보통신공학부,종합,학생부종합(학생부종합Ⅰ전형),70%컷(최종),3.26,2026,15,7.93
충북대,주거환경학과,종합,학생부종합(학생부종합Ⅰ전형),70%컷(최종),3.35,2026,4,6.75
충북대,지구과학교육과,종합,학생부종합(학생부종합Ⅰ전형),70%컷(최종),2.75,2026,6,10.83
충북대,지구환경과학과,종합,학생부종합(학생부종합Ⅰ전형),70%컷(최종),3.75,2026,5,10.2
충북대,지능로봇공학과,종합,학생부종합(학생부종합Ⅰ전형),70%컷(최종),3.22,2026,6,13.17
충북대,지역건설공학과,종합,학생부종합(학생부종합Ⅰ전형),70%컷(최종),3.88,2026,5,12.2
충북대,천문우주학과,종합,학생부종합(학생부종합Ⅰ전형),70%컷(최종),2.82,2026,5,12.8
충북대,축산학과,종합,학생부종합(학생부종합Ⅰ전형),70%컷(최종),3.76,2026,7,14.71
충북대,컴퓨터공학과,종합,학생부종합(학생부종합Ⅰ전형),70%컷(최종),3.26,2026,5,7.6
충북대,토목공학부,종합,학생부종합(학생부종합Ⅰ전형),70%컷(최종),3.74,2026,16,9.38
충북대,특용식물학과,종합,학생부종합(학생부종합Ⅰ전형),70%컷(최종),3.79,2026,4,16
충북대,화학공학과,종합,학생부종합(학생부종합Ⅰ전형),70%컷(최종),2.85,2026,5,8.17
충북대,화학과,종합,학생부종합(학생부종합Ⅰ전형),70%컷(최종),3.3,2026,9,6.44
충북대,화학교육과,종합,학생부종합(학생부종합Ⅰ전형),70%컷(최종),3.1,2026,6,9.5
충북대,환경공학과,종합,학생부종합(학생부종합Ⅰ전형),70%컷(최종),2.93,2026,6,10.33
충북대,환경생명화학과,종합,학생부종합(학생부종합Ⅰ전형),70%컷(최종),3.46,2026,5,13
충북대,경영정보학과,종합,학생부종합(학생부종합Ⅱ전형),70%컷(최종),3.26,2026,6,10
충북대,경영학부,종합,학생부종합(학생부종합Ⅱ전형),70%컷(최종),3.1,2026,14,12.86
충북대,경제학과,종합,학생부종합(학생부종합Ⅱ전형),70%컷(최종),3.17,2026,6,16.33
충북대,고고미술사학과,종합,학생부종합(학생부종합Ⅱ전형),70%컷(최종),3.48,2026,4,13
충북대,국어국문학과,종합,학생부종합(학생부종합Ⅱ전형),70%컷(최종),3.58,2026,4,18.5
충북대,국제경영학과,종합,학생부종합(학생부종합Ⅱ전형),70%컷(최종),3.33,2026,9,11.89
충북대,농업경제학과,종합,학생부종합(학생부종합Ⅱ전형),70%컷(최종),3.64,2026,4,15
충북대,독일언어문화학과,종합,학생부종합(학생부종합Ⅱ전형),70%컷(최종),3.69,2026,4,8.25
충북대,러시아언어문화학과,종합,학생부종합(학생부종합Ⅱ전형),70%컷(최종),3.79,2026,4,8.5
충북대,사학과,종합,학생부종합(학생부종합Ⅱ전형),70%컷(최종),3.35,2026,4,20.25
충북대,사회학과,종합,학생부종합(학생부종합Ⅱ전형),70%컷(최종),3.02,2026,4,20
충북대,소비자학과,종합,학생부종합(학생부종합Ⅱ전형),70%컷(최종),3.51,2026,4,19.75
충북대,심리학과,종합,학생부종합(학생부종합Ⅱ전형),70%컷(최종),3.34,2026,4,26.25
충북대,아동복지학과,종합,학생부종합(학생부종합Ⅱ전형),70%컷(최종),3.4,2026,4,11.75
충북대,영어영문학과,종합,학생부종합(학생부종합Ⅱ전형),70%컷(최종),3.51,2026,4,13
충북대,정치외교학과,종합,학생부종합(학생부종합Ⅱ전형),70%컷(최종),2.95,2026,4,11.5
충북대,중어중문학과,종합,학생부종합(학생부종합Ⅱ전형),70%컷(최종),3.87,2026,4,21.5
충북대,철학과,종합,학생부종합(학생부종합Ⅱ전형),70%컷(최종),3.5,2026,4,19.25
충북대,프랑스언어문화학과,종합,학생부종합(학생부종합Ⅱ전형),70%컷(최종),3.66,2026,4,10
충북대,행정학과,종합,학생부종합(학생부종합Ⅱ전형),70%컷(최종),3.06,2026,4,11.5
충북대,[유형2] 공학자율전공학부,종합,학생부종합(학생부종합Ⅱ전형),70%컷(최종),3.4,2026,7,19.86
충북대,[유형2] 바이오헬스학부,종합,학생부종합(학생부종합Ⅱ전형),70%컷(최종),3.55,2026,9,8.78
충북대,[유형2] 전자정보자율전공학부,종합,학생부종합(학생부종합Ⅱ전형),70%컷(최종),3.75,2026,8,10.57
충북대,간호학과,종합,학생부종합(학생부종합Ⅱ전형),70%컷(최종),2.27,2026,7,24.57
충북대,건축공학과,종합,학생부종합(학생부종합Ⅱ전형),70%컷(최종),3.44,2026,7,13.33
충북대,건축학과,종합,학생부종합(학생부종합Ⅱ전형),70%컷(최종),2.62,2026,4,23.25
충북대,공업화학과,종합,학생부종합(학생부종합Ⅱ전형),70%컷(최종),3.23,2026,5,7.4
충북대,기계공학부,종합,학생부종합(학생부종합Ⅱ전형),70%컷(최종),3.21,2026,9,25.56
충북대,도시공학과,종합,학생부종합(학생부종합Ⅱ전형),70%컷(최종),3.65,2026,7,8.17
충북대,목재·종이과학과,종합,학생부종합(학생부종합Ⅱ전형),70%컷(최종),3.45,2026,4,13
충북대,물리학과,종합,학생부종합(학생부종합Ⅱ전형),70%컷(최종),4.03,2026,7,13
충북대,미생물학과,종합,학생부종합(학생부종합Ⅱ전형),70%컷(최종),3.3,2026,5,7
충북대,바이오시스템공학과,종합,학생부종합(학생부종합Ⅱ전형),70%컷(최종),3.12,2026,4,22.5
충북대,반도체공학부,종합,학생부종합(학생부종합Ⅱ전형),70%컷(최종),3.25,2026,6,10
충북대,산림학과,종합,학생부종합(학생부종합Ⅱ전형),70%컷(최종),4.47,2026,4,19.5
충북대,생물학과,종합,학생부종합(학생부종합Ⅱ전형),70%컷(최종),2.95,2026,6,8.17
충북대,생화학과,종합,학생부종합(학생부종합Ⅱ전형),70%컷(최종),3.21,2026,4,8.75
충북대,수의예과,종합,학생부종합(학생부종합Ⅱ전형),70%컷(최종),1.36,2026,7,11.71
충북대,수학과,종합,학생부종합(학생부종합Ⅱ전형),70%컷(최종),3.87,2026,4,17.5
충북대,식물의학과,종합,학생부종합(학생부종합Ⅱ전형),70%컷(최종),3.54,2026,4,10.25
충북대,식물자원학과,종합,학생부종합(학생부종합Ⅱ전형),70%컷(최종),3.69,2026,4,11.5
충북대,식품생명공학과,종합,학생부종합(학생부종합Ⅱ전형),70%컷(최종),3.31,2026,4,11.75
충북대,식품영양학과,종합,학생부종합(학생부종합Ⅱ전형),70%컷(최종),3.2,2026,4,14.5
충북대,신소재공학과,종합,학생부종합(학생부종합Ⅱ전형),70%컷(최종),2.93,2026,5,14.2
충북대,안전공학과,종합,학생부종합(학생부종합Ⅱ전형),70%컷(최종),3.76,2026,4,10.5
충북대,원예과학과,종합,학생부종합(학생부종합Ⅱ전형),70%컷(최종),3.66,2026,4,28.75
충북대,의류학과,종합,학생부종합(학생부종합Ⅱ전형),70%컷(최종),3.25,2026,4,18.75
충북대,의예과,종합,학생부종합(학생부종합Ⅱ전형),70%컷(최종),1.15,2026,5,17.6
충북대,전기공학부,종합,학생부종합(학생부종합Ⅱ전형),70%컷(최종),3.75,2026,7,8.71
충북대,전자공학과,종합,학생부종합(학생부종합Ⅱ전형),70%컷(최종),3.12,2026,5,8.2
충북대,정보통계학과,종합,학생부종합(학생부종합Ⅱ전형),70%컷(최종),4.12,2026,4,8.5
충북대,정보통신공학부,종합,학생부종합(학생부종합Ⅱ전형),70%컷(최종),3.43,2026,14,14
충북대,주거환경학과,종합,학생부종합(학생부종합Ⅱ전형),70%컷(최종),3.25,2026,4,8.5
충북대,지구환경과학과,종합,학생부종합(학생부종합Ⅱ전형),70%컷(최종),3.48,2026,4,23.5
충북대,지능로봇공학과,종합,학생부종합(학생부종합Ⅱ전형),70%컷(최종),3.84,2026,5,25.8
충북대,지역건설공학과,종합,학생부종합(학생부종합Ⅱ전형),70%컷(최종),3.56,2026,4,24.75
충북대,천문우주학과,종합,학생부종합(학생부종합Ⅱ전형),70%컷(최종),3.74,2026,4,23
충북대,축산학과,종합,학생부종합(학생부종합Ⅱ전형),70%컷(최종),4.17,2026,6,10.17
충북대,컴퓨터공학과,종합,학생부종합(학생부종합Ⅱ전형),70%컷(최종),3.07,2026,4,10
충북대,토목공학부,종합,학생부종합(학생부종합Ⅱ전형),70%컷(최종),3.56,2026,14,13.08
충북대,특용식물학과,종합,학생부종합(학생부종합Ⅱ전형),70%컷(최종),2.97,2026,4,13.5
충북대,화학공학과,종합,학생부종합(학생부종합Ⅱ전형),70%컷(최종),3.23,2026,5,7
충북대,화학과,종합,학생부종합(학생부종합Ⅱ전형),70%컷(최종),2.55,2026,6,11.67
충북대,환경공학과,종합,학생부종합(학생부종합Ⅱ전형),70%컷(최종),3.25,2026,4,16.75
충북대,환경생명화학과,종합,학생부종합(학생부종합Ⅱ전형),70%컷(최종),3.4,2026,4,28
충북대,[유형1] 인문사회자율전공계열,교과,학생부교과(지역인재전형),70%컷(최종),3.54,2026,13,14.13
충북대,경영정보학과,교과,학생부교과(지역인재전형),70%컷(최종),3.11,2026,8,6.25
충북대,경영학부,교과,학생부교과(지역인재전형),70%컷(최종),2.93,2026,23,5.3
충북대,경제학과,교과,학생부교과(지역인재전형),70%컷(최종),3.57,2026,9,4.83
충북대,고고미술사학과,교과,학생부교과(지역인재전형),70%컷(최종),3.25,2026,5,8
충북대,국어교육과,교과,학생부교과(지역인재전형),70%컷(최종),2.71,2026,5,8.4
충북대,국어국문학과,교과,학생부교과(지역인재전형),70%컷(최종),3.54,2026,6,7
충북대,국제경영학과,교과,학생부교과(지역인재전형),70%컷(최종),3.11,2026,12,6.55
충북대,농업경제학과,교과,학생부교과(지역인재전형),70%컷(최종),3.45,2026,6,8.4
충북대,독일언어문화학과,교과,학생부교과(지역인재전형),70%컷(최종),3.26,2026,6,9
충북대,러시아언어문화학과,교과,학생부교과(지역인재전형),70%컷(최종),3.35,2026,5,11.5
충북대,사학과,교과,학생부교과(지역인재전형),70%컷(최종),3.05,2026,5,6.5
충북대,사회학과,교과,학생부교과(지역인재전형),70%컷(최종),3.21,2026,6,20
충북대,심리학과,교과,학생부교과(지역인재전형),70%컷(최종),2.91,2026,5,9.6
충북대,아동복지학과,교과,학생부교과(지역인재전형),70%컷(최종),3.28,2026,4,7
충북대,영어교육과,교과,학생부교과(지역인재전형),70%컷(최종),2.13,2026,5,10.8
충북대,영어영문학과,교과,학생부교과(지역인재전형),70%컷(최종),2.7,2026,5,9
충북대,정치외교학과,교과,학생부교과(지역인재전형),70%컷(최종),3.15,2026,7,7.25
충북대,중어중문학과,교과,학생부교과(지역인재전형),70%컷(최종),3.41,2026,6,9.75
충북대,철학과,교과,학생부교과(지역인재전형),70%컷(최종),3.52,2026,5,7.75
충북대,프랑스언어문화학과,교과,학생부교과(지역인재전형),70%컷(최종),3.41,2026,5,10
충북대,행정학과,교과,학생부교과(지역인재전형),70%컷(최종),3.14,2026,6,7.2
충북대,[유형1] 자연과학자율전공계열,교과,학생부교과(지역인재전형),70%컷(최종),3.24,2026,39,7.16
충북대,[유형1] 전자정보자율전공학부,교과,학생부교과(지역인재전형),70%컷(최종),3.4,2026,11,4.56
충북대,[유형2] 공학자율전공학부,교과,학생부교과(지역인재전형),70%컷(최종),3.08,2026,11,10.88
충북대,간호학과,교과,학생부교과(지역인재전형),70%컷(최종),2.49,2026,20,5
충북대,건축공학과,교과,학생부교과(지역인재전형),70%컷(최종),3.24,2026,7,9.67
충북대,건축학과,교과,학생부교과(지역인재전형),70%컷(최종),2.96,2026,6,6
충북대,공업화학과,교과,학생부교과(지역인재전형),70%컷(최종),3.1,2026,7,8.6
충북대,기계공학부,교과,학생부교과(지역인재전형),70%컷(최종),2.99,2026,13,5.5
충북대,도시공학과,교과,학생부교과(지역인재전형),70%컷(최종),3.19,2026,7,6.67
충북대,목재·종이과학과,교과,학생부교과(지역인재전형),70%컷(최종),3.6,2026,5,18
충북대,물리학과,교과,학생부교과(지역인재전형),70%컷(최종),3.41,2026,8,6.83
충북대,미생물학과,교과,학생부교과(지역인재전형),70%컷(최종),3.16,2026,7,5.4
충북대,바이오시스템공학과,교과,학생부교과(지역인재전형),70%컷(최종),3.15,2026,5,6.75
충북대,바이오헬스학부,교과,학생부교과(지역인재전형),70%컷(최종),3.54,2026,17,5.42
충북대,반도체공학부,교과,학생부교과(지역인재전형),70%컷(최종),2.76,2026,9,8.43
충북대,산림학과,교과,학생부교과(지역인재전형),70%컷(최종),3.37,2026,5,8
충북대,생물학과,교과,학생부교과(지역인재전형),70%컷(최종),3.34,2026,8,4.67
충북대,생화학과,교과,학생부교과(지역인재전형),70%컷(최종),3.06,2026,7,4
충북대,수의예과,교과,학생부교과(지역인재전형),70%컷(최종),1.22,2026,12,7.58
충북대,수학과,교과,학생부교과(지역인재전형),70%컷(최종),3.24,2026,7,6.2
충북대,수학교육과,교과,학생부교과(지역인재전형),70%컷(최종),2.81,2026,5,6.2
충북대,식물의학과,교과,학생부교과(지역인재전형),70%컷(최종),3.6,2026,6,5.8
충북대,식물자원학과,교과,학생부교과(지역인재전형),70%컷(최종),3.63,2026,6,7.2
충북대,식품생명공학과,교과,학생부교과(지역인재전형),70%컷(최종),2.89,2026,6,6.4
충북대,식품영양학과,교과,학생부교과(지역인재전형),70%컷(최종),3.5,2026,4,6
충북대,신소재공학과,교과,학생부교과(지역인재전형),70%컷(최종),2.71,2026,7,5.6
충북대,안전공학과,교과,학생부교과(지역인재전형),70%컷(최종),3.5,2026,7,5.6
충북대,약학과,교과,학생부교과(지역인재전형),70%컷(최종),1.23,2026,11,9.13
충북대,원예과학과,교과,학생부교과(지역인재전형),70%컷(최종),3.4,2026,6,9.8
충북대,의류학과,교과,학생부교과(지역인재전형),70%컷(최종),3.22,2026,4,9
충북대,의예과,교과,학생부교과(지역인재전형),70%컷(최종),1.04,2026,12,17.33
충북대,전기공학부,교과,학생부교과(지역인재전형),70%컷(최종),3.4,2026,11,4.11
충북대,전자공학과,교과,학생부교과(지역인재전형),70%컷(최종),2.62,2026,6,5.33
충북대,정보통계학과,교과,학생부교과(지역인재전형),70%컷(최종),3.43,2026,7,11
충북대,정보통신공학부,교과,학생부교과(지역인재전형),70%컷(최종),3.31,2026,18,6.29
충북대,제약학과,교과,학생부교과(지역인재전형),70%컷(최종),1.25,2026,11,8.63
충북대,지구환경과학과,교과,학생부교과(지역인재전형),70%컷(최종),3.37,2026,6,8
충북대,지능로봇공학과,교과,학생부교과(지역인재전형),70%컷(최종),3.19,2026,7,7.83
충북대,지역건설공학과,교과,학생부교과(지역인재전형),70%컷(최종),3.58,2026,6,9.4
충북대,천문우주학과,교과,학생부교과(지역인재전형),70%컷(최종),3.49,2025,6,4.75
충북대,축산학과,교과,학생부교과(지역인재전형),70%컷(최종),3.54,2026,7,11.83
충북대,컴퓨터공학과,교과,학생부교과(지역인재전형),70%컷(최종),2.92,2025,6,3.4
충북대,토목공학부,교과,학생부교과(지역인재전형),70%컷(최종),3.32,2026,17,7.07
충북대,특용식물학과,교과,학생부교과(지역인재전형),70%컷(최종),3.52,2026,5,13.75
충북대,화학공학과,교과,학생부교과(지역인재전형),70%컷(최종),2.61,2026,7,4.2
충북대,화학과,교과,학생부교과(지역인재전형),70%컷(최종),3.54,2026,8,4.67
충북대,환경공학과,교과,학생부교과(지역인재전형),70%컷(최종),2.76,2026,7,5.6
충북대,환경생명화학과,교과,학생부교과(지역인재전형),70%컷(최종),3.08,2026,6,6
칼빈대,사회복지학과,교과,학생부교과(일반학생전형),70%컷(최종),8,2026,8,4.46
칼빈대,신학과,교과,학생부교과(일반학생전형),70%컷(최종),8,2026,21,1.07
칼빈대,반려동물산업학과,교과,학생부교과(일반학생전형),최종70%,7,2025,12,4.06
칼빈대,스포츠지도학과,교과,학생부교과(일반학생전형),70%컷(최종),8,2026,13,3.61
칼빈대,신학과,교과,학생부교과(크리스찬인재특별전형),최종70%,7.5,2025,1,4
평택대,[유형2] 인문사회자율전공,교과,학생부교과(PTU교과전형),70%컷(최종),3.22,2026,8,9.73
평택대,경영학과,교과,학생부교과(PTU교과전형),70%컷(최종),2.44,2026,13,11.5
평택대,광고홍보학과,교과,학생부교과(PTU교과전형),70%컷(최종),2.55,2026,11,11.3
평택대,국제무역행정학과,교과,학생부교과(PTU교과전형),70%컷(최종),3,2026,17,5.7
평택대,국제물류학과,교과,학생부교과(PTU교과전형),70%컷(최종),3.44,2026,22,5.59
평택대,도시계획부동산학과,교과,학생부교과(PTU교과전형),70%컷(최종),3.22,2026,17,7.94
평택대,사회복지학과,교과,학생부교과(PTU교과전형),70%컷(최종),2.66,2026,16,14.87
평택대,아동·청소년교육상담학과,교과,학생부교과(PTU교과전형),70%컷(최종),2.77,2026,11,10.56
평택대,재활상담학과,교과,학생부교과(PTU교과전형),70%컷(최종),3.11,2026,18,10.88
평택대,미디어디자인학과,교과,학생부교과(PTU교과전형),70%컷(최종),2.77,2026,23,5.71
평택대,빅데이터정보학과,교과,학생부교과(PTU교과전형),70%컷(최종),3.44,2026,23,7.44
평택대,스마트모빌리티학과,교과,학생부교과(PTU교과전형),70%컷(최종),3.11,2026,23,8.18
평택대,정보통신학과,교과,학생부교과(PTU교과전형),70%컷(최종),3.88,2026,23,5.61
평택대,지능형반도체학과,교과,학생부교과(PTU교과전형),70%컷(최종),3.11,2026,23,5.82
평택대,환경융합학과,교과,학생부교과(PTU교과전형),70%컷(최종),3.44,2026,23,6.82
평택대,[유형1] 글로벌자율전공학부,교과,학생부교과(PTU교과전형),70%컷(최종),2.77,2026,20,11.26
평택대,[유형2] 국제지역및신학자율전공학부,교과,학생부교과(PTU자율전공전형),70%컷(최종),3.55,2026,25,4.1
평택대,[유형1] 동아시아융합자율전공학부,교과,학생부교과(PTU자율전공전형),70%컷(최종),3.22,2026,25,7.06
평택대,[유형2] 국제지역및신학자율전공학부,교과,학생부교과(PTU추천전형),70%컷(최종),4,2026,10,6
평택대,[유형2] 인문사회자율전공,교과,학생부교과(PTU추천전형),70%컷(최종),3.66,2026,4,10.5
평택대,경영학과,교과,학생부교과(PTU추천전형),70%컷(최종),2.83,2026,5,7.75
평택대,광고홍보학과,교과,학생부교과(PTU추천전형),70%컷(최종),2.66,2026,2,23.5
평택대,국제무역행정학과,교과,학생부교과(PTU추천전형),70%컷(최종),3.66,2026,4,4.25
평택대,국제물류학과,교과,학생부교과(PTU추천전형),70%컷(최종),3.66,2026,5,5
평택대,도시계획부동산학과,교과,학생부교과(PTU추천전형),70%컷(최종),4,2026,4,13.25
평택대,사회복지학과,교과,학생부교과(PTU추천전형),70%컷(최종),3.33,2026,5,5.5
평택대,아동·청소년교육상담학과,교과,학생부교과(PTU추천전형),70%컷(최종),3.66,2026,4,7
평택대,재활상담학과,교과,학생부교과(PTU추천전형),70%컷(최종),4,2026,4,14.5
평택대,미디어디자인학과,교과,학생부교과(PTU추천전형),70%컷(최종),2.66,2026,8,5.2
평택대,빅데이터정보학과,교과,학생부교과(PTU추천전형),70%컷(최종),4,2026,8,4.6
평택대,스마트모빌리티학과,교과,학생부교과(PTU추천전형),70%컷(최종),3.66,2026,8,7.6
평택대,정보통신학과,교과,학생부교과(PTU추천전형),70%컷(최종),4.33,2026,8,3.8
평택대,지능형반도체학과,교과,학생부교과(PTU추천전형),70%컷(최종),3.66,2026,8,4.6
평택대,환경융합학과,교과,학생부교과(PTU추천전형),70%컷(최종),5,2026,8,4.6
평택대,[유형1] 글로벌자율전공학부,교과,학생부교과(PTU추천전형),70%컷(최종),3.33,2026,8,5.4
평택대,경영학과,종합,학생부종합(PTU종합전형),70%컷(최종),5.83,2026,9,11.13
평택대,광고홍보학과,종합,학생부종합(PTU종합전형),70%컷(최종),5.14,2026,12,11.38
평택대,사회복지학과,종합,학생부종합(PTU종합전형),70%컷(최종),5.45,2026,10,8.2
평택대,아동·청소년교육상담학과,종합,학생부종합(PTU종합전형),평균(최종),5.15,2026,8,9.89
한경국립대,경영학과,교과,학생부교과(일반전형-안성),70%컷(최종),4.44,2026,10,8.26
한경국립대,문예창작미디어콘텐츠홍보학과,교과,학생부교과(일반전형-안성),70%컷(최종),3.92,2026,6,12.18
한경국립대,법학과,교과,학생부교과(일반전형-안성),70%컷(최종),4.72,2026,9,5.76
한경국립대,복지상담학과,교과,학생부교과(일반전형-안성),70%컷(최종),4.63,2026,6,20.36
한경국립대,영미언어문화학과,교과,학생부교과(일반전형-안성),70%컷(최종),4.82,2026,6,6.14
한경국립대,행정학과,교과,학생부교과(일반전형-안성),70%컷(최종),4.32,2026,6,8.21
한경국립대,ICT로봇공학과,교과,학생부교과(일반전형-안성),70%컷(최종),4.8,2026,14,4.74
한경국립대,건축공학과,교과,학생부교과(일반전형-안성),평균(최종),4.49,2025,7,7.88
한경국립대,건축학과(5년제),교과,학생부교과(일반전형-안성),평균(최종),3.39,2025,8,6.45
한경국립대,기계공학과,교과,학생부교과(일반전형-안성),70%컷(최종),4.55,2026,6,6.29
한경국립대,동물생명과학과,교과,학생부교과(일반전형-안성),70%컷(최종),4.57,2026,7,6.63
한경국립대,동물응용과학과,교과,학생부교과(일반전형-안성),70%컷(최종),4.93,2026,7,8.4
한경국립대,식물생명환경학과,교과,학생부교과(일반전형-안성),70%컷(최종),5.12,2026,11,8.19
한경국립대,식품생명공학과,교과,학생부교과(일반전형-안성),70%컷(최종),4.53,2026,14,8.48
한경국립대,식품영양학과,교과,학생부교과(일반전형-안성),70%컷(최종),3.77,2026,6,6.27
한경국립대,안전공학과,교과,학생부교과(일반전형-안성),70%컷(최종),5.15,2026,14,6.41
한경국립대,원예생명공학과,교과,학생부교과(일반전형-안성),70%컷(최종),5.04,2026,10,7.32
한경국립대,응용생명공학과,교과,학생부교과(일반전형-안성),70%컷(최종),3.94,2026,6,6.64
한경국립대,응용수학과,교과,학생부교과(일반전형-안성),70%컷(최종),5.18,2026,6,4.25
한경국립대,전기공학과,교과,학생부교과(일반전형-안성),70%컷(최종),4.33,2026,3,11.91
한경국립대,전자공학과,교과,학생부교과(일반전형-안성),70%컷(최종),4.36,2026,8,6.9
한경국립대,조경학과,교과,학생부교과(일반전형-안성),70%컷(최종),4.78,2026,8,8.12
한경국립대,지역자원시스템공학과,교과,학생부교과(일반전형-안성),70%컷(최종),5.37,2026,6,6.82
한경국립대,컴퓨터공학과,교과,학생부교과(일반전형-안성),70%컷(최종),4.43,2026,7,8.44
한경국립대,토목공학과,교과,학생부교과(일반전형-안성),70%컷(최종),4.9,2026,9,8.44
한경국립대,화학공학과,교과,학생부교과(일반전형-안성),70%컷(최종),4.59,2026,19,3.84
한경국립대,환경공학과,교과,학생부교과(일반전형-안성),70%컷(최종),4.81,2026,13,5.6
한경국립대,의류산업학과,교과,학생부교과(일반전형-안성),70%컷(최종),4.17,2026,6,7.55
한경국립대,[유형1] HK자율전공학부Ⅰ,교과,학생부교과(일반전형-안성),70%컷(최종),4.37,2026,45,10.5
한경국립대,건축공학과,교과,학생부교과(지역균형선발-안성),70%컷(최종),4.52,2025,1,5
한경국립대,건축학과(5년제),교과,학생부교과(지역균형선발-안성),70%컷(최종),4.52,2025,1,3
한경국립대,화학공학과,교과,학생부교과(지역균형선발-안성),70%컷(최종),4.52,2025,3,2
한경국립대,[유형1] HK자율전공학부Ⅰ,교과,학생부교과(지역균형선발-안성),70%컷(최종),4.1,2026,10,9
한경국립대,경영학과,종합,학생부종합(잠재력우수자-안성),평균(최종),3.44,2025,10,7.5
한경국립대,문예창작미디어콘텐츠홍보학과,종합,학생부종합(잠재력우수자-안성),평균(최종),4.11,2025,6,22.17
한경국립대,법학과,종합,학생부종합(잠재력우수자-안성),평균(최종),4.55,2025,11,7.36
한경국립대,복지상담학과,종합,학생부종합(잠재력우수자-안성),평균(최종),4.76,2025,6,22.83
한경국립대,영미언어문화학과,종합,학생부종합(잠재력우수자-안성),평균(최종),5.24,2025,8,7.38
한경국립대,행정학과,종합,학생부종합(잠재력우수자-안성),평균(최종),4.56,2025,8,11.25
한경국립대,ICT로봇공학과,종합,학생부종합(잠재력우수자-안성),평균(최종),4.92,2025,12,6.58
한경국립대,건축공학과,종합,학생부종합(잠재력우수자-안성),평균(최종),5.08,2025,3,14
한경국립대,건축학과(5년제),종합,학생부종합(잠재력우수자-안성),평균(최종),3.51,2025,4,23
한경국립대,기계공학과,종합,학생부종합(잠재력우수자-안성),평균(최종),4.49,2025,6,10.67
한경국립대,동물생명과학과,종합,학생부종합(잠재력우수자-안성),평균(최종),3.94,2025,9,6.56
한경국립대,동물응용과학과,종합,학생부종합(잠재력우수자-안성),평균(최종),4.47,2025,9,7.33
한경국립대,식물생명환경학과,종합,학생부종합(잠재력우수자-안성),평균(최종),5.05,2025,13,7.31
한경국립대,식품생명공학과,종합,학생부종합(잠재력우수자-안성),평균(최종),4.47,2025,15,5.67
한경국립대,식품영양학과,종합,학생부종합(잠재력우수자-안성),평균(최종),3.74,2025,6,11.17
한경국립대,안전공학과,종합,학생부종합(잠재력우수자-안성),평균(최종),5.37,2025,12,5.83
한경국립대,원예생명공학과,종합,학생부종합(잠재력우수자-안성),평균(최종),4.58,2025,8,5.5
한경국립대,응용생명공학과,종합,학생부종합(잠재력우수자-안성),평균(최종),4.38,2025,8,7
한경국립대,응용수학과,종합,학생부종합(잠재력우수자-안성),평균(최종),4.39,2025,6,3.6
한경국립대,전기공학과,종합,학생부종합(잠재력우수자-안성),평균(최종),4.58,2025,9,6.78
한경국립대,전자공학과,종합,학생부종합(잠재력우수자-안성),평균(최종),4.92,2025,18,6.39
한경국립대,조경학과,종합,학생부종합(잠재력우수자-안성),평균(최종),4.87,2025,11,6.73
한경국립대,지역자원시스템공학과,종합,학생부종합(잠재력우수자-안성),평균(최종),5.4,2025,8,5.88
한경국립대,컴퓨터공학과,종합,학생부종합(잠재력우수자-안성),평균(최종),4.57,2025,6,14.2
한경국립대,토목공학과,종합,학생부종합(잠재력우수자-안성),평균(최종),5.12,2025,16,6.44
한경국립대,화학공학과,종합,학생부종합(잠재력우수자-안성),평균(최종),4.59,2025,7,8.67
한경국립대,환경공학과,종합,학생부종합(잠재력우수자-안성),평균(최종),4.82,2025,9,6.11
한경국립대,스포츠과학과,종합,학생부종합(잠재력우수자-안성),평균(최종),5.34,2025,2,20.5
한경국립대,시각미디어디자인학과,종합,학생부종합(잠재력우수자-안성),성적분포(최종),2.00 ~ 5.00,2024,15,8.36
한경국립대,의류산업학과,종합,학생부종합(잠재력우수자-안성),평균(최종),4.1,2025,6,11.83
한경국립대(평택),사회복지학과,교과,학생부교과(일반전형-평택),평균(최종),2.84,2025,7,6.57
한경국립대(평택),유아특수보육학과,교과,학생부교과(일반전형-평택),평균(최종),4.42,2025,8,5.13
한경국립대(평택),한국수어교육학과,교과,학생부교과(일반전형-평택),평균(최종),4.02,2025,7,4.57
한경국립대(평택),AI반도체융합학과,교과,학생부교과(일반전형-평택),평균(최종),3,2025,15,4.8
한경국립대(평택),의료재활공학과,교과,학생부교과(일반전형-평택),평균(최종),4.25,2025,7,10.71
한경국립대(평택),귀금속보석공예학과,교과,학생부교과(일반전형-평택),평균(최종),3.57,2025,8,6.13
한경국립대(평택),제품공간디자인학과,교과,학생부교과(일반전형-평택),평균(최종),4.18,2025,9,12.44
한국공대,[유형1] 자유전공학부,논술,논술(논술우수자),평균(최종),4.20,2026,66,12.77
한국공대,[유형2] IT반도체융합대학,논술,논술(논술우수자),평균(최종),4.30,2026,27,11.58
한국공대,[유형2] 스마트기계융합대학,논술,논술(논술우수자),평균(최종),4.30,2026,34,11.14
한국공대,IT경영전공,교과,학생부교과(교과우수자),평균(최종),2.90,2026,5,10.6
한국공대,경영학전공,교과,학생부교과(교과우수자),평균(최종),3.00,2026,8,7.86
한국공대,데이터사이언스경영전공,교과,학생부교과(교과우수자),70%컷(최종),3.43,2025,5,10.8
한국공대,AI로봇전공,교과,학생부교과(교과우수자),70%컷(최종),3.11,2025,6,5.67
한국공대,게임공학과,교과,학생부교과(교과우수자),평균(최종),3.00,2026,15,6.2
한국공대,기계공학과,교과,학생부교과(교과우수자),평균(최종),2.80,2026,16,7.56
한국공대,기계설계전공,교과,학생부교과(교과우수자),70%컷(최종),3.4,2025,9,6.9
한국공대,나노반도체공학전공,교과,학생부교과(교과우수자),70%컷(최종),3.4,2025,9,14.3
한국공대,디자인공학부,교과,학생부교과(교과우수자),평균(최종),3.10,2026,18,9.67
한국공대,메카트로닉스전공,교과,학생부교과(교과우수자),70%컷(최종),3.53,2025,11,11.42
한국공대,반도체시스템전공,교과,학생부교과(교과우수자),70%컷(최종),3.34,2025,6,15.5
한국공대,생명화학공학과,교과,학생부교과(교과우수자),평균(최종),2.70,2026,12,6.33
한국공대,소프트웨어전공,교과,학생부교과(교과우수자),70%컷(최종),3.44,2025,10,16.2
한국공대,신소재공학과,교과,학생부교과(교과우수자),평균(최종),2.70,2026,12,6.25
한국공대,인공지능학과,교과,학생부교과(교과우수자),평균(최종),2.90,2026,5,10.67
한국공대,임베디드시스템전공,교과,학생부교과(교과우수자),70%컷(최종),3.14,2025,9,6.3
한국공대,전자공학전공,교과,학생부교과(교과우수자),70%컷(최종),2.87,2025,15,4.47
한국공대,지능형모빌리티전공,교과,학생부교과(교과우수자),70%컷(최종),3.33,2025,4,6
한국공대,컴퓨터공학전공,교과,학생부교과(교과우수자),70%컷(최종),2.97,2025,10,6.1
한국공대,IT경영전공,교과,학생부교과(지역균형),평균(최종),2.80,2026,5,5.5
한국공대,경영학전공,교과,학생부교과(지역균형),평균(최종),2.80,2026,8,5.14
한국공대,데이터사이언스경영전공,교과,학생부교과(지역균형),70%컷(최종),2.83,2025,5,3.75
한국공대,AI로봇전공,교과,학생부교과(지역균형),70%컷(최종),3.33,2025,6,5.8
한국공대,게임공학과,교과,학생부교과(지역균형),평균(최종),3.30,2026,15,3.21
한국공대,기계공학과,교과,학생부교과(지역균형),평균(최종),2.70,2026,17,5.44
한국공대,기계설계전공,교과,학생부교과(지역균형),70%컷(최종),3.16,2025,10,3.78
한국공대,나노반도체공학전공,교과,학생부교과(지역균형),70%컷(최종),3.18,2025,8,9.38
한국공대,디자인공학부,교과,학생부교과(지역균형),평균(최종),2.90,2026,19,3.57
한국공대,메카트로닉스전공,교과,학생부교과(지역균형),70%컷(최종),3.16,2025,11,4.44
한국공대,반도체시스템전공,교과,학생부교과(지역균형),70%컷(최종),3.69,2025,6,18.33
한국공대,생명화학공학과,교과,학생부교과(지역균형),평균(최종),2.60,2026,12,5.9
한국공대,소프트웨어전공,교과,학생부교과(지역균형),70%컷(최종),2.85,2025,8,3.63
한국공대,신소재공학과,교과,학생부교과(지역균형),평균(최종),2.70,2026,12,4.4
한국공대,인공지능학과,교과,학생부교과(지역균형),평균(최종),3.10,2026,5,3.25
한국공대,임베디드시스템전공,교과,학생부교과(지역균형),70%컷(최종),3.31,2025,9,7.89
한국공대,전자공학전공,교과,학생부교과(지역균형),70%컷(최종),2.81,2025,15,3.5
한국공대,지능형모빌리티전공,교과,학생부교과(지역균형),70%컷(최종),3.4,2025,4,5.67
한국공대,컴퓨터공학전공,교과,학생부교과(지역균형),70%컷(최종),2.89,2025,9,3.78
한국공대,[유형1] 자유전공학부,종합,학생부종합(융합인재),평균(최종),3.80,2026,47,15.09
한국공대,AI소프트웨어학과,종합,학생부종합(조기취업형계약학과)(정원외),70%컷(최종),5.03,2025,40,7.59
한국공대,IT융합디자인공학과,종합,학생부종합(조기취업형계약학과)(정원외),70%컷(최종),6,2025,25,6.4
한국공대,스마트그린소재공학과,종합,학생부종합(조기취업형계약학과)(정원외),70%컷(최종),5.6,2025,25,4.04
한국공대,스마트전자공학과,종합,학생부종합(조기취업형계약학과)(정원외),70%컷(최종),4.83,2025,30,5.07
한국공대,IT경영전공,종합,학생부종합(창의인재),평균(최종),3.90,2026,7,5.6
한국공대,경영학전공,종합,학생부종합(창의인재),평균(최종),3.90,2026,10,8.22
한국공대,데이터사이언스경영전공,종합,학생부종합(창의인재),70%컷(최종),4.15,2025,7,6.2
한국공대,AI로봇전공,종합,학생부종합(창의인재),평균(최종),4.30,2026,5,11.4
한국공대,게임공학과,종합,학생부종합(창의인재),평균(최종),3.40,2026,16,10.79
한국공대,기계공학과,종합,학생부종합(창의인재),평균(최종),3.80,2026,18,11.57
한국공대,기계설계전공,종합,학생부종합(창의인재),70%컷(최종),4.4,2025,14,9.36
한국공대,나노반도체공학전공,종합,학생부종합(창의인재),70%컷(최종),4.34,2025,13,7.78
한국공대,디자인공학부,종합,학생부종합(창의인재),평균(최종),3.70,2026,22,5.95
한국공대,메카트로닉스전공,종합,학생부종합(창의인재),70%컷(최종),4.48,2025,14,10.08
한국공대,반도체시스템전공,종합,학생부종합(창의인재),70%컷(최종),4.32,2025,8,7.4
한국공대,생명화학공학과,종합,학생부종합(창의인재),평균(최종),3.50,2026,15,11.42
한국공대,소프트웨어전공,종합,학생부종합(창의인재),70%컷(최종),4,2025,13,14.3
한국공대,신소재공학과,종합,학생부종합(창의인재),평균(최종),3.70,2026,14,9.83
한국공대,인공지능학과,종합,학생부종합(창의인재),평균(최종),4.00,2026,7,32.25
한국공대,임베디드시스템전공,종합,학생부종합(창의인재),70%컷(최종),4.5,2025,14,9.6
한국공대,전자공학전공,종합,학생부종합(창의인재),70%컷(최종),4.24,2025,16,8.86
한국공대,지능형모빌리티전공,종합,학생부종합(창의인재),평균(최종),4.10,2026,10,10.2
한국공대,컴퓨터공학전공,종합,학생부종합(창의인재),70%컷(최종),4.28,2025,13,15.8
한국교원대,교육학과,종합,학생부종합(학생부종합우수자 일반전형),70%컷(최종),2.55,2026,7,5.14
한국교원대,국어교육과,종합,학생부종합(학생부종합우수자 일반전형),70%컷(최종),2.34,2026,22,5.64
한국교원대,독어교육과,종합,학생부종합(학생부종합우수자 일반전형),70%컷(최종),3.69,2026,7,6.14
한국교원대,불어교육과,종합,학생부종합(학생부종합우수자 일반전형),70%컷(최종),3.68,2026,7,5.71
한국교원대,역사교육과,종합,학생부종합(학생부종합우수자 일반전형),70%컷(최종),2.16,2026,11,6.82
한국교원대,영어교육과,종합,학생부종합(학생부종합우수자 일반전형),70%컷(최종),2.46,2026,17,6.88
한국교원대,유아교육과,종합,학생부종합(학생부종합우수자 일반전형),70%컷(최종),3.37,2026,12,7.17
한국교원대,윤리교육과,종합,학생부종합(학생부종합우수자 일반전형),70%컷(최종),2.04,2026,12,5.25
한국교원대,일반사회교육과,종합,학생부종합(학생부종합우수자 일반전형),70%컷(최종),2.38,2026,11,4.55
한국교원대,중국어교육과,종합,학생부종합(학생부종합우수자 일반전형),70%컷(최종),5.06,2026,7,5
한국교원대,지리교육과,종합,학생부종합(학생부종합우수자 일반전형),70%컷(최종),2.96,2026,13,6.5
한국교원대,초등교육과,종합,학생부종합(학생부종합우수자 일반전형),70%컷(최종),1.98,2026,62,6.3
한국교원대,특수교육과,종합,학생부종합(학생부종합우수자 일반전형),70%컷(최종),3.71,2026,7,5.43
한국교원대,가정교육과,종합,학생부종합(학생부종합우수자 일반전형),70%컷(최종),3.34,2026,12,4.75
한국교원대,기술교육과,종합,학생부종합(학생부종합우수자 일반전형),70%컷(최종),2.75,2026,14,4.36
한국교원대,물리교육과,종합,학생부종합(학생부종합우수자 일반전형),70%컷(최종),2.63,2026,11,5.09
한국교원대,생물교육과,종합,학생부종합(학생부종합우수자 일반전형),70%컷(최종),2.04,2026,11,6.18
한국교원대,수학교육과,종합,학생부종합(학생부종합우수자 일반전형),70%컷(최종),2.21,2026,16,6.25
한국교원대,지구과학교육과,종합,학생부종합(학생부종합우수자 일반전형),70%컷(최종),2.37,2026,12,6.25
한국교원대,컴퓨터교육과,종합,학생부종합(학생부종합우수자 일반전형),70%컷(최종),2.83,2026,13,4.62
한국교원대,화학교육과,종합,학생부종합(학생부종합우수자 일반전형),70%컷(최종),2.28,2026,12,6.42
한국교원대,환경교육과,종합,학생부종합(학생부종합우수자 일반전형),70%컷(최종),3.1,2026,12,5
한국교원대,음악교육과,종합,학생부종합(학생부종합우수자 일반전형),70%컷(최종),2.81,2026,5,11.2
한국교원대,체육교육과,종합,학생부종합(학생부종합우수자 일반전형),70%컷(최종),2.32,2026,5,13.2
한국교원대,국어교육과,교과,학생부교과(지역인재 특별전형),70%컷(최종),3.02,2026,1,8
한국교원대,역사교육과,교과,학생부교과(지역인재 특별전형),70%컷(최종),3.16,2026,1,6
한국교원대,영어교육과,교과,학생부교과(지역인재 특별전형),70%컷(최종),3.33,2026,1,11
한국교원대,유아교육과,교과,학생부교과(지역인재 특별전형),70%컷(최종),3.51,2026,1,5
한국교원대,윤리교육과,교과,학생부교과(지역인재 특별전형),70%컷(최종),3.46,2026,1,7
한국교원대,일반사회교육과,교과,학생부교과(지역인재 특별전형),70%컷(최종),3.27,2026,1,9
한국교원대,지리교육과,교과,학생부교과(지역인재 특별전형),70%컷(최종),3.30,2026,1,10
한국교원대,초등교육과,교과,학생부교과(지역인재 특별전형),70%컷(최종),2.28,2026,2,12.5
한국교원대,가정교육과,교과,학생부교과(지역인재 특별전형),70%컷(최종),3.63,2026,1,13
한국교원대,물리교육과,교과,학생부교과(지역인재 특별전형),70%컷(최종),2.79,2026,1,5
한국교원대,생물교육과,교과,학생부교과(지역인재 특별전형),70%컷(최종),2.77,2026,1,11
한국교원대,수학교육과,교과,학생부교과(지역인재 특별전형),70%컷(최종),2.53,2026,1,7
한국교원대,지구과학교육과,교과,학생부교과(지역인재 특별전형),70%컷(최종),3.07,2026,1,12
한국교원대,화학교육과,교과,학생부교과(지역인재 특별전형),70%컷(최종),4.04,2026,1,4
한국교원대,환경교육과,교과,학생부교과(지역인재 특별전형),70%컷(최종),3.79,2026,1,6
한국교통대,경영학과,교과,학생부교과(일반전형),70%컷(최종),3.35,2026,16,6.5
한국교통대,국제무역학과,교과,학생부교과(일반전형),70%컷(최종),3.47,2026,11,5.27
한국교통대,사회복지학과,교과,학생부교과(일반전형),70%컷(최종),3.65,2026,14,7.64
한국교통대,영어영문학과,교과,학생부교과(일반전형),70%컷(최종),4.19,2026,36,6.06
한국교통대,유아교육학과,교과,학생부교과(일반전형),70%컷(최종),3.31,2026,8,11.89
한국교통대,융합경영학과,교과,학생부교과(일반전형),70%컷(최종),3.68,2026,10,5.4
한국교통대,중국어학과,교과,학생부교과(일반전형),70%컷(최종),4.39,2026,25,9.72
한국교통대,한국어문학과,교과,학생부교과(일반전형),70%컷(최종),3.79,2026,11,5.09
한국교통대,행정정보융합학과,교과,학생부교과(일반전형),70%컷(최종),3.92,2026,16,5.88
한국교통대,행정학과,교과,학생부교과(일반전형),70%컷(최종),3.72,2026,27,5.85
한국교통대,건설환경도시교통공학부,교과,학생부교과(일반전형),70%컷(최종),4.43,2026,74,5.91
한국교통대,건축공학과,교과,학생부교과(일반전형),70%컷(최종),4.08,2026,20,6.25
한국교통대,건축학과(5년제),교과,학생부교과(일반전형),70%컷(최종),3.21,2026,8,7.22
한국교통대,기계공학과,교과,학생부교과(일반전형),70%컷(최종),4.02,2026,51,4.47
한국교통대,나노메디컬공학부,교과,학생부교과(일반전형),70%컷(최종),4.19,2026,17,4.76
한국교통대,나노화학소재공학과,교과,학생부교과(일반전형),70%컷(최종),4.29,2026,25,3.64
한국교통대,반도체신소재공학과,교과,학생부교과(일반전형),70%컷(최종),3.96,2026,31,4.52
한국교통대,산업경영공학과,교과,학생부교과(일반전형),70%컷(최종),4.28,2026,23,7.83
한국교통대,안전공학과,교과,학생부교과(일반전형),70%컷(최종),4.3,2026,22,4.23
한국교통대,자동차공학과,교과,학생부교과(일반전형),70%컷(최종),4.34,2026,35,6.91
한국교통대,전기공학과,교과,학생부교과(일반전형),70%컷(최종),3.88,2026,34,5.21
한국교통대,전자공학과,교과,학생부교과(일반전형),70%컷(최종),4.19,2026,83,4.24
한국교통대,컴퓨터공학과,교과,학생부교과(일반전형),70%컷(최종),4.22,2026,37,3.32
한국교통대,항공모빌리티학부,교과,학생부교과(일반전형),70%컷(최종),3.47,2026,19,7
한국교통대,화공생물공학과,교과,학생부교과(일반전형),70%컷(최종),4.13,2026,26,4.12
한국교통대,산업디자인학과,교과,학생부교과(일반전형),70%컷(최종),3.97,2026,8,7
한국교통대,커뮤니케이션디자인학과,교과,학생부교과(일반전형),70%컷(최종),3.82,2026,7,6.43
한국교통대,[유형1] 자유전공학부(충주),교과,학생부교과(일반전형),70%컷(최종),4.03,2026,65,11.45
한국교통대,경영학과,종합,학생부종합(학생부종합Ⅱ전형),70%컷(최종),4.77,2026,9,4.89
한국교통대,국제무역학과,종합,학생부종합(학생부종합Ⅱ전형),70%컷(최종),4.15,2026,6,8
한국교통대,사회복지학과,종합,학생부종합(학생부종합Ⅱ전형),70%컷(최종),4.27,2026,7,9.29
한국교통대,영어영문학과,종합,학생부종합(학생부종합Ⅱ전형),70%컷(최종),5.43,2026,17,4.53
한국교통대,유아교육학과,종합,학생부종합(학생부종합Ⅱ전형),70%컷(최종),4.98,2026,12,7.64
한국교통대,융합경영학과,종합,학생부종합(학생부종합Ⅱ전형),70%컷(최종),4.37,2026,6,5.17
한국교통대,중국어학과,종합,학생부종합(학생부종합Ⅱ전형),70%컷(최종),5.74,2026,12,4.75
한국교통대,한국어문학과,종합,학생부종합(학생부종합Ⅱ전형),70%컷(최종),4.71,2026,6,3.33
한국교통대,행정정보융합학과,종합,학생부종합(학생부종합Ⅱ전형),70%컷(최종),5.06,2026,5,4.4
한국교통대,행정학과,종합,학생부종합(학생부종합Ⅱ전형),70%컷(최종),4.02,2026,5,6.4
한국교통대,건설환경도시교통공학부,종합,학생부종합(학생부종합Ⅱ전형),70%컷(최종),5.53,2026,27,6
한국교통대,건축공학과,종합,학생부종합(학생부종합Ⅱ전형),70%컷(최종),5.1,2026,16,6.19
한국교통대,건축학과(5년제),종합,학생부종합(학생부종합Ⅱ전형),70%컷(최종),4.88,2026,13,11
한국교통대,기계공학과,종합,학생부종합(학생부종합Ⅱ전형),70%컷(최종),4.8,2026,10,8.2
한국교통대,나노메디컬공학부,종합,학생부종합(학생부종합Ⅱ전형),70%컷(최종),5.91,2026,10,3.9
한국교통대,나노화학소재공학과,종합,학생부종합(학생부종합Ⅱ전형),70%컷(최종),5.43,2026,14,5.29
한국교통대,반도체신소재공학과,종합,학생부종합(학생부종합Ⅱ전형),70%컷(최종),5.18,2026,7,7.29
한국교통대,산업경영공학과,종합,학생부종합(학생부종합Ⅱ전형),70%컷(최종),5.44,2026,14,4.64
한국교통대,안전공학과,종합,학생부종합(학생부종합Ⅱ전형),70%컷(최종),5.24,2026,14,4.36
한국교통대,자동차공학과,종합,학생부종합(학생부종합Ⅱ전형),70%컷(최종),5.26,2026,17,8.8
한국교통대,전기공학과,종합,학생부종합(학생부종합Ⅱ전형),70%컷(최종),5.4,2026,9,4.78
한국교통대,전자공학과,종합,학생부종합(학생부종합Ⅱ전형),70%컷(최종),5.48,2026,30,4.47
한국교통대,항공모빌리티학부,종합,학생부종합(학생부종합Ⅱ전형),70%컷(최종),5.43,2026,28,5.14
한국교통대,항공운항학과,종합,학생부종합(학생부종합Ⅱ전형),70%컷(최종),3.41,2026,24,11.63
한국교통대,화공생물공학과,종합,학생부종합(학생부종합Ⅱ전형),70%컷(최종),5.25,2026,15,5
한국교통대,산업디자인학과,종합,학생부종합(학생부종합Ⅱ전형),70%컷(최종),5.64,2026,6,5.83
한국교통대,음악학과,종합,학생부종합(학생부종합Ⅱ전형),평균(최종),6.38,2025,3,2.67
한국교통대,커뮤니케이션디자인학과,종합,학생부종합(학생부종합Ⅱ전형),70%컷(최종),4.8,2026,7,7.29
한국교통대,[유형1] 자유전공학부(충주),종합,학생부종합(학생부종합Ⅱ전형),70%컷(최종),5.48,2026,11,8.64
한국교통대,경영학과,교과,학생부교과(지역인재전형),70%컷(최종),4.13,2026,3,3.33
한국교통대,국제무역학과,교과,학생부교과(지역인재전형),70%컷(최종),3.8,2026,2,6
한국교통대,사회복지학과,교과,학생부교과(지역인재전형),70%컷(최종),3.32,2026,2,5.5
한국교통대,영어영문학과,교과,학생부교과(지역인재전형),70%컷(최종),4.1,2026,6,3.83
한국교통대,유아교육학과,교과,학생부교과(지역인재전형),70%컷(최종),4.16,2026,2,3.5
한국교통대,융합경영학과,교과,학생부교과(지역인재전형),70%컷(최종),4.2,2026,2,3.5
한국교통대,중국어학과,교과,학생부교과(지역인재전형),70%컷(최종),4.25,2026,4,6.5
한국교통대,한국어문학과,교과,학생부교과(지역인재전형),70%컷(최종),3.93,2026,2,5.5
한국교통대,행정정보융합학과,교과,학생부교과(지역인재전형),70%컷(최종),4.08,2026,2,4.5
한국교통대,행정학과,교과,학생부교과(지역인재전형),70%컷(최종),3.51,2026,3,5
한국교통대,건설환경도시교통공학부,교과,학생부교과(지역인재전형),70%컷(최종),4.75,2026,11,3.91
한국교통대,건축공학과,교과,학생부교과(지역인재전형),70%컷(최종),4.4,2026,4,2.75
한국교통대,건축학과(5년제),교과,학생부교과(지역인재전형),70%컷(최종),3.15,2026,2,4
한국교통대,기계공학과,교과,학생부교과(지역인재전형),70%컷(최종),4.29,2026,6,4.5
한국교통대,나노메디컬공학부,교과,학생부교과(지역인재전형),70%컷(최종),4.58,2026,3,
한국교통대,나노화학소재공학과,교과,학생부교과(지역인재전형),70%컷(최종),4.48,2026,5,3.6
한국교통대,반도체신소재공학과,교과,학생부교과(지역인재전형),70%컷(최종),4.51,2026,4,5.5
한국교통대,산업경영공학과,교과,학생부교과(지역인재전형),70%컷(최종),4.6,2026,4,5.5
한국교통대,안전공학과,교과,학생부교과(지역인재전형),70%컷(최종),4.2,2026,4,3.25
한국교통대,자동차공학과,교과,학생부교과(지역인재전형),70%컷(최종),4.56,2026,4,4.2
한국교통대,전기공학과,교과,학생부교과(지역인재전형),70%컷(최종),2.74,2026,4,3.75
한국교통대,전자공학과,교과,학생부교과(지역인재전형),70%컷(최종),4.37,2026,12,4.17
한국교통대,컴퓨터공학과,교과,학생부교과(지역인재전형),70%컷(최종),3.98,2026,6,3.17
한국교통대,항공모빌리티학부,교과,학생부교과(지역인재전형),70%컷(최종),2.9,2026,5,
한국교통대,화공생물공학과,교과,학생부교과(지역인재전형),70%컷(최종),4.28,2026,5,5.4
한국교통대,산업디자인학과,교과,학생부교과(지역인재전형),평균(최종),3.79,2025,1,5
한국교통대,커뮤니케이션디자인학과,교과,학생부교과(지역인재전형),70%컷(최종),3.03,2026,1,8
한국교통대(의왕),철도경영·물류학과,교과,학생부교과(일반전형),평균(최종),2.55,2025,10,7.75
한국교통대(의왕),철도AI·데이터공학부,교과,학생부교과(일반전형),평균(최종),2.72,2025,5,11.4
한국교통대(의왕),철도운전시스템공학과,교과,학생부교과(일반전형),70%컷(최종),1.97,2026,4,15
한국교통대(의왕),철도인프라공학과,교과,학생부교과(일반전형),70%컷(최종),2.77,2026,4,12.25
한국교통대(의왕),철도전기정보공학과,교과,학생부교과(일반전형),70%컷(최종),2.82,2026,4,8
한국교통대(의왕),철도차량시스템공학과,교과,학생부교과(일반전형),70%컷(최종),2.42,2026,4,12.43
한국교통대(의왕),철도경영·물류학과,종합,학생부종합(학생부종합Ⅱ전형),평균(최종),3.54,2025,13,6.08
한국교통대(의왕),철도AI·데이터공학부,종합,학생부종합(학생부종합Ⅱ전형),평균(최종),3.52,2025,29,4.31
한국교통대(의왕),철도운전시스템공학과,종합,학생부종합(학생부종합Ⅱ전형),70%컷(최종),3.21,2026,15,7.12
한국교통대(의왕),철도인프라공학과,종합,학생부종합(학생부종합Ⅱ전형),70%컷(최종),4.35,2026,13,7.14
한국교통대(의왕),철도전기정보공학과,종합,학생부종합(학생부종합Ⅱ전형),70%컷(최종),3.7,2026,13,5.08
한국교통대(의왕),철도차량시스템공학과,종합,학생부종합(학생부종합Ⅱ전형),70%컷(최종),4.4,2026,13,5.33
한국교통대(의왕),[유형1] 철도대학자유전공학부,종합,학생부종합(학생부종합Ⅱ전형),70%컷(최종),3.83,2026,10,8.7
한국교통대(증평),간호학과,교과,학생부교과(일반전형),70%컷(최종),3.13,2026,18,5.56
한국교통대(증평),물리치료학과,교과,학생부교과(일반전형),70%컷(최종),3.19,2026,18,11.11
한국교통대(증평),응급구조학과,교과,학생부교과(일반전형),70%컷(최종),3.58,2026,17,12.06
한국교통대(증평),[유형1] 생명자유전공학부,교과,학생부교과(일반전형),70%컷(최종),4.85,2026,4,18.75
한국교통대(증평),유아특수교육학과,종합,학생부종합(학생부종합Ⅱ전형),70%컷(최종),5.93,2026,12,3
한국교통대(증평),간호학과,종합,학생부종합(학생부종합Ⅱ전형),70%컷(최종),3.69,2026,22,9.55
한국교통대(증평),물리치료학과,종합,학생부종합(학생부종합Ⅱ전형),70%컷(최종),4.01,2026,8,11.63
한국교통대(증평),생명공학과,종합,학생부종합(학생부종합Ⅱ전형),70%컷(최종),4.55,2026,7,4
한국교통대(증평),식품공학과,종합,학생부종합(학생부종합Ⅱ전형),70%컷(최종),5.82,2026,9,3.11
한국교통대(증평),식품영양학과,종합,학생부종합(학생부종합Ⅱ전형),70%컷(최종),5.41,2026,7,5.86
한국교통대(증평),응급구조학과,종합,학생부종합(학생부종합Ⅱ전형),70%컷(최종),4.56,2026,10,15.6
한국교통대(증평),간호학과,교과,학생부교과(지역인재전형),70%컷(최종),3.53,2026,8,4.75
한국교통대(증평),물리치료학과,교과,학생부교과(지역인재전형),70%컷(최종),3.47,2026,3,5.33
한국교통대(증평),응급구조학과,교과,학생부교과(지역인재전형),70%컷(최종),4.59,2026,3,5
한국기술교대,[유형1] 자율전공(인문),교과,학생부교과(일반전형),70%컷(최종),3.58,2026,6,10.24
한국기술교대,고용서비스정책학과,교과,학생부교과(일반전형),70%컷(최종),3.64,2026,6,6.5
한국기술교대,데이터경영전공,교과,학생부교과(일반전형),70%컷(최종),4.16,2026,10,8.9
한국기술교대,융합경영전공,교과,학생부교과(일반전형),70%컷(최종),3.86,2026,10,8.9
한국기술교대,[유형1] 자율전공(자연),교과,학생부교과(일반전형),70%컷(최종),3.53,2026,34,7.17
한국기술교대,AI·소프트웨어전공,교과,학생부교과(일반전형),70%컷(최종),3.5,2026,17,5.33
한국기술교대,AI정보통신공학전공,교과,학생부교과(일반전형),70%컷(최종),4.23,2026,9,6
한국기술교대,건축공학과,교과,학생부교과(일반전형),70%컷(최종),3.96,2026,9,28.11
한국기술교대,기계공학부,교과,학생부교과(일반전형),70%컷(최종),3.58,2026,24,13.48
한국기술교대,디자인공학과,교과,학생부교과(일반전형),70%컷(최종),3.72,2026,9,12.67
한국기술교대,메카트로닉스공학부,교과,학생부교과(일반전형),70%컷(최종),3.53,2026,21,13.83
한국기술교대,에너지신소재공학전공,교과,학생부교과(일반전형),70%컷(최종),3.26,2026,7,10.57
한국기술교대,전기공학전공,교과,학생부교과(일반전형),70%컷(최종),3.73,2026,8,7.11
한국기술교대,전자공학전공,교과,학생부교과(일반전형),70%컷(최종),3.21,2026,6,9.17
한국기술교대,컴퓨터공학전공,교과,학생부교과(일반전형),70%컷(최종),4.57,2026,8,5
한국기술교대,화학생명공학전공,교과,학생부교과(일반전형),70%컷(최종),3.31,2026,8,7.71
한국기술교대,고용서비스정책학과,종합,학생부종합(창의인재(면접형)),70%컷(최종),4.18,2026,5,6.6
한국기술교대,데이터경영전공,종합,학생부종합(창의인재(면접형)),70%컷(최종),4.35,2026,6,10.5
한국기술교대,융합경영전공,종합,학생부종합(창의인재(면접형)),70%컷(최종),5.37,2026,6,15.17
한국기술교대,AI·소프트웨어전공,종합,학생부종합(창의인재(면접형)),70%컷(최종),3.91,2026,13,13
한국기술교대,AI정보통신공학전공,종합,학생부종합(창의인재(면접형)),70%컷(최종),4.7,2026,5,8.4
한국기술교대,건축공학과,종합,학생부종합(창의인재(면접형)),70%컷(최종),4.33,2026,8,13.63
한국기술교대,기계공학부,종합,학생부종합(창의인재(면접형)),70%컷(최종),3.15,2026,18,10.89
한국기술교대,디자인공학과,종합,학생부종합(창의인재(면접형)),70%컷(최종),4.19,2026,8,8.25
한국기술교대,메카트로닉스공학부,종합,학생부종합(창의인재(면접형)),70%컷(최종),4.43,2026,17,12.41
한국기술교대,에너지신소재공학전공,종합,학생부종합(창의인재(면접형)),70%컷(최종),4.07,2026,5,18.8
한국기술교대,전기공학전공,종합,학생부종합(창의인재(면접형)),70%컷(최종),3.81,2026,4,11
한국기술교대,전자공학전공,종합,학생부종합(창의인재(면접형)),70%컷(최종),3.82,2026,5,12.5
한국기술교대,컴퓨터공학전공,종합,학생부종합(창의인재(면접형)),70%컷(최종),3.84,2026,5,13
한국기술교대,화학생명공학전공,종합,학생부종합(창의인재(면접형)),70%컷(최종),4.37,2026,5,14.8
한국기술교대,고용서비스정책학과,종합,학생부종합(창의인재(서류형)),70%컷(최종),4.05,2026,6,5.6
한국기술교대,데이터경영전공,종합,학생부종합(창의인재(서류형)),70%컷(최종),4.36,2026,7,10.86
한국기술교대,융합경영전공,종합,학생부종합(창의인재(서류형)),70%컷(최종),3.81,2026,7,11.71
한국기술교대,AI·소프트웨어전공,종합,학생부종합(창의인재(서류형)),70%컷(최종),3.49,2026,13,7.08
한국기술교대,AI정보통신공학전공,종합,학생부종합(창의인재(서류형)),70%컷(최종),3.45,2026,9,7.2
한국기술교대,건축공학과,종합,학생부종합(창의인재(서류형)),70%컷(최종),4.34,2026,6,12.33
한국기술교대,기계공학부,종합,학생부종합(창의인재(서류형)),70%컷(최종),4.14,2026,20,8.89
한국기술교대,디자인공학과,종합,학생부종합(창의인재(서류형)),70%컷(최종),4.11,2026,6,7.5
한국기술교대,메카트로닉스공학부,종합,학생부종합(창의인재(서류형)),70%컷(최종),3.6,2026,17,8.28
한국기술교대,에너지신소재공학전공,종합,학생부종합(창의인재(서류형)),70%컷(최종),3.51,2026,8,18.25
한국기술교대,전기공학전공,종합,학생부종합(창의인재(서류형)),70%컷(최종),3.58,2026,6,10.86
한국기술교대,전자공학전공,종합,학생부종합(창의인재(서류형)),70%컷(최종),3.31,2026,5,12.5
한국기술교대,컴퓨터공학전공,종합,학생부종합(창의인재(서류형)),70%컷(최종),3.66,2026,6,6.4
한국기술교대,화학생명공학전공,종합,학생부종합(창의인재(서류형)),70%컷(최종),3.05,2026,8,8.63
한국기술교대,고용서비스정책학과,교과,학생부교과(지역인재전형),70%컷(최종),3.6,2026,5,5.2
한국기술교대,데이터경영전공,교과,학생부교과(지역인재전형),70%컷(최종),3.94,2026,6,12
한국기술교대,융합경영전공,교과,학생부교과(지역인재전형),70%컷(최종),4.08,2026,6,12.33
한국기술교대,AI·소프트웨어전공,교과,학생부교과(지역인재전형),70%컷(최종),3.81,2026,8,5
한국기술교대,AI정보통신공학전공,교과,학생부교과(지역인재전형),70%컷(최종),4.59,2026,4,5.25
한국기술교대,건축공학과,교과,학생부교과(지역인재전형),70%컷(최종),4.08,2026,5,8.2
한국기술교대,기계공학부,교과,학생부교과(지역인재전형),70%컷(최종),3.79,2026,12,6.75
한국기술교대,디자인공학과,교과,학생부교과(지역인재전형),70%컷(최종),4.07,2026,5,6.8
한국기술교대,메카트로닉스공학부,교과,학생부교과(지역인재전형),70%컷(최종),3.78,2026,12,7.75
한국기술교대,에너지신소재공학전공,교과,학생부교과(지역인재전형),70%컷(최종),3.34,2026,5,9
한국기술교대,전기공학전공,교과,학생부교과(지역인재전형),70%컷(최종),3.5,2026,4,5.25
한국기술교대,전자공학전공,교과,학생부교과(지역인재전형),70%컷(최종),3.12,2026,4,7.25
한국기술교대,컴퓨터공학전공,교과,학생부교과(지역인재전형),70%컷(최종),3.56,2026,4,5.5
한국기술교대,화학생명공학전공,교과,학생부교과(지역인재전형),70%컷(최종),3.27,2026,5,7.4
한국성서대,사회복지학과,교과,학생부교과(교과성적우수자전형),70%컷(최종),7.77,2026,6,5.33
한국성서대,성서학과,교과,학생부교과(교과성적우수자전형),70%컷(최종),7.57,2026,15,1.4
한국성서대,영유아보육학과,교과,학생부교과(교과성적우수자전형),70%컷(최종),5,2026,11,3.88
한국성서대,AI융합학부,교과,학생부교과(교과성적우수자전형),70%컷(최종),4.45,2026,15,5.47
한국성서대,간호학과,교과,학생부교과(교과성적우수자전형),70%컷(최종),3.59,2026,5,20.8
한국성서대,사회복지학과,교과,학생부교과(목회자추천전형),70%컷(최종),4.67,2026,6,6
한국성서대,성서학과,교과,학생부교과(목회자추천전형),70%컷(최종),5.75,2026,15,2
한국성서대,영유아보육학과,교과,학생부교과(목회자추천전형),70%컷(최종),5.03,2026,6,2.83
한국성서대,AI융합학부,교과,학생부교과(목회자추천전형),70%컷(최종),4.64,2026,15,1.47
한국성서대,간호학과,교과,학생부교과(목회자추천전형),70%컷(최종),4.72,2026,8,23.8
한국성서대,사회복지학과,교과,학생부교과(일반학생전형),70%컷(최종),3.9,2026,17,10.18
한국성서대,성서학과,교과,학생부교과(일반학생전형),70%컷(최종),5.97,2026,18,1.44
한국성서대,영유아보육학과,교과,학생부교과(일반학생전형),70%컷(최종),4.97,2026,15,7.67
한국성서대,AI융합학부,교과,학생부교과(일반학생전형),70%컷(최종),4.52,2026,25,5.22
한국성서대,간호학과,교과,학생부교과(일반학생전형),70%컷(최종),3.97,2026,22,12.15
한국외대,ELLT학과,교과,학생부교과(학교장추천전형),환산70%컷(최종),991.37,2026,5,6
한국외대,Language & AI융합학부,교과,학생부교과(학교장추천전형),환산70%컷(최종),994.9,2026,4,4.8
한국외대,Language & Diplomacy학부,교과,학생부교과(학교장추천전형),환산70%컷(최종),984.86,2026,5,10.5
한국외대,Language & Trade학부,교과,학생부교과(학교장추천전형),환산70%컷(최종),988.13,2026,4,6.67
한국외대,Social Science & AI융합학부,교과,학생부교과(학교장추천전형),환산70%컷(최종),988.7,2026,4,5
한국외대,경영학부,교과,학생부교과(학교장추천전형),환산70%컷(최종),979.01,2026,18,5.77
한국외대,경제학부,교과,학생부교과(학교장추천전형),환산70%컷(최종),987.74,2026,10,4.29
한국외대,국제통상학과,교과,학생부교과(학교장추천전형),환산70%컷(최종),993.78,2026,5,5.8
한국외대,국제학부,교과,학생부교과(학교장추천전형),환산70%컷(최종),982.67,2026,4,14.25
한국외대,네덜란드어과,교과,학생부교과(학교장추천전형),환산70%컷(최종),990.42,2026,4,7.67
한국외대,노어과,교과,학생부교과(학교장추천전형),환산70%컷(최종),965.56,2026,5,4.75
한국외대,독일어과,교과,학생부교과(학교장추천전형),환산70%컷(최종),990.08,2026,10,6.5
한국외대,말레이·인도네시아학과,교과,학생부교과(학교장추천전형),환산70%컷(최종),978.73,2026,4,10.33
한국외대,몽골학과,교과,학생부교과(학교장추천전형),환산70%컷(최종),979.81,2026,4,9
한국외대,미디어커뮤니케이션학부,교과,학생부교과(학교장추천전형),환산70%컷(최종),963.51,2026,5,5.33
한국외대,베트남학과,교과,학생부교과(학교장추천전형),환산70%컷(최종),987.05,2026,4,7.33
한국외대,스칸디나비아어과,교과,학생부교과(학교장추천전형),환산70%컷(최종),968.9,2026,4,4
한국외대,스페인어과,교과,학생부교과(학교장추천전형),환산70%컷(최종),982.72,2026,10,4.63
한국외대,아랍어과,교과,학생부교과(학교장추천전형),환산70%컷(최종),936.53,2026,5,5
한국외대,영미문학·문화학과,교과,학생부교과(학교장추천전형),환산70%컷(최종),990.28,2026,5,7.88
한국외대,영어통번역학과,교과,학생부교과(학교장추천전형),환산70%컷(최종),987.13,2026,5,6.67
한국외대,융합일본지역학부,교과,학생부교과(학교장추천전형),환산70%컷(최종),942.08,2026,4,5.4
한국외대,이탈리아어과,교과,학생부교과(학교장추천전형),환산70%컷(최종),982.63,2026,4,7.33
한국외대,인도·남아시아학과,교과,학생부교과(학교장추천전형),환산70%컷(최종),985.85,2026,4,7.67
한국외대,일본언어문화학부,교과,학생부교과(학교장추천전형),환산70%컷(최종),988.42,2026,5,7
한국외대,정치외교학과,교과,학생부교과(학교장추천전형),환산70%컷(최종),990.31,2026,5,9.2
한국외대,중국언어문화학부,교과,학생부교과(학교장추천전형),환산70%컷(최종),985.13,2026,5,5.83
한국외대,중국외교통상학부,교과,학생부교과(학교장추천전형),환산70%컷(최종),990.11,2026,5,7.33
한국외대,태국학과,교과,학생부교과(학교장추천전형),환산70%컷(최종),982.87,2026,4,4.67
한국외대,튀르키예·아제르바이잔학과,교과,학생부교과(학교장추천전형),환산70%컷(최종),985.19,2026,4,11
한국외대,페르시아어·이란학과,교과,학생부교과(학교장추천전형),환산70%컷(최종),986.26,2026,4,12.33
한국외대,포르투갈어과,교과,학생부교과(학교장추천전형),환산70%컷(최종),984.38,2026,4,8.33
한국외대,프랑스어학부,교과,학생부교과(학교장추천전형),환산70%컷(최종),986.34,2026,6,5
한국외대,행정학과,교과,학생부교과(학교장추천전형),환산70%컷(최종),990.35,2026,5,5.4
한국외대,[유형1] 자유전공학부(서울),교과,학생부교과(학교장추천전형),환산70%컷(최종),992.27,2026,15,7.53
한국외대,ELLT학과,종합,학생부종합(면접형),70%컷(최종),3.37,2026,9,7.44
한국외대,Language & AI융합학부,종합,학생부종합(면접형),70%컷(최종),5.45,2026,8,15.38
한국외대,Language & Diplomacy학부,종합,학생부종합(면접형),70%컷(최종),3.12,2026,7,8
한국외대,Language & Trade학부,종합,학생부종합(면접형),70%컷(최종),4.49,2025,5,14.5
한국외대,Social Science & AI융합학부,종합,학생부종합(면접형),70%컷(최종),3.23,2026,8,15.75
한국외대,경영학부,종합,학생부종합(면접형),70%컷(최종),2.46,2026,16,14.36
한국외대,경제학부,종합,학생부종합(면접형),70%컷(최종),2.39,2026,11,11.13
한국외대,국제통상학과,종합,학생부종합(면접형),70%컷(최종),2.64,2026,7,13.2
한국외대,국제학부,종합,학생부종합(면접형),70%컷(최종),2.59,2026,7,11.17
한국외대,네덜란드어과,종합,학생부종합(면접형),70%컷(최종),3.51,2026,5,11.25
한국외대,노어과,종합,학생부종합(면접형),70%컷(최종),3.22,2026,7,10.4
한국외대,독일어과,종합,학생부종합(면접형),70%컷(최종),4.99,2026,11,8.5
한국외대,말레이·인도네시아학과,종합,학생부종합(면접형),70%컷(최종),4.01,2025,5,9.75
한국외대,몽골학과,종합,학생부종합(면접형),70%컷(최종),4.35,2025,4,11
한국외대,미디어커뮤니케이션학부,종합,학생부종합(면접형),70%컷(최종),2.26,2026,7,12.89
한국외대,베트남학과,종합,학생부종합(면접형),70%컷(최종),4.32,2026,5,8.5
한국외대,스칸디나비아어과,종합,학생부종합(면접형),70%컷(최종),4.18,2026,5,11.25
한국외대,스페인어과,종합,학생부종합(면접형),70%컷(최종),3.74,2026,11,11.8
한국외대,아랍어과,종합,학생부종합(면접형),70%컷(최종),3.86,2026,7,10.2
한국외대,영미문학·문화학과,종합,학생부종합(면접형),70%컷(최종),2.84,2025,9,10.44
한국외대,영어교육과,종합,학생부종합(면접형),70%컷(최종),2.18,2025,8,11.33
한국외대,영어통번역학과,종합,학생부종합(면접형),70%컷(최종),2.94,2026,7,8.13
한국외대,외국어교육학부(독일어교육전공),종합,학생부종합(면접형),70%컷(최종),4.06,2025,7,6.67
한국외대,외국어교육학부(중국어교육전공),종합,학생부종합(면접형),70%컷(최종),4.45,2025,7,10
한국외대,외국어교육학부(프랑스어교육전공),종합,학생부종합(면접형),70%컷(최종),4.31,2025,7,9.67
한국외대,융합일본지역학부,종합,학생부종합(면접형),70%컷(최종),3.08,2026,6,13.25
한국외대,이탈리아어과,종합,학생부종합(면접형),70%컷(최종),4.87,2026,5,13
한국외대,인도·남아시아학과,종합,학생부종합(면접형),70%컷(최종),4.49,2026,5,8.5
한국외대,일본언어문화학부,종합,학생부종합(면접형),70%컷(최종),4.17,2026,7,22.4
한국외대,정치외교학과,종합,학생부종합(면접형),70%컷(최종),2.30,2026,8,16.33
한국외대,중국언어문화학부,종합,학생부종합(면접형),70%컷(최종),4.02,2026,7,13.83
한국외대,중국외교통상학부,종합,학생부종합(면접형),70%컷(최종),4.12,2026,7,17.83
한국외대,태국학과,종합,학생부종합(면접형),70%컷(최종),3.28,2026,5,10.25
한국외대,튀르키예·아제르바이잔학과,종합,학생부종합(면접형),70%컷(최종),3.95,2026,5,10.25
한국외대,페르시아어·이란학과,종합,학생부종합(면접형),70%컷(최종),4.01,2026,5,10.5
한국외대,포르투갈어과,종합,학생부종합(면접형),70%컷(최종),3.27,2026,5,9.75
한국외대,프랑스어학부,종합,학생부종합(면접형),70%컷(최종),3.69,2026,9,7.89
한국외대,한국어교육과,종합,학생부종합(면접형),70%컷(최종),2.23,2025,5,14
한국외대,행정학과,종합,학생부종합(면접형),70%컷(최종),2.22,2026,8,12.5
한국외대,ELLT학과,종합,학생부종합(서류형),70%컷(최종),2.32,2026,9,6
한국외대,Language & AI융합학부,종합,학생부종합(서류형),70%컷(최종),2.11,2026,4,7
한국외대,Language & Diplomacy학부,종합,학생부종합(서류형),70%컷(최종),2.18,2025,7,6.33
한국외대,Language & Trade학부,종합,학생부종합(서류형),70%컷(최종),2.51,2025,3,6.5
한국외대,Social Science & AI융합학부,종합,학생부종합(서류형),70%컷(최종),2.43,2026,4,9
한국외대,경영학부,종합,학생부종합(서류형),70%컷(최종),2.14,2026,24,7.73
한국외대,경제학부,종합,학생부종합(서류형),70%컷(최종),2.05,2026,11,6
한국외대,국제통상학과,종합,학생부종합(서류형),70%컷(최종),2.20,2026,7,8.29
한국외대,국제학부,종합,학생부종합(서류형),70%컷(최종),2.62,2026,6,8.86
한국외대,네덜란드어과,종합,학생부종합(서류형),70%컷(최종),3.97,2026,5,7.2
한국외대,노어과,종합,학생부종합(서류형),70%컷(최종),3.58,2026,7,10.8
한국외대,독일어과,종합,학생부종합(서류형),70%컷(최종),4.39,2026,12,7.55
한국외대,말레이·인도네시아학과,종합,학생부종합(서류형),70%컷(최종),2.67,2025,5,6.2
한국외대,몽골학과,종합,학생부종합(서류형),70%컷(최종),4.06,2026,4,8
한국외대,미디어커뮤니케이션학부,종합,학생부종합(서류형),70%컷(최종),2.13,2026,8,9.38
한국외대,베트남학과,종합,학생부종합(서류형),70%컷(최종),3.76,2026,5,8.2
한국외대,스칸디나비아어과,종합,학생부종합(서류형),70%컷(최종),2.45,2026,5,6.8
한국외대,스페인어과,종합,학생부종합(서류형),70%컷(최종),4.25,2026,12,5.64
한국외대,아랍어과,종합,학생부종합(서류형),70%컷(최종),2.94,2026,7,7.8
한국외대,영미문학·문화학과,종합,학생부종합(서류형),70%컷(최종),2.48,2025,9,6.6
한국외대,영어교육과,종합,학생부종합(서류형),70%컷(최종),2.02,2026,9,6.83
한국외대,영어통번역학과,종합,학생부종합(서류형),70%컷(최종),2.73,2026,8,7.11
한국외대,외국어교육학부(독일어교육전공),종합,학생부종합(서류형),70%컷(최종),3.96,2025,7,7
한국외대,외국어교육학부(중국어교육전공),종합,학생부종합(서류형),70%컷(최종),3.39,2025,7,7
한국외대,외국어교육학부(프랑스어교육전공),종합,학생부종합(서류형),70%컷(최종),4.36,2025,7,10
한국외대,융합일본지역학부,종합,학생부종합(서류형),70%컷(최종),2.66,2026,5,9
한국외대,이탈리아어과,종합,학생부종합(서류형),70%컷(최종),4.24,2026,5,6.2
한국외대,인도·남아시아학과,종합,학생부종합(서류형),70%컷(최종),4.33,2026,5,8.8
한국외대,일본언어문화학부,종합,학생부종합(서류형),70%컷(최종),3.23,2026,7,13.33
한국외대,정치외교학과,종합,학생부종합(서류형),70%컷(최종),1.90,2026,7,8
한국외대,중국언어문화학부,종합,학생부종합(서류형),70%컷(최종),2.85,2026,8,7.88
한국외대,중국외교통상학부,종합,학생부종합(서류형),70%컷(최종),2.46,2026,7,7.43
한국외대,태국학과,종합,학생부종합(서류형),70%컷(최종),2.89,2026,5,7.2
한국외대,튀르키예·아제르바이잔학과,종합,학생부종합(서류형),70%컷(최종),4.35,2026,5,7
한국외대,페르시아어·이란학과,종합,학생부종합(서류형),70%컷(최종),2.77,2026,5,7.2
한국외대,포르투갈어과,종합,학생부종합(서류형),70%컷(최종),5.06,2026,5,6.2
한국외대,프랑스어학부,종합,학생부종합(서류형),70%컷(최종),2.84,2026,9,5.1
한국외대,한국어교육과,종합,학생부종합(서류형),70%컷(최종),1.89,2025,5,8.5
한국외대,행정학과,종합,학생부종합(서류형),70%컷(최종),2.04,2026,7,9.2
한국외대,[유형1] 자유전공학부(서울),종합,학생부종합(서류형),70%컷(최종),2.43,2026,14,12.33
한국외대(글로벌),Global Business & Technology학부,교과,학생부교과(학교장추천전형),환산70%컷(최종),951.12,2026,5,5.86
한국외대(글로벌),국제금융학과,교과,학생부교과(학교장추천전형),환산70%컷(최종),979.4,2026,4,4.67
한국외대(글로벌),그리스·불가리아학과,교과,학생부교과(학교장추천전형),환산70%컷(최종),917.73,2026,4,3.67
한국외대(글로벌),글로벌스포츠산업학부,교과,학생부교과(학교장추천전형),환산70%컷(최종),975.6,2026,4,7.67
한국외대(글로벌),디지털콘텐츠학부,교과,학생부교과(학교장추천전형),환산70%컷(최종),963.91,2026,4,4.25
한국외대(글로벌),루마니아학과,교과,학생부교과(학교장추천전형),환산70%컷(최종),947.86,2026,4,5
한국외대(글로벌),사학과,교과,학생부교과(학교장추천전형),환산70%컷(최종),917,2026,4,3.75
한국외대(글로벌),세르비아·크로아티아학과,교과,학생부교과(학교장추천전형),환산70%컷(최종),891.97,2026,4,4.5
한국외대(글로벌),아프리카학부,교과,학생부교과(학교장추천전형),환산70%컷(최종),944.87,2026,5,5.17
한국외대(글로벌),언어인지과학과,교과,학생부교과(학교장추천전형),환산70%컷(최종),968.75,2026,4,4.25
한국외대(글로벌),우크라이나학과,교과,학생부교과(학교장추천전형),환산70%컷(최종),934.16,2026,4,4
한국외대(글로벌),융합인재학부,교과,학생부교과(학교장추천전형),환산70%컷(최종),920.96,2026,5,4.22
한국외대(글로벌),중앙아시아학과,교과,학생부교과(학교장추천전형),환산70%컷(최종),938.68,2026,4,4.33
한국외대(글로벌),철학과,교과,학생부교과(학교장추천전형),환산70%컷(최종),855.73,2026,4,5.25
한국외대(글로벌),체코·슬로바키아학과,교과,학생부교과(학교장추천전형),환산70%컷(최종),949.46,2026,4,5.5
한국외대(글로벌),투어리즘 & 웰니스학부,교과,학생부교과(학교장추천전형),환산70%컷(최종),946.74,2026,4,6.75
한국외대(글로벌),폴란드학과,교과,학생부교과(학교장추천전형),환산70%컷(최종),875.21,2026,4,3
한국외대(글로벌),한국학과,교과,학생부교과(학교장추천전형),환산70%컷(최종),868.17,2026,4,3.67
한국외대(글로벌),헝가리학과,교과,학생부교과(학교장추천전형),환산70%컷(최종),840.36,2026,4,3.75
한국외대(글로벌),AI데이터융합학부,교과,학생부교과(학교장추천전형),환산70%컷(최종),957.47,2026,4,5.75
한국외대(글로벌),AI로봇공학과,교과,학생부교과(학교장추천전형),환산70%컷(최종),934.71,2026,4,
한국외대(글로벌),Finance & AI융합학부,교과,학생부교과(학교장추천전형),환산70%컷(최종),922.05,2026,4,3.25
한국외대(글로벌),기후변화융합학부,교과,학생부교과(학교장추천전형),환산70%컷(최종),962.18,2026,5,5.8
한국외대(글로벌),바이오메디컬공학부,교과,학생부교과(학교장추천전형),환산70%컷(최종),937.8,2026,4,12
한국외대(글로벌),반도체전자공학부(반도체공학전공),교과,학생부교과(학교장추천전형),환산70%컷(최종),932.52,2026,4,4
한국외대(글로벌),반도체전자공학부(전자공학전공),교과,학생부교과(학교장추천전형),환산70%컷(최종),896.04,2026,4,4.25
한국외대(글로벌),산업경영공학과,교과,학생부교과(학교장추천전형),환산70%컷(최종),947.2,2026,4,5.5
한국외대(글로벌),생명공학과,교과,학생부교과(학교장추천전형),환산70%컷(최종),983.12,2026,4,10.25
한국외대(글로벌),수학과,교과,학생부교과(학교장추천전형),환산70%컷(최종),912.41,2026,4,3.33
한국외대(글로벌),전자물리학과,교과,학생부교과(학교장추천전형),환산70%컷(최종),953.22,2026,4,7
한국외대(글로벌),컴퓨터공학부,교과,학생부교과(학교장추천전형),환산70%컷(최종),864.47,2026,7,3.67
한국외대(글로벌),통계학과,교과,학생부교과(학교장추천전형),환산70%컷(최종),958.6,2026,4,7
한국외대(글로벌),화학과,교과,학생부교과(학교장추천전형),환산70%컷(최종),946.18,2026,4,4.25
한국외대(글로벌),환경학과,교과,학생부교과(학교장추천전형),환산70%컷(최종),944.5,2026,4,6.5
한국외대(글로벌),[유형1] 자유전공학부(글로벌),교과,학생부교과(학교장추천전형),환산70%컷(최종),955.91,2026,29,4.28
한국외대(글로벌),컴퓨터공학부,종합,학생부종합(SW인재),70%컷(최종),3.93,2025,24,8.88
한국외대(글로벌),Global Business & Technology학부,종합,학생부종합(면접형),70%컷(최종),4.5,2025,8,12.31
한국외대(글로벌),국제금융학과,종합,학생부종합(면접형),70%컷(최종),3.98,2026,5,11.6
한국외대(글로벌),그리스·불가리아학과,종합,학생부종합(면접형),70%컷(최종),5.07,2025,5,14.4
한국외대(글로벌),글로벌스포츠산업학부,종합,학생부종합(면접형),70%컷(최종),3.80,2026,10,27.5
한국외대(글로벌),디지털콘텐츠학부,종합,학생부종합(면접형),70%컷(최종),3.42,2026,7,13
한국외대(글로벌),루마니아학과,종합,학생부종합(면접형),70%컷(최종),5.40,2026,5,12.6
한국외대(글로벌),사학과,종합,학생부종합(면접형),70%컷(최종),4.02,2026,5,19.67
한국외대(글로벌),세르비아·크로아티아학과,종합,학생부종합(면접형),70%컷(최종),5.43,2025,5,13.2
한국외대(글로벌),아프리카학부,종합,학생부종합(면접형),70%컷(최종),5.47,2026,8,11.5
한국외대(글로벌),언어인지과학과,종합,학생부종합(면접형),70%컷(최종),4.44,2026,5,13.5
한국외대(글로벌),우크라이나학과,종합,학생부종합(면접형),70%컷(최종),3.96,2026,5,10.67
한국외대(글로벌),융합인재학부,종합,학생부종합(면접형),70%컷(최종),4.14,2026,10,10.72
한국외대(글로벌),중앙아시아학과,종합,학생부종합(면접형),70%컷(최종),4.32,2026,5,14
한국외대(글로벌),철학과,종합,학생부종합(면접형),70%컷(최종),4.22,2026,5,16.83
한국외대(글로벌),체코·슬로바키아학과,종합,학생부종합(면접형),70%컷(최종),5.48,2025,5,12.4
한국외대(글로벌),투어리즘 & 웰니스학부,종합,학생부종합(면접형),70%컷(최종),4.98,2025,7,18.56
한국외대(글로벌),폴란드학과,종합,학생부종합(면접형),70%컷(최종),4.21,2026,5,11.8
한국외대(글로벌),한국학과,종합,학생부종합(면접형),70%컷(최종),4.67,2026,5,15
한국외대(글로벌),헝가리학과,종합,학생부종합(면접형),70%컷(최종),5.54,2026,5,15
한국외대(글로벌),AI데이터융합학부,종합,학생부종합(면접형),70%컷(최종),3.78,2026,7,12.89
한국외대(글로벌),Finance & AI융합학부,종합,학생부종합(면접형),70%컷(최종),5.3,2025,7,11.78
한국외대(글로벌),기후변화융합학부,종합,학생부종합(면접형),70%컷(최종),3.37,2026,8,9.67
한국외대(글로벌),바이오메디컬공학부,종합,학생부종합(면접형),70%컷(최종),3.38,2026,7,11.63
한국외대(글로벌),반도체전자공학부(반도체공학전공),종합,학생부종합(면접형),70%컷(최종),4.11,2025,7,13
한국외대(글로벌),반도체전자공학부(전자공학전공),종합,학생부종합(면접형),70%컷(최종),3.68,2025,7,8.78
한국외대(글로벌),산업경영공학과,종합,학생부종합(면접형),70%컷(최종),3.86,2026,7,8.17
한국외대(글로벌),생명공학과,종합,학생부종합(면접형),70%컷(최종),3.34,2026,7,16.2
한국외대(글로벌),수학과,종합,학생부종합(면접형),70%컷(최종),3.88,2026,5,7.2
한국외대(글로벌),전자물리학과,종합,학생부종합(면접형),70%컷(최종),4.06,2026,5,9.6
한국외대(글로벌),통계학과,종합,학생부종합(면접형),70%컷(최종),4.41,2026,5,8.83
한국외대(글로벌),화학과,종합,학생부종합(면접형),70%컷(최종),3.38,2026,7,10.2
한국외대(글로벌),환경학과,종합,학생부종합(면접형),70%컷(최종),3.53,2026,7,14.6
한국외대(글로벌),Global Business & Technology학부,종합,학생부종합(서류형),70%컷(최종),4.31,2025,11,7.82
한국외대(글로벌),국제금융학과,종합,학생부종합(서류형),70%컷(최종),4.37,2026,5,12.6
한국외대(글로벌),그리스·불가리아학과,종합,학생부종합(서류형),70%컷(최종),5.88,2025,5,22.2
한국외대(글로벌),글로벌스포츠산업학부,종합,학생부종합(서류형),70%컷(최종),3.09,2026,7,10.33
한국외대(글로벌),디지털콘텐츠학부,종합,학생부종합(서류형),70%컷(최종),3.34,2026,10,7.11
한국외대(글로벌),루마니아학과,종합,학생부종합(서류형),70%컷(최종),4.42,2026,5,9.33
한국외대(글로벌),사학과,종합,학생부종합(서류형),70%컷(최종),3.24,2026,6,7.57
한국외대(글로벌),세르비아·크로아티아학과,종합,학생부종합(서류형),70%컷(최종),4.4,2025,5,9.83
한국외대(글로벌),아프리카학부,종합,학생부종합(서류형),70%컷(최종),4.17,2026,11,8.33
한국외대(글로벌),언어인지과학과,종합,학생부종합(서류형),70%컷(최종),3.73,2026,6,6.29
한국외대(글로벌),우크라이나학과,종합,학생부종합(서류형),70%컷(최종),4.52,2026,5,10
한국외대(글로벌),융합인재학부,종합,학생부종합(서류형),70%컷(최종),4.10,2026,18,9.44
한국외대(글로벌),중앙아시아학과,종합,학생부종합(서류형),70%컷(최종),5.45,2026,5,14.2
한국외대(글로벌),철학과,종합,학생부종합(서류형),70%컷(최종),3.46,2026,6,5.86
한국외대(글로벌),체코·슬로바키아학과,종합,학생부종합(서류형),70%컷(최종),4.59,2025,5,9.17
한국외대(글로벌),투어리즘 & 웰니스학부,종합,학생부종합(서류형),70%컷(최종),4.17,2025,10,10.11
한국외대(글로벌),폴란드학과,종합,학생부종합(서류형),70%컷(최종),4.89,2026,5,8.17
한국외대(글로벌),한국학과,종합,학생부종합(서류형),70%컷(최종),3.62,2026,5,6.75
한국외대(글로벌),헝가리학과,종합,학생부종합(서류형),70%컷(최종),3.96,2026,5,8
한국외대(글로벌),AI데이터융합학부,종합,학생부종합(서류형),70%컷(최종),3.68,2026,3,6.75
한국외대(글로벌),Finance & AI융합학부,종합,학생부종합(서류형),70%컷(최종),4.55,2025,3,8.75
한국외대(글로벌),기후변화융합학부,종합,학생부종합(서류형),70%컷(최종),3.57,2026,8,8.25
한국외대(글로벌),바이오메디컬공학부,종합,학생부종합(서류형),70%컷(최종),3.09,2026,10,7
한국외대(글로벌),반도체전자공학부(반도체공학전공),종합,학생부종합(서류형),70%컷(최종),3.65,2025,9,5.33
한국외대(글로벌),반도체전자공학부(전자공학전공),종합,학생부종합(서류형),70%컷(최종),3.12,2025,9,5.89
한국외대(글로벌),산업경영공학과,종합,학생부종합(서류형),70%컷(최종),3.70,2026,9,5.83
한국외대(글로벌),생명공학과,종합,학생부종합(서류형),70%컷(최종),3.13,2026,9,6.67
한국외대(글로벌),수학과,종합,학생부종합(서류형),70%컷(최종),3.83,2026,6,6.5
한국외대(글로벌),전자물리학과,종합,학생부종합(서류형),70%컷(최종),3.82,2026,6,5.83
한국외대(글로벌),통계학과,종합,학생부종합(서류형),70%컷(최종),3.64,2026,6,5.83
한국외대(글로벌),화학과,종합,학생부종합(서류형),70%컷(최종),3.44,2026,9,6
한국외대(글로벌),환경학과,종합,학생부종합(서류형),70%컷(최종),3.07,2026,9,6.33
한국외대(글로벌),[유형1] 자유전공학부(글로벌),종합,학생부종합(서류형),70%컷(최종),3.49,2026,27,9.09
한국항공대,항공·경영대학(사회적성),논술,논술(논술우수자),,2025 통합 모집,2024,19,29.87
한국항공대,항공·경영대학(이학적성),논술,논술(논술우수자),,2025 통합 모집,2024,15,56.53
한국항공대,AI융합대학,논술,논술(논술우수자),,2025 통합 모집,2024,53,19.25
한국항공대,공과대학,논술,논술(논술우수자),,2025 통합 모집,2024,51,21.52
한국항공대,항공·경영대학,교과,학생부교과(교과성적우수자),70%컷(최종),2.2,2026,18,6.37
한국항공대,항공운항학과,교과,학생부교과(교과성적우수자),70%컷(최종),1.3,2026,7,18.6
한국항공대,[유형1] 자유전공학부,교과,학생부교과(교과성적우수자),70%컷(최종),2.4,2026,11,9.9
한국항공대,[유형1] 자유전공학부(공학적성),교과,학생부교과(교과성적우수자),70%컷(최종),2.4,2026,11,6.8
한국항공대,AI융합대학,교과,학생부교과(교과성적우수자),70%컷(최종),2.5,2026,30,9
한국항공대,공과대학,교과,학생부교과(교과성적우수자),70%컷(최종),2.5,2026,31,6.6
한국항공대,항공·경영대학,교과,학생부교과(학교장추천),70%컷(최종),1.8,2026,19,5.63
한국항공대,항공운항학과,교과,학생부교과(학교장추천),70%컷(최종),1.3,2026,7,14.2
한국항공대,[유형1] 자유전공학부,교과,학생부교과(학교장추천),70%컷(최종),2.2,2026,11,7.36
한국항공대,[유형1] 자유전공학부(공학적성),교과,학생부교과(학교장추천),70%컷(최종),2.2,2026,11,5.18
한국항공대,AI융합대학,교과,학생부교과(학교장추천),70%컷(최종),2.5,2026,30,4.48
한국항공대,공과대학,교과,학생부교과(학교장추천),70%컷(최종),2.2,2026,30,4.73
한국항공대,항공·경영대학(사회적성),종합,학생부종합(미래인재),70%컷(최종),3.3,2026,17,7.15
한국항공대,항공·경영대학(이학적성),종합,학생부종합(미래인재),70%컷(최종),3.3,2026,15,11.06
한국항공대,항공운항학과,종합,학생부종합(미래인재),70%컷(최종),2.2,2026,10,19.22
한국항공대,AI융합대학,종합,학생부종합(미래인재),70%컷(최종),3.9,2026,52,8.37
한국항공대,공과대학,종합,학생부종합(미래인재),70%컷(최종),6.9,2026,52,13.55
한국해양대,[유형1] 인문사회자율전공학부,교과,학생부교과(교과성적우수자전형-남),70%컷(최종),3.94,2026,16,8.25
한국해양대,국제관계학과,교과,학생부교과(교과성적우수자전형-남),70%컷(최종),3.71,2026,14,6.07
한국해양대,국제무역경제학부,교과,학생부교과(교과성적우수자전형-남),70%컷(최종),3.51,2026,25,6.48
한국해양대,동아시아학과,교과,학생부교과(교과성적우수자전형-남),70%컷(최종),3.88,2026,13,11.77
한국해양대,해사법학부,교과,학생부교과(교과성적우수자전형-남),70%컷(최종),3.06,2026,18,7.33
한국해양대,해양영어영문학과,교과,학생부교과(교과성적우수자전형-남),70%컷(최종),3.83,2026,11,8.82
한국해양대,해양행정학과,교과,학생부교과(교과성적우수자전형-남),70%컷(최종),3.52,2026,9,8.22
한국해양대,해운경영학부,교과,학생부교과(교과성적우수자전형-남),70%컷(최종),3.32,2026,17,8.65
한국해양대,기계공학부 기계시스템공학전공,교과,학생부교과(교과성적우수자전형-남),70%컷(최종),3.76,2026,23,7.67
한국해양대,기계공학부 냉동공조공학전공,교과,학생부교과(교과성적우수자전형-남),70%컷(최종),3.38,2026,16,8.19
한국해양대,기관시스템공학부,교과,학생부교과(교과성적우수자전형-남),평균(최종),3.36,2026,112,7.74
한국해양대,물류시스템공학과,교과,학생부교과(교과성적우수자전형-남),70%컷(최종),3.56,2026,20,5.75
한국해양대,에너지자원공학과,교과,학생부교과(교과성적우수자전형-남),70%컷(최종),4.05,2026,15,7.2
한국해양대,인공지능공학부 지능제어시스템공학전공,교과,학생부교과(교과성적우수자전형-남),70%컷(최종),4.08,2026,13,6.31
한국해양대,인공지능공학부 컴퓨터공학전공,교과,학생부교과(교과성적우수자전형-남),70%컷(최종),3.77,2026,12,5.75
한국해양대,전자전기정보공학부 나노반도체공학전공,교과,학생부교과(교과성적우수자전형-남),70%컷(최종),3.89,2026,23,6.17
한국해양대,전자전기정보공학부 데이터사이언스전공,교과,학생부교과(교과성적우수자전형-남),70%컷(최종),4.15,2026,13,6.46
한국해양대,전자전기정보공학부 전기전자공학전공,교과,학생부교과(교과성적우수자전형-남),70%컷(최종),3.56,2026,21,5.62
한국해양대,전자전기정보공학부 전자정보통신공학전공,교과,학생부교과(교과성적우수자전형-남),70%컷(최종),4.14,2026,17,6.53
한국해양대,전자전기정보공학부 전파모빌리티융합공학전공,교과,학생부교과(교과성적우수자전형-남),70%컷(최종),4.56,2026,19,10.21
한국해양대,조선해양시스템공학부,교과,학생부교과(교과성적우수자전형-남),70%컷(최종),3.71,2026,23,10.43
한국해양대,토목공학과,교과,학생부교과(교과성적우수자전형-남),70%컷(최종),4.45,2026,14,11
한국해양대,항해융합학부,교과,학생부교과(교과성적우수자전형-남),평균(최종),2.44,2026,104,4.16
한국해양대,해사인공지능·보안학부,교과,학생부교과(교과성적우수자전형-남),평균(최종),3.13,2026,33,6
한국해양대,해양건축공학과,교과,학생부교과(교과성적우수자전형-남),70%컷(최종),4.25,2026,26,6.42
한국해양대,해양경찰학부,교과,학생부교과(교과성적우수자전형-남),평균(최종),3.50,2026,24,6.44
한국해양대,해양공학과,교과,학생부교과(교과성적우수자전형-남),70%컷(최종),3.8,2026,15,12.07
한국해양대,해양과학융합학부 해양생물공학전공·수산바이오공학전공,교과,학생부교과(교과성적우수자전형-남),평균(최종),3.49,2026,18,8.22
한국해양대,해양과학융합학부 해양환경학전공,교과,학생부교과(교과성적우수자전형-남),70%컷(최종),3.73,2026,12,6.67
한국해양대,환경공학과,교과,학생부교과(교과성적우수자전형-남),70%컷(최종),3.9,2026,13,7.23
한국해양대,기관시스템공학부,교과,학생부교과(교과성적우수자전형-여),평균(최종),3.25,2026,17,4.33
한국해양대,항해융합학부,교과,학생부교과(교과성적우수자전형-여),평균(최종),2.49,2026,15,3.93
한국해양대,해사인공지능·보안학부,교과,학생부교과(교과성적우수자전형-여),평균(최종),2.56,2026,4,9.75
한국해양대,해양경찰학부,교과,학생부교과(교과성적우수자전형-여),평균(최종),2.86,2026,4,8.67
한국해양대,[유형1] 인문사회자율전공학부,교과,학생부교과(일반전형),평균(최종),3.56,2026,1,15
한국해양대,국제관계학과,교과,학생부교과(일반전형),평균(최종),3.57,2026,3,14.67
한국해양대,국제무역경제학부,교과,학생부교과(일반전형),평균(최종),3.68,2026,3,11.33
한국해양대,동아시아학과,교과,학생부교과(일반전형),평균(최종),3.98,2026,3,13
한국해양대,해사법학부,교과,학생부교과(일반전형),평균(최종),2.62,2025,3,15
한국해양대,해양영어영문학과,교과,학생부교과(일반전형),평균(최종),3.57,2026,2,20
한국해양대,해양행정학과,교과,학생부교과(일반전형),평균(최종),3.44,2026,3,16
한국해양대,해운경영학부,교과,학생부교과(일반전형),평균(최종),3.11,2026,3,36.33
한국해양대,기계공학부 기계시스템공학전공,교과,학생부교과(일반전형),평균(최종),3.23,2026,3,11.67
한국해양대,기계공학부 냉동공조공학전공,교과,학생부교과(일반전형),평균(최종),3.02,2026,3,10
한국해양대,기관시스템공학부,교과,학생부교과(일반전형),평균(최종),3.08,2026,2,43
한국해양대,물류시스템공학과,교과,학생부교과(일반전형),평균(최종),2.50,2026,3,11
한국해양대,에너지자원공학과,교과,학생부교과(일반전형),평균(최종),4.00,2026,3,17.67
한국해양대,인공지능공학부 지능제어시스템공학전공,교과,학생부교과(일반전형),평균(최종),3.11,2026,3,10.33
한국해양대,인공지능공학부 컴퓨터공학전공,교과,학생부교과(일반전형),평균(최종),3.66,2026,3,12.67
한국해양대,전자전기정보공학부 나노반도체공학전공,교과,학생부교과(일반전형),평균(최종),3.75,2026,3,12.67
한국해양대,전자전기정보공학부 데이터사이언스전공,교과,학생부교과(일반전형),평균(최종),4.05,2026,3,8.67
한국해양대,전자전기정보공학부 전기전자공학전공,교과,학생부교과(일반전형),평균(최종),2.44,2026,3,12.67
한국해양대,전자전기정보공학부 전자정보통신공학전공,교과,학생부교과(일반전형),평균(최종),3.49,2026,3,11.67
한국해양대,전자전기정보공학부 전파모빌리티융합공학전공,교과,학생부교과(일반전형),평균(최종),4.46,2026,3,12.33
한국해양대,조선해양시스템공학부,교과,학생부교과(일반전형),평균(최종),3.74,2026,3,16
한국해양대,토목공학과,교과,학생부교과(일반전형),평균(최종),3.95,2026,3,24
한국해양대,항해융합학부,교과,학생부교과(일반전형),평균(최종),2.42,2026,2,29.5
한국해양대,해사인공지능·보안학부,교과,학생부교과(일반전형),평균(최종),2.96,2026,2,30.5
한국해양대,해양건축공학과,교과,학생부교과(일반전형),평균(최종),3.90,2026,3,13.33
한국해양대,해양공학과,교과,학생부교과(일반전형),평균(최종),4.00,2026,3,20.33
한국해양대,해양과학융합학부 해양생물공학전공·수산바이오공학전공,교과,학생부교과(일반전형),평균(최종),3.56,2026,3,16.67
한국해양대,해양과학융합학부 해양환경학전공,교과,학생부교과(일반전형),평균(최종),3.77,2026,3,12.67
한국해양대,환경공학과,교과,학생부교과(일반전형),평균(최종),3.45,2026,3,10
한국해양대,[유형1] 인문사회자율전공학부,종합,학생부종합(아치해양인재전형Ⅰ(일반)),평균(최종),4.15,2026,2,12.5
한국해양대,국제관계학과,종합,학생부종합(아치해양인재전형Ⅰ(일반)),평균(최종),4.55,2026,2,10.5
한국해양대,국제무역경제학부,종합,학생부종합(아치해양인재전형Ⅰ(일반)),평균(최종),3.68,2026,6,11.33
한국해양대,동아시아학과,종합,학생부종합(아치해양인재전형Ⅰ(일반)),평균(최종),4.09,2026,2,15.5
한국해양대,해사법학부,종합,학생부종합(아치해양인재전형Ⅰ(일반)),평균(최종),3.09,2026,3,9.33
한국해양대,해양영어영문학과,종합,학생부종합(아치해양인재전형Ⅰ(일반)),평균(최종),4.55,2026,2,10.5
한국해양대,해양행정학과,종합,학생부종합(아치해양인재전형Ⅰ(일반)),평균(최종),4.87,2025,1,19
한국해양대,해운경영학부,종합,학생부종합(아치해양인재전형Ⅰ(일반)),평균(최종),3.40,2026,3,11
한국해양대,기계공학부 기계시스템공학전공,종합,학생부종합(아치해양인재전형Ⅰ(일반)),평균(최종),4.15,2026,3,10
한국해양대,기계공학부 냉동공조공학전공,종합,학생부종합(아치해양인재전형Ⅰ(일반)),평균(최종),3.51,2026,3,11.67
한국해양대,기관시스템공학부,종합,학생부종합(아치해양인재전형Ⅰ(일반)),평균(최종),3.67,2026,12,16
한국해양대,물류시스템공학과,종합,학생부종합(아치해양인재전형Ⅰ(일반)),평균(최종),3.96,2026,3,6.33
한국해양대,에너지자원공학과,종합,학생부종합(아치해양인재전형Ⅰ(일반)),평균(최종),4.66,2026,2,12.5
한국해양대,인공지능공학부 지능제어시스템공학전공,종합,학생부종합(아치해양인재전형Ⅰ(일반)),평균(최종),4.54,2026,2,9.5
한국해양대,인공지능공학부 컴퓨터공학전공,종합,학생부종합(아치해양인재전형Ⅰ(일반)),평균(최종),4.00,2026,2,7.5
한국해양대,전자전기정보공학부 나노반도체공학전공,종합,학생부종합(아치해양인재전형Ⅰ(일반)),평균(최종),4.31,2026,3,9.67
한국해양대,전자전기정보공학부 데이터사이언스전공,종합,학생부종합(아치해양인재전형Ⅰ(일반)),평균(최종),4.67,2026,2,11
한국해양대,전자전기정보공학부 전기전자공학전공,종합,학생부종합(아치해양인재전형Ⅰ(일반)),평균(최종),3.79,2026,3,9.33
한국해양대,전자전기정보공학부 전자정보통신공학전공,종합,학생부종합(아치해양인재전형Ⅰ(일반)),평균(최종),4.67,2026,2,11.5
한국해양대,전자전기정보공학부 전파모빌리티융합공학전공,종합,학생부종합(아치해양인재전형Ⅰ(일반)),평균(최종),4.46,2026,3,9.33
한국해양대,조선해양시스템공학부,종합,학생부종합(아치해양인재전형Ⅰ(일반)),평균(최종),3.90,2026,3,15.33
한국해양대,토목공학과,종합,학생부종합(아치해양인재전형Ⅰ(일반)),평균(최종),5.00,2026,2,14.5
한국해양대,항해융합학부,종합,학생부종합(아치해양인재전형Ⅰ(일반)),평균(최종),2.96,2026,12,16.17
한국해양대,해사인공지능·보안학부,종합,학생부종합(아치해양인재전형Ⅰ(일반)),평균(최종),3.18,2026,5,19.4
한국해양대,해양건축공학과,종합,학생부종합(아치해양인재전형Ⅰ(일반)),평균(최종),4.22,2026,3,12.67
한국해양대,해양경찰학부,종합,학생부종합(아치해양인재전형Ⅰ(일반)),평균(최종),3.60,2026,4,27.5
한국해양대,해양공학과,종합,학생부종합(아치해양인재전형Ⅰ(일반)),평균(최종),3.89,2026,2,11.5
한국해양대,해양과학융합학부 해양생물공학전공·수산바이오공학전공,종합,학생부종합(아치해양인재전형Ⅰ(일반)),평균(최종),3.80,2026,3,19.67
한국해양대,환경공학과,종합,학생부종합(아치해양인재전형Ⅰ(일반)),평균(최종),4.04,2026,2,11
한국해양대,[유형1] 인문사회자율전공학부,교과,학생부교과(지역인재전형),평균(최종),4.15,2026,2,13
한국해양대,국제관계학과,교과,학생부교과(지역인재전형),평균(최종),3.95,2026,3,9.67
한국해양대,국제무역경제학부,교과,학생부교과(지역인재전형),평균(최종),3.56,2026,3,14
한국해양대,동아시아학과,교과,학생부교과(지역인재전형),평균(최종),4.16,2026,2,21
한국해양대,해사법학부,교과,학생부교과(지역인재전형),평균(최종),3.10,2026,3,9.67
한국해양대,해양영어영문학과,교과,학생부교과(지역인재전형),평균(최종),4.05,2026,2,12
한국해양대,해양행정학과,교과,학생부교과(지역인재전형),평균(최종),3.98,2026,2,20.5
한국해양대,해운경영학부,교과,학생부교과(지역인재전형),평균(최종),3.47,2026,3,16.67
한국해양대,기계공학부 기계시스템공학전공,교과,학생부교과(지역인재전형),70%컷(최종),4.12,2026,4,13.5
한국해양대,기계공학부 냉동공조공학전공,교과,학생부교과(지역인재전형),평균(최종),3.66,2026,3,13
한국해양대,기관시스템공학부,교과,학생부교과(지역인재전형),70%컷(최종),3.85,2026,18,13.94
한국해양대,물류시스템공학과,교과,학생부교과(지역인재전형),평균(최종),3.89,2026,3,9.33
한국해양대,에너지자원공학과,교과,학생부교과(지역인재전형),평균(최종),4.40,2026,3,12.33
한국해양대,인공지능공학부 지능제어시스템공학전공,교과,학생부교과(지역인재전형),평균(최종),4.47,2026,2,10
한국해양대,인공지능공학부 컴퓨터공학전공,교과,학생부교과(지역인재전형),평균(최종),3.84,2026,2,10
한국해양대,전자전기정보공학부 나노반도체공학전공,교과,학생부교과(지역인재전형),70%컷(최종),4.28,2026,4,11
한국해양대,전자전기정보공학부 데이터사이언스전공,교과,학생부교과(지역인재전형),평균(최종),4.59,2026,2,14.5
한국해양대,전자전기정보공학부 전기전자공학전공,교과,학생부교과(지역인재전형),평균(최종),3.78,2026,3,13.33
한국해양대,전자전기정보공학부 전자정보통신공학전공,교과,학생부교과(지역인재전형),평균(최종),3.58,2026,3,9.33
한국해양대,전자전기정보공학부 전파모빌리티융합공학전공,교과,학생부교과(지역인재전형),평균(최종),4.71,2026,3,10.67
한국해양대,조선해양시스템공학부,교과,학생부교과(지역인재전형),70%컷(최종),4.52,2026,4,19.5
한국해양대,토목공학과,교과,학생부교과(지역인재전형),평균(최종),4.69,2026,2,16
한국해양대,항해융합학부,교과,학생부교과(지역인재전형),70%컷(최종),3.01,2026,16,11.38
한국해양대,해사인공지능·보안학부,교과,학생부교과(지역인재전형),70%컷(최종),3.26,2026,5,11.6
한국해양대,해양건축공학과,교과,학생부교과(지역인재전형),70%컷(최종),4.32,2026,4,8.25
한국해양대,해양경찰학부,교과,학생부교과(지역인재전형),평균(최종),3.45,2026,4,10
한국해양대,해양공학과,교과,학생부교과(지역인재전형),평균(최종),4.22,2026,3,12.67
한국해양대,해양과학융합학부 해양생물공학전공·수산바이오공학전공,교과,학생부교과(지역인재전형),평균(최종),3.88,2026,3,14.33
한국해양대,해양과학융합학부 해양환경학전공,교과,학생부교과(지역인재전형),평균(최종),4.07,2026,2,7.5
한국해양대,환경공학과,교과,학생부교과(지역인재전형),평균(최종),4.17,2026,2,11.5
한남대,린튼국제학부,교과,학생부교과(어학인재전형),70%컷(최종),5.83,2026,16,1.06
한남대,경상대학자유전공학부,교과,학생부교과(일반전형),70%컷(최종),5.43,2026,42,3.86
한남대,경영정보학과,교과,학생부교과(일반전형),70%컷(최종),4.93,2026,21,3.82
한남대,경영학과,교과,학생부교과(일반전형),70%컷(최종),4.35,2026,52,6.15
한남대,경제학과,교과,학생부교과(일반전형),70%컷(최종),5.07,2026,26,3.38
한남대,경찰학과,교과,학생부교과(일반전형),70%컷(최종),3.72,2026,16,13.13
한남대,교육학과,교과,학생부교과(일반전형),70%컷(최종),3.63,2026,16,6.75
한남대,국어교육과,교과,학생부교과(일반전형),70%컷(최종),3.12,2026,15,7.87
한남대,국어국문·창작학과,교과,학생부교과(일반전형),70%컷(최종),4.72,2026,31,6.55
한남대,기독교학과,교과,학생부교과(일반전형),70%컷(최종),2.92,2026,6,3.67
한남대,디지털영어콘텐츠학과,교과,학생부교과(일반전형),70%컷(최종),5.3,2026,17,3.94
한남대,린튼국제학부,교과,학생부교과(일반전형),70%컷(최종),5.92,2026,20,3.19
한남대,무역물류학과,교과,학생부교과(일반전형),70%컷(최종),5.74,2026,30,3.47
한남대,문과대학자유전공학부,교과,학생부교과(일반전형),70%컷(최종),5.13,2026,25,4.24
한남대,문헌정보학과,교과,학생부교과(일반전형),70%컷(최종),3.73,2026,13,8.15
한남대,법학부(법학/법무법학),교과,학생부교과(일반전형),70%컷(최종),4.73,2026,30,4.73
한남대,사학과,교과,학생부교과(일반전형),70%컷(최종),4.04,2026,12,7
한남대,사회과학대학자유전공학부,교과,학생부교과(일반전형),70%컷(최종),4.96,2026,37,4.62
한남대,사회복지학과,교과,학생부교과(일반전형),70%컷(최종),4,2026,18,12.06
한남대,사회적경제기업학과,교과,학생부교과(일반전형),70%컷(최종),5.84,2026,14,6.65
한남대,상담심리학과,교과,학생부교과(일반전형),70%컷(최종),3.91,2026,18,9
한남대,아동복지학과,교과,학생부교과(일반전형),70%컷(최종),5.11,2026,15,10.67
한남대,역사교육과,교과,학생부교과(일반전형),70%컷(최종),2.7,2026,9,16.89
한남대,영어교육과,교과,학생부교과(일반전형),70%컷(최종),3.63,2026,14,6.64
한남대,영어영문학과,교과,학생부교과(일반전형),70%컷(최종),4.7,2026,27,4.89
한남대,일어일문학과,교과,학생부교과(일반전형),70%컷(최종),4.33,2026,11,9.18
한남대,정치·언론학과,교과,학생부교과(일반전형),70%컷(최종),4.19,2026,16,3.25
한남대,중국경제통상학과,교과,학생부교과(일반전형),70%컷(최종),5.71,2026,24,4.13
한남대,프랑스어문학과,교과,학생부교과(일반전형),70%컷(최종),5.04,2026,11,3.09
한남대,행정학과,교과,학생부교과(일반전형),70%컷(최종),4.58,2026,27,5.35
한남대,호텔항공경영학과,교과,학생부교과(일반전형),70%컷(최종),4.76,2026,25,7.79
한남대,회계학과,교과,학생부교과(일반전형),70%컷(최종),4.88,2026,47,3.4
한남대,AI융합학과,교과,학생부교과(일반전형),70%컷(최종),5.09,2026,25,4.46
한남대,간호학과,교과,학생부교과(일반전형),70%컷(최종),2.78,2026,2,17.5
한남대,건설환경공학과,교과,학생부교과(일반전형),70%컷(최종),5.28,2026,23,5.48
한남대,건축공학과,교과,학생부교과(일반전형),70%컷(최종),4.74,2026,14,5.64
한남대,건축학과(5년제),교과,학생부교과(일반전형),70%컷(최종),3.88,2026,12,8.5
한남대,공과대학자유전공학부,교과,학생부교과(일반전형),70%컷(최종),5.54,2026,36,4.03
한남대,기계공학과,교과,학생부교과(일반전형),70%컷(최종),4.96,2026,32,5.45
한남대,멀티미디어공학과,교과,학생부교과(일반전형),70%컷(최종),5.04,2026,23,4.82
한남대,바이오제약공학과,교과,학생부교과(일반전형),70%컷(최종),4.6,2026,16,6.44
한남대,생명나노과학대학자유전공학부,교과,학생부교과(일반전형),70%컷(최종),5.25,2026,17,3.35
한남대,생명시스템과학과,교과,학생부교과(일반전형),70%컷(최종),4.87,2026,31,4.67
한남대,수학과,교과,학생부교과(일반전형),70%컷(최종),5.67,2026,21,2.71
한남대,수학교육과,교과,학생부교과(일반전형),70%컷(최종),3.56,2026,9,8.78
한남대,식품영양학과,교과,학생부교과(일반전형),70%컷(최종),4.66,2026,22,8.86
한남대,인공지능대학자유전공학부,교과,학생부교과(일반전형),70%컷(최종),5,2026,24,5.22
한남대,전기전자공학과,교과,학생부교과(일반전형),70%컷(최종),4.6,2026,26,6
한남대,정보통신공학과,교과,학생부교과(일반전형),70%컷(최종),5.38,2026,27,3.45
한남대,컴퓨터공학과,교과,학생부교과(일반전형),70%컷(최종),4.49,2026,24,7.52
한남대,화학공학과,교과,학생부교과(일반전형),70%컷(최종),5.16,2026,20,4.65
한남대,화학과,교과,학생부교과(일반전형),70%컷(최종),5.5,2026,16,3.76
한남대,미디어영상학과,교과,학생부교과(일반전형),70%컷(최종),4,2026,21,10.75
한남대,패션디자인학과,교과,학생부교과(일반전형),70%컷(최종),4.11,2026,15,10.33
한남대,경영학과,종합,학생부종합(창업인재전형),70%컷(최종),6.69,2024,3,4.67
한남대,경영정보학과,종합,학생부종합(한남인재Ⅰ전형),70%컷(최종),6.04,2025,6,3.5
한남대,경영학과,종합,학생부종합(한남인재Ⅰ전형),70%컷(최종),5.07,2025,27,4.44
한남대,경제학과,종합,학생부종합(한남인재Ⅰ전형),70%컷(최종),5.57,2025,12,2.42
한남대,경찰학과,종합,학생부종합(한남인재Ⅰ전형),70%컷(최종),3.79,2025,5,7
한남대,교육학과,종합,학생부종합(한남인재Ⅰ전형),70%컷(최종),3.30,2025,4,3.25
한남대,국어교육과,종합,학생부종합(한남인재Ⅰ전형),70%컷(최종),3.00,2025,5,3
한남대,국어국문·창작학과,종합,학생부종합(한남인재Ⅰ전형),70%컷(최종),5.40,2025,13,3.38
한남대,기독교학과,종합,학생부종합(한남인재Ⅰ전형),70%컷(최종),5.66,2025,4,1.33
한남대,디지털영어콘텐츠학과,종합,학생부종합(한남인재Ⅰ전형),70%컷(최종),6.43,2025,2,3
한남대,린튼국제학부,종합,학생부종합(한남인재Ⅰ전형),70%컷(최종),6.00,2025,7,2
한남대,무역물류학과,종합,학생부종합(한남인재Ⅰ전형),70%컷(최종),6.10,2025,11,2.4
한남대,문헌정보학과,종합,학생부종합(한남인재Ⅰ전형),70%컷(최종),4.45,2025,12,6.08
한남대,법학부(법학/법무법학),종합,학생부종합(한남인재Ⅰ전형),70%컷(최종),6.26,2025,16,2.94
한남대,사학과,종합,학생부종합(한남인재Ⅰ전형),70%컷(최종),4.26,2025,7,5
한남대,사회복지학과,종합,학생부종합(한남인재Ⅰ전형),70%컷(최종),4.66,2025,11,7.29
한남대,사회적경제기업학과,종합,학생부종합(한남인재Ⅰ전형),70%컷(최종),7.50,2025,4,7.75
한남대,상담심리학과,종합,학생부종합(한남인재Ⅰ전형),70%컷(최종),4.74,2025,8,8.88
한남대,아동복지학과,종합,학생부종합(한남인재Ⅰ전형),70%컷(최종),5.81,2025,10,4.1
한남대,역사교육과,종합,학생부종합(한남인재Ⅰ전형),70%컷(최종),3.27,2025,8,6.13
한남대,영어교육과,종합,학생부종합(한남인재Ⅰ전형),70%컷(최종),3.92,2025,6,3
한남대,영어영문학과,종합,학생부종합(한남인재Ⅰ전형),70%컷(최종),5.72,2025,14,2
한남대,일어일문학과,종합,학생부종합(한남인재Ⅰ전형),70%컷(최종),4.92,2025,5,7.33
한남대,정치·언론학과,종합,학생부종합(한남인재Ⅰ전형),70%컷(최종),4.96,2025,7,2.57
한남대,중국경제통상학과,종합,학생부종합(한남인재Ⅰ전형),70%컷(최종),6.66,2025,5,3.6
한남대,탈메이지교양·융합대학자유전공학부,종합,학생부종합(한남인재Ⅰ전형),70%컷(최종),5.48,2025,53,3.77
한남대,프랑스어문학과,종합,학생부종합(한남인재Ⅰ전형),70%컷(최종),5.48,2025,5,2.8
한남대,행정학과,종합,학생부종합(한남인재Ⅰ전형),70%컷(최종),5.08,2025,13,2.42
한남대,호텔항공경영학과,종합,학생부종합(한남인재Ⅰ전형),70%컷(최종),5.47,2025,14,3.43
한남대,회계학과,종합,학생부종합(한남인재Ⅰ전형),70%컷(최종),5.43,2025,11,2
한남대,AI융합학과,종합,학생부종합(한남인재Ⅰ전형),70%컷(최종),5.85,2025,10,3.62
한남대,간호학과,종합,학생부종합(한남인재Ⅰ전형),70%컷(최종),3.29,2025,11,7.09
한남대,건설환경공학과,종합,학생부종합(한남인재Ⅰ전형),70%컷(최종),5.49,2025,8,2.75
한남대,건축공학과,종합,학생부종합(한남인재Ⅰ전형),70%컷(최종),5.51,2025,6,6.2
한남대,건축학과(5년제),종합,학생부종합(한남인재Ⅰ전형),70%컷(최종),4.17,2025,5,8.8
한남대,기계공학과,종합,학생부종합(한남인재Ⅰ전형),70%컷(최종),5.46,2025,7,6.29
한남대,멀티미디어공학과,종합,학생부종합(한남인재Ⅰ전형),70%컷(최종),5.58,2025,7,3.71
한남대,바이오제약공학과,종합,학생부종합(한남인재Ⅰ전형),70%컷(최종),5.19,2025,5,2.4
한남대,생명시스템과학과,종합,학생부종합(한남인재Ⅰ전형),70%컷(최종),6.18,2025,15,2.19
한남대,수학과,종합,학생부종합(한남인재Ⅰ전형),70%컷(최종),5.36,2025,4,2.5
한남대,수학교육과,종합,학생부종합(한남인재Ⅰ전형),70%컷(최종),4.38,2025,4,4.75
한남대,식품영양학과,종합,학생부종합(한남인재Ⅰ전형),70%컷(최종),5.31,2025,10,4.4
한남대,전기전자공학과,종합,학생부종합(한남인재Ⅰ전형),70%컷(최종),4.99,2025,6,4.67
한남대,정보통신공학과,종합,학생부종합(한남인재Ⅰ전형),70%컷(최종),5.02,2025,6,2.83
한남대,컴퓨터공학과,종합,학생부종합(한남인재Ⅰ전형),70%컷(최종),4.93,2025,13,4
한남대,화학공학과,종합,학생부종합(한남인재Ⅰ전형),70%컷(최종),6.02,2025,7,2.25
한남대,화학과,종합,학생부종합(한남인재Ⅰ전형),70%컷(최종),6.14,2025,6,1.86
한남대,미디어영상학과,종합,학생부종합(한남인재Ⅰ전형),70%컷(최종),4.53,2025,7,10.13
한남대,패션디자인학과,종합,학생부종합(한남인재Ⅰ전형),70%컷(최종),4.16,2025,7,5.63
한남대,경찰학과,종합,학생부종합(한남인재Ⅱ전형),70%컷(최종),4.42,2025,6,11.33
한남대,교육학과,종합,학생부종합(한남인재Ⅱ전형),70%컷(최종),4.23,2025,5,3.6
한남대,국어교육과,종합,학생부종합(한남인재Ⅱ전형),70%컷(최종),4.02,2025,4,5.75
한남대,문헌정보학과,종합,학생부종합(한남인재Ⅱ전형),70%컷(최종),4.54,2025,4,5
한남대,상담심리학과,종합,학생부종합(한남인재Ⅱ전형),70%컷(최종),4.44,2025,4,4.67
한남대,역사교육과,종합,학생부종합(한남인재Ⅱ전형),70%컷(최종),3.62,2025,5,6.4
한남대,영어교육과,종합,학생부종합(한남인재Ⅱ전형),70%컷(최종),4.30,2025,4,3.5
한남대,간호학과,종합,학생부종합(한남인재Ⅱ전형),70%컷(최종),3.12,2025,9,5.89
한남대,건축학과(5년제),종합,학생부종합(한남인재Ⅱ전형),70%컷(최종),4.75,2025,3,12.33
한남대,수학교육과,종합,학생부종합(한남인재Ⅱ전형),70%컷(최종),3.95,2025,3,2
한남대,전기전자공학과,종합,학생부종합(한남인재Ⅱ전형),70%컷(최종),5.33,2025,4,5.5
한남대,컴퓨터공학과,종합,학생부종합(한남인재Ⅱ전형),70%컷(최종),4.98,2025,5,3.8
한남대,미디어영상학과,종합,학생부종합(한남인재Ⅱ전형),70%컷(최종),4.51,2025,6,8
한남대,경상대학자유전공학부,교과,학생부교과(지역인재교과우수자전형),70%컷(최종),5.34,2026,19,4
한남대,경영정보학과,교과,학생부교과(지역인재교과우수자전형),70%컷(최종),4.93,2026,6,5.67
한남대,경영학과,교과,학생부교과(지역인재교과우수자전형),70%컷(최종),4.47,2026,20,6.3
한남대,경제학과,교과,학생부교과(지역인재교과우수자전형),70%컷(최종),5.63,2026,9,3.67
한남대,경찰학과,교과,학생부교과(지역인재교과우수자전형),70%컷(최종),3.83,2026,5,6.2
한남대,교육학과,교과,학생부교과(지역인재교과우수자전형),70%컷(최종),3.58,2026,3,8
한남대,국어교육과,교과,학생부교과(지역인재교과우수자전형),70%컷(최종),3.94,2026,3,4
한남대,국어국문·창작학과,교과,학생부교과(지역인재교과우수자전형),70%컷(최종),4.49,2026,10,4.5
한남대,기독교학과,교과,학생부교과(지역인재교과우수자전형),70%컷(최종),7.71,2026,3,1.75
한남대,디지털영어콘텐츠학과,교과,학생부교과(지역인재교과우수자전형),70%컷(최종),4.95,2026,4,2.75
한남대,린튼국제학부,교과,학생부교과(지역인재교과우수자전형),70%컷(최종),5.6,2026,3,4.25
한남대,무역물류학과,교과,학생부교과(지역인재교과우수자전형),70%컷(최종),5.28,2026,9,3.25
한남대,문과대학자유전공학부,교과,학생부교과(지역인재교과우수자전형),70%컷(최종),5.33,2026,10,4.3
한남대,문헌정보학과,교과,학생부교과(지역인재교과우수자전형),70%컷(최종),4.09,2026,5,3.6
한남대,법학부(법학/법무법학),교과,학생부교과(지역인재교과우수자전형),70%컷(최종),4.49,2026,8,3.75
한남대,사학과,교과,학생부교과(지역인재교과우수자전형),70%컷(최종),3.36,2026,4,6.25
한남대,사회과학대학자유전공학부,교과,학생부교과(지역인재교과우수자전형),70%컷(최종),5,2026,12,4.58
한남대,사회복지학과,교과,학생부교과(지역인재교과우수자전형),70%컷(최종),3.87,2026,4,8
한남대,사회적경제기업학과,교과,학생부교과(지역인재교과우수자전형),70%컷(최종),5.45,2026,3,6
한남대,상담심리학과,교과,학생부교과(지역인재교과우수자전형),70%컷(최종),3.76,2026,4,6.25
한남대,아동복지학과,교과,학생부교과(지역인재교과우수자전형),70%컷(최종),4.89,2026,4,4.75
한남대,역사교육과,교과,학생부교과(지역인재교과우수자전형),70%컷(최종),2.96,2026,4,6.25
한남대,영어교육과,교과,학생부교과(지역인재교과우수자전형),70%컷(최종),3.96,2026,3,3
한남대,영어영문학과,교과,학생부교과(지역인재교과우수자전형),70%컷(최종),4.88,2026,10,3.2
한남대,일어일문학과,교과,학생부교과(지역인재교과우수자전형),70%컷(최종),4.53,2026,5,3.8
한남대,정치·언론학과,교과,학생부교과(지역인재교과우수자전형),70%컷(최종),4.47,2026,6,5.17
한남대,중국경제통상학과,교과,학생부교과(지역인재교과우수자전형),70%컷(최종),6.27,2026,8,2.88
한남대,프랑스어문학과,교과,학생부교과(지역인재교과우수자전형),70%컷(최종),5.24,2026,4,3.5
한남대,행정학과,교과,학생부교과(지역인재교과우수자전형),70%컷(최종),4.35,2026,11,7.45
한남대,호텔항공경영학과,교과,학생부교과(지역인재교과우수자전형),70%컷(최종),5,2026,8,6
한남대,회계학과,교과,학생부교과(지역인재교과우수자전형),70%컷(최종),5.14,2026,13,3.08
한남대,AI융합학과,교과,학생부교과(지역인재교과우수자전형),70%컷(최종),5.41,2026,9,3.44
한남대,간호학과,교과,학생부교과(지역인재교과우수자전형),70%컷(최종),3.09,2026,16,7.63
한남대,건설환경공학과,교과,학생부교과(지역인재교과우수자전형),70%컷(최종),5.13,2026,6,3.33
한남대,건축공학과,교과,학생부교과(지역인재교과우수자전형),70%컷(최종),4.76,2026,5,3.2
한남대,건축학과(5년제),교과,학생부교과(지역인재교과우수자전형),70%컷(최종),4.64,2026,3,4.33
한남대,공과대학자유전공학부,교과,학생부교과(지역인재교과우수자전형),70%컷(최종),5.54,2026,13,3.8
한남대,기계공학과,교과,학생부교과(지역인재교과우수자전형),70%컷(최종),4.81,2026,10,4.73
한남대,멀티미디어공학과,교과,학생부교과(지역인재교과우수자전형),70%컷(최종),5,2026,7,3.43
한남대,바이오제약공학과,교과,학생부교과(지역인재교과우수자전형),70%컷(최종),5.07,2026,10,4.6
한남대,생명나노과학대학자유전공학부,교과,학생부교과(지역인재교과우수자전형),70%컷(최종),5.56,2026,7,3.43
한남대,생명시스템과학과,교과,학생부교과(지역인재교과우수자전형),70%컷(최종),5.38,2026,10,2.91
한남대,수학과,교과,학생부교과(지역인재교과우수자전형),70%컷(최종),5.33,2026,4,3
한남대,수학교육과,교과,학생부교과(지역인재교과우수자전형),70%컷(최종),3.74,2026,4,2.75
한남대,식품영양학과,교과,학생부교과(지역인재교과우수자전형),70%컷(최종),4.73,2026,6,8.67
한남대,인공지능대학자유전공학부,교과,학생부교과(지역인재교과우수자전형),70%컷(최종),5.02,2026,12,4.73
한남대,전기전자공학과,교과,학생부교과(지역인재교과우수자전형),70%컷(최종),3.96,2026,6,6.33
한남대,정보통신공학과,교과,학생부교과(지역인재교과우수자전형),70%컷(최종),5.76,2026,9,3.11
한남대,컴퓨터공학과,교과,학생부교과(지역인재교과우수자전형),70%컷(최종),4.89,2026,8,3.57
한남대,화학공학과,교과,학생부교과(지역인재교과우수자전형),70%컷(최종),5.23,2026,7,3.43
한남대,화학과,교과,학생부교과(지역인재교과우수자전형),70%컷(최종),6.02,2026,8,2.45
한남대,미디어영상학과,교과,학생부교과(지역인재교과우수자전형),70%컷(최종),4.25,2026,6,5.4
한남대,패션디자인학과,교과,학생부교과(지역인재교과우수자전형),70%컷(최종),4.41,2026,3,4.67
한동대,[유형1] 전 학부(자율전공),교과,학생부교과(일반),70%컷(최종),4.03,2025,60,11.8
한동대,[유형1] 전 학부(자율전공),종합,학생부종합(G-IMPACT인재),70%컷(최종),3.65,2025,213,4.41
한동대,[유형1] 전 학부(자율전공),종합,학생부종합(SW인재),70%컷(최종),3.75,2024,7,2.57
한동대,[유형1] 전 학부(자율전공),교과,학생부교과(지역인재),70%컷(최종),4.38,2024,50,3.23
한라대,경영학과,교과,학생부교과(일반학생(교과중심)),70%컷(최종),3.96,2026,31,3.52
한라대,경찰행정학과,교과,학생부교과(일반학생(교과중심)),70%컷(최종),4.03,2026,40,4.05
한라대,문화관광경영학과,교과,학생부교과(일반학생(교과중심)),70%컷(최종),5.13,2026,22,4.28
한라대,미디어광고콘텐츠학과,교과,학생부교과(일반학생(교과중심)),70%컷(최종),3.9,2026,25,6.88
한라대,사회복지학과,교과,학생부교과(일반학생(교과중심)),70%컷(최종),4.8,2026,39,5.31
한라대,호텔항공외식경영학과,교과,학생부교과(일반학생(교과중심)),70%컷(최종),4.64,2026,22,4
한라대,AI정보보안학과,교과,학생부교과(일반학생(교과중심)),70%컷(최종),4.65,2026,20,3.55
한라대,IT소프트웨어학과,교과,학생부교과(일반학생(교과중심)),70%컷(최종),4.46,2026,26,2.96
한라대,건축학과,교과,학생부교과(일반학생(교과중심)),70%컷(최종),4.31,2026,31,3.89
한라대,기계자동차공학과,교과,학생부교과(일반학생(교과중심)),70%컷(최종),3.77,2026,38,4.61
한라대,도시인프라공학과,교과,학생부교과(일반학생(교과중심)),70%컷(최종),5.07,2026,22,3.25
한라대,미래모빌리티공학과,교과,학생부교과(일반학생(교과중심)),70%컷(최종),3.53,2026,16,3.31
한라대,소방안전학과,교과,학생부교과(일반학생(교과중심)),70%컷(최종),4.86,2026,34,4.73
한라대,전기전자공학과,교과,학생부교과(일반학생(교과중심)),70%컷(최종),4.46,2026,27,4.34
한라대,철도시스템학부,교과,학생부교과(일반학생(교과중심)),70%컷(최종),3.63,2026,34,4.91
한라대,컴퓨터공학과,교과,학생부교과(일반학생(교과중심)),70%컷(최종),3.72,2026,29,3.69
한라대,뷰티디자인학과,교과,학생부교과(일반학생(교과중심)),70%컷(최종),3.67,2026,6,15.5
한라대,스포츠학과,교과,학생부교과(일반학생(교과중심)),70%컷(최종),4.9,2026,12,4.58
한라대,영상제작학과,교과,학생부교과(일반학생(교과중심)),70%컷(최종),3.53,2026,17,9.33
한라대,자유전공학부,교과,학생부교과(일반학생(교과중심)),70%컷(최종),4.66,2026,22,7.65
한라대,미래모빌리티공학과,교과,학생부교과(일반학생(면접중심)),70%컷(최종),5.03,2026,10,1.75
한라대,뷰티디자인학과,교과,학생부교과(일반학생(면접중심)),70%컷(최종),6.32,2026,12,3.16
한라대,스포츠학과,교과,학생부교과(일반학생(면접중심)),70%컷(최종),4.91,2026,14,3.87
한라대,영상제작학과,교과,학생부교과(일반학생(면접중심)),70%컷(최종),5.02,2026,6,3.2
한라대,경영학과,종합,학생부종합(운곡인재),70%컷(최종),6.82,2024,4,3
한라대,경찰행정학과,종합,학생부종합(운곡인재),70%컷(최종),5.06,2024,7,7.75
한라대,문화관광경영학과,종합,학생부종합(운곡인재),70%컷(최종),5.13,2024,4,4.25
한라대,미디어광고콘텐츠학과,종합,학생부종합(운곡인재),70%컷(최종),4.73,2024,4,6.6
한라대,사회복지학과,종합,학생부종합(운곡인재),70%컷(최종),6,2024,5,5.8
한라대,호텔항공외식경영학과,종합,학생부종합(운곡인재),70%컷(최종),5.71,2024,4,3.4
한라대,AI정보보안학과,종합,학생부종합(운곡인재),70%컷(최종),4.84,2024,5,2.6
한라대,IT소프트웨어학과,종합,학생부종합(운곡인재),70%컷(최종),4.81,2024,6,2.4
한라대,건축학과,종합,학생부종합(운곡인재),70%컷(최종),5.62,2024,5,3.4
한라대,기계자동차공학과,종합,학생부종합(운곡인재),70%컷(최종),6.3,2024,7,2.4
한라대,도시인프라공학과,종합,학생부종합(운곡인재),70%컷(최종),4.03,2024,3,3.5
한라대,미래모빌리티공학과,종합,학생부종합(운곡인재),70%컷(최종),5.6,2024,6,2.4
한라대,소방안전학과,종합,학생부종합(운곡인재),70%컷(최종),3.89,2024,5,4.2
한라대,전기전자공학과,종합,학생부종합(운곡인재),70%컷(최종),5.31,2024,5,2.83
한라대,철도시스템학부,종합,학생부종합(운곡인재),70%컷(최종),5.88,2024,6,4
한라대,컴퓨터공학과,종합,학생부종합(운곡인재),70%컷(최종),4.9,2024,4,2.6
한라대,뷰티디자인학과,종합,학생부종합(운곡인재),70%컷(최종),5.63,2024,2,9
한라대,영상제작학과,종합,학생부종합(운곡인재),70%컷(최종),5.71,2024,5,5
한라대,경영학과,교과,학생부교과(지역인재),70%컷(최종),4.11,2026,5,3
한라대,경찰행정학과,교과,학생부교과(지역인재),70%컷(최종),3.18,2026,8,5.44
한라대,문화관광경영학과,교과,학생부교과(지역인재),70%컷(최종),5.05,2026,4,3.2
한라대,미디어광고콘텐츠학과,교과,학생부교과(지역인재),70%컷(최종),3.59,2026,6,4.67
한라대,사회복지학과,교과,학생부교과(지역인재),70%컷(최종),3.62,2026,6,4.63
한라대,호텔항공외식경영학과,교과,학생부교과(지역인재),70%컷(최종),5.58,2026,4,3.67
한라대,AI정보보안학과,교과,학생부교과(지역인재),70%컷(최종),4.35,2026,5,2.4
한라대,IT소프트웨어학과,교과,학생부교과(지역인재),70%컷(최종),3.17,2026,6,3.67
한라대,건축학과,교과,학생부교과(지역인재),70%컷(최종),4.44,2026,7,3.75
한라대,기계자동차공학과,교과,학생부교과(지역인재),70%컷(최종),4.38,2026,9,3
한라대,도시인프라공학과,교과,학생부교과(지역인재),70%컷(최종),4.6,2026,3,2.8
한라대,미래모빌리티공학과,교과,학생부교과(지역인재),70%컷(최종),5,2026,4,2
한라대,소방안전학과,교과,학생부교과(지역인재),70%컷(최종),5.24,2026,6,3.63
한라대,전기전자공학과,교과,학생부교과(지역인재),70%컷(최종),4.25,2026,6,4
한라대,철도시스템학부,교과,학생부교과(지역인재),70%컷(최종),3.75,2026,7,2.71
한라대,컴퓨터공학과,교과,학생부교과(지역인재),70%컷(최종),4.29,2026,5,2.83
한라대,뷰티디자인학과,교과,학생부교과(지역인재),70%컷(최종),4.16,2026,4,6.33
한라대,스포츠학과,교과,학생부교과(지역인재),70%컷(최종),3.75,2026,4,4.67
한라대,영상제작학과,교과,학생부교과(지역인재),70%컷(최종),3.12,2026,5,3.2
한라대,자유전공학부,교과,학생부교과(지역인재),70%컷(최종),3.76,2026,5,7.4
한림대,경영대학,교과,학생부교과(교과우수자전형),70%컷(최종),4.05,2026,48,4.31
한림대,경제학과,교과,학생부교과(교과우수자전형),70%컷(최종),4.72,2026,29,3.28
한림대,광고홍보학과,교과,학생부교과(교과우수자전형),70%컷(최종),3.63,2026,10,9.1
한림대,글로벌학부,교과,학생부교과(교과우수자전형),70%컷(최종),4.37,2026,10,3.5
한림대,러시아학과,교과,학생부교과(교과우수자전형),70%컷(최종),4.89,2026,10,9.7
한림대,미디어스쿨,교과,학생부교과(교과우수자전형),70%컷(최종),3.98,2026,21,3.71
한림대,미래융합스쿨,교과,학생부교과(교과우수자전형),70%컷(최종),4.09,2026,11,5
한림대,법학과,교과,학생부교과(교과우수자전형),70%컷(최종),3.97,2026,20,4.25
한림대,사회복지학부,교과,학생부교과(교과우수자전형),70%컷(최종),3.67,2026,5,35.6
한림대,사회학과,교과,학생부교과(교과우수자전형),70%컷(최종),4.14,2026,12,4.17
한림대,심리학과,교과,학생부교과(교과우수자전형),70%컷(최종),3.17,2026,10,4.9
한림대,영어영문학과,교과,학생부교과(교과우수자전형),70%컷(최종),4.25,2026,10,4.3
한림대,인문학부,교과,학생부교과(교과우수자전형),70%컷(최종),4.35,2026,34,5.56
한림대,일본학과,교과,학생부교과(교과우수자전형),70%컷(최종),3.88,2026,8,8.38
한림대,정치행정학과,교과,학생부교과(교과우수자전형),70%컷(최종),4.33,2026,12,3.83
한림대,중국학과,교과,학생부교과(교과우수자전형),70%컷(최종),4.67,2026,12,6.91
한림대,[유형2] 자연과학대학 자율전공,교과,학생부교과(교과우수자전형),70%컷(최종),4.34,2026,10,7.37
한림대,간호학과,교과,학생부교과(교과우수자전형),70%컷(최종),2.39,2026,13,6.62
한림대,데이터사이언스학부,교과,학생부교과(교과우수자전형),70%컷(최종),4.55,2026,20,3.44
한림대,바이오메디컬학과,교과,학생부교과(교과우수자전형),70%컷(최종),4.78,2026,13,3.46
한림대,반도체·디스플레이스쿨,교과,학생부교과(교과우수자전형),70%컷(최종),4.53,2026,26,3.19
한림대,생명과학과,교과,학생부교과(교과우수자전형),70%컷(최종),3.96,2026,12,5.83
한림대,식품영양학과,교과,학생부교과(교과우수자전형),70%컷(최종),4.16,2026,13,10.69
한림대,언어청각학부,교과,학생부교과(교과우수자전형),70%컷(최종),3.98,2026,20,4.37
한림대,융합과학수사학과,교과,학생부교과(교과우수자전형),70%컷(최종),3.6,2026,15,2.8
한림대,화학과,교과,학생부교과(교과우수자전형),70%컷(최종),4.34,2026,11,3.5
한림대,환경생명공학과,교과,학생부교과(교과우수자전형),70%컷(최종),4.21,2026,11,3.91
한림대,체육학과,교과,학생부교과(교과우수자전형),70%컷(최종),3.86,2026,4,5.5
한림대,[유형1] 자유전공학부,교과,학생부교과(교과우수자전형),70%컷(최종),4.41,2026,70,5.67
한림대,경영대학,종합,학생부종합(학교생활우수자전형),70%컷(최종),5.2,2026,48,3.96
한림대,경제학과,종합,학생부종합(학교생활우수자전형),70%컷(최종),5.22,2026,14,3.36
한림대,광고홍보학과,종합,학생부종합(학교생활우수자전형),70%컷(최종),4.71,2026,20,5.2
한림대,러시아학과,종합,학생부종합(학교생활우수자전형),70%컷(최종),5.91,2026,8,4.63
한림대,미디어스쿨,종합,학생부종합(학교생활우수자전형),70%컷(최종),4.94,2026,26,6.65
한림대,미래융합스쿨,종합,학생부종합(학교생활우수자전형),70%컷(최종),5.73,2026,13,4.5
한림대,법학과,종합,학생부종합(학교생활우수자전형),70%컷(최종),5.02,2026,12,5.27
한림대,사회복지학부,종합,학생부종합(학교생활우수자전형),70%컷(최종),5.43,2026,28,5.18
한림대,사회학과,종합,학생부종합(학교생활우수자전형),70%컷(최종),5.18,2026,10,5.2
한림대,심리학과,종합,학생부종합(학교생활우수자전형),70%컷(최종),4.36,2026,13,6.93
한림대,영어영문학과,종합,학생부종합(학교생활우수자전형),70%컷(최종),5.44,2026,10,5.1
한림대,인문학부,종합,학생부종합(학교생활우수자전형),70%컷(최종),5.51,2026,25,3.64
한림대,일본학과,종합,학생부종합(학교생활우수자전형),70%컷(최종),4.99,2026,10,7.8
한림대,정치행정학과,종합,학생부종합(학교생활우수자전형),70%컷(최종),4.89,2026,8,5.13
한림대,중국학과,종합,학생부종합(학교생활우수자전형),70%컷(최종),6.11,2026,12,4.46
한림대,[유형2] 자연과학대학 자율전공,종합,학생부종합(학교생활우수자전형),70%컷(최종),5.21,2026,10,5.39
한림대,간호학과,종합,학생부종합(학교생활우수자전형),70%컷(최종),2.95,2026,30,14.9
한림대,데이터사이언스학부,종합,학생부종합(학교생활우수자전형),70%컷(최종),6,2026,16,2.38
한림대,바이오메디컬학과,종합,학생부종합(학교생활우수자전형),70%컷(최종),4.86,2026,13,4.15
한림대,반도체·디스플레이스쿨,종합,학생부종합(학교생활우수자전형),70%컷(최종),5.21,2026,14,3
한림대,생명과학과,종합,학생부종합(학교생활우수자전형),70%컷(최종),5.12,2026,11,4
한림대,식품영양학과,종합,학생부종합(학교생활우수자전형),70%컷(최종),5.23,2026,13,4.31
한림대,언어청각학부,종합,학생부종합(학교생활우수자전형),70%컷(최종),5.17,2026,10,4.8
한림대,융합과학수사학과,종합,학생부종합(학교생활우수자전형),70%컷(최종),4.76,2026,10,6.3
한림대,의학과,종합,학생부종합(학교생활우수자전형),70%컷(최종),1.21,2026,31,14
한림대,화학과,종합,학생부종합(학교생활우수자전형),70%컷(최종),5.21,2026,7,4.25
한림대,환경생명공학과,종합,학생부종합(학교생활우수자전형),70%컷(최종),5.03,2026,10,3.73
한림대,체육학과,종합,학생부종합(학교생활우수자전형),70%컷(최종),4.86,2026,5,7.2
한림대,경영대학,교과,학생부교과(지역인재전형),70%컷(최종),4.3,2026,28,3.82
한림대,경제학과,교과,학생부교과(지역인재전형),70%컷(최종),4.67,2026,6,5.83
한림대,러시아학과,교과,학생부교과(지역인재전형),70%컷(최종),4.88,2026,5,7.2
한림대,미디어스쿨,교과,학생부교과(지역인재전형),70%컷(최종),3.89,2026,15,4.27
한림대,미래융합스쿨,교과,학생부교과(지역인재전형),70%컷(최종),4.58,2026,5,10.67
한림대,법학과,교과,학생부교과(지역인재전형),70%컷(최종),4.3,2026,10,3.8
한림대,사회복지학부,교과,학생부교과(지역인재전형),70%컷(최종),4.56,2026,12,3.42
한림대,사회학과,교과,학생부교과(지역인재전형),70%컷(최종),4.11,2026,5,4.8
한림대,심리학과,교과,학생부교과(지역인재전형),70%컷(최종),3.39,2026,5,2.6
한림대,영어영문학과,교과,학생부교과(지역인재전형),70%컷(최종),4.13,2026,6,4.67
한림대,인문학부,교과,학생부교과(지역인재전형),70%컷(최종),4.88,2026,20,3.3
한림대,일본학과,교과,학생부교과(지역인재전형),70%컷(최종),4.76,2026,6,3.67
한림대,정치행정학과,교과,학생부교과(지역인재전형),70%컷(최종),4.37,2026,7,4.71
한림대,중국학과,교과,학생부교과(지역인재전형),70%컷(최종),4.91,2026,5,8
한림대,[유형2] 자연과학대학 자율전공,교과,학생부교과(지역인재전형),70%컷(최종),4.79,2026,5,4.78
한림대,데이터사이언스학부,교과,학생부교과(지역인재전형),70%컷(최종),4.95,2026,10,3.08
한림대,바이오메디컬학과,교과,학생부교과(지역인재전형),70%컷(최종),4,2026,4,4.5
한림대,반도체·디스플레이스쿨,교과,학생부교과(지역인재전형),70%컷(최종),5.56,2026,10,2.6
한림대,생명과학과,교과,학생부교과(지역인재전형),70%컷(최종),4.05,2026,3,3.67
한림대,식품영양학과,교과,학생부교과(지역인재전형),70%컷(최종),1.17,2026,4,6
한림대,언어청각학부,교과,학생부교과(지역인재전형),70%컷(최종),3.51,2026,8,3.75
한림대,융합과학수사학과,교과,학생부교과(지역인재전형),70%컷(최종),5.32,2026,8,2.63
한림대,화학과,교과,학생부교과(지역인재전형),70%컷(최종),4.18,2026,2,4.5
한림대,환경생명공학과,교과,학생부교과(지역인재전형),70%컷(최종),4.23,2026,3,5.33
한림대,체육학과,교과,학생부교과(지역인재전형),70%컷(최종),3.19,2026,4,5.25
한림대,[유형1] 자유전공학부,교과,학생부교과(지역인재전형),70%컷(최종),2.37,2026,30,4.86
한림대,광고홍보학과,종합,학생부종합(지역인재전형),70%컷(최종),5.21,2026,4,4.75
한림대,의학과,종합,학생부종합(지역인재전형),70%컷(최종),1.63,2026,18,13.19
한밭대,경제학과,교과,학생부교과(일반),70%컷(최종),4.35,2026,22,8.05
한밭대,공공행정학과,교과,학생부교과(일반),70%컷(최종),3.63,2026,6,18
한밭대,영어영문학과,교과,학생부교과(일반),70%컷(최종),4.12,2026,18,10.16
한밭대,융합경영학과,교과,학생부교과(일반),70%컷(최종),3.96,2026,34,7.3
한밭대,일본어과,교과,학생부교과(일반),70%컷(최종),4.28,2026,18,10
한밭대,중국어과,교과,학생부교과(일반),70%컷(최종),4.81,2026,21,8.85
한밭대,회계세무학과,교과,학생부교과(일반),70%컷(최종),4.28,2026,25,6.94
한밭대,건설환경공학과,교과,학생부교과(일반),70%컷(최종),5.22,2026,41,5.63
한밭대,건축공학과,교과,학생부교과(일반),70%컷(최종),4.24,2026,29,6.36
한밭대,건축설비시스템공학과,교과,학생부교과(일반),70%컷(최종),4.96,2026,18,9.53
한밭대,건축학과(5년제),교과,학생부교과(일반),70%컷(최종),3.6709522,2025,8,13.43
한밭대,기계공학과,교과,학생부교과(일반),70%컷(최종),4.18,2026,51,7.72
한밭대,도시공학과,교과,학생부교과(일반),70%컷(최종),4.14,2026,20,6.35
한밭대,모바일융합공학과,교과,학생부교과(일반),70%컷(최종),4.85,2026,14,7.5
한밭대,반도체시스템공학과,교과,학생부교과(일반),70%컷(최종),4.52,2026,21,7.93
한밭대,빅데이터헬스케어융합학과,교과,학생부교과(일반),70%컷(최종),4.89,2026,16,6.56
한밭대,산업경영공학과,교과,학생부교과(일반),70%컷(최종),4.62,2026,18,5.76
한밭대,신소재공학과,교과,학생부교과(일반),70%컷(최종),4.46,2026,66,5.57
한밭대,우주국방첨단융합학과,교과,학생부교과(일반),70%컷(최종),4.41,2026,17,5.94
한밭대,인공지능소프트웨어학과,교과,학생부교과(일반),70%컷(최종),4.97,2026,26,4.63
한밭대,전기공학과,교과,학생부교과(일반),70%컷(최종),3.84,2026,23,8.77
한밭대,전자공학과,교과,학생부교과(일반),70%컷(최종),4.07,2026,58,5.05
한밭대,정보통신공학과,교과,학생부교과(일반),70%컷(최종),5.04,2026,14,4.62
한밭대,지능미디어공학과,교과,학생부교과(일반),70%컷(최종),5,2026,14,5.92
한밭대,창의융합학과,교과,학생부교과(일반),70%컷(최종),5.69,2024,1,8
한밭대,컴퓨터공학과,교과,학생부교과(일반),70%컷(최종),4.32,2026,23,5.52
한밭대,화학생명공학과,교과,학생부교과(일반),70%컷(최종),3.93,2026,51,5.8
한밭대,[유형1] 자율전공학부,교과,학생부교과(일반),70%컷(최종),4.638095,2025,133,10.6
한밭대,공학건설학부,교과,학생부교과(일반),70%컷(최종),5.3,2025,106,7.71
한밭대,인문사회경상학부,교과,학생부교과(일반),70%컷(최종),4.7018178,2025,54,10.06
한밭대,정보기술AI융합학부,교과,학생부교과(일반),70%컷(최종),4.7999998,2025,48,5.29
한밭대,모바일융합공학과,종합,학생부종합(소프트웨어인재),평균(최종),5.81,2026,2,5.5
한밭대,지능미디어공학과,종합,학생부종합(소프트웨어인재),평균(최종),5.42,2026,2,4.5
한밭대,컴퓨터공학과,종합,학생부종합(소프트웨어인재),평균(최종),4.85,2026,3,6.33
한밭대,경제학과,종합,학생부종합(일반),70%컷(최종),5.04,2026,11,13.5
한밭대,공공행정학과,종합,학생부종합(일반),70%컷(최종),3.97,2026,7,15.67
한밭대,영어영문학과,종합,학생부종합(일반),70%컷(최종),5.03,2026,12,9
한밭대,융합경영학과,종합,학생부종합(일반),70%컷(최종),4.48,2026,8,22.14
한밭대,일본어과,종합,학생부종합(일반),70%컷(최종),4.79,2026,12,14.09
한밭대,중국어과,종합,학생부종합(일반),70%컷(최종),5.69,2026,12,6.18
한밭대,회계세무학과,종합,학생부종합(일반),70%컷(최종),3.05,2026,8,6.63
한밭대,건설환경공학과,종합,학생부종합(일반),70%컷(최종),4.52,2026,13,10.55
한밭대,건축공학과,종합,학생부종합(일반),70%컷(최종),4.78,2026,9,11.13
한밭대,건축설비시스템공학과,종합,학생부종합(일반),70%컷(최종),5.36,2026,12,9.09
한밭대,건축학과(5년제),종합,학생부종합(일반),70%컷(최종),4.3585714,2025,6,23.5
한밭대,기계공학과,종합,학생부종합(일반),70%컷(최종),5.04,2026,20,10.58
한밭대,도시공학과,종합,학생부종합(일반),70%컷(최종),5.17,2026,12,8.18
한밭대,모바일융합공학과,종합,학생부종합(일반),70%컷(최종),4.83,2026,3,11.2
한밭대,반도체시스템공학과,종합,학생부종합(일반),70%컷(최종),4.29,2026,10,7.8
한밭대,빅데이터헬스케어융합학과,종합,학생부종합(일반),70%컷(최종),5.48,2026,5,7.6
한밭대,산업경영공학과,종합,학생부종합(일반),70%컷(최종),5.54,2026,8,25.86
한밭대,신소재공학과,종합,학생부종합(일반),70%컷(최종),4.69,2026,24,7.82
한밭대,우주국방첨단융합학과,종합,학생부종합(일반),70%컷(최종),4.85,2026,7,6.86
한밭대,인공지능소프트웨어학과,종합,학생부종합(일반),70%컷(최종),4.79,2026,3,14.8
한밭대,전기공학과,종합,학생부종합(일반),70%컷(최종),4.52,2026,12,8.82
한밭대,전자공학과,종합,학생부종합(일반),70%컷(최종),5.66,2026,25,7.43
한밭대,정보통신공학과,종합,학생부종합(일반),70%컷(최종),4.55,2026,4,9.5
한밭대,지능미디어공학과,종합,학생부종합(일반),70%컷(최종),4.82,2026,3,8.6
한밭대,컴퓨터공학과,종합,학생부종합(일반),70%컷(최종),4.44,2026,9,10
한밭대,화학생명공학과,종합,학생부종합(일반),70%컷(최종),4.21,2026,21,9.79
한밭대,건설환경공학과,종합,학생부종합(학·석사),70%컷(최종),5.59,2026,26,7.44
한밭대,기계공학과,종합,학생부종합(학·석사),70%컷(최종),5,2026,20,6.35
한밭대,산업경영공학과,종합,학생부종합(학·석사),70%컷(최종),5.14,2026,10,10
한밭대,창의융합학과,종합,학생부종합(학·석사),70%컷(최종),5.04,2026,28,6.68
한밭대,경제학과,교과,학생부교과(지역인재(교과)),평균(최종),3.33,2026,3,10.67
한밭대,공공행정학과,교과,학생부교과(지역인재(교과)),평균(최종),3.08,2026,3,12.33
한밭대,영어영문학과,교과,학생부교과(지역인재(교과)),70%컷(최종),3.77,2026,5,9.75
한밭대,융합경영학과,교과,학생부교과(지역인재(교과)),평균(최종),3.51,2026,3,9
한밭대,일본어과,교과,학생부교과(지역인재(교과)),70%컷(최종),3.54,2026,5,11
한밭대,중국어과,교과,학생부교과(지역인재(교과)),평균(최종),4.08,2026,3,13.33
한밭대,회계세무학과,교과,학생부교과(지역인재(교과)),평균(최종),3.69,2026,5,9
한밭대,건설환경공학과,교과,학생부교과(지역인재(교과)),70%컷(최종),4.69,2026,8,10.2
한밭대,건축공학과,교과,학생부교과(지역인재(교과)),70%컷(최종),3.46,2026,6,9
한밭대,건축설비시스템공학과,교과,학생부교과(지역인재(교과)),평균(최종),4.33,2026,3,13
한밭대,기계공학과,교과,학생부교과(지역인재(교과)),70%컷(최종),3.69,2026,5,8.6
한밭대,도시공학과,교과,학생부교과(지역인재(교과)),평균(최종),4.00,2026,5,9.33
한밭대,모바일융합공학과,교과,학생부교과(지역인재(교과)),평균(최종),4.18,2026,3,14.67
한밭대,반도체시스템공학과,교과,학생부교과(지역인재(교과)),평균(최종),3.79,2026,3,8.33
한밭대,빅데이터헬스케어융합학과,교과,학생부교과(지역인재(교과)),평균(최종),4.23,2026,3,9.67
한밭대,산업경영공학과,교과,학생부교과(지역인재(교과)),평균(최종),3.92,2026,4,10
한밭대,신소재공학과,교과,학생부교과(지역인재(교과)),70%컷(최종),4.08,2026,5,9
한밭대,우주국방첨단융합학과,교과,학생부교과(지역인재(교과)),평균(최종),3.41,2026,3,8.67
한밭대,인공지능소프트웨어학과,교과,학생부교과(지역인재(교과)),평균(최종),3.82,2026,3,7
한밭대,전기공학과,교과,학생부교과(지역인재(교과)),평균(최종),3.28,2026,3,10
한밭대,전자공학과,교과,학생부교과(지역인재(교과)),70%컷(최종),3.54,2026,8,7.67
한밭대,정보통신공학과,교과,학생부교과(지역인재(교과)),평균(최종),3.62,2026,4,5.75
한밭대,지능미디어공학과,교과,학생부교과(지역인재(교과)),평균(최종),4.05,2026,3,9
한밭대,컴퓨터공학과,교과,학생부교과(지역인재(교과)),평균(최종),3.97,2026,3,7.33
한밭대,화학생명공학과,교과,학생부교과(지역인재(교과)),70%컷(최종),3.54,2026,6,7.17
한밭대,[유형1] 자율전공학부,교과,학생부교과(지역인재(교과)),70%컷(최종),4.2476922,2025,22,13.8
한밭대,공학건설학부,교과,학생부교과(지역인재(교과)),70%컷(최종),5.0914284,2025,15,14.14
한밭대,인문사회경상학부,교과,학생부교과(지역인재(교과)),70%컷(최종),4.4353478,2025,7,18.86
한밭대,정보기술AI융합학부,교과,학생부교과(지역인재(교과)),70%컷(최종),4.6342856,2025,7,9.14
한밭대,경제학과,종합,학생부종합(지역인재(종합)),70%컷(최종),4.57,2026,8,11.14
한밭대,공공행정학과,종합,학생부종합(지역인재(종합)),70%컷(최종),4.33,2026,6,10.5
한밭대,영어영문학과,종합,학생부종합(지역인재(종합)),70%컷(최종),5,2026,8,8.43
한밭대,융합경영학과,종합,학생부종합(지역인재(종합)),평균(최종),3.84,2026,5,15
한밭대,일본어과,종합,학생부종합(지역인재(종합)),70%컷(최종),4.93,2026,8,9.86
한밭대,중국어과,종합,학생부종합(지역인재(종합)),70%컷(최종),5.63,2026,8,7.14
한밭대,회계세무학과,종합,학생부종합(지역인재(종합)),70%컷(최종),4,2026,4,6.75
한밭대,건설환경공학과,종합,학생부종합(지역인재(종합)),70%컷(최종),5.14,2026,9,12
한밭대,건축공학과,종합,학생부종합(지역인재(종합)),70%컷(최종),4.92,2026,5,6.5
한밭대,건축설비시스템공학과,종합,학생부종합(지역인재(종합)),70%컷(최종),5.5,2026,8,7.29
한밭대,건축학과(5년제),종합,학생부종합(지역인재(종합)),70%컷(최종),4.212857,2025,4,14.5
한밭대,기계공학과,종합,학생부종합(지역인재(종합)),70%컷(최종),5.48,2026,7,7.67
한밭대,도시공학과,종합,학생부종합(지역인재(종합)),70%컷(최종),5.19,2026,8,6
한밭대,모바일융합공학과,종합,학생부종합(지역인재(종합)),평균(최종),5.40,2026,5,5.33
한밭대,반도체시스템공학과,종합,학생부종합(지역인재(종합)),평균(최종),4.83,2026,8,5
한밭대,빅데이터헬스케어융합학과,종합,학생부종합(지역인재(종합)),평균(최종),4.90,2026,3,7.33
한밭대,산업경영공학과,종합,학생부종합(지역인재(종합)),70%컷(최종),4.9,2026,5,16.75
한밭대,신소재공학과,종합,학생부종합(지역인재(종합)),70%컷(최종),5.17,2026,10,7.38
한밭대,우주국방첨단융합학과,종합,학생부종합(지역인재(종합)),70%컷(최종),5,2026,4,5.75
한밭대,인공지능소프트웨어학과,종합,학생부종합(지역인재(종합)),평균(최종),4.50,2026,3,8.33
한밭대,전기공학과,종합,학생부종합(지역인재(종합)),70%컷(최종),4.72,2026,10,5.25
한밭대,전자공학과,종합,학생부종합(지역인재(종합)),70%컷(최종),5.27,2026,10,5.64
한밭대,정보통신공학과,종합,학생부종합(지역인재(종합)),70%컷(최종),4.96,2026,5,7.25
한밭대,지능미디어공학과,종합,학생부종합(지역인재(종합)),평균(최종),5.30,2026,5,6.33
한밭대,컴퓨터공학과,종합,학생부종합(지역인재(종합)),70%컷(최종),4.29,2026,9,6.71
한밭대,화학생명공학과,종합,학생부종합(지역인재(종합)),70%컷(최종),4.62,2026,8,10
한서대,항공관광학과,교과,학생부교과(한서인재전형),70%컷(최종),4,2026,30,68.31
한서대,항공교통물류학과,교과,학생부교과(한서인재전형),70%컷(최종),2.9,2026,12,4.21
한서대,호텔카지노관광학과,교과,학생부교과(한서인재전형),70%컷(최종),4.9,2026,5,3.8
한서대,간호학과,교과,학생부교과(한서인재전형),70%컷(최종),3.6,2026,18,8.12
한서대,무인항공기학과,교과,학생부교과(한서인재전형),70%컷(최종),3.9,2026,12,1.7
한서대,물리치료학과,교과,학생부교과(한서인재전형),70%컷(최종),4,2026,14,3
한서대,방사선학과,교과,학생부교과(한서인재전형),70%컷(최종),3.5,2026,14,4.5
한서대,작업치료학과,교과,학생부교과(한서인재전형),70%컷(최종),4.9,2026,12,2
한서대,치위생학과,교과,학생부교과(한서인재전형),70%컷(최종),4.7,2026,14,2.6
한서대,항공기계공학과,교과,학생부교과(한서인재전형),70%컷(최종),3.4,2026,12,2.88
한서대,항공운항학과,교과,학생부교과(한서인재전형),70%컷(최종),1.8,2026,14,14.92
한서대,항공전자공학과,교과,학생부교과(한서인재전형),70%컷(최종),4.6,2026,12,2.13
한서대,항공정비학과,교과,학생부교과(한서인재전형),70%컷(최종),2.9,2026,12,6.75
한서대,헬리콥터조종학과,교과,학생부교과(한서인재전형),70%컷(최종),2.7,2026,14,4.25
한서대,[유형1] 자유전공학과,교과,학생부교과(한서인재전형),70%컷(최종),4.2,2026,30,2.43
한서대,항공교통물류학과,종합,학생부종합(융합인재전형),평균(최종),3.5,2025,2,18
한서대,간호학과,종합,학생부종합(융합인재전형),평균(최종),3.4,2025,5,5.2
한서대,무인항공기학과,종합,학생부종합(융합인재전형),평균(최종),4,2025,2,8.5
한서대,물리치료학과,종합,학생부종합(융합인재전형),평균(최종),3.9,2025,2,8.5
한서대,방사선학과,종합,학생부종합(융합인재전형),평균(최종),4.9,2025,2,8
한서대,치위생학과,종합,학생부종합(융합인재전형),평균(최종),5.1,2025,2,6
한서대,항공기계공학과,종합,학생부종합(융합인재전형),평균(최종),3.8,2025,2,8.5
한서대,항공운항학과,종합,학생부종합(융합인재전형),평균(최종),1.8,2025,2,32
한서대,항공전자공학과,종합,학생부종합(융합인재전형),평균(최종),5.6,2025,2,11
한서대,항공정비학과,종합,학생부종합(융합인재전형),평균(최종),3.8,2025,2,18
한서대,헬리콥터조종학과,종합,학생부종합(융합인재전형),평균(최종),2.5,2025,2,5.5
한서대,공항행정학과,교과,학생부교과(지역인재 특별전형),70%컷(최종),4.4,2026,4,1.8
한서대,항공교통물류학과,교과,학생부교과(지역인재 특별전형),70%컷(최종),2.6,2026,5,5.75
한서대,해양경찰학과,교과,학생부교과(지역인재 특별전형),평균(최종),6.9,2025,2,2
한서대,간호학과,교과,학생부교과(지역인재 특별전형),70%컷(최종),3.1,2026,21,6.38
한서대,무인항공기학과,교과,학생부교과(지역인재 특별전형),70%컷(최종),3.5,2026,3,3.5
한서대,물리치료학과,교과,학생부교과(지역인재 특별전형),70%컷(최종),3.4,2026,4,7.75
한서대,방사선학과,교과,학생부교과(지역인재 특별전형),70%컷(최종),3.1,2026,4,11
한서대,작업치료학과,교과,학생부교과(지역인재 특별전형),70%컷(최종),5.3,2026,4,4
한서대,치위생학과,교과,학생부교과(지역인재 특별전형),70%컷(최종),3.1,2026,4,4
한서대,항공AI소프트웨어학과,교과,학생부교과(지역인재 특별전형),평균(최종),4.6,2025,4,2
한서대,항공기계공학과,교과,학생부교과(지역인재 특별전형),평균(최종),4.4,2025,3,3
한서대,항공산업공학과,교과,학생부교과(지역인재 특별전형),평균(최종),4,2025,3,0.33
한서대,항공운항학과,교과,학생부교과(지역인재 특별전형),평균(최종),1.3,2025,3,9.67
한서대,항공전자공학과,교과,학생부교과(지역인재 특별전형),평균(최종),3.1,2025,3,2.33
한서대,항공정비학과,교과,학생부교과(지역인재 특별전형),평균(최종),2.4,2025,3,4
한서대,헬리콥터조종학과,교과,학생부교과(지역인재 특별전형),평균(최종),1.9,2025,4,3.33
한서대,항공관광학과,교과,학생부교과(지역인재 특별전형-항공관광학과),70%컷(최종),5,2026,10,25.9
한성대,문학문화콘텐츠학과,교과,학생부교과(교과우수전형),70%컷(최종),2.2,2026,14,8.13
한성대,미래융합사회과학대학,교과,학생부교과(교과우수전형),70%컷(최종),2.29,2026,10,13.31
한성대,미래융합사회과학대학(야),교과,학생부교과(교과우수전형),70%컷(최종),2.29,2026,24,5.67
한성대,크리에이티브인문학부,교과,학생부교과(교과우수전형),70%컷(최종),2.44,2026,12,7.35
한성대,크리에이티브인문학부(야),교과,학생부교과(교과우수전형),70%컷(최종),2.44,2026,15,7.07
한성대,AI응용학과,교과,학생부교과(교과우수전형),70%컷(최종),2.51,2026,20,6.25
한성대,IT공과대학,교과,학생부교과(교과우수전형),70%컷(최종),2.39,2026,65,5.63
한성대,미래모빌리티학과,교과,학생부교과(교과우수전형),70%컷(최종),2.83,2026,10,6.5
한성대,융합보안학과,교과,학생부교과(교과우수전형),70%컷(최종),2.6,2026,10,7.11
한성대,AI패션학부,교과,학생부교과(교과우수전형),70%컷(최종),2.26,2026,7,9.71
한성대,AI패션학부(야),교과,학생부교과(교과우수전형),70%컷(최종),2.26,2026,13,8.62
한성대,[유형1] 상상력인재학부,교과,학생부교과(교과우수전형),70%컷(최종),2.53,2026,50,6.27
한성대,문학문화콘텐츠학과,교과,학생부교과(지역균형전형),70%컷(최종),2.85,2026,20,6.5
한성대,미래융합사회과학대학,교과,학생부교과(지역균형전형),70%컷(최종),2.71,2026,4,21.5
한성대,미래융합사회과학대학(야),교과,학생부교과(지역균형전형),70%컷(최종),2.71,2026,18,4.44
한성대,크리에이티브인문학부,교과,학생부교과(지역균형전형),70%컷(최종),2.88,2026,10,12.1
한성대,크리에이티브인문학부(야),교과,학생부교과(지역균형전형),70%컷(최종),2.88,2026,10,4.4
한성대,IT공과대학,교과,학생부교과(지역균형전형),70%컷(최종),2.74,2026,38,4.68
한성대,미래모빌리티학과,교과,학생부교과(지역균형전형),70%컷(최종),2.97,2026,10,4.07
한성대,AI뷰티디자인학과,교과,학생부교과(지역균형전형),70%컷(최종),3.26,2026,5,11.4
한성대,AI뷰티디자인학과(야),교과,학생부교과(지역균형전형),70%컷(최종),3.26,2026,7,7
한성대,AI패션학부,교과,학생부교과(지역균형전형),70%컷(최종),3.28,2026,3,4
한성대,AI패션학부(야),교과,학생부교과(지역균형전형),70%컷(최종),3.28,2026,7,5.43
한성대,[유형1] 상상력인재학부,교과,학생부교과(지역균형전형),70%컷(최종),2.93,2026,39,4.6
한성대,문학문화콘텐츠학과,종합,학생부종합(한성인재전형),70%컷(최종),3.65,2026,32,13.1
한성대,미래융합사회과학대학,종합,학생부종합(한성인재전형),70%컷(최종),3.51,2026,40,9.63
한성대,미래융합사회과학대학(야),종합,학생부종합(한성인재전형),70%컷(최종),3.51,2026,26,9.27
한성대,크리에이티브인문학부,종합,학생부종합(한성인재전형),70%컷(최종),3.55,2026,35,8.74
한성대,크리에이티브인문학부(야),종합,학생부종합(한성인재전형),70%컷(최종),3.55,2026,9,9.44
한성대,AI응용학과,종합,학생부종합(한성인재전형),70%컷(최종),3.58,2026,27,7.13
한성대,IT공과대학,종합,학생부종합(한성인재전형),70%컷(최종),3.66,2026,45,7.3
한성대,융합보안학과,종합,학생부종합(한성인재전형),70%컷(최종),3.7,2026,10,5.3
한성대,AI뷰티디자인학과,종합,학생부종합(한성인재전형),70%컷(최종),1.36,2025,5,66.6
한성대,AI뷰티디자인학과(야),종합,학생부종합(한성인재전형),70%컷(최종),2.86,2025,3,38.33
한성대,AI패션학부,종합,학생부종합(한성인재전형),70%컷(최종),3.13,2025,18,10.89
한성대,AI패션학부(야),종합,학생부종합(한성인재전형),70%컷(최종),3.62,2025,12,11.5
한세대,신학과,교과,학생부교과(교과우수자전형),70%컷(최종),7.1,2026,18,3.73
한세대,간호학과,교과,학생부교과(교과우수자전형),70%컷(최종),3.2,2026,17,4.87
한세대,[광역] 디자인학부,교과,학생부교과(교과우수자전형),70%컷(최종),4.6,2026,10,4.93
한세대,[유형1] 자유전공학부,교과,학생부교과(교과우수자전형),70%컷(최종),2.3,2026,29,15.14
한세대,신학과,교과,학생부교과(면접우수자전형),70%컷(최종),5,2026,5,5.5
한세대,간호학과,교과,학생부교과(면접우수자전형),70%컷(최종),3.4,2026,5,14.83
한세대,[유형1] 자유전공학부,교과,학생부교과(면접우수자전형),70%컷(최종),4.5,2026,5,18.09
한신대,AI시스템반도체학,논술,논술(논술전형),70%컷(최종),6.71,2026,10,5.83
한신대,경제금융학,논술,논술(논술전형),70%컷(최종),6.2,2026,12,6.33
한신대,공공인재빅데이터융합학,논술,논술(논술전형),70%컷(최종),6.02,2026,7,4
한신대,국제관계학,논술,논술(논술전형),70%컷(최종),5.73,2026,7,4.67
한신대,금융공학,논술,논술(논술전형),70%컷(최종),5.82,2026,10,4.4
한신대,독일어문화학,논술,논술(논술전형),70%컷(최종),6.72,2026,6,4.5
한신대,동아시아통상학,논술,논술(논술전형),70%컷(최종),6.64,2026,8,4.14
한신대,문예창작학,논술,논술(논술전형),70%컷(최종),4.74,2026,6,4
한신대,미디어영상광고홍보학,논술,논술(논술전형),70%컷(최종),4.82,2026,8,10.33
한신대,빅데이터융합학,논술,논술(논술전형),70%컷(최종),6.79,2026,10,5.9
한신대,사회복지학,논술,논술(논술전형),70%컷(최종),6.76,2026,5,6.8
한신대,사회학,논술,논술(논술전형),70%컷(최종),5.61,2026,6,4.33
한신대,심리·아동학,논술,논술(논술전형),70%컷(최종),5.44,2026,6,7.67
한신대,영미문화학,논술,논술(논술전형),70%컷(최종),6.18,2026,6,3.57
한신대,일본학,논술,논술(논술전형),70%컷(최종),5.95,2026,6,4.14
한신대,재활상담학,논술,논술(논술전형),70%컷(최종),6.05,2026,5,5.17
한신대,중국어문화콘텐츠학,논술,논술(논술전형),70%컷(최종),6.84,2026,6,5.14
한신대,철학,논술,논술(논술전형),70%컷(최종),5.81,2026,5,4.5
한신대,한국사학,논술,논술(논술전형),70%컷(최종),5.95,2026,6,4
한신대,한국어문학,논술,논술(논술전형),70%컷(최종),6.05,2026,6,3.5
한신대,AI·SW계열,논술,논술(논술전형),70%컷(최종),6.65,2026,50,5.46
한신대,경영학,논술,논술(논술전형),70%컷(최종),6.32,2026,10,7
한신대,[유형1] 자유전공학부,논술,논술(논술전형),70%컷(최종),6.27,2026,30,9.1
한신대,AI시스템반도체학,교과,학생부교과(참인재전형),70%컷(최종),4.56,2026,7,4.71
한신대,경제금융학,교과,학생부교과(참인재전형),70%컷(최종),4.75,2026,14,4.43
한신대,공공인재빅데이터융합학,교과,학생부교과(참인재전형),70%컷(최종),5.05,2026,9,3.78
한신대,국제관계학,교과,학생부교과(참인재전형),70%컷(최종),5.84,2026,9,4.4
한신대,금융공학,교과,학생부교과(참인재전형),70%컷(최종),4.62,2026,6,3.67
한신대,독일어문화학,교과,학생부교과(참인재전형),70%컷(최종),5.05,2026,6,4.33
한신대,동아시아통상학,교과,학생부교과(참인재전형),70%컷(최종),4.93,2026,7,3.5
한신대,디지털영상문화콘텐츠학,교과,학생부교과(참인재전형),70%컷(최종),4.36,2026,8,20
한신대,문예창작학,교과,학생부교과(참인재전형),70%컷(최종),4.34,2026,10,14.4
한신대,미디어영상광고홍보학,교과,학생부교과(참인재전형),70%컷(최종),4.25,2026,14,9.46
한신대,미디어융합기독교교육,교과,학생부교과(참인재전형),70%컷(최종),6.02,2026,8,2.63
한신대,빅데이터융합학,교과,학생부교과(참인재전형),70%컷(최종),5.75,2026,6,3.83
한신대,사회복지학,교과,학생부교과(참인재전형),70%컷(최종),4,2026,8,11.5
한신대,사회학,교과,학생부교과(참인재전형),70%컷(최종),4.39,2026,7,5.71
한신대,신학,교과,학생부교과(참인재전형),70%컷(최종),4.39,2026,14,3.07
한신대,심리·아동학,교과,학생부교과(참인재전형),70%컷(최종),5.53,2026,10,7.9
한신대,영미문화학,교과,학생부교과(참인재전형),70%컷(최종),4.64,2026,10,4.11
한신대,일본학,교과,학생부교과(참인재전형),70%컷(최종),4.91,2026,8,11.57
한신대,재활상담학,교과,학생부교과(참인재전형),70%컷(최종),4.69,2026,8,8
한신대,중국어문화콘텐츠학,교과,학생부교과(참인재전형),70%컷(최종),4.31,2026,9,6.5
한신대,철학,교과,학생부교과(참인재전형),70%컷(최종),3.1,2026,7,5.5
한신대,한국사학,교과,학생부교과(참인재전형),70%컷(최종),2.83,2026,10,7.67
한신대,한국어문학,교과,학생부교과(참인재전형),70%컷(최종),4.59,2026,7,4.57
한신대,AI·SW계열,교과,학생부교과(참인재전형),70%컷(최종),5.78,2026,60,3.98
한신대,경영학,교과,학생부교과(참인재전형),70%컷(최종),4.76,2026,18,5.61
한신대,[유형1] 자유전공학부,교과,학생부교과(참인재전형),70%컷(최종),4.48,2026,35,6.86
한신대,미디어영상광고홍보학,교과,학생부교과(학교장추천전형),70%컷(최종),3.4,2026,4,14.33
한신대,AI·SW계열,교과,학생부교과(학교장추천전형),70%컷(최종),3.79,2026,10,6.8
한신대,경영학,교과,학생부교과(학교장추천전형),70%컷(최종),3.3,2026,4,7
한신대,글로벌융합계열,교과,학생부교과(학교장추천전형),70%컷(최종),3.62,2026,8,4.6
한신대,문화콘텐츠계열,교과,학생부교과(학교장추천전형),70%컷(최종),3.46,2026,8,11.6
한신대,신학·인문융합계열,교과,학생부교과(학교장추천전형),70%컷(최종),3.71,2026,10,5.7
한신대,첨단융합계열,교과,학생부교과(학교장추천전형),70%컷(최종),4.03,2026,5,19.6
한신대,휴먼서비스계열,교과,학생부교과(학교장추천전형),70%컷(최종),3.48,2026,6,20
한신대,AI시스템반도체학,교과,학생부교과(학생부우수자전형),70%컷(최종),4.45,2026,10,3.13
한신대,미디어영상광고홍보학,교과,학생부교과(학생부우수자전형),70%컷(최종),3.79,2026,21,4.23
한신대,AI·SW계열,교과,학생부교과(학생부우수자전형),70%컷(최종),4.79,2026,50,3.22
한신대,경영학,교과,학생부교과(학생부우수자전형),70%컷(최종),4.42,2026,27,3.96
한신대,글로벌융합계열,교과,학생부교과(학생부우수자전형),70%컷(최종),3.56,2026,38,4.19
한신대,문화콘텐츠계열,교과,학생부교과(학생부우수자전형),70%컷(최종),3.51,2026,39,4.83
한신대,신학·인문융합계열,교과,학생부교과(학생부우수자전형),70%컷(최종),3.83,2026,40,3.24
한신대,첨단융합계열,교과,학생부교과(학생부우수자전형),70%컷(최종),3.82,2026,22,9.86
한신대,휴먼서비스계열,교과,학생부교과(학생부우수자전형),70%컷(최종),3.54,2026,42,4.22
한신대,[유형1] 자유전공학부,교과,학생부교과(학생부우수자전형),70%컷(최종),3.32,2026,35,8.09
한양대,경영학부,교과,학생부교과(추천형),70%컷(최종),1.6,2026,26,7.42
한양대,경제금융학부,교과,학생부교과(추천형),70%컷(최종),1.55,2026,9,8.56
한양대,관광학부,교과,학생부교과(추천형),70%컷(최종),1.6,2026,5,11.2
한양대,교육공학과,교과,학생부교과(추천형),70%컷(최종),1.67,2026,3,13.67
한양대,교육학과,교과,학생부교과(추천형),70%컷(최종),1.66,2026,3,10.33
한양대,국어교육과,교과,학생부교과(추천형),70%컷(최종),1.66,2026,4,16.67
한양대,국어국문학과,교과,학생부교과(추천형),70%컷(최종),1.79,2026,4,8
한양대,독어독문학과,교과,학생부교과(추천형),70%컷(최종),1.75,2026,4,14.5
한양대,미디어커뮤니케이션학과,교과,학생부교과(추천형),70%컷(최종),1.5,2026,5,7
한양대,사학과,교과,학생부교과(추천형),70%컷(최종),1.67,2026,3,20
한양대,사회학과,교과,학생부교과(추천형),70%컷(최종),1.66,2026,4,8
한양대,실내건축디자인학과,교과,학생부교과(추천형),70%컷(최종),1.63,2026,10,11.8
한양대,영어교육과,교과,학생부교과(추천형),70%컷(최종),1.78,2026,4,7.75
한양대,영어영문학과,교과,학생부교과(추천형),70%컷(최종),1.61,2026,7,10.29
한양대,의류학과,교과,학생부교과(추천형),70%컷(최종),1.73,2026,9,11.89
한양대,정보시스템학과(상경),교과,학생부교과(추천형),70%컷(최종),1.45,2026,5,13.8
한양대,정책학과,교과,학생부교과(추천형),70%컷(최종),1.64,2026,9,7.44
한양대,정치외교학과,교과,학생부교과(추천형),70%컷(최종),1.71,2026,4,8.25
한양대,중어중문학과,교과,학생부교과(추천형),70%컷(최종),1.73,2026,6,9.67
한양대,철학과,교과,학생부교과(추천형),70%컷(최종),1.71,2026,3,21
한양대,파이낸스경영학과,교과,학생부교과(추천형),70%컷(최종),1.61,2026,5,7.4
한양대,행정학과,교과,학생부교과(추천형),70%컷(최종),1.65,2026,5,7.2
한양대,[유형1] 한양인터칼리지학부(자연),교과,학생부교과(추천형),70%컷(최종),1.52,2026,42,9.8
한양대,간호학과,교과,학생부교과(추천형),70%컷(최종),1.53,2026,4,5.75
한양대,건설환경공학과,교과,학생부교과(추천형),70%컷(최종),1.51,2026,6,10.83
한양대,건축공학부,교과,학생부교과(추천형),70%컷(최종),1.52,2026,5,11.4
한양대,건축학부(5년제),교과,학생부교과(추천형),70%컷(최종),1.52,2026,5,6.6
한양대,기계공학부,교과,학생부교과(추천형),70%컷(최종),1.41,2026,17,10.12
한양대,데이터사이언스학부,교과,학생부교과(추천형),70%컷(최종),1.5,2026,9,6.57
한양대,도시공학과,교과,학생부교과(추천형),70%컷(최종),1.51,2026,5,10
한양대,물리학과,교과,학생부교과(추천형),70%컷(최종),1.53,2026,4,16.25
한양대,미래자동차공학과,교과,학생부교과(추천형),70%컷(최종),1.46,2026,6,10.33
한양대,산업공학과,교과,학생부교과(추천형),70%컷(최종),1.45,2026,5,10.4
한양대,생명공학과,교과,학생부교과(추천형),70%컷(최종),1.4,2026,3,8
한양대,생명과학과,교과,학생부교과(추천형),70%컷(최종),1.45,2026,6,8.17
한양대,수학과,교과,학생부교과(추천형),70%컷(최종),1.55,2026,5,11
한양대,수학교육과,교과,학생부교과(추천형),70%컷(최종),1.55,2026,3,9.67
한양대,식품영양학과,교과,학생부교과(추천형),70%컷(최종),1.51,2026,8,9.13
한양대,신소재공학부,교과,학생부교과(추천형),70%컷(최종),1.36,2026,8,10.75
한양대,에너지공학과,교과,학생부교과(추천형),70%컷(최종),1.51,2026,4,22.5
한양대,원자력공학과,교과,학생부교과(추천형),70%컷(최종),1.49,2026,5,12.8
한양대,유기나노공학과,교과,학생부교과(추천형),70%컷(최종),1.4,2026,4,17.5
한양대,융합전자공학부,교과,학생부교과(추천형),70%컷(최종),1.37,2026,17,11.65
한양대,자원환경공학과,교과,학생부교과(추천형),70%컷(최종),1.61,2026,3,11
한양대,전기·생체공학부(전기공학전공),교과,학생부교과(추천형),70%컷(최종),1.48,2026,5,11
한양대,컴퓨터소프트웨어학부,교과,학생부교과(추천형),70%컷(최종),1.8,2026,13,7.46
한양대,화학공학과,교과,학생부교과(추천형),70%컷(최종),1.43,2026,5,7.6
한양대,화학과,교과,학생부교과(추천형),70%컷(최종),1.48,2026,6,7.5
한양대,반도체공학과,교과,학생부교과(추천형)(정원외),70%컷(최종),1.16,2026,6,17.67
한양대,교육공학과,종합,학생부종합(면접형),70%컷(최종),3.27,2026,6,32.33
한양대,교육학과,종합,학생부종합(면접형),70%컷(최종),3.38,2026,6,31
한양대,국어교육과,종합,학생부종합(면접형),70%컷(최종),2.7,2026,8,20.38
한양대,영어교육과,종합,학생부종합(면접형),70%컷(최종),2.07,2026,6,18.17
한양대,[유형1] 한양인터칼리지학부(자연),종합,학생부종합(면접형),70%컷(최종),4.82,2026,20,46.85
한양대,기계공학부,종합,학생부종합(면접형),70%컷(최종),4.86,2026,14,27.43
한양대,데이터사이언스학부,종합,학생부종합(면접형),70%컷(최종),4.87,2026,6,28
한양대,미래자동차공학과,종합,학생부종합(면접형),70%컷(최종),4.4,2026,4,25
한양대,수학교육과,종합,학생부종합(면접형),70%컷(최종),2.01,2026,3,28.33
한양대,신소재공학부,종합,학생부종합(면접형),70%컷(최종),4.41,2026,7,32.43
한양대,에너지공학과,종합,학생부종합(면접형),70%컷(최종),5.06,2026,5,29.6
한양대,융합전자공학부,종합,학생부종합(면접형),70%컷(최종),4.82,2026,10,26.9
한양대,전기·생체공학부(바이오메디컬공학전공),종합,학생부종합(면접형),70%컷(최종),2.65,2026,4,46.75
한양대,전기·생체공학부(전기공학전공),종합,학생부종합(면접형),70%컷(최종),4.16,2026,6,26.67
한양대,컴퓨터소프트웨어학부,종합,학생부종합(면접형),70%컷(최종),4.86,2026,13,24.54
한양대,화학공학과,종합,학생부종합(면접형),70%컷(최종),4.63,2026,4,30
한양대,[유형1] 한양인터칼리지학부(인문),종합,학생부종합(서류형),70%컷(최종),4.36,2026,10,16.4
한양대,경영학부,종합,학생부종합(서류형),70%컷(최종),2.83,2026,50,11.5
한양대,경제금융학부,종합,학생부종합(서류형),70%컷(최종),3.27,2026,10,12.47
한양대,관광학부,종합,학생부종합(서류형),70%컷(최종),2.98,2026,5,22
한양대,국어국문학과,종합,학생부종합(서류형),70%컷(최종),3.54,2026,7,18.57
한양대,국제학부,종합,학생부종합(서류형),70%컷(최종),3.36,2026,16,18.15
한양대,독어독문학과,종합,학생부종합(서류형),70%컷(최종),3.9,2026,7,11.69
한양대,미디어커뮤니케이션학과,종합,학생부종합(서류형),70%컷(최종),3.58,2026,6,19.78
한양대,사학과,종합,학생부종합(서류형),70%컷(최종),3.16,2026,6,23.33
한양대,사회학과,종합,학생부종합(서류형),70%컷(최종),3.6,2026,8,15.88
한양대,실내건축디자인학과,종합,학생부종합(서류형),70%컷(최종),3.46,2026,6,15.38
한양대,연극영화학과(영화),종합,학생부종합(서류형),70%컷(최종),2.75,2026,7,15.14
한양대,영어영문학과,종합,학생부종합(서류형),70%컷(최종),3.49,2026,8,13
한양대,의류학과,종합,학생부종합(서류형),70%컷(최종),3.33,2026,6,18.58
한양대,정보시스템학과(상경),종합,학생부종합(서류형),70%컷(최종),3.04,2026,6,15.17
한양대,정책학과,종합,학생부종합(서류형),70%컷(최종),3.56,2026,17,14.83
한양대,정치외교학과,종합,학생부종합(서류형),70%컷(최종),1.77,2026,8,14.13
한양대,중어중문학과,종합,학생부종합(서류형),70%컷(최종),3.99,2026,7,12.15
한양대,철학과,종합,학생부종합(서류형),70%컷(최종),3.63,2026,4,18
한양대,파이낸스경영학과,종합,학생부종합(서류형),70%컷(최종),3.17,2026,7,11.89
한양대,행정학과,종합,학생부종합(서류형),70%컷(최종),2.32,2026,6,12.42
한양대,[유형1] 한양인터칼리지학부(자연),종합,학생부종합(서류형),70%컷(최종),2.49,2026,25,23.48
한양대,간호학과,종합,학생부종합(서류형),70%컷(최종),2.94,2026,7,13.46
한양대,건설환경공학과,종합,학생부종합(서류형),70%컷(최종),3.65,2026,11,16.82
한양대,건축공학부,종합,학생부종합(서류형),70%컷(최종),2.49,2026,9,13.78
한양대,건축학부(5년제),종합,학생부종합(서류형),70%컷(최종),4.36,2026,10,19.3
한양대,기계공학부,종합,학생부종합(서류형),70%컷(최종),3.07,2026,14,24.64
한양대,데이터사이언스학부,종합,학생부종합(서류형),70%컷(최종),2.39,2026,14,18.71
한양대,도시공학과,종합,학생부종합(서류형),70%컷(최종),2.68,2026,8,15.38
한양대,물리학과,종합,학생부종합(서류형),70%컷(최종),2.45,2026,11,20.18
한양대,미래자동차공학과,종합,학생부종합(서류형),70%컷(최종),2.82,2026,14,14.93
한양대,산업공학과,종합,학생부종합(서류형),70%컷(최종),1.71,2026,7,17
한양대,생명공학과,종합,학생부종합(서류형),70%컷(최종),3.44,2026,9,21.56
한양대,생명과학과,종합,학생부종합(서류형),70%컷(최종),3.38,2026,13,19.92
한양대,수학과,종합,학생부종합(서류형),70%컷(최종),2.93,2026,9,17
한양대,식품영양학과,종합,학생부종합(서류형),70%컷(최종),2.38,2026,6,21.09
한양대,신소재공학부,종합,학생부종합(서류형),70%컷(최종),3.05,2026,7,25.43
한양대,에너지공학과,종합,학생부종합(서류형),70%컷(최종),3.24,2026,5,17.8
한양대,원자력공학과,종합,학생부종합(서류형),70%컷(최종),3.5,2026,9,13.67
한양대,유기나노공학과,종합,학생부종합(서류형),70%컷(최종),3.45,2026,8,20
한양대,융합전자공학부,종합,학생부종합(서류형),70%컷(최종),2.62,2026,28,18.36
한양대,자원환경공학과,종합,학생부종합(서류형),70%컷(최종),2.82,2026,10,23.9
한양대,전기·생체공학부(바이오메디컬공학전공),종합,학생부종합(서류형),70%컷(최종),3.23,2026,4,23.5
한양대,전기·생체공학부(전기공학전공),종합,학생부종합(서류형),70%컷(최종),2.38,2026,7,16.57
한양대,컴퓨터소프트웨어학부,종합,학생부종합(서류형),70%컷(최종),2.54,2026,13,24.46
한양대,화학공학과,종합,학생부종합(서류형),70%컷(최종),1.77,2026,4,22
한양대,화학과,종합,학생부종합(서류형),70%컷(최종),2.18,2026,14,17.79
한양대,스포츠산업과학부(스포츠매니지먼트전공),종합,학생부종합(서류형),70%컷(최종),1.94,2026,7,29.71
한양대,스포츠산업과학부(스포츠사이언스전공),종합,학생부종합(서류형),70%컷(최종),1.78,2026,6,25.33
한양대,반도체공학과,종합,학생부종합(서류형)(정원외),70%컷(최종),3.17,2026,22,20.32
한양대,[유형1] 한양인터칼리지학부(인문),종합,학생부종합(추천형),70%컷(최종),2.59,2026,15,22.5
한양대,경영학부,종합,학생부종합(추천형),70%컷(최종),3.51,2026,30,17.22
한양대,경제금융학부,종합,학생부종합(추천형),70%컷(최종),2.88,2026,17,17.88
한양대,관광학부,종합,학생부종합(추천형),70%컷(최종),3.89,2026,4,15.25
한양대,국제학부,종합,학생부종합(추천형),70%컷(최종),3.56,2026,20,19.44
한양대,미디어커뮤니케이션학과,종합,학생부종합(추천형),70%컷(최종),2.43,2026,7,16.5
한양대,영어영문학과,종합,학생부종합(추천형),70%컷(최종),3.42,2026,8,15.4
한양대,정책학과,종합,학생부종합(추천형),70%컷(최종),3.57,2026,17,22.7
한양대,파이낸스경영학과,종합,학생부종합(추천형),70%컷(최종),3.16,2026,7,13.4
한양대,[유형1] 한양인터칼리지학부(자연),종합,학생부종합(추천형),70%컷(최종),2.47,2026,30,43.87
한양대,기계공학부,종합,학생부종합(추천형),70%컷(최종),1.92,2026,11,31.64
한양대,데이터사이언스학부,종합,학생부종합(추천형),70%컷(최종),1.9,2026,12,26.2
한양대,신소재공학부,종합,학생부종합(추천형),70%컷(최종),1.93,2026,5,38.2
한양대,융합전자공학부,종합,학생부종합(추천형),70%컷(최종),2.59,2026,10,30.3
한양대,의예과,종합,학생부종합(추천형),70%컷(최종),1.25,2026,40,16.23
한양대,전기·생체공학부(바이오메디컬공학전공),종합,학생부종합(추천형),70%컷(최종),1.57,2026,4,39.25
한양대,전기·생체공학부(전기공학전공),종합,학생부종합(추천형),70%컷(최종),2.08,2026,5,26
한양대,컴퓨터소프트웨어학부,종합,학생부종합(추천형),70%컷(최종),2.47,2026,11,26.18
한양대,화학공학과,종합,학생부종합(추천형),70%컷(최종),1.91,2026,5,32.2
한양대(ERICA),[유형1] LIONS자율전공학부(인문사회계열),교과,학생부교과(지역균형선발),70%컷(최종),2.82,2026,20,4.38
한양대(ERICA),경영학부,교과,학생부교과(지역균형선발),70%컷(최종),2.73,2026,21,7.5
한양대(ERICA),경제학부,교과,학생부교과(지역균형선발),70%컷(최종),2.9,2026,14,4.29
한양대(ERICA),광고홍보학과,교과,학생부교과(지역균형선발),70%컷(최종),2.72,2026,12,4.17
한양대(ERICA),글로벌문화통상학부,교과,학생부교과(지역균형선발),70%컷(최종),2.9,2026,20,5.65
한양대(ERICA),문화인류학과,교과,학생부교과(지역균형선발),70%컷(최종),2.68,2026,7,5.71
한양대(ERICA),문화콘텐츠학과,교과,학생부교과(지역균형선발),70%컷(최종),2.8,2026,7,14
한양대(ERICA),미디어학과,교과,학생부교과(지역균형선발),70%컷(최종),2.59,2026,12,4.36
한양대(ERICA),보험계리학과,교과,학생부교과(지역균형선발),70%컷(최종),2.93,2026,9,5.43
한양대(ERICA),[유형1] LIONS자율전공학부(자연계열),교과,학생부교과(지역균형선발),70%컷(최종),2.5,2026,50,8.65
한양대(ERICA),ICT융합학부,교과,학생부교과(지역균형선발),70%컷(최종),2.64,2026,10,3.9
한양대(ERICA),건설환경공학과,교과,학생부교과(지역균형선발),70%컷(최종),2.75,2026,9,3.7
한양대(ERICA),건축공학전공,교과,학생부교과(지역균형선발),70%컷(최종),2.75,2026,8,5.22
한양대(ERICA),건축학전공,교과,학생부교과(지역균형선발),70%컷(최종),2.81,2026,8,6.11
한양대(ERICA),교통·물류공학과,교과,학생부교과(지역균형선발),70%컷(최종),2.86,2026,8,4.86
한양대(ERICA),기계공학과,교과,학생부교과(지역균형선발),70%컷(최종),2.56,2026,27,4.07
한양대(ERICA),로봇공학과,교과,학생부교과(지역균형선발),70%컷(최종),2.54,2026,8,4
한양대(ERICA),바이오나노공학전공,교과,학생부교과(지역균형선발),70%컷(최종),2.62,2026,7,3.75
한양대(ERICA),바이오신약융합학부,교과,학생부교과(지역균형선발),70%컷(최종),2.23,2026,25,4.4
한양대(ERICA),반도체·디스플레이공학전공,교과,학생부교과(지역균형선발),70%컷(최종),2.91,2026,8,3.88
한양대(ERICA),배터리소재화학공학과,교과,학생부교과(지역균형선발),70%컷(최종),2.43,2026,14,3.19
한양대(ERICA),분자의약전공,교과,학생부교과(지역균형선발),70%컷(최종),2.49,2026,10,4.7
한양대(ERICA),산업경영공학과,교과,학생부교과(지역균형선발),70%컷(최종),2.61,2026,7,4.29
한양대(ERICA),수리데이터사이언스학과,교과,학생부교과(지역균형선발),70%컷(최종),2.92,2026,6,4.5
한양대(ERICA),신소재·반도체공학전공,교과,학생부교과(지역균형선발),70%컷(최종),2.4,2026,15,5.29
한양대(ERICA),약학과,교과,학생부교과(지역균형선발),70%컷(최종),1.04,2026,5,10.8
한양대(ERICA),에너지바이오학과,교과,학생부교과(지역균형선발),70%컷(최종),2.71,2026,8,3.14
한양대(ERICA),인공지능학과,교과,학생부교과(지역균형선발),70%컷(최종),2.58,2026,13,5.42
한양대(ERICA),전자공학부,교과,학생부교과(지역균형선발),70%컷(최종),2.43,2026,31,4.72
한양대(ERICA),차세대반도체융합공학부,교과,학생부교과(지역균형선발),70%컷(최종),2.78,2026,13,4.15
한양대(ERICA),컴퓨터전공,교과,학생부교과(지역균형선발),70%컷(최종),2.63,2026,11,3.83
한양대(ERICA),컴퓨터학부,교과,학생부교과(지역균형선발),70%컷(최종),3.38,2026,5,4
한양대(ERICA),해양융합공학과,교과,학생부교과(지역균형선발),70%컷(최종),2.62,2026,8,6.13
한양대(ERICA),[유형1] LIONS자율전공학부(전계열),교과,학생부교과(지역균형선발),70%컷(최종),2.56,2026,69,6.78
한양대(ERICA),국방전략기술공학과,종합,학생부종합(국방전략기술공학)(정원외),70%컷(최종),3.77,2024,37,5.18
한양대(ERICA),[유형1] LIONS자율전공학부(전계열),종합,학생부종합(면접형),70%컷(최종),4.74,2026,60,33.17
한양대(ERICA),[유형1] LIONS자율전공학부(인문사회계열),종합,학생부종합(서류형),70%컷(최종),3.99,2026,68,17.43
한양대(ERICA),경영학부,종합,학생부종합(서류형),70%컷(최종),3.05,2026,22,11.82
한양대(ERICA),경제학부,종합,학생부종합(서류형),70%컷(최종),3.26,2026,11,11.18
한양대(ERICA),광고홍보학과,종합,학생부종합(서류형),70%컷(최종),2.87,2026,10,12.2
한양대(ERICA),글로벌문화통상학부,종합,학생부종합(서류형),70%컷(최종),4.58,2026,40,19.85
한양대(ERICA),문화인류학과,종합,학생부종합(서류형),70%컷(최종),3.55,2026,5,11.2
한양대(ERICA),문화콘텐츠학과,종합,학생부종합(서류형),70%컷(최종),2.94,2026,5,18.4
한양대(ERICA),미디어학과,종합,학생부종합(서류형),70%컷(최종),2.91,2026,10,12.5
한양대(ERICA),[유형1] LIONS자율전공학부(자연계열),종합,학생부종합(서류형),70%컷(최종),3.09,2026,53,19.71
한양대(ERICA),ICT융합학부,종합,학생부종합(서류형),70%컷(최종),2.99,2026,5,13
한양대(ERICA),건설환경공학과,종합,학생부종합(서류형),70%컷(최종),2.97,2026,5,16
한양대(ERICA),건축공학전공,종합,학생부종합(서류형),70%컷(최종),3.1,2026,5,13.8
한양대(ERICA),건축학전공,종합,학생부종합(서류형),70%컷(최종),2.76,2026,5,12.2
한양대(ERICA),교통·물류공학과,종합,학생부종합(서류형),70%컷(최종),3.22,2026,5,14.4
한양대(ERICA),기계공학과,종합,학생부종합(서류형),70%컷(최종),2.89,2026,14,17.29
한양대(ERICA),로봇공학과,종합,학생부종합(서류형),70%컷(최종),3.14,2026,5,13.2
한양대(ERICA),바이오나노공학전공,종합,학생부종합(서류형),70%컷(최종),2.6,2026,8,8.75
한양대(ERICA),바이오신약융합학부,종합,학생부종합(서류형),70%컷(최종),2.59,2026,20,8.3
한양대(ERICA),반도체·디스플레이공학전공,종합,학생부종합(서류형),70%컷(최종),3.25,2026,10,8
한양대(ERICA),배터리소재화학공학과,종합,학생부종합(서류형),70%컷(최종),3.52,2026,14,8.73
한양대(ERICA),분자의약전공,종합,학생부종합(서류형),70%컷(최종),2.63,2026,12,9.25
한양대(ERICA),산업경영공학과,종합,학생부종합(서류형),70%컷(최종),2.86,2026,5,10.4
한양대(ERICA),수리데이터사이언스학과,종합,학생부종합(서류형),70%컷(최종),2.9,2026,4,12.5
한양대(ERICA),신소재·반도체공학전공,종합,학생부종합(서류형),70%컷(최종),2.91,2026,14,9.86
한양대(ERICA),약학과,종합,학생부종합(서류형),70%컷(최종),1.91,2026,15,35.67
한양대(ERICA),에너지바이오학과,종합,학생부종합(서류형),70%컷(최종),2.73,2026,5,9.2
한양대(ERICA),인공지능학과,종합,학생부종합(서류형),70%컷(최종),2.83,2026,10,12.4
한양대(ERICA),전자공학부,종합,학생부종합(서류형),70%컷(최종),2.97,2026,26,12.31
한양대(ERICA),차세대반도체융합공학부,종합,학생부종합(서류형),70%컷(최종),3.16,2026,13,9
한양대(ERICA),컴퓨터전공,종합,학생부종합(서류형),70%컷(최종),2.65,2026,11,11.67
한양대(ERICA),컴퓨터학부,종합,학생부종합(서류형),70%컷(최종),2.71,2026,5,11.4
한양대(ERICA),해양융합공학과,종합,학생부종합(서류형),70%컷(최종),3.1,2026,5,10.2
한양대(ERICA),디자인계열,종합,학생부종합(서류형),70%컷(최종),2.32,2026,17,14.89
한양대(ERICA),스포츠과학부,종합,학생부종합(서류형),70%컷(최종),4.7,2026,10,48.4
협성대,경영학과,교과,학생부교과(교과성적우수자전형),70%컷(최종),2.97,2026,10,8
협성대,글로벌통상·문화학과,교과,학생부교과(교과성적우수자전형),70%컷(최종),3.4,2026,7,7.17
협성대,금융보험학과,교과,학생부교과(교과성적우수자전형),70%컷(최종),3.66,2026,5,11.2
협성대,도시행정학과,교과,학생부교과(교과성적우수자전형),70%컷(최종),3.22,2026,4,6.33
협성대,문예창작학과,교과,학생부교과(교과성적우수자전형),70%컷(최종),2.8,2026,3,11.43
협성대,미디어영상광고학과,교과,학생부교과(교과성적우수자전형),70%컷(최종),2.83,2026,9,8.29
협성대,사회복지학과,교과,학생부교과(교과성적우수자전형),70%컷(최종),3,2026,14,8.13
협성대,세무회계학과,교과,학생부교과(교과성적우수자전형),70%컷(최종),3.06,2026,8,6
협성대,신학과,교과,학생부교과(교과성적우수자전형),70%컷(최종),4.01,2026,10,2.61
협성대,아동보육학과,교과,학생부교과(교과성적우수자전형),70%컷(최종),3.33,2026,4,5.75
협성대,유통경영학과,교과,학생부교과(교과성적우수자전형),70%컷(최종),3.38,2026,8,6.67
협성대,중국어문화학과,교과,학생부교과(교과성적우수자전형),70%컷(최종),3.38,2026,6,6
협성대,호텔관광경영학과,교과,학생부교과(교과성적우수자전형),70%컷(최종),3,2026,6,10.86
협성대,건축공학과,교과,학생부교과(교과성적우수자전형),70%컷(최종),3.4,2026,8,5.5
협성대,도시공학과,교과,학생부교과(교과성적우수자전형),70%컷(최종),3.58,2026,5,5.5
협성대,보건관리학과,교과,학생부교과(교과성적우수자전형),70%컷(최종),3.2,2026,11,7.09
협성대,소프트웨어공학과,교과,학생부교과(교과성적우수자전형),70%컷(최종),3.11,2026,11,5.92
협성대,의생명화학과,교과,학생부교과(교과성적우수자전형),70%컷(최종),2.8,2026,10,4.36
협성대,컴퓨터공학과,교과,학생부교과(교과성적우수자전형),70%컷(최종),3.09,2026,9,5.8
협성대,[유형1] 자율전공학부(1유형),교과,학생부교과(교과성적우수자전형),70%컷(최종),3.38,2026,40,11.32
협성대,경영학과,교과,학생부교과(미래창의인재전형),70%컷(최종),3.63,2026,5,5.29
협성대,글로벌통상·문화학과,교과,학생부교과(미래창의인재전형),70%컷(최종),4.53,2026,3,3.38
협성대,금융보험학과,교과,학생부교과(미래창의인재전형),70%컷(최종),4.14,2026,3,6.17
협성대,도시행정학과,교과,학생부교과(미래창의인재전형),70%컷(최종),4.28,2026,5,3.57
협성대,문예창작학과,교과,학생부교과(미래창의인재전형),70%컷(최종),3.55,2026,3,6
협성대,미디어영상광고학과,교과,학생부교과(미래창의인재전형),70%컷(최종),3.48,2026,5,7.1
협성대,사회복지학과,교과,학생부교과(미래창의인재전형),70%컷(최종),4.22,2026,5,5.5
협성대,세무회계학과,교과,학생부교과(미래창의인재전형),70%컷(최종),3.92,2026,3,3.83
협성대,아동보육학과,교과,학생부교과(미래창의인재전형),70%컷(최종),4.3,2026,5,5.6
협성대,유통경영학과,교과,학생부교과(미래창의인재전형),70%컷(최종),4.28,2026,3,5.67
협성대,중국어문화학과,교과,학생부교과(미래창의인재전형),70%컷(최종),4.64,2026,3,4.33
협성대,호텔관광경영학과,교과,학생부교과(미래창의인재전형),70%컷(최종),4.03,2026,3,6.5
협성대,건축공학과,교과,학생부교과(미래창의인재전형),70%컷(최종),4.21,2026,4,4
협성대,도시공학과,교과,학생부교과(미래창의인재전형),70%컷(최종),4.22,2026,4,4.5
협성대,보건관리학과,교과,학생부교과(미래창의인재전형),70%컷(최종),3.96,2026,5,4.5
협성대,소프트웨어공학과,교과,학생부교과(미래창의인재전형),70%컷(최종),4.11,2026,4,3.33
협성대,의생명화학과,교과,학생부교과(미래창의인재전형),70%컷(최종),3.46,2026,4,8.17
협성대,컴퓨터공학과,교과,학생부교과(미래창의인재전형),70%컷(최종),3.89,2026,4,3
협성대,[유형1] 자율전공학부(1유형),교과,학생부교과(미래창의인재전형),70%컷(최종),4.08,2026,10,5.8
협성대,신학과,교과,학생부교과(웨슬리전형),70%컷(최종),5.89,2025,25,1.24
협성대,경영학과,종합,학생부종합(융합인재Ⅱ전형),70%컷(최종),5.33,2025,6,6.5
협성대,금융보험학과,종합,학생부종합(융합인재Ⅱ전형),70%컷(최종),7.16,2025,6,4.33
협성대,도시행정학과,종합,학생부종합(융합인재Ⅱ전형),70%컷(최종),7.05,2025,6,7.33
협성대,문예창작학과,종합,학생부종합(융합인재Ⅱ전형),70%컷(최종),6,2025,6,7.4
협성대,미디어영상광고학과,종합,학생부종합(융합인재Ⅱ전형),70%컷(최종),5.44,2025,9,11
협성대,사회복지학과,종합,학생부종합(융합인재Ⅱ전형),70%컷(최종),5.22,2025,9,5.3
협성대,세무회계학과,종합,학생부종합(융합인재Ⅱ전형),70%컷(최종),7.27,2025,6,4.17
협성대,아동보육학과,종합,학생부종합(융합인재Ⅱ전형),70%컷(최종),5.89,2025,6,3.75
협성대,유통경영학과,종합,학생부종합(융합인재Ⅱ전형),70%컷(최종),5.89,2025,5,5.33
협성대,중국어문화학과,종합,학생부종합(융합인재Ⅱ전형),70%컷(최종),6.66,2025,2,3.33
협성대,호텔관광경영학과,종합,학생부종합(융합인재Ⅱ전형),70%컷(최종),4.78,2025,5,5.67
협성대,건축공학과,종합,학생부종합(융합인재Ⅱ전형),70%컷(최종),4.8,2025,5,3.5
협성대,도시공학과,종합,학생부종합(융합인재Ⅱ전형),70%컷(최종),5.33,2025,5,4
협성대,보건관리학과,종합,학생부종합(융합인재Ⅱ전형),70%컷(최종),5.77,2025,5,4.17
협성대,소프트웨어공학과,종합,학생부종합(융합인재Ⅱ전형),70%컷(최종),5.44,2025,6,4.63
협성대,의생명화학과,종합,학생부종합(융합인재Ⅱ전형),70%컷(최종),5.44,2025,5,6.33
협성대,컴퓨터공학과,종합,학생부종합(융합인재Ⅱ전형),70%컷(최종),5.15,2025,5,5
호남대,사회복지·상담심리학부,교과,학생부교과(일반고전형),70%컷(최종),7,2025,30,3.66
호남대,서비스·경영학부,교과,학생부교과(일반고전형),70%컷(최종),6.88,2025,44,3.09
호남대,유아교육학과,교과,학생부교과(일반고전형),70%컷(최종),6.57,2026,17,3.06
호남대,간호학과,교과,학생부교과(일반고전형),70%컷(최종),4.39,2026,78,5.8
호남대,물리치료학과,교과,학생부교과(일반고전형),70%컷(최종),7.88,2026,16,12.56
호남대,반려동물보건산업학과,교과,학생부교과(일반고전형),70%컷(최종),6.43,2026,15,8.36
호남대,응급구조학과,교과,학생부교과(일반고전형),70%컷(최종),6.33,2025,18,2.76
호남대,임상병리학과,교과,학생부교과(일반고전형),70%컷(최종),5.5,2026,16,10.07
호남대,작업치료학과,교과,학생부교과(일반고전형),70%컷(최종),6.7,2026,18,6.67
호남대,치기공학과,교과,학생부교과(일반고전형),70%컷(최종),7.05,2026,15,3.58
호남대,치위생학과,교과,학생부교과(일반고전형),70%컷(최종),6.04,2026,20,7.78
호남대,K뷰티·패션디자인학부,교과,학생부교과(일반고전형),70%컷(최종),6.72,2025,40,3.95
호남대,스포츠과학부,교과,학생부교과(일반고전형),70%컷(최종),6.41,2025,30,3.33
호남대,사회복지·상담심리학부,교과,학생부교과(일반학생A전형),70%컷(최종),6.96,2026,20,5.48
호남대,서비스·경영학부,교과,학생부교과(일반학생A전형),70%컷(최종),7.7,2026,40,2.62
호남대,간호학과,교과,학생부교과(일반학생A전형),70%컷(최종),4.81,2026,78,7.07
호남대,물리치료학과,교과,학생부교과(일반학생A전형),70%컷(최종),5.39,2026,18,9.11
호남대,임상병리학과,교과,학생부교과(일반학생A전형),70%컷(최종),6.3,2026,14,3.47
호남대,작업치료학과,교과,학생부교과(일반학생A전형),70%컷(최종),6.9,2026,22,4.5
호남대,K뷰티·패션디자인학부,교과,학생부교과(일반학생A전형),70%컷(최종),7.67,2026,25,3.79
호남대,스포츠과학부,교과,학생부교과(일반학생A전형),70%컷(최종),8.48,2026,80,3.31
호남대,응급구조학과,교과,학생부교과(일반학생B전형),70%컷(최종),6.48,2026,32,7.17
호남대,[유형1] 자유전공학부,교과,학생부교과(일반학생B전형),70%컷(최종),6.8,2026,114,2.54
호남대,사회복지·상담심리학부,교과,학생부교과(지역인재전형),70%컷(최종),7.44,2025,12,5.09
호남대,서비스·경영학부,교과,학생부교과(지역인재전형),70%컷(최종),7.44,2025,28,5.8
호남대,유아교육학과,교과,학생부교과(지역인재전형),70%컷(최종),6.65,2026,4,6.25
호남대,간호학과,교과,학생부교과(지역인재전형),70%컷(최종),4.2,2026,25,10.06
호남대,물리치료학과,교과,학생부교과(지역인재전형),70%컷(최종),5.67,2026,4,17
호남대,반려동물보건산업학과,교과,학생부교과(지역인재전형),70%컷(최종),5.3,2025,3,4
호남대,응급구조학과,교과,학생부교과(지역인재전형),70%컷(최종),5.3,2025,2,5
호남대,임상병리학과,교과,학생부교과(지역인재전형),70%컷(최종),3.81,2025,3,8.33
호남대,작업치료학과,교과,학생부교과(지역인재전형),70%컷(최종),6.53,2025,5,15
호남대,치기공학과,교과,학생부교과(지역인재전형),70%컷(최종),8.19,2025,2,6.5
호남대,치위생학과,교과,학생부교과(지역인재전형),70%컷(최종),5.25,2026,4,13
호남대,K뷰티·패션디자인학부,교과,학생부교과(지역인재전형),70%컷(최종),7,2025,10,6.5
호남대,스포츠과학부,교과,학생부교과(지역인재전형),70%컷(최종),7,2025,10,7.86
호서대,경영학과,교과,학생부교과(면접전형),70%컷(최종),4.92,2026,14,3.4
호서대,경찰행정학과,교과,학생부교과(면접전형),70%컷(최종),4.02,2026,5,5.88
호서대,기독교학과,교과,학생부교과(면접전형),70%컷(최종),6.07,2026,10,1.8
호서대,미디어커뮤니케이션학과,교과,학생부교과(면접전형),70%컷(최종),3.77,2026,6,6.4
호서대,유아교육과,교과,학생부교과(면접전형),70%컷(최종),4.18,2026,6,6.33
호서대,청소년문화·상담학과,교과,학생부교과(면접전형),70%컷(최종),4.69,2026,5,3
호서대,경영학과,교과,학생부교과(학생부전형),70%컷(최종),3.93,2026,78,5.59
호서대,경찰행정학과,교과,학생부교과(학생부전형),70%컷(최종),3.35,2026,52,6.14
호서대,글로벌통상학과,교과,학생부교과(학생부전형),70%컷(최종),4.3,2026,47,5.02
호서대,기독교학과,교과,학생부교과(학생부전형),70%컷(최종),5.45,2026,5,7.8
호서대,디지털금융경영학과,교과,학생부교과(학생부전형),70%컷(최종),4.43,2026,37,7
호서대,미디어커뮤니케이션학과,교과,학생부교과(학생부전형),70%컷(최종),2.96,2026,13,10.4
호서대,사회복지학부,교과,학생부교과(학생부전형),70%컷(최종),3.89,2026,40,9
호서대,심리학과,교과,학생부교과(학생부전형),70%컷(최종),3.33,2026,28,5.93
호서대,영어영문학과,교과,학생부교과(학생부전형),70%컷(최종),4.1,2026,29,4.6
호서대,유아교육과,교과,학생부교과(학생부전형),70%컷(최종),3.37,2026,14,7.79
호서대,중국학과,교과,학생부교과(학생부전형),70%컷(최종),4.53,2026,21,6.74
호서대,청소년문화·상담학과,교과,학생부교과(학생부전형),70%컷(최종),4.92,2026,15,3.87
호서대,한국언어문화학과,교과,학생부교과(학생부전형),70%컷(최종),4.03,2026,19,5.3
호서대,경영학과,종합,학생부종합(호서인재전형),70%컷(최종),4.56,2026,32,4.56
호서대,경찰행정학과,종합,학생부종합(호서인재전형),70%컷(최종),3.7,2026,22,8.09
호서대,글로벌통상학과,종합,학생부종합(호서인재전형),70%컷(최종),4.88,2026,5,3.1
호서대,디지털금융경영학과,종합,학생부종합(호서인재전형),70%컷(최종),5.29,2026,7,3.25
호서대,미디어커뮤니케이션학과,종합,학생부종합(호서인재전형),70%컷(최종),3.79,2026,4,22.25
호서대,사회복지학부,종합,학생부종합(호서인재전형),70%컷(최종),4.75,2026,20,6.05
호서대,심리학과,종합,학생부종합(호서인재전형),70%컷(최종),4.09,2026,6,6.42
호서대,영어영문학과,종합,학생부종합(호서인재전형),70%컷(최종),5.02,2026,5,3.5
호서대,유아교육과,종합,학생부종합(호서인재전형),70%컷(최종),4.18,2026,10,7.7
호서대,중국학과,종합,학생부종합(호서인재전형),70%컷(최종),5.14,2026,5,2.75
호서대,청소년문화·상담학과,종합,학생부종합(호서인재전형),70%컷(최종),4.53,2026,7,5
호서대,한국언어문화학과,종합,학생부종합(호서인재전형),70%컷(최종),4.24,2026,4,3.25
호서대,경영학과,교과,학생부교과(지역인재전형),70%컷(최종),4.46,2026,10,6.4
호서대,경찰행정학과,교과,학생부교과(지역인재전형),70%컷(최종),3.91,2026,15,5.4
호서대,글로벌통상학과,교과,학생부교과(지역인재전형),70%컷(최종),4.37,2026,5,5.4
호서대,디지털금융경영학과,교과,학생부교과(지역인재전형),70%컷(최종),4.8,2026,8,7.63
호서대,미디어커뮤니케이션학과,교과,학생부교과(지역인재전형),70%컷(최종),3.14,2026,5,3.75
호서대,사회복지학부,교과,학생부교과(지역인재전형),70%컷(최종),4.25,2026,13,8.18
호서대,심리학과,교과,학생부교과(지역인재전형),70%컷(최종),3.89,2026,14,5
호서대,영어영문학과,교과,학생부교과(지역인재전형),70%컷(최종),4.28,2026,6,4.71
호서대,유아교육과,교과,학생부교과(지역인재전형),70%컷(최종),3.76,2026,5,6.8
호서대,중국학과,교과,학생부교과(지역인재전형),70%컷(최종),4.76,2026,4,4
호서대,청소년문화·상담학과,교과,학생부교과(지역인재전형),70%컷(최종),3.78,2026,4,5
호서대,한국언어문화학과,교과,학생부교과(지역인재전형),70%컷(최종),4.47,2026,3,4.67
호서대(아산),항공서비스학과,교과,학생부교과(면접전형),70%컷(최종),4.97,2026,49,13.35
호서대(아산),간호학과,교과,학생부교과(면접전형),70%컷(최종),3.2,2026,28,11.54
호서대(아산),건축학과,교과,학생부교과(면접전형),70%컷(최종),4.59,2026,6,5
호서대(아산),게임소프트웨어학과,교과,학생부교과(면접전형),70%컷(최종),5.56,2026,25,2.63
호서대(아산),기계공학과,교과,학생부교과(면접전형),70%컷(최종),4.98,2026,4,2.5
호서대(아산),동물보건복지학과,교과,학생부교과(면접전형),70%컷(최종),3.97,2026,20,7.1
호서대(아산),물리치료학과,교과,학생부교과(면접전형),70%컷(최종),3.59,2026,15,8.4
호서대(아산),미래자동차공학과,교과,학생부교과(면접전형),70%컷(최종),5.44,2026,4,3
호서대(아산),반도체공학과,교과,학생부교과(면접전형),70%컷(최종),5.15,2026,5,2.6
호서대(아산),소방방재학과,교과,학생부교과(면접전형),70%컷(최종),4.89,2026,10,6
호서대(아산),임상병리학과,교과,학생부교과(면접전형),70%컷(최종),3.71,2026,7,6.43
호서대(아산),전기시스템공학과,교과,학생부교과(면접전형),70%컷(최종),5.29,2026,5,2.6
호서대(아산),컴퓨터공학과,교과,학생부교과(면접전형),70%컷(최종),5.73,2026,7,2.2
호서대(아산),문화영상학부,교과,학생부교과(면접전형),70%컷(최종),4.7,2026,25,3.52
호서대(아산),간호학과,교과,학생부교과(학생부전형),70%컷(최종),2,2026,7,9.57
호서대(아산),건축토목공학부,교과,학생부교과(학생부전형),70%컷(최종),4.54,2026,44,5.02
호서대(아산),건축학과,교과,학생부교과(학생부전형),70%컷(최종),3.29,2026,16,4.85
호서대(아산),게임소프트웨어학과,교과,학생부교과(학생부전형),70%컷(최종),3.84,2026,30,6.06
호서대(아산),기계공학과,교과,학생부교과(학생부전형),70%컷(최종),3.88,2026,32,5.47
호서대(아산),동물보건복지학과,교과,학생부교과(학생부전형),70%컷(최종),2.7,2026,10,18
호서대(아산),물리치료학과,교과,학생부교과(학생부전형),70%컷(최종),2.41,2026,5,13.4
호서대(아산),미래자동차공학과,교과,학생부교과(학생부전형),70%컷(최종),4.32,2026,29,6.32
호서대(아산),반도체공학과,교과,학생부교과(학생부전형),70%컷(최종),3.98,2026,31,3.94
호서대(아산),빅데이터AI학부,교과,학생부교과(학생부전형),70%컷(최종),4.69,2026,57,6.53
호서대(아산),생명공학과,교과,학생부교과(학생부전형),70%컷(최종),3.89,2026,28,5.64
호서대(아산),소방방재학과,교과,학생부교과(학생부전형),70%컷(최종),3.94,2026,27,6.3
호서대(아산),식품공학과,교과,학생부교과(학생부전형),70%컷(최종),3.67,2026,24,6.54
호서대(아산),식품영양학과,교과,학생부교과(학생부전형),70%컷(최종),3.59,2026,27,5.23
호서대(아산),안전공학과,교과,학생부교과(학생부전형),70%컷(최종),4.48,2026,36,6.19
호서대(아산),에너지환경화학공학과,교과,학생부교과(학생부전형),70%컷(최종),4.16,2026,51,3.67
호서대(아산),임상병리학과,교과,학생부교과(학생부전형),70%컷(최종),2.6,2026,16,11
호서대(아산),전기시스템공학과,교과,학생부교과(학생부전형),70%컷(최종),4.1,2026,43,6.12
호서대(아산),전자공학과,교과,학생부교과(학생부전형),70%컷(최종),4.31,2026,40,5.7
호서대(아산),전자재료공학과,교과,학생부교과(학생부전형),70%컷(최종),4.79,2026,27,5.04
호서대(아산),정보통신공학과,교과,학생부교과(학생부전형),70%컷(최종),4.98,2026,40,5.96
호서대(아산),제약공학과,교과,학생부교과(학생부전형),70%컷(최종),3.75,2026,28,5.75
호서대(아산),지능로봇학과,교과,학생부교과(학생부전형),70%컷(최종),5.11,2026,26,3.38
호서대(아산),컴퓨터공학과,교과,학생부교과(학생부전형),70%컷(최종),4.36,2026,67,4.33
호서대(아산),화장품과학과,교과,학생부교과(학생부전형),70%컷(최종),3.34,2026,25,6.76
호서대(아산),문화영상학부,교과,학생부교과(학생부전형),70%컷(최종),3.34,2026,30,6.93
호서대(아산),[유형1] AIT대학 자유전공학부,교과,학생부교과(학생부전형),70%컷(최종),5.78,2026,35,3.2
호서대(아산),[유형1] 자유전공학부,교과,학생부교과(학생부전형),70%컷(최종),3.27,2026,50,11.6
호서대(아산),간호학과,종합,학생부종합(호서인재전형),70%컷(최종),3.62,2026,10,20.4
호서대(아산),건축토목공학부,종합,학생부종합(호서인재전형),70%컷(최종),5.86,2026,13,3.92
호서대(아산),건축학과,종합,학생부종합(호서인재전형),70%컷(최종),4.09,2026,8,8.38
호서대(아산),게임소프트웨어학과,종합,학생부종합(호서인재전형),70%컷(최종),4.93,2026,13,5.77
호서대(아산),기계공학과,종합,학생부종합(호서인재전형),70%컷(최종),4.68,2026,8,6.38
호서대(아산),동물보건복지학과,종합,학생부종합(호서인재전형),70%컷(최종),4.03,2026,12,18.67
호서대(아산),물리치료학과,종합,학생부종합(호서인재전형),70%컷(최종),3.52,2026,3,13.67
호서대(아산),미래자동차공학과,종합,학생부종합(호서인재전형),70%컷(최종),5.39,2026,12,5
호서대(아산),반도체공학과,종합,학생부종합(호서인재전형),70%컷(최종),5.48,2026,8,3.75
호서대(아산),빅데이터AI학부,종합,학생부종합(호서인재전형),70%컷(최종),6.56,2026,4,2.57
호서대(아산),생명공학과,종합,학생부종합(호서인재전형),70%컷(최종),4.45,2026,5,5
호서대(아산),소방방재학과,종합,학생부종합(호서인재전형),70%컷(최종),4.74,2026,9,7
호서대(아산),식품공학과,종합,학생부종합(호서인재전형),70%컷(최종),4.65,2026,7,5
호서대(아산),식품영양학과,종합,학생부종합(호서인재전형),70%컷(최종),5.21,2026,7,4.4
호서대(아산),안전공학과,종합,학생부종합(호서인재전형),70%컷(최종),5.34,2026,6,3.83
호서대(아산),에너지환경화학공학과,종합,학생부종합(호서인재전형),70%컷(최종),4.46,2026,5,4.17
호서대(아산),임상병리학과,종합,학생부종합(호서인재전형),70%컷(최종),4.21,2026,11,7
호서대(아산),전기시스템공학과,종합,학생부종합(호서인재전형),70%컷(최종),5.52,2026,12,2.67
호서대(아산),전자공학과,종합,학생부종합(호서인재전형),70%컷(최종),5.76,2026,8,3.13
호서대(아산),전자재료공학과,종합,학생부종합(호서인재전형),70%컷(최종),5.44,2026,5,2.29
호서대(아산),정보통신공학과,종합,학생부종합(호서인재전형),70%컷(최종),5.36,2026,6,3.25
호서대(아산),제약공학과,종합,학생부종합(호서인재전형),70%컷(최종),4.95,2026,5,3.6
호서대(아산),지능로봇학과,종합,학생부종합(호서인재전형),70%컷(최종),5.07,2026,7,3
호서대(아산),컴퓨터공학과,종합,학생부종합(호서인재전형),70%컷(최종),6.14,2026,17,3.72
호서대(아산),화장품과학과,종합,학생부종합(호서인재전형),70%컷(최종),4.09,2026,8,11.13
호서대(아산),[유형1] AIT대학 자유전공학부,종합,학생부종합(호서인재전형),70%컷(최종),5.78,2026,5,3.6
호서대(아산),간호학과,교과,학생부교과(지역인재전형),70%컷(최종),2.72,2026,14,5.5
호서대(아산),건축토목공학부,교과,학생부교과(지역인재전형),70%컷(최종),4.84,2026,10,3.5
호서대(아산),건축학과,교과,학생부교과(지역인재전형),70%컷(최종),3.6,2026,5,6.4
호서대(아산),게임소프트웨어학과,교과,학생부교과(지역인재전형),70%컷(최종),4.33,2026,7,5.5
호서대(아산),기계공학과,교과,학생부교과(지역인재전형),70%컷(최종),4.16,2026,6,6
호서대(아산),동물보건복지학과,교과,학생부교과(지역인재전형),70%컷(최종),3.53,2026,10,6.3
호서대(아산),물리치료학과,교과,학생부교과(지역인재전형),70%컷(최종),2.73,2026,5,5
호서대(아산),미래자동차공학과,교과,학생부교과(지역인재전형),70%컷(최종),4.7,2026,7,5.29
호서대(아산),반도체공학과,교과,학생부교과(지역인재전형),70%컷(최종),4.7,2026,9,3.11
호서대(아산),빅데이터AI학부,교과,학생부교과(지역인재전형),70%컷(최종),5.5,2026,6,3.33
호서대(아산),생명공학과,교과,학생부교과(지역인재전형),70%컷(최종),4,2026,6,5
호서대(아산),소방방재학과,교과,학생부교과(지역인재전형),70%컷(최종),4.08,2026,7,4.43
호서대(아산),식품공학과,교과,학생부교과(지역인재전형),70%컷(최종),4.49,2026,6,4.83
호서대(아산),식품영양학과,교과,학생부교과(지역인재전형),70%컷(최종),4,2026,3,5.8
호서대(아산),안전공학과,교과,학생부교과(지역인재전형),70%컷(최종),5.31,2026,5,4.4
호서대(아산),에너지환경화학공학과,교과,학생부교과(지역인재전형),70%컷(최종),4.64,2026,10,2.4
호서대(아산),임상병리학과,교과,학생부교과(지역인재전형),70%컷(최종),3.12,2026,5,6.4
호서대(아산),전기시스템공학과,교과,학생부교과(지역인재전형),70%컷(최종),4.27,2026,8,4
호서대(아산),전자공학과,교과,학생부교과(지역인재전형),70%컷(최종),4.62,2026,8,5.13
호서대(아산),전자재료공학과,교과,학생부교과(지역인재전형),70%컷(최종),5.56,2026,5,4.33
호서대(아산),정보통신공학과,교과,학생부교과(지역인재전형),70%컷(최종),5.3,2026,8,3.88
호서대(아산),제약공학과,교과,학생부교과(지역인재전형),70%컷(최종),4.44,2026,7,2.86
호서대(아산),지능로봇학과,교과,학생부교과(지역인재전형),70%컷(최종),5.64,2026,4,3.25
호서대(아산),컴퓨터공학과,교과,학생부교과(지역인재전형),70%컷(최종),4.71,2026,10,3.05
호서대(아산),화장품과학과,교과,학생부교과(지역인재전형),70%컷(최종),3.67,2026,6,5.17
호서대(아산),문화영상학부,교과,학생부교과(지역인재전형),70%컷(최종),3.54,2026,10,4.4
호원대,경영학과,교과,학생부교과(일반전형),70%컷(최종),8,2026,36,
호원대,유아교육과,교과,학생부교과(일반전형),70%컷(최종),7,2026,18,
호원대,호텔외식조리학과,교과,학생부교과(일반전형),70%컷(최종),8,2026,28,
호원대,간호학과,교과,학생부교과(일반전형),70%컷(최종),6,2026,63,
호원대,물리치료학과,교과,학생부교과(일반전형),70%컷(최종),5,2026,26,
호원대,응급구조학과,교과,학생부교과(일반전형),70%컷(최종),8,2026,23,
호원대,자동차기계공학과,교과,학생부교과(일반전형),70%컷(최종),8,2026,27,
호원대,치위생학과,교과,학생부교과(일반전형),70%컷(최종),7,2026,25,
호원대,공연미디어학부(기획.연출),교과,학생부교과(일반전형),70%컷(최종),5,2026,24,
호원대,스포츠학과(야),교과,학생부교과(일반전형),70%컷(최종),8.14,2025,31,
호원대,호텔외식조리학과,교과,학생부교과(지역인재전형),70%컷(최종),8.25,2025,1,
호원대,간호학과,교과,학생부교과(지역인재전형),70%컷(최종),7,2026,38,
호원대,물리치료학과,교과,학생부교과(지역인재전형),70%컷(최종),6,2026,5,
호원대,공연미디어학부(기획.연출),교과,학생부교과(지역인재전형),70%컷(최종),4.93,2025,1,
홍익대,경영학부,교과,학생부교과(학교장추천자),70%컷(최종),2,2026,37,7.51
홍익대,경제학부,교과,학생부교과(학교장추천자),70%컷(최종),1.9,2026,7,8.43
홍익대,교육학과,교과,학생부교과(학교장추천자),70%컷(최종),1.8,2026,5,14.4
홍익대,국어교육과,교과,학생부교과(학교장추천자),70%컷(최종),2.1,2026,5,9.6
홍익대,국어국문학과,교과,학생부교과(학교장추천자),70%컷(최종),2.1,2026,3,8.33
홍익대,독어독문학과,교과,학생부교과(학교장추천자),70%컷(최종),2.2,2026,4,8
홍익대,법학부,교과,학생부교과(학교장추천자),70%컷(최종),2,2026,19,7.42
홍익대,불어불문학과,교과,학생부교과(학교장추천자),70%컷(최종),2,2026,4,12
홍익대,서울캠퍼스자율전공(인문·예능),교과,학생부교과(학교장추천자),70%컷(최종),1.9,2026,29,5.56
홍익대,역사교육과,교과,학생부교과(학교장추천자),70%컷(최종),2,2026,4,10.25
홍익대,영어교육과,교과,학생부교과(학교장추천자),70%컷(최종),1.9,2026,5,8.6
홍익대,영어영문학과,교과,학생부교과(학교장추천자),70%컷(최종),2,2026,5,9
홍익대,건설환경공학과,교과,학생부교과(학교장추천자),70%컷(최종),1.8,2026,8,8
홍익대,건축학부 건축학전공(5년제),교과,학생부교과(학교장추천자),70%컷(최종),2.6,2026,7,6.14
홍익대,건축학부 실내건축학전공,교과,학생부교과(학교장추천자),70%컷(최종),1.8,2026,3,16.33
홍익대,기계·시스템디자인공학과,교과,학생부교과(학교장추천자),70%컷(최종),1.9,2026,22,9.23
홍익대,도시공학과,교과,학생부교과(학교장추천자),70%컷(최종),2.1,2026,8,6.75
홍익대,산업·데이터공학과,교과,학생부교과(학교장추천자),70%컷(최종),1.9,2026,11,10.82
홍익대,서울캠퍼스자율전공(자연·예능),교과,학생부교과(학교장추천자),70%컷(최종),1.8,2026,41,6.28
홍익대,수학교육과,교과,학생부교과(학교장추천자),70%컷(최종),1.9,2026,5,5.8
홍익대,신소재·화공시스템공학부,교과,학생부교과(학교장추천자),70%컷(최종),1.7,2026,19,7.37
홍익대,전자·전기공학부,교과,학생부교과(학교장추천자),70%컷(최종),1.8,2026,30,6.23
홍익대,컴퓨터공학과,교과,학생부교과(학교장추천자),70%컷(최종),1.8,2026,22,6.59
홍익대,예술학과,교과,학생부교과(학교장추천자),70%컷(최종),2.1,2026,4,14.5
홍익대,경영학부,종합,학생부종합(학교생활우수자),70%컷(최종),2.4,2026,58,13.47
홍익대,경제학부,종합,학생부종합(학교생활우수자),70%컷(최종),2.3,2026,9,15.44
홍익대,교육학과,종합,학생부종합(학교생활우수자),70%컷(최종),2.4,2026,6,13.5
홍익대,국어교육과,종합,학생부종합(학교생활우수자),70%컷(최종),2.2,2026,6,12.5
홍익대,국어국문학과,종합,학생부종합(학교생활우수자),70%컷(최종),2.2,2026,5,14.2
홍익대,독어독문학과,종합,학생부종합(학교생활우수자),70%컷(최종),4.8,2026,6,14.67
홍익대,법학부,종합,학생부종합(학교생활우수자),70%컷(최종),2.5,2026,28,16.75
홍익대,불어불문학과,종합,학생부종합(학교생활우수자),70%컷(최종),2.6,2026,5,12.6
홍익대,서울캠퍼스자율전공(인문·예능),종합,학생부종합(학교생활우수자),70%컷(최종),2.5,2026,49,14.9
홍익대,역사교육과,종합,학생부종합(학교생활우수자),70%컷(최종),2.27,2025,4,20
홍익대,영어교육과,종합,학생부종합(학교생활우수자),70%컷(최종),2.3,2026,6,15.17
홍익대,영어영문학과,종합,학생부종합(학교생활우수자),70%컷(최종),4,2026,6,23.33
홍익대,건설환경공학과,종합,학생부종합(학교생활우수자),70%컷(최종),2.9,2026,11,21.09
홍익대,건축학부 건축학전공(5년제),종합,학생부종합(학교생활우수자),70%컷(최종),2,2026,11,17.18
홍익대,건축학부 실내건축학전공,종합,학생부종합(학교생활우수자),70%컷(최종),2.4,2026,5,12.4
홍익대,기계·시스템디자인공학과,종합,학생부종합(학교생활우수자),70%컷(최종),2.3,2026,34,10.38
홍익대,도시공학과,종합,학생부종합(학교생활우수자),70%컷(최종),2.5,2026,12,17
홍익대,산업·데이터공학과,종합,학생부종합(학교생활우수자),70%컷(최종),2.3,2026,16,14.69
홍익대,서울캠퍼스자율전공(자연·예능),종합,학생부종합(학교생활우수자),70%컷(최종),2.2,2026,67,21.06
홍익대,수학교육과,종합,학생부종합(학교생활우수자),70%컷(최종),2,2026,6,17.83
홍익대,신소재·화공시스템공학부,종합,학생부종합(학교생활우수자),70%컷(최종),2.2,2026,30,21.93
홍익대,전자·전기공학부,종합,학생부종합(학교생활우수자),70%컷(최종),2.4,2026,48,10.63
홍익대,컴퓨터공학과,종합,학생부종합(학교생활우수자),70%컷(최종),2.3,2026,34,9.94
홍익대,예술학과,종합,학생부종합(학교생활우수자),70%컷(최종),2.7,2026,5,28.2
홍익대(세종),광고홍보학부,교과,학생부교과(교과우수자),70%컷(최종),3.6,2026,29,4.14
홍익대(세종),상경학부,교과,학생부교과(교과우수자),70%컷(최종),4.1,2026,52,5.5
홍익대(세종),세종캠퍼스자율전공(인문·예능),교과,학생부교과(교과우수자),70%컷(최종),3,2026,54,6.02
홍익대(세종),AID융합과학기술대학자율전공,교과,학생부교과(교과우수자),70%컷(최종),4.4,2026,15,5.33
홍익대(세종),AI기계융합공학과,교과,학생부교과(교과우수자),70%컷(최종),4.1,2026,14,5.21
홍익대(세종),건축공학부,교과,학생부교과(교과우수자),70%컷(최종),3.6,2026,16,7.35
홍익대(세종),게임학부 게임소프트웨어전공(공학계),교과,학생부교과(교과우수자),70%컷(최종),3.9,2026,10,7.1
홍익대(세종),나노반도체공학과,교과,학생부교과(교과우수자),70%컷(최종),4.4,2026,13,6.08
홍익대(세종),바이오화학융합공학과,교과,학생부교과(교과우수자),70%컷(최종),3.9,2026,13,11.85
홍익대(세종),세종캠퍼스자율전공(자연·예능),교과,학생부교과(교과우수자),70%컷(최종),3.5,2026,54,4.19
홍익대(세종),소프트웨어융합학과,교과,학생부교과(교과우수자),70%컷(최종),4.3,2026,19,8.05
홍익대(세종),전자전기융합공학과,교과,학생부교과(교과우수자),70%컷(최종),4.2,2026,16,7.81
홍익대(세종),조선해양모빌리티공학과,교과,학생부교과(교과우수자),70%컷(최종),4.6,2026,10,16.4
홍익대(세종),광고홍보학부,종합,학생부종합(학교생활우수자),70%컷(최종),4,2026,18,10.36
홍익대(세종),상경학부,종합,학생부종합(학교생활우수자),70%컷(최종),5,2026,33,5.94
홍익대(세종),세종캠퍼스자율전공(인문·예능),종합,학생부종합(학교생활우수자),70%컷(최종),3.9,2026,37,5.22
홍익대(세종),AID융합과학기술대학자율전공,종합,학생부종합(학교생활우수자),70%컷(최종),4.7,2026,10,4.67
홍익대(세종),AI기계융합공학과,종합,학생부종합(학교생활우수자),70%컷(최종),4.6,2026,8,6.67
홍익대(세종),건축공학부,종합,학생부종합(학교생활우수자),70%컷(최종),4.5,2026,9,11
홍익대(세종),게임학부 게임소프트웨어전공(공학계),종합,학생부종합(학교생활우수자),70%컷(최종),4.5,2026,6,14.5
홍익대(세종),나노반도체공학과,종합,학생부종합(학교생활우수자),70%컷(최종),4.4,2026,8,5.13
홍익대(세종),바이오화학융합공학과,종합,학생부종합(학교생활우수자),70%컷(최종),4.9,2026,8,12.38
홍익대(세종),세종캠퍼스자율전공(자연·예능),종합,학생부종합(학교생활우수자),70%컷(최종),4.5,2026,37,7.54
홍익대(세종),소프트웨어융합학과,종합,학생부종합(학교생활우수자),70%컷(최종),4.5,2026,10,6
홍익대(세종),전자전기융합공학과,종합,학생부종합(학교생활우수자),70%컷(최종),5,2026,9,5.22
홍익대(세종),조선해양모빌리티공학과,종합,학생부종합(학교생활우수자),70%컷(최종),5.2,2026,6,7.83
화성의과학대,경찰과학수사학과,교과,학생부교과(학생부교과우수자전형),평균(최종),3.99,2025,26,4.54
화성의과학대,데이터사이언스학과,교과,학생부교과(학생부교과우수자전형),평균(최종),4.94,2025,16,1.56
화성의과학대,의료경영학과,교과,학생부교과(학생부교과우수자전형),평균(최종),3.17,2025,16,2
화성의과학대,의료사회복지학과,교과,학생부교과(학생부교과우수자전형),평균(최종),4.26,2025,13,6.33
화성의과학대,의료심리학과,교과,학생부교과(학생부교과우수자전형),평균(최종),5.33,2025,21,5.8
화성의과학대,간호학과,교과,학생부교과(학생부교과우수자전형),평균(최종),2.63,2025,31,10.07
화성의과학대,바이오헬스케어학과,교과,학생부교과(학생부교과우수자전형),평균(최종),3.67,2025,32,1.23
화성의과학대,의생명과학과,교과,학생부교과(학생부교과우수자전형),평균(최종),3.61,2025,24,2.12
화성의과학대,스포츠과학과,교과,학생부교과(학생부교과우수자전형),평균(최종),4.02,2025,11,5.3
화성의과학대,태권도학과,교과,학생부교과(학생부교과우수자전형),평균(최종),4.86,2025,2,15
홍익대,역사교육과,교과,학생부교과(학교장추천자),70%컷(최종),2,2026,4,10.25
홍익대,영어교육과,교과,학생부교과(학교장추천자),70%컷(최종),1.9,2026,5,8.6
홍익대,영어영문학과,교과,학생부교과(학교장추천자),70%컷(최종),2,2026,5,9
홍익대,건설환경공학과,교과,학생부교과(학교장추천자),70%컷(최종),1.8,2026,8,8
홍익대,건축학부 건축학전공(5년제),교과,학생부교과(학교장추천자),70%컷(최종),2.6,2026,7,6.14
홍익대,건축학부 실내건축학전공,교과,학생부교과(학교장추천자),70%컷(최종),1.8,2026,3,16.33
홍익대,기계·시스템디자인공학과,교과,학생부교과(학교장추천자),70%컷(최종),1.9,2026,22,9.23
홍익대,도시공학과,교과,학생부교과(학교장추천자),70%컷(최종),2.1,2026,8,6.75
홍익대,산업·데이터공학과,교과,학생부교과(학교장추천자),70%컷(최종),1.9,2026,11,10.82
홍익대,서울캠퍼스자율전공(자연·예능),교과,학생부교과(학교장추천자),70%컷(최종),1.8,2026,41,6.28
홍익대,수학교육과,교과,학생부교과(학교장추천자),70%컷(최종),1.9,2026,5,5.8
홍익대,신소재·화공시스템공학부,교과,학생부교과(학교장추천자),70%컷(최종),1.7,2026,19,7.37
홍익대,전자·전기공학부,교과,학생부교과(학교장추천자),70%컷(최종),1.8,2026,30,6.23
홍익대,컴퓨터공학과,교과,학생부교과(학교장추천자),70%컷(최종),1.8,2026,22,6.59
홍익대,예술학과,교과,학생부교과(학교장추천자),70%컷(최종),2.1,2026,4,14.5
홍익대,경영학부,종합,학생부종합(학교생활우수자),70%컷(최종),2.4,2026,58,13.47
홍익대,경제학부,종합,학생부종합(학교생활우수자),70%컷(최종),2.3,2026,9,15.44
홍익대,교육학과,종합,학생부종합(학교생활우수자),70%컷(최종),2.4,2026,6,13.5
홍익대,국어교육과,종합,학생부종합(학교생활우수자),70%컷(최종),2.2,2026,6,12.5
홍익대,국어국문학과,종합,학생부종합(학교생활우수자),70%컷(최종),2.2,2026,5,14.2
홍익대,독어독문학과,종합,학생부종합(학교생활우수자),70%컷(최종),4.8,2026,6,14.67
홍익대,법학부,종합,학생부종합(학교생활우수자),70%컷(최종),2.5,2026,28,16.75
홍익대,불어불문학과,종합,학생부종합(학교생활우수자),70%컷(최종),2.6,2026,5,12.6
홍익대,서울캠퍼스자율전공(인문·예능),종합,학생부종합(학교생활우수자),70%컷(최종),2.5,2026,49,14.9
홍익대,역사교육과,종합,학생부종합(학교생활우수자),70%컷(최종),2.27,2025,4,20
홍익대,영어교육과,종합,학생부종합(학교생활우수자),70%컷(최종),2.3,2026,6,15.17
홍익대,영어영문학과,종합,학생부종합(학교생활우수자),70%컷(최종),4,2026,6,23.33
홍익대,건설환경공학과,종합,학생부종합(학교생활우수자),70%컷(최종),2.9,2026,11,21.09
홍익대,건축학부 건축학전공(5년제),종합,학생부종합(학교생활우수자),70%컷(최종),2,2026,11,17.18
홍익대,건축학부 실내건축학전공,종합,학생부종합(학교생활우수자),70%컷(최종),2.4,2026,5,12.4
홍익대,기계·시스템디자인공학과,종합,학생부종합(학교생활우수자),70%컷(최종),2.3,2026,34,10.38
홍익대,도시공학과,종합,학생부종합(학교생활우수자),70%컷(최종),2.5,2026,12,17
홍익대,산업·데이터공학과,종합,학생부종합(학교생활우수자),70%컷(최종),2.3,2026,16,14.69
홍익대,서울캠퍼스자율전공(자연·예능),종합,학생부종합(학교생활우수자),70%컷(최종),2.2,2026,67,21.06
홍익대,수학교육과,종합,학생부종합(학교생활우수자),70%컷(최종),2,2026,6,17.83
홍익대,신소재·화공시스템공학부,종합,학생부종합(학교생활우수자),70%컷(최종),2.2,2026,30,21.93
홍익대,전자·전기공학부,종합,학생부종합(학교생활우수자),70%컷(최종),2.4,2026,48,10.63
홍익대,컴퓨터공학과,종합,학생부종합(학교생활우수자),70%컷(최종),2.3,2026,34,9.94
홍익대,예술학과,종합,학생부종합(학교생활우수자),70%컷(최종),2.7,2026,5,28.2
홍익대(세종),광고홍보학부,교과,학생부교과(교과우수자),70%컷(최종),3.6,2026,29,4.14
홍익대(세종),상경학부,교과,학생부교과(교과우수자),70%컷(최종),4.1,2026,52,5.5
홍익대(세종),세종캠퍼스자율전공(인문·예능),교과,학생부교과(교과우수자),70%컷(최종),3,2026,54,6.02
홍익대(세종),AID융합과학기술대학자율전공,교과,학생부교과(교과우수자),70%컷(최종),4.4,2026,15,5.33
홍익대(세종),AI기계융합공학과,교과,학생부교과(교과우수자),70%컷(최종),4.1,2026,14,5.21
홍익대(세종),건축공학부,교과,학생부교과(교과우수자),70%컷(최종),3.6,2026,16,7.35
홍익대(세종),게임학부 게임소프트웨어전공(공학계),교과,학생부교과(교과우수자),70%컷(최종),3.9,2026,10,7.1
홍익대(세종),나노반도체공학과,교과,학생부교과(교과우수자),70%컷(최종),4.4,2026,13,6.08
홍익대(세종),바이오화학융합공학과,교과,학생부교과(교과우수자),70%컷(최종),3.9,2026,13,11.85
홍익대(세종),세종캠퍼스자율전공(자연·예능),교과,학생부교과(교과우수자),70%컷(최종),3.5,2026,54,4.19
홍익대(세종),소프트웨어융합학과,교과,학생부교과(교과우수자),70%컷(최종),4.3,2026,19,8.05
홍익대(세종),전자전기융합공학과,교과,학생부교과(교과우수자),70%컷(최종),4.2,2026,16,7.81
홍익대(세종),조선해양모빌리티공학과,교과,학생부교과(교과우수자),70%컷(최종),4.6,2026,10,16.4
홍익대(세종),광고홍보학부,종합,학생부종합(학교생활우수자),70%컷(최종),4,2026,18,10.36
홍익대(세종),상경학부,종합,학생부종합(학교생활우수자),70%컷(최종),5,2026,33,5.94
홍익대(세종),세종캠퍼스자율전공(인문·예능),종합,학생부종합(학교생활우수자),70%컷(최종),3.9,2026,37,5.22
홍익대(세종),AID융합과학기술대학자율전공,종합,학생부종합(학교생활우수자),70%컷(최종),4.7,2026,10,4.67
홍익대(세종),AI기계융합공학과,종합,학생부종합(학교생활우수자),70%컷(최종),4.6,2026,8,6.67
홍익대(세종),건축공학부,종합,학생부종합(학교생활우수자),70%컷(최종),4.5,2026,9,11
홍익대(세종),게임학부 게임소프트웨어전공(공학계),종합,학생부종합(학교생활우수자),70%컷(최종),4.5,2026,6,14.5
홍익대(세종),나노반도체공학과,종합,학생부종합(학교생활우수자),70%컷(최종),4.4,2026,8,5.13
홍익대(세종),바이오화학융합공학과,종합,학생부종합(학교생활우수자),70%컷(최종),4.9,2026,8,12.38
홍익대(세종),세종캠퍼스자율전공(자연·예능),종합,학생부종합(학교생활우수자),70%컷(최종),4.5,2026,37,7.54
홍익대(세종),소프트웨어융합학과,종합,학생부종합(학교생활우수자),70%컷(최종),4.5,2026,10,6
홍익대(세종),전자전기융합공학과,종합,학생부종합(학교생활우수자),70%컷(최종),5,2026,9,5.22
홍익대(세종),조선해양모빌리티공학과,종합,학생부종합(학교생활우수자),70%컷(최종),5.2,2026,6,7.83
화성의과학대,경찰과학수사학과,교과,학생부교과(학생부교과우수자전형),평균(최종),3.99,2025,26,4.54
화성의과학대,데이터사이언스학과,교과,학생부교과(학생부교과우수자전형),평균(최종),4.94,2025,16,1.56
화성의과학대,의료경영학과,교과,학생부교과(학생부교과우수자전형),평균(최종),3.17,2025,16,2
화성의과학대,의료사회복지학과,교과,학생부교과(학생부교과우수자전형),평균(최종),4.26,2025,13,6.33
화성의과학대,의료심리학과,교과,학생부교과(학생부교과우수자전형),평균(최종),5.33,2025,21,5.8
화성의과학대,간호학과,교과,학생부교과(학생부교과우수자전형),평균(최종),2.63,2025,31,10.07
화성의과학대,바이오헬스케어학과,교과,학생부교과(학생부교과우수자전형),평균(최종),3.67,2025,32,1.23
화성의과학대,의생명과학과,교과,학생부교과(학생부교과우수자전형),평균(최종),3.61,2025,24,2.12
화성의과학대,스포츠과학과,교과,학생부교과(학생부교과우수자전형),평균(최종),4.02,2025,11,5.3
화성의과학대,태권도학과,교과,학생부교과(학생부교과우수자전형),평균(최종),4.86,2025,2,15
