권역,지역,세부지역,대학명,계열,2026 수시 모집단위,2025 수시 모집단위,전형변경,모집단위변경,교과1/전형,교과1/70%,교과1/50%,교과2/전형,교과2/70%,교과2/50%,교과3/전형,교과3/70%,교과3/50%,종합1/전형,종합1/70%,종합1/50%,종합2/전형,종합2/70%,종합2/50%,정시백분위,2025 정시 반영영역,영어한국사,학과홈페이지URL,모집인원_교과,모집인원_종합,모집인원_정시,수능반영_국,수능반영_수,수능반영_영,수능반영_탐,수능반영_한,면접비율,논술비율,2024_교과70,2024_종합70,2024_정시,2023_교과70,2023_종합70,2023_정시,경쟁률_교과,경쟁률_종합,경쟁률_정시,비고
서울,서울,종로구,서울대,자연,의예과,의예과,유지,유지,,,,,,,,,,일반,1.22,1.14,지역균형,1.06,1.03,99.7333,국수탐(2),1/1,,,,,,,,,,,,,,,,,,,,,
서울,서울,종로구,서울대,자연,의예과,의예과,유지,유지,,,,,,,,,,일반,1.22,1.14,지역균형,1.06,1.03,99.59995,국수탐(2),1/1,,,,,,,,,,,,,,,,,,,,,
서울,서울,서대문구,연세대,자연,의예과,의예과,,,추천형,1.01,1,,,,,,,활동우수형,1.09,1.04,,,,99.5625,국수영탐(2),1/1,,,,,,,,,,,,,,,,,,,,,
서울,서울,관악구,서울대,자연,수리과학부,수리과학부,유지,유지,,,,,,,,,,일반,,,지역균형,1.18,1.17,99.4,국수탐(2),2/2,,,,,,,,,,,,,,,,,,,,,
서울,서울,성북구,고려대,자연,의과대학,의과대학,유지,유지,학교추천,1.07,1.05,,,,,,,계열적합,1.69,1.66,학업우수,1.27,1.21,99.33333,국수탐(2),1/1,,,,,,,,,,,,,,,,,,,,,
서울,서울,관악구,서울대,자연,치의학과,치의학과,유지,유지,,,,,,,,,,일반,1.52,1.35,,,,99.3333,국수탐(2),1/1,,,,,,,,,,,,,,,,,,,,,
서울,서울,서초구,가톨릭대,자연,의예과,의예과,유지,유지,지역균형,1,1,,,,,,,학교장추천,1.8,1.15,,,,99.25,국수탐(2),1/1,,,,,,,,,,,,,,,,,,,,,
경인권,경기,수원시,성균관대,자연,의예과,의예과,변경,유지,,,,,,,,,,탐구형,1.56,1.27,,,,99.22222,국수영탐(2),2/1,,,,,,,,,,,,,,,,,,,,,
서울,서울,관악구,서울대,자연,컴퓨터공학부,컴퓨터공학부,유지,유지,,,,,,,,,,일반,1.39,1.16,지역균형,1.11,1.09,99.1999,국수탐(2),1/1,,,,,,,,,,,,,,,,,,,,,
서울,서울,동작구,중앙대,자연,의학부,의학부,유지,유지,,,,,,,,,,CAU융합형인재,1.24,1.1,CAU탐구형인재,2.01,1.78,99.125,국수탐(2),2/2,,,,,,,,,,,,,,,,,,,,,
경인권,경기,수원시,성균관대,자연,의예과,의예과,변경,유지,,,,,,,,,,탐구형,1.56,1.27,,,,99.11111,국수영탐(2),2/1,,,,,,,,,,,,,,,,,,,,,
서울,서울,서대문구,이화여대,자연,의예과(자연),의예과(자연),변경,유지,,,,,,,,,,미래인재,1.09,1.08,,,,99.09375,국수영탐(2),2/1,,,,,,,,,,,,,,,,,,,,,
서울,서울,관악구,서울대,자연,치의학과,치의학과,유지,유지,,,,,,,,,,일반,1.52,1.35,,,,99.06655,국수탐(2),1/1,,,,,,,,,,,,,,,,,,,,,
충청권,충북,충주시,건국대(글로컬),자연,의예과,의예과,유지,유지,,,,,,,,,,Cogito 자기추천,1.51,1.34,,,,99,국수영탐(2),1/1,,,,,,,,,,,,,,,,,,,,,
경인권,경기,용인시,경희대,예체능,디지털콘텐츠학과,디지털콘텐츠학과,유지,유지,지역균형,1.44,1.44,,,,,,,네오르네상스,2.43,2.43,,,,98.875,국영탐(1),1/1,,,,,,,,,,,,,,,,,,,,,
경상권,울산,남구,울산대,자연,의예과,의예과,유지,유지,,,,,,,,,,잠재역량,,1.13,,,,98.875,국수영탐(2)한,1/4,,,,,,,,,,,,,,,,,,,,,
서울,서울,성북구,고려대,자연,의과대학,의과대학,유지,유지,학교추천,1.07,1.05,,,,,,,계열적합,1.69,1.66,학업우수,1.27,1.21,98.83333,국수탐(2),1/1,,,,,,,,,,,,,,,,,,,,,
경인권,인천,미추홀구,인하대,자연,의예과,의예과,유지,유지,지역균형,1.13,1.1,,,,,,,인하미래인재,1.41,1.13,,,,98.83333,국수영탐(2),2/1,,,,,,,,,,,,,,,,,,,,,
전라권,광주,동구,조선대,자연,의예과,의예과,유지,유지,일반,1.1,1.09,,,,,,,면접,1.48,1.23,,,,98.8,국수영탐(1),1/1,,,,,,,,,,,,,,,,,,,,,
충청권,충북,청주시,충북대,자연,의예과,의예과,유지,유지,학생부교과,1.15,1.12,,,,,,,학생부종합Ⅰ,1.08,1.07,학생부종합Ⅱ,1.33,1.32,98.75,국수영탐(2),1/-,,,,,,,,,,,,,,,,,,,,,
서울,서울,관악구,서울대,자연,약학계열,약학계열,유지,유지,,,,,,,,,,일반,1.58,1.53,지역균형,1.12,1.05,98.7333,국수탐(2),2/1,,,,,,,,,,,,,,,,,,,,,
서울,서울,관악구,서울대,자연,통계학과,통계학과,유지,유지,,,,,,,,,,일반,,,지역균형,1.15,1.13,98.66655,국수탐(2),2/1,,,,,,,,,,,,,,,,,,,,,
서울,서울,관악구,서울대,자연,수의예과,수의예과,유지,유지,,,,,,,,,,일반,1.45,1.42,지역균형,1.13,1.11,98.60005,국수탐(2),2/1,,,,,,,,,,,,,,,,,,,,,
서울,서울,관악구,서울대,자연,전기•정보공학부,전기•정보공학부,유지,유지,,,,,,,,,,일반,2,1.72,지역균형,1.1,1.06,98.53325,국수탐(2),1/1,,,,,,,,,,,,,,,,,,,,,
서울,서울,동대문구,경희대,인문,한의예과(인문계열),한의예과(인문계열),유지,유지,지역균형,1.04,1,,,,,,,네오르네상스,1.37,1.16,,,,98.52941,국수영탐(2),1/1,,,,,,,,,,,,,,,,,,,,,
전라권,광주,동구,조선대,자연,치의예과,치의예과,유지,유지,일반,1.17,1.16,,,,,,,면접,1.45,1.45,,,,98.5,국수영탐(1),1/1,,,,,,,,,,,,,,,,,,,,,
경인권,경기,수원시,아주대,자연,의학과(예과),의학과(예과),,,,,,,,,,,,ACE,1.36,1.24,,,,98.44444,국수영탐(2),2/1,,,,,,,,,,,,,,,,,,,,,
경인권,인천,연수구,가천대,자연,의예과,의예과,유지,유지,학생부우수자,1.05,,,,,,,,가천의약학,2.16,,,,,98.425,국수영탐(2),1/1,,,,,,,,,,,,,,,,,,,,,
서울,서울,동대문구,경희대,자연,의예과,의예과,유지,유지,지역균형,1,1,,,,,,,네오르네상스,1.2,1.08,,,,98.41176,국수영탐(2),1/1,,,,,,,,,,,,,,,,,,,,,
경상권,대구,중구,경북대,자연,의예과,의예과,유지,유지,,,,,,,,,,일반학생,1.64,1.48,,,,98.28571,국수영탐(2),1/3,,,,,,,,,,,,,,,,,,,,,
서울,서울,관악구,서울대,자연,약학계열,약학계열,유지,유지,,,,,,,,,,일반,1.58,1.53,지역균형,1.12,1.05,98.2666,국수탐(2),1/1,,,,,,,,,,,,,,,,,,,,,
경상권,경남,양산시,부산대,자연,의예과,의예과,유지,유지,학생부교과,1.15,1.14,,,,,,,,,,,,,98.25,국수영탐(2),3/2,,,,,,,,,,,,,,,,,,,,,
전라권,광주,동구,조선대,자연,약학과,약학과,유지,유지,일반,1.25,1.24,,,,,,,면접,1.59,1.53,,,,98.25,국수영탐(1),1/1,,,,,,,,,,,,,,,,,,,,,
전라권,전남,나주시,동신대,자연,한의예과,한의예과,유지,유지,일반,1.13,1.12,,,,,,,,,,,,,98.2222,국수영탐(1)한,1/1,,,,,,,,,,,,,,,,,,,,,
충청권,대전,서구,건양대,자연,의학과,의학과,유지,유지,일반학생[면접],1,1,일반학생[최저],1.38,1.26,,,,,,,,,,98.2,국수영탐(2),2/1,,,,,,,,,,,,,,,,,,,,,
경상권,경북,경주시,동국대(WISE),자연,의예과,의예과,유지,유지,교과,1.4,1.3,불교추천인재,1.6,1.2,,,,참사랑,1.5,1.4,,,,98.15,국수영탐(2),1/1,,,,,,,,,,,,,,,,,,,,,
충청권,대전,중구,을지대,자연,의예과,의예과,유지,유지,지역균형,1.35,1.29,,,,,,,,,,,,,98.15,국수영탐(2),2/2,,,,,,,,,,,,,,,,,,,,,
서울,서울,관악구,서울대,자연,물리·천문학부(천문학전공),물리·천문학부(천문학전공),유지,유지,,,,,,,,,,일반,,,,,,98.13335,국수탐(2),2/1,,,,,,,,,,,,,,,,,,,,,
서울,서울,관악구,서울대,자연,생명과학부,생명과학부,유지,유지,,,,,,,,,,일반,2.14,2.09,지역균형,1.18,1.16,98.13335,국수탐(2),2/1,,,,,,,,,,,,,,,,,,,,,
서울,서울,관악구,서울대,자연,화학생물공학부,화학생물공학부,유지,유지,,,,,,,,,,일반,1.95,1.74,지역균형,1.3,1.26,98.13335,국수탐(2),1/1,,,,,,,,,,,,,,,,,,,,,
강원권,강원,원주시,연세대(미래),자연,의예과,의예과,,,교과우수자,1.47,1.3,,,,,,,학교생활우수자,1.47,1.34,,,,98.125,국수영탐(2),1/1,,,,,,,,,,,,,,,,,,,,,
경인권,경기,수원시,성균관대,자연,약학과,약학과,유지,유지,,,,,,,,,,탐구형,2.61,1.74,,,,98.11111,국수영탐(2),2/1,,,,,,,,,,,,,,,,,,,,,
강원권,강원,춘천시,강원대,자연,의예과,의예과,명칭변경,유지,일반,1.11,1.05,,,,,,,미래인재Ⅱ,2.3,1.89,,,,98.1,국수영탐(2),1/2,,,,,,,,,,,,,,,,,,,,,
강원권,강원,강릉시,"강원대(강릉,원주)",자연,치의예과,치의예과,유지,유지,,,,,,,,,,해람인재,1.31,1.29,,,,98.0526,국수영탐(2)한,1/1,,,,,,,,,,,,,,,,,,,,,
경상권,경북,경주시,동국대(WISE),자연,한의예과,한의예과,유지,유지,교과,1.4,1.4,불교추천인재,1.7,1.3,,,,참사랑,1.6,1.5,,,,98,국수영탐(2),1/2,,,,,,,,,,,,,,,,,,,,,
경상권,경남,김해시,인제대,자연,의예과,의예과,유지,유지,"의예,약학",1.06,1.05,,,,,,,,,,,,,98,국수영탐(2),1/1,,,,,,,,,,,,,,,,,,,,,
충청권,대전,유성구,충남대,자연,의예과,의예과,유지,유지,일반,1.15,1.12,,,,,,,학생부종합Ⅰ,1.16,1.14,학생부종합Ⅰ[서류],1.27,1.22,98,국수탐(2),1/2,,,,,,,,,,,,,,,,,,,,,
충청권,충북,청주시,충북대,자연,수의예과,수의예과,유지,유지,학생부교과,1.13,1.12,,,,,,,학생부종합Ⅰ,1.21,1.18,학생부종합Ⅱ,1.27,1.24,97.9375,국수영탐(2),1/-,,,,,,,,,,,,,,,,,,,,,
서울,서울,동작구,중앙대,자연,약학부,약학부,유지,유지,지역균형,1.27,1.18,,,,,,,CAU융합형인재,1.84,1.36,CAU탐구형인재,2.71,2.05,97.9,국수탐(2),1/1,,,,,,,,,,,,,,,,,,,,,
경인권,경기,수원시,성균관대,자연,약학과,약학과,유지,유지,,,,,,,,,,탐구형,2.61,1.74,,,,97.88889,국수영탐(2),2/1,,,,,,,,,,,,,,,,,,,,,
경상권,경북,경산시,영남대,자연,의예과,의예과,,,의학창의인재,1.42,1.39,일반학생,1.51,1.46,,,,,,,,,,97.85,국수영탐(2),2/3,,,,,,,,,,,,,,,,,,,,,
경상권,경남,진주시,경상국립대,자연,약학과,약학과,유지,유지,일반,1.33,1.34,,,,,,,일반,1.33,1.34,,,,97.84375,국수영탐(2),2/-,,,,,,,,,,,,,,,,,,,,,
경인권,경기,고양시,동국대,자연,약학과,약학과,유지,유지,학교장추천인재,1,1,,,,,,,Do Dream,1.47,1.31,,,,97.82353,국수영탐(2),3/2,,,,,,,,,,,,,,,,,,,,,
강원권,강원,강릉시,가톨릭관동대,자연,의학과(의예과),의학과(의예과),유지,유지,일반,1.22,1.21,,,,,,,,,,,,,97.8,국수영탐(2),1/-,,,,,,,,,,,,,,,,,,,,,
서울,서울,관악구,서울대,자연,항공우주공학과,항공우주공학과,유지,유지,,,,,,,,,,일반,3.35,3.3,지역균형,1.18,1.18,97.7334,국수탐(2),1/1,,,,,,,,,,,,,,,,,,,,,
서울,서울,관악구,서울대,자연,첨단융합학부,첨단융합학부,유지,유지,,,,,,,,,,일반,2.01,1.66,지역균형,1.26,1.18,97.7332,국수탐(2),1/1,,,,,,,,,,,,,,,,,,,,,
서울,서울,관악구,서울대,자연,화학부,화학부,유지,유지,,,,,,,,,,일반,2.76,2.6,지역균형,1.39,1.18,97.7332,국수탐(2),1/1,,,,,,,,,,,,,,,,,,,,,
경상권,대구,중구,경북대,자연,치의예과,치의예과,유지,유지,교과우수자,1.24,1.23,,,,,,,일반학생,1.65,1.63,,,,97.71429,국수영탐(2),2/1,,,,,,,,,,,,,,,,,,,,,
충청권,충남,천안시,단국대(천안),자연,의예과,의예과,유지,유지,,,,,,,,,,DKU인재-면접형,1.48,1.3,,,,97.64706,국수영탐(2),1/1,,,,,,,,,,,,,,,,,,,,,
서울,서울,마포구,서강대,자연,시스템반도체공학과,시스템반도체공학과,유지,유지,지역균형,,,,,,,,,일반,4.45,4.29,,,,97.6,국수탐(2),1/1,,,,,,,,,,,,,,,,,,,,,
경인권,경기,성남시,가천대,자연,한의예과,한의예과,유지,유지,학생부우수자,1.12,,,,,,,,가천의약학,2.54,,,,,97.575,국수영탐(2),1/1,,,,,,,,,,,,,,,,,,,,,
서울,서울,노원구,삼육대,자연,약학과,약학과,유지,유지,학교장추천,1.31,1.31,,,,,,,세움인재,1.53,1.48,재림교회목회자추천,,,97.55,국수영탐(2),1/1,,,,,,,,,,,,,,,,,,,,,
경상권,경북,경산시,대구한의대,인문,한의예과(인문),한의예과(인문),유지,유지,일반,1.13,1.08,,,,,,,일반,1.64,1.59,,,,97.53625,국수영탐(2),1/1,,,,,,,,,,,,,,,,,,,,,
경상권,경남,진주시,경상국립대,자연,수의예과,수의예과,유지,유지,일반,1.35,1.34,,,,,,,일반,1.35,1.34,,,,97.53125,국수영탐(2),1/-,,,,,,,,,,,,,,,,,,,,,
경상권,대구,달서구,계명대,자연,의예과,의예과,유지,유지,면접,1.29,1.24,일반,1.36,1.32,,,,일반,1.36,1.32,,,,97.5,국수영탐(2),1/-,,,,,,,,,,,,,,,,,,,,,
충청권,충남,아산시,순천향대,자연,의예과,의예과,유지,유지,교과우수자,1,1,,,,,,,일반학생,1.06,1.04,,,,97.5,국수영탐(2),1/1,,,,,,,,,,,,,,,,,,,,,
서울,서울,서대문구,연세대,자연,치의예과,치의예과,,,추천형,1.11,1.1,,,,,,,활동우수형,1.32,1.26,,,,97.5,국수영탐(2),1/1,,,,,,,,,,,,,,,,,,,,,
전라권,전북,익산시,원광대,자연,치의예과(인문),치의예과(인문),유지,유지,,,,,,,,,,학생부종합,1.17,1.03,,,,97.5,국수영탐(2),1/2,,,,,,,,,,,,,,,,,,,,,
서울,서울,관악구,서울대,자연,기계공학부,기계공학부,유지,유지,,,,,,,,,,일반,2.5,1.97,지역균형,1.3,1.25,97.46665,국수탐(2),2/1,,,,,,,,,,,,,,,,,,,,,
서울,서울,관악구,서울대,자연,산업공학과,산업공학과,유지,유지,,,,,,,,,,일반,1.97,1.91,지역균형,1.28,1.28,97.46665,국수탐(2),2/1,,,,,,,,,,,,,,,,,,,,,
서울,서울,관악구,서울대,자연,전기•정보공학부,전기•정보공학부,유지,유지,,,,,,,,,,일반,2,1.72,지역균형,1.1,1.06,97.46665,국수탐(2),2/1,,,,,,,,,,,,,,,,,,,,,
서울,서울,관악구,서울대,자연,컴퓨터공학부,컴퓨터공학부,유지,유지,,,,,,,,,,일반,1.39,1.16,지역균형,1.11,1.09,97.46665,국수탐(2),2/1,,,,,,,,,,,,,,,,,,,,,
서울,서울,관악구,서울대,자연,항공우주공학과,항공우주공학과,유지,유지,,,,,,,,,,일반,3.35,3.3,지역균형,1.18,1.18,97.46665,국수탐(2),2/1,,,,,,,,,,,,,,,,,,,,,
서울,서울,관악구,서울대,자연,화학생물공학부,화학생물공학부,유지,유지,,,,,,,,,,일반,1.95,1.74,지역균형,1.3,1.26,97.46665,국수탐(2),2/1,,,,,,,,,,,,,,,,,,,,,
서울,서울,관악구,서울대,자연,첨단융합학부,첨단융합학부,유지,유지,,,,,,,,,,일반,2.01,1.66,지역균형,1.26,1.18,97.39985,국수탐(2),2/2,,,,,,,,,,,,,,,,,,,,,
경상권,경북,경산시,대구한의대,자연,한의예과(자연),한의예과(자연),유지,유지,일반,1.29,1.23,,,,,,,일반,1.92,1.73,,,,97.375,국수영탐(2),1/1,,,,,,,,,,,,,,,,,,,,,
서울,서울,서대문구,이화여대,자연,약학전공(자연),약학전공(자연),변경,유지,,,,,,,,,,미래인재,1.49,1.39,,,,97.3125,국수영탐(2),2/1,,,,,,,,,,,,,,,,,,,,,
서울,서울,동대문구,경희대,자연,치의예과,치의예과,유지,유지,지역균형,1.27,1.2,,,,,,,네오르네상스,1.45,1.25,,,,97.29412,국수영탐(2),2/2,,,,,,,,,,,,,,,,,,,,,
경상권,경남,진주시,경상국립대,자연,의예과,의예과,유지,유지,일반,1.57,1.28,,,,,,,일반,1.57,1.28,,,,97.28125,국수영탐(2),2/-,,,,,,,,,,,,,,,,,,,,,
전라권,전남,무안군,국립목포대,자연,약학과,약학과,유지,유지,교과일반,,1.6,,,,,,,,,,,,,97.25,"국영 중 1개, 수탐(2)",2/-,,,,,,,,,,,,,,,,,,,,,
제주권,제주,제주시,제주대,자연,의예과,의예과,유지,유지,일반학생,1.08,1.06,,,,,,,,,,,,,97.25,국수영탐(2),1/1,,,,,,,,,,,,,,,,,,,,,
서울,서울,성동구,한양대,자연,의예과,의예과,유지,유지,,,,,,,,,,서류형,1.51,1.39,추천형,1.51,1.31,97.22222,국수영탐(2),1/2,,,,,,,,,,,,,,,,,,,,,
전라권,광주,북구,전남대,자연,치의학과,치의학과,유지,유지,일반,1.15,1.13,,,,,,,고교생활우수자Ⅰ,1.71,1.61,,,,97.2,국수탐(2),1/1,,,,,,,,,,,,,,,,,,,,,
충청권,대전,동구,대전대,자연,한의예과,한의예과,유지,유지,교과면접,1.48,1.41,교과중점,1.52,1.25,,,,혜화인재,1.25,1.1,,,,97.165,국수영탐(2),1/4,,,,,,,,,,,,,,,,,,,,,
서울,서울,관악구,서울대,인문,정치외교학부,정치외교학부,유지,유지,,,,,,,,,,일반,2.02,1.73,지역균형,1.21,1.11,97.13325,국수탐(2),2/1,,,,,,,,,,,,,,,,,,,,,
서울,서울,서대문구,이화여대,자연,미래산업약학전공,미래산업약학전공,변경,유지,,,,,,,,,,미래인재,1.63,1.47,,,,97.125,국수영탐(2),2/2,,,,,,,,,,,,,,,,,,,,,
경인권,경기,부천시,가톨릭대,자연,약학과,약학과,유지,유지,지역균형,1.06,1.06,,,,,,,학교장추천,2.15,1.7,,,,97.1,국수탐(2),2/1,,,,,,,,,,,,,,,,,,,,,
강원권,강원,원주시,상지대,자연,한의예과,한의예과,유지,유지,교과일반,1.13,1.13,,,,,,,종합일반,1.57,1.63,,,,97.1,국수영탐(2),1/2,,,,,,,,,,,,,,,,,,,,,
서울,서울,관악구,서울대,인문,역사교육과,역사교육과,유지,유지,,,,,,,,,,일반,1.53,1.51,지역균형,,,97.06665,국수탐(2),1/1,,,,,,,,,,,,,,,,,,,,,
서울,서울,관악구,서울대,인문,자유전공학부,자유전공학부,유지,유지,,,,,,,,,,일반,2.34,1.98,지역균형,1.26,1.2,97.0664,국수탐(2),1/1,,,,,,,,,,,,,,,,,,,,,
서울,서울,서대문구,이화여대,자연,미래산업약학전공,미래산업약학전공,변경,유지,,,,,,,,,,미래인재,1.63,1.47,,,,97.0625,국수영탐(2),2/2,,,,,,,,,,,,,,,,,,,,,
경인권,경기,용인시,경희대,예체능,산업디자인학과,산업디자인학과,유지,유지,지역균형,1.5,1.5,,,,,,,네오르네상스,2.2,2.2,,,,97,국영탐(1),2/1,,,,,,,,,,,,,,,,,,,,,
강원권,강원,원주시,상지대,자연,한의예과,한의예과,유지,유지,교과일반,1.13,1.13,,,,,,,종합일반,1.57,1.63,,,,97,국수영탐(2),1/1,,,,,,,,,,,,,,,,,,,,,
전라권,전북,전주시,전북대,자연,의예과,의예과,유지,유지,일반학생,1.38,1.35,,,,,,,큰사람,1.4,1.26,,,,97,국수탐(2),1/2,,,,,,,,,,,,,,,,,,,,,
경인권,인천,연수구,가천대,자연,약학과,약학과,유지,유지,학생부우수자,1.13,,,,,,,,가천의약학,2.69,,,,,96.975,국수영탐(2),1/1,,,,,,,,,,,,,,,,,,,,,
충청권,충남,천안시,단국대(천안),자연,치의예과,치의예과,유지,유지,,,,,,,,,,DKU인재-면접형,1.4,1.25,,,,96.97059,국수영탐(2),1/2,,,,,,,,,,,,,,,,,,,,,
서울,서울,관악구,서울대,인문,소비자아동학부(소비자학전공),소비자아동학부(소비자학전공),유지,유지,,,,,,,,,,일반,1.51,1.47,지역균형,1.32,1.22,96.9333,국수탐(2),1/2,,,,,,,,,,,,,,,,,,,,,
서울,서울,관악구,서울대,자연,물리교육과,물리교육과,유지,유지,,,,,,,,,,일반,1.88,1.74,지역균형,,,96.9332,국수탐(2),2/1,,,,,,,,,,,,,,,,,,,,,
서울,서울,관악구,서울대,자연,건설환경도시공학부,건설환경공학부,유지,변경,,,,,,,,,,일반,2.43,1.94,지역균형,1.21,1.19,96.93315,국수탐(2),1/1,,,,,,,,,,,,,,,,,,,,,
서울,서울,관악구,서울대,인문,경영대학,경영대학,유지,유지,,,,,,,,,,일반,1.85,1.73,지역균형,1.22,1.16,96.93315,국수탐(2),1/1,,,,,,,,,,,,,,,,,,,,,
전라권,광주,북구,전남대,자연,의학과,의학과,유지,변경,,,,,,,,,,고교생활우수자Ⅰ,1.22,1.21,,,,96.9,국수탐(2),1/1,,,,,,,,,,,,,,,,,,,,,
서울,서울,종로구,성균관대,인문,글로벌경영학과,글로벌경영학과,유지,유지,학교장추천,1.54,1.51,,,,,,,탐구형,3.38,3.17,,,,96.87497,국수영탐(1),2/2,,,,,,,,,,,,,,,,,,,,,
서울,서울,관악구,서울대,자연,물리·천문학부(물리학전공),물리·천문학부(물리학전공),유지,유지,,,,,,,,,,일반,2.32,2.02,지역균형,1.24,1.21,96.8667,국수탐(2),1/1,,,,,,,,,,,,,,,,,,,,,
경인권,경기,수원시,성균관대,자연,양자정보공학과,양자정보공학과,유지,유지,,,,,,,,,,과학인재,3.32,3.27,탐구형,4.39,2.78,96.83348,국수영탐(1),3/1,,,,,,,,,,,,,,,,,,,,,
경상권,부산,부산진구,동의대,자연,한의예과,한의예과,유지,유지,일반고교과,1.11,1.1,,,,,,,학교생활우수자(면접),1.83,1.83,,,,96.83333,국수영탐(2),1/1,,,,,,,,,,,,,,,,,,,,,
서울,서울,관악구,서울대,자연,산업공학과,산업공학과,유지,유지,,,,,,,,,,일반,1.97,1.91,지역균형,1.28,1.28,96.8002,국수탐(2),1/1,,,,,,,,,,,,,,,,,,,,,
강원권,강원,춘천시,강원대,자연,수의학과,수의예과,명칭변경,변경,일반,1.28,1.24,,,,,,,미래인재Ⅰ,1.55,1.41,,,,96.8,국수영탐(2),1/1,,,,,,,,,,,,,,,,,,,,,
서울,서울,종로구,서울대,자연,간호대학,간호대학,유지,유지,,,,,,,,,,일반,2.54,2.02,지역균형,1.6,1.53,96.7999,국수탐(2),2/1,,,,,,,,,,,,,,,,,,,,,
서울,서울,관악구,서울대,인문,인문계열,인문계열,유지,유지,,,,,,,,,,지역균형,1.4,1.33,,,,96.79985,국수탐(2),1/1,,,,,,,,,,,,,,,,,,,,,
서울,서울,관악구,서울대,자연,원자핵공학과,원자핵공학과,유지,유지,,,,,,,,,,일반,3.16,3.11,지역균형,1.28,1.14,96.7998,국수탐(2),1/3,,,,,,,,,,,,,,,,,,,,,
서울,서울,관악구,서울대,자연,화학교육과,화학교육과,유지,유지,,,,,,,,,,일반,2.79,1.78,지역균형,1.5,1.44,96.7998,국수탐(2),1/2,,,,,,,,,,,,,,,,,,,,,
강원권,강원,춘천시,강원대,자연,약학과,약학과,명칭변경,유지,일반,1.15,1.14,,,,,,,미래인재Ⅱ,1.33,1.24,,,,96.75,국수영탐(2),1/1,,,,,,,,,,,,,,,,,,,,,
서울,서울,성북구,동덕여대,자연,약학과,약학과,유지,유지,학생부교과우수자,1.31,1.24,,,,,,,동덕창의리더,,,,,,96.75,국수영탐(2),1/2,,,,,,,,,,,,,,,,,,,,,
강원권,강원,춘천시,한림대,자연,의학과,의학과,유지,유지,,,,,,,,,,학교생활우수자,1.29,1.22,,,,96.72222,국수영탐(2),1/-,,,,,,,,,,,,,,,,,,,,,
경상권,대구,북구,경북대,자연,약학과,약학과,유지,유지,교과우수자,1.37,1.31,,,,,,,,,,,,,96.71429,국수영탐(2),2/1,,,,,,,,,,,,,,,,,,,,,
서울,서울,동대문구,경희대,자연,한의예과(자연계열),한의예과(자연계열),유지,유지,지역균형,1.42,1.42,,,,,,,네오르네상스,1.38,1.35,,,,96.70588,국수영탐(2),2/2,,,,,,,,,,,,,,,,,,,,,
서울,서울,도봉구,덕성여대,자연,약학과(6년제),약학과(6년제),유지,유지,학생부100%,1,1,,,,,,,덕성인재Ⅱ,1.33,1.25,,,,96.7,국수영탐(2),2/2,,,,,,,,,,,,,,,,,,,,,
경상권,경북,경주시,동국대(WISE),자연,한의예과,한의예과,유지,유지,교과,1.4,1.4,불교추천인재,1.7,1.3,,,,참사랑,1.6,1.5,,,,96.7,국수영탐(2),1/1,,,,,,,,,,,,,,,,,,,,,
충청권,대전,유성구,충남대,자연,수의예과,수의예과,유지,유지,일반,1.43,1.37,,,,,,,학생부종합Ⅰ,1.62,1.56,학생부종합Ⅰ[서류],1.58,1.54,96.7,국수탐(2),1/1,,,,,,,,,,,,,,,,,,,,,
경인권,인천,연수구,연세대,자연,약학과,약학과,,,추천형,1.04,1.04,,,,,,,활동우수형,1.37,1.35,,,,96.6875,국수영탐(2),1/2,,,,,,,,,,,,,,,,,,,,,
경인권,경기,수원시,성균관대,자연,반도체융합공학과,반도체융합공학과,유지,유지,학교장추천,1.7,1.65,,,,,,,과학인재,5.59,5.35,탐구형,3.04,2.58,96.66685,국수영탐(1),2/1,,,,,,,,,,,,,,,,,,,,,
서울,서울,광진구,건국대,자연,수의예과,수의예과,유지,유지,KU지역균형,1.19,1.04,,,,,,,KU자기추천,3.17,1.87,,,,96.66667,국수영탐(2),2/1,,,,,,,,,,,,,,,,,,,,,
서울,서울,관악구,서울대,자연,지구환경과학부,지구환경과학부,유지,유지,,,,,,,,,,일반,3.13,2.56,지역균형,1.39,1.22,96.6665,국수탐(2),1/1,,,,,,,,,,,,,,,,,,,,,
경상권,대구,남구,대구가톨릭대,자연,의예과,의예과,유지,유지,교과,1.28,1.22,,,,,,,,,,,,,96.64706,국수영탐(2),1/1,,,,,,,,,,,,,,,,,,,,,
경인권,경기,수원시,성균관대,자연,양자정보공학과,양자정보공학과,유지,유지,,,,,,,,,,과학인재,3.32,3.27,탐구형,4.39,2.78,96.54539,국수영탐(1),3/1,,,,,,,,,,,,,,,,,,,,,
경인권,경기,수원시,성균관대,자연,글로벌바이오메디컬공학과,,신설,유지,,,,,,,,,,,,,,,,96.50054,국수영탐(1),1/1,,,,,,,,,,,,,,,,,,,,,
경인권,경기,수원시,성균관대,자연,글로벌바이오메디컬공학과,글로벌바이오메디컬공학과,유지,유지,,,,,,,,,,과학인재,4.86,4.65,탐구형,3.35,2.56,96.50054,국수영탐(1),1/1,,,,,,,,,,,,,,,,,,,,,
경인권,경기,수원시,성균관대,자연,에너지학과,에너지학과,유지,유지,학교장추천,1.66,1.66,,,,,,,과학인재,5.85,5.44,탐구형,5.2,5.07,96.50043,국수영탐(1),2/4,,,,,,,,,,,,,,,,,,,,,
경상권,부산,남구,경성대,자연,약학과,약학과,유지,유지,일반계고교과,1.38,1.35,,,,,,,,,,,,,96.46875,국수영탐(2),3/-,,,,,,,,,,,,,,,,,,,,,
서울,서울,관악구,서울대,자연,에너지자원공학과,에너지자원공학과,유지,유지,,,,,,,,,,일반,2.28,1.81,지역균형,1.27,1.15,96.4667,국수탐(2),2/2,,,,,,,,,,,,,,,,,,,,,
서울,서울,관악구,서울대,인문,지리교육과,지리교육과,유지,유지,,,,,,,,,,일반,1.89,1.82,지역균형,1.37,1.37,96.46655,국수탐(2),2/1,,,,,,,,,,,,,,,,,,,,,
경상권,경북,경산시,영남대,자연,약학부,약학부,,,일반학생,1.36,1.34,,,,,,,,,,,,,96.45,국수영탐(2),3/1,,,,,,,,,,,,,,,,,,,,,
서울,서울,관악구,서울대,인문,역사학부,역사학부,유지,유지,,,,,,,,,,일반,2.36,2.22,지역균형,1.43,1.36,96.33335,국수탐(2),2/1,,,,,,,,,,,,,,,,,,,,,
경인권,경기,수원시,성균관대,자연,반도체시스템공학과,반도체시스템공학과,유지,유지,,,,,,,,,,과학인재,4.6,4.4,탐구형,3.96,3.95,96.33333,국수영탐(2),2/1,,,,,,,,,,,,,,,,,,,,,
경인권,경기,수원시,성균관대,자연,반도체시스템공학과,반도체시스템공학과,유지,유지,,,,,,,,,,과학인재,4.6,4.4,탐구형,3.96,3.95,96.33333,국수영탐(2),2/1,,,,,,,,,,,,,,,,,,,,,
경인권,경기,수원시,성균관대,자연,지능형소프트웨어학과,지능형소프트웨어학과,유지,유지,,,,,,,,,,과학인재,4.98,4.88,탐구형,3.52,2.82,96.33333,국수영탐(2),2/2,,,,,,,,,,,,,,,,,,,,,
전라권,전북,익산시,원광대,자연,의예과,의예과,유지,유지,,,,,,,,,,학생부종합,1.3,1.19,,,,96.33333,국수영탐(2),1/1,,,,,,,,,,,,,,,,,,,,,
전라권,전북,익산시,원광대,자연,치의예과(자연),치의예과,유지,유지,,,,,,,,,,학생부종합,1.48,1.37,,,,96.33333,국수영탐(2),1/1,,,,,,,,,,,,,,,,,,,,,
경상권,대구,북구,경북대,자연,수의예과,수의예과,유지,유지,교과우수자,1.49,1.46,,,,,,,일반학생,2.04,1.95,,,,96.28571,국수영탐(2),2/1,,,,,,,,,,,,,,,,,,,,,
경상권,부산,서구,고신대,자연,의예과,의예과,유지,유지,일반고,1.46,1.33,,,,,,,,,,,,,96.28571,국수영탐(2),1/1,,,,,,,,,,,,,,,,,,,,,
경상권,부산,영도구,고신대,자연,의예과,의예과,신설,유지,,,,,,,,,,자기추천2080특별,,,,,,96.28571,국수영탐(2),1/1,,,,,,,,,,,,,,,,,,,,,
충청권,세종,세종,고려대(세종),자연,약학과,약학과,유지,유지,,,,,,,,,,크림슨인재,1.35,1.35,,,,96.28125,국수영탐(2),1/-,,,,,,,,,,,,,,,,,,,,,
경인권,경기,수원시,성균관대,자연,반도체융합공학과,반도체융합공학과,유지,유지,학교장추천,1.7,1.65,,,,,,,과학인재,5.59,5.35,탐구형,3.04,2.58,96.27264,국수영탐(1),2/1,,,,,,,,,,,,,,,,,,,,,
서울,서울,관악구,서울대,인문,경제학부,경제학부,유지,유지,,,,,,,,,,일반,2.03,1.84,지역균형,1.11,1.09,96.2665,국수탐(2),1/1,,,,,,,,,,,,,,,,,,,,,
서울,서울,관악구,서울대,인문,지리학과,지리학과,유지,유지,,,,,,,,,,일반,2.36,1.86,지역균형,1.39,1.39,96.2665,국수탐(2),1/1,,,,,,,,,,,,,,,,,,,,,
서울,서울,관악구,서울대,자연,바이오시스템•소재학부,바이오시스템•소재학부,유지,유지,,,,,,,,,,일반,3.29,1.93,지역균형,1.37,1.35,96.26645,국수탐(2),2/1,,,,,,,,,,,,,,,,,,,,,
서울,서울,관악구,서울대,자연,재료공학부,재료공학부,유지,유지,,,,,,,,,,일반,2.16,2,지역균형,1.25,1.21,96.2663,국수탐(2),2/1,,,,,,,,,,,,,,,,,,,,,
서울,서울,동대문구,경희대,자연,약학과(6년제),약학과(6년제),유지,유지,지역균형,1.17,1.08,,,,,,,네오르네상스,2.93,1.15,,,,96.23529,국수영탐(2),2/2,,,,,,,,,,,,,,,,,,,,,
서울,서울,성북구,고려대,인문,정치외교학과,정치외교학과,유지,유지,학교추천,1.39,1.34,,,,,,,계열적합,2.68,2.51,학업우수,2.38,1.74,96.16667,국수탐(2),3/3,,,,,,,,,,,,,,,,,,,,,
충청권,충북,제천시,세명대,자연,한의예과,한의예과,유지,유지,,,,,,,,,,SMU의료인재,,1.7,,,,96.15,국수영탐(2),2/2,,,,,,,,,,,,,,,,,,,,,
서울,서울,관악구,서울대,인문,사회복지학과,사회복지학과,유지,유지,,,,,,,,,,일반,2.31,1.73,지역균형,1.32,1.22,96.0666,국수탐(2),2/2,,,,,,,,,,,,,,,,,,,,,
서울,서울,성북구,고려대,인문,보건정책관리학부,보건정책관리학부,유지,유지,학교추천,1.58,1.53,,,,,,,계열적합,3.17,2.83,학업우수,2.13,1.97,96,국수탐(2),3/3,,,,,,,,,,,,,,,,,,,,,
서울,서울,성북구,고려대,인문,학부대학,,신설,유지,,,,,,,,,,,,,,,,96,국수탐(2),2/1,,,,,,,,,,,,,,,,,,,,,
경인권,경기,성남시,을지대,자연,간호학과,간호학과,유지,유지,지역균형,2.22,2.19,,,,,,,EU미래인재,2.7,2.57,EU자기추천,2.8,2.8,96,국수영탐(2) 중 2개,2/2,,,,,,,,,,,,,,,,,,,,,
제주권,제주,제주시,제주대,자연,수의예과,수의예과,유지,유지,일반학생,1.36,1.35,,,,,,,일반학생,,1.64,,,,96,국수영탐(2),1/2,,,,,,,,,,,,,,,,,,,,,
경인권,경기,안산시,한양대(ERICA),자연,약학과,약학과,유지,유지,지역균형선발,1.1,1.1,,,,,,,서류형,1.99,1.6,,,,95.94118,국수영탐(2),2/2,,,,,,,,,,,,,,,,,,,,,
서울,서울,서대문구,연세대,자연,디스플레이융합공학과,디스플레이융합공학과,,,추천형,,,,,,,,,활동우수형,2.04,2,,,,95.9375,국수영탐(2),2/2,,,,,,,,,,,,,,,,,,,,,
서울,서울,관악구,서울대,자연,수학교육과,수학교육과,유지,유지,,,,,,,,,,일반,2.04,1.91,지역균형,1.1,1.1,95.9334,국수탐(2),2/1,,,,,,,,,,,,,,,,,,,,,
서울,서울,관악구,서울대,인문,국어교육과,국어교육과,유지,유지,,,,,,,,,,일반,1.55,1.5,지역균형,1.14,1.14,95.9332,국수탐(2),2/2,,,,,,,,,,,,,,,,,,,,,
서울,서울,관악구,서울대,자연,의류학과,의류학과,유지,유지,,,,,,,,,,일반,2.29,2.22,지역균형,1.9,1.72,95.9332,국수탐(2),2/2,,,,,,,,,,,,,,,,,,,,,
서울,서울,관악구,서울대,자연,건축학과,건축학과,유지,유지,,,,,,,,,,일반,2.08,1.99,지역균형,1.32,1.28,95.93295,국수탐(2),1/3,,,,,,,,,,,,,,,,,,,,,
전라권,전북,전주시,전북대,자연,치의예과,치의예과,유지,유지,일반학생,1.03,1.03,,,,,,,큰사람,,,,,,95.85,국수탐(2),1/1,,,,,,,,,,,,,,,,,,,,,
서울,서울,성북구,고려대,자연,건축사회환경공학부,건축사회환경공학부,유지,유지,학교추천,1.55,1.54,,,,,,,계열적합,2.77,2.74,학업우수,2.2,2.09,95.83333,국수탐(2),2/1,,,,,,,,,,,,,,,,,,,,,
경상권,부산,부산진구,동의대,자연,한의예과,한의예과,유지,유지,일반고교과,1.11,1.1,,,,,,,학교생활우수자(면접),1.83,1.83,,,,95.83333,국수영탐(2),1/1,,,,,,,,,,,,,,,,,,,,,
전라권,전북,익산시,원광대,자연,한의예과(인문),한의예과(인문),유지,유지,,,,,,,,,,학생부종합,1.28,1.28,,,,95.83333,국수영탐(2),1/2,,,,,,,,,,,,,,,,,,,,,
서울,서울,성동구,한양대,자연,건설환경공학과,건설환경공학과,유지,유지,추천형,1.66,1.63,,,,,,,서류형,2.95,1.84,,,,95.83333,국수영탐(2),4/1,,,,,,,,,,,,,,,,,,,,,
서울,서울,관악구,서울대,인문,윤리교육과,윤리교육과,유지,유지,,,,,,,,,,일반,2.04,1.42,지역균형,,,95.8001,국수탐(2),2/1,,,,,,,,,,,,,,,,,,,,,
경인권,경기,수원시,성균관대,자연,지능형소프트웨어학과,지능형소프트웨어학과,유지,유지,,,,,,,,,,과학인재,4.98,4.88,탐구형,3.52,2.82,95.77778,국수영탐(2),2/2,,,,,,,,,,,,,,,,,,,,,
전라권,광주,북구,전남대,자연,수의예과,수의예과,유지,유지,일반,1.28,1.25,,,,,,,고교생활우수자Ⅰ,1.75,1.58,,,,95.75,국수탐(2),1/1,,,,,,,,,,,,,,,,,,,,,
서울,서울,관악구,서울대,자연,식품•동물생명공학부,식품•동물생명공학부,유지,유지,,,,,,,,,,일반,1.8,1.67,지역균형,1.48,1.43,95.73315,국수탐(2),1/1,,,,,,,,,,,,,,,,,,,,,
서울,서울,관악구,서울대,자연,응용생물화학부,응용생물화학부,유지,유지,,,,,,,,,,일반,2.84,2.49,지역균형,1.23,1.19,95.73315,국수탐(2),1/1,,,,,,,,,,,,,,,,,,,,,
서울,서울,관악구,서울대,자연,조경•지역시스템공학부,조경•지역시스템공학부,유지,유지,,,,,,,,,,일반,2.35,2.05,지역균형,1.46,1.42,95.73315,국수탐(2),1/1,,,,,,,,,,,,,,,,,,,,,
전라권,전북,익산시,원광대,자연,한의예과(자연),한의예과,유지,유지,,,,,,,,,,학생부종합,1.56,1.41,,,,95.66667,국수영탐(2),1/1,,,,,,,,,,,,,,,,,,,,,
서울,서울,관악구,서울대,인문,사회학과,사회학과,유지,유지,,,,,,,,,,일반,2.05,1.9,지역균형,1.12,1.09,95.6663,국수탐(2),2/1,,,,,,,,,,,,,,,,,,,,,
서울,서울,관악구,서울대,인문,심리학과,심리학과,유지,유지,,,,,,,,,,일반,2.07,1.9,지역균형,1.26,1.09,95.6663,국수탐(2),2/1,,,,,,,,,,,,,,,,,,,,,
서울,서울,관악구,서울대,인문,영어교육과,영어교육과,유지,유지,,,,,,,,,,일반,1.81,1.66,지역균형,1.13,1.13,95.6663,국수탐(2),2/1,,,,,,,,,,,,,,,,,,,,,
전라권,전북,전주시,전북대,자연,약학과,약학과,유지,유지,일반학생,1.03,1.03,,,,,,,큰사람,,,,,,95.65,국수탐(2),1/1,,,,,,,,,,,,,,,,,,,,,
충청권,충남,천안시,단국대(천안),자연,약학과,약학과,유지,유지,,,,,,,,,,DKU인재-면접형,1.4,1.39,,,,95.64706,국수영탐(2),1/1,,,,,,,,,,,,,,,,,,,,,
제주권,제주,제주시,제주대,자연,약학과,약학과,유지,유지,일반학생,1.2,1.17,,,,,,,일반학생,1.54,1.45,,,,95.63,국수영탐(2),1/2,,,,,,,,,,,,,,,,,,,,,
경상권,대구,달서구,계명대,자연,약학부,약학부,유지,유지,면접,1.37,1.36,일반,1.34,1.34,,,,,,,,,,95.625,국수영탐(2),1/-,,,,,,,,,,,,,,,,,,,,,
서울,서울,서대문구,연세대,자연,시스템반도체공학과,시스템반도체공학과,,,추천형,1.2,1.15,,,,,,,활동우수형,2.15,1.91,,,,95.625,국수영탐(2),2/2,,,,,,,,,,,,,,,,,,,,,
경인권,경기,포천시,차의과학대,자연,약학대학,약학대학,유지,유지,CHA학생부교과,1.32,1.3,지역균형선발,1.2,1.2,,,,CHA학생부종합,,,,,,95.5625,국수영탐(2),2/-,,,,,,,,,,,,,,,,,,,,,
서울,서울,노원구,서울과기대,예체능,디자인학과(시각디자인전공),디자인학과(시각디자인전공),유지,유지,,,,,,,,,,학교생활우수자,1.85,1.56,,,,95.53333,국영탐(2),2/1,,,,,,,,,,,,,,,,,,,,,
서울,서울,관악구,서울대,자연,식품영양학과,식품영양학과,유지,유지,,,,,,,,,,일반,1.76,1.58,지역균형,,,95.4663,국수탐(2),1/1,,,,,,,,,,,,,,,,,,,,,
서울,서울,관악구,서울대,자연,지구과학교육과,지구과학교육과,유지,유지,,,,,,,,,,일반,2.24,1.61,지역균형,,,95.4663,국수탐(2),1/1,,,,,,,,,,,,,,,,,,,,,
전라권,전북,전주시,전북대,자연,수의예과,수의예과,유지,유지,일반학생,1.24,1.21,,,,,,,큰사람,1.54,1.36,,,,95.45,국수탐(2),1/1,,,,,,,,,,,,,,,,,,,,,
서울,서울,성북구,고려대,인문,국어국문학과,국어국문학과,유지,유지,학교추천,1.53,1.48,,,,,,,계열적합,3.15,2.92,학업우수,2.64,2.54,95.33333,국수탐(2),2/1,,,,,,,,,,,,,,,,,,,,,
서울,서울,관악구,서울대,자연,기계공학부,기계공학부,유지,유지,,,,,,,,,,일반,2.5,1.97,지역균형,1.3,1.25,95.33295,국수탐(2),1/1,,,,,,,,,,,,,,,,,,,,,
서울,서울,관악구,서울대,인문,사회교육과,사회교육과,유지,유지,,,,,,,,,,일반,1.5,1.49,지역균형,1.31,1.2,95.26695,국수탐(2),2/1,,,,,,,,,,,,,,,,,,,,,
서울,서울,관악구,서울대,인문,농경제사회학부,농경제사회학부,유지,유지,,,,,,,,,,일반,2.75,2.6,지역균형,1.23,1.23,95.2667,국수탐(2),2/1,,,,,,,,,,,,,,,,,,,,,
서울,서울,관악구,서울대,자연,산림과학부,산림과학부,유지,유지,,,,,,,,,,일반,2.52,1.89,지역균형,1.53,1.44,95.2667,국수탐(2),2/1,,,,,,,,,,,,,,,,,,,,,
서울,서울,관악구,서울대,자연,식물생산과학부,식물생산과학부,유지,유지,,,,,,,,,,일반,2.76,1.89,지역균형,1.34,1.33,95.2667,국수탐(2),2/1,,,,,,,,,,,,,,,,,,,,,
서울,서울,서대문구,연세대,자연,지구시스템과학과,지구시스템과학과,,,추천형,1.39,1.39,,,,,,,활동우수형,2.16,2.07,,,,95.25,국수영탐(2),2/1,,,,,,,,,,,,,,,,,,,,,
서울,서울,마포구,서강대,자연,생명과학과,생명과학과,유지,유지,지역균형,1.45,1.39,,,,,,,일반,3.66,3.18,,,,95.2,국수탐(2),1/1,,,,,,,,,,,,,,,,,,,,,
서울,서울,성북구,고려대,자연,건축학과,건축학과,유지,유지,학교추천,1.47,1.43,,,,,,,계열적합,2.95,2.72,학업우수,2.3,2.21,95.16667,국수탐(2),2/1,,,,,,,,,,,,,,,,,,,,,
서울,서울,성북구,고려대,인문,경제학과,경제학과,유지,유지,학교추천,1.52,1.47,,,,,,,계열적합,2.62,2.48,학업우수,2.64,2.13,95.16667,국수탐(2),2/1,,,,,,,,,,,,,,,,,,,,,
서울,서울,성북구,고려대,자연,보건환경융합과학부,보건환경융합과학부,유지,유지,학교추천,1.36,1.35,,,,,,,계열적합,4.51,3.2,학업우수,1.9,1.76,95.16667,국수탐(2),2/1,,,,,,,,,,,,,,,,,,,,,
서울,서울,성북구,고려대,자연,산업경영공학부,산업경영공학부,유지,유지,학교추천,1.39,1.38,,,,,,,계열적합,3.73,3.68,학업우수,1.92,1.88,95.16667,국수탐(2),1/1,,,,,,,,,,,,,,,,,,,,,
서울,서울,성북구,고려대,자연,생명과학부,생명과학부,유지,유지,학교추천,1.3,1.26,,,,,,,계열적합,2.5,2.18,학업우수,1.91,1.75,95.16667,국수탐(2),1/1,,,,,,,,,,,,,,,,,,,,,
서울,서울,성북구,고려대,인문,영어영문학과,영어영문학과,유지,유지,학교추천,1.54,1.52,,,,,,,계열적합,2.56,2.34,학업우수,2.86,2.41,95.16667,국수탐(2),2/1,,,,,,,,,,,,,,,,,,,,,
서울,서울,성북구,고려대,자연,차세대통신학과,차세대통신학과,유지,유지,,,,,,,,,,계열적합,4.14,4.08,학업우수,2.39,2.26,95.16667,국수탐(2),2/1,,,,,,,,,,,,,,,,,,,,,
서울,서울,성북구,고려대,자연,화학과,화학과,유지,유지,학교추천,1.36,1.32,,,,,,,계열적합,3.88,3.74,학업우수,1.9,1.76,95.16667,국수탐(2),2/2,,,,,,,,,,,,,,,,,,,,,
경상권,경남,김해시,인제대,자연,약학과,약학과,유지,유지,"의예,약학",1.25,1.2,,,,,,,,,,,,,95.16667,국수영탐(2),1/1,,,,,,,,,,,,,,,,,,,,,
경인권,경기,수원시,성균관대,자연,에너지학과,에너지학과,유지,유지,학교장추천,1.66,1.66,,,,,,,과학인재,5.85,5.44,탐구형,5.2,5.07,95.09066,국수영탐(1),2/4,,,,,,,,,,,,,,,,,,,,,
서울,서울,관악구,서울대,인문,언론정보학과,언론정보학과,유지,유지,,,,,,,,,,일반,1.9,1.41,,,,95.0667,국수탐(2),2/1,,,,,,,,,,,,,,,,,,,,,
서울,서울,관악구,서울대,인문,인류학과,인류학과,유지,유지,,,,,,,,,,일반,2.28,2.08,,,,95.0667,국수탐(2),2/1,,,,,,,,,,,,,,,,,,,,,
서울,서울,관악구,서울대,인문,인문계열,인문계열,유지,유지,,,,,,,,,,지역균형,1.4,1.33,,,,95.0667,국수탐(2),2/1,,,,,,,,,,,,,,,,,,,,,
서울,서울,관악구,서울대,인문,정치외교학부,정치외교학부,유지,유지,,,,,,,,,,일반,2.02,1.73,지역균형,1.21,1.11,95.0667,국수탐(2),2/1,,,,,,,,,,,,,,,,,,,,,
서울,서울,용산구,숙명여대,자연,약학부,약학부,유지,유지,지역균형선발,1.07,1.06,,,,,,,숙명인재(면접형),1.76,1.4,,,,95.0625,국수영탐(2),1/-,,,,,,,,,,,,,,,,,,,,,
경인권,경기,수원시,성균관대,자연,소프트웨어학과,소프트웨어학과,유지,유지,학교장추천,1.55,1.51,,,,,,,과학인재,5.13,4.97,탐구형,3.53,2.66,95.05556,국수영탐(2),2/2,,,,,,,,,,,,,,,,,,,,,
서울,서울,성동구,한양대,인문,정보시스템학과(상경),정보시스템학과(상경),유지,유지,추천형,1.75,1.61,,,,,,,서류형,2.64,1.84,,,,95.05556,국수영탐(2),2/1,,,,,,,,,,,,,,,,,,,,,
서울,서울,성북구,고려대,인문,경영대학,경영대학,유지,유지,학교추천,1.36,1.29,,,,,,,계열적합,2.43,2.05,학업우수,2.54,2.26,95,국수탐(2),3/1,,,,,,,,,,,,,,,,,,,,,
서울,서울,성북구,고려대,자연,스마트모빌리티학부,스마트모빌리티학부,유지,유지,,,,,,,,,,계열적합,3.78,3.64,,,,95,국수탐(2),2/1,,,,,,,,,,,,,,,,,,,,,
서울,서울,성북구,고려대,자연,스마트보안학부,스마트보안학부,유지,유지,학교추천,1.49,1.41,,,,,,,계열적합,2.33,2.18,학업우수,2.49,2.16,95,국수탐(2),2/2,,,,,,,,,,,,,,,,,,,,,
서울,서울,성북구,고려대,자연,인공지능학과,인공지능학과,유지,유지,학교추천,1.37,1.35,,,,,,,계열적합,3.58,3.29,학업우수,2,1.86,95,국수탐(2),2/2,,,,,,,,,,,,,,,,,,,,,
서울,서울,성북구,고려대,인문,한문학과,한문학과,유지,유지,학교추천,1.62,1.61,,,,,,,계열적합,,,학업우수,2.1,2.07,95,국수탐(2),3/1,,,,,,,,,,,,,,,,,,,,,
경인권,인천,연수구,연세대,자연,지능형반도체전공,지능형반도체전공,,,추천형,1.48,1.43,,,,,,,활동우수형,1.72,1.64,,,,95,국수영탐(2),2/2,,,,,,,,,,,,,,,,,,,,,
경인권,경기,수원시,아주대,자연,약학과,약학과,,,,,,,,,,,,ACE,1.57,1.45,,,,94.94118,국수영탐(2),1/2,,,,,,,,,,,,,,,,,,,,,
서울,서울,서대문구,연세대,자연,첨단컴퓨팅학부,첨단컴퓨팅학부,,,추천형,1.18,1.16,,,,,,,활동우수형,1.67,1.63,,,,94.875,국수영탐(2),2/2,,,,,,,,,,,,,,,,,,,,,
서울,서울,성북구,고려대,자연,가정교육과,가정교육과,유지,유지,학교추천,1.75,1.7,,,,,,,계열적합,2.9,2.43,학업우수,2.23,2.07,94.83333,국수탐(2),2/1,,,,,,,,,,,,,,,,,,,,,
서울,서울,성북구,고려대,자연,간호대학,간호대학,유지,유지,학교추천,1.49,1.43,,,,,,,계열적합,2.47,2.33,학업우수,2.06,1.75,94.83333,국수탐(2),2/1,,,,,,,,,,,,,,,,,,,,,
서울,서울,성북구,고려대,자연,건축사회환경공학부,건축사회환경공학부,유지,유지,학교추천,1.55,1.54,,,,,,,계열적합,2.77,2.74,학업우수,2.2,2.09,94.83333,국수탐(2),2/3,,,,,,,,,,,,,,,,,,,,,
서울,서울,성북구,고려대,인문,경영대학,경영대학,유지,유지,학교추천,1.36,1.29,,,,,,,계열적합,2.43,2.05,학업우수,2.54,2.26,94.83333,국수탐(2),1/3,,,,,,,,,,,,,,,,,,,,,
서울,서울,성북구,고려대,자연,데이터과학과,데이터과학과,유지,유지,학교추천,1.39,1.38,,,,,,,계열적합,3.77,2.7,학업우수,2.39,2.16,94.83333,국수탐(2),1/3,,,,,,,,,,,,,,,,,,,,,
서울,서울,성북구,고려대,자연,데이터과학과,데이터과학과,유지,유지,학교추천,1.39,1.38,,,,,,,계열적합,3.77,2.7,학업우수,2.39,2.16,94.83333,국수탐(2),2/3,,,,,,,,,,,,,,,,,,,,,
서울,서울,성북구,고려대,인문,독어독문학과,독어독문학과,유지,유지,학교추천,1.66,1.62,,,,,,,계열적합,2.31,2.24,학업우수,3.17,2.78,94.83333,국수탐(2),2/1,,,,,,,,,,,,,,,,,,,,,
서울,서울,성북구,고려대,자연,물리학과,물리학과,유지,유지,학교추천,1.5,1.48,,,,,,,계열적합,,,학업우수,1.97,1.94,94.83333,국수탐(2),2/1,,,,,,,,,,,,,,,,,,,,,
서울,서울,성북구,고려대,인문,미디어학부,미디어학부,유지,유지,학교추천,1.31,1.26,,,,,,,계열적합,2.11,2.01,학업우수,2.02,1.78,94.83333,국수탐(2),3/1,,,,,,,,,,,,,,,,,,,,,
서울,서울,성북구,고려대,자연,사이버국방학과,사이버국방학과,유지,유지,,,,,,,,,,사이버국방,2.57,2.34,,,,94.83333,국수탐(2),2/1,,,,,,,,,,,,,,,,,,,,,
서울,서울,성북구,고려대,인문,사회학과,사회학과,유지,유지,학교추천,1.47,1.44,,,,,,,계열적합,2.49,2.35,학업우수,1.93,1.78,94.83333,국수탐(2),2/1,,,,,,,,,,,,,,,,,,,,,
서울,서울,성북구,고려대,자연,생명공학부,생명공학부,유지,유지,학교추천,1.27,1.25,,,,,,,계열적합,2.11,2.01,학업우수,1.99,1.67,94.83333,국수탐(2),2/1,,,,,,,,,,,,,,,,,,,,,
서울,서울,성북구,고려대,자연,수학과,수학과,유지,유지,학교추천,1.4,1.39,,,,,,,계열적합,4.06,3.09,학업우수,2.01,1.78,94.83333,국수탐(2),2/2,,,,,,,,,,,,,,,,,,,,,
서울,서울,성북구,고려대,자연,수학교육과,수학교육과,유지,유지,학교추천,1.37,1.34,,,,,,,계열적합,2.04,1.89,학업우수,1.74,1.67,94.83333,국수탐(2),2/2,,,,,,,,,,,,,,,,,,,,,
서울,서울,성북구,고려대,자연,식품공학과,식품공학과,유지,유지,학교추천,1.43,1.42,,,,,,,계열적합,3.09,2.63,학업우수,1.96,1.65,94.83333,국수탐(2),2/2,,,,,,,,,,,,,,,,,,,,,
서울,서울,성북구,고려대,인문,자유전공학부,자유전공학부,유지,유지,학교추천,1.39,1.36,,,,,,,학업우수,2.27,1.9,,,,94.83333,국수탐(2),2/1,,,,,,,,,,,,,,,,,,,,,
서울,서울,성북구,고려대,자연,전기전자공학부,전기전자공학부,유지,유지,학교추천,1.34,1.32,,,,,,,계열적합,2.06,1.75,학업우수,1.96,1.81,94.83333,국수탐(2),2/2,,,,,,,,,,,,,,,,,,,,,
서울,서울,성북구,고려대,인문,중어중문학과,중어중문학과,유지,유지,학교추천,1.66,1.65,,,,,,,계열적합,2.66,2.59,학업우수,2.54,2.19,94.83333,국수탐(2),2/1,,,,,,,,,,,,,,,,,,,,,
서울,서울,성북구,고려대,인문,행정학과,행정학과,유지,유지,학교추천,1.35,1.33,,,,,,,계열적합,2.77,2.14,학업우수,2.12,1.81,94.83333,국수탐(2),2/1,,,,,,,,,,,,,,,,,,,,,
서울,서울,성북구,고려대,자연,화학과,화학과,유지,유지,학교추천,1.36,1.32,,,,,,,계열적합,3.88,3.74,학업우수,1.9,1.76,94.83333,국수탐(2),2/1,,,,,,,,,,,,,,,,,,,,,
서울,서울,서대문구,연세대,자연,산업공학과,산업공학과,,,추천형,1.29,1.24,,,,,,,활동우수형,1.65,1.56,,,,94.8125,국수영탐(2),2/1,,,,,,,,,,,,,,,,,,,,,
서울,서울,관악구,서울대,인문,경제학부,경제학부,유지,유지,,,,,,,,,,일반,2.03,1.84,지역균형,1.11,1.09,94.7995,국수탐(2),2/1,,,,,,,,,,,,,,,,,,,,,
서울,서울,종로구,성균관대,인문,글로벌융합학부,글로벌융합학부,변경,유지,학교장추천,1.61,1.48,,,,,,,융합형,2.88,2.34,,,,94.77778,국수영탐(2),2/3,,,,,,,,,,,,,,,,,,,,,
서울,서울,종로구,성균관대,자연,수학교육과,수학교육과,유지,유지,학교장추천,1.74,1.65,,,,,,,탐구형,2.65,2.19,,,,94.77778,국수영탐(2),2/1,,,,,,,,,,,,,,,,,,,,,
서울,서울,서대문구,연세대,자연,대기과학과,대기과학과,,,추천형,1.46,1.44,,,,,,,활동우수형,1.72,1.69,,,,94.75,국수영탐(2),1/1,,,,,,,,,,,,,,,,,,,,,
서울,서울,서대문구,연세대,자연,전기전자공학부,전기전자공학부,,,추천형,1.26,1.2,,,,,,,활동우수형,1.73,1.59,,,,94.75,국수영탐(2),2/2,,,,,,,,,,,,,,,,,,,,,
충청권,대전,유성구,충남대,자연,약학과,약학과,유지,유지,일반,1.41,1.38,,,,,,,학생부종합Ⅰ,1.54,1.53,학생부종합Ⅰ[서류],1.52,1.51,94.75,국수탐(2),1/1,,,,,,,,,,,,,,,,,,,,,
서울,서울,노원구,서울과기대,인문,문예창작학과,문예창작학과,유지,유지,,,,,,,,,,학교생활우수자,3.29,3.01,,,,94.71429,"수탐(2) 중 1개, 국영",2/1,,,,,,,,,,,,,,,,,,,,,
서울,서울,마포구,서강대,자연,기계공학과,기계공학과,유지,유지,지역균형,1.49,1.41,,,,,,,일반,3.73,3.47,,,,94.7,국수탐(2),1/1,,,,,,,,,,,,,,,,,,,,,
서울,서울,성북구,고려대,자연,보건환경융합과학부,보건환경융합과학부,유지,유지,학교추천,1.36,1.35,,,,,,,계열적합,4.51,3.2,학업우수,1.9,1.76,94.66667,국수탐(2),2/3,,,,,,,,,,,,,,,,,,,,,
서울,서울,성북구,고려대,자연,수학교육과,수학교육과,유지,유지,학교추천,1.37,1.34,,,,,,,계열적합,2.04,1.89,학업우수,1.74,1.67,94.66667,국수탐(2),2/3,,,,,,,,,,,,,,,,,,,,,
서울,서울,성북구,고려대,자연,지구환경과학과,지구환경과학과,유지,유지,학교추천,1.49,1.48,,,,,,,계열적합,4.42,4.24,학업우수,2.05,2.02,94.66667,국수탐(2),2/1,,,,,,,,,,,,,,,,,,,,,
서울,서울,성북구,고려대,인문,통계학과,통계학과,유지,유지,학교추천,1.49,1.48,,,,,,,계열적합,3.04,2.62,학업우수,2.36,1.94,94.66667,국수탐(2),2/3,,,,,,,,,,,,,,,,,,,,,
서울,서울,성북구,고려대,자연,환경생태공학부,환경생태공학부,유지,유지,학교추천,1.45,1.43,,,,,,,계열적합,2.24,2.01,학업우수,2.12,1.89,94.66667,국수탐(2),2/3,,,,,,,,,,,,,,,,,,,,,
서울,서울,종로구,성균관대,자연,수학교육과,수학교육과,유지,유지,학교장추천,1.74,1.65,,,,,,,탐구형,2.65,2.19,,,,94.66667,국수영탐(2),2/1,,,,,,,,,,,,,,,,,,,,,
전라권,전북,익산시,원광대,자연,약학과(6년제),약학과(6년제),유지,유지,,,,,,,,,,학생부종합,1.52,1.45,,,,94.66667,국수영탐(2),1/1,,,,,,,,,,,,,,,,,,,,,
서울,서울,성북구,고려대,자연,컴퓨터학과,컴퓨터학과,유지,유지,학교추천,1.26,1.25,,,,,,,계열적합,3.29,2.78,학업우수,1.99,1.82,94.66667,국수탐(2),2/2,,,,,,,,,,,,,,,,,,,,,
경인권,경기,수원시,성균관대,자연,글로벌바이오메디컬공학과,,신설,유지,,,,,,,,,,,,,,,,94.63605,국수영탐(1),1/1,,,,,,,,,,,,,,,,,,,,,
경인권,경기,수원시,성균관대,자연,글로벌바이오메디컬공학과,글로벌바이오메디컬공학과,유지,유지,,,,,,,,,,과학인재,4.86,4.65,탐구형,3.35,2.56,94.63605,국수영탐(1),1/1,,,,,,,,,,,,,,,,,,,,,
서울,서울,서대문구,연세대,자연,화학과,화학과,,,추천형,1.3,1.27,,,,,,,활동우수형,1.76,1.69,,,,94.625,국수영탐(2),1/1,,,,,,,,,,,,,,,,,,,,,
충청권,충북,청주시,충북대,자연,제약학과,제약학과,유지,유지,학생부교과,,,,,,,,,학생부종합Ⅰ,,,학생부종합Ⅱ,,,94.5625,국수영탐(2),-/-,,,,,,,,,,,,,,,,,,,,,
전라권,광주,북구,전남대,자연,약학부,약학부,유지,유지,일반,1.12,1.1,,,,,,,고교생활우수자Ⅰ,1.41,1.39,,,,94.55,국수탐(2),2/2,,,,,,,,,,,,,,,,,,,,,
서울,서울,관악구,서울대,인문,소비자아동학부(아동가족학전공),소비자아동학부(아동가족학전공),유지,유지,,,,,,,,,,일반,2.2,1.92,지역균형,1.44,1.44,94.53345,국수탐(2),1/2,,,,,,,,,,,,,,,,,,,,,
서울,서울,성북구,고려대,자연,건축학과,건축학과,유지,유지,학교추천,1.47,1.43,,,,,,,계열적합,2.95,2.72,학업우수,2.3,2.21,94.5,국수탐(2),2/3,,,,,,,,,,,,,,,,,,,,,
서울,서울,성북구,고려대,인문,교육학과,교육학과,유지,유지,학교추천,1.6,1.4,,,,,,,계열적합,1.88,1.74,학업우수,1.86,1.79,94.5,국수탐(2),2/1,,,,,,,,,,,,,,,,,,,,,
서울,서울,성북구,고려대,자연,바이오의공학부,바이오의공학부,유지,유지,학교추천,1.41,1.4,,,,,,,계열적합,2.55,2.25,학업우수,2.37,2.01,94.5,국수탐(2),2/1,,,,,,,,,,,,,,,,,,,,,
서울,서울,성북구,고려대,인문,보건정책관리학부,보건정책관리학부,유지,유지,학교추천,1.58,1.53,,,,,,,계열적합,3.17,2.83,학업우수,2.13,1.97,94.5,국수탐(2),2/1,,,,,,,,,,,,,,,,,,,,,
서울,서울,성북구,고려대,자연,신소재공학부,신소재공학부,유지,유지,학교추천,1.43,1.4,,,,,,,계열적합,2.9,2.52,학업우수,2.04,1.81,94.5,국수탐(2),2/1,,,,,,,,,,,,,,,,,,,,,
서울,서울,성북구,고려대,인문,영어교육과,영어교육과,유지,유지,학교추천,1.4,1.36,,,,,,,계열적합,2.59,2.53,학업우수,2.86,2.68,94.5,국수탐(2),2/1,,,,,,,,,,,,,,,,,,,,,
서울,서울,성북구,고려대,인문,학부대학,,신설,유지,,,,,,,,,,,,,,,,94.5,국수탐(2),2/1,,,,,,,,,,,,,,,,,,,,,
서울,서울,성북구,고려대,인문,한국사학과,한국사학과,유지,유지,학교추천,1.55,1.54,,,,,,,계열적합,,,학업우수,2.28,2.07,94.5,국수탐(2),2/1,,,,,,,,,,,,,,,,,,,,,
경인권,경기,성남시,을지대,자연,방사선학과,방사선학과,유지,유지,지역균형,2.6,2.59,,,,,,,EU미래인재,2.98,2.99,EU자기추천,3.21,3.13,94.5,국수영탐(2) 중 2개,2/4,,,,,,,,,,,,,,,,,,,,,
서울,서울,성동구,한양대,자연,화학공학과,화학공학과,유지,유지,추천형,1.34,1.31,,,,,,,서류형,1.87,1.66,추천형,1.34,1.31,94.5,국수영탐(2),2/2,,,,,,,,,,,,,,,,,,,,,
서울,서울,관악구,서울대,예체능,체육교육과,체육교육과,유지,유지,,,,,,,,,,일반,,,지역균형,,,94.46685,국수탐(2),2/2,,,,,,,,,,,,,,,,,,,,,
서울,서울,관악구,서울대,자연,생물교육과,생물교육과,유지,유지,,,,,,,,,,일반,2.13,2.13,지역균형,1.26,1.26,94.46665,국수탐(2),1/1,,,,,,,,,,,,,,,,,,,,,
서울,서울,마포구,서강대,자연,인공지능학과,인공지능학과,유지,유지,지역균형,,,,,,,,,일반,2.84,2.1,,,,94.4666,국수탐(2),1/1,,,,,,,,,,,,,,,,,,,,,
서울,서울,마포구,서강대,자연,전자공학과,전자공학과,유지,유지,지역균형,1.46,1.29,,,,,,,일반,4.28,3.98,,,,94.4666,국수탐(2),1/1,,,,,,,,,,,,,,,,,,,,,
서울,서울,마포구,서강대,자연,화학과,화학과,유지,유지,지역균형,1.45,1.4,,,,,,,일반,4.06,3.36,,,,94.4666,국수탐(2),1/1,,,,,,,,,,,,,,,,,,,,,
서울,서울,종로구,성균관대,인문,글로벌융합학부,글로벌융합학부,변경,유지,학교장추천,1.61,1.48,,,,,,,융합형,2.88,2.34,,,,94.44444,국수영탐(2),2/3,,,,,,,,,,,,,,,,,,,,,
서울,서울,서대문구,연세대,인문,경영학과,경영학과,,,추천형,1.27,1.22,,,,,,,활동우수형,1.91,1.73,,,,94.42857,국수영탐(2),1/2,,,,,,,,,,,,,,,,,,,,,
서울,서울,서대문구,연세대,공통,의류환경학과,의류환경학과,,,추천형,1.64,1.64,,,,,,,활동우수형,1.99,1.84,,,,94.39938,국수영탐(2),1/2,,,,,,,,,,,,,,,,,,,,,
서울,서울,성동구,한양대,자연,컴퓨터소프트웨어학부,컴퓨터소프트웨어학부,유지,유지,추천형,1.34,1.28,,,,,,,서류형,3.17,2.46,추천형,1.34,1.28,94.38889,국수영탐(2),2/1,,,,,,,,,,,,,,,,,,,,,
경인권,인천,연수구,연세대,자연,IT융합공학전공,IT융합공학전공,,,추천형,1.21,1.21,,,,,,,활동우수형,1.81,1.78,,,,94.375,국수영탐(2),2/1,,,,,,,,,,,,,,,,,,,,,
서울,서울,서대문구,연세대,자연,화공생명공학부,화공생명공학부,,,추천형,1.18,1.17,,,,,,,활동우수형,1.76,1.59,,,,94.375,국수영탐(2),2/2,,,,,,,,,,,,,,,,,,,,,
서울,서울,마포구,서강대,인문,경영학부,경영학부,유지,유지,지역균형,1.5,1.48,,,,,,,일반,3.68,3.2,,,,94.3667,국수탐(2),1/1,,,,,,,,,,,,,,,,,,,,,
서울,서울,마포구,서강대,인문,경제학과,경제학과,유지,유지,지역균형,1.63,1.52,,,,,,,일반,5.5,4.42,,,,94.3334,국수탐(2),1/1,,,,,,,,,,,,,,,,,,,,,
서울,서울,관악구,서울대,자연,조선해양공학과,조선해양공학과,유지,유지,,,,,,,,,,일반,3.48,2.71,지역균형,1.54,1.52,94.3328,국수탐(2),2/2,,,,,,,,,,,,,,,,,,,,,
서울,서울,마포구,서강대,자연,수학과,수학과,유지,유지,지역균형,1.52,1.51,,,,,,,일반,2.65,2.48,,,,94.2999,국수탐(2),2/1,,,,,,,,,,,,,,,,,,,,,
서울,서울,서대문구,연세대,자연,천문우주학과,천문우주학과,,,추천형,1.34,1.33,,,,,,,활동우수형,1.67,1.59,,,,94.25,국수영탐(2),1/2,,,,,,,,,,,,,,,,,,,,,
전라권,전북,완주군,우석대,자연,한의예과,한의예과,,,교과중심,1.14,1.12,,,,,,,,,,,,,94.25,국수영탐(2),2/2,,,,,,,,,,,,,,,,,,,,,
경인권,경기,수원시,성균관대,자연,소프트웨어학과,소프트웨어학과,유지,유지,학교장추천,1.55,1.51,,,,,,,과학인재,5.13,4.97,탐구형,3.53,2.66,94.22222,국수영탐(2),2/2,,,,,,,,,,,,,,,,,,,,,
서울,서울,종로구,성균관대,공통,자유전공계열,자유전공계열,유지,유지,학교장추천,1.69,1.65,,,,,,,탐구형,3.5,3.14,,,,94.22222,국수영탐(2),1/3,,,,,,,,,,,,,,,,,,,,,
서울,서울,마포구,서강대,인문,유럽문화학과,유럽문화학과,유지,유지,지역균형,1.67,1.67,,,,,,,일반,3.53,3.28,,,,94.1999,국수탐(2),1/1,,,,,,,,,,,,,,,,,,,,,
서울,서울,성북구,고려대,자연,생명공학부,생명공학부,유지,유지,학교추천,1.27,1.25,,,,,,,계열적합,2.11,2.01,학업우수,1.99,1.67,94.16667,국수탐(2),1/1,,,,,,,,,,,,,,,,,,,,,
서울,서울,성북구,고려대,자연,융합에너지공학과,융합에너지공학과,유지,유지,학교추천,1.4,1.38,,,,,,,계열적합,,,학업우수,1.92,1.76,94.16667,국수탐(2),1/1,,,,,,,,,,,,,,,,,,,,,
서울,서울,성북구,고려대,자연,전기전자공학부,전기전자공학부,유지,유지,학교추천,1.34,1.32,,,,,,,계열적합,2.06,1.75,학업우수,1.96,1.81,94.16667,국수탐(2),2/2,,,,,,,,,,,,,,,,,,,,,
서울,서울,성북구,고려대,자연,화공생명공학과,화공생명공학과,유지,유지,학교추천,1.28,1.24,,,,,,,계열적합,,,학업우수,1.95,1.7,94.16667,국수탐(2),1/1,,,,,,,,,,,,,,,,,,,,,
서울,서울,마포구,서강대,자연,물리학과,물리학과,유지,유지,지역균형,1.63,1.63,,,,,,,일반,3.75,3.48,,,,94.1666,국수탐(2),1/1,,,,,,,,,,,,,,,,,,,,,
경인권,경기,수원시,성균관대,자연,건설환경공학부,,신설,유지,,,,,,,,,,,,,,,,94.11111,국수영탐(2),2/3,,,,,,,,,,,,,,,,,,,,,
경인권,경기,수원시,성균관대,자연,건설환경공학부,건설환경공학부,유지,유지,,,,,,,,,,탐구형,2.72,2.24,,,,94.11111,국수영탐(2),2/3,,,,,,,,,,,,,,,,,,,,,
경인권,경기,수원시,성균관대,자연,물리학과,물리학과,유지,유지,학교장추천,1.72,1.71,,,,,,,과학인재,5.31,2.68,,,,94.11111,국수영탐(2),3/5,,,,,,,,,,,,,,,,,,,,,
경인권,경기,수원시,성균관대,자연,생명과학과,생명과학과,유지,유지,학교장추천,1.54,1.45,,,,,,,과학인재,4.61,3.38,,,,94.11111,국수영탐(2),3/5,,,,,,,,,,,,,,,,,,,,,
경인권,경기,수원시,성균관대,자연,수학과,수학과,유지,유지,학교장추천,1.6,1.58,,,,,,,과학인재,5.55,5.33,,,,94.11111,국수영탐(2),3/5,,,,,,,,,,,,,,,,,,,,,
경인권,경기,수원시,성균관대,자연,자연과학계열,자연과학계열,유지,유지,학교장추천,1.5,1.47,,,,,,,융합형,3.26,2.28,,,,94.11111,국수영탐(2),3/5,,,,,,,,,,,,,,,,,,,,,
경인권,경기,수원시,성균관대,자연,화학과,화학과,유지,유지,학교장추천,1.51,1.5,,,,,,,과학인재,4.89,2.97,,,,94.11111,국수영탐(2),3/5,,,,,,,,,,,,,,,,,,,,,
서울,서울,성동구,한양대,자연,데이터사이언스학부,데이터사이언스학부,유지,유지,추천형,1.46,1.37,,,,,,,서류형,2.88,1.6,추천형,1.46,1.37,94.11111,국수영탐(2),3/2,,,,,,,,,,,,,,,,,,,,,
서울,서울,마포구,서강대,인문,글로벌한국학부,글로벌한국학부,유지,유지,지역균형,,,,,,,,,일반,3.6,3.52,,,,94.0999,국수탐(2),1/1,,,,,,,,,,,,,,,,,,,,,
서울,서울,마포구,서강대,자연,화공생명공학과,화공생명공학과,유지,유지,지역균형,1.31,1.22,,,,,,,일반,3.8,3.42,,,,94.0999,국수탐(2),1/1,,,,,,,,,,,,,,,,,,,,,
서울,서울,마포구,서강대,자연,컴퓨터공학과,컴퓨터공학과,유지,유지,지역균형,1.44,1.43,,,,,,,일반,4.02,2.92,,,,94.0666,국수탐(2),2/1,,,,,,,,,,,,,,,,,,,,,
서울,서울,서대문구,연세대,자연,도시공학과,도시공학과,,,추천형,1.46,1.44,,,,,,,활동우수형,2.27,2.16,,,,94.0625,국수영탐(2),1/2,,,,,,,,,,,,,,,,,,,,,
서울,서울,서대문구,연세대,자연,생명공학과,생명공학과,,,추천형,1.19,1.14,,,,,,,활동우수형,1.68,1.49,,,,94.0625,국수영탐(2),2/1,,,,,,,,,,,,,,,,,,,,,
서울,서울,종로구,성균관대,자연,컴퓨터교육과,컴퓨터교육과,유지,유지,학교장추천,1.65,1.61,,,,,,,탐구형,3.94,3.86,,,,94,국수영탐(2),1/1,,,,,,,,,,,,,,,,,,,,,
서울,서울,관악구,서울대,자연,스마트시스템과학과,스마트시스템과학과,유지,유지,,,,,,,,,,일반,2.02,1.9,지역균형,1.4,1.4,93.9993,국수탐(2),1/1,,,,,,,,,,,,,,,,,,,,,
서울,서울,서대문구,연세대,공통,식품영양학과,식품영양학과,,,추천형,1.42,1.42,,,,,,,활동우수형,1.71,1.64,,,,93.99916,국수영탐(2),1/1,,,,,,,,,,,,,,,,,,,,,
경인권,경기,수원시,성균관대,자연,건설환경공학부,,신설,유지,,,,,,,,,,,,,,,,93.88889,국수영탐(2),3/3,,,,,,,,,,,,,,,,,,,,,
경인권,경기,수원시,성균관대,자연,건설환경공학부,건설환경공학부,유지,유지,,,,,,,,,,탐구형,2.72,2.24,,,,93.88889,국수영탐(2),3/3,,,,,,,,,,,,,,,,,,,,,
경인권,경기,수원시,성균관대,자연,공학계열,공학계열,유지,유지,학교장추천,1.52,1.49,,,,,,,과학인재,5.1,4.84,융합형,2.99,2.16,93.88889,국수영탐(2),3/3,,,,,,,,,,,,,,,,,,,,,
서울,서울,서대문구,연세대,자연,기계공학부,기계공학부,,,추천형,1.37,1.34,,,,,,,활동우수형,1.86,1.76,,,,93.875,국수영탐(2),1/2,,,,,,,,,,,,,,,,,,,,,
서울,서울,마포구,서강대,인문,신문방송학과,신문방송학과,유지,유지,,,,,,,,,,일반,3.5,3.26,,,,93.8667,국수탐(2),1/1,,,,,,,,,,,,,,,,,,,,,
서울,서울,마포구,서강대,자연,아트&테크놀로지학과,아트&테크놀로지학과,유지,유지,,,,,,,,,,일반,3.15,3,,,,93.8667,국수탐(2),1/1,,,,,,,,,,,,,,,,,,,,,
서울,서울,마포구,서강대,인문,지식융합미디어학부,지식융합미디어학부,유지,유지,지역균형,1.57,1.53,,,,,,,,,,,,,93.8667,국수탐(2),1/1,,,,,,,,,,,,,,,,,,,,,
서울,서울,성북구,고려대,자연,수학과,수학과,유지,유지,학교추천,1.4,1.39,,,,,,,계열적합,4.06,3.09,학업우수,2.01,1.78,93.83333,국수탐(2),1/1,,,,,,,,,,,,,,,,,,,,,
서울,서울,성북구,고려대,자연,스마트보안학부,스마트보안학부,유지,유지,학교추천,1.49,1.41,,,,,,,계열적합,2.33,2.18,학업우수,2.49,2.16,93.83333,국수탐(2),1/1,,,,,,,,,,,,,,,,,,,,,
서울,서울,성북구,고려대,자연,신소재공학부,신소재공학부,유지,유지,학교추천,1.43,1.4,,,,,,,계열적합,2.9,2.52,학업우수,2.04,1.81,93.83333,국수탐(2),2/2,,,,,,,,,,,,,,,,,,,,,
서울,서울,성북구,고려대,자연,인공지능학과,인공지능학과,유지,유지,학교추천,1.37,1.35,,,,,,,계열적합,3.58,3.29,학업우수,2,1.86,93.83333,국수탐(2),2/2,,,,,,,,,,,,,,,,,,,,,
서울,서울,성북구,고려대,자연,컴퓨터학과,컴퓨터학과,유지,유지,학교추천,1.26,1.25,,,,,,,계열적합,3.29,2.78,학업우수,1.99,1.82,93.83333,국수탐(2),2/2,,,,,,,,,,,,,,,,,,,,,
서울,서울,성동구,한양대,자연,산업공학과,산업공학과,유지,유지,추천형,1.47,1.37,,,,,,,서류형,1.73,1.73,,,,93.83333,국수영탐(2),3/4,,,,,,,,,,,,,,,,,,,,,
서울,서울,마포구,서강대,인문,미디어&엔터테인먼트학과,미디어&엔터테인먼트학과,유지,유지,,,,,,,,,,일반,2.51,1.86,,,,93.7667,국수탐(2),1/1,,,,,,,,,,,,,,,,,,,,,
서울,서울,마포구,서강대,인문,중국문화학과,중국문화학과,유지,유지,지역균형,1.71,1.71,,,,,,,일반,3.6,3.21,,,,93.7667,국수탐(2),1/1,,,,,,,,,,,,,,,,,,,,,
서울,서울,성동구,한양대,공통,한양인터칼리지학부,한양인터칼리지학부,유지,유지,추천형,1.53,1.47,,,,,,,,,,,,,93.72222,국수영탐(2),2/3,,,,,,,,,,,,,,,,,,,,,
서울,서울,성동구,한양대,인문,한양인터칼리지학부(인문),한양인터칼리지학부(인문),유지,유지,,,,,,,,,,서류형,2.84,2.19,추천형,3.79,3.45,93.72222,국수영탐(2),2/3,,,,,,,,,,,,,,,,,,,,,
서울,서울,성동구,한양대,자연,한양인터칼리지학부(자연),한양인터칼리지학부(자연),유지,유지,,,,,,,,,,서류형,3.35,2.55,추천형,2.98,2.61,93.72222,국수영탐(2),2/3,,,,,,,,,,,,,,,,,,,,,
서울,서울,서대문구,연세대,인문,사회복지학과,사회복지학과,,,추천형,1.45,1.45,,,,,,,활동우수형,1.94,1.78,,,,93.71429,국수영탐(2),1/2,,,,,,,,,,,,,,,,,,,,,
서울,서울,서대문구,연세대,인문,응용통계학과,응용통계학과,,,추천형,1.32,1.28,,,,,,,활동우수형,2.03,2,,,,93.71429,국수영탐(2),1/1,,,,,,,,,,,,,,,,,,,,,
서울,서울,서대문구,연세대,자연,신소재공학부,신소재공학부,,,추천형,1.27,1.24,,,,,,,활동우수형,1.68,1.64,,,,93.6875,국수영탐(2),2/2,,,,,,,,,,,,,,,,,,,,,
충청권,충북,청주시,충북대,자연,약학과,약학과,유지,유지,학생부교과,,,,,,,,,학생부종합Ⅰ,,,학생부종합Ⅱ,,,93.6875,국수영탐(2),-/-,,,,,,,,,,,,,,,,,,,,,
충청권,충북,충주시,국립한국교통대,자연,항공운항학과,항공운항학과,변경,유지,,,,,,,,,,나비인재Ⅱ,2.44,2.17,,,,93.671,국수영탐(1) 중 3개,3/-,,,,,,,,,,,,,,,,,,,,,
서울,서울,마포구,서강대,인문,국어국문학과,국어국문학과,유지,유지,,,,,,,,,,일반,3.64,3.36,,,,93.6667,국수탐(2),1/1,,,,,,,,,,,,,,,,,,,,,
서울,서울,마포구,서강대,인문,사학과,사학과,유지,유지,,,,,,,,,,일반,3.5,3.2,,,,93.6667,국수탐(2),1/1,,,,,,,,,,,,,,,,,,,,,
서울,서울,마포구,서강대,인문,인문학부,인문학부,유지,유지,지역균형,1.66,1.63,,,,,,,,,,,,,93.6667,국수탐(2),1/1,,,,,,,,,,,,,,,,,,,,,
서울,서울,마포구,서강대,인문,정치외교학과,정치외교학과,유지,유지,,,,,,,,,,일반,2.08,1.95,,,,93.6667,국수탐(2),1/1,,,,,,,,,,,,,,,,,,,,,
서울,서울,마포구,서강대,인문,종교학과,종교학과,유지,유지,,,,,,,,,,일반,3.88,3.47,,,,93.6667,국수탐(2),1/1,,,,,,,,,,,,,,,,,,,,,
서울,서울,마포구,서강대,인문,철학과,철학과,유지,유지,,,,,,,,,,일반,3.77,3.57,,,,93.6667,국수탐(2),1/1,,,,,,,,,,,,,,,,,,,,,
서울,서울,성북구,고려대,인문,미디어학부,미디어학부,유지,유지,학교추천,1.31,1.26,,,,,,,계열적합,2.11,2.01,학업우수,2.02,1.78,93.66667,국수탐(2),2/1,,,,,,,,,,,,,,,,,,,,,
서울,서울,관악구,서울대,예체능,디자인과,디자인과,유지,유지,,,,,,,,,,일반,1.77,1.76,,,,93.66667,국수탐(2),2/1,,,,,,,,,,,,,,,,,,,,,
서울,서울,종로구,성균관대,인문,글로벌경제학과,글로벌경제학과,유지,유지,학교장추천,1.71,1.67,,,,,,,탐구형,3.38,3.21,,,,93.66667,국수영탐(2),3/3,,,,,,,,,,,,,,,,,,,,,
서울,서울,종로구,성균관대,인문,글로벌경제학과,글로벌경제학과,유지,유지,학교장추천,1.71,1.67,,,,,,,탐구형,3.38,3.21,,,,93.66667,국수영탐(2),3/3,,,,,,,,,,,,,,,,,,,,,
서울,서울,성동구,한양대,예체능,스포츠산업과학부(스포츠매니지먼트),스포츠산업과학부(스포츠매니지먼트),유지,유지,,,,,,,,,,서류형,,,,,,93.66667,국수영탐(1),2/1,,,,,,,,,,,,,,,,,,,,,
서울,서울,마포구,서강대,인문,영문학부,영문학부,유지,유지,지역균형,1.68,1.65,,,,,,,일반,4.42,3.88,,,,93.6331,국수탐(2),1/1,,,,,,,,,,,,,,,,,,,,,
서울,서울,서대문구,연세대,자연,물리학과,물리학과,,,추천형,1.33,1.28,,,,,,,활동우수형,1.59,1.54,,,,93.625,국수영탐(2),1/2,,,,,,,,,,,,,,,,,,,,,
서울,서울,서대문구,연세대,공통,아동•가족학과,아동•가족학과,,,추천형,1.43,1.43,,,,,,,활동우수형,1.8,1.65,,,,93.59942,국수영탐(2),1/2,,,,,,,,,,,,,,,,,,,,,
서울,서울,동대문구,서울시립대,인문,자유전공학부(자연),자유전공학부(자연),유지,유지,지역균형선발,1.77,1.77,,,,,,,학생부종합I,2.14,2.11,학생부종합II,2.28,2.03,93.58333,국수영탐(2),5/1,,,,,,,,,,,,,,,,,,,,,
서울,서울,서대문구,연세대,인문,심리학과,심리학과,,,추천형,1.47,1.37,,,,,,,활동우수형,1.68,1.56,,,,93.57143,국수영탐(2),2/1,,,,,,,,,,,,,,,,,,,,,
서울,서울,성동구,한양대,자연,기계공학부,기계공학부,유지,유지,추천형,1.54,1.48,,,,,,,서류형,4,3.19,추천형,1.54,1.48,93.52778,국수영탐(2),1/1,,,,,,,,,,,,,,,,,,,,,
서울,서울,성북구,고려대,자연,가정교육과,가정교육과,유지,유지,학교추천,1.75,1.7,,,,,,,계열적합,2.9,2.43,학업우수,2.23,2.07,93.5,국수탐(2),3/1,,,,,,,,,,,,,,,,,,,,,
서울,서울,성북구,고려대,자연,간호대학,간호대학,유지,유지,학교추천,1.49,1.43,,,,,,,계열적합,2.47,2.33,학업우수,2.06,1.75,93.5,국수탐(2),2/1,,,,,,,,,,,,,,,,,,,,,
서울,서울,성북구,고려대,인문,경제학과,경제학과,유지,유지,학교추천,1.52,1.47,,,,,,,계열적합,2.62,2.48,학업우수,2.64,2.13,93.5,국수탐(2),2/1,,,,,,,,,,,,,,,,,,,,,
서울,서울,성북구,고려대,인문,국어국문학과,국어국문학과,유지,유지,학교추천,1.53,1.48,,,,,,,계열적합,3.15,2.92,학업우수,2.64,2.54,93.5,국수탐(2),3/1,,,,,,,,,,,,,,,,,,,,,
서울,서울,성북구,고려대,자연,바이오시스템의과학부,바이오시스템의과학부,유지,유지,학교추천,1.28,1.24,,,,,,,계열적합,2.98,2.66,학업우수,1.88,1.86,93.5,국수탐(2),2/2,,,,,,,,,,,,,,,,,,,,,
서울,서울,성북구,고려대,인문,사학과,사학과,유지,유지,학교추천,1.55,1.54,,,,,,,계열적합,2.87,2.77,학업우수,2.41,2.07,93.5,국수탐(2),3/1,,,,,,,,,,,,,,,,,,,,,
서울,서울,성북구,고려대,인문,사회학과,사회학과,유지,유지,학교추천,1.47,1.44,,,,,,,계열적합,2.49,2.35,학업우수,1.93,1.78,93.5,국수탐(2),2/1,,,,,,,,,,,,,,,,,,,,,
서울,서울,성북구,고려대,자연,생명과학부,생명과학부,유지,유지,학교추천,1.3,1.26,,,,,,,계열적합,2.5,2.18,학업우수,1.91,1.75,93.5,국수탐(2),1/1,,,,,,,,,,,,,,,,,,,,,
서울,서울,성북구,고려대,인문,영어교육과,영어교육과,유지,유지,학교추천,1.4,1.36,,,,,,,계열적합,2.59,2.53,학업우수,2.86,2.68,93.5,국수탐(2),2/1,,,,,,,,,,,,,,,,,,,,,
서울,서울,성북구,고려대,인문,정치외교학과,정치외교학과,유지,유지,학교추천,1.39,1.34,,,,,,,계열적합,2.68,2.51,학업우수,2.38,1.74,93.5,국수탐(2),2/1,,,,,,,,,,,,,,,,,,,,,
서울,서울,성북구,고려대,인문,중어중문학과,중어중문학과,유지,유지,학교추천,1.66,1.65,,,,,,,계열적합,2.66,2.59,학업우수,2.54,2.19,93.5,국수탐(2),3/1,,,,,,,,,,,,,,,,,,,,,
서울,서울,성북구,고려대,자연,지구환경과학과,지구환경과학과,유지,유지,학교추천,1.49,1.48,,,,,,,계열적합,4.42,4.24,학업우수,2.05,2.02,93.5,국수탐(2),2/1,,,,,,,,,,,,,,,,,,,,,
서울,서울,종로구,성균관대,인문,한문교육과,한문교육과,유지,유지,학교장추천,1.82,1.82,,,,,,,탐구형,3.53,2.96,,,,93.5,국수영탐(2),2/1,,,,,,,,,,,,,,,,,,,,,
경인권,경기,성남시,을지대,자연,물리치료학과,물리치료학과,유지,유지,지역균형,2.79,2.74,,,,,,,EU미래인재,3.51,3.17,EU자기추천,2.98,3.26,93.5,국수영탐(2) 중 2개,2/3,,,,,,,,,,,,,,,,,,,,,
서울,서울,성동구,한양대,자연,자원환경공학과,자원환경공학과,유지,유지,추천형,1.45,1.4,,,,,,,서류형,3.3,2.93,,,,93.47222,국수영탐(2),2/2,,,,,,,,,,,,,,,,,,,,,
서울,서울,동대문구,경희대,자연,한약학과,한약학과,유지,유지,지역균형,1.52,1.52,,,,,,,네오르네상스,1.68,1.63,,,,93.47059,국수영탐(2),2/2,,,,,,,,,,,,,,,,,,,,,
경인권,경기,수원시,성균관대,자연,물리학과,물리학과,유지,유지,학교장추천,1.72,1.71,,,,,,,과학인재,5.31,2.68,,,,93.44444,국수영탐(2),3/5,,,,,,,,,,,,,,,,,,,,,
경인권,경기,수원시,성균관대,자연,생명과학과,생명과학과,유지,유지,학교장추천,1.54,1.45,,,,,,,과학인재,4.61,3.38,,,,93.44444,국수영탐(2),3/5,,,,,,,,,,,,,,,,,,,,,
경인권,경기,수원시,성균관대,자연,수학과,수학과,유지,유지,학교장추천,1.6,1.58,,,,,,,과학인재,5.55,5.33,,,,93.44444,국수영탐(2),3/5,,,,,,,,,,,,,,,,,,,,,
경인권,경기,수원시,성균관대,자연,자연과학계열,자연과학계열,유지,유지,학교장추천,1.5,1.47,,,,,,,융합형,3.26,2.28,,,,93.44444,국수영탐(2),3/5,,,,,,,,,,,,,,,,,,,,,
경인권,경기,수원시,성균관대,자연,화학과,화학과,유지,유지,학교장추천,1.51,1.5,,,,,,,과학인재,4.89,2.97,,,,93.44444,국수영탐(2),3/5,,,,,,,,,,,,,,,,,,,,,
서울,서울,서대문구,연세대,자연,건축공학과,건축공학과,,,추천형,1.42,1.32,,,,,,,활동우수형,2.05,1.95,,,,93.4375,국수영탐(2),1/1,,,,,,,,,,,,,,,,,,,,,
서울,서울,서대문구,연세대,인문,정치외교학과,정치외교학과,,,추천형,1.3,1.26,,,,,,,활동우수형,1.88,1.63,,,,93.42857,국수영탐(2),1/1,,,,,,,,,,,,,,,,,,,,,
서울,서울,서대문구,연세대,인문,중어중문학과,중어중문학과,,,추천형,1.37,1.37,,,,,,,활동우수형,2.41,2.28,,,,93.42857,국수영탐(2),1/1,,,,,,,,,,,,,,,,,,,,,
서울,서울,성동구,한양대,인문,관광학부,관광학부,유지,유지,추천형,1.8,1.75,,,,,,,서류형,3.81,3.65,추천형,1.8,1.75,93.41667,국수영탐(2),1/1,,,,,,,,,,,,,,,,,,,,,
서울,서울,성북구,고려대,인문,국어교육과,국어교육과,유지,유지,학교추천,1.61,1.43,,,,,,,계열적합,2.4,1.95,학업우수,2.09,1.86,93.33333,국수탐(2),3/1,,,,,,,,,,,,,,,,,,,,,
서울,서울,성북구,고려대,인문,노어노문학과,노어노문학과,유지,유지,학교추천,1.7,1.67,,,,,,,계열적합,2.99,2.92,학업우수,3.43,3.26,93.33333,국수탐(2),3/1,,,,,,,,,,,,,,,,,,,,,
서울,서울,성북구,고려대,인문,일어일문학과,일어일문학과,유지,유지,학교추천,1.63,1.6,,,,,,,계열적합,2.98,2.88,학업우수,2.78,2.61,93.33333,국수탐(2),3/1,,,,,,,,,,,,,,,,,,,,,
서울,서울,성동구,한양대,인문,파이낸스경영학과,파이낸스경영학과,유지,유지,추천형,1.61,1.61,,,,,,,서류형,3.22,2.79,추천형,1.61,1.61,93.33333,국수영탐(2),1/2,,,,,,,,,,,,,,,,,,,,,
경상권,경북,경산시,대구가톨릭대,자연,약학부,약학부,유지,유지,교과,1.48,1.44,,,,,,,,,,,,,93.3125,국수영탐(2),1/1,,,,,,,,,,,,,,,,,,,,,
서울,서울,동대문구,서울시립대,인문,세무학과,세무학과,유지,유지,지역균형선발,2,1.89,,,,,,,학생부종합I,2.71,2.15,학생부종합II,4.66,4.36,93.29412,국수영탐(2),2/2,,,,,,,,,,,,,,,,,,,,,
서울,서울,서대문구,연세대,인문,국어국문학과,국어국문학과,,,추천형,1.42,1.4,,,,,,,활동우수형,2.81,2.57,,,,93.28571,국수영탐(2),2/1,,,,,,,,,,,,,,,,,,,,,
서울,서울,서대문구,연세대,인문,행정학과,행정학과,,,추천형,1.3,1.27,,,,,,,활동우수형,2.05,1.7,,,,93.28571,국수영탐(2),1/2,,,,,,,,,,,,,,,,,,,,,
서울,서울,종로구,성균관대,인문,글로벌리더학부,글로벌리더학부,유지,유지,학교장추천,1.81,1.61,,,,,,,탐구형,3.22,2.94,,,,93.27778,국수영탐(2),2/1,,,,,,,,,,,,,,,,,,,,,
서울,서울,성동구,한양대,자연,미래자동차공학과,미래자동차공학과,유지,유지,추천형,1.48,1.48,,,,,,,서류형,2.88,1.57,,,,93.27778,국수영탐(2),2/1,,,,,,,,,,,,,,,,,,,,,
서울,서울,서대문구,연세대,자연,사회환경시스템공학부,사회환경시스템공학부,,,추천형,1.39,1.36,,,,,,,활동우수형,2.34,2.1,,,,93.25,국수영탐(2),2/3,,,,,,,,,,,,,,,,,,,,,
경인권,경기,의정부시,을지대,자연,간호학과(의정부),간호학과(의정부),유지,유지,지역균형,2.33,2.26,,,,,,,EU미래인재,2.54,2.54,EU자기추천,2.71,3.36,93.25,국수영탐(2) 중 2개,2/3,,,,,,,,,,,,,,,,,,,,,
서울,서울,성동구,한양대,자연,생명공학과,생명공학과,유지,유지,추천형,1.3,1.24,,,,,,,서류형,1.34,1.28,,,,93.25,국수영탐(2),2/2,,,,,,,,,,,,,,,,,,,,,
서울,서울,성동구,한양대,인문,영어교육과,영어교육과,유지,유지,추천형,1.48,1.48,,,,,,,면접형,1.69,1.63,,,,93.25,국수영탐(2),2/2,,,,,,,,,,,,,,,,,,,,,
서울,서울,종로구,성균관대,자연,컴퓨터교육과,컴퓨터교육과,유지,유지,학교장추천,1.65,1.61,,,,,,,탐구형,3.94,3.86,,,,93.22222,국수영탐(2),1/1,,,,,,,,,,,,,,,,,,,,,
서울,서울,성북구,고려대,자연,기계공학부,기계공학부,유지,유지,학교추천,1.44,1.38,,,,,,,계열적합,2.62,2.04,학업우수,1.98,1.69,93.16667,국수탐(2),1/2,,,,,,,,,,,,,,,,,,,,,
서울,서울,성북구,고려대,인문,독어독문학과,독어독문학과,유지,유지,학교추천,1.66,1.62,,,,,,,계열적합,2.31,2.24,학업우수,3.17,2.78,93.16667,국수탐(2),2/1,,,,,,,,,,,,,,,,,,,,,
서울,서울,성북구,고려대,인문,불어불문학과,불어불문학과,유지,유지,학교추천,1.65,1.62,,,,,,,계열적합,3.14,2.78,학업우수,3.36,2.99,93.16667,국수탐(2),2/1,,,,,,,,,,,,,,,,,,,,,
서울,서울,성북구,고려대,인문,서어서문학과,서어서문학과,유지,유지,학교추천,1.7,1.67,,,,,,,계열적합,2.73,2.59,학업우수,3.09,2.82,93.16667,국수탐(2),3/1,,,,,,,,,,,,,,,,,,,,,
서울,서울,성북구,고려대,인문,행정학과,행정학과,유지,유지,학교추천,1.35,1.33,,,,,,,계열적합,2.77,2.14,학업우수,2.12,1.81,93.16667,국수탐(2),3/1,,,,,,,,,,,,,,,,,,,,,
서울,서울,서대문구,연세대,인문,경제학부,경제학부,,,추천형,1.46,1.37,,,,,,,활동우수형,2.02,1.75,,,,93.14286,국수영탐(2),2/1,,,,,,,,,,,,,,,,,,,,,
서울,서울,서대문구,연세대,인문,사학과,사학과,,,추천형,1.49,1.43,,,,,,,활동우수형,2.36,2.28,,,,93.14286,국수영탐(2),1/1,,,,,,,,,,,,,,,,,,,,,
서울,서울,종로구,성균관대,인문,경영학과,경영학과,유지,유지,학교장추천,1.48,1.41,,,,,,,융합형,3.08,2.81,,,,93.11111,국수영탐(2),3/2,,,,,,,,,,,,,,,,,,,,,
서울,서울,종로구,성균관대,공통,자유전공계열,자유전공계열,유지,유지,학교장추천,1.69,1.65,,,,,,,탐구형,3.5,3.14,,,,93.11111,국수영탐(2),1/3,,,,,,,,,,,,,,,,,,,,,
서울,서울,성동구,한양대,인문,경제금융학부,경제금융학부,유지,유지,추천형,1.67,1.66,,,,,,,서류형,3.59,2.91,추천형,1.67,1.66,93.11111,국수영탐(2),2/2,,,,,,,,,,,,,,,,,,,,,
서울,서울,성동구,한양대,자연,생명과학과,생명과학과,유지,유지,추천형,1.51,1.43,,,,,,,서류형,1.45,1.44,,,,93.11111,국수영탐(2),2/1,,,,,,,,,,,,,,,,,,,,,
서울,서울,서대문구,연세대,자연,생명과학부,,신설,,,,,,,,,,,,,,,,,93.0625,국수영탐(2),2/2,,,,,,,,,,,,,,,,,,,,,
서울,서울,종로구,성균관대,인문,사회과학계열,사회과학계열,유지,유지,학교장추천,1.71,1.52,,,,,,,융합형,2.6,2.12,,,,93.05556,국수영탐(2),1/1,,,,,,,,,,,,,,,,,,,,,
서울,서울,종로구,성균관대,인문,사회복지학과,사회복지학과,유지,유지,학교장추천,1.79,1.76,,,,,,,,,,,,,93.05556,국수영탐(2),1/1,,,,,,,,,,,,,,,,,,,,,
서울,서울,종로구,성균관대,인문,사회학과,사회학과,유지,유지,학교장추천,1.66,1.58,,,,,,,,,,,,,93.05556,국수영탐(2),1/1,,,,,,,,,,,,,,,,,,,,,
서울,서울,종로구,성균관대,인문,심리학과,심리학과,유지,유지,학교장추천,1.77,1.73,,,,,,,,,,,,,93.05556,국수영탐(2),1/1,,,,,,,,,,,,,,,,,,,,,
서울,서울,종로구,성균관대,인문,아동청소년학과,아동•청소년학과,유지,유지,학교장추천,1.82,1.75,,,,,,,,,,,,,93.05556,국수영탐(2),1/1,,,,,,,,,,,,,,,,,,,,,
서울,서울,종로구,성균관대,자연,통계학과,통계학과,유지,유지,학교장추천,1.65,1.58,,,,,,,,,,,,,93.05556,국수영탐(2),1/1,,,,,,,,,,,,,,,,,,,,,
서울,서울,성동구,한양대,자연,반도체공학과,반도체공학과,유지,유지,추천형,1.28,1.22,,,,,,,서류형,3.02,1.52,,,,93.05556,국수영탐(2),2/1,,,,,,,,,,,,,,,,,,,,,
서울,서울,성동구,한양대,인문,정치외교학과,정치외교학과,유지,유지,추천형,1.65,1.65,,,,,,,서류형,3.39,1.82,,,,93.02778,국수영탐(2),1/1,,,,,,,,,,,,,,,,,,,,,
경인권,경기,수원시,성균관대,자연,건설환경공학부,,신설,유지,,,,,,,,,,,,,,,,93,국수영탐(2),2/3,,,,,,,,,,,,,,,,,,,,,
경인권,경기,수원시,성균관대,자연,건설환경공학부,건설환경공학부,유지,유지,,,,,,,,,,탐구형,2.72,2.24,,,,93,국수영탐(2),2/3,,,,,,,,,,,,,,,,,,,,,
서울,서울,종로구,성균관대,인문,사회과학계열,사회과학계열,유지,유지,학교장추천,1.71,1.52,,,,,,,융합형,2.6,2.12,,,,93,국수영탐(2),1/1,,,,,,,,,,,,,,,,,,,,,
서울,서울,종로구,성균관대,인문,사회복지학과,사회복지학과,유지,유지,학교장추천,1.79,1.76,,,,,,,,,,,,,93,국수영탐(2),1/1,,,,,,,,,,,,,,,,,,,,,
서울,서울,종로구,성균관대,인문,사회학과,사회학과,유지,유지,학교장추천,1.66,1.58,,,,,,,,,,,,,93,국수영탐(2),1/1,,,,,,,,,,,,,,,,,,,,,
서울,서울,종로구,성균관대,인문,심리학과,심리학과,유지,유지,학교장추천,1.77,1.73,,,,,,,,,,,,,93,국수영탐(2),1/1,,,,,,,,,,,,,,,,,,,,,
서울,서울,종로구,성균관대,인문,아동청소년학과,아동•청소년학과,유지,유지,학교장추천,1.82,1.75,,,,,,,,,,,,,93,국수영탐(2),1/1,,,,,,,,,,,,,,,,,,,,,
서울,서울,종로구,성균관대,예체능,영상학과,영상학과,유지,유지,학교장추천,1.86,1.66,,,,,,,탐구형,3.55,2.88,,,,93,국수영탐(2),2/2,,,,,,,,,,,,,,,,,,,,,
서울,서울,종로구,성균관대,예체능,영상학과,영상학과,유지,유지,학교장추천,1.86,1.66,,,,,,,탐구형,3.55,2.88,,,,93,국수영탐(2),2/2,,,,,,,,,,,,,,,,,,,,,
서울,서울,종로구,성균관대,자연,통계학과,통계학과,유지,유지,학교장추천,1.65,1.58,,,,,,,,,,,,,93,국수영탐(2),1/1,,,,,,,,,,,,,,,,,,,,,
서울,서울,성동구,한양대,인문,미디어커뮤니케이션학과,미디어커뮤니케이션학과,유지,유지,추천형,1.58,1.52,,,,,,,서류형,3.29,1.6,추천형,1.58,1.52,93,국수영탐(2),2/1,,,,,,,,,,,,,,,,,,,,,
서울,서울,서대문구,연세대,공통,통합디자인학과,통합디자인학과,,,추천형,1.5,1.42,,,,,,,활동우수형,1.95,1.85,,,,92.99928,국수영탐(2),1/1,,,,,,,,,,,,,,,,,,,,,
서울,서울,서대문구,연세대,공통,실내건축학과,실내건축학과,,,추천형,1.56,1.56,,,,,,,활동우수형,2.2,2.03,,,,92.99916,국수영탐(2),1/1,,,,,,,,,,,,,,,,,,,,,
경인권,인천,연수구,연세대,자연,융합과학공학부,융합과학공학부,,,,,,,,,,,,국제형-국내고,1.72,1.64,,,,92.99904,국수영탐(2),1/2,,,,,,,,,,,,,,,,,,,,,
충청권,충남,태안군,한서대,자연,항공운항학과,항공운항학과,유지,유지,학생부교과1,1.25,1.12,학생부교과2,2,1.9,한서인재,1.75,1.62,융합인재,,1.8,,,,92.9,국수영탐(1),-/-,,,,,,,,,,,,,,,,,,,,,
경인권,경기,수원시,성균관대,자연,건설환경공학부,,신설,유지,,,,,,,,,,,,,,,,92.88889,국수영탐(2),3/3,,,,,,,,,,,,,,,,,,,,,
경인권,경기,수원시,성균관대,자연,건설환경공학부,건설환경공학부,유지,유지,,,,,,,,,,탐구형,2.72,2.24,,,,92.88889,국수영탐(2),3/3,,,,,,,,,,,,,,,,,,,,,
경인권,경기,수원시,성균관대,자연,공학계열,공학계열,유지,유지,학교장추천,1.52,1.49,,,,,,,과학인재,5.1,4.84,융합형,2.99,2.16,92.88889,국수영탐(2),3/3,,,,,,,,,,,,,,,,,,,,,
서울,서울,종로구,성균관대,인문,국어국문학과,국어국문학과,유지,유지,학교장추천,1.7,1.67,,,,,,,,,,,,,92.88889,국수영탐(2),2/1,,,,,,,,,,,,,,,,,,,,,
서울,서울,종로구,성균관대,인문,독어독문학과,독어독문학과,유지,유지,,,,,,,,,,탐구형,3.84,3.58,,,,92.88889,국수영탐(2),2/1,,,,,,,,,,,,,,,,,,,,,
서울,서울,종로구,성균관대,인문,러시아어문학과,러시아어문학과,유지,유지,,,,,,,,,,탐구형,3.92,3.55,,,,92.88889,국수영탐(2),2/1,,,,,,,,,,,,,,,,,,,,,
서울,서울,종로구,성균관대,인문,사학과,사학과,유지,유지,학교장추천,1.79,1.66,,,,,,,,,,,,,92.88889,국수영탐(2),2/1,,,,,,,,,,,,,,,,,,,,,
서울,서울,종로구,성균관대,인문,유학동양학과,유학•동양학과,유지,유지,학교장추천,1.84,1.77,,,,,,,탐구형,3.32,2.38,,,,92.88889,국수영탐(2),2/1,,,,,,,,,,,,,,,,,,,,,
서울,서울,종로구,성균관대,인문,인문과학계열,인문과학계열,유지,유지,학교장추천,1.7,1.62,,,,,,,융합형,3.22,2.86,,,,92.88889,국수영탐(2),2/1,,,,,,,,,,,,,,,,,,,,,
서울,서울,종로구,성균관대,인문,철학과,철학과,유지,유지,학교장추천,1.81,1.8,,,,,,,,,,,,,92.88889,국수영탐(2),2/1,,,,,,,,,,,,,,,,,,,,,
서울,서울,종로구,성균관대,인문,프랑스어문학과,프랑스어문학과,유지,유지,,,,,,,,,,탐구형,3.2,2.84,,,,92.88889,국수영탐(2),2/1,,,,,,,,,,,,,,,,,,,,,
서울,서울,종로구,성균관대,인문,한문학과,한문학과,유지,유지,학교장추천,1.89,1.87,,,,,,,,,,,,,92.88889,국수영탐(2),2/1,,,,,,,,,,,,,,,,,,,,,
서울,서울,동대문구,서울시립대,인문,경영학부,경영학부,유지,유지,지역균형선발,2.03,1.94,,,,,,,학생부종합II,2.3,2.14,,,,92.88235,국수영탐(2),3/1,,,,,,,,,,,,,,,,,,,,,
서울,서울,성동구,한양대,인문,행정학과,행정학과,유지,유지,추천형,1.72,1.6,,,,,,,서류형,3.36,2.61,,,,92.86111,국수영탐(2),1/1,,,,,,,,,,,,,,,,,,,,,
서울,서울,서대문구,연세대,인문,영어영문학과,영어영문학과,,,추천형,1.36,1.33,,,,,,,활동우수형,1.87,1.73,,,,92.85714,국수영탐(2),1/2,,,,,,,,,,,,,,,,,,,,,
서울,서울,중구,동국대,자연,시스템반도체학부,시스템반도체학부,유지,유지,학교장추천인재,1.7,1.27,,,,,,,Do Dream,3.09,2.58,불교추천인재,3.03,2.9,92.85294,국수영탐(2),3/2,,,,,,,,,,,,,,,,,,,,,
서울,서울,성북구,고려대,자연,바이오시스템의과학부,바이오시스템의과학부,유지,유지,학교추천,1.28,1.24,,,,,,,계열적합,2.98,2.66,학업우수,1.88,1.86,92.83333,국수탐(2),1/2,,,,,,,,,,,,,,,,,,,,,
서울,서울,성북구,고려대,인문,식품자원경제학과,식품자원경제학과,유지,유지,학교추천,1.55,1.52,,,,,,,계열적합,2.88,2.66,학업우수,2.32,1.9,92.83333,국수탐(2),3/1,,,,,,,,,,,,,,,,,,,,,
서울,서울,성북구,고려대,인문,영어영문학과,영어영문학과,유지,유지,학교추천,1.54,1.52,,,,,,,계열적합,2.56,2.34,학업우수,2.86,2.41,92.83333,국수탐(2),1/2,,,,,,,,,,,,,,,,,,,,,
서울,서울,성동구,한양대,자연,원자력공학과,원자력공학과,유지,유지,추천형,1.67,1.6,,,,,,,서류형,2.89,2.72,,,,92.83333,국수영탐(2),2/2,,,,,,,,,,,,,,,,,,,,,
서울,서울,성동구,한양대,자연,전기·생체공학부(바이오메디컬공학),전기·생체공학부(바이오메디컬공학),유지,유지,,,,,,,,,,서류형,,,추천형,,,92.83333,국수영탐(2),2/4,,,,,,,,,,,,,,,,,,,,,
서울,서울,서대문구,연세대,공통,간호학과,간호학과,,,추천형,1.46,1.44,,,,,,,활동우수형,1.91,1.87,,,,92.79923,국수영탐(2),1/1,,,,,,,,,,,,,,,,,,,,,
서울,서울,서대문구,연세대,인문,문헌정보학과,문헌정보학과,,,추천형,1.6,1.52,,,,,,,활동우수형,2.98,1.84,,,,92.71429,국수영탐(2),1/2,,,,,,,,,,,,,,,,,,,,,
서울,서울,서대문구,연세대,인문,불어불문학과,불어불문학과,,,추천형,1.6,1.43,,,,,,,활동우수형,2.8,2.73,,,,92.71429,국수영탐(2),1/2,,,,,,,,,,,,,,,,,,,,,
서울,서울,동작구,중앙대,자연,사회기반시스템공학부(건설환경플랜트공학),사회기반시스템공학부(건설환경플랜트공학),유지,유지,,,,,,,,,,CAU융합형인재,2,1.91,CAU탐구형인재,6.13,6.01,92.7,국수탐(2),3/1,,,,,,,,,,,,,,,,,,,,,
서울,서울,동작구,중앙대,자연,융합공학부,융합공학부,유지,유지,지역균형,1.64,1.63,,,,,,,CAU융합형인재,2.14,2.06,CAU탐구형인재,4.91,4.02,92.7,국수탐(2),3/5,,,,,,,,,,,,,,,,,,,,,
서울,서울,동작구,중앙대,자연,전자전기공학부,전자전기공학부,유지,유지,지역균형,1.6,1.58,,,,,,,CAU융합형인재,1.87,1.73,CAU탐구형인재,2.89,2.34,92.7,국수탐(2),3/5,,,,,,,,,,,,,,,,,,,,,
서울,서울,성북구,고려대,자연,물리학과,물리학과,유지,유지,학교추천,1.5,1.48,,,,,,,계열적합,,,학업우수,1.97,1.94,92.66667,국수탐(2),1/1,,,,,,,,,,,,,,,,,,,,,
충청권,충남,공주시,국립공주대,자연,지구과학교육과,지구과학교육과,유지,유지,교과Ⅰ,3.67,3.22,,,,,,,일반,2.98,2.87,,,,92.666,"국영탐(1) 중 2개, 수학",3/-,,,,,,,,,,,,,,,,,,,,,
서울,서울,동작구,중앙대,인문,응용통계학과,응용통계학과,유지,유지,,,,,,,,,,CAU융합형인재,2.24,2.17,,,,92.6,국수탐(2),4/4,,,,,,,,,,,,,,,,,,,,,
서울,서울,성동구,한양대,자연,수학과,수학과,유지,유지,추천형,1.58,1.58,,,,,,,서류형,2.9,2.62,,,,92.58333,국수영탐(2),1/3,,,,,,,,,,,,,,,,,,,,,
서울,서울,성동구,한양대,공통,실내건축디자인학과,실내건축디자인학과,유지,유지,추천형,1.96,1.81,,,,,,,서류형,3.48,3.39,,,,92.58333,국수영탐(2),2/4,,,,,,,,,,,,,,,,,,,,,
서울,서울,서대문구,연세대,인문,교육학부,교육학부,,,추천형,1.87,1.69,,,,,,,활동우수형,1.78,1.64,,,,92.57143,국수영탐(2),1/1,,,,,,,,,,,,,,,,,,,,,
서울,서울,서대문구,연세대,인문,문화인류학과,문화인류학과,,,추천형,1.56,1.56,,,,,,,활동우수형,1.69,1.69,,,,92.57143,국수영탐(2),1/1,,,,,,,,,,,,,,,,,,,,,
서울,서울,종로구,성균관대,인문,한문교육과,한문교육과,유지,유지,학교장추천,1.82,1.82,,,,,,,탐구형,3.53,2.96,,,,92.55556,국수영탐(2),2/1,,,,,,,,,,,,,,,,,,,,,
서울,서울,동작구,중앙대,인문,공공인재학부,공공인재학부,유지,유지,지역균형,1.89,1.86,,,,,,,CAU융합형인재,3.06,2.17,CAU탐구형인재,2.98,2.61,92.55,국수탐(2),4/5,,,,,,,,,,,,,,,,,,,,,
경인권,경기,용인시,경희대,예체능,연극·뮤지컬 연출,연극·뮤지컬 연출,유지,유지,,,,,,,,,,네오르네상스,2.71,1.54,,,,92.5,국영탐(1),2/1,,,,,,,,,,,,,,,,,,,,,
경인권,경기,용인시,경희대,예체능,영화연출 및 제작,영화연출 및 제작,유지,유지,,,,,,,,,,네오르네상스,2.8,2.49,,,,92.5,국영탐(1),2/1,,,,,,,,,,,,,,,,,,,,,
서울,서울,성북구,고려대,인문,국제학부,국제학부,유지,유지,학교추천,1.56,1.49,,,,,,,계열적합,2.81,2.49,학업우수,2.44,2.2,92.5,국수탐(2),2/3,,,,,,,,,,,,,,,,,,,,,
서울,서울,성북구,고려대,인문,노어노문학과,노어노문학과,유지,유지,학교추천,1.7,1.67,,,,,,,계열적합,2.99,2.92,학업우수,3.43,3.26,92.5,국수탐(2),2/3,,,,,,,,,,,,,,,,,,,,,
서울,서울,성북구,고려대,인문,일어일문학과,일어일문학과,유지,유지,학교추천,1.63,1.6,,,,,,,계열적합,2.98,2.88,학업우수,2.78,2.61,92.5,국수탐(2),2/3,,,,,,,,,,,,,,,,,,,,,
서울,서울,노원구,서울여대,예체능,시각디자인전공,시각디자인전공,유지,유지,,,,,,,,,,바롬인재면접,3.6,3.2,,,,92.5,국수영탐(1) 중 2개,3/4,,,,,,,,,,,,,,,,,,,,,
경인권,경기,화성시,수원대,자연,전기전자공학부,전기전자공학부,유지,유지,고교추천,4.35,4.3,교과우수,3.55,3.4,면접위주교과,3.8,3.75,,,,,,,92.5,국수영탐(1) 중 3개,3/4,,,,,,,,,,,,,,,,,,,,,
경인권,경기,성남시,을지대,자연,임상병리학과,임상병리학과,유지,유지,지역균형,2.88,2.7,,,,,,,EU미래인재,3.28,3.18,EU자기추천,3.44,3.04,92.5,국수영탐(2) 중 2개,3/2,,,,,,,,,,,,,,,,,,,,,
서울,서울,동작구,중앙대,자연,소프트웨어학부,소프트웨어학부,유지,유지,지역균형,1.6,1.57,,,,,,,CAU융합형인재,1.72,1.64,CAU탐구형인재,2.5,2.05,92.5,국수탐(2),2/2,,,,,,,,,,,,,,,,,,,,,
서울,서울,성동구,한양대,자연,식품영양학과,식품영양학과,유지,유지,추천형,1.66,1.59,,,,,,,서류형,2.7,2.35,,,,92.5,국수영탐(2),2/1,,,,,,,,,,,,,,,,,,,,,
충청권,대전,동구,우송대,자연,간호학과,간호학과,유지,유지,교과중심,2.7,2.5,면접,3,2.786458,우송인재,3.083333,2.041667,면접형,,3.895385,서류형,,4.071625,92.46,국수영탐(1) 중 2개,-/-,,,,,,,,,,,,,,,,,,,,,
서울,서울,광진구,건국대,자연,컴퓨터공학부,컴퓨터공학부,유지,유지,KU지역균형,1.77,1.77,,,,,,,KU자기추천,2.25,2.04,,,,92.44444,국수영탐(2),3/5,,,,,,,,,,,,,,,,,,,,,
경상권,대구,북구,경북대,자연,전자공학부모바일공학전공,전자공학부모바일공학전공,유지,유지,,,,,,,,,,모바일과학인재,2.41,2.14,,,,92.42857,국수영탐(2),1/2,,,,,,,,,,,,,,,,,,,,,
서울,서울,서대문구,연세대,인문,언론홍보영상학부,언론홍보영상학부,,,추천형,1.16,1.16,,,,,,,활동우수형,1.99,1.99,,,,92.42857,국수영탐(2),2/1,,,,,,,,,,,,,,,,,,,,,
서울,서울,동작구,중앙대,자연,에너지시스템공학부,에너지시스템공학부,유지,유지,,,,,,,,,,CAU융합형인재,2.14,2.06,CAU탐구형인재,5.61,4.45,92.425,국수탐(2),2/3,,,,,,,,,,,,,,,,,,,,,
경인권,경기,화성시,수원대,인문,인문사회융합대학,인문사회융합대학,유지,유지,고교추천,4.3,3.9,교과우수,3.45,3.35,면접위주교과,3.48,3.75,,,,,,,92.4,국수영탐(1) 중 3개,4/2,,,,,,,,,,,,,,,,,,,,,
서울,서울,성동구,한양대,인문,사학과,사학과,유지,유지,추천형,2.15,1.92,,,,,,,서류형,4.22,3.61,,,,92.38889,국수영탐(2),2/2,,,,,,,,,,,,,,,,,,,,,
서울,서울,성동구,한양대,인문,중어중문학과,중어중문학과,유지,유지,추천형,1.98,1.78,,,,,,,서류형,3.48,3.23,,,,92.38889,국수영탐(2),1/2,,,,,,,,,,,,,,,,,,,,,
서울,서울,서대문구,연세대,자연,수학과,수학과,,,추천형,1.24,1.24,,,,,,,활동우수형,1.62,1.53,,,,92.375,국수영탐(2),2/2,,,,,,,,,,,,,,,,,,,,,
서울,서울,동작구,중앙대,자연,화학공학과,화학공학과,유지,유지,지역균형,1.54,1.51,,,,,,,CAU융합형인재,1.71,1.71,CAU탐구형인재,3.67,2.94,92.35,국수탐(2),3/1,,,,,,,,,,,,,,,,,,,,,
서울,서울,노원구,서울여대,인문,문헌정보학과,문헌정보학과,유지,유지,교과우수자,3.34,3.18,,,,,,,바롬인재면접,3.7,3.3,바롬인재서류,3.9,3.2,92.338,국수영탐(1) 중 3개,2/1,,,,,,,,,,,,,,,,,,,,,
서울,서울,광진구,건국대,자연,첨단바이오공학부,첨단바이오공학부,유지,유지,KU지역균형,1.44,1.42,,,,,,,KU자기추천,2.07,1.96,,,,92.33333,국수영탐(2),4/2,,,,,,,,,,,,,,,,,,,,,
서울,서울,성북구,고려대,인문,국어교육과,국어교육과,유지,유지,학교추천,1.61,1.43,,,,,,,계열적합,2.4,1.95,학업우수,2.09,1.86,92.33333,국수탐(2),2/3,,,,,,,,,,,,,,,,,,,,,
서울,서울,성북구,고려대,인문,역사교육과,역사교육과,유지,유지,학교추천,1.51,1.49,,,,,,,계열적합,2.26,2.14,학업우수,2.22,1.93,92.33333,국수탐(2),2/3,,,,,,,,,,,,,,,,,,,,,
서울,서울,성북구,고려대,인문,지리교육과,지리교육과,유지,유지,학교추천,1.67,1.65,,,,,,,계열적합,2.13,1.79,학업우수,2.4,2.13,92.33333,국수탐(2),2/3,,,,,,,,,,,,,,,,,,,,,
서울,서울,동대문구,서울시립대,자연,인공지능학과,인공지능학과,유지,유지,지역균형선발,1.75,1.75,,,,,,,학생부종합I,2.18,2.16,학생부종합II,1.89,1.89,92.33333,국수영탐(2),3/1,,,,,,,,,,,,,,,,,,,,,
서울,서울,성동구,한양대,자연,에너지공학과,에너지공학과,유지,유지,추천형,1.72,1.72,,,,,,,서류형,2.95,2.28,,,,92.30556,국수영탐(2),2/3,,,,,,,,,,,,,,,,,,,,,
경인권,경기,화성시,수원대,인문,경영공학대학,경영학부,유지,변경,고교추천,3.85,3.83,교과우수,3.25,3.15,면접위주교과,3.3,3.35,,,,,,,92.3,국수영탐(1) 중 3개,3/2,,,,,,,,,,,,,,,,,,,,,
서울,서울,동작구,중앙대,자연,화학과,화학과,유지,유지,,,,,,,,,,CAU탐구형인재,3.29,2.07,,,,92.3,국수탐(2),2/3,,,,,,,,,,,,,,,,,,,,,
경인권,인천,연수구,연세대,인문,언더우드학부 인문사회,언더우드학부 인문사회,,,,,,,,,,,,,,,,,,92.29947,국수영탐(2),1/2,,,,,,,,,,,,,,,,,,,,,
서울,서울,성동구,한양대,자연,건축공학부,건축공학부,유지,유지,추천형,1.79,1.69,,,,,,,서류형,1.92,1.89,,,,92.27778,국수영탐(2),2/2,,,,,,,,,,,,,,,,,,,,,
서울,서울,동대문구,서울시립대,자연,지능형반도체전공,,신설,유지,,,,,,,,,,,,,,,,92.22222,국수영탐(2),3/1,,,,,,,,,,,,,,,,,,,,,
서울,서울,성동구,한양대,인문,교육학과,교육학과,유지,유지,추천형,1.79,1.75,,,,,,,면접형,3.61,1.75,,,,92.19444,국수영탐(2),2/1,,,,,,,,,,,,,,,,,,,,,
서울,서울,성북구,고려대,자연,기계공학부,기계공학부,유지,유지,학교추천,1.44,1.38,,,,,,,계열적합,2.62,2.04,학업우수,1.98,1.69,92.16667,국수탐(2),2/3,,,,,,,,,,,,,,,,,,,,,
서울,서울,성북구,고려대,인문,서어서문학과,서어서문학과,유지,유지,학교추천,1.7,1.67,,,,,,,계열적합,2.73,2.59,학업우수,3.09,2.82,92.16667,국수탐(2),2/3,,,,,,,,,,,,,,,,,,,,,
서울,서울,성북구,고려대,자연,식품공학과,식품공학과,유지,유지,학교추천,1.43,1.42,,,,,,,계열적합,3.09,2.63,학업우수,1.96,1.65,92.16667,국수탐(2),2/3,,,,,,,,,,,,,,,,,,,,,
서울,서울,성북구,고려대,인문,언어학과,언어학과,유지,유지,학교추천,1.5,1.49,,,,,,,계열적합,,,학업우수,2.43,2.17,92.16667,국수탐(2),2/3,,,,,,,,,,,,,,,,,,,,,
서울,서울,동작구,중앙대,인문,유아교육과,유아교육과,유지,유지,지역균형,1.97,1.95,,,,,,,CAU융합형인재,2.28,2.23,,,,92.15,국수탐(2),3/1,,,,,,,,,,,,,,,,,,,,,
서울,서울,서대문구,연세대,인문,노어노문학과,노어노문학과,,,추천형,1.58,1.58,,,,,,,활동우수형,1.91,1.73,,,,92.14286,국수영탐(2),1/1,,,,,,,,,,,,,,,,,,,,,
서울,서울,서대문구,연세대,인문,철학과,철학과,,,추천형,1.47,1.43,,,,,,,활동우수형,2.25,2.01,,,,92.14286,국수영탐(2),2/2,,,,,,,,,,,,,,,,,,,,,
서울,서울,종로구,성균관대,인문,국어국문학과,국어국문학과,유지,유지,학교장추천,1.7,1.67,,,,,,,,,,,,,92.11111,국수영탐(2),2/1,,,,,,,,,,,,,,,,,,,,,
서울,서울,종로구,성균관대,인문,독어독문학과,독어독문학과,유지,유지,,,,,,,,,,탐구형,3.84,3.58,,,,92.11111,국수영탐(2),2/1,,,,,,,,,,,,,,,,,,,,,
서울,서울,종로구,성균관대,인문,러시아어문학과,러시아어문학과,유지,유지,,,,,,,,,,탐구형,3.92,3.55,,,,92.11111,국수영탐(2),2/1,,,,,,,,,,,,,,,,,,,,,
서울,서울,종로구,성균관대,인문,사학과,사학과,유지,유지,학교장추천,1.79,1.66,,,,,,,,,,,,,92.11111,국수영탐(2),2/1,,,,,,,,,,,,,,,,,,,,,
서울,서울,종로구,성균관대,인문,유학동양학과,유학•동양학과,유지,유지,학교장추천,1.84,1.77,,,,,,,탐구형,3.32,2.38,,,,92.11111,국수영탐(2),2/1,,,,,,,,,,,,,,,,,,,,,
서울,서울,종로구,성균관대,인문,인문과학계열,인문과학계열,유지,유지,학교장추천,1.7,1.62,,,,,,,융합형,3.22,2.86,,,,92.11111,국수영탐(2),2/1,,,,,,,,,,,,,,,,,,,,,
경인권,경기,수원시,성균관대,자연,전자전기공학부,전자전기공학부,유지,유지,학교장추천,1.52,1.52,,,,,,,과학인재,3.7,3.29,융합형,2.3,1.9,92.11111,국수영탐(2),3/2,,,,,,,,,,,,,,,,,,,,,
서울,서울,종로구,성균관대,인문,철학과,철학과,유지,유지,학교장추천,1.81,1.8,,,,,,,,,,,,,92.11111,국수영탐(2),2/1,,,,,,,,,,,,,,,,,,,,,
서울,서울,종로구,성균관대,인문,프랑스어문학과,프랑스어문학과,유지,유지,,,,,,,,,,탐구형,3.2,2.84,,,,92.11111,국수영탐(2),2/1,,,,,,,,,,,,,,,,,,,,,
서울,서울,종로구,성균관대,인문,한문학과,한문학과,유지,유지,학교장추천,1.89,1.87,,,,,,,,,,,,,92.11111,국수영탐(2),2/1,,,,,,,,,,,,,,,,,,,,,
서울,서울,동작구,중앙대,인문,영어영문학과,영어영문학과,유지,유지,,,,,,,,,,CAU융합형인재,3.44,3.19,CAU탐구형인재,3.97,3.62,92.075,국수탐(2),3/2,,,,,,,,,,,,,,,,,,,,,
서울,서울,노원구,서울과기대,예체능,금속공예디자인학과,금속공예디자인학과,유지,유지,,,,,,,,,,학교생활우수자,3.04,2.79,,,,92.06667,국영탐(2),1/1,,,,,,,,,,,,,,,,,,,,,
서울,서울,동대문구,서울시립대,인문,경제학부,경제학부,유지,유지,지역균형선발,1.93,1.89,,,,,,,학생부종합I,3.15,2.39,학생부종합II,2.36,2.3,92.05882,국수영탐(2),1/1,,,,,,,,,,,,,,,,,,,,,
서울,서울,성동구,한양대,자연,융합전자공학부,융합전자공학부,유지,유지,추천형,1.49,1.4,,,,,,,서류형,2.9,2.69,추천형,1.49,1.4,92.05556,국수영탐(2),2/1,,,,,,,,,,,,,,,,,,,,,
서울,서울,노원구,서울여대,인문,영어영문학과,영어영문학과,유지,유지,교과우수자,3.16,3.13,,,,,,,바롬인재면접,5.2,3.7,바롬인재서류,4,3.3,92.008,국수영탐(1) 중 3개,1/2,,,,,,,,,,,,,,,,,,,,,
서울,서울,노원구,서울여대,예체능,첨단미디어디자인전공,첨단미디어디자인전공,유지,유지,교과우수자,2.56,2.53,,,,,,,바롬인재면접,3.8,3.3,바롬인재서류,3.2,2.8,92.005,국수영탐(1) 중 3개,3/2,,,,,,,,,,,,,,,,,,,,,
서울,서울,성북구,고려대,자연,바이오의공학부,바이오의공학부,유지,유지,학교추천,1.41,1.4,,,,,,,계열적합,2.55,2.25,학업우수,2.37,2.01,92,국수탐(2),2/3,,,,,,,,,,,,,,,,,,,,,
서울,서울,성북구,고려대,자연,반도체공학과,반도체공학과,유지,유지,,,,,,,,,,계열적합,3.79,3.41,학업우수,1.72,1.69,92,국수탐(2),2/3,,,,,,,,,,,,,,,,,,,,,
서울,서울,성북구,고려대,인문,불어불문학과,불어불문학과,유지,유지,학교추천,1.65,1.62,,,,,,,계열적합,3.14,2.78,학업우수,3.36,2.99,92,국수탐(2),1/2,,,,,,,,,,,,,,,,,,,,,
서울,서울,성북구,고려대,인문,사학과,사학과,유지,유지,학교추천,1.55,1.54,,,,,,,계열적합,2.87,2.77,학업우수,2.41,2.07,92,국수탐(2),2/3,,,,,,,,,,,,,,,,,,,,,
서울,서울,성북구,고려대,인문,식품자원경제학과,식품자원경제학과,유지,유지,학교추천,1.55,1.52,,,,,,,계열적합,2.88,2.66,학업우수,2.32,1.9,92,국수탐(2),2/3,,,,,,,,,,,,,,,,,,,,,
서울,서울,성북구,고려대,인문,철학과,철학과,유지,유지,학교추천,1.55,1.48,,,,,,,계열적합,,,학업우수,2.31,2.12,92,국수탐(2),2/3,,,,,,,,,,,,,,,,,,,,,
서울,서울,성북구,고려대,인문,통계학과,통계학과,유지,유지,학교추천,1.49,1.48,,,,,,,계열적합,3.04,2.62,학업우수,2.36,1.94,92,국수탐(2),2/1,,,,,,,,,,,,,,,,,,,,,
경상권,경북,경산시,대구가톨릭대,자연,물리치료학과,물리치료학과,유지,유지,교과,2.3,2.05,,,,,,,가톨릭지도자추천,3.12,3.04,종합,2.95,2.75,92,국수영탐(1) 중 3개,3/6,,,,,,,,,,,,,,,,,,,,,
서울,서울,동대문구,서울시립대,인문,행정학과,행정학과,유지,유지,지역균형선발,1.97,1.94,,,,,,,학생부종합I,2.42,2.36,학생부종합II,2.15,2.14,92,국수영탐(2),3/3,,,,,,,,,,,,,,,,,,,,,
경인권,경기,화성시,수원대,자연,건설환경에너지공학부,건설환경에너지공학부,유지,유지,고교추천,4.25,4.3,교과우수,3.85,3.6,면접위주교과,4.05,4.15,,,,,,,92,국수영탐(1) 중 3개,4/5,,,,,,,,,,,,,,,,,,,,,
충청권,대전,동구,우송대,인문,글로벌조리학부 Lyfe 조리전공,글로벌조리학부 Lyfe 조리전공,유지,유지,면접,3,2.333333,,,,,,,면접형,,4.15225,,,,92,국수영탐(1) 중 2개,-/-,,,,,,,,,,,,,,,,,,,,,
서울,서울,동작구,중앙대,인문,경영학부(경영학),경영학부(경영학),유지,유지,지역균형,1.8,1.71,,,,,,,CAU융합형인재,2.18,2.08,CAU탐구형인재,3.25,2.59,92,국수탐(2),1/1,,,,,,,,,,,,,,,,,,,,,
서울,서울,동작구,중앙대,인문,역사학과,역사학과,유지,유지,,,,,,,,,,CAU융합형인재,2.11,2.03,,,,91.975,국수탐(2),3/2,,,,,,,,,,,,,,,,,,,,,
서울,서울,중구,동국대,자연,컴퓨터·AI학부,컴퓨터·AI학부,유지,유지,학교장추천인재,1.4,1.11,,,,,,,Do Dream(소프트웨어),3.13,2.3,불교추천인재,3.38,2.94,91.97059,국수영탐(2),3/2,,,,,,,,,,,,,,,,,,,,,
서울,서울,동작구,중앙대,인문,국제물류학과,국제물류학과,유지,유지,,,,,,,,,,CAU융합형인재,4.19,4.06,CAU탐구형인재,3.36,3.3,91.95,국수탐(2),3/3,,,,,,,,,,,,,,,,,,,,,
서울,서울,동작구,중앙대,자연,기계공학부,기계공학부,유지,유지,지역균형,1.65,1.63,,,,,,,CAU융합형인재,1.79,1.77,CAU탐구형인재,4.91,3.97,91.925,국수탐(2),3/1,,,,,,,,,,,,,,,,,,,,,
서울,서울,성동구,한양대,자연,도시공학과,도시공학과,유지,유지,추천형,1.58,1.53,,,,,,,서류형,2.14,1.77,,,,91.86111,국수영탐(2),1/2,,,,,,,,,,,,,,,,,,,,,
서울,서울,서대문구,연세대,인문,독어독문학과,독어독문학과,,,추천형,1.52,1.51,,,,,,,활동우수형,,,,,,91.85714,국수영탐(2),2/1,,,,,,,,,,,,,,,,,,,,,
서울,서울,서대문구,연세대,인문,사회학과,사회학과,,,추천형,1.64,1.58,,,,,,,활동우수형,1.73,1.67,,,,91.85714,국수영탐(2),1/1,,,,,,,,,,,,,,,,,,,,,
서울,서울,서대문구,연세대,인문,신학과,신학과,,,추천형,1.78,1.65,,,,,,,활동우수형,3.46,3.01,,,,91.85714,국수영탐(2),1/2,,,,,,,,,,,,,,,,,,,,,
서울,서울,성북구,고려대,인문,심리학부,심리학부,유지,유지,학교추천,1.48,1.44,,,,,,,계열적합,2.61,2.56,학업우수,2.01,1.65,91.83333,국수탐(2),1/2,,,,,,,,,,,,,,,,,,,,,
서울,서울,동대문구,서울시립대,인문,자유전공학부(인문),자유전공학부(인문),유지,유지,지역균형선발,1.87,1.87,,,,,,,학생부종합I,2.22,2.21,학생부종합II,2.3,2.11,91.82353,국수영탐(2),1/1,,,,,,,,,,,,,,,,,,,,,
서울,서울,성동구,한양대,인문,사회학과,사회학과,유지,유지,추천형,1.64,1.64,,,,,,,서류형,2.75,1.89,,,,91.80556,국수영탐(2),1/1,,,,,,,,,,,,,,,,,,,,,
경인권,경기,용인시,용인대,예체능,체육계열전공학부,체육계열전공학부,,,자율전공 특별,1.9,1.8,,,,,,,,,,,,,91.802,"국수영 중 1개, 탐(1)",2/-,,,,,,,,,,,,,,,,,,,,,
경인권,인천,연수구,연세대,인문,융합인문사회과학부,융합인문사회과학부,,,,,,,,,,,,국제형-국내고,1.8,1.72,,,,91.79959,국수영탐(2),1/2,,,,,,,,,,,,,,,,,,,,,
경인권,경기,용인시,경희대,예체능,스포츠의학과,스포츠의학과,유지,유지,지역균형,1.5,1.5,,,,,,,네오르네상스,2.9,2.73,,,,91.75,국영탐(1),2/3,,,,,,,,,,,,,,,,,,,,,
서울,서울,서대문구,이화여대,인문,교육학과,교육학과,유지,유지,고교추천,1.62,1.56,,,,,,,미래인재,2.17,2.1,,,,91.75,국수영탐(2),3/2,,,,,,,,,,,,,,,,,,,,,
서울,서울,동대문구,경희대,인문,조리&푸드디자인학과,조리&푸드디자인학과,유지,유지,지역균형,3.6,3.16,,,,,,,네오르네상스,2.07,1.88,,,,91.70588,국수영탐(2),2/1,,,,,,,,,,,,,,,,,,,,,
충청권,충남,공주시,국립공주대,인문,윤리교육과,윤리교육과,유지,유지,교과Ⅰ,2.61,2.58,,,,,,,일반,3.27,3.03,,,,91.675,국수영탐(1) 중 3개,1/-,,,,,,,,,,,,,,,,,,,,,
서울,서울,광진구,건국대,자연,화공·생명·에너지공학부,화공학부,유지,변경,KU지역균형,1.68,1.63,,,,,,,KU자기추천,2.12,2.08,,,,91.66667,국수영탐(2),3/2,,,,,,,,,,,,,,,,,,,,,
서울,서울,동대문구,서울시립대,자연,컴퓨터과학부,컴퓨터과학부,유지,유지,지역균형선발,1.6,1.6,,,,,,,학생부종합I,2.03,1.95,학생부종합II,2.07,1.83,91.66667,국수영탐(2),2/1,,,,,,,,,,,,,,,,,,,,,
서울,서울,서대문구,이화여대,인문,특수교육과,특수교육과,유지,유지,고교추천,1.94,1.84,,,,,,,미래인재,2.64,2.57,,,,91.625,국수영탐(2),3/2,,,,,,,,,,,,,,,,,,,,,
서울,서울,동대문구,서울시립대,자연,도시공학과,도시공학과,유지,유지,지역균형선발,1.82,1.59,,,,,,,학생부종합I,2.19,2.15,학생부종합II,2.02,2.02,91.61111,국수영탐(2),2/1,,,,,,,,,,,,,,,,,,,,,
서울,서울,동대문구,서울시립대,자연,전자전기컴퓨터공학부,전자전기컴퓨터공학부,유지,유지,지역균형선발,1.72,1.69,,,,,,,학생부종합I,2.41,2.28,학생부종합II,2.01,1.95,91.61111,국수영탐(2),3/2,,,,,,,,,,,,,,,,,,,,,
서울,서울,동대문구,서울시립대,자연,토목공학과,토목공학과,유지,유지,지역균형선발,1.97,1.94,,,,,,,학생부종합I,2.59,2.3,학생부종합II,2.57,2.57,91.61111,국수영탐(2),2/6,,,,,,,,,,,,,,,,,,,,,
서울,서울,성동구,한양대,자연,물리학과,물리학과,유지,유지,추천형,1.65,1.65,,,,,,,서류형,3.16,3.13,,,,91.61111,국수영탐(2),2/1,,,,,,,,,,,,,,,,,,,,,
서울,서울,성동구,한양대,자연,전기·생체공학부(전기공학),전기·생체공학부(전기공학),유지,유지,추천형,1.57,1.54,,,,,,,서류형,,,추천형,,,91.61111,국수영탐(2),3/1,,,,,,,,,,,,,,,,,,,,,
서울,서울,동작구,중앙대,자연,수학과,수학과,유지,유지,,,,,,,,,,CAU탐구형인재,2.39,2.19,,,,91.575,국수탐(2),2/1,,,,,,,,,,,,,,,,,,,,,
서울,서울,광진구,건국대,자연,전기전자공학부,전기전자공학부,유지,유지,KU지역균형,1.65,1.6,,,,,,,KU자기추천,2.15,2.04,,,,91.55556,국수영탐(2),3/1,,,,,,,,,,,,,,,,,,,,,
서울,서울,종로구,성균관대,인문,글로벌리더학부,글로벌리더학부,유지,유지,학교장추천,1.81,1.61,,,,,,,탐구형,3.22,2.94,,,,91.55556,국수영탐(2),2/1,,,,,,,,,,,,,,,,,,,,,
경인권,경기,화성시,수원대,자연,반도체공학과,반도체공학과,유지,유지,고교추천,3.9,3.7,교과우수,3.45,3.2,면접위주교과,4.2,4.1,,,,,,,91.55,국수영탐(1) 중 3개,4/4,,,,,,,,,,,,,,,,,,,,,
서울,서울,동대문구,서울시립대,자연,교통공학과,교통공학과,유지,유지,지역균형선발,2.29,2.09,,,,,,,학생부종합I,2.88,2.81,학생부종합II,2.37,2.37,91.52778,국수영탐(2),3/3,,,,,,,,,,,,,,,,,,,,,
서울,서울,성북구,고려대,자연,사이버국방학과,사이버국방학과,유지,유지,,,,,,,,,,사이버국방,2.57,2.34,,,,91.5,국수탐(2),1/2,,,,,,,,,,,,,,,,,,,,,
서울,서울,동대문구,서울시립대,자연,통계학과,통계학과,유지,유지,지역균형선발,1.94,1.72,,,,,,,학생부종합I,2.36,2.27,학생부종합II,2.43,2.21,91.5,국수영탐(2),2/1,,,,,,,,,,,,,,,,,,,,,
서울,서울,종로구,성균관대,자연,의상학과,의상학과,유지,유지,학교장추천,1.81,1.78,,,,,,,탐구형,3.63,2.74,,,,91.5,국수영탐(2),2/1,,,,,,,,,,,,,,,,,,,,,
서울,서울,서대문구,추계예대,인문,융합예술학부,융합예술학부,유지,유지,미래인재,,,,,,,,,,,,,,,91.5,국영,2/2,,,,,,,,,,,,,,,,,,,,,
서울,서울,동작구,중앙대,인문,국어국문학부,국어국문학과,유지,변경,,,,,,,,,,CAU융합형인재,1.94,1.92,CAU탐구형인재,3.66,3.36,91.475,국수탐(2),4/3,,,,,,,,,,,,,,,,,,,,,
서울,서울,광진구,건국대,공통,KU자유전공학부,KU자유전공학부,유지,유지,,,,,,,,,,KU자기추천,3.76,2.75,,,,91.44444,국수영탐(2),3/1,,,,,,,,,,,,,,,,,,,,,
서울,서울,동대문구,서울시립대,자연,환경공학부,환경공학부,유지,유지,지역균형선발,1.79,1.79,,,,,,,학생부종합I,2.23,2,학생부종합II,2.24,2.13,91.44444,국수영탐(2),3/1,,,,,,,,,,,,,,,,,,,,,
충청권,충남,아산시,순천향대,자연,임상병리학과,임상병리학과,유지,유지,교과면접,2.167,3.278,교과우수자,2.167,2,,,,일반학생,3.21,3.05,,,,91.4,"국수영 중 2개, 탐구(1)",2/2,,,,,,,,,,,,,,,,,,,,,
서울,서울,성동구,한양대,자연,유기나노공학과,유기나노공학과,유지,유지,추천형,1.43,1.43,,,,,,,서류형,3.36,2.74,,,,91.36111,국수영탐(2),3/3,,,,,,,,,,,,,,,,,,,,,
서울,서울,노원구,서울여대,인문,메타버스융합콘텐츠전공,메타버스융합콘텐츠전공,유지,유지,교과우수자,3.28,3.28,,,,,,,바롬인재면접,3.9,3.7,바롬인재서류,3.9,3.3,91.341,국수영탐(1) 중 3개,3/2,,,,,,,,,,,,,,,,,,,,,
서울,서울,노원구,서울여대,인문,사학과,사학과,유지,유지,교과우수자,3.2,3.2,,,,,,,바롬인재면접,4.1,3.7,바롬인재서류,4.4,3.5,91.335,국수영탐(1) 중 3개,3/3,,,,,,,,,,,,,,,,,,,,,
서울,서울,동대문구,서울시립대,자연,화학공학과,화학공학과,유지,유지,지역균형선발,1.68,1.68,,,,,,,학생부종합I,2.14,2.04,학생부종합II,2.32,2.05,91.33333,국수영탐(2),2/3,,,,,,,,,,,,,,,,,,,,,
서울,서울,동작구,중앙대,자연,생명과학과,생명과학과,유지,유지,,,,,,,,,,CAU탐구형인재,5.39,4.04,,,,91.3,국수탐(2),1/1,,,,,,,,,,,,,,,,,,,,,
경인권,경기,고양시,한국항공대,자연,항공운항학과,항공운항학과,유지,유지,교과성적우수자,1.7,1.68,학교장추천,1.61,1.58,,,,미래인재,2.08,1.79,,,,91.25,국수영탐(2),1/2,,,,,,,,,,,,,,,,,,,,,
경인권,경기,고양시,한국항공대,인문,항공ㆍ경영대학(사회적성),항공ㆍ경영대학(사회적성),유지,유지,교과성적우수자,2.11,2.05,학교장추천,2.28,1.96,,,,미래인재,3.04,2.63,,,,91.25,국수영탐(2),1/2,,,,,,,,,,,,,,,,,,,,,
경인권,경기,고양시,한국항공대,인문,항공ㆍ경영대학(이학적성),항공ㆍ경영대학(이학적성),유지,유지,교과성적우수자,2.11,2.05,학교장추천,2.28,1.96,,,,미래인재,2.09,2.69,,,,91.25,국수영탐(2),1/2,,,,,,,,,,,,,,,,,,,,,
서울,서울,성동구,한양대,인문,교육공학과,교육공학과,유지,유지,추천형,1.8,1.81,,,,,,,면접형,3.54,3.28,,,,91.25,국수영탐(2),2/1,,,,,,,,,,,,,,,,,,,,,
서울,서울,동대문구,서울시립대,인문,국제관계학과,국제관계학과,유지,유지,지역균형선발,2.03,1.95,,,,,,,학생부종합I,2.54,2.5,학생부종합II,2.24,2.22,91.23529,국수영탐(2),2/1,,,,,,,,,,,,,,,,,,,,,
서울,서울,광진구,건국대,자연,기계·로봇·자동차공학부,기계·로봇·자동차공학부,유지,유지,KU지역균형,1.85,1.77,,,,,,,KU자기추천,2.33,2.32,,,,91.22222,국수영탐(2),2/1,,,,,,,,,,,,,,,,,,,,,
서울,서울,성동구,한양대,인문,철학과,철학과,유지,유지,추천형,2.03,1.92,,,,,,,서류형,1.74,1.74,,,,91.22222,국수영탐(2),1/1,,,,,,,,,,,,,,,,,,,,,
서울,서울,동작구,중앙대,인문,간호학과,간호학과,유지,유지,지역균형,1.75,1.7,,,,,,,CAU융합형인재,1.89,1.77,CAU탐구형인재,2.25,2.07,91.2,국수탐(2),2/1,,,,,,,,,,,,,,,,,,,,,
서울,서울,동대문구,서울시립대,인문,도시행정학과,도시행정학과,유지,유지,지역균형선발,2.06,1.94,,,,,,,학생부종합I,2.29,2.26,,,,91.17647,국수영탐(2),2/1,,,,,,,,,,,,,,,,,,,,,
서울,서울,성동구,한양대,인문,국어국문학과,국어국문학과,유지,유지,추천형,1.53,1.53,,,,,,,서류형,3.57,3.24,,,,91.16667,국수영탐(2),2/1,,,,,,,,,,,,,,,,,,,,,
서울,서울,성동구,한양대,자연,수학교육과,수학교육과,유지,유지,추천형,1.62,1.65,,,,,,,면접형,1.74,1.74,,,,91.16667,국수영탐(2),2/1,,,,,,,,,,,,,,,,,,,,,
서울,서울,도봉구,덕성여대,자연,AI신약학과,AI신약학과,유지,유지,학생부100%,2.18,2.02,,,,,,,덕성인재Ⅱ,3.25,3.08,,,,91.1,국수영탐(1),2/4,,,,,,,,,,,,,,,,,,,,,
서울,서울,동대문구,서울시립대,인문,국사학과,국사학과,유지,유지,지역균형선발,2.31,1.86,,,,,,,학생부종합I,3.86,2.53,,,,91.1,국수영탐(2),5/1,,,,,,,,,,,,,,,,,,,,,
서울,서울,동작구,중앙대,인문,사회복지학부,사회복지학부,유지,유지,,,,,,,,,,CAU융합형인재,2.89,2.58,CAU탐구형인재,2.79,2.56,91.1,국수탐(2),3/2,,,,,,,,,,,,,,,,,,,,,
경인권,경기,용인시,경희대,자연,유전생명공학과,유전생명공학과,유지,유지,지역균형,1.65,1.62,,,,,,,네오르네상스,1.85,1.78,,,,91.05882,국수영탐(2),2/2,,,,,,,,,,,,,,,,,,,,,
서울,서울,성동구,한양대,인문,국제학부,국제학부,유지,유지,,,,,,,,,,서류형,3.86,3.41,추천형,3.78,3.65,91.05556,국수영탐(2),1/1,,,,,,,,,,,,,,,,,,,,,
서울,서울,동작구,중앙대,인문,광고홍보학부,광고홍보학과,유지,유지,,,,,,,,,,CAU융합형인재,1.94,1.92,CAU탐구형인재,3.56,2.92,91.05,국수탐(2),2/2,,,,,,,,,,,,,,,,,,,,,
서울,서울,동작구,중앙대,인문,도시계획·부동산학과,도시계획·부동산학과,유지,유지,,,,,,,,,,CAU융합형인재,2.95,2.52,CAU탐구형인재,4.03,3.89,91.05,국수탐(2),1/1,,,,,,,,,,,,,,,,,,,,,
서울,서울,동대문구,서울시립대,자연,환경원예학과,환경원예학과,유지,유지,지역균형선발,1.74,1.71,,,,,,,학생부종합I,2.71,2.31,학생부종합II,1.82,1.64,91.02778,국수영탐(2),3/2,,,,,,,,,,,,,,,,,,,,,
서울,서울,노원구,서울여대,인문,국어국문학과,국어국문학과,유지,유지,교과우수자,4.14,4.05,,,,,,,바롬인재면접,4.2,3.6,바롬인재서류,3.8,3.1,91.006,국수영탐(1) 중 3개,3/2,,,,,,,,,,,,,,,,,,,,,
서울,서울,노원구,서울여대,인문,언론영상학부,언론영상학부,유지,유지,교과우수자,2.9,2.72,,,,,,,바롬인재면접,3.5,3.1,바롬인재서류,4.1,2.9,91.002,국수영탐(1) 중 3개,3/2,,,,,,,,,,,,,,,,,,,,,
경인권,경기,부천시,가톨릭대,인문,경영학과,경영학과,유지,유지,지역균형,2.58,2.58,,,,,,,잠재능력우수자,4.24,3.19,,,,91,"국수 중 1개, 탐(1)",3/2,,,,,,,,,,,,,,,,,,,,,
경인권,경기,부천시,가톨릭대,인문,경제학과,경제학과,유지,유지,지역균형,3.15,2.9,,,,,,,잠재능력우수자,5.31,3.72,,,,91,"국수 중 1개, 탐(1)",3/2,,,,,,,,,,,,,,,,,,,,,
경인권,경기,부천시,가톨릭대,자연,공간디자인•소비자학과,공간디자인•소비자학과,유지,유지,지역균형,2.82,2.76,,,,,,,잠재능력우수자,3.54,3.21,,,,91,"국수 중 1개, 탐(1)",3/2,,,,,,,,,,,,,,,,,,,,,
경인권,경기,부천시,가톨릭대,인문,국사학과,국사학과,유지,유지,지역균형,3.13,3.08,,,,,,,잠재능력우수자,5.55,3.46,,,,91,"국수 중 1개, 탐(1)",3/2,,,,,,,,,,,,,,,,,,,,,
경인권,경기,부천시,가톨릭대,인문,국어국문학과,국어국문학과,유지,유지,지역균형,2.64,2.55,,,,,,,잠재능력우수자,3.5,3.22,,,,91,"국수 중 1개, 탐(1)",3/2,,,,,,,,,,,,,,,,,,,,,
경인권,경기,부천시,가톨릭대,인문,국제학부,국제학부,유지,유지,지역균형,2.68,2.64,,,,,,,잠재능력우수자,4.76,3.42,,,,91,"국수 중 1개, 탐(1)",3/2,,,,,,,,,,,,,,,,,,,,,
경인권,경기,부천시,가톨릭대,자연,물리학과,물리학과,유지,유지,지역균형,2.84,2.82,,,,,,,잠재능력우수자,4.3,3.5,,,,91,"국수 중 1개, 탐(1)",3/2,,,,,,,,,,,,,,,,,,,,,
경인권,경기,부천시,가톨릭대,자연,미디어기술콘텐츠학과,미디어기술콘텐츠학과,유지,유지,지역균형,2.43,2.41,,,,,,,잠재능력우수자,4.5,3.72,,,,91,"국수 중 1개, 탐(1)",3/2,,,,,,,,,,,,,,,,,,,,,
경인권,경기,부천시,가톨릭대,자연,바이오메디컬화학공학과,바이오메디컬화학공학과,유지,유지,지역균형,2.28,2.22,,,,,,,잠재능력우수자,2.93,2.63,,,,91,"국수 중 1개, 탐(1)",3/2,,,,,,,,,,,,,,,,,,,,,
경인권,경기,부천시,가톨릭대,인문,법학과,법학과,유지,유지,지역균형,2.58,2.55,,,,,,,잠재능력우수자,5.23,3.67,,,,91,"국수 중 1개, 탐(1)",3/2,,,,,,,,,,,,,,,,,,,,,
경인권,경기,부천시,가톨릭대,인문,사회복지학과,사회복지학과,유지,유지,지역균형,2.67,2.58,,,,,,,잠재능력우수자,3.4,3.12,,,,91,"국수 중 1개, 탐(1)",3/2,,,,,,,,,,,,,,,,,,,,,
경인권,경기,부천시,가톨릭대,인문,사회학과,사회학과,유지,유지,지역균형,2.78,2.67,,,,,,,잠재능력우수자,4.13,3.26,,,,91,"국수 중 1개, 탐(1)",3/2,,,,,,,,,,,,,,,,,,,,,
경인권,경기,부천시,가톨릭대,자연,생명공학과,생명공학과,유지,유지,지역균형,2.04,2.03,,,,,,,잠재능력우수자,3.03,2.56,,,,91,"국수 중 1개, 탐(1)",3/2,,,,,,,,,,,,,,,,,,,,,
경인권,경기,부천시,가톨릭대,자연,수학과,수학과,유지,유지,지역균형,2.91,2.8,,,,,,,잠재능력우수자,3.88,3.39,,,,91,"국수 중 1개, 탐(1)",3/2,,,,,,,,,,,,,,,,,,,,,
경인권,경기,부천시,가톨릭대,자연,식품영양학과,식품영양학과,유지,유지,지역균형,2.74,2.66,,,,,,,잠재능력우수자,4.15,3.26,,,,91,"국수 중 1개, 탐(1)",3/2,,,,,,,,,,,,,,,,,,,,,
경인권,경기,부천시,가톨릭대,인문,심리학과,심리학과,유지,유지,지역균형,2.26,2.19,,,,,,,잠재능력우수자,3.24,2.78,,,,91,"국수 중 1개, 탐(1)",3/2,,,,,,,,,,,,,,,,,,,,,
경인권,경기,부천시,가톨릭대,인문,심리학과,,신설,유지,,,,,,,,,,,,,,,,91,"국수 중 1개, 탐(1)",3/2,,,,,,,,,,,,,,,,,,,,,
경인권,경기,부천시,가톨릭대,인문,아동학과,아동학과,유지,유지,지역균형,2.86,2.81,,,,,,,잠재능력우수자,3.72,3.44,,,,91,"국수 중 1개, 탐(1)",3/2,,,,,,,,,,,,,,,,,,,,,
경인권,경기,부천시,가톨릭대,자연,에너지환경공학과,에너지환경공학과,유지,유지,지역균형,2.67,2.61,,,,,,,잠재능력우수자,3.26,2.85,,,,91,"국수 중 1개, 탐(1)",3/2,,,,,,,,,,,,,,,,,,,,,
경인권,경기,부천시,가톨릭대,인문,영어영문학부,영어영문학부,유지,유지,지역균형,2.77,2.71,,,,,,,잠재능력우수자,6.35,4.9,,,,91,"국수 중 1개, 탐(1)",3/2,,,,,,,,,,,,,,,,,,,,,
경인권,경기,부천시,가톨릭대,자연,의류학과,의류학과,유지,유지,지역균형,2.78,2.67,,,,,,,잠재능력우수자,4.17,3.07,,,,91,"국수 중 1개, 탐(1)",3/2,,,,,,,,,,,,,,,,,,,,,
경인권,경기,부천시,가톨릭대,인문,인문사회계열,인문사회계열,유지,유지,지역균형,2.88,2.83,,,,,,,잠재능력우수자면접,5.79,3.67,,,,91,"국수 중 1개, 탐(1)",3/2,,,,,,,,,,,,,,,,,,,,,
경인권,경기,부천시,가톨릭대,인문,일어일본문화학과,일어일본문화학과,유지,유지,지역균형,2.99,2.96,,,,,,,잠재능력우수자,6.74,5.54,,,,91,"국수 중 1개, 탐(1)",3/2,,,,,,,,,,,,,,,,,,,,,
경인권,경기,부천시,가톨릭대,자연,자연공학계열,자연공학계열,유지,유지,지역균형,2.54,2.51,,,,,,,잠재능력우수자면접,7,3.9,,,,91,"국수 중 1개, 탐(1)",3/2,,,,,,,,,,,,,,,,,,,,,
경인권,경기,부천시,가톨릭대,공통,자유전공학부,자유전공학부,유지,유지,지역균형,2.53,2.51,,,,,,,잠재능력우수자면접,5.57,3.75,잠재능력우수자,5.59,3.53,91,"국수 중 1개, 탐(1)",3/3,,,,,,,,,,,,,,,,,,,,,
경인권,경기,부천시,가톨릭대,자연,정보통신전자공학부,정보통신전자공학부,유지,유지,지역균형,2.66,2.59,,,,,,,잠재능력우수자,3.44,3.01,,,,91,"국수 중 1개, 탐(1)",3/2,,,,,,,,,,,,,,,,,,,,,
경인권,경기,부천시,가톨릭대,인문,중국언어문화학과,중국언어문화학과,유지,유지,지역균형,2.82,2.76,,,,,,,잠재능력우수자,5.68,5.13,,,,91,"국수 중 1개, 탐(1)",3/2,,,,,,,,,,,,,,,,,,,,,
경인권,경기,부천시,가톨릭대,인문,철학과,철학과,유지,유지,지역균형,2.81,2.69,,,,,,,잠재능력우수자,3.68,3.3,,,,91,"국수 중 1개, 탐(1)",3/2,,,,,,,,,,,,,,,,,,,,,
경인권,경기,부천시,가톨릭대,자연,컴퓨터정보공학부,컴퓨터정보공학부,유지,유지,지역균형,2.61,2.57,,,,,,,잠재능력우수자,5.58,3.36,,,,91,"국수 중 1개, 탐(1)",3/2,,,,,,,,,,,,,,,,,,,,,
경인권,경기,부천시,가톨릭대,인문,프랑스어문화학과,프랑스어문화학과,유지,유지,지역균형,2.96,2.96,,,,,,,잠재능력우수자,5.44,4.8,,,,91,"국수 중 1개, 탐(1)",3/2,,,,,,,,,,,,,,,,,,,,,
경인권,경기,부천시,가톨릭대,인문,행정학과,행정학과,유지,유지,지역균형,2.81,2.74,,,,,,,잠재능력우수자,4.06,3.24,,,,91,"국수 중 1개, 탐(1)",3/2,,,,,,,,,,,,,,,,,,,,,
경인권,경기,부천시,가톨릭대,자연,화학과,화학과,유지,유지,지역균형,2.52,2.32,,,,,,,잠재능력우수자,3.88,3.27,,,,91,"국수 중 1개, 탐(1)",3/2,,,,,,,,,,,,,,,,,,,,,
경인권,경기,부천시,가톨릭대,인문,회계학과,회계학과,유지,유지,지역균형,2.68,2.62,,,,,,,잠재능력우수자,4.22,3.25,,,,91,"국수 중 1개, 탐(1)",3/2,,,,,,,,,,,,,,,,,,,,,
서울,서울,광진구,건국대,자연,동물자원·식품과학·유통학부,동물자원·식품과학·유통학부,유지,유지,KU지역균형,1.89,1.67,,,,,,,KU자기추천,2.64,2.36,,,,91,국수영탐(2),4/3,,,,,,,,,,,,,,,,,,,,,
충청권,충북,충주시,건국대(글로컬),인문,경찰학과,경찰학과,유지,유지,교과우수,3.31,3.27,,,,,,,Cogito 자기추천,3.95,3.81,,,,91,국수영탐(1) 중 2개,2/2,,,,,,,,,,,,,,,,,,,,,
경인권,경기,용인시,경희대,예체능,의류디자인학과,의류디자인학과,유지,유지,지역균형,2.7,2.7,,,,,,,네오르네상스,2.42,2.31,,,,91,국영탐(1),2/2,,,,,,,,,,,,,,,,,,,,,
서울,서울,노원구,서울여대,예체능,산업디자인학과,산업디자인학과,유지,유지,,,,,,,,,,바롬인재면접,3.4,3.2,바롬인재서류,3.6,2.8,91,국수영탐(1) 중 2개,1/4,,,,,,,,,,,,,,,,,,,,,
경인권,경기,성남시,을지대,자연,응급구조학과,응급구조학과,유지,유지,지역균형,3.1,3.02,,,,,,,EU미래인재,3,3.34,EU자기추천,3.38,3.72,91,국수영탐(2) 중 2개,3/3,,,,,,,,,,,,,,,,,,,,,
경인권,경기,의정부시,을지대,자연,임상병리학과(의정부),임상병리학과(의정부),유지,유지,지역균형,3.1,3.02,,,,,,,EU미래인재,3.49,3.52,EU자기추천,3.87,3.87,91,국수영탐(2) 중 2개,2/3,,,,,,,,,,,,,,,,,,,,,
경인권,경기,성남시,을지대,자연,치위생학과,치위생학과,유지,유지,지역균형,3.1,3.02,,,,,,,EU미래인재,3.89,3.89,EU자기추천,3.94,3.83,91,국수영탐(2) 중 2개,2/4,,,,,,,,,,,,,,,,,,,,,
서울,서울,성동구,한양대,인문,경영학부,경영학부,유지,유지,추천형,1.57,1.61,,,,,,,서류형,3.53,1.74,추천형,1.57,1.61,91,국수영탐(2),2/1,,,,,,,,,,,,,,,,,,,,,
서울,서울,동작구,중앙대,자연,AI학과,AI학과,유지,유지,지역균형,1.69,1.68,,,,,,,CAU탐구형인재,3.42,3.19,,,,90.975,국수탐(2),1/3,,,,,,,,,,,,,,,,,,,,,
서울,서울,동대문구,서울시립대,자연,기계정보공학과,기계정보공학과,유지,유지,지역균형선발,1.86,1.86,,,,,,,학생부종합I,3.74,2.86,학생부종합II,2.09,1.96,90.94444,국수영탐(2),2/5,,,,,,,,,,,,,,,,,,,,,
서울,서울,종로구,성균관대,인문,교육학과,교육학과,유지,유지,학교장추천,1.97,1.82,,,,,,,탐구형,3.1,2.5,,,,90.94444,국수영탐(2),2/1,,,,,,,,,,,,,,,,,,,,,
서울,서울,광진구,건국대,인문,영어영문학과,영어영문학과,유지,유지,KU지역균형,2.08,1.93,,,,,,,KU자기추천,3.86,3.11,,,,90.88889,국수영탐(2),4/2,,,,,,,,,,,,,,,,,,,,,
서울,서울,동작구,중앙대,인문,철학과,철학과,유지,유지,,,,,,,,,,CAU융합형인재,3.19,2.17,,,,90.875,국수탐(2),2/2,,,,,,,,,,,,,,,,,,,,,
서울,서울,성동구,한양대,자연,신소재공학부,신소재공학부,유지,유지,추천형,1.53,1.48,,,,,,,서류형,2.79,2.38,추천형,1.53,1.48,90.80556,국수영탐(2),2/2,,,,,,,,,,,,,,,,,,,,,
경인권,경기,화성시,수원대,자연,컴퓨터공학부,컴퓨터학부,유지,변경,고교추천,3.85,3.85,교과우수,3.45,3.2,면접위주교과,3.6,3.3,,,,,,,90.8,국수영탐(1) 중 3개,4/2,,,,,,,,,,,,,,,,,,,,,
서울,서울,광진구,건국대,자연,시스템생명공학과,시스템생명공학과,유지,유지,KU지역균형,,,,,,,,,KU자기추천,2.08,2.07,,,,90.77778,국수영탐(2),2/3,,,,,,,,,,,,,,,,,,,,,
경인권,경기,용인시,경희대,자연,식품생명공학과,식품생명공학과,유지,유지,지역균형,1.92,1.84,,,,,,,네오르네상스,2,1.88,,,,90.76471,국수영탐(2),2/2,,,,,,,,,,,,,,,,,,,,,
서울,서울,서대문구,이화여대,인문,초등교육과,초등교육과,유지,유지,고교추천,1.28,1.26,,,,,,,미래인재,2.21,1.98,,,,90.75,국수영탐(2),1/1,,,,,,,,,,,,,,,,,,,,,
서울,서울,동작구,중앙대,자연,간호학과,간호학과,유지,유지,지역균형,1.75,1.7,,,,,,,CAU융합형인재,1.89,1.77,CAU탐구형인재,2.25,2.07,90.725,국수탐(2),2/1,,,,,,,,,,,,,,,,,,,,,
서울,서울,성동구,한양대,인문,정책학과,정책학과,유지,유지,추천형,1.64,1.68,,,,,,,서류형,3.64,3.5,추천형,1.64,1.68,90.72222,국수영탐(2),2/1,,,,,,,,,,,,,,,,,,,,,
경인권,경기,의왕시,국립한국교통대,자연,철도운전시스템공학과,철도운전시스템공학과,유지,유지,일반,1.85,1.7,,,,,,,나비인재Ⅱ,2.51,2.47,,,,90.671,국수영탐(1) 중 3개,2/-,,,,,,,,,,,,,,,,,,,,,
서울,서울,광진구,건국대,자연,물리학과,물리학과,유지,유지,KU지역균형,1.81,1.81,,,,,,,KU자기추천,2.5,2.27,,,,90.66667,국수영탐(2),4/1,,,,,,,,,,,,,,,,,,,,,
서울,서울,광진구,건국대,자연,재료공학과,재료공학과,유지,유지,KU지역균형,1.72,1.75,,,,,,,KU자기추천,2.4,2.25,,,,90.66667,국수영탐(2),4/2,,,,,,,,,,,,,,,,,,,,,
서울,서울,성북구,고려대,인문,심리학부,심리학부,유지,유지,학교추천,1.48,1.44,,,,,,,계열적합,2.61,2.56,학업우수,2.01,1.65,90.66667,국수탐(2),2/2,,,,,,,,,,,,,,,,,,,,,
서울,서울,성북구,고려대,자연,화공생명공학과,화공생명공학과,유지,유지,학교추천,1.28,1.24,,,,,,,계열적합,,,학업우수,1.95,1.7,90.66667,국수탐(2),2/2,,,,,,,,,,,,,,,,,,,,,
서울,서울,성북구,고려대,자연,환경생태공학부,환경생태공학부,유지,유지,학교추천,1.45,1.43,,,,,,,계열적합,2.24,2.01,학업우수,2.12,1.89,90.66667,국수탐(2),2/2,,,,,,,,,,,,,,,,,,,,,
서울,서울,동대문구,서울시립대,인문,철학과,철학과,유지,유지,지역균형선발,2.12,1.91,,,,,,,학생부종합I,3.9,3.52,,,,90.66667,국수영탐(2),2/1,,,,,,,,,,,,,,,,,,,,,
경인권,경기,화성시,수원대,자연,기계공학부,산업및기계공학부,유지,유지,교과우수,3.7,3.7,면접위주교과,4.2,4.11,,,,,,,,,,90.65,국수영탐(1) 중 3개,4/3,,,,,,,,,,,,,,,,,,,,,
경인권,경기,화성시,수원대,자연,화학공학신소재공학부,화학공학·신소재공학부,유지,유지,고교추천,3.95,3.8,교과우수,3.2,3.25,면접위주교과,3.85,3.5,,,,,,,90.65,국수영탐(1) 중 3개,2/4,,,,,,,,,,,,,,,,,,,,,
서울,서울,성동구,한양대,자연,간호학과,간호학과,유지,유지,추천형,1.51,1.51,,,,,,,서류형,1.87,1.65,,,,90.63889,국수영탐(2),2/2,,,,,,,,,,,,,,,,,,,,,
서울,서울,성동구,한양대,자연,화학과,화학과,유지,유지,추천형,1.55,1.42,,,,,,,서류형,2.79,1.55,,,,90.63889,국수영탐(2),3/3,,,,,,,,,,,,,,,,,,,,,
서울,서울,동작구,중앙대,인문,문헌정보학과,문헌정보학과,유지,유지,,,,,,,,,,CAU융합형인재,2.08,2.01,,,,90.6,국수탐(2),2/2,,,,,,,,,,,,,,,,,,,,,
서울,서울,동대문구,서울시립대,자연,융합응용화학과,융합응용화학과,유지,유지,지역균형선발,1.74,1.74,,,,,,,학생부종합I,2.27,2.27,학생부종합II,1.73,1.73,90.52778,국수영탐(2),4/1,,,,,,,,,,,,,,,,,,,,,
서울,서울,성동구,한양대,자연,건축학부,건축학부,유지,유지,추천형,1.5,1.54,,,,,,,서류형,3.54,2.74,,,,90.52778,국수영탐(2),3/2,,,,,,,,,,,,,,,,,,,,,
서울,서울,성동구,한양대,인문,국어교육과,국어교육과,유지,유지,추천형,1.83,1.68,,,,,,,면접형,1.68,1.63,,,,90.52778,국수영탐(2),1/1,,,,,,,,,,,,,,,,,,,,,
경인권,경기,용인시,경희대,예체능,환경조경디자인학과,환경조경디자인학과,유지,유지,지역균형,,,,,,,,,네오르네상스,3.44,2.83,,,,90.5,국영탐(1),1/2,,,,,,,,,,,,,,,,,,,,,
서울,서울,동대문구,서울시립대,자연,건축학전공,건축학전공,유지,유지,지역균형선발,1.86,1.86,,,,,,,학생부종합I,3.07,2.65,학생부종합II,2.01,1.99,90.5,국수영탐(2),3/3,,,,,,,,,,,,,,,,,,,,,
경인권,경기,성남시,을지대,자연,첨단학부,첨단학부,유지,유지,지역균형,4.14,4.14,,,,,,,EU미래인재,4.6,4.6,EU자기추천,4.43,4.43,90.5,국수영탐(2) 중 2개,2/2,,,,,,,,,,,,,,,,,,,,,
서울,서울,동작구,중앙대,인문,정치국제학과,정치국제학과,유지,유지,,,,,,,,,,CAU탐구형인재,3.8,2.39,,,,90.5,국수탐(2),2/4,,,,,,,,,,,,,,,,,,,,,
서울,서울,광진구,건국대,공통,KU자유전공학부,KU자유전공학부,유지,유지,,,,,,,,,,KU자기추천,3.76,2.75,,,,90.44444,국수영탐(2),3/1,,,,,,,,,,,,,,,,,,,,,
서울,서울,광진구,건국대,인문,경제학과,경제학과,유지,유지,KU지역균형,2.22,2.2,,,,,,,KU자기추천,2.33,2.28,,,,90.44444,국수영탐(2),4/2,,,,,,,,,,,,,,,,,,,,,
경인권,경기,수원시,아주대,자연,화학공학과,화학공학과,,,고교추천,1.92,1.92,,,,,,,ACE,2.47,2.44,,,,90.41176,국수영탐(2),3/6,,,,,,,,,,,,,,,,,,,,,
서울,서울,동작구,중앙대,자연,물리학과,물리학과,유지,유지,,,,,,,,,,CAU탐구형인재,2.84,2.21,,,,90.4,국수탐(2),3/1,,,,,,,,,,,,,,,,,,,,,
서울,서울,중구,동국대,인문,경찰행정학부,경찰행정학부,유지,유지,학교장추천인재,1.4,1.15,,,,,,,Do Dream,2.79,2.22,불교추천인재,2.23,2.22,90.38235,국수영탐(2),1/2,,,,,,,,,,,,,,,,,,,,,
서울,서울,동작구,중앙대,인문,교육학과,교육학과,유지,유지,지역균형,1.86,1.81,,,,,,,CAU융합형인재,3.37,2.62,,,,90.35,국수탐(2),2/1,,,,,,,,,,,,,,,,,,,,,
서울,서울,성북구,고려대,인문,교육학과,교육학과,유지,유지,학교추천,1.6,1.4,,,,,,,계열적합,1.88,1.74,학업우수,1.86,1.79,90.33333,국수탐(2),1/2,,,,,,,,,,,,,,,,,,,,,
서울,서울,동대문구,서울시립대,자연,조경학과,조경학과,유지,유지,지역균형선발,2.06,2.03,,,,,,,학생부종합I,2.78,2.4,,,,90.33333,국수영탐(2),3/2,,,,,,,,,,,,,,,,,,,,,
서울,서울,동작구,중앙대,인문,사회학과,사회학과,유지,유지,,,,,,,,,,CAU융합형인재,1.98,1.96,,,,90.3,국수탐(2),1/2,,,,,,,,,,,,,,,,,,,,,
충청권,충북,청주시,한국교원대,인문,초등교육과,초등교육과,유지,유지,,,,,,,,,,학생부종합우수자 일반,1.96,1.88,,,,90.275,국수영탐(2),2/1,,,,,,,,,,,,,,,,,,,,,
전라권,전북,완주군,우석대,자연,한약학과,한약학과,,,교과중심,1.62,1.54,,,,,,,,,,,,,90.25,국수영탐(2),3/4,,,,,,,,,,,,,,,,,,,,,
서울,서울,마포구,홍익대,예체능,예술학과,예술학과,유지,유지,학교장추천자,2.11,2.06,,,,,,,학교생활우수자,3.04,2.82,,,,90.25,"국수탐(2) 중 1개, 영",2/1,,,,,,,,,,,,,,,,,,,,,
경인권,경기,용인시,경희대,자연,컴퓨터공학부 컴퓨터공학과,컴퓨터공학부 컴퓨터공학과,유지,유지,지역균형,1.72,1.72,,,,,,,네오르네상스,1.92,1.91,,,,90.23529,국수영탐(2),2/2,,,,,,,,,,,,,,,,,,,,,
서울,서울,광진구,건국대,인문,경영학과,경영학과,유지,유지,KU지역균형,1.87,1.72,,,,,,,KU자기추천,3.5,2.5,,,,90.22222,국수영탐(2),3/3,,,,,,,,,,,,,,,,,,,,,
서울,서울,광진구,건국대,자연,융합생명공학과,융합생명공학과,유지,유지,KU지역균형,,,,,,,,,KU자기추천,1.96,1.96,,,,90.22222,국수영탐(2),2/3,,,,,,,,,,,,,,,,,,,,,
서울,서울,광진구,건국대,자연,항공우주·모빌리티공학과,항공우주·모빌리티공학과,유지,유지,KU지역균형,2,1.97,,,,,,,KU자기추천,2.89,2.67,,,,90.22222,국수영탐(2),3/4,,,,,,,,,,,,,,,,,,,,,
서울,서울,광진구,건국대,자연,환경보건·산림조경학부,환경보건·산림조경학부,유지,유지,KU지역균형,1.92,1.85,,,,,,,KU자기추천,2.72,2.54,,,,90.22222,국수영탐(2),3/5,,,,,,,,,,,,,,,,,,,,,
서울,서울,동대문구,서울시립대,자연,수학과,수학과,유지,유지,지역균형선발,1.76,1.76,,,,,,,학생부종합I,2.24,2.11,학생부종합II,1.98,1.98,90.22222,국수영탐(2),2/1,,,,,,,,,,,,,,,,,,,,,
충청권,충남,천안시,상명대,예체능,예술학부 영화영상전공(연출•스태프),예술학부 영화영상전공(연출•스태프),유지,유지,,,,,,,,,,상명인재,3.85,3.51,,,,90.2,"국수영 중 2개, 탐구(1)",1/3,,,,,,,,,,,,,,,,,,,,,
서울,서울,동작구,숭실대,인문,벤처중소기업학과,벤처중소기업학과,유지,유지,학생부우수자,2.44,2.31,,,,,,,SSU미래인재,3.55,3.21,,,,90.1875,국수영탐(2),4/5,,,,,,,,,,,,,,,,,,,,,
서울,서울,중구,동국대,자연,전자전기공학부,전자전기공학부,유지,유지,학교장추천인재,1.4,1.12,,,,,,,Do Dream,2.8,2.34,불교추천인재,3.03,2.73,90.17647,국수영탐(2),3/2,,,,,,,,,,,,,,,,,,,,,
서울,서울,동작구,중앙대,인문,영어교육과,영어교육과,유지,유지,지역균형,1.87,1.83,,,,,,,CAU융합형인재,1.97,1.91,,,,90.175,국수탐(2),2/1,,,,,,,,,,,,,,,,,,,,,
서울,서울,동대문구,서울시립대,자연,공간정보공학과,공간정보공학과,유지,유지,지역균형선발,1.9,1.86,,,,,,,학생부종합I,2.45,2.26,학생부종합II,2.46,2.46,90.16667,국수영탐(2),3/1,,,,,,,,,,,,,,,,,,,,,
서울,서울,동대문구,서울시립대,자연,생명과학과,생명과학과,유지,유지,지역균형선발,1.64,1.64,,,,,,,학생부종합I,2.01,1.94,학생부종합II,1.8,1.8,90.16667,국수영탐(2),2/2,,,,,,,,,,,,,,,,,,,,,
경인권,경기,시흥시,한국공학대,자연,나노반도체공학부(나노반도체공학전공),반도체공학부(나노반도체공학전공),유지,유지,교과우수자,3.4,3.19,지역균형,3.18,3.17,,,,창의인재,4.34,4.03,,,,90.15,국수영탐(1) 중 3개,4/-,,,,,,,,,,,,,,,,,,,,,
서울,서울,광진구,건국대,자연,사회환경공학부,사회환경공학부,유지,유지,KU지역균형,2.12,2,,,,,,,KU자기추천,2.71,2.5,,,,90.11111,국수영탐(2),3/3,,,,,,,,,,,,,,,,,,,,,
서울,서울,동대문구,서울시립대,자연,물리학과,물리학과,유지,유지,지역균형선발,1.79,1.7,,,,,,,학생부종합I,2.2,2.2,학생부종합II,1.92,1.92,90.11111,국수영탐(2),4/2,,,,,,,,,,,,,,,,,,,,,
경인권,경기,성남시,가천대,자연,클라우드공학과,클라우드공학과,유지,유지,학생부우수자,3.25,,,,,,,,가천바람개비,3.58,,,,,90.1,국수영탐(2),2/1,,,,,,,,,,,,,,,,,,,,,
경인권,경기,화성시,수원대,자연,AI데이터과학부,데이터과학부,유지,변경,고교추천,4.3,4.24,교과우수,3.65,3.75,면접위주교과,4.05,3.7,,,,,,,90.1,국수영탐(1) 중 3개,3/6,,,,,,,,,,,,,,,,,,,,,
서울,서울,동작구,중앙대,예체능,체육교육과,체육교육과,유지,유지,,,,,,,,,,CAU융합형인재,2.33,2.21,,,,90.075,국수탐(2),3/2,,,,,,,,,,,,,,,,,,,,,
서울,서울,동작구,중앙대,인문,심리학과,심리학과,유지,유지,,,,,,,,,,CAU융합형인재,2.16,2.11,CAU탐구형인재,2.2,2.11,90.05,국수탐(2),1/2,,,,,,,,,,,,,,,,,,,,,
서울,서울,중구,동국대,자연,열린전공학부(자연),열린전공학부(자연),유지,유지,학교장추천인재,1.6,1.22,,,,,,,,,,,,,90.02941,국수영탐(2),3/2,,,,,,,,,,,,,,,,,,,,,
서울,서울,중구,동국대,자연,화공생물공학과,화공생물공학과,유지,유지,학교장추천인재,1.1,1.03,,,,,,,Do Dream,2.53,2.12,불교추천인재,2.38,2.28,90.02941,국수영탐(2),3/2,,,,,,,,,,,,,,,,,,,,,
서울,서울,노원구,서울여대,자연,데이터사이언스학과,데이터사이언스학과,유지,유지,교과우수자,3.12,3.12,,,,,,,SW융합인재,4.4,3.7,교과우수자,3.12,3.12,90.003,국수영탐(1) 중 3개,3/1,,,,,,,,,,,,,,,,,,,,,
서울,서울,광진구,건국대,자연,생물공학과,생물공학과,유지,유지,KU지역균형,1.61,1.61,,,,,,,KU자기추천,2.15,2.04,,,,90,국수영탐(2),2/1,,,,,,,,,,,,,,,,,,,,,
서울,서울,광진구,건국대,인문,정치외교학과,정치외교학과,유지,유지,KU지역균형,,,,,,,,,KU자기추천,2.36,2.3,,,,90,국수영탐(2),3/2,,,,,,,,,,,,,,,,,,,,,
충청권,충북,충주시,건국대(글로컬),자연,생명공학과,생명공학과,유지,유지,교과우수,3.74,3.59,,,,,,,Cogito 자기추천,4.61,4.33,,,,90,국수영탐(1) 중 2개,3/1,,,,,,,,,,,,,,,,,,,,,
충청권,대전,서구,건양대,자연,제약생명공학과,제약생명공학과,유지,유지,일반학생[교과],3.7,3.5,,,,,,,학생부종합,4.11,3.97,,,,90,국수영탐(1) 중 2개,2/4,,,,,,,,,,,,,,,,,,,,,
서울,서울,동대문구,경희대,자연,약과학과,약과학과,유지,유지,지역균형,1.52,1.5,,,,,,,네오르네상스,1.72,1.71,,,,90,국수영탐(2),2/3,,,,,,,,,,,,,,,,,,,,,
충청권,충남,천안시,남서울대,자연,간호학과,간호학과,유지,유지,교과+면접,2.37,2.37,일반,2.03,1.8,,,,학생부종합 면접형,4.18,3.73,,,,90,국수영탐(1) 중 2개,2/-,,,,,,,,,,,,,,,,,,,,,
경인권,경기,화성시,수원대,자연,식품영양학과,식품영양학과,유지,유지,고교추천,2.08,2.08,교과우수,3.05,3.1,면접위주교과,3.31,2.81,,,,,,,90,국수영탐(1) 중 3개,2/1,,,,,,,,,,,,,,,,,,,,,
경인권,경기,성남시,을지대,자연,안경광학과,안경광학과,유지,유지,지역균형,3.1,3.02,,,,,,,EU미래인재,3.49,3.52,EU자기추천,5.14,5.14,90,국수영탐(2) 중 2개,3/6,,,,,,,,,,,,,,,,,,,,,
서울,서울,성동구,한양대,공통,의류학과,의류학과,유지,유지,추천형,1.98,1.93,,,,,,,서류형,4.14,3.73,,,,89.97222,국수영탐(2),1/2,,,,,,,,,,,,,,,,,,,,,
서울,서울,동대문구,서울시립대,자연,첨단인공지능전공,,신설,유지,,,,,,,,,,,,,,,,89.94444,국수영탐(2),1/3,,,,,,,,,,,,,,,,,,,,,
서울,서울,중구,동국대,인문,열린전공학부(인문),열린전공학부(인문),유지,유지,학교장추천인재,1.7,1.2,,,,,,,,,,,,,89.94118,국수영탐(2),2/2,,,,,,,,,,,,,,,,,,,,,
서울,서울,동작구,중앙대,인문,미디어커뮤니케이션학부,미디어커뮤니케이션학부,유지,유지,지역균형,2.28,2.19,,,,,,,CAU융합형인재,2.73,2.26,CAU탐구형인재,3.95,3.37,89.9,국수탐(2),2/2,,,,,,,,,,,,,,,,,,,,,
서울,서울,광진구,건국대,자연,건축학부,건축학부,유지,유지,KU지역균형,2,2.07,,,,,,,KU자기추천,2.88,2.56,,,,89.88889,국수영탐(2),2/2,,,,,,,,,,,,,,,,,,,,,
서울,서울,광진구,건국대,인문,기술경영학과,기술경영학과,유지,유지,KU지역균형,1.92,1.92,,,,,,,KU자기추천,2.5,2.33,,,,89.88889,국수영탐(2),2/2,,,,,,,,,,,,,,,,,,,,,
서울,서울,광진구,건국대,인문,부동산학과,부동산학과,유지,유지,KU지역균형,2,2,,,,,,,KU자기추천,3.33,2.9,,,,89.88889,국수영탐(2),2/1,,,,,,,,,,,,,,,,,,,,,
서울,서울,광진구,건국대,자연,산업공학과,산업공학과,유지,유지,KU지역균형,,,,,,,,,KU자기추천,2.11,2.07,,,,89.88889,국수영탐(2),2/2,,,,,,,,,,,,,,,,,,,,,
서울,서울,광진구,건국대,자연,식량자원과학과,식량자원과학과,유지,유지,KU지역균형,,,,,,,,,KU자기추천,2.46,2.35,,,,89.88889,국수영탐(2),4/2,,,,,,,,,,,,,,,,,,,,,
서울,서울,광진구,건국대,인문,응용통계학과,응용통계학과,유지,유지,KU지역균형,1.76,1.76,,,,,,,KU자기추천,2.38,2.33,,,,89.88889,국수영탐(2),1/2,,,,,,,,,,,,,,,,,,,,,
서울,서울,광진구,건국대,자연,화학과,화학과,유지,유지,KU지역균형,,,,,,,,,KU자기추천,2.14,2.13,,,,89.88889,국수영탐(2),2/2,,,,,,,,,,,,,,,,,,,,,
서울,서울,중구,동국대,자연,기계로봇에너지공학과,기계로봇에너지공학과,유지,유지,학교장추천인재,1.3,1.16,,,,,,,Do Dream,2.89,2.37,불교추천인재,3.7,3.21,89.88235,국수영탐(2),3/2,,,,,,,,,,,,,,,,,,,,,
서울,서울,중구,동국대,자연,정보통신공학과,정보통신공학과,유지,유지,학교장추천인재,1.5,1.4,,,,,,,Do Dream,2.84,2.38,불교추천인재,3.1,2.94,89.88235,국수영탐(2),3/2,,,,,,,,,,,,,,,,,,,,,
서울,서울,동작구,중앙대,자연,건축학부,건축학부,유지,유지,,,,,,,,,,CAU융합형인재,1.99,1.87,CAU탐구형인재,2.68,2.55,89.875,국수탐(2),1/2,,,,,,,,,,,,,,,,,,,,,
서울,서울,중구,동국대,자연,에너지신소재공학과,에너지신소재공학과,유지,유지,학교장추천인재,1.4,1.16,,,,,,,Do Dream,2.35,2.14,,,,89.85294,국수영탐(2),3/2,,,,,,,,,,,,,,,,,,,,,
서울,서울,중구,동국대,자연,컴퓨터·AI학부,컴퓨터·AI학부,유지,유지,학교장추천인재,1.4,1.11,,,,,,,Do Dream(소프트웨어),3.13,2.3,불교추천인재,3.38,2.94,89.85294,국수영탐(2),3/2,,,,,,,,,,,,,,,,,,,,,
전라권,전북,익산시,원광대,자연,한약학과,한약학과,유지,유지,,,,,,,,,,학생부종합,2.36,2.31,,,,89.83333,국수영탐(2),1/1,,,,,,,,,,,,,,,,,,,,,
경인권,경기,용인시,경희대,공통,자유전공학부,자유전공학부,유지,유지,지역균형,1.81,1.76,,,,,,,,,,,,,89.82353,국수영탐(2),2/2,,,,,,,,,,,,,,,,,,,,,
경인권,경기,용인시,경희대,자연,전자공학부 반도체공학과,전자정보공학부 반도체공학과,유지,변경,,,,,,,,,,네오르네상스,1.88,1.85,,,,89.82353,국수영탐(2),2/2,,,,,,,,,,,,,,,,,,,,,
서울,서울,서대문구,이화여대,자연,수학교육과,수학교육과,유지,유지,고교추천,1.63,1.53,,,,,,,미래인재,2.07,1.89,,,,89.8125,국수영탐(2),2/3,,,,,,,,,,,,,,,,,,,,,
충청권,충남,천안시,상명대,예체능,예술학부 연극전공(이론),예술학부 연극전공(이론),유지,유지,,,,,,,,,,상명인재,2.54,2.54,,,,89.8,"국수영 중 2개, 탐구(1)",4/1,,,,,,,,,,,,,,,,,,,,,
서울,서울,종로구,성균관대,자연,의상학과,의상학과,유지,유지,학교장추천,1.81,1.78,,,,,,,탐구형,3.63,2.74,,,,89.77778,국수영탐(2),2/1,,,,,,,,,,,,,,,,,,,,,
서울,서울,동작구,중앙대,인문,경영학부(글로벌금융),경영학부(글로벌금융),유지,유지,지역균형,1.84,1.83,,,,,,,CAU융합형인재,,,CAU탐구형인재,,,89.75,국수탐(2),3/1,,,,,,,,,,,,,,,,,,,,,
서울,서울,성동구,한양대,예체능,연극영화학과(영화),연극영화학과(영화),유지,유지,,,,,,,,,,서류형,,,,,,89.72222,국수영탐(2),2/1,,,,,,,,,,,,,,,,,,,,,
서울,서울,동대문구,경희대,자연,수학과,수학과,유지,유지,지역균형,1.68,1.62,,,,,,,네오르네상스,2.01,1.96,,,,89.70588,국수영탐(2),2/2,,,,,,,,,,,,,,,,,,,,,
충청권,충북,청주시,한국교원대,자연,수학교육과,수학교육과,유지,유지,,,,,,,,,,학생부종합우수자 일반,2.27,2.2,,,,89.7,국수영탐(2),2/1,,,,,,,,,,,,,,,,,,,,,
충청권,대전,서구,건양대,자연,물리치료학과,물리치료학과,유지,유지,일반학생[교과],2.88,2.5,,,,,,,학생부종합,3.12,2.87,,,,89.675,국수영탐(1) 중 3개,2/5,,,,,,,,,,,,,,,,,,,,,
서울,서울,노원구,서울여대,인문,일어일문학과,일어일문학과,유지,유지,교과우수자,3.51,3.4,,,,,,,바롬인재면접,5.4,3.8,바롬인재서류,5.6,3.9,89.674,국수영탐(1) 중 3개,2/3,,,,,,,,,,,,,,,,,,,,,
충청권,충남,공주시,국립공주대,인문,지리교육과,지리교육과,유지,유지,교과Ⅰ,2.83,2.83,,,,,,,일반,3.36,3.27,,,,89.672,국수영탐(1) 중 3개,2/-,,,,,,,,,,,,,,,,,,,,,
서울,서울,노원구,서울여대,자연,생명환경공학과,생명환경공학과,유지,유지,교과우수자,3.62,3.62,,,,,,,바롬인재면접,3.7,3,바롬인재서류,3.3,2.8,89.67,국수영탐(1) 중 3개,3/1,,,,,,,,,,,,,,,,,,,,,
서울,서울,광진구,건국대,자연,수학과,수학과,유지,유지,KU지역균형,,,,,,,,,KU자기추천,2.42,2.26,,,,89.66667,국수영탐(2),1/1,,,,,,,,,,,,,,,,,,,,,
서울,서울,광진구,건국대,인문,영어교육과,영어교육과,유지,유지,KU지역균형,1.88,1.88,,,,,,,KU자기추천,2.23,2.17,,,,89.66667,국수영탐(2),2/2,,,,,,,,,,,,,,,,,,,,,
서울,서울,성북구,고려대,자연,산업경영공학부,산업경영공학부,유지,유지,학교추천,1.39,1.38,,,,,,,계열적합,3.73,3.68,학업우수,1.92,1.88,89.66667,국수탐(2),2/1,,,,,,,,,,,,,,,,,,,,,
서울,서울,성북구,국민대,예체능,스포츠건강재활학과,스포츠건강재활학과,,,,,,,,,,,,국민프런티어,3.35,3.35,,,,89.6,국영탐(2),1/1,,,,,,,,,,,,,,,,,,,,,
서울,서울,동대문구,경희대,인문,빅데이터응용학과,빅데이터응용학과,유지,유지,지역균형,1.45,1.45,,,,,,,네오르네상스,2.05,1.96,,,,89.58824,국수영탐(2),1/2,,,,,,,,,,,,,,,,,,,,,
서울,서울,동대문구,한국외대,자연,Language & AI융합학부,Language & AI융합학부,유지,유지,학교장추천,199.24,199.33,,,,,,,학생부종합(면접형),2.43,2.31,학생부종합(서류형),2.21,2.21,89.58235,국수영탐(2),3/3,,,,,,,,,,,,,,,,,,,,,
경상권,대구,북구,경북대,자연,수학교육과,수학교육과,유지,유지,교과우수자,2.72,2.65,,,,,,,일반학생,3.33,2.94,,,,89.57143,국수영탐(2),3/1,,,,,,,,,,,,,,,,,,,,,
경인권,경기,화성시,수원대,자연,건축도시부동산학부,건축도시부동산학부,유지,유지,고교추천,3.9,3.9,교과우수,3.6,3.75,면접위주교과,3.68,4.05,,,,,,,89.55,국수영탐(1) 중 3개,3/1,,,,,,,,,,,,,,,,,,,,,
서울,서울,성북구,고려대,인문,지리교육과,지리교육과,유지,유지,학교추천,1.67,1.65,,,,,,,계열적합,2.13,1.79,학업우수,2.4,2.13,89.5,국수탐(2),3/1,,,,,,,,,,,,,,,,,,,,,
서울,서울,중구,동국대,인문,경영대학,경영정보학과,유지,변경,학교장추천인재,1.8,1.34,,,,,,,Do Dream,3.85,2.93,불교추천인재,2.96,2.85,89.5,국수영탐(2),2/2,,,,,,,,,,,,,,,,,,,,,
서울,서울,중구,동국대,인문,경영대학,경영학과,유지,변경,학교장추천인재,2.7,1.37,,,,,,,Do Dream,5.38,3.05,불교추천인재,2.9,2.73,89.5,국수영탐(2),2/2,,,,,,,,,,,,,,,,,,,,,
서울,서울,중구,동국대,인문,경영대학,회계학과,유지,변경,학교장추천인재,1.7,1.5,,,,,,,Do Dream,4.91,3.15,불교추천인재,3.28,3.06,89.5,국수영탐(2),2/2,,,,,,,,,,,,,,,,,,,,,
서울,서울,중구,동국대,인문,경제학과,경제학과,유지,유지,학교장추천인재,1.2,1.1,,,,,,,Do Dream,3.88,2.48,불교추천인재,3.32,2.94,89.5,국수영탐(2),2/2,,,,,,,,,,,,,,,,,,,,,
서울,서울,중구,동국대,인문,미디어커뮤니케이션학전공,미디어커뮤니케이션학전공,유지,유지,학교장추천인재,1.1,1.02,,,,,,,Do Dream,2.31,2.18,불교추천인재,2.25,2.21,89.5,국수영탐(2),2/2,,,,,,,,,,,,,,,,,,,,,
경인권,경기,화성시,수원대,자연,바이오공학과,바이오화학산업학부,유지,유지,고교추천,3.8,3.8,교과우수,3.45,3.05,면접위주교과,3.75,3.65,,,,,,,89.5,국수영탐(1) 중 3개,4/3,,,,,,,,,,,,,,,,,,,,,
서울,서울,서대문구,이화여대,인문,교육공학과,교육공학과,유지,유지,고교추천,1.52,1.45,,,,,,,미래인재,2.53,2.29,,,,89.5,국수영탐(2),2/2,,,,,,,,,,,,,,,,,,,,,
서울,서울,서대문구,이화여대,자연,뇌인지과학부(자연),뇌인지과학부(자연),변경,유지,,,,,,,,,,미래인재,1.97,1.95,,,,89.5,국수영탐(2),1/2,,,,,,,,,,,,,,,,,,,,,
서울,서울,서대문구,이화여대,인문,사회교육전공,사회교육전공,유지,유지,고교추천,1.56,1.51,,,,,,,미래인재,2.05,2.04,,,,89.5,국수영탐(2),1/1,,,,,,,,,,,,,,,,,,,,,
서울,서울,서대문구,이화여대,인문,역사교육전공,역사교육전공,유지,유지,고교추천,1.71,1.68,,,,,,,미래인재,2.24,2.13,,,,89.5,국수영탐(2),1/1,,,,,,,,,,,,,,,,,,,,,
서울,서울,서대문구,이화여대,인문,지리교육전공,지리교육전공,유지,유지,고교추천,1.77,1.68,,,,,,,미래인재,2.2,2.2,,,,89.5,국수영탐(2),1/1,,,,,,,,,,,,,,,,,,,,,
서울,서울,광진구,건국대,자연,수학교육과,수학교육과,유지,유지,KU지역균형,1.7,1.68,,,,,,,KU자기추천,2.46,2.36,,,,89.44444,국수영탐(2),4/5,,,,,,,,,,,,,,,,,,,,,
경인권,경기,용인시,경희대,예체능,체육학과,체육학과,유지,유지,지역균형,1.3,1.3,,,,,,,네오르네상스,2.61,2.44,,,,89.375,국영탐(1),2/2,,,,,,,,,,,,,,,,,,,,,
서울,서울,성동구,한양대,인문,영어영문학과,영어영문학과,유지,유지,추천형,1.73,1.73,,,,,,,서류형,3.04,2.5,추천형,1.73,1.73,89.36111,국수영탐(2),1/2,,,,,,,,,,,,,,,,,,,,,
서울,서울,동대문구,경희대,자연,미래정보디스플레이학부,미래정보디스플레이학부,유지,유지,지역균형,1.57,1.54,,,,,,,네오르네상스,2.02,1.94,,,,89.35294,국수영탐(2),2/2,,,,,,,,,,,,,,,,,,,,,
경인권,경기,용인시,경희대,자연,스마트팜과학과,스마트팜과학과,유지,유지,지역균형,1.95,1.88,,,,,,,네오르네상스,2.22,2.11,,,,89.35294,국수영탐(2),2/2,,,,,,,,,,,,,,,,,,,,,
경인권,경기,의왕시,국립한국교통대,자연,철도차량시스템공학과,철도차량시스템공학과,유지,유지,일반,2.64,2.6,,,,,,,나비인재Ⅱ,3.41,3.21,,,,89.343,국수영탐(1) 중 3개,2/-,,,,,,,,,,,,,,,,,,,,,
충청권,대전,서구,건양대,자연,간호학과,간호학과,유지,유지,일반학생[교과],2.37,2.17,,,,,,,학생부종합,2.72,2.6,,,,89.342,국수영탐(1) 중 3개,2/3,,,,,,,,,,,,,,,,,,,,,
서울,서울,노원구,서울여대,인문,경제학과,경제학과,유지,유지,교과우수자,3.3,3.16,,,,,,,바롬인재면접,4.1,3.4,바롬인재서류,3.7,3.2,89.342,국수영탐(1) 중 3개,3/3,,,,,,,,,,,,,,,,,,,,,
서울,서울,노원구,서울여대,자연,지능정보보호학부,지능정보보호학부,유지,유지,교과우수자,3.43,3.4,,,,,,,SW융합인재,4.3,3.6,바롬인재서류,4.3,3.6,89.341,국수영탐(1) 중 3개,3/3,,,,,,,,,,,,,,,,,,,,,
서울,서울,노원구,서울여대,인문,행정학과,행정학과,유지,유지,교과우수자,3.21,3.14,,,,,,,바롬인재면접,3.8,3.4,바롬인재서류,4,3.2,89.341,국수영탐(1) 중 3개,2/1,,,,,,,,,,,,,,,,,,,,,
서울,서울,노원구,서울여대,인문,경제학과,경제학과,유지,유지,교과우수자,3.3,3.16,,,,,,,바롬인재면접,4.1,3.4,바롬인재서류,3.7,3.2,89.34,국수영탐(1) 중 3개,4/1,,,,,,,,,,,,,,,,,,,,,
서울,서울,노원구,서울여대,인문,문헌정보학과,문헌정보학과,유지,유지,교과우수자,3.34,3.18,,,,,,,바롬인재면접,3.7,3.3,바롬인재서류,3.9,3.2,89.34,국수영탐(1) 중 3개,4/1,,,,,,,,,,,,,,,,,,,,,
서울,서울,노원구,서울여대,인문,사회복지학과,사회복지학과,유지,유지,교과우수자,3.34,3.12,,,,,,,바롬인재면접,6.7,3.5,바롬인재서류,5.7,3.2,89.34,국수영탐(1) 중 3개,4/1,,,,,,,,,,,,,,,,,,,,,
서울,서울,노원구,서울여대,인문,심리•인지과학학부,심리•인지과학학부,유지,유지,교과우수자,3.38,3.35,,,,,,,바롬인재면접,3.9,3.2,바롬인재서류,3.9,3.1,89.34,국수영탐(1) 중 3개,4/1,,,,,,,,,,,,,,,,,,,,,
서울,서울,노원구,서울여대,인문,아동학과,아동학과,유지,유지,교과우수자,3.39,3.22,,,,,,,바롬인재면접,4.1,3.5,바롬인재서류,4.6,3.4,89.34,국수영탐(1) 중 3개,4/1,,,,,,,,,,,,,,,,,,,,,
서울,서울,노원구,서울여대,인문,언론영상학부,언론영상학부,유지,유지,교과우수자,2.9,2.72,,,,,,,바롬인재면접,3.5,3.1,바롬인재서류,4.1,2.9,89.34,국수영탐(1) 중 3개,4/1,,,,,,,,,,,,,,,,,,,,,
서울,서울,노원구,서울여대,인문,행정학과,행정학과,유지,유지,교과우수자,3.21,3.14,,,,,,,바롬인재면접,3.8,3.4,바롬인재서류,4,3.2,89.34,국수영탐(1) 중 3개,4/1,,,,,,,,,,,,,,,,,,,,,
서울,서울,노원구,서울여대,인문,국어국문학과,국어국문학과,유지,유지,교과우수자,4.14,4.05,,,,,,,바롬인재면접,4.2,3.6,바롬인재서류,3.8,3.1,89.337,국수영탐(1) 중 3개,3/2,,,,,,,,,,,,,,,,,,,,,
서울,서울,노원구,서울여대,인문,독일문화콘텐츠전공,독일문화콘텐츠전공,유지,유지,교과우수자,3.39,3.39,,,,,,,바롬인재면접,6,4.2,바롬인재서류,6,4.2,89.337,국수영탐(1) 중 3개,3/1,,,,,,,,,,,,,,,,,,,,,
서울,서울,노원구,서울여대,인문,독일문화콘텐츠전공,독일문화콘텐츠전공,유지,유지,교과우수자,3.39,3.39,,,,,,,바롬인재면접,6,4.2,바롬인재서류,6,4.2,89.337,국수영탐(1) 중 3개,3/2,,,,,,,,,,,,,,,,,,,,,
서울,서울,노원구,서울여대,인문,메타버스융합콘텐츠전공,메타버스융합콘텐츠전공,유지,유지,교과우수자,3.28,3.28,,,,,,,바롬인재면접,3.9,3.7,바롬인재서류,3.9,3.3,89.337,국수영탐(1) 중 3개,3/2,,,,,,,,,,,,,,,,,,,,,
서울,서울,노원구,서울여대,인문,사학과,사학과,유지,유지,교과우수자,3.2,3.2,,,,,,,바롬인재면접,4.1,3.7,바롬인재서류,4.4,3.5,89.337,국수영탐(1) 중 3개,3/2,,,,,,,,,,,,,,,,,,,,,
서울,서울,노원구,서울여대,인문,영어영문학과,영어영문학과,유지,유지,교과우수자,3.16,3.13,,,,,,,바롬인재면접,5.2,3.7,바롬인재서류,4,3.3,89.337,국수영탐(1) 중 3개,3/2,,,,,,,,,,,,,,,,,,,,,
서울,서울,노원구,서울여대,인문,일어일문학과,일어일문학과,유지,유지,교과우수자,3.51,3.4,,,,,,,바롬인재면접,5.4,3.8,바롬인재서류,5.6,3.9,89.337,국수영탐(1) 중 3개,3/2,,,,,,,,,,,,,,,,,,,,,
서울,서울,노원구,서울여대,인문,중어중문학과,중어중문학과,유지,유지,교과우수자,3.52,3.52,,,,,,,바롬인재면접,5.1,4,바롬인재서류,6,4.4,89.337,국수영탐(1) 중 3개,3/2,,,,,,,,,,,,,,,,,,,,,
서울,서울,노원구,서울여대,인문,프랑스문화콘텐츠전공,프랑스문화콘텐츠전공,유지,유지,교과우수자,3.51,3.51,,,,,,,바롬인재면접,6.5,4.8,바롬인재서류,5.4,3.8,89.337,국수영탐(1) 중 3개,3/2,,,,,,,,,,,,,,,,,,,,,
서울,서울,광진구,건국대,인문,국제무역학과,국제무역학과,유지,유지,KU지역균형,2.14,2.14,,,,,,,KU자기추천,2.67,2.63,,,,89.33333,국수영탐(2),3/1,,,,,,,,,,,,,,,,,,,,,
서울,서울,광진구,건국대,자연,생명과학특성학과,생명과학특성학과,유지,유지,KU지역균형,,,,,,,,,KU자기추천,2,1.86,,,,89.33333,국수영탐(2),1/3,,,,,,,,,,,,,,,,,,,,,
서울,서울,성북구,고려대,인문,철학과,철학과,유지,유지,학교추천,1.55,1.48,,,,,,,계열적합,,,학업우수,2.31,2.12,89.33333,국수탐(2),1/2,,,,,,,,,,,,,,,,,,,,,
경인권,경기,화성시,수원대,자연,의류학과,의류학과,유지,유지,고교추천,3.8,2.19,교과우수,3.73,3.35,면접위주교과,3.64,2.15,,,,,,,89.3,국수영탐(1) 중 3개,3/3,,,,,,,,,,,,,,,,,,,,,
서울,서울,성북구,국민대,예체능,시각디자인학과,시각디자인학과,,,,,,,,,,,,국민프런티어,3.42,3.04,,,,89.25,"수탐(2) 중 1개, 국영",1/3,,,,,,,,,,,,,,,,,,,,,
서울,서울,서대문구,이화여대,인문,영어교육과,영어교육과,유지,유지,고교추천,1.6,1.6,,,,,,,미래인재,2.24,2.2,,,,89.25,국수영탐(2),1/3,,,,,,,,,,,,,,,,,,,,,
서울,서울,동대문구,경희대,인문,미디어학과,미디어학과,유지,유지,지역균형,2.77,2.46,,,,,,,네오르네상스,2.04,1.93,,,,89.23529,국수영탐(2),2/2,,,,,,,,,,,,,,,,,,,,,
서울,서울,동대문구,경희대,자연,화학과,화학과,유지,유지,지역균형,1.52,1.48,,,,,,,네오르네상스,1.81,1.77,,,,89.23529,국수영탐(2),2/2,,,,,,,,,,,,,,,,,,,,,
서울,서울,광진구,건국대,인문,미디어커뮤니케이션학과,미디어커뮤니케이션학과,유지,유지,KU지역균형,2.36,2.27,,,,,,,KU자기추천,2.56,2.37,,,,89.22222,국수영탐(2),3/1,,,,,,,,,,,,,,,,,,,,,
서울,서울,동대문구,경희대,인문,경영회계계열,경영학과,유지,변경,지역균형,1.82,1.78,,,,,,,네오르네상스,2.37,2.2,,,,89.20588,국수영탐(2),2/2,,,,,,,,,,,,,,,,,,,,,
경인권,경기,용인시,경희대,자연,전자공학부 전자공학과,전자정보공학부 전자공학과,유지,변경,지역균형,1.63,1.63,,,,,,,네오르네상스,1.93,1.89,,,,89.17647,국수영탐(2),2/2,,,,,,,,,,,,,,,,,,,,,
서울,서울,노원구,서울과기대,인문,경영학과(경영학전공),경영학과(경영학전공),유지,유지,고교추천,2.2,2.18,,,,,,,학교생활우수자,3.93,3.33,,,,89.15625,국수영탐(2),2/1,,,,,,,,,,,,,,,,,,,,,
서울,서울,동작구,중앙대,인문,경제학부,경제학부,유지,유지,,,,,,,,,,CAU융합형인재,2.07,1.96,CAU탐구형인재,3.64,2.82,89.15,국수탐(2),1/2,,,,,,,,,,,,,,,,,,,,,
충청권,충북,청주시,한국교원대,인문,영어교육과,영어교육과,유지,유지,,,,,,,,,,학생부종합우수자 일반,2.81,2.58,,,,89.125,국수영탐(2),1/2,,,,,,,,,,,,,,,,,,,,,
서울,서울,광진구,건국대,자연,공과대학자유전공학부,공과대학자유전공학부,유지,유지,KU지역균형,1.81,1.84,,,,,,,,,,,,,89.11111,국수영탐(2),2/1,,,,,,,,,,,,,,,,,,,,,
서울,서울,중구,동국대,인문,광고홍보학과,광고홍보학과,유지,유지,학교장추천인재,1.5,1.25,,,,,,,Do Dream,3,2.44,불교추천인재,2.81,2.61,89.08824,국수영탐(2),2/2,,,,,,,,,,,,,,,,,,,,,
서울,서울,중구,동국대,인문,국제통상학과,국제통상학과,유지,유지,학교장추천인재,1.6,1.5,,,,,,,Do Dream,4.51,3.58,불교추천인재,3.05,2.86,89.08824,국수영탐(2),2/2,,,,,,,,,,,,,,,,,,,,,
서울,서울,중구,동국대,인문,법학과,법학과,유지,유지,학교장추천인재,1.4,1.2,,,,,,,Do Dream,5.6,2.84,불교추천인재,3.61,3.15,89.08824,국수영탐(2),2/2,,,,,,,,,,,,,,,,,,,,,
서울,서울,중구,동국대,인문,북한학전공,북한학전공,유지,유지,학교장추천인재,1.6,1.47,,,,,,,Do Dream,2.97,2.74,,,,89.08824,국수영탐(2),3/2,,,,,,,,,,,,,,,,,,,,,
서울,서울,중구,동국대,인문,사학과,사학과,유지,유지,학교장추천인재,1.2,1.13,,,,,,,Do Dream,4.53,2.75,,,,89.08824,국수영탐(2),3/2,,,,,,,,,,,,,,,,,,,,,
서울,서울,중구,동국대,인문,사회복지학과,사회복지학과,유지,유지,학교장추천인재,1.6,1.23,,,,,,,Do Dream,2.63,2.45,불교추천인재,3.94,3.74,89.08824,국수영탐(2),3/2,,,,,,,,,,,,,,,,,,,,,
서울,서울,중구,동국대,인문,식품산업관리학과,식품산업관리학과,유지,유지,학교장추천인재,1.7,1.47,,,,,,,Do Dream,5.02,3.3,,,,89.08824,국수영탐(2),2/2,,,,,,,,,,,,,,,,,,,,,
서울,서울,중구,동국대,인문,역사교육과,역사교육과,유지,유지,학교장추천인재,1.5,1.16,,,,,,,Do Dream,2.38,2.08,,,,89.08824,국수영탐(2),3/2,,,,,,,,,,,,,,,,,,,,,
서울,서울,중구,동국대,인문,정치외교학전공,정치외교학전공,유지,변경,학교장추천인재,1.3,1.16,,,,,,,Do Dream,4.27,2.66,불교추천인재,2.88,2.75,89.08824,국수영탐(2),2/2,,,,,,,,,,,,,,,,,,,,,
서울,서울,중구,동국대,인문,철학과,철학과,유지,유지,학교장추천인재,1.6,1.5,,,,,,,Do Dream,3.3,2.84,,,,89.08824,국수영탐(2),2/2,,,,,,,,,,,,,,,,,,,,,
서울,서울,중구,동국대,인문,행정학전공,행정학전공,유지,변경,학교장추천인재,1.3,1.06,,,,,,,Do Dream,2.52,2.37,불교추천인재,2.77,2.54,89.08824,국수영탐(2),2/2,,,,,,,,,,,,,,,,,,,,,
서울,서울,서대문구,이화여대,자연,건축도시시스템공학과,건축도시시스템공학과,유지,유지,고교추천,1.81,1.79,,,,,,,미래인재,2.34,2.25,,,,89.0625,국수영탐(2),1/2,,,,,,,,,,,,,,,,,,,,,
서울,서울,서대문구,이화여대,자연,건축학과,건축학과,유지,유지,고교추천,1.74,1.59,,,,,,,미래인재,2.31,2.2,,,,89.0625,국수영탐(2),1/2,,,,,,,,,,,,,,,,,,,,,
서울,서울,서대문구,이화여대,자연,기후에너지시스템공학과,기후에너지시스템공학과,유지,유지,고교추천,1.6,1.58,,,,,,,미래인재,2.04,1.97,,,,89.0625,국수영탐(2),1/2,,,,,,,,,,,,,,,,,,,,,
서울,서울,서대문구,이화여대,자연,물리학과,물리학과,변경,유지,,,,,,,,,,미래인재,2.35,2.26,,,,89.0625,국수영탐(2),1/2,,,,,,,,,,,,,,,,,,,,,
서울,서울,서대문구,이화여대,자연,사이버보안학과,사이버보안학과,유지,유지,고교추천,1.81,1.77,,,,,,,미래인재,2.24,2.12,,,,89.0625,국수영탐(2),1/2,,,,,,,,,,,,,,,,,,,,,
서울,서울,서대문구,이화여대,자연,생명과학과,생명과학과,유지,유지,고교추천,1.43,1.37,,,,,,,미래인재,1.83,1.78,,,,89.0625,국수영탐(2),1/2,,,,,,,,,,,,,,,,,,,,,
서울,서울,서대문구,이화여대,자연,수학과,수학과,유지,유지,고교추천,1.78,1.71,,,,,,,미래인재,2.13,2.09,,,,89.0625,국수영탐(2),1/2,,,,,,,,,,,,,,,,,,,,,
서울,서울,서대문구,이화여대,자연,식품생명공학과,식품생명공학과,유지,유지,고교추천,1.66,1.57,,,,,,,미래인재,1.94,1.85,,,,89.0625,국수영탐(2),1/2,,,,,,,,,,,,,,,,,,,,,
서울,서울,서대문구,이화여대,자연,식품영양학과,식품영양학과,유지,유지,고교추천,1.61,1.55,,,,,,,미래인재,2.01,1.98,,,,89.0625,국수영탐(2),1/2,,,,,,,,,,,,,,,,,,,,,
서울,서울,서대문구,이화여대,자연,융합보건학과,융합보건학과,변경,유지,,,,,,,,,,미래인재,1.94,1.87,,,,89.0625,국수영탐(2),1/2,,,,,,,,,,,,,,,,,,,,,
서울,서울,서대문구,이화여대,자연,전자전기공학전공,전자전기공학전공,유지,유지,고교추천,1.72,1.65,,,,,,,미래인재,2.11,2.08,,,,89.0625,국수영탐(2),1/2,,,,,,,,,,,,,,,,,,,,,
서울,서울,서대문구,이화여대,자연,컴퓨터공학과,컴퓨터공학과,유지,유지,고교추천,1.52,1.46,,,,,,,미래인재,2.25,2.09,,,,89.0625,국수영탐(2),1/2,,,,,,,,,,,,,,,,,,,,,
서울,서울,서대문구,이화여대,자연,통계학과,통계학과,유지,유지,고교추천,1.72,1.67,,,,,,,미래인재,2.21,2.05,,,,89.0625,국수영탐(2),1/2,,,,,,,,,,,,,,,,,,,,,
서울,서울,서대문구,이화여대,자연,화공신소재공학과,화공신소재공학과,유지,유지,고교추천,1.42,1.35,,,,,,,미래인재,1.86,1.8,,,,89.0625,국수영탐(2),1/2,,,,,,,,,,,,,,,,,,,,,
서울,서울,서대문구,이화여대,자연,화학•나노과학과,화학•나노과학과,유지,유지,고교추천,1.63,1.58,,,,,,,미래인재,2,1.81,,,,89.0625,국수영탐(2),1/2,,,,,,,,,,,,,,,,,,,,,
서울,서울,서대문구,이화여대,자연,환경공학과,환경공학과,유지,유지,고교추천,1.58,1.47,,,,,,,미래인재,2.02,1.95,,,,89.0625,국수영탐(2),1/2,,,,,,,,,,,,,,,,,,,,,
서울,서울,서대문구,이화여대,자연,휴먼기계바이오공학과,휴먼기계바이오공학과,유지,유지,고교추천,1.61,1.41,,,,,,,미래인재,1.9,1.86,,,,89.0625,국수영탐(2),1/2,,,,,,,,,,,,,,,,,,,,,
경인권,경기,용인시,경희대,자연,화학공학과,화학공학과,유지,유지,지역균형,1.9,1.9,,,,,,,네오르네상스,1.87,1.83,,,,89.05882,국수영탐(2),2/2,,,,,,,,,,,,,,,,,,,,,
서울,서울,동대문구,서울시립대,자연,융합바이오헬스전공,융합바이오헬스전공,유지,유지,지역균형선발,,,,,,,,,학생부종합I,2.22,2.22,,,,89.05556,국수영탐(2),3/2,,,,,,,,,,,,,,,,,,,,,
서울,서울,서대문구,이화여대,자연,지능형반도체공학전공,지능형반도체공학전공,유지,유지,고교추천,1.64,1.59,,,,,,,미래인재,2.32,2.21,,,,89.03125,국수영탐(2),2/3,,,,,,,,,,,,,,,,,,,,,
서울,서울,노원구,서울여대,자연,바이오헬스융합학과,바이오헬스융합학과,유지,유지,교과우수자,2.82,2.79,,,,,,,바롬인재면접,3.9,3.2,바롬인재서류,3,2.7,89.004,국수영탐(1) 중 3개,3/4,,,,,,,,,,,,,,,,,,,,,
서울,서울,노원구,서울여대,자연,생명환경공학과,생명환경공학과,유지,유지,교과우수자,3.62,3.62,,,,,,,바롬인재면접,3.7,3,바롬인재서류,3.3,2.8,89.004,국수영탐(1) 중 3개,3/4,,,,,,,,,,,,,,,,,,,,,
서울,서울,노원구,서울여대,자연,수학과,수학과,유지,유지,교과우수자,3.03,2.94,,,,,,,바롬인재면접,4.6,3.6,바롬인재서류,3.9,3.3,89.004,국수영탐(1) 중 3개,3/4,,,,,,,,,,,,,,,,,,,,,
서울,서울,노원구,서울여대,자연,식품생명공학과,식품공학과,유지,변경,교과우수자,3.28,3.16,,,,,,,바롬인재면접,3.8,3.2,바롬인재서류,3.7,2.8,89.004,국수영탐(1) 중 3개,3/4,,,,,,,,,,,,,,,,,,,,,
서울,서울,노원구,서울여대,자연,식품영양학과,식품영양학과,유지,유지,교과우수자,2.93,2.82,,,,,,,바롬인재면접,3.7,3.3,바롬인재서류,3.6,3.1,89.004,국수영탐(1) 중 3개,3/4,,,,,,,,,,,,,,,,,,,,,
서울,서울,노원구,서울여대,자연,원예생명조경학과,원예생명조경학과,유지,유지,교과우수자,3.04,3.02,,,,,,,바롬인재면접,3.7,3.2,바롬인재서류,3.8,3.3,89.004,국수영탐(1) 중 3개,3/4,,,,,,,,,,,,,,,,,,,,,
서울,서울,노원구,서울여대,자연,화학과,화학과,유지,유지,교과우수자,2.6,2.6,,,,,,,바롬인재면접,7.7,3.7,바롬인재서류,3.6,3.2,89.004,국수영탐(1) 중 3개,3/4,,,,,,,,,,,,,,,,,,,,,
서울,서울,광진구,건국대,인문,행정학과,행정학과,유지,유지,KU지역균형,2,2,,,,,,,KU자기추천,2.38,2.26,,,,89,국수영탐(2),3/2,,,,,,,,,,,,,,,,,,,,,
충청권,충북,충주시,건국대(글로컬),인문,경영학과,경영학과,유지,유지,교과우수,3.99,3.84,,,,,,,Cogito 자기추천,4.93,4.61,,,,89,국수영탐(1) 중 2개,3/4,,,,,,,,,,,,,,,,,,,,,
충청권,충북,충주시,건국대(글로컬),인문,신문방송학과,신문방송학과,유지,유지,교과우수,3.43,3.34,,,,,,,Cogito 자기추천,4.74,4.42,,,,89,국수영탐(1) 중 2개,3/2,,,,,,,,,,,,,,,,,,,,,
충청권,대전,서구,건양대,자연,의료IT공학과,의료IT공학과,유지,유지,일반학생[교과],5.09,4.79,,,,,,,학생부종합,5.78,5.16,,,,89,국수영탐(1) 중 2개,4/5,,,,,,,,,,,,,,,,,,,,,
경상권,경북,안동시,국립경국대,자연,간호학부,간호학부,유지,유지,일반학생,2.92,2.79,,,,,,,NUG인재,3.92,3.66,,,,89,국수영탐(1) 중 2개,3/1,,,,,,,,,,,,,,,,,,,,,
서울,서울,노원구,서울여대,예체능,스포츠운동과학과,스포츠운동과학과,유지,유지,교과우수자_체육,3.76,3.37,,,,,,,바롬인재면접,4.5,3.9,,,,89,국수영탐(1) 중 2개,3/4,,,,,,,,,,,,,,,,,,,,,
경인권,경기,성남시,을지대,인문,인문사회계열학부,인문사회계열학부,유지,유지,지역균형,4.09,3.91,,,,,,,EU미래인재,4.25,3.99,EU자기추천,4.15,3.7,89,국수영탐(2) 중 2개,3/1,,,,,,,,,,,,,,,,,,,,,
충청권,대전,유성구,충남대,인문,공공안전융합전공,공공안전융합전공,유지,유지,일반,3.06,2.9,,,,,,,학생부종합Ⅰ,3.53,3.23,학생부종합Ⅰ[서류],,,89,국수탐(2),4/1,,,,,,,,,,,,,,,,,,,,,
서울,서울,중구,동국대,자연,건설환경공학과,건설환경공학과,유지,유지,학교장추천인재,1.7,1.51,,,,,,,Do Dream,3.48,2.76,불교추천인재,3.09,3,88.97059,국수영탐(2),3/2,,,,,,,,,,,,,,,,,,,,,
서울,서울,중구,동국대,자연,건축공학부,건축공학부,유지,유지,학교장추천인재,1.7,1.23,,,,,,,Do Dream,2.96,2.59,불교추천인재,2.65,2.58,88.97059,국수영탐(2),3/2,,,,,,,,,,,,,,,,,,,,,
서울,서울,동대문구,서울시립대,인문,영어영문학과,영어영문학과,유지,유지,지역균형선발,2.09,2.08,,,,,,,학생부종합I,4.55,4.2,,,,88.96667,국수영탐(2),2/2,,,,,,,,,,,,,,,,,,,,,
서울,서울,동대문구,한국외대,인문,Social Science & AI융합학부,Social Science & AI융합학부,유지,유지,학교장추천,198.5,198.55,,,,,,,학생부종합(면접형),2.66,2.55,학생부종합(서류형),2.19,2.08,88.95294,국수영탐(2),3/2,,,,,,,,,,,,,,,,,,,,,
충청권,충북,청주시,한국교원대,인문,일반사회교육과,일반사회교육과,유지,유지,,,,,,,,,,학생부종합우수자 일반,2.25,2.1,,,,88.95,국수영탐(2),2/1,,,,,,,,,,,,,,,,,,,,,
충청권,대전,동구,우송대,예체능,테크노미디어융합학부 미디어디자인•영상전공,테크노미디어융합학부 미디어디자인•영상전공,유지,유지,교과중심,5.3,4.7,면접,5.166667,4.859649,우송인재,5.833333,5.5,SW잠재능력,,4.4,서류형,,6.2802,88.9,국수영탐(1) 중 2개,-/-,,,,,,,,,,,,,,,,,,,,,
서울,서울,동대문구,경희대,인문,사학과,사학과,유지,유지,지역균형,1.82,1.8,,,,,,,네오르네상스,2.42,2.29,,,,88.88235,국수영탐(2),2/1,,,,,,,,,,,,,,,,,,,,,
서울,서울,서대문구,이화여대,인문,국어교육과,국어교육과,유지,유지,고교추천,1.6,1.45,,,,,,,미래인재,2.14,2.13,,,,88.875,국수영탐(2),2/1,,,,,,,,,,,,,,,,,,,,,
서울,서울,노원구,서울과기대,인문,경영학과(글로벌테크노경영전공)_인문,경영학과(글로벌테크노경영전공)_인문,유지,유지,고교추천,2.22,2.17,,,,,,,학교생활우수자,3.94,2.9,,,,88.84375,국수영탐(2),1/1,,,,,,,,,,,,,,,,,,,,,
충청권,충북,청주시,한국교원대,자연,생물교육과,생물교육과,유지,유지,,,,,,,,,,학생부종합우수자 일반,2.31,2.12,,,,88.825,국수영탐(2),2/1,,,,,,,,,,,,,,,,,,,,,
서울,서울,동대문구,경희대,인문,정치외교학과,정치외교학과,유지,유지,지역균형,1.76,1.71,,,,,,,네오르네상스,2.06,1.99,,,,88.82353,국수영탐(2),2/1,,,,,,,,,,,,,,,,,,,,,
경인권,경기,수원시,아주대,자연,지능형반도체공학과,지능형반도체공학과,,,고교추천,1.93,1.62,,,,,,,첨단융합인재,2.24,2.23,,,,88.82353,국수영탐(2),3/3,,,,,,,,,,,,,,,,,,,,,
서울,서울,동작구,숭실대,자연,전자정보공학부,전자정보공학부(전자공학),유지,유지,학생부우수자,2.13,2.1,,,,,,,SSU미래인재,2.77,2.73,,,,88.8125,국수영탐(2),3/1,,,,,,,,,,,,,,,,,,,,,
서울,서울,광진구,건국대,인문,국어국문학과,국어국문학과,유지,유지,KU지역균형,,,,,,,,,KU자기추천,2.57,2.44,,,,88.77778,국수영탐(2),3/3,,,,,,,,,,,,,,,,,,,,,
경인권,경기,용인시,경희대,자연,소프트웨어융합학과,소프트웨어융합학과,유지,유지,지역균형,1.94,1.94,,,,,,,네오르네상스,2.02,1.87,,,,88.76471,국수영탐(2),2/2,,,,,,,,,,,,,,,,,,,,,
서울,서울,동대문구,경희대,인문,아동가족학과,아동가족학과,유지,유지,지역균형,2.31,2.23,,,,,,,네오르네상스,2.23,2.18,,,,88.76471,국수영탐(2),2/2,,,,,,,,,,,,,,,,,,,,,
경인권,경기,용인시,경희대,자연,융합바이오·신소재공학과,융합바이오·신소재공학과,유지,유지,지역균형,1.77,1.68,,,,,,,네오르네상스,2.35,2.01,,,,88.76471,국수영탐(2),2/2,,,,,,,,,,,,,,,,,,,,,
경인권,경기,시흥시,한국공학대,자연,메카트로닉스공학부(메카트로닉스전공),메카트로닉스공학부(메카트로닉스전공),유지,유지,교과우수자,3.53,3.42,지역균형,3.16,2.98,,,,창의인재,4.48,4.42,,,,88.75,국수영탐(1) 중 3개,4/-,,,,,,,,,,,,,,,,,,,,,
서울,서울,동대문구,경희대,인문,지리학과(인문계열),지리학과(인문계열),유지,유지,지역균형,2,2,,,,,,,네오르네상스,2.41,2.18,,,,88.73529,국수영탐(2),2/2,,,,,,,,,,,,,,,,,,,,,
서울,서울,동작구,중앙대,자연,산업보안학과(자연),산업보안학과(자연),유지,유지,,,,,,,,,,CAU융합형인재,1.97,1.86,,,,88.725,국수탐(2),1/1,,,,,,,,,,,,,,,,,,,,,
서울,서울,동대문구,경희대,인문,국어국문학과,국어국문학과,유지,유지,지역균형,1.95,1.9,,,,,,,네오르네상스,3.89,2.34,,,,88.70588,국수영탐(2),2/2,,,,,,,,,,,,,,,,,,,,,
서울,서울,마포구,홍익대,자연,건축학부 실내건축학전공,건축학부 실내건축학전공,유지,유지,학교장추천자,2.12,2.02,,,,,,,학교생활우수자,2.27,2.41,,,,88.70588,국수영탐(2),2/1,,,,,,,,,,,,,,,,,,,,,
서울,서울,중구,동국대,인문,교육학과,교육학과,유지,유지,학교장추천인재,1.4,1.18,,,,,,,Do Dream,2.58,2.3,,,,88.67647,국수영탐(2),3/2,,,,,,,,,,,,,,,,,,,,,
서울,서울,중구,동국대,인문,국어교육과,국어교육과,유지,유지,학교장추천인재,1.5,1.13,,,,,,,Do Dream,3.71,2.45,,,,88.67647,국수영탐(2),3/2,,,,,,,,,,,,,,,,,,,,,
서울,서울,중구,동국대,인문,국어국문문예창작학부,국어국문문예창작학부,유지,유지,학교장추천인재,1.3,1.1,,,,,,,Do Dream,2.88,2.58,,,,88.67647,국수영탐(2),3/2,,,,,,,,,,,,,,,,,,,,,
서울,서울,중구,동국대,인문,사회학전공,사회학전공,유지,유지,학교장추천인재,1.4,1.25,,,,,,,Do Dream,5.13,3.03,,,,88.67647,국수영탐(2),3/2,,,,,,,,,,,,,,,,,,,,,
서울,서울,중구,동국대,자연,수학교육과,수학교육과,유지,유지,학교장추천인재,1.2,1.2,,,,,,,Do Dream,2.6,2.28,,,,88.67647,국수영탐(2),3/2,,,,,,,,,,,,,,,,,,,,,
서울,서울,중구,동국대,인문,영어영문학부,영어영문학부,유지,유지,학교장추천인재,1.5,1.15,,,,,,,Do Dream,4.5,3.58,불교추천인재,4.51,3.63,88.67647,국수영탐(2),3/2,,,,,,,,,,,,,,,,,,,,,
서울,서울,중구,동국대,인문,일본학과,일본학과,유지,유지,학교장추천인재,1.6,1.4,,,,,,,Do Dream,4.65,3.55,,,,88.67647,국수영탐(2),3/2,,,,,,,,,,,,,,,,,,,,,
서울,서울,노원구,서울여대,인문,아동학과,아동학과,유지,유지,교과우수자,3.39,3.22,,,,,,,바롬인재면접,4.1,3.5,바롬인재서류,4.6,3.4,88.674,국수영탐(1) 중 3개,4/2,,,,,,,,,,,,,,,,,,,,,
충청권,충남,공주시,국립공주대,인문,영어교육과,영어교육과,유지,유지,교과Ⅰ,2.89,2.8,,,,,,,일반,3.55,3.39,,,,88.673,국수영탐(1) 중 3개,3/-,,,,,,,,,,,,,,,,,,,,,
서울,서울,노원구,서울여대,인문,프랑스문화콘텐츠전공,프랑스문화콘텐츠전공,유지,유지,교과우수자,3.51,3.51,,,,,,,바롬인재면접,6.5,4.8,바롬인재서류,5.4,3.8,88.671,국수영탐(1) 중 3개,3/3,,,,,,,,,,,,,,,,,,,,,
서울,서울,동대문구,경희대,자연,물리학과,물리학과,유지,유지,지역균형,1.8,1.52,,,,,,,네오르네상스,3.33,2.13,,,,88.64706,국수영탐(2),2/2,,,,,,,,,,,,,,,,,,,,,
서울,서울,동대문구,경희대,자연,식품영양학과,식품영양학과,유지,유지,지역균형,1.72,1.71,,,,,,,네오르네상스,1.81,1.74,,,,88.64706,국수영탐(2),2/2,,,,,,,,,,,,,,,,,,,,,
경인권,경기,용인시,경희대,자연,신소재공학과,신소재공학과,유지,유지,지역균형,1.58,1.58,,,,,,,네오르네상스,1.85,1.8,,,,88.64706,국수영탐(2),2/2,,,,,,,,,,,,,,,,,,,,,
서울,서울,서대문구,이화여대,인문,경영학부,경영학부,유지,유지,고교추천,1.66,1.63,,,,,,,미래인재,2.26,2.18,,,,88.625,국수영탐(2),1/4,,,,,,,,,,,,,,,,,,,,,
서울,서울,서대문구,이화여대,인문,경제학과,경제학과,유지,유지,고교추천,1.81,1.73,,,,,,,미래인재,2.35,2.31,,,,88.625,국수영탐(2),1/4,,,,,,,,,,,,,,,,,,,,,
서울,서울,서대문구,이화여대,인문,국어국문학과,국어국문학과,유지,유지,고교추천,1.85,1.83,,,,,,,미래인재,2.51,2.41,,,,88.625,국수영탐(2),1/4,,,,,,,,,,,,,,,,,,,,,
서울,서울,서대문구,이화여대,인문,국제사무학과,국제사무학과,유지,유지,고교추천,1.76,1.73,,,,,,,미래인재,3.16,2.65,,,,88.625,국수영탐(2),1/4,,,,,,,,,,,,,,,,,,,,,
서울,서울,서대문구,이화여대,공통,국제학부,국제학부,변경,유지,,,,,,,,,,미래인재,4.18,4.05,,,,88.625,국수영탐(2),1/4,,,,,,,,,,,,,,,,,,,,,
서울,서울,서대문구,이화여대,인문,기독교학과,기독교학과,변경,유지,,,,,,,,,,미래인재,3.78,3.27,,,,88.625,국수영탐(2),1/4,,,,,,,,,,,,,,,,,,,,,
서울,서울,서대문구,이화여대,인문,독어독문학과,독어독문학과,변경,유지,,,,,,,,,,미래인재,4.65,4,,,,88.625,국수영탐(2),1/4,,,,,,,,,,,,,,,,,,,,,
서울,서울,서대문구,이화여대,인문,문헌정보학과,문헌정보학과,변경,유지,,,,,,,,,,미래인재,2.69,2.53,,,,88.625,국수영탐(2),1/4,,,,,,,,,,,,,,,,,,,,,
서울,서울,서대문구,이화여대,인문,불어불문학과,불어불문학과,변경,유지,,,,,,,,,,미래인재,4.37,3.73,,,,88.625,국수영탐(2),1/4,,,,,,,,,,,,,,,,,,,,,
서울,서울,서대문구,이화여대,인문,사학과,사학과,변경,유지,,,,,,,,,,미래인재,2.5,2.43,,,,88.625,국수영탐(2),1/4,,,,,,,,,,,,,,,,,,,,,
서울,서울,서대문구,이화여대,인문,사회복지학과,사회복지학과,변경,유지,,,,,,,,,,미래인재,2.3,2.24,,,,88.625,국수영탐(2),1/4,,,,,,,,,,,,,,,,,,,,,
서울,서울,서대문구,이화여대,인문,사회학과,사회학과,유지,유지,고교추천,1.64,1.62,,,,,,,미래인재,2.23,2.22,,,,88.625,국수영탐(2),1/4,,,,,,,,,,,,,,,,,,,,,
서울,서울,서대문구,이화여대,인문,소비자학과,소비자학과,변경,유지,,,,,,,,,,미래인재,2.43,2.38,,,,88.625,국수영탐(2),1/4,,,,,,,,,,,,,,,,,,,,,
서울,서울,서대문구,이화여대,공통,스크랜튼학부,스크랜튼학부,변경,유지,,,,,,,,,,미래인재,2.22,2.15,,,,88.625,국수영탐(2),1/4,,,,,,,,,,,,,,,,,,,,,
서울,서울,서대문구,이화여대,인문,심리학과,심리학과,유지,유지,고교추천,1.7,1.64,,,,,,,미래인재,2.31,2.18,,,,88.625,국수영탐(2),1/4,,,,,,,,,,,,,,,,,,,,,
서울,서울,서대문구,이화여대,인문,영어영문학부,영어영문학부,유지,유지,고교추천,1.7,1.67,,,,,,,미래인재,4.39,3.69,,,,88.625,국수영탐(2),1/4,,,,,,,,,,,,,,,,,,,,,
서울,서울,서대문구,이화여대,인문,유아교육과,유아교육과,유지,유지,고교추천,1.78,1.69,,,,,,,미래인재,2.6,2.58,,,,88.625,국수영탐(2),1/2,,,,,,,,,,,,,,,,,,,,,
서울,서울,서대문구,이화여대,인문,융합콘텐츠학과(인문),융합콘텐츠학과(인문),변경,유지,,,,,,,,,,미래인재,3.8,3.68,,,,88.625,국수영탐(2),1/4,,,,,,,,,,,,,,,,,,,,,
서울,서울,서대문구,이화여대,예체능,의류산업학과,의류산업학과,유지,유지,고교추천,1.88,1.84,,,,,,,미래인재,3.65,2.78,,,,88.625,국수영탐(2),1/4,,,,,,,,,,,,,,,,,,,,,
서울,서울,서대문구,이화여대,자연,인공지능데이터사이언스학부,인공지능데이터사이언스학부,유지,유지,고교추천,1.68,1.57,,,,,,,미래인재,2.05,1.98,,,,88.625,국수영탐(2),2/1,,,,,,,,,,,,,,,,,,,,,
서울,서울,서대문구,이화여대,인문,정치외교학과,정치외교학과,유지,유지,고교추천,1.62,1.62,,,,,,,미래인재,2.1,2.03,,,,88.625,국수영탐(2),1/4,,,,,,,,,,,,,,,,,,,,,
서울,서울,서대문구,이화여대,인문,중어중문학과,중어중문학과,유지,유지,고교추천,1.89,1.89,,,,,,,미래인재,4.56,4.25,,,,88.625,국수영탐(2),1/4,,,,,,,,,,,,,,,,,,,,,
서울,서울,서대문구,이화여대,인문,철학과,철학과,변경,유지,,,,,,,,,,미래인재,2.44,2.29,,,,88.625,국수영탐(2),1/4,,,,,,,,,,,,,,,,,,,,,
서울,서울,서대문구,이화여대,인문,커뮤니케이션·미디어학부,커뮤니케이션·미디어학부,유지,유지,고교추천,1.78,1.75,,,,,,,미래인재,2.49,2.26,,,,88.625,국수영탐(2),1/4,,,,,,,,,,,,,,,,,,,,,
서울,서울,서대문구,이화여대,인문,행정학과,행정학과,유지,유지,고교추천,1.85,1.79,,,,,,,미래인재,2.14,2.11,,,,88.625,국수영탐(2),1/4,,,,,,,,,,,,,,,,,,,,,
경인권,경기,시흥시,한국공학대,자연,메카트로닉스공학부(AI로봇전공),메카트로닉스공학부(AI로봇전공),유지,유지,교과우수자,3.11,3.11,지역균형,3.33,3.33,,,,창의인재,4.64,4.28,,,,88.6,국수영탐(1) 중 3개,2/-,,,,,,,,,,,,,,,,,,,,,
서울,서울,동대문구,경희대,자연,지리학과(자연계열),지리학과(자연계열),유지,유지,지역균형,2,1.9,,,,,,,네오르네상스,2.41,2.41,,,,88.58824,국수영탐(2),2/2,,,,,,,,,,,,,,,,,,,,,
서울,서울,광진구,세종대,공통,자유전공학부,자유전공학부,유지,유지,지역균형,2.39,2.36,,,,,,,,,,,,,88.5625,국수영탐(2),4/2,,,,,,,,,,,,,,,,,,,,,
서울,서울,광진구,건국대,인문,문화콘텐츠학과,문화콘텐츠학과,유지,유지,KU지역균형,1.96,1.96,,,,,,,KU자기추천,2.5,2.33,,,,88.55556,국수영탐(2),3/3,,,,,,,,,,,,,,,,,,,,,
경인권,인천,미추홀구,인하대,자연,스마트모빌리티공학과,스마트모빌리티공학과,유지,유지,지역균형,2.44,2.43,,,,,,,인하미래인재,3.14,3.09,,,,88.55556,국수영탐(2),5/2,,,,,,,,,,,,,,,,,,,,,
경인권,경기,화성시,수원대,자연,아동가족복지학과,아동가족복지학과,유지,유지,고교추천,4.35,4.18,교과우수,3.73,3.73,면접위주교과,4.08,4.08,,,,,,,88.55,국수영탐(1) 중 3개,4/1,,,,,,,,,,,,,,,,,,,,,
서울,서울,중구,동국대,자연,물리학과,물리학과,유지,유지,학교장추천인재,1.6,1.4,,,,,,,Do Dream,2.87,2.36,,,,88.52941,국수영탐(2),3/2,,,,,,,,,,,,,,,,,,,,,
경인권,경기,고양시,동국대,자연,바이오시스템대학,바이오시스템대학,유지,유지,학교장추천인재,1.5,1.2,,,,,,,,,,,,,88.52941,국수영탐(2),3/2,,,,,,,,,,,,,,,,,,,,,
서울,서울,중구,동국대,인문,중어중문학과,중어중문학과,유지,유지,학교장추천인재,2.3,1.62,,,,,,,Do Dream,4.74,3.84,불교추천인재,3.79,3.64,88.52941,국수영탐(2),3/2,,,,,,,,,,,,,,,,,,,,,
서울,서울,중구,동국대,인문,지리교육과,지리교육과,유지,유지,학교장추천인재,2.1,1.43,,,,,,,Do Dream,3.08,2.53,,,,88.52941,국수영탐(2),3/2,,,,,,,,,,,,,,,,,,,,,
충청권,충북,충주시,건국대(글로컬),인문,경제통상학과,경제통상학과,유지,유지,교과우수,4.11,3.99,,,,,,,Cogito 자기추천,5.45,5.26,,,,88.5,국수영탐(1) 중 2개,3/3,,,,,,,,,,,,,,,,,,,,,
충청권,충북,충주시,건국대(글로컬),인문,문헌정보학과,문헌정보학과,유지,유지,교과우수,3.7,3.65,,,,,,,Cogito 자기추천,4.43,4.36,,,,88.5,국수영탐(1) 중 2개,4/6,,,,,,,,,,,,,,,,,,,,,
서울,서울,노원구,삼육대,자연,간호학과,간호학과,유지,유지,학교장추천,2.22,2.06,,,,,,,세움인재,2.82,2.61,재림교회목회자추천,,,88.5,국수영탐(2),2/2,,,,,,,,,,,,,,,,,,,,,
충청권,대전,동구,우송대,자연,철도시스템학부 철도소프트웨어전공,철도시스템학부 철도소프트웨어전공,유지,유지,교과중심,5.3,4.7,면접,5.833333,5.424242,우송인재,5.666667,5,SW잠재능력,,5.5,서류형,,4.161,88.5,국수영탐(1) 중 2개,-/-,,,,,,,,,,,,,,,,,,,,,
경인권,경기,수원시,아주대,자연,미래모빌리티공학과,미래모빌리티공학과,,,고교추천,2.14,2.24,,,,,,,첨단융합인재,2.86,2.77,,,,88.47059,국수영탐(2),4/3,,,,,,,,,,,,,,,,,,,,,
서울,서울,동작구,숭실대,자연,산업·정보시스템공학과,산업·정보시스템공학과,유지,유지,학생부우수자,2.36,2.27,,,,,,,SSU미래인재,2.99,2.91,,,,88.46875,국수영탐(2),3/2,,,,,,,,,,,,,,,,,,,,,
서울,서울,서대문구,이화여대,자연,과학교육과,과학교육과,유지,유지,고교추천,1.56,1.47,,,,,,,미래인재,2.04,1.94,,,,88.46875,국수영탐(2),1/1,,,,,,,,,,,,,,,,,,,,,
경인권,경기,용인시,용인대,예체능,문화예술계열전공학부,문화예술계열전공학부,,,자율전공 특별,2.1,2,,,,,,,,,,,,,88.398,"국수영 중 1개, 탐(1)",3/-,,,,,,,,,,,,,,,,,,,,,
서울,서울,동작구,중앙대,인문,아시아문화학부(중국어문학),아시아문화학부(중국어문학),유지,유지,,,,,,,,,,CAU탐구형인재,4.11,3.79,,,,88.375,국수탐(2),1/3,,,,,,,,,,,,,,,,,,,,,
서울,서울,서초구,가톨릭대,자연,간호학과,간호학과,유지,유지,지역균형,1.75,1.73,,,,,,,학교장추천,2.26,2.04,,,,88.35,국수탐(2),2/2,,,,,,,,,,,,,,,,,,,,,
서울,서울,서대문구,이화여대,자연,인공지능데이터사이언스학부,인공지능데이터사이언스학부,유지,유지,고교추천,1.68,1.57,,,,,,,미래인재,2.05,1.98,,,,88.34375,국수영탐(2),2/1,,,,,,,,,,,,,,,,,,,,,
충청권,대전,서구,건양대,자연,방사선학과,방사선학과,유지,유지,일반학생[교과],2.66,2.51,,,,,,,학생부종합,3.49,3.28,,,,88.341,국수영탐(1) 중 3개,3/3,,,,,,,,,,,,,,,,,,,,,
경인권,경기,의왕시,국립한국교통대,자연,철도전기정보공학과,철도전기정보공학과,유지,유지,일반,2.29,2.25,,,,,,,나비인재Ⅱ,3.69,3.52,,,,88.34,국수영탐(1) 중 3개,2/-,,,,,,,,,,,,,,,,,,,,,
서울,서울,노원구,서울여대,자연,패션산업학과,패션산업학과,유지,유지,교과우수자,2.67,2.67,,,,,,,바롬인재면접,4.2,3.4,바롬인재서류,3.7,3.3,88.338,국수영탐(1) 중 3개,3/1,,,,,,,,,,,,,,,,,,,,,
서울,서울,광진구,건국대,인문,중어중문학과,중어중문학과,유지,유지,KU지역균형,2.11,2.11,,,,,,,KU자기추천,5.17,4.3,,,,88.33333,국수영탐(2),3/2,,,,,,,,,,,,,,,,,,,,,
서울,서울,동대문구,경희대,인문,사회학과,사회학과,유지,유지,지역균형,1.86,1.85,,,,,,,네오르네상스,2.05,2.02,,,,88.29412,국수영탐(2),2/2,,,,,,,,,,,,,,,,,,,,,
서울,서울,동대문구,경희대,자연,생물학과,생물학과,유지,유지,지역균형,1.52,1.48,,,,,,,네오르네상스,1.78,1.65,,,,88.29412,국수영탐(2),2/2,,,,,,,,,,,,,,,,,,,,,
서울,서울,동대문구,서울시립대,자연,신소재공학과,신소재공학과,유지,유지,지역균형선발,1.77,1.65,,,,,,,학생부종합II,2.27,2.21,,,,88.27778,국수영탐(2),2/4,,,,,,,,,,,,,,,,,,,,,
충청권,대전,유성구,충남대,자연,전자공학과,전자공학과,유지,유지,일반,2.17,2.1,,,,,,,학생부종합Ⅰ,2.78,2.69,학생부종합Ⅰ[서류],2.65,2.56,88.25,국수탐(2),3/1,,,,,,,,,,,,,,,,,,,,,
충청권,세종,세종,홍익대(세종),인문,세종캠퍼스자율전공(인문·예능),세종캠퍼스자율전공(인문·예능),유지,유지,교과우수자,3.2,2.95,,,,,,,학교생활우수자,3.3,2.9,,,,88.25,"국수 중 1개, 영탐(2)",2/2,,,,,,,,,,,,,,,,,,,,,
경인권,인천,미추홀구,인하대,자연,통계학과,통계학과,유지,유지,지역균형,2.6,2.53,,,,,,,인하미래인재,3.2,3.05,,,,88.22222,국수영탐(2),6/3,,,,,,,,,,,,,,,,,,,,,
서울,서울,동작구,숭실대,자연,자유전공학부(자연),자유전공학부(자연),유지,유지,학생부우수자,2.2,2.19,,,,,,,,,,,,,88.21875,국수영탐(2),2/1,,,,,,,,,,,,,,,,,,,,,
경인권,경기,용인시,용인대,예체능,경호학과,경호학과,,,일반학생,1.9,1.9,,,,,,,,,,,,,88.202,"국수영 중 1개, 탐(1)",2/-,,,,,,,,,,,,,,,,,,,,,
충청권,충남,천안시,상명대,예체능,디자인학부 AR•VR미디어디자인전공,디자인학부 AR•VR미디어디자인전공,유지,유지,학생부교과,3.6,3.57,,,,,,,상명인재,4.26,2.09,,,,88.2,"국수영 중 2개, 탐구(1)",4/1,,,,,,,,,,,,,,,,,,,,,
서울,서울,동작구,중앙대,인문,아시아문화학부(일본어문학),아시아문화학부(일본어문학),유지,유지,,,,,,,,,,CAU탐구형인재,4.25,3.68,,,,88.2,국수탐(2),2/1,,,,,,,,,,,,,,,,,,,,,
서울,서울,동대문구,경희대,인문,주거환경학과,주거환경학과,유지,유지,지역균형,1.93,1.93,,,,,,,네오르네상스,2.7,2.39,,,,88.17647,국수영탐(2),2/2,,,,,,,,,,,,,,,,,,,,,
서울,서울,동대문구,서울시립대,인문,국어국문학과,국어국문학과,유지,유지,지역균형선발,2.06,1.88,,,,,,,학생부종합I,2.58,2.54,,,,88.16667,국수영탐(2),3/2,,,,,,,,,,,,,,,,,,,,,
서울,서울,동대문구,경희대,인문,관광?엔터테인먼트학부,관광엔터테인먼트학부,유지,유지,지역균형,1.84,1.83,,,,,,,네오르네상스,2.51,2.38,,,,88.14706,국수영탐(2),2/2,,,,,,,,,,,,,,,,,,,,,
경인권,인천,미추홀구,인하대,인문,아태물류학부,아태물류학부,유지,유지,지역균형,2.19,2.13,,,,,,,인하미래인재,3.32,3.2,,,,88.14706,국수영탐(2),4/3,,,,,,,,,,,,,,,,,,,,,
경상권,대구,북구,경북대,자연,전자공학부,전자공학부,유지,유지,교과우수자,2.43,2.25,,,,,,,일반학생,3.72,3.12,,,,88.14286,국수영탐(2),2/1,,,,,,,,,,,,,,,,,,,,,
경인권,경기,고양시,동국대,자연,의생명공학과,의생명공학과,유지,유지,학교장추천인재,1.5,1.2,,,,,,,Do Dream,2.52,2.22,,,,88.11765,국수영탐(2),3/2,,,,,,,,,,,,,,,,,,,,,
서울,서울,광진구,건국대,인문,사학과,사학과,유지,유지,KU지역균형,,,,,,,,,KU자기추천,2.5,2.46,,,,88.11111,국수영탐(2),3/1,,,,,,,,,,,,,,,,,,,,,
서울,서울,종로구,성균관대,인문,교육학과,교육학과,유지,유지,학교장추천,1.97,1.82,,,,,,,탐구형,3.1,2.5,,,,88.11111,국수영탐(2),2/1,,,,,,,,,,,,,,,,,,,,,
서울,서울,노원구,삼육대,자연,컴퓨터공학부,컴퓨터공학부,유지,유지,학교장추천,3.19,3.16,,,,,,,S/W인재,3.59,3.9,세움인재,3.97,3.69,88.1,국수영탐(2),2/2,,,,,,,,,,,,,,,,,,,,,
서울,서울,중구,동국대,자연,수학과,수학과,유지,유지,학교장추천인재,1.3,1.18,,,,,,,Do Dream,3.11,2.61,,,,88.08824,국수영탐(2),3/2,,,,,,,,,,,,,,,,,,,,,
서울,서울,동대문구,한국외대,인문,Language & Trade학부,Language & Trade학부,유지,유지,학교장추천,199.93,200,,,,,,,학생부종합(면접형),4.49,4.3,학생부종합(서류형),2.51,2.42,88.04118,국수영탐(2),3/2,,,,,,,,,,,,,,,,,,,,,
충청권,충남,공주시,국립공주대,인문,국어교육과,국어교육과,유지,유지,교과Ⅰ,2.65,2.55,,,,,,,일반,3.27,3.07,,,,88.008,국수영탐(1) 중 3개,3/-,,,,,,,,,,,,,,,,,,,,,
경인권,경기,의왕시,국립한국교통대,자연,철도인프라공학과,철도인프라공학과,유지,유지,일반,2.84,2.8,,,,,,,나비인재Ⅱ,4.07,3.94,,,,88.007,국수영탐(1) 중 3개,2/-,,,,,,,,,,,,,,,,,,,,,
서울,서울,노원구,서울여대,인문,중어중문학과,중어중문학과,유지,유지,교과우수자,3.52,3.52,,,,,,,바롬인재면접,5.1,4,바롬인재서류,6,4.4,88.007,국수영탐(1) 중 3개,3/2,,,,,,,,,,,,,,,,,,,,,
서울,서울,노원구,서울여대,인문,경영학과,경영학과,유지,유지,교과우수자,3.06,2.88,,,,,,,교과우수자,3.06,2.88,바롬인재면접,6,3.6,88.006,국수영탐(1) 중 3개,4/2,,,,,,,,,,,,,,,,,,,,,
서울,서울,노원구,서울여대,자연,데이터사이언스학과,데이터사이언스학과,유지,유지,교과우수자,3.12,3.12,,,,,,,SW융합인재,4.4,3.7,교과우수자,3.12,3.12,88.006,국수영탐(1) 중 3개,4/2,,,,,,,,,,,,,,,,,,,,,
서울,서울,노원구,서울여대,자연,디지털미디어학과,디지털미디어학과,유지,유지,교과우수자,4.01,3.89,,,,,,,SW융합인재,4.7,4,바롬인재서류,4.8,3.6,88.006,국수영탐(1) 중 3개,4/2,,,,,,,,,,,,,,,,,,,,,
서울,서울,노원구,서울여대,인문,사회복지학과,사회복지학과,유지,유지,교과우수자,3.34,3.12,,,,,,,바롬인재면접,6.7,3.5,바롬인재서류,5.7,3.2,88.006,국수영탐(1) 중 3개,3/1,,,,,,,,,,,,,,,,,,,,,
서울,서울,노원구,서울여대,자연,소프트웨어학과,소프트웨어융합학과,유지,변경,교과우수자,2.84,2.84,,,,,,,SW융합인재,3.8,3.5,바롬인재서류,3.7,3.2,88.006,국수영탐(1) 중 3개,4/2,,,,,,,,,,,,,,,,,,,,,
서울,서울,노원구,서울여대,자연,지능정보보호학부,지능정보보호학부,유지,유지,교과우수자,3.43,3.4,,,,,,,SW융합인재,4.3,3.6,바롬인재서류,4.3,3.6,88.006,국수영탐(1) 중 3개,4/2,,,,,,,,,,,,,,,,,,,,,
서울,서울,노원구,서울여대,자연,패션산업학과,패션산업학과,유지,유지,교과우수자,2.67,2.67,,,,,,,바롬인재면접,4.2,3.4,바롬인재서류,3.7,3.3,88.006,국수영탐(1) 중 3개,4/2,,,,,,,,,,,,,,,,,,,,,
서울,서울,노원구,서울여대,자연,화학과,화학과,유지,유지,교과우수자,2.6,2.6,,,,,,,바롬인재면접,7.7,3.7,바롬인재서류,3.6,3.2,88.004,국수영탐(1) 중 3개,4/4,,,,,,,,,,,,,,,,,,,,,
충청권,대전,서구,건양대,자연,인공지능학과,인공지능학과,유지,유지,일반학생[교과],5.88,5.37,,,,,,,,,,,,,88,국수영탐(1) 중 2개,4/3,,,,,,,,,,,,,,,,,,,,,
경상권,경북,경산시,대구가톨릭대,자연,방사선학과,방사선학과,유지,유지,교과,2.15,1.92,,,,,,,가톨릭지도자추천,3.03,2.88,종합,3.22,3.04,88,국수영탐(1) 중 3개,3/1,,,,,,,,,,,,,,,,,,,,,
경인권,경기,성남시,을지대,자연,자연계열학부,자연계열학부,유지,유지,지역균형,3.75,3.49,,,,,,,EU미래인재,3.85,3.97,EU자기추천,4.08,3.52,88,국수영탐(2) 중 2개,2/4,,,,,,,,,,,,,,,,,,,,,
서울,서울,성동구,한양대,예체능,스포츠산업과학부(스포츠사이언스),스포츠산업과학부(스포츠사이언스),유지,유지,,,,,,,,,,서류형,,,,,,88,국수영탐(1),1/3,,,,,,,,,,,,,,,,,,,,,
서울,서울,중구,동국대,자연,산업시스템공학과,산업시스템공학과,유지,유지,학교장추천인재,1.6,1.39,,,,,,,Do Dream,3.03,2.57,불교추천인재,2.8,2.7,87.97059,국수영탐(2),3/2,,,,,,,,,,,,,,,,,,,,,
경인권,경기,고양시,동국대,자연,식품바이오융합공학과,식품생명공학과,유지,변경,학교장추천인재,1.6,1.49,,,,,,,Do Dream,3.58,2.48,불교추천인재,3.28,2.91,87.97059,국수영탐(2),3/2,,,,,,,,,,,,,,,,,,,,,
서울,서울,중구,동국대,자연,통계학과,통계학과,유지,유지,학교장추천인재,1.4,1.12,,,,,,,Do Dream,3.11,2.54,불교추천인재,2.48,2.4,87.97059,국수영탐(2),3/2,,,,,,,,,,,,,,,,,,,,,
서울,서울,강북구,성신여대,인문,간호학과,간호학과,유지,유지,지역균형,1.98,1.85,,,,,,,자기주도인재,2.53,2.5,,,,87.95,국수영탐(2),2/3,,,,,,,,,,,,,,,,,,,,,
서울,서울,동대문구,경희대,인문,영어영문학과,영어영문학과,유지,유지,지역균형,1.88,1.81,,,,,,,네오르네상스,3.51,2.32,,,,87.94118,국수영탐(2),2/1,,,,,,,,,,,,,,,,,,,,,
경인권,경기,용인시,경희대,자연,응용화학과,응용화학과,유지,유지,지역균형,1.67,1.67,,,,,,,네오르네상스,1.83,1.78,,,,87.94118,국수영탐(2),2/2,,,,,,,,,,,,,,,,,,,,,
충청권,대전,동구,우송대,인문,글로벌조리학부 글로벌조리전공,글로벌조리학부 글로벌조리전공,유지,유지,교과중심,3.4,3.1,면접,3.333333,2.905797,우송인재,4,3.5625,면접형,,4.625,서류형,,3.380167,87.9,국수영탐(1) 중 2개,-/-,,,,,,,,,,,,,,,,,,,,,
경인권,경기,시흥시,한국공학대,자연,생명화학공학과,생명화학공학과,유지,유지,교과우수자,2.83,2.72,지역균형,2.84,2.68,,,,창의인재,3.74,3.46,,,,87.9,국수영탐(1) 중 3개,4/-,,,,,,,,,,,,,,,,,,,,,
강원권,강원,춘천시,한림대,인문,영어영문학과,영어영문학과,유지,유지,교과우수자,4.07,3.67,,,,,,,학교생활우수자,5.75,5.7,,,,87.9,"국수영 중 1개, 남은+탐구(2) 중 1개",4/-,,,,,,,,,,,,,,,,,,,,,
경인권,경기,용인시,경희대,자연,산업경영공학과,산업경영공학과,유지,유지,지역균형,1.77,1.77,,,,,,,네오르네상스,2.11,1.94,,,,87.88235,국수영탐(2),2/2,,,,,,,,,,,,,,,,,,,,,
서울,서울,동작구,숭실대,자연,수학과,수학과,유지,유지,학생부우수자,2.23,2.2,,,,,,,SSU미래인재,2.67,2.47,,,,87.875,국수영탐(2),1/1,,,,,,,,,,,,,,,,,,,,,
충청권,대전,동구,우송대,인문,철도경영학과,철도경영학과,유지,유지,교과중심,4.7,3.9,면접,4.5,4.216049,우송인재,5.166667,4.5,면접형,,5.835857,서류형,,5.024,87.87,국수영탐(1) 중 2개,-/-,,,,,,,,,,,,,,,,,,,,,
충청권,대전,동구,우송대,자연,외식조리학부 외식조리전공,외식조리학부 외식조리전공,유지,유지,교과중심,3.4,2.6,면접,2.333333,1.927928,우송인재,3.75,3.433333,면접형,,4.109333,서류형,,2.471444,87.866,국수영탐(1) 중 2개,-/-,,,,,,,,,,,,,,,,,,,,,
서울,서울,도봉구,덕성여대,자연,데이터사이언스학과,데이터사이언스학과,유지,유지,학생부100%,2.39,2.29,,,,,,,덕성인재Ⅱ,3.58,3.44,,,,87.85,국수영탐(1),2/3,,,,,,,,,,,,,,,,,,,,,
서울,서울,노원구,삼육대,자연,바이오융합공학과,바이오융합공학과,유지,유지,학교장추천,3.26,3.26,,,,,,,세움인재,3.34,3.23,재림교회목회자추천,,,87.85,국수영탐(2),2/2,,,,,,,,,,,,,,,,,,,,,
서울,서울,종로구,상명대,자연,의류학과,외식의류학부 의류학전공,유지,변경,고교추천,2.52,2.53,,,,,,,상명인재,3.04,2.82,,,,87.85,국수영탐(1),4/2,,,,,,,,,,,,,,,,,,,,,
서울,서울,강북구,성신여대,자연,간호학과,간호학과,신설,신설,지역균형,1.98,1.85,,,,,,,자기주도인재,2.53,2.5,,,,87.85,국수영탐(2),3/3,,,,,,,,,,,,,,,,,,,,,
서울,서울,동대문구,한국외대,인문,Language & Diplomacy학부,Language & Diplomacy학부,유지,유지,학교장추천,191.09,193.36,,,,,,,학생부종합(면접형),2.26,2.11,학생부종합(서류형),2.18,2.13,87.84706,국수영탐(2),2/2,,,,,,,,,,,,,,,,,,,,,
서울,서울,동대문구,경희대,인문,무역학과,무역학과,유지,유지,지역균형,1.89,1.88,,,,,,,네오르네상스,2.61,2.11,,,,87.82353,국수영탐(2),2/2,,,,,,,,,,,,,,,,,,,,,
경인권,경기,용인시,경희대,자연,원자력공학과,원자력공학과,유지,유지,지역균형,1.67,1.67,,,,,,,네오르네상스,2.41,2.05,,,,87.82353,국수영탐(2),2/2,,,,,,,,,,,,,,,,,,,,,
서울,서울,동대문구,경희대,인문,철학과,철학과,유지,유지,지역균형,1.69,1.56,,,,,,,네오르네상스,2.37,2.14,,,,87.82353,국수영탐(2),2/2,,,,,,,,,,,,,,,,,,,,,
경인권,경기,수원시,아주대,자연,전자공학과,전자공학과,,,고교추천,1.96,1.97,,,,,,,ACE,2.78,2.57,,,,87.82353,국수영탐(2),2/2,,,,,,,,,,,,,,,,,,,,,
서울,서울,성북구,국민대,자연,바이오의약전공,바이오의약전공,,,교과성적우수자,1.61,1.46,,,,,,,국민프런티어,2.24,2.1,학교생활우수자,2.15,2.05,87.8125,국수영탐(2),2/2,,,,,,,,,,,,,,,,,,,,,
충청권,충남,천안시,백석대,자연,물리치료학과,물리치료학과,유지,유지,백석인재,3.65,3.51,일반,1.73,1.27,,,,창의인재,3.64,3.54,,,,87.8,"국수영 중 2개, 탐구(1)",2/-,,,,,,,,,,,,,,,,,,,,,
서울,서울,동대문구,한국외대,인문,외국어교육학부(프랑스어교육전공),외국어교육학부(프랑스어교육전공),유지,유지,학교장추천,196.31,197.22,,,,,,,학생부종합(면접형),4.31,4.23,학생부종합(서류형),4.36,4.17,87.775,국수영탐(2),3/2,,,,,,,,,,,,,,,,,,,,,
서울,서울,동대문구,경희대,자연,간호학과,간호학과,유지,유지,지역균형,1.96,1.95,,,,,,,네오르네상스,2.11,1.95,,,,87.76471,국수영탐(2),2/2,,,,,,,,,,,,,,,,,,,,,
서울,서울,동대문구,경희대,인문,글로벌Hospitality관광학과,글로벌Hospitality관광학과,유지,유지,,,,,,,,,,네오르네상스,4.04,3.91,,,,87.76471,국수영탐(2),2/2,,,,,,,,,,,,,,,,,,,,,
서울,서울,동대문구,경희대,공통,자율전공학부,자율전공학부,유지,유지,지역균형,1.79,1.69,,,,,,,네오르네상스,1.89,1.85,,,,87.76471,국수영탐(2),2/2,,,,,,,,,,,,,,,,,,,,,
경인권,경기,용인시,경희대,자연,환경학및환경공학과,환경학및환경공학과,유지,유지,지역균형,1.64,1.64,,,,,,,네오르네상스,2.05,2.01,,,,87.76471,국수영탐(2),2/2,,,,,,,,,,,,,,,,,,,,,
경인권,경기,수원시,아주대,자연,간호학과,간호학과,,,고교추천,1.77,1.77,,,,,,,ACE,2.28,2.26,,,,87.76471,국수영탐(2),2/1,,,,,,,,,,,,,,,,,,,,,
서울,서울,동대문구,한국외대,인문,경영학부,경영학부,유지,유지,학교장추천,198.92,199.24,,,,,,,학생부종합(면접형),2.46,2.32,학생부종합(서류형),2.14,2.09,87.75294,국수영탐(2),3/2,,,,,,,,,,,,,,,,,,,,,
서울,서울,용산구,숙명여대,자연,신소재물리전공,신소재물리전공,유지,유지,지역균형선발,1.91,1.8,,,,,,,숙명인재(면접형),2.63,2.43,,,,87.75,국수영탐(2),2/-,,,,,,,,,,,,,,,,,,,,,
경인권,경기,의정부시,을지대,공통,자유전공학부(의정부),자유전공학부(의정부),유지,유지,지역균형,4.65,4.49,,,,,,,,,,,,,87.75,국수영탐(2) 중 2개,3/3,,,,,,,,,,,,,,,,,,,,,
서울,서울,동대문구,경희대,인문,Hospitality경영학과,Hospitality경영학과,유지,유지,지역균형,2.04,1.96,,,,,,,네오르네상스,4.4,3.97,,,,87.70588,국수영탐(2),2/2,,,,,,,,,,,,,,,,,,,,,
서울,서울,마포구,홍익대,자연,건축학부 건축학전공(5년제),건축학부 건축학전공(5년제),유지,유지,학교장추천자,1.48,1.53,,,,,,,학교생활우수자,2.09,2.24,,,,87.70588,국수영탐(2),1/1,,,,,,,,,,,,,,,,,,,,,
경인권,경기,시흥시,한국공학대,자연,나노반도체공학부(반도체시스템전공),반도체공학부(반도체시스템전공),유지,유지,교과우수자,3.34,3.34,지역균형,3.69,3.58,,,,창의인재,4.32,3.79,,,,87.7,국수영탐(1) 중 3개,3/-,,,,,,,,,,,,,,,,,,,,,
경인권,경기,의왕시,국립한국교통대,인문,철도경영•물류학과,철도경영•물류학과,유지,유지,일반,2.6,2.53,,,,,,,나비인재Ⅱ,3.68,3.39,,,,87.678,국수영탐(1) 중 3개,6/-,,,,,,,,,,,,,,,,,,,,,
서울,서울,노원구,서울여대,자연,원예생명조경학과,원예생명조경학과,유지,유지,교과우수자,3.04,3.02,,,,,,,바롬인재면접,3.7,3.2,바롬인재서류,3.8,3.3,87.676,국수영탐(1) 중 3개,2/2,,,,,,,,,,,,,,,,,,,,,
서울,서울,노원구,서울여대,인문,기독교학과,기독교학과,유지,유지,,,,,,,,,,기독교지도자,6.1,4.2,,,,87.672,국수영탐(1) 중 3개,3/2,,,,,,,,,,,,,,,,,,,,,
서울,서울,성북구,동덕여대,인문,커뮤니케이션콘텐츠전공,커뮤니케이션콘텐츠전공,유지,유지,학생부교과우수자,2.79,2.67,,,,,,,동덕창의리더,,,,,,87.671,"국수 중 1개, 영탐(1)",4/2,,,,,,,,,,,,,,,,,,,,,
서울,서울,중구,동국대,인문,문화유산학과,문화유산학과,유지,유지,학교장추천인재,1.3,1.17,,,,,,,Do Dream,2.63,2.46,불교추천인재,2.87,2.69,87.64706,국수영탐(2),3/2,,,,,,,,,,,,,,,,,,,,,
경인권,경기,수원시,아주대,자연,프런티어과학학부,프런티어과학학부,,,고교추천,2.14,2.01,,,,,,,ACE,3.23,2.76,,,,87.64706,국수영탐(2),3/2,,,,,,,,,,,,,,,,,,,,,
경인권,경기,용인시,경희대,예체능,골프산업학과,골프산업학과,유지,유지,지역균형,4.75,4.75,,,,,,,네오르네상스,3.5,2.7,,,,87.625,국영탐(1),2/2,,,,,,,,,,,,,,,,,,,,,
경인권,경기,용인시,경희대,자연,응용수학과,응용수학과,유지,유지,지역균형,1.79,1.75,,,,,,,네오르네상스,1.99,1.97,,,,87.58824,국수영탐(2),2/2,,,,,,,,,,,,,,,,,,,,,
서울,서울,노원구,서울과기대,인문,행정학과,행정학과,유지,유지,고교추천,2.32,2.27,,,,,,,학교생활우수자,3.17,2.9,,,,87.5625,국수영탐(2),1/1,,,,,,,,,,,,,,,,,,,,,
서울,서울,동대문구,경희대,인문,경영회계계열,회계세무학과,유지,변경,지역균형,2.19,2.19,,,,,,,네오르네상스,3.79,3.58,,,,87.55882,국수영탐(2),2/2,,,,,,,,,,,,,,,,,,,,,
경인권,경기,부천시,가톨릭대,자연,의생명과학과,의생명과학과,유지,유지,지역균형,1.98,1.86,,,,,,,잠재능력우수자,6.81,3.26,,,,87.55,국수영탐(1),2/3,,,,,,,,,,,,,,,,,,,,,
서울,서울,도봉구,덕성여대,인문,글로벌융합대학(인문사회),글로벌융합대학(인문사회),유지,유지,고교추천,2.56,2.47,학생부100%,2.11,2.02,,,,덕성인재Ⅰ,3.2,3.03,덕성인재Ⅱ,3.42,3.25,87.55,국수영탐(1),2/4,,,,,,,,,,,,,,,,,,,,,
경인권,경기,시흥시,한국공학대,자연,전자공학부(임베디드시스템전공),전자공학부(임베디드시스템전공),유지,유지,교과우수자,3.14,3.13,지역균형,3.31,3.33,,,,창의인재,4.5,4.48,,,,87.55,국수영탐(1) 중 3개,2/-,,,,,,,,,,,,,,,,,,,,,
경인권,경기,용인시,경희대,자연,기계공학부,기계공학과,유지,변경,지역균형,1.65,1.65,,,,,,,네오르네상스,2.21,2.02,,,,87.52941,국수영탐(2),2/2,,,,,,,,,,,,,,,,,,,,,
경인권,경기,용인시,경희대,자연,사회기반시스템공학과,사회기반시스템공학과,유지,유지,지역균형,2.08,2.08,,,,,,,네오르네상스,2.43,2.22,,,,87.52941,국수영탐(2),2/2,,,,,,,,,,,,,,,,,,,,,
서울,서울,동대문구,경희대,인문,의상학과,의상학과,유지,유지,지역균형,2.09,2.09,,,,,,,네오르네상스,2.29,2.23,,,,87.52941,국수영탐(2),2/1,,,,,,,,,,,,,,,,,,,,,
서울,서울,마포구,홍익대,인문,서울캠퍼스자율전공(인문·예능),서울캠퍼스자율전공(인문·예능),유지,유지,학교장추천자,1.79,1.72,,,,,,,학교생활우수자,2.5,2.42,,,,87.52941,국수영탐(2),1/1,,,,,,,,,,,,,,,,,,,,,
충청권,대전,서구,건양대,자연,의공학과,의공학과,유지,유지,일반학생[교과],4.65,4.38,,,,,,,학생부종합,5.46,5.27,,,,87.5,국수영탐(1) 중 2개,5/5,,,,,,,,,,,,,,,,,,,,,
서울,서울,성북구,고려대,인문,자유전공학부,자유전공학부,유지,유지,학교추천,1.39,1.36,,,,,,,학업우수,2.27,1.9,,,,87.5,국수탐(2),2/1,,,,,,,,,,,,,,,,,,,,,
경상권,경북,안동시,국립경국대,자연,컴퓨터교육과,컴퓨터교육과,유지,유지,일반학생,2.74,2.48,,,,,,,NUG인재,4.25,4.18,,,,87.5,국수영탐(1) 중 2개,4/4,,,,,,,,,,,,,,,,,,,,,
서울,서울,서초구,서울교대,인문,초등교육학과,초등교육학과,유지,유지,학교장추천,1.62,1.55,,,,,,,교직인성우수자,2.2,2.06,,,,87.5,국수탐(2),3/4,,,,,,,,,,,,,,,,,,,,,
강원권,강원,춘천시,한림대,자연,바이오메디컬학과,바이오메디컬학과,유지,유지,교과우수자,3.67,3.6,,,,,,,학교생활우수자,5.17,4.98,,,,87.5,"국수영 중 1개, 남은+탐구(2) 중 1개",2/-,,,,,,,,,,,,,,,,,,,,,
강원권,강원,춘천시,한림대,인문,심리학과,심리학과,유지,유지,교과우수자,3.21,3,,,,,,,학교생활우수자,4.4,4.32,,,,87.5,"국수영 중 1개, 남은+탐구(2) 중 1개",2/-,,,,,,,,,,,,,,,,,,,,,
강원권,강원,춘천시,한림대,자연,언어청각학부,언어청각학부,유지,유지,교과우수자,3.83,3.53,,,,,,,학교생활우수자,5.58,5.28,,,,87.5,"국수영 중 1개, 남은+탐구(2) 중 1개",2/-,,,,,,,,,,,,,,,,,,,,,
서울,서울,동대문구,한국외대,인문,국제통상학과,국제통상학과,유지,유지,학교장추천,198.66,198.9,,,,,,,학생부종합(면접형),2.64,2.42,학생부종합(서류형),2.2,2.18,87.47059,국수영탐(2),2/2,,,,,,,,,,,,,,,,,,,,,
경인권,경기,시흥시,한국공학대,자연,게임공학과,게임공학과,유지,유지,교과우수자,3.21,3.02,지역균형,2.94,2.79,,,,창의인재,3.9,3.65,,,,87.45,국수영탐(1) 중 3개,3/-,,,,,,,,,,,,,,,,,,,,,
서울,서울,동작구,숭실대,자연,전자정보공학부,전자정보공학부(IT융합),유지,유지,학생부우수자,2.16,2.14,,,,,,,SSU미래인재,2.78,2.64,,,,87.4375,국수영탐(2),2/1,,,,,,,,,,,,,,,,,,,,,
경인권,경기,용인시,경희대,자연,생체의공학과,생체의공학과,유지,유지,지역균형,1.75,1.75,,,,,,,네오르네상스,1.96,1.91,,,,87.41176,국수영탐(2),2/2,,,,,,,,,,,,,,,,,,,,,
서울,서울,노원구,서울과기대,인문,영어영문학과,영어영문학과,유지,유지,고교추천,2.55,2.52,,,,,,,학교생활우수자,4.45,4.31,,,,87.40625,국수영탐(2),1/1,,,,,,,,,,,,,,,,,,,,,
서울,서울,동작구,숭실대,자연,전기공학부,전기공학부,유지,유지,학생부우수자,2.33,2.29,,,,,,,SSU미래인재,3.07,2.71,,,,87.40625,국수영탐(2),3/2,,,,,,,,,,,,,,,,,,,,,
경인권,인천,연수구,가천대,자연,간호학과,간호학과,유지,유지,지역균형,4.39,,학생부우수자,2.01,,,,,가천바람개비,2.8,,,,,87.4,국수영탐(1),2/1,,,,,,,,,,,,,,,,,,,,,
서울,서울,도봉구,덕성여대,자연,과학기술대학,과학기술대학,유지,유지,고교추천,2.42,2.28,학생부100%,1.93,1.86,,,,덕성인재Ⅰ,3,2.92,덕성인재Ⅱ,3.29,3.23,87.4,국수영탐(1),2/3,,,,,,,,,,,,,,,,,,,,,
서울,서울,중구,동국대,자연,화학과,화학과,유지,유지,학교장추천인재,2.05,,,,,,,,Do Dream,2.42,2.13,,,,87.38235,국수영탐(2),3/2,,,,,,,,,,,,,,,,,,,,,
서울,서울,노원구,서울과기대,예체능,스포츠과학과,스포츠과학과,유지,유지,,,,,,,,,,학교생활우수자,3.59,3.26,,,,87.375,국수영탐(2),2/1,,,,,,,,,,,,,,,,,,,,,
서울,서울,용산구,숙명여대,자연,생명시스템학부,생명시스템학부,유지,유지,지역균형선발,2.19,2.03,,,,,,,숙명인재(면접형),2.59,2.16,,,,87.375,국수영탐(2),1/-,,,,,,,,,,,,,,,,,,,,,
경인권,경기,시흥시,한국공학대,자연,컴퓨터공학부(소프트웨어전공),컴퓨터공학부(소프트웨어전공),유지,유지,교과우수자,3.44,3.44,지역균형,2.85,2.81,,,,창의인재,4,3.83,,,,87.35,국수영탐(1) 중 3개,2/-,,,,,,,,,,,,,,,,,,,,,
서울,서울,노원구,서울여대,자연,디지털미디어학과,디지털미디어학과,유지,유지,교과우수자,4.01,3.89,,,,,,,SW융합인재,4.7,4,바롬인재서류,4.8,3.6,87.346,국수영탐(1) 중 3개,1/1,,,,,,,,,,,,,,,,,,,,,
충청권,충남,공주시,국립공주대,인문,문헌정보교육과,문헌정보교육과,유지,유지,교과Ⅰ,2.59,2.54,,,,,,,일반,2.87,2.71,,,,87.343,국수영탐(1) 중 3개,3/-,,,,,,,,,,,,,,,,,,,,,
서울,서울,노원구,서울여대,인문,심리•인지과학학부,심리•인지과학학부,유지,유지,교과우수자,3.38,3.35,,,,,,,바롬인재면접,3.9,3.2,바롬인재서류,3.9,3.1,87.343,국수영탐(1) 중 3개,2/1,,,,,,,,,,,,,,,,,,,,,
충청권,충남,공주시,국립공주대,인문,한문교육과,한문교육과,유지,유지,교과Ⅰ,3.34,3.31,,,,,,,일반,3.83,3.71,,,,87.341,국수영탐(1) 중 3개,2/-,,,,,,,,,,,,,,,,,,,,,
경인권,인천,미추홀구,인하대,자연,전기전자공학부,전기전자공학부,유지,유지,지역균형,2.32,2.19,,,,,,,인하미래인재,2.68,2.55,,,,87.33333,국수영탐(2),3/3,,,,,,,,,,,,,,,,,,,,,
경인권,인천,미추홀구,인하대,자연,항공우주공학과,항공우주공학과,유지,유지,지역균형,2.3,2.23,,,,,,,인하미래인재,2.74,2.59,,,,87.33333,국수영탐(2),2/2,,,,,,,,,,,,,,,,,,,,,
서울,서울,성북구,동덕여대,예체능,문화예술경영전공,문화예술경영전공,유지,유지,학생부교과우수자,2.75,2.61,,,,,,,동덕창의리더,,,,,,87.321,"국수 중 1개, 영탐(1)",2/4,,,,,,,,,,,,,,,,,,,,,
서울,서울,동대문구,한국외대,인문,국제학부,국제학부,유지,유지,학교장추천,198.79,198.83,,,,,,,학생부종합(면접형),2.59,2.33,학생부종합(서류형),2.62,2.39,87.30588,국수영탐(2),3/2,,,,,,,,,,,,,,,,,,,,,
서울,서울,동대문구,한국외대,인문,중국언어문화학부,중국언어문화학부,유지,유지,학교장추천,197.36,197.37,,,,,,,학생부종합(면접형),4.02,3.74,학생부종합(서류형),2.85,2.65,87.3,국수영탐(2),2/3,,,,,,,,,,,,,,,,,,,,,
충청권,충남,태안군,한서대,인문,항공교통물류학과,항공교통물류학과,유지,유지,학생부교과1,2.37,2.25,학생부교과2,3.5,3.3,한서인재,3.12,2.62,융합인재,,3.5,,,,87.3,"국수영 중 2개, 탐구(1)",-/-,,,,,,,,,,,,,,,,,,,,,
충청권,충북,청주시,한국교원대,인문,국어교육과,국어교육과,유지,유지,,,,,,,,,,학생부종합우수자 일반,2.58,2.36,,,,87.25,국수영탐(2),2/1,,,,,,,,,,,,,,,,,,,,,
서울,서울,동대문구,한국외대,인문,융합일본지역학부,융합일본지역학부,유지,유지,학교장추천,198.33,198.38,,,,,,,학생부종합(면접형),3.08,2.76,학생부종합(서류형),2.66,2.4,87.25,국수영탐(2),2/1,,,,,,,,,,,,,,,,,,,,,
충청권,충북,청주시,한국교원대,자연,기술교육과,기술교육과,유지,유지,,,,,,,,,,학생부종합우수자 일반,3.05,2.69,,,,87.2,국수영탐(2),2/1,,,,,,,,,,,,,,,,,,,,,
충청권,충북,청주시,한국교원대,자연,화학교육과,화학교육과,유지,유지,,,,,,,,,,학생부종합우수자 일반,2.94,2.46,,,,87.2,국수영탐(2),2/1,,,,,,,,,,,,,,,,,,,,,
서울,서울,성북구,국민대,자연,전자화학재료전공,전자화학재료전공,,,교과성적우수자,1.84,1.94,,,,,,,국민프런티어,2.64,2.56,학교생활우수자,2.43,2.39,87.1875,국수영탐(2),3/3,,,,,,,,,,,,,,,,,,,,,
서울,서울,동대문구,한국외대,인문,정치외교학과,정치외교학과,유지,유지,학교장추천,194.72,195,,,,,,,학생부종합(면접형),2.3,2.14,학생부종합(서류형),1.9,1.87,87.15294,국수영탐(2),2/2,,,,,,,,,,,,,,,,,,,,,
서울,서울,동대문구,경희대,인문,행정학과,행정학과,유지,유지,지역균형,1.83,1.79,,,,,,,네오르네상스,2.27,2.19,,,,87.14706,국수영탐(2),2/2,,,,,,,,,,,,,,,,,,,,,
경인권,경기,안산시,한양대(ERICA),자연,기계공학과,기계공학과,유지,유지,지역균형선발,2.61,2.55,,,,,,,서류형,3.15,2.99,,,,87.14706,국수영탐(2),3/1,,,,,,,,,,,,,,,,,,,,,
서울,서울,성북구,국민대,공통,미래융합전공(A),미래융합전공(인문),,,교과성적우수자,2.33,2.05,,,,,,,,,,,,,87.125,국수영탐(2),3/3,,,,,,,,,,,,,,,,,,,,,
서울,서울,성북구,국민대,공통,자유전공(A),미래융합전공(인문),,,교과성적우수자,2.33,2.05,,,,,,,,,,,,,87.125,국수영탐(2),3/3,,,,,,,,,,,,,,,,,,,,,
서울,서울,성북구,국민대,자연,지능형ICT융합전공,지능형ICT융합전공,,,교과성적우수자,2.14,2.21,,,,,,,국민프런티어,3.08,2.97,학교생활우수자,3.01,2.83,87.125,국수영탐(2),3/1,,,,,,,,,,,,,,,,,,,,,
서울,서울,용산구,숙명여대,자연,지능형전자시스템전공,지능형전자시스템전공,유지,유지,지역균형선발,1.89,1.87,,,,,,,숙명인재(면접형),2.87,2.68,,,,87.125,국수영탐(2),2/-,,,,,,,,,,,,,,,,,,,,,
서울,서울,동대문구,한국외대,인문,포르투갈어과,포르투갈어과,유지,유지,학교장추천,196.88,197.02,,,,,,,학생부종합(면접형),4.21,4.1,학생부종합(서류형),3,2.98,87.125,국수영탐(2),2/1,,,,,,,,,,,,,,,,,,,,,
경인권,경기,용인시,경희대,자연,건축공학과,건축공학과,유지,유지,지역균형,1.95,1.95,,,,,,,네오르네상스,2.35,2.24,,,,87.11765,국수영탐(2),2/2,,,,,,,,,,,,,,,,,,,,,
경인권,경기,시흥시,한국공학대,인문,경영학부(데이터사이언스경영전공),경영학부(데이터사이언스경영전공),유지,유지,교과우수자,3.43,3.43,지역균형,2.83,2.8,,,,창의인재,4.15,4.15,,,,87.1,국수영탐(1) 중 3개,2/-,,,,,,,,,,,,,,,,,,,,,
서울,서울,노원구,서울과기대,자연,MSDE학과,MSDE학과,유지,유지,고교추천,1.79,1.79,,,,,,,학교생활우수자,2.55,2.44,,,,87.09375,국수영탐(2),2/1,,,,,,,,,,,,,,,,,,,,,
서울,서울,동작구,숭실대,인문,자유전공학부(인문),자유전공학부(인문),유지,유지,학생부우수자,2.13,2.06,,,,,,,,,,,,,87.09375,국수영탐(2),3/3,,,,,,,,,,,,,,,,,,,,,
서울,서울,동대문구,경희대,인문,경제학과,경제학과,유지,유지,지역균형,1.84,1.83,,,,,,,네오르네상스,2.35,2.22,,,,87.08824,국수영탐(2),2/2,,,,,,,,,,,,,,,,,,,,,
서울,서울,동대문구,한국외대,인문,일본언어문화학부,일본언어문화학부,유지,유지,학교장추천,196.93,197.02,,,,,,,학생부종합(면접형),4.17,4.08,학생부종합(서류형),3.23,2.63,87.0625,국수영탐(2),3/2,,,,,,,,,,,,,,,,,,,,,
서울,서울,도봉구,덕성여대,자연,가상현실융합학과,가상현실융합학과,유지,유지,학생부100%,2.37,2.29,,,,,,,덕성인재Ⅱ,3.82,3.69,,,,87.05,국수영탐(1),2/5,,,,,,,,,,,,,,,,,,,,,
서울,서울,동대문구,서울시립대,자연,건축공학전공,건축공학전공,유지,유지,지역균형선발,1.97,1.94,,,,,,,학생부종합I,2.45,2.29,학생부종합II,2.5,2.5,87.02778,국수영탐(2),3/2,,,,,,,,,,,,,,,,,,,,,
서울,서울,노원구,서울여대,자연,바이오헬스융합학과,바이오헬스융합학과,유지,유지,교과우수자,2.82,2.79,,,,,,,바롬인재면접,3.9,3.2,바롬인재서류,3,2.7,87.01,국수영탐(1) 중 3개,2/2,,,,,,,,,,,,,,,,,,,,,
서울,서울,노원구,서울여대,자연,식품생명공학과,식품공학과,유지,변경,교과우수자,3.28,3.16,,,,,,,바롬인재면접,3.8,3.2,바롬인재서류,3.7,2.8,87.006,국수영탐(1) 중 3개,3/1,,,,,,,,,,,,,,,,,,,,,
서울,서울,노원구,서울여대,자연,식품영양학과,식품영양학과,유지,유지,교과우수자,2.93,2.82,,,,,,,바롬인재면접,3.7,3.3,바롬인재서류,3.6,3.1,87.006,국수영탐(1) 중 3개,3/1,,,,,,,,,,,,,,,,,,,,,
서울,서울,광진구,건국대,인문,교육공학과,교육공학과,유지,유지,,,,,,,,,,KU자기추천,2.19,2.1,,,,87,국수영탐(2),2/1,,,,,,,,,,,,,,,,,,,,,
충청권,충북,충주시,건국대(글로컬),인문,동화ㆍ한국어문화학과,동화ㆍ한국어문화학과,유지,유지,교과우수,4.06,3.98,,,,,,,Cogito 자기추천,4.98,4.87,,,,87,국수영탐(1) 중 2개,3/5,,,,,,,,,,,,,,,,,,,,,
충청권,충북,충주시,건국대(글로컬),자연,뷰티화장품학과,뷰티화장품학과,유지,유지,교과우수,3.73,3.64,,,,,,,Cogito 자기추천,4.53,4.37,,,,87,국수영탐(1) 중 2개,6/5,,,,,,,,,,,,,,,,,,,,,
충청권,충북,충주시,건국대(글로컬),자연,에너지신소재공학과,에너지신소재공학과,유지,유지,교과우수,4.36,4.18,,,,,,,Cogito 자기추천,5.41,5.37,,,,87,국수영탐(1) 중 2개,7/2,,,,,,,,,,,,,,,,,,,,,
충청권,충북,충주시,건국대(글로컬),자연,컴퓨터공학과,컴퓨터공학과,유지,유지,교과우수,4.13,3.96,,,,,,,Cogito 자기추천,5.18,4.8,,,,87,국수영탐(1) 중 2개,2/4,,,,,,,,,,,,,,,,,,,,,
충청권,충남,논산시,건양대,인문,ND산업디자인학부,융합디자인학과,유지,변경,일반학생[교과],6.17,5.74,,,,,,,,,,,,,87,국수영탐(1) 중 2개,4/5,,,,,,,,,,,,,,,,,,,,,
충청권,대전,서구,건양대,자연,의료공간디자인학과,의료공간디자인학과,유지,유지,일반학생[교과],5.3,5.09,,,,,,,학생부종합,6.85,5.91,,,,87,국수영탐(1) 중 2개,4/5,,,,,,,,,,,,,,,,,,,,,
충청권,대전,서구,건양대,자연,의료신소재학과,의료신소재학과,유지,유지,일반학생[교과],5.41,5.13,,,,,,,,,,,,,87,국수영탐(1) 중 2개,6/4,,,,,,,,,,,,,,,,,,,,,
경상권,대구,중구,경북대,자연,간호학과,간호학과,유지,유지,교과우수자,2.21,2.16,,,,,,,일반학생,3.74,3.51,,,,87,국수영탐(2),3/1,,,,,,,,,,,,,,,,,,,,,
충청권,충남,천안시,상명대,예체능,예술학부 문화예술경영전공,예술학부 문화예술경영전공,유지,유지,학생부교과,3.18,3.17,,,,,,,상명인재,4.06,3.99,,,,87,"국수영 중 2개, 탐구(1)",4/3,,,,,,,,,,,,,,,,,,,,,
충청권,충남,천안시,상명대,예체능,자유전공(디자인/예술계열),자유전공(아트&컬처),유지,변경,학생부교과,3.49,3.27,,,,,,,,,,,,,87,"국수영 중 2개, 탐구(1)",2/3,,,,,,,,,,,,,,,,,,,,,
충청권,충남,천안시,상명대,인문,자유전공(인문사회계열),자유전공(아트&컬처),유지,변경,학생부교과,3.49,3.27,,,,,,,,,,,,,87,"국수영 중 2개, 탐구(1)",2/3,,,,,,,,,,,,,,,,,,,,,
서울,서울,노원구,서울여대,자연,수학과,수학과,유지,유지,교과우수자,3.03,2.94,,,,,,,바롬인재면접,4.6,3.6,바롬인재서류,3.9,3.3,86.998,"국영탐(1) 중 2개, 수학",2/3,,,,,,,,,,,,,,,,,,,,,
충청권,충남,공주시,국립공주대,자연,수학교육과,수학교육과,유지,유지,교과Ⅰ,2.77,2.75,,,,,,,일반,3.3,3.02,,,,86.987,"국영탐(1) 중 2개, 수학",1/-,,,,,,,,,,,,,,,,,,,,,
충청권,충북,청주시,한국교원대,자연,컴퓨터교육과,컴퓨터교육과,유지,유지,,,,,,,,,,학생부종합우수자 일반,2.83,2.5,,,,86.975,국수영탐(2),2/1,,,,,,,,,,,,,,,,,,,,,
경상권,경북,경산시,대구가톨릭대,인문,지리교육과,지리교육과,유지,유지,교과,3.15,2.92,,,,,,,종합,3.8,3.67,,,,86.95,국수영탐(1) 중 3개,4/5,,,,,,,,,,,,,,,,,,,,,
서울,서울,도봉구,덕성여대,인문,글로벌융합대학(유아교육과),글로벌융합대학(유아교육과),유지,유지,고교추천,2.7,2.68,학생부100%,1.9,1.9,,,,덕성인재Ⅱ,3.27,2.84,,,,86.95,국수영탐(1),3/2,,,,,,,,,,,,,,,,,,,,,
경인권,경기,용인시,경희대,자연,컴퓨터공학부 인공지능학과,컴퓨터공학부 인공지능학과,유지,유지,지역균형,1.57,1.57,,,,,,,네오르네상스,1.93,1.93,,,,86.94118,국수영탐(2),2/2,,,,,,,,,,,,,,,,,,,,,
경인권,경기,고양시,동국대,자연,생명과학과,생명과학과,유지,유지,학교장추천인재,1.3,1.11,,,,,,,Do Dream,2.43,2.22,,,,86.94118,국수영탐(2),3/2,,,,,,,,,,,,,,,,,,,,,
서울,서울,광진구,세종대,자연,창의소프트학부,창의소프트학부-디자인이노베이션전공,유지,유지,,,,,,,,,,세종창의인재(면접형),3.22,2.94,,,,86.9375,국수영탐(2),2/2,,,,,,,,,,,,,,,,,,,,,
서울,서울,동작구,숭실대,자연,컴퓨터학부,컴퓨터학부,유지,유지,학생부우수자,1.99,1.93,,,,,,,SSU미래인재,2.35,2.28,SW우수자,,2.98,86.9375,국수영탐(2),1/2,,,,,,,,,,,,,,,,,,,,,
서울,서울,용산구,숙명여대,인문,글로벌협력전공,글로벌협력전공,유지,유지,,,,,,,,,,숙명인재(면접형),4.06,3.1,,,,86.875,국수영탐(2),2/-,,,,,,,,,,,,,,,,,,,,,
서울,서울,동작구,숭실대,인문,국어국문학과,국어국문학과,유지,유지,학생부우수자,2.27,2.15,,,,,,,SSU미래인재,2.98,2.97,,,,86.875,국수영탐(2),3/2,,,,,,,,,,,,,,,,,,,,,
경인권,인천,미추홀구,인하대,인문,파이낸스경영학과,파이낸스경영학과,유지,유지,지역균형,2.59,2.56,,,,,,,인하미래인재,3.23,3.18,,,,86.82353,국수영탐(2),4/5,,,,,,,,,,,,,,,,,,,,,
충청권,충남,천안시,상명대,예체능,예술학부 사진영상미디어전공,예술학부 사진영상미디어전공,유지,유지,,,,,,,,,,상명인재,4.59,4.51,,,,86.8,"국수영 중 2개, 탐구(1)",4/2,,,,,,,,,,,,,,,,,,,,,
강원권,강원,원주시,상지대,자연,간호학과,간호학과,유지,유지,교과일반,2.98,2.84,,,,,,,,,,,,,86.8,국수영탐(2) 중 2개,2/1,,,,,,,,,,,,,,,,,,,,,
경인권,경기,용인시,용인대,예체능,무도계열전공학부,무도계열전공학부,,,자율전공 특별,2.4,2.3,,,,,,,,,,,,,86.798,"국수영 중 1개, 탐(1)",3/-,,,,,,,,,,,,,,,,,,,,,
경인권,경기,용인시,경희대,인문,스페인어학과,스페인어학과,유지,유지,지역균형,1.97,1.97,,,,,,,네오르네상스,4.28,3.22,,,,86.76471,국수영탐(2),3/2,,,,,,,,,,,,,,,,,,,,,
서울,서울,종로구,상명대,자연,SW융합학부 컴퓨터과학전공,SW융합학부 컴퓨터과학전공,유지,유지,고교추천,3,2.81,,,,,,,상명인재,3.15,3.04,,,,86.75,국수영탐(1),2/2,,,,,,,,,,,,,,,,,,,,,
서울,서울,서대문구,이화여대,자연,간호학부(자연),간호학부(자연),유지,유지,고교추천,1.53,1.38,,,,,,,미래인재,1.93,1.85,,,,86.75,국수영탐(2),1/2,,,,,,,,,,,,,,,,,,,,,
서울,서울,동대문구,한국외대,인문,행정학과,행정학과,유지,유지,학교장추천,198.7,198.87,,,,,,,학생부종합(면접형),2.22,2.13,학생부종합(서류형),2.04,2.03,86.71765,국수영탐(2),3/3,,,,,,,,,,,,,,,,,,,,,
경상권,대구,북구,경북대,공통,자율전공학부,자율전공학부,유지,유지,교과우수자,2.86,2.65,,,,,,,일반학생,3.38,3.16,,,,86.71429,국수영탐(2),2/1,,,,,,,,,,,,,,,,,,,,,
경인권,경기,수원시,아주대,자연,소프트웨어학과,소프트웨어학과,,,고교추천,2.01,1.89,,,,,,,ACE,2.59,2.46,첨단융합인재,2.79,2.49,86.70588,국수영탐(2),2/3,,,,,,,,,,,,,,,,,,,,,
서울,서울,마포구,홍익대,자연,수학교육과,수학교육과,유지,유지,학교장추천자,1.83,1.78,,,,,,,학교생활우수자,2.24,2.22,,,,86.70588,국수영탐(2),2/2,,,,,,,,,,,,,,,,,,,,,
충청권,대전,동구,우송대,자연,외식조리학부 제과제빵•조리전공,외식조리학부 제과제빵•조리전공,유지,유지,교과중심,2.6,2.3,면접,3.166667,2.622222,우송인재,3.416667,3.222222,면접형,,4.54137,서류형,,3.294737,86.7,국수영탐(1) 중 2개,-/-,,,,,,,,,,,,,,,,,,,,,
서울,서울,노원구,서울여대,자연,소프트웨어학과,소프트웨어융합학과,유지,변경,교과우수자,2.84,2.84,,,,,,,SW융합인재,3.8,3.5,바롬인재서류,3.7,3.2,86.675,국수영탐(1) 중 3개,4/4,,,,,,,,,,,,,,,,,,,,,
서울,서울,노원구,서울여대,인문,경영학과,경영학과,유지,유지,교과우수자,3.06,2.88,,,,,,,교과우수자,3.06,2.88,바롬인재면접,6,3.6,86.668,국수영탐(1) 중 3개,4/2,,,,,,,,,,,,,,,,,,,,,
충청권,충남,공주시,국립공주대,자연,화학교육과,화학교육과,유지,유지,교과Ⅰ,3.65,3.57,,,,,,,일반,3.73,3.34,,,,86.667,"국영탐(1) 중 2개, 수학",4/-,,,,,,,,,,,,,,,,,,,,,
충청권,충남,공주시,국립공주대,자연,컴퓨터교육과,컴퓨터교육과,유지,유지,교과Ⅰ,3.3,3.26,,,,,,,일반,4.11,3.86,,,,86.663,"국영탐(1) 중 2개, 수학",2/-,,,,,,,,,,,,,,,,,,,,,
서울,서울,도봉구,덕성여대,자연,자유전공학부,자유전공학부,유지,유지,고교추천,2.72,2.65,,,,,,,덕성인재Ⅰ,3.18,3.09,덕성인재Ⅱ,3.44,3.25,86.65,국수영탐(1),2/3,,,,,,,,,,,,,,,,,,,,,
경인권,경기,시흥시,한국공학대,자연,기계설계공학부(지능형모빌리티전공),기계설계공학부(지능형모빌리티전공),유지,유지,교과우수자,3.33,3.31,지역균형,3.4,3.27,,,,창의인재,4.6,4.52,,,,86.65,국수영탐(1) 중 3개,3/-,,,,,,,,,,,,,,,,,,,,,
서울,서울,동대문구,한국외대,인문,베트남어과,베트남어과,유지,유지,학교장추천,196.97,197.11,,,,,,,학생부종합(면접형),3.52,3.26,학생부종합(서류형),3.51,3.43,86.65,국수영탐(2),3/2,,,,,,,,,,,,,,,,,,,,,
서울,서울,동작구,숭실대,인문,금융학부,금융학부,유지,유지,학생부우수자,2.19,2.16,,,,,,,SSU미래인재,2.94,2.91,SW우수자,,,86.625,국수영탐(2),3/2,,,,,,,,,,,,,,,,,,,,,
서울,서울,동대문구,한국외대,인문,외국어교육학부(독일어교육전공),외국어교육학부(독일어교육전공),유지,유지,학교장추천,197.1,197.16,,,,,,,학생부종합(면접형),4.06,3.99,학생부종합(서류형),3.96,3.71,86.625,국수영탐(2),1/1,,,,,,,,,,,,,,,,,,,,,
서울,서울,종로구,상명대,자연,SW융합학부 전기공학전공,SW융합학부 전기공학전공,유지,유지,고교추천,2.71,2.64,,,,,,,상명인재,2.81,2.81,,,,86.6,국수영탐(1),2/4,,,,,,,,,,,,,,,,,,,,,
충청권,충북,청주시,한국교원대,인문,역사교육과,역사교육과,유지,유지,,,,,,,,,,학생부종합우수자 일반,2.27,2.08,,,,86.6,국수영탐(2),2/1,,,,,,,,,,,,,,,,,,,,,
충청권,충북,청주시,한국교원대,인문,윤리교육과,윤리교육과,유지,유지,,,,,,,,,,학생부종합우수자 일반,2.37,2.29,,,,86.6,국수영탐(2),2/1,,,,,,,,,,,,,,,,,,,,,
충청권,충북,청주시,한국교원대,인문,지리교육과,지리교육과,유지,유지,,,,,,,,,,학생부종합우수자 일반,3.02,2.79,,,,86.6,국수영탐(2),2/1,,,,,,,,,,,,,,,,,,,,,
경인권,경기,용인시,경희대,자연,우주과학과,우주과학과,유지,유지,지역균형,2,2,,,,,,,네오르네상스,2.27,2.08,,,,86.58824,국수영탐(2),2/2,,,,,,,,,,,,,,,,,,,,,
경인권,경기,용인시,경희대,자연,응용물리학과,응용물리학과,유지,유지,지역균형,1.87,1.75,,,,,,,네오르네상스,2.19,2.18,,,,86.58824,국수영탐(2),2/2,,,,,,,,,,,,,,,,,,,,,
서울,서울,동대문구,경희대,인문,응용영어통번역학과,응용영어통번역학과,유지,유지,지역균형,2.12,1.81,,,,,,,네오르네상스,3.74,3.49,,,,86.58824,국수영탐(2),2/2,,,,,,,,,,,,,,,,,,,,,
경인권,경기,시흥시,한국공학대,인문,경영학부(경영학전공),경영학부(경영학전공),유지,유지,교과우수자,2.94,2.94,지역균형,3.18,3.05,,,,창의인재,4.32,4.17,,,,86.55,국수영탐(1) 중 3개,4/-,,,,,,,,,,,,,,,,,,,,,
충청권,충북,충주시,건국대(글로컬),자연,간호학과,간호학과,유지,유지,교과우수,2.36,2.23,,,,,,,Cogito 자기추천,3.11,2.94,,,,86.5,국수영탐(1) 중 2개,4/4,,,,,,,,,,,,,,,,,,,,,
경인권,경기,고양시,동국대,자연,융합환경과학과,바이오환경과학과,유지,변경,학교장추천인재,1.4,1.29,,,,,,,Do Dream,2.94,2.69,불교추천인재,2.9,2.72,86.5,국수영탐(2),3/2,,,,,,,,,,,,,,,,,,,,,
서울,서울,마포구,홍익대,자연,산업·데이터공학과,산업·데이터공학과,유지,유지,학교장추천자,2,1.95,,,,,,,학교생활우수자,2.3,2.32,,,,86.47059,국수영탐(2),1/2,,,,,,,,,,,,,,,,,,,,,
서울,서울,마포구,홍익대,자연,서울캠퍼스자율전공(자연·예능),서울캠퍼스자율전공(자연·예능),유지,유지,학교장추천자,1.87,1.81,,,,,,,학교생활우수자,2.2,2.11,,,,86.47059,국수영탐(2),1/1,,,,,,,,,,,,,,,,,,,,,
서울,서울,동작구,숭실대,자연,AI소프트웨어학부,소프트웨어학부,유지,유지,학생부우수자,2.09,1.96,,,,,,,SSU미래인재,2.5,2.39,SW우수자,,3.14,86.46875,국수영탐(2),1/3,,,,,,,,,,,,,,,,,,,,,
경인권,경기,시흥시,한국공학대,자연,인공지능학과,인공지능학과,유지,유지,교과우수자,3.33,3.29,지역균형,3.02,2.79,,,,창의인재,5.38,4.14,,,,86.45,국수영탐(1) 중 3개,5/-,,,,,,,,,,,,,,,,,,,,,
서울,서울,마포구,홍익대,인문,역사교육과,역사교육과,유지,유지,학교장추천자,2.16,2.26,,,,,,,학교생활우수자,2.27,2.35,,,,86.44118,국수영탐(2),2/1,,,,,,,,,,,,,,,,,,,,,
경상권,대구,북구,경북대,자연,IT 첨단자율학부,IT 첨단자율학부,유지,유지,교과우수자,3.97,3.19,,,,,,,일반학생,3.57,3.49,,,,86.42857,국수영탐(2),3/1,,,,,,,,,,,,,,,,,,,,,
서울,서울,종로구,상명대,자연,수학교육과,수학교육과,유지,유지,고교추천,2.39,2.1,,,,,,,상명인재,2.93,2.93,,,,86.4,국수영탐(1),4/2,,,,,,,,,,,,,,,,,,,,,
서울,서울,성북구,국민대,인문,AI빅데이터융합경영학과,AI빅데이터융합경영학과,,,교과성적우수자,2.06,2.03,,,,,,,국민프런티어,3.02,3.01,학교생활우수자,2.67,2.67,86.375,국수영탐(2),2/1,,,,,,,,,,,,,,,,,,,,,
서울,서울,동작구,숭실대,인문,경영학부,경영학부,유지,유지,학생부우수자,2.32,2.22,,,,,,,SSU미래인재,3.14,2.86,,,,86.375,국수영탐(2),2/2,,,,,,,,,,,,,,,,,,,,,
서울,서울,중구,동국대,자연,가정교육과,가정교육과,유지,유지,학교장추천인재,1.8,1.56,,,,,,,Do Dream,3.2,2.89,,,,86.35294,국수영탐(2),3/2,,,,,,,,,,,,,,,,,,,,,
경인권,경기,수원시,아주대,자연,자유전공학부(자연),자유전공학부(자연),,,고교추천,2.25,2.22,,,,,,,,,,,,,86.35294,국수영탐(2),3/2,,,,,,,,,,,,,,,,,,,,,
서울,서울,마포구,홍익대,자연,도시공학과,도시공학과,유지,유지,학교장추천자,1.91,1.82,,,,,,,학교생활우수자,2.68,2.71,,,,86.35294,국수영탐(2),2/1,,,,,,,,,,,,,,,,,,,,,
경인권,경기,시흥시,한국공학대,자연,기계공학과,기계공학과,유지,유지,교과우수자,3.16,3.03,지역균형,3.03,2.94,,,,창의인재,4.26,4.11,,,,86.35,국수영탐(1) 중 3개,2/-,,,,,,,,,,,,,,,,,,,,,
서울,서울,노원구,서울과기대,자연,산업공학과 ITM전공(자연),산업공학과 ITM전공(자연),유지,유지,고교추천,2,1.96,,,,,,,학교생활우수자,3.1,2.58,,,,86.34375,국수영탐(2),2/1,,,,,,,,,,,,,,,,,,,,,
서울,서울,동작구,숭실대,자연,물리학과,물리학과,유지,유지,학생부우수자,2.08,2.04,,,,,,,SSU미래인재,3.06,2.94,,,,86.34375,국수영탐(2),3/2,,,,,,,,,,,,,,,,,,,,,
충청권,충남,공주시,국립공주대,예체능,체육교육과,체육교육과,유지,유지,교과Ⅰ,3.5,3.46,,,,,,,,,,,,,86.339,국수영탐(1) 중 3개,3/-,,,,,,,,,,,,,,,,,,,,,
서울,서울,서대문구,명지대,자연,데이터사이언스전공,데이터사이언스전공,유지,유지,교과면접,2.57,2.48,학교장추천,2.15,2,,,,명지인재면접,3.68,3.67,명지인재서류,3.14,2.85,86.3,국수영탐(1),3/3,,,,,,,,,,,,,,,,,,,,,
서울,서울,서대문구,명지대,자연,디지털콘텐츠디자인학과,디지털콘텐츠디자인학과,유지,유지,학교장추천,2.36,2.35,,,,,,,명지인재면접,3.66,3.65,명지인재서류,2.99,2.85,86.3,국수영탐(1),3/3,,,,,,,,,,,,,,,,,,,,,
서울,서울,서대문구,명지대,자연,응용소프트웨어전공,응용소프트웨어전공,유지,유지,교과면접,2.23,2.21,학교장추천,2.2,1.68,,,,명지인재면접,3.55,3.39,명지인재서류,3.01,2.93,86.3,국수영탐(1),3/3,,,,,,,,,,,,,,,,,,,,,
서울,서울,서대문구,명지대,자연,인공지능·소프트웨어융합대학,인공지능·소프트웨어융합대학,유지,유지,,,,,,,,,,크리스천리더,3.58,3.32,,,,86.3,국수영탐(1),3/3,,,,,,,,,,,,,,,,,,,,,
서울,서울,서대문구,명지대,자연,인공지능전공,인공지능전공,유지,유지,교과면접,3.03,3,학교장추천,2.23,2.03,,,,명지인재면접,3.33,3.26,명지인재서류,3.45,3.09,86.3,국수영탐(1),3/3,,,,,,,,,,,,,,,,,,,,,
서울,서울,노원구,삼육대,자연,물리치료학과,물리치료학과,유지,유지,학교장추천,2.55,2.48,,,,,,,세움인재,3,2.92,재림교회목회자추천,,,86.25,국수영탐(2),2/2,,,,,,,,,,,,,,,,,,,,,
서울,서울,광진구,세종대,인문,교육학과,교육학과,유지,유지,지역균형,2.18,2.18,,,,,,,세종창의인재(면접형),2.52,2.52,세종창의인재(서류형),2.58,2.58,86.25,국수영탐(2),4/2,,,,,,,,,,,,,,,,,,,,,
서울,서울,광진구,세종대,인문,국어국문학과,국어국문학과,유지,유지,지역균형,2.18,2.18,,,,,,,세종창의인재(면접형),2.67,2.67,세종창의인재(서류형),2.67,2.67,86.25,국수영탐(2),4/2,,,,,,,,,,,,,,,,,,,,,
서울,서울,광진구,세종대,인문,국제학부,국제학부,유지,유지,지역균형,1.88,1.88,,,,,,,세종창의인재(면접형),2.78,2.66,세종창의인재(서류형),2.59,2.58,86.25,국수영탐(2),4/2,,,,,,,,,,,,,,,,,,,,,
서울,서울,광진구,세종대,인문,미디어커뮤니케이션학과,미디어커뮤니케이션학과,유지,유지,지역균형,1.15,1.15,,,,,,,세종창의인재(면접형),2.44,2.44,세종창의인재(서류형),2.61,2.61,86.25,국수영탐(2),4/2,,,,,,,,,,,,,,,,,,,,,
서울,서울,광진구,세종대,인문,법학과,법학과,유지,유지,지역균형,1.83,1.83,,,,,,,세종창의인재(면접형),2.73,2.73,세종창의인재(서류형),2.45,2.45,86.25,국수영탐(2),4/2,,,,,,,,,,,,,,,,,,,,,
서울,서울,광진구,세종대,인문,역사학과,역사학과,유지,유지,지역균형,2.39,2.39,,,,,,,세종창의인재(면접형),2.64,2.64,세종창의인재(서류형),3.22,3.22,86.25,국수영탐(2),4/2,,,,,,,,,,,,,,,,,,,,,
서울,서울,광진구,세종대,인문,행정학과,행정학과,유지,유지,지역균형,2.08,2.08,,,,,,,세종창의인재(면접형),3.07,2.57,세종창의인재(서류형),2.98,2.98,86.25,국수영탐(2),4/2,,,,,,,,,,,,,,,,,,,,,
경인권,경기,시흥시,한국공학대,인문,경영학부(IT경영전공),경영학부(IT경영전공),유지,유지,교과우수자,3.54,3.54,지역균형,3.29,3.09,,,,창의인재,4.09,4.03,,,,86.25,국수영탐(1) 중 3개,3/-,,,,,,,,,,,,,,,,,,,,,
서울,서울,동대문구,한국외대,인문,한국어교육과,한국어교육과,유지,유지,학교장추천,197.46,197.68,,,,,,,학생부종합(면접형),2.23,2.18,학생부종합(서류형),1.89,1.85,86.225,국수영탐(2),2/1,,,,,,,,,,,,,,,,,,,,,
충청권,충남,천안시,상명대,자연,간호학과,간호학과,유지,유지,학생부교과,4.26,4.21,,,,,,,상명인재,5,4.79,,,,86.2,"국영 중 1개, 수탐(1)",4/4,,,,,,,,,,,,,,,,,,,,,
경인권,경기,포천시,차의과학대,자연,간호대학,간호대학,유지,유지,CHA학생부교과,2.85,2.82,지역균형선발,2.41,2.36,,,,CHA학생부종합,2.76,,,,,86.2,"국탐(2) 중 1개, 수영",2/-,,,,,,,,,,,,,,,,,,,,,
충청권,충북,청주시,한국교원대,인문,교육학과,교육학과,유지,유지,,,,,,,,,,학생부종합우수자 일반,2.32,2.2,,,,86.2,국수영탐(2),2/1,,,,,,,,,,,,,,,,,,,,,
경인권,경기,수원시,아주대,자연,사이버보안학과,사이버보안학과,,,고교추천,2.6,2.55,,,,,,,ACE,3.08,2.9,,,,86.17647,국수영탐(2),2/3,,,,,,,,,,,,,,,,,,,,,
경상권,울산,남구,울산대,자연,간호학과,간호학과,유지,유지,일반교과,2.1,1.98,,,,,,,잠재역량,,2.65,,,,86.17117,국수영탐(1)한,2/1,,,,,,,,,,,,,,,,,,,,,
충청권,대전,동구,우송대,자연,물리치료학과,물리치료학과,유지,유지,교과중심,3,2.6,면접,3,2.729167,우송인재,3.25,3.138889,면접형,,4.503308,서류형,,4.177682,86.171,국수영탐(1) 중 2개,-/-,,,,,,,,,,,,,,,,,,,,,
경인권,인천,미추홀구,인하대,자연,컴퓨터공학과,컴퓨터공학과,유지,유지,지역균형,2.44,2.29,,,,,,,인하미래인재,2.55,2.46,,,,86.16667,국수영탐(2),4/5,,,,,,,,,,,,,,,,,,,,,
서울,서울,동대문구,한국외대,인문,경제학부,경제학부,유지,유지,학교장추천,198.93,199.01,,,,,,,학생부종합(면접형),2.39,2.35,학생부종합(서류형),2.05,2.01,86.15294,국수영탐(2),3/2,,,,,,,,,,,,,,,,,,,,,
서울,서울,동작구,숭실대,인문,회계학과,회계학과,유지,유지,학생부우수자,2.28,2.08,,,,,,,SSU미래인재,3.03,2.8,,,,86.125,국수영탐(2),2/2,,,,,,,,,,,,,,,,,,,,,
서울,서울,동대문구,한국외대,인문,튀르키예•아제르바이잔어과,튀르키예•아제르바이잔어과,유지,유지,학교장추천,195.9,196.31,,,,,,,학생부종합(면접형),4.36,4.32,학생부종합(서류형),2.51,2.49,86.125,국수영탐(2),2/2,,,,,,,,,,,,,,,,,,,,,
경인권,인천,미추홀구,인하대,자연,사회인프라공학과,사회인프라공학과,유지,유지,지역균형,2.58,2.48,,,,,,,인하미래인재,3.63,3.38,,,,86.11111,국수영탐(2),4/2,,,,,,,,,,,,,,,,,,,,,
경인권,경기,용인시,단국대,자연,건축학부 건축학전공(5년제),건축학부 건축학전공(5년제),유지,유지,지역균형선발,2.56,2.53,,,,,,,DKU인재-면접형,2.94,2.94,DKU인재-서류형,2.76,2.58,86.1,국수영탐(2),3/2,,,,,,,,,,,,,,,,,,,,,
서울,서울,성북구,동덕여대,예체능,앙트러프러너십전공,앙트러프러너십전공,유지,유지,,,,,,,,,,동덕창의리더,,,,,,86.1,국수영탐(1),2/1,,,,,,,,,,,,,,,,,,,,,
서울,서울,동대문구,한국외대,인문,영어교육과,영어교육과,유지,유지,학교장추천,197.79,198.26,,,,,,,학생부종합(면접형),2.18,2.14,학생부종합(서류형),2.01,1.89,86.1,국수영탐(2),2/1,,,,,,,,,,,,,,,,,,,,,
경인권,경기,시흥시,한국공학대,자연,컴퓨터공학부(컴퓨터공학전공),컴퓨터공학부(컴퓨터공학전공),유지,유지,교과우수자,2.97,2.78,지역균형,2.89,2.89,,,,창의인재,4.28,3.96,,,,86.05,국수영탐(1) 중 3개,4/-,,,,,,,,,,,,,,,,,,,,,
서울,서울,동작구,숭실대,자연,건축학부,건축학부(건축학·건축공학전공),유지,유지,학생부우수자,2.41,2.37,,,,,,,SSU미래인재,3.01,2.88,,,,86.03125,국수영탐(2),2/1,,,,,,,,,,,,,,,,,,,,,
서울,서울,구로구,성공회대,인문,미디어콘텐츠융합학부,미디어콘텐츠융합학부,유지,유지,교과성적,2.44,2.33,,,,,,,열린인재,4.19,4,,,,86.011,"국수 중 1개, 영탐(1)",1/3,,,,,,,,,,,,,,,,,,,,,
강원권,강원,원주시,"강원대(강릉,원주)",자연,간호학과,간호학과,유지,유지,해람교과,2.56,2.44,,,,,,,해람인재,3.44,3.35,,,,86.004,국수영탐(1) 중 3개,3/1,,,,,,,,,,,,,,,,,,,,,
충청권,충북,충주시,건국대(글로컬),자연,KU자유전공학부,KU자유전공학부,유지,유지,교과우수,4.58,4.41,,,,,,,Cogito 자기추천,5.24,4.81,,,,86,국수영탐(1) 중 2개,3/4,,,,,,,,,,,,,,,,,,,,,
충청권,충북,충주시,건국대(글로컬),인문,사회복지학과,사회복지학과,유지,유지,교과우수,3.96,3.75,,,,,,,Cogito 자기추천,5.02,4.83,,,,86,국수영탐(1) 중 2개,3/1,,,,,,,,,,,,,,,,,,,,,
충청권,충북,충주시,건국대(글로컬),자연,소방방재융합학과,소방방재융합학과,유지,유지,교과우수,3.97,3.83,,,,,,,Cogito 자기추천,4.84,4.69,,,,86,국수영탐(1) 중 2개,3/3,,,,,,,,,,,,,,,,,,,,,
충청권,충북,충주시,건국대(글로컬),인문,영어문화학과,영어문화학과,유지,유지,교과우수,3.86,3.48,,,,,,,Cogito 자기추천,5.25,5.05,,,,86,국수영탐(1) 중 2개,1/2,,,,,,,,,,,,,,,,,,,,,
충청권,충남,논산시,건양대,자연,임상의약바이오학과,임상의약학과,유지,변경,일반학생[교과],5.58,4.75,,,,,,,학생부종합,5.76,4.65,,,,86,국수영탐(1) 중 2개,7/5,,,,,,,,,,,,,,,,,,,,,
충청권,대전,동구,대전대,인문,산업•광고심리학과,산업•광고심리학과,유지,유지,교과면접,5.17,5,교과중점,4.5,4.25,,,,,,,,,,86,국수영탐(1) 중 2개,3/3,,,,,,,,,,,,,,,,,,,,,
서울,서울,종로구,상명대,자연,생명화학공학부 화학에너지공학전공,생명화학공학부 화학에너지공학전공,유지,유지,고교추천,2.58,2.46,,,,,,,상명인재,3.3,3.02,,,,86,국수영탐(1),3/1,,,,,,,,,,,,,,,,,,,,,
경인권,경기,의정부시,신한대,자연,방사선학과,방사선학과,유지,유지,일반,2.9,2.6,학생부우수자,1.1,1,,,,신한국인,4.96,4.93,,,,86,"국수 중 1개, 남은+영탐(1)한 중 1개",4/1,,,,,,,,,,,,,,,,,,,,,
경인권,경기,의정부시,신한대,자연,소프트웨어융합학과,소프트웨어융합학과,유지,유지,일반,3.1,3.7,학생부우수자,2.5,1.5,,,,신한국인,4.24,4.09,,,,86,"국수 중 1개, 남은+영탐(1)한 중 1개",3/2,,,,,,,,,,,,,,,,,,,,,
서울,서울,구로구,성공회대,인문,경영학부,경영학부,유지,유지,교과성적,2.67,2.56,,,,,,,열린인재,4.52,4.39,,,,85.982,"국수 중 1개, 영탐(1)",3/1,,,,,,,,,,,,,,,,,,,,,
경인권,경기,용인시,경희대,인문,국제학과,국제학과,유지,유지,지역균형,1.88,1.88,,,,,,,네오르네상스,4.63,4.09,,,,85.97059,국수영탐(2),2/2,,,,,,,,,,,,,,,,,,,,,
경인권,경기,용인시,단국대,인문,경제학과,경제학과,유지,유지,지역균형선발,2.36,2.36,,,,,,,DKU인재-면접형,3.04,3.04,DKU인재-서류형,2.79,2.65,85.95,국수영탐(2),2/3,,,,,,,,,,,,,,,,,,,,,
경인권,경기,용인시,단국대,인문,사회계열광역,사회계열광역,유지,유지,지역균형선발,2.43,2.37,,,,,,,DKU인재-서류형,3.01,2.85,,,,85.95,국수영탐(2),2/3,,,,,,,,,,,,,,,,,,,,,
충청권,대전,유성구,충남대,자연,컴퓨터인공지능학부,컴퓨터융합학부,유지,변경,일반,2.42,2.23,,,,,,,학생부종합Ⅰ,2.97,2.76,학생부종합Ⅰ[서류],2.93,2.78,85.95,국수탐(2),3/1,,,,,,,,,,,,,,,,,,,,,
경인권,경기,수원시,아주대,자연,국방디지털융합학과,국방디지털융합학과,신설,,,,,,,,,,,,,,,,,85.94444,국수영탐(2),2/3,,,,,,,,,,,,,,,,,,,,,
경인권,경기,수원시,아주대,인문,불어불문학과,불어불문학과,,,고교추천,2.68,2.68,,,,,,,ACE,5.26,4.92,,,,85.94118,국수영탐(2),2/2,,,,,,,,,,,,,,,,,,,,,
경인권,경기,수원시,아주대,인문,사학과,사학과,,,고교추천,2.7,2.64,,,,,,,ACE,3.55,3.38,,,,85.94118,국수영탐(2),2/2,,,,,,,,,,,,,,,,,,,,,
서울,서울,성북구,국민대,자연,나노소재전공,나노소재전공,,,교과성적우수자,1.91,1.91,,,,,,,국민프런티어,2.87,2.75,학교생활우수자,2.45,2.4,85.9375,국수영탐(2),3/1,,,,,,,,,,,,,,,,,,,,,
서울,서울,용산구,숙명여대,자연,데이터사이언스전공,데이터사이언스전공,유지,유지,지역균형선발,1.97,1.97,,,,,,,소프트웨어인재,2.73,2.67,,,,85.9375,국수영탐(2),2/-,,,,,,,,,,,,,,,,,,,,,
서울,서울,용산구,숙명여대,자연,인공지능공학부,인공지능공학부,유지,유지,지역균형선발,2,1.96,,,,,,,소프트웨어인재,2.77,2.61,,,,85.9375,국수영탐(2),2/-,,,,,,,,,,,,,,,,,,,,,
서울,서울,동작구,숭실대,인문,정치외교학과,정치외교학과,유지,유지,학생부우수자,2.1,2.1,,,,,,,SSU미래인재,2.97,2.93,,,,85.9375,국수영탐(2),3/1,,,,,,,,,,,,,,,,,,,,,
서울,서울,동대문구,한국외대,인문,중국외교통상학부,중국외교통상학부,유지,유지,학교장추천,198.02,198.2,,,,,,,학생부종합(면접형),4.12,3.97,학생부종합(서류형),2.46,2.35,85.925,국수영탐(2),2/2,,,,,,,,,,,,,,,,,,,,,
경인권,경기,의정부시,신한대,예체능,실내디자인학과,실내디자인학과,유지,유지,일반,1.5,2.9,,,,,,,,,,,,,85.9,국수영탐(1)한 중 3개,2/2,,,,,,,,,,,,,,,,,,,,,
서울,서울,용산구,숙명여대,인문,앙트러프러너십전공,앙트러프러너십전공,유지,유지,,,,,,,,,,숙명인재(면접형),4.31,3.94,,,,85.875,국수영탐(2),1/-,,,,,,,,,,,,,,,,,,,,,
경인권,경기,부천시,가톨릭대,자연,바이오메디컬소프트웨어학과,바이오메디컬소프트웨어학과,유지,유지,지역균형,2.83,2.36,,,,,,,잠재능력우수자,2.93,2.63,,,,85.85,국수영탐(1),4/4,,,,,,,,,,,,,,,,,,,,,
충청권,대전,동구,우송대,자연,철도차량시스템학과,철도차량시스템학과,유지,유지,교과중심,3.6,3.1,면접,4.166667,3.455556,우송인재,4.416667,3.833333,면접형,,4.0055,서류형,,4.181429,85.85,국수영탐(1) 중 2개,-/-,,,,,,,,,,,,,,,,,,,,,
경인권,경기,의정부시,신한대,예체능,스포츠의학과,스포츠의학과,유지,유지,일반,4,4.1,학생부우수자,2.4,2.2,,,,,,,,,,85.8,국수영탐(1)한 중 3개,3/3,,,,,,,,,,,,,,,,,,,,,
전라권,광주,북구,전남대,자연,전기공학과,전기공학과,유지,유지,일반,1.77,1.74,,,,,,,고교생활우수자Ⅰ,2.22,2.15,,,,85.8,국수탐(2),2/2,,,,,,,,,,,,,,,,,,,,,
서울,서울,마포구,홍익대,인문,교육학과,교육학과,유지,유지,학교장추천자,2.23,2.34,,,,,,,학교생활우수자,2.25,2.2,,,,85.79412,국수영탐(2),2/2,,,,,,,,,,,,,,,,,,,,,
서울,서울,동대문구,한국외대,인문,인도어과,인도어과,유지,유지,학교장추천,196.39,196.64,,,,,,,학생부종합(면접형),3.77,3.43,학생부종합(서류형),4.49,4.45,85.7875,국수영탐(2),2/1,,,,,,,,,,,,,,,,,,,,,
경인권,인천,미추홀구,인하대,자연,첨단바이오의약학과,첨단바이오의약학과,변경,유지,,,,,,,,,,인하미래인재,2.54,2.32,,,,85.77778,국수영탐(2),3/2,,,,,,,,,,,,,,,,,,,,,
서울,서울,마포구,홍익대,인문,불어불문학과,불어불문학과,유지,유지,학교장추천자,2.07,2.02,,,,,,,학교생활우수자,4.27,3.74,,,,85.76471,국수영탐(2),1/1,,,,,,,,,,,,,,,,,,,,,
서울,서울,용산구,숙명여대,인문,일본학과,일본학과,유지,유지,지역균형선발,2.31,2.24,,,,,,,숙명인재(면접형),4.48,4.24,,,,85.75,국수영탐(2),2/-,,,,,,,,,,,,,,,,,,,,,
경인권,경기,용인시,단국대,자연,전자전기공학과,전자전기공학과,유지,유지,지역균형선발,2.25,2.24,,,,,,,DKU인재-면접형,3.31,3.23,DKU인재-서류형,2.9,2.81,85.7,국수영탐(2),3/2,,,,,,,,,,,,,,,,,,,,,
서울,서울,강북구,성신여대,자연,창의융합학부(첨단분야전공),바이오신약의과학부,신설,신설,지역균형,1.62,1.62,,,,,,,,,,,,,85.7,국수영탐(2),3/5,,,,,,,,,,,,,,,,,,,,,
서울,서울,성북구,성신여대,자연,창의융합학부(첨단분야전공),바이오신약의과학부,신설,신설,,,,,,,,,,자기주도인재,2.63,2.53,학교생활우수자,2.23,2.1,85.7,국수영탐(2),3/5,,,,,,,,,,,,,,,,,,,,,
경인권,경기,시흥시,한국공학대,자연,신소재공학과,신소재공학과,유지,유지,교과우수자,3.05,3.01,지역균형,2.84,2.81,,,,창의인재,4.11,3.76,,,,85.7,국수영탐(1) 중 3개,1/-,,,,,,,,,,,,,,,,,,,,,
경인권,경기,용인시,경희대,자연,건축학과,건축학과,유지,유지,지역균형,1.87,1.87,,,,,,,네오르네상스,2.17,2.16,,,,85.64706,국수영탐(2),2/2,,,,,,,,,,,,,,,,,,,,,
경인권,경기,용인시,경희대,예체능,태권도학과,태권도학과,유지,유지,지역균형,2.1,2.1,,,,,,,네오르네상스,3.5,3.16,,,,85.625,국영탐(1),2/2,,,,,,,,,,,,,,,,,,,,,
서울,서울,용산구,숙명여대,자연,수학과,수학과,유지,유지,지역균형선발,2.32,2.03,,,,,,,숙명인재(면접형),2.5,2.44,,,,85.625,국수영탐(2),2/-,,,,,,,,,,,,,,,,,,,,,
서울,서울,동대문구,한국외대,인문,자유전공학부(서울),자유전공학부(서울),유지,유지,학교장추천,197.78,198.17,,,,,,,학생부종합(면접형),2.76,2.48,학생부종합(서류형),2.43,2.34,85.625,국수영탐(2),2/2,,,,,,,,,,,,,,,,,,,,,
강원권,강원,원주시,상지대,자연,물리치료학과,물리치료학과,유지,유지,교과일반,2.52,2.5,,,,,,,종합일반,2.84,3.18,,,,85.6,국수영탐(2) 중 2개,2/6,,,,,,,,,,,,,,,,,,,,,
경인권,경기,시흥시,한국공학대,자연,전자공학부(전자공학전공),전자공학부(전자공학전공),유지,유지,교과우수자,2.87,2.86,지역균형,2.81,2.8,,,,창의인재,4.24,4.11,,,,85.6,국수영탐(1) 중 3개,4/-,,,,,,,,,,,,,,,,,,,,,
충청권,충북,청주시,한국교원대,인문,독어교육과,독어교육과,유지,유지,,,,,,,,,,학생부종합우수자 일반,5.75,4.08,,,,85.6,국수영탐(2),2/1,,,,,,,,,,,,,,,,,,,,,
서울,서울,성북구,국민대,자연,지능형반도체융합전자전공,지능형반도체융합전자전공,,,교과성적우수자,2.18,2.02,,,,,,,국민프런티어,2.85,2.64,학교생활우수자,2.61,2.55,85.5625,국수영탐(2),3/4,,,,,,,,,,,,,,,,,,,,,
서울,서울,동작구,숭실대,인문,경제학과,경제학과,유지,유지,학생부우수자,2.38,2.23,,,,,,,SSU미래인재,2.93,2.77,,,,85.5625,국수영탐(2),2/1,,,,,,,,,,,,,,,,,,,,,
경인권,인천,미추홀구,인하대,자연,화학공학과,화학공학과,유지,유지,지역균형,2,1.89,,,,,,,인하미래인재,2.44,2.29,,,,85.55556,국수영탐(2),3/4,,,,,,,,,,,,,,,,,,,,,
경인권,인천,연수구,가천대,자연,방사선학과,방사선학과,유지,유지,지역균형,4.13,,학생부우수자,1.85,,,,,가천바람개비,3.8,,,,,85.55,국수영탐(1),3/2,,,,,,,,,,,,,,,,,,,,,
경인권,경기,용인시,단국대,인문,법학과,법학과,유지,유지,지역균형선발,2.33,2.32,,,,,,,DKU인재-면접형,2.67,2.65,DKU인재-서류형,2.63,2.58,85.55,국수영탐(2),1/3,,,,,,,,,,,,,,,,,,,,,
경인권,경기,용인시,단국대,인문,사회계열광역,사회계열광역,유지,유지,지역균형선발,2.43,2.37,,,,,,,DKU인재-서류형,3.01,2.85,,,,85.55,국수영탐(2),1/3,,,,,,,,,,,,,,,,,,,,,
서울,서울,성북구,성신여대,자연,AI융합학부,"AI융합학부(AI,지능형IoT전공)",유지,변경,,,,,,,,,,자기주도인재,3.36,3.22,,,,85.55,국수영탐(2),2/1,,,,,,,,,,,,,,,,,,,,,
서울,서울,동대문구,한국외대,인문,영어통번역학과,영어통번역학과,유지,유지,학교장추천,197.71,197.87,,,,,,,학생부종합(면접형),2.94,2.61,학생부종합(서류형),2.73,2.56,85.5125,국수영탐(2),2/2,,,,,,,,,,,,,,,,,,,,,
서울,서울,용산구,숙명여대,자연,화공생명공학부,화공생명공학부,유지,유지,지역균형선발,1.86,1.83,,,,,,,숙명인재(면접형),2.97,2.43,,,,85.5,국수영탐(2),2/-,,,,,,,,,,,,,,,,,,,,,
서울,서울,서대문구,이화여대,자연,간호학부(자연),간호학부(자연),유지,유지,고교추천,1.53,1.38,,,,,,,미래인재,1.93,1.85,,,,85.5,국수영탐(2),1/2,,,,,,,,,,,,,,,,,,,,,
서울,서울,동대문구,한국외대,인문,이탈리아어과,이탈리아어과,유지,유지,학교장추천,196.17,196.48,,,,,,,학생부종합(면접형),5.19,4.95,학생부종합(서류형),2.62,2.6,85.5,국수영탐(2),2/4,,,,,,,,,,,,,,,,,,,,,
서울,서울,마포구,홍익대,인문,영어영문학과,영어영문학과,유지,유지,학교장추천자,2.09,2.09,,,,,,,학교생활우수자,3.47,3.29,,,,85.5,국수영탐(2),1/2,,,,,,,,,,,,,,,,,,,,,
서울,서울,마포구,홍익대,인문,경제학부,경제학부,유지,유지,학교장추천자,1.84,1.91,,,,,,,학교생활우수자,2.58,2.52,,,,85.47059,국수영탐(2),1/1,,,,,,,,,,,,,,,,,,,,,
강원권,강원,춘천시,한림대,인문,경영대학,경영대학,유지,유지,교과우수자,4.33,4.14,,,,,,,학교생활우수자,5.27,5.08,,,,85.45,"국수영 중 1개, 남은+탐구(2) 중 1개",3/-,,,,,,,,,,,,,,,,,,,,,
서울,서울,성북구,국민대,자연,임산생명공학과,임산생명공학과,,,교과성적우수자,2.11,2.02,,,,,,,국민프런티어,2.75,2.74,학교생활우수자,2.75,2.48,85.4375,국수영탐(2),3/6,,,,,,,,,,,,,,,,,,,,,
서울,서울,광진구,세종대,자연,콘텐츠소프트웨어학과,콘텐츠소프트웨어학과,유지,유지,지역균형,2.05,2.08,,,,,,,세종창의인재(면접형),2.77,2.58,세종창의인재(서류형),2.51,2.47,85.4375,국수영탐(2),4/1,,,,,,,,,,,,,,,,,,,,,
경인권,경기,용인시,경희대,인문,한국어학과,한국어학과,유지,유지,지역균형,3.76,3.76,,,,,,,네오르네상스,3.97,2.86,,,,85.41176,국수영탐(2),2/1,,,,,,,,,,,,,,,,,,,,,
경인권,경기,성남시,가천대,자연,컴퓨터공학과,컴퓨터공학과,유지,유지,학생부우수자,2.74,,,,,,,,가천바람개비,3.81,,,,,85.4,국수영탐(1),3/3,,,,,,,,,,,,,,,,,,,,,
서울,서울,종로구,상명대,자연,자유전공(이공계열),자유전공(이공계열),유지,유지,고교추천,2.9,2.66,,,,,,,,,,,,,85.4,국수영탐(1),3/4,,,,,,,,,,,,,,,,,,,,,
강원권,강원,춘천시,한림대,자연,융합과학수사학과,융합과학수사학과,유지,유지,교과우수자,3.43,3.33,,,,,,,학교생활우수자,4.76,4.35,,,,85.4,"국수영 중 1개, 남은+탐구(2) 중 1개",2/-,,,,,,,,,,,,,,,,,,,,,
서울,서울,마포구,홍익대,인문,국어교육과,국어교육과,유지,유지,학교장추천자,2.06,2.03,,,,,,,학교생활우수자,2.17,2.29,,,,85.38235,국수영탐(2),2/1,,,,,,,,,,,,,,,,,,,,,
서울,서울,동작구,숭실대,자연,글로벌미디어학부,글로벌미디어학부,유지,유지,학생부우수자,2.34,2.3,,,,,,,SSU미래인재,3.01,2.9,SW우수자,,3,85.375,국수영탐(2),2/2,,,,,,,,,,,,,,,,,,,,,
경인권,경기,수원시,아주대,인문,경영인텔리전스학과,경영인텔리전스학과,,,고교추천,2.88,2.71,,,,,,,ACE,3.47,2.98,,,,85.35294,국수영탐(2),3/2,,,,,,,,,,,,,,,,,,,,,
서울,서울,마포구,홍익대,인문,독어독문학과,독어독문학과,유지,유지,학교장추천자,2.1,2.1,,,,,,,학교생활우수자,4.49,3.95,,,,85.35294,국수영탐(2),1/1,,,,,,,,,,,,,,,,,,,,,
서울,서울,노원구,삼육대,인문,경영학과,경영학과,유지,유지,학교장추천,3.27,3.26,,,,,,,세움인재,3.8,3.73,재림교회목회자추천,,,85.35,국수영탐(2),3/2,,,,,,,,,,,,,,,,,,,,,
서울,서울,종로구,상명대,자연,자유전공(이공계열),자유전공(IT계열),유지,변경,고교추천,3.08,2.95,,,,,,,,,,,,,85.35,국수영탐(1),4/4,,,,,,,,,,,,,,,,,,,,,
충청권,대전,유성구,국립한밭대,인문,융합경영학과,융합경영학과,유지,유지,일반,3.58,3.35,,,,,,,일반,4.41,4.12,,,,85.344,국수영탐(1) 중 3개,4/-,,,,,,,,,,,,,,,,,,,,,
충청권,대전,서구,건양대,자연,임상병리학과,임상병리학과,유지,유지,일반학생[교과],3.16,2.99,,,,,,,학생부종합,3.52,3.48,,,,85.342,국수영탐(1) 중 3개,4/1,,,,,,,,,,,,,,,,,,,,,
충청권,대전,유성구,국립한밭대,인문,영어영문학과,영어영문학과,유지,유지,일반,3.92,3.79,,,,,,,일반,4.67,4.54,,,,85.34,국수영탐(1) 중 3개,3/-,,,,,,,,,,,,,,,,,,,,,
충청권,충남,공주시,국립공주대,인문,경영금융교육과,경영금융교육과,유지,유지,교과Ⅰ,3.52,3.51,,,,,,,일반,3.99,3.88,,,,85.336,국수영탐(1) 중 3개,3/-,,,,,,,,,,,,,,,,,,,,,
충청권,충북,청주시,한국교원대,자연,지구과학교육과,지구과학교육과,유지,유지,,,,,,,,,,학생부종합우수자 일반,2.59,2.27,,,,85.325,국수영탐(2),2/1,,,,,,,,,,,,,,,,,,,,,
충청권,충북,청주시,한국교원대,자연,환경교육과,환경교육과,유지,유지,,,,,,,,,,학생부종합우수자 일반,3.33,2.93,,,,85.325,국수영탐(2),2/1,,,,,,,,,,,,,,,,,,,,,
경인권,경기,안양시,안양대,인문,사회계열자유전공,사회계열자유전공,,,아리학생부교과,3.26,3.03,아리학생부면접,4.02,3.81,,,,,,,,,,85.3,국영탐(1),4/-,,,,,,,,,,,,,,,,,,,,,
서울,서울,동대문구,한국외대,인문,스페인어과,스페인어과,유지,유지,학교장추천,198.24,198.35,,,,,,,학생부종합(면접형),4.75,3.52,학생부종합(서류형),3.24,2.72,85.3,국수영탐(2),2/2,,,,,,,,,,,,,,,,,,,,,
경인권,경기,수원시,아주대,자연,첨단바이오융합대학,첨단바이오융합대학,,,고교추천,1.85,1.86,,,,,,,첨단융합인재,2.32,2.21,,,,85.29412,국수영탐(2),2/2,,,,,,,,,,,,,,,,,,,,,
서울,서울,광진구,세종대,자연,반도체시스템공학과,반도체시스템공학과,유지,유지,지역균형,1.64,1.64,,,,,,,세종창의인재(면접형),2.74,2.57,세종창의인재(서류형),2.62,2.43,85.28125,국수영탐(2),3/1,,,,,,,,,,,,,,,,,,,,,
서울,서울,광진구,세종대,자연,정보보호학과,정보보호학과,유지,유지,지역균형,3.78,3.78,,,,,,,세종창의인재(면접형),2.32,2.3,세종창의인재(서류형),2.55,2.55,85.28125,국수영탐(2),3/1,,,,,,,,,,,,,,,,,,,,,
서울,서울,광진구,세종대,자연,컴퓨터공학과,컴퓨터공학과,유지,유지,지역균형,2.2,2.2,,,,,,,세종창의인재(면접형),2.89,2.65,세종창의인재(서류형),2.36,2.33,85.28125,국수영탐(2),3/1,,,,,,,,,,,,,,,,,,,,,
경인권,경기,용인시,단국대,인문,경영학부,경영학부,유지,유지,지역균형선발,2.17,2.06,,,,,,,DKU인재-면접형,2.84,2.67,DKU인재-서류형,2.67,2.65,85.25,국수영탐(2),3/3,,,,,,,,,,,,,,,,,,,,,
경인권,경기,용인시,단국대,인문,사회계열광역,사회계열광역,유지,유지,지역균형선발,2.43,2.37,,,,,,,DKU인재-서류형,3.01,2.85,,,,85.25,국수영탐(2),3/3,,,,,,,,,,,,,,,,,,,,,
경인권,경기,용인시,경희대,인문,글로벌커뮤니케이션학부,글로벌커뮤니케이션학부,유지,유지,지역균형,2.05,2.05,,,,,,,네오르네상스,4.7,4.68,,,,85.23529,국수영탐(2),2/2,,,,,,,,,,,,,,,,,,,,,
서울,서울,동대문구,서울시립대,인문,사회복지학과,사회복지학과,유지,유지,지역균형선발,2.11,2.08,,,,,,,학생부종합I,2.8,2.67,학생부종합II,2.86,2.67,85.23529,국수영탐(2),5/1,,,,,,,,,,,,,,,,,,,,,
서울,서울,동대문구,한국외대,인문,독일어과,독일어과,유지,유지,학교장추천,197.67,197.82,,,,,,,학생부종합(면접형),3.35,2.9,학생부종합(서류형),3.47,2.93,85.1875,국수영탐(2),3/2,,,,,,,,,,,,,,,,,,,,,
경인권,경기,수원시,아주대,자연,건축학과,건축학과,,,고교추천,2.27,2.24,,,,,,,ACE,3.38,3.2,,,,85.17647,국수영탐(2),3/2,,,,,,,,,,,,,,,,,,,,,
서울,서울,노원구,서울과기대,자연,자유전공학부(창의융합대학),자유전공학부(창의융합대학),유지,유지,고교추천,2.21,2.14,,,,,,,창의융합인재,3.28,3.06,,,,85.17,국수영탐(2),-/-,,,,,,,,,,,,,,,,,,,,,
강원권,강원,원주시,연세대(미래),자연,방사선학과,방사선학과,,,교과우수자,2.76,2.69,,,,,,,학교생활우수자,3.37,2.84,,,,85.14286,국수영탐(1),2/2,,,,,,,,,,,,,,,,,,,,,
서울,서울,용산구,숙명여대,자연,화학과,화학과,유지,유지,지역균형선발,1.93,1.87,,,,,,,숙명인재(면접형),2.32,2.22,,,,85.125,국수영탐(2),2/-,,,,,,,,,,,,,,,,,,,,,
경인권,경기,용인시,경희대,인문,프랑스어학과,프랑스어학과,유지,유지,지역균형,2.04,2.04,,,,,,,네오르네상스,4.33,4.06,,,,85.11765,국수영탐(2),2/2,,,,,,,,,,,,,,,,,,,,,
서울,서울,서대문구,명지대,인문,경영대학,경영대학,유지,유지,,,,,,,,,,크리스천리더,3.36,3.36,,,,85.1,국수영탐(1),3/1,,,,,,,,,,,,,,,,,,,,,
서울,서울,서대문구,명지대,인문,경영정보학과,경영정보학과,유지,유지,교과면접,2.96,2.59,학교장추천,2.46,2.46,,,,명지인재면접,3.47,3.44,명지인재서류,3.06,3.05,85.1,국수영탐(1),3/1,,,,,,,,,,,,,,,,,,,,,
서울,서울,서대문구,명지대,인문,경영학전공,경영학전공,유지,유지,교과면접,2.61,2.57,학교장추천,2.27,2.24,,,,명지인재면접,3.47,3.32,명지인재서류,3.04,2.95,85.1,국수영탐(1),3/1,,,,,,,,,,,,,,,,,,,,,
경인권,경기,의정부시,신한대,인문,유아교육과,유아교육과,유지,유지,일반,3.7,3.5,학생부우수자,3,2.8,,,,신한국인,4.63,4.37,,,,85.1,국수영탐(1)한 중 3개,4/1,,,,,,,,,,,,,,,,,,,,,
강원권,강원,춘천시,한림대,자연,생명과학과,생명과학과,유지,유지,교과우수자,4.3,4.14,,,,,,,학교생활우수자,5.26,5.03,,,,85.1,"국수영 중 1개, 남은+탐구(2) 중 1개",4/-,,,,,,,,,,,,,,,,,,,,,
서울,서울,동대문구,한국외대,인문,미디어커뮤니케이션학부,미디어커뮤니케이션학부,유지,유지,학교장추천,199.1,199.1,,,,,,,학생부종합(면접형),2.26,2.13,학생부종합(서류형),2.13,2.1,85.09412,국수영탐(2),2/3,,,,,,,,,,,,,,,,,,,,,
서울,서울,노원구,서울과기대,자연,전자공학과,전자공학과,유지,유지,고교추천,1.87,1.84,,,,,,,학교생활우수자,2.55,2.46,,,,85.09375,국수영탐(2),2/1,,,,,,,,,,,,,,,,,,,,,
경인권,인천,미추홀구,인하대,인문,미디어커뮤니케이션학과,미디어커뮤니케이션학과,유지,유지,지역균형,2.48,2.25,,,,,,,인하미래인재,2.67,2.59,,,,85.08824,국수영탐(2),3/1,,,,,,,,,,,,,,,,,,,,,
서울,서울,광진구,세종대,자연,우주항공시스템공학부,우주항공시스템공학부-지능형드론융합전공,유지,유지,지역균형,2.3,2.25,,,,,,,세종창의인재(면접형),3.21,3.13,세종창의인재(서류형),3.05,3.05,85.0625,국수영탐(2),4/1,,,,,,,,,,,,,,,,,,,,,
서울,서울,동작구,숭실대,자연,의생명시스템학부,의생명시스템학부,유지,유지,학생부우수자,2.42,2.05,,,,,,,SSU미래인재,2.6,2.43,,,,85.0625,국수영탐(2),2/2,,,,,,,,,,,,,,,,,,,,,
경인권,인천,미추홀구,인하대,자연,인공지능공학과,인공지능공학과,유지,유지,지역균형,2.29,2.18,,,,,,,인하미래인재,2.95,2.74,,,,85.05556,국수영탐(2),4/3,,,,,,,,,,,,,,,,,,,,,
경인권,인천,미추홀구,인하대,공통,자유전공융합학부,자유전공융합학부,유지,유지,지역균형,2.21,2.16,,,,,,,,,,,,,85.05556,국수영탐(2),3/5,,,,,,,,,,,,,,,,,,,,,
서울,서울,종로구,상명대,자연,SW융합학부 게임전공,SW융합학부 게임전공,유지,유지,고교추천,2.89,2.86,,,,,,,상명인재,3.06,3.01,,,,85.05,국수영탐(1),2/1,,,,,,,,,,,,,,,,,,,,,
서울,서울,동대문구,한국외대,인문,태국학과,태국학과,유지,유지,학교장추천,196.5,196.64,,,,,,,학생부종합(면접형),3.28,2.91,학생부종합(서류형),2.89,2.69,85.05,국수영탐(2),2/3,,,,,,,,,,,,,,,,,,,,,
충청권,충북,충주시,국립한국교통대,자연,건축학과,건축학과,유지,유지,일반,3.3,3.28,,,,,,,나비인재Ⅱ,4.06,3.87,,,,85.011,국수영탐(1) 중 3개,4/-,,,,,,,,,,,,,,,,,,,,,
충청권,충남,공주시,국립공주대,인문,유아교육과,유아교육과,유지,유지,교과Ⅰ,5.08,4.79,,,,,,,일반,3.7,3.51,,,,85.003,국수영탐(1) 중 3개,3/-,,,,,,,,,,,,,,,,,,,,,
충청권,충북,충주시,건국대(글로컬),인문,유아교육과,유아교육과,유지,유지,교과우수,3.68,3.67,,,,,,,Cogito 자기추천,4.87,4.73,,,,85,국수영탐(1) 중 2개,2/3,,,,,,,,,,,,,,,,,,,,,
경상권,경북,안동시,국립경국대,자연,수학교육과,수학교육과,유지,유지,일반학생,3.24,3.17,,,,,,,NUG인재,4.09,3.5,,,,85,국수영탐(1) 중 2개,4/2,,,,,,,,,,,,,,,,,,,,,
서울,서울,성북구,국민대,인문,교육학과,교육학과,,,교과성적우수자,2.12,2.27,,,,,,,국민프런티어,2.54,2.51,학교생활우수자,2.09,2.09,85,국수영탐(2),3/2,,,,,,,,,,,,,,,,,,,,,
서울,서울,성북구,국민대,인문,중국어문전공,중국어문전공,,,교과성적우수자,2.27,2.39,,,,,,,국민프런티어,4.04,3.69,학교생활우수자,4.57,4.36,85,국수영탐(2),2/1,,,,,,,,,,,,,,,,,,,,,
서울,서울,성북구,국민대,자연,지능전자공학전공,지능전자공학전공,,,교과성적우수자,2.02,2.04,,,,,,,국민프런티어,2.59,2.54,학교생활우수자,2.66,2.58,85,국수영탐(2),2/4,,,,,,,,,,,,,,,,,,,,,
서울,서울,성북구,국민대,인문,한국역사학과,한국역사학과,,,교과성적우수자,2.42,2.29,,,,,,,국민프런티어,2.81,2.8,학교생활우수자,2.5,2.46,85,국수영탐(2),3/1,,,,,,,,,,,,,,,,,,,,,
경인권,경기,용인시,명지대,자연,건축대학,건축대학,유지,유지,,,,,,,,,,크리스천리더,3.76,3.76,,,,85,국수영탐(1),3/4,,,,,,,,,,,,,,,,,,,,,
경인권,경기,용인시,명지대,자연,건축학전공,건축학전공,유지,유지,교과면접,2.73,2.61,학교장추천,2.03,2.03,,,,명지인재면접,3.28,3.18,명지인재서류,3.23,3.08,85,국수영탐(1),3/4,,,,,,,,,,,,,,,,,,,,,
경인권,경기,용인시,명지대,인문,공간디자인학과,공간디자인학과,유지,유지,교과면접,2.96,1.58,학교장추천,2.8,2.8,,,,명지인재면접,3.77,3.68,명지인재서류,3.78,3.78,85,국수영탐(1),3/4,,,,,,,,,,,,,,,,,,,,,
경인권,경기,용인시,명지대,자연,전통건축학전공,전통건축학전공,유지,유지,교과면접,2.93,2.9,학교장추천,2.37,2.37,,,,명지인재면접,3.62,3.59,명지인재서류,3.83,3.83,85,국수영탐(1),3/4,,,,,,,,,,,,,,,,,,,,,
서울,서울,노원구,삼육대,인문,상담심리학과,상담심리학과,유지,유지,학교장추천,3.1,3.1,,,,,,,세움인재,3.47,3.46,재림교회목회자추천,,,85,국수영탐(2),3/2,,,,,,,,,,,,,,,,,,,,,
서울,서울,구로구,성공회대,인문,인문융합콘텐츠학부,인문융합콘텐츠학부,유지,유지,교과성적,3,2.78,,,,,,,열린인재,4.78,4.49,,,,85,"국수 중 1개, 영탐(1)",3/2,,,,,,,,,,,,,,,,,,,,,
경인권,경기,수원시,성균관대,예체능,스포츠과학과,스포츠과학과,변경,유지,,,,,,,,,,탐구형,4.15,2.73,,,,85,국수영탐(1),3/4,,,,,,,,,,,,,,,,,,,,,
서울,서울,동작구,숭실대,자연,화학과,화학과,유지,유지,학생부우수자,2.06,2.04,,,,,,,SSU미래인재,2.73,2.63,,,,85,국수영탐(2),2/2,,,,,,,,,,,,,,,,,,,,,
경인권,인천,미추홀구,인하대,자연,식품영양학과,식품영양학과,유지,유지,지역균형,2.67,2.59,,,,,,,인하미래인재,2.89,2.86,,,,85,국수영탐(2),3/5,,,,,,,,,,,,,,,,,,,,,
경인권,인천,미추홀구,인하대,자연,신소재공학과,신소재공학과,유지,유지,지역균형,2.21,2.09,,,,,,,인하미래인재,2.7,2.57,,,,85,국수영탐(2),3/5,,,,,,,,,,,,,,,,,,,,,
서울,서울,마포구,홍익대,인문,국어국문학과,국어국문학과,유지,유지,학교장추천자,2.04,2.02,,,,,,,학교생활우수자,2.45,2.42,,,,85,국수영탐(2),2/1,,,,,,,,,,,,,,,,,,,,,
서울,서울,구로구,성공회대,인문,사회융합학부,사회융합학부,유지,유지,교과성적,2.67,2.56,,,,,,,열린인재,4.55,4.35,,,,84.998,"국수 중 1개, 영탐(1)",1/1,,,,,,,,,,,,,,,,,,,,,
경인권,경기,성남시,가천대,자연,반도체대학,반도체대학,유지,유지,학생부우수자,3.04,,,,,,,,가천바람개비,3.7,,,,,84.95,국수영탐(1),2/2,,,,,,,,,,,,,,,,,,,,,
경인권,경기,부천시,가톨릭대,자연,인공지능학과,인공지능학과,유지,유지,지역균형,2.87,2.82,,,,,,,잠재능력우수자,5.35,3.34,,,,84.95,국수영탐(1),5/1,,,,,,,,,,,,,,,,,,,,,
서울,서울,노원구,삼육대,자연,인공지능융합학부,인공지능융합학부,유지,유지,학교장추천,3.42,3.37,,,,,,,S/W인재,4.23,3.99,세움인재,3.84,3.72,84.95,국수영탐(2),2/2,,,,,,,,,,,,,,,,,,,,,
충청권,대전,유성구,충남대,인문,도시•자치융합학과,도시•자치융합학과,유지,유지,일반,3.25,3.2,,,,,,,학생부종합Ⅰ,3.81,3.77,학생부종합Ⅰ[서류],3.21,3.21,84.95,국수탐(2),5/3,,,,,,,,,,,,,,,,,,,,,
경인권,경기,의정부시,신한대,자연,식품영양학과,식품영양학과,유지,유지,일반,2.8,2.5,학생부우수자,2,1.4,,,,신한국인,4.48,4.38,,,,84.9,국수영탐(1)한 중 3개,2/1,,,,,,,,,,,,,,,,,,,,,
서울,서울,동대문구,서울시립대,인문,도시사회학과,도시사회학과,유지,유지,지역균형선발,1.92,1.92,,,,,,,학생부종합I,2.51,2.43,학생부종합II,2.43,2.08,84.88235,국수영탐(2),1/1,,,,,,,,,,,,,,,,,,,,,
서울,서울,마포구,홍익대,자연,전자·전기공학부,전자·전기공학부,유지,유지,학교장추천자,1.84,1.8,,,,,,,학교생활우수자,2.29,2.23,,,,84.88235,국수영탐(2),2/1,,,,,,,,,,,,,,,,,,,,,
서울,서울,동작구,숭실대,자연,신소재공학과,신소재공학과,유지,유지,학생부우수자,2.2,2.15,,,,,,,SSU미래인재,2.97,2.8,,,,84.875,국수영탐(2),3/2,,,,,,,,,,,,,,,,,,,,,
서울,서울,동대문구,한국외대,인문,네덜란드어과,네덜란드어과,유지,유지,학교장추천,197.49,197.64,,,,,,,학생부종합(면접형),4.58,4.53,학생부종합(서류형),2.66,2.6,84.875,국수영탐(2),2/3,,,,,,,,,,,,,,,,,,,,,
서울,서울,동대문구,한국외대,인문,스칸디나비아어과,스칸디나비아어과,유지,유지,학교장추천,197.3,198.13,,,,,,,학생부종합(면접형),2.52,2.51,학생부종합(서류형),3.22,2.43,84.85,국수영탐(2),2/2,,,,,,,,,,,,,,,,,,,,,
강원권,강원,춘천시,한림대,인문,미디어스쿨,미디어스쿨,유지,유지,교과우수자,3.73,3.67,,,,,,,학교생활우수자,4.94,4.79,,,,84.85,"국수영 중 1개, 남은+탐구(2) 중 1개",3/-,,,,,,,,,,,,,,,,,,,,,
서울,서울,광진구,세종대,자연,인공지능데이터사이언스학과,인공지능데이터사이언스학과,유지,유지,지역균형,2.19,2.15,,,,,,,세종창의인재(면접형),2.81,2.62,세종창의인재(서류형),2.62,2.6,84.84375,국수영탐(2),3/1,,,,,,,,,,,,,,,,,,,,,
경인권,경기,수원시,아주대,자연,기계공학과,기계공학과,,,고교추천,2.38,2.23,,,,,,,ACE,3.11,2.87,,,,84.82353,국수영탐(2),3/1,,,,,,,,,,,,,,,,,,,,,
서울,서울,마포구,홍익대,자연,컴퓨터공학과,컴퓨터공학과,유지,유지,학교장추천자,1.92,1.88,,,,,,,학교생활우수자,2.17,2.16,,,,84.82353,국수영탐(2),2/1,,,,,,,,,,,,,,,,,,,,,
경인권,인천,연수구,가천대,자연,물리치료학과,물리치료학과,유지,유지,지역균형,3.78,,학생부우수자,2.11,,,,,가천바람개비,3.95,,,,,84.8,국수영탐(1),3/1,,,,,,,,,,,,,,,,,,,,,
경인권,경기,성남시,가천대,자연,시스템반도체학과,시스템반도체학과,유지,유지,학생부우수자,3.44,,,,,,,,가천바람개비,3.78,,,,,84.8,국수영탐(1),3/1,,,,,,,,,,,,,,,,,,,,,
경인권,경기,용인시,단국대,인문,도시계획•부동산학부,도시계획•부동산학부,유지,유지,지역균형선발,2.68,2.37,,,,,,,DKU인재-면접형,3.13,3.13,DKU인재-서류형,2.83,2.77,84.8,국수영탐(2),2/3,,,,,,,,,,,,,,,,,,,,,
경인권,경기,용인시,단국대,인문,사회계열광역,사회계열광역,유지,유지,지역균형선발,2.43,2.37,,,,,,,DKU인재-서류형,3.01,2.85,,,,84.8,국수영탐(2),2/3,,,,,,,,,,,,,,,,,,,,,
경인권,경기,포천시,대진대,자연,공학자율학부,공학자율학부,유지,유지,학교장추천,4.45,4.07,학생부우수자,4.48,4.28,,,,윈윈대진,5.98,5.83,,,,84.8,"국수영 중 1개, 남은+탐(1)한 중 1개",3/-,,,,,,,,,,,,,,,,,,,,,
경인권,경기,포천시,대진대,자연,반도체융합공학과,반도체융합공학과,유지,유지,학교장추천,3.8,3.17,학생부우수자,3.73,3.54,,,,윈윈대진,5.89,5.75,,,,84.8,"국수영 중 1개, 남은+탐(1)한 중 1개",3/-,,,,,,,,,,,,,,,,,,,,,
충청권,충남,천안시,백석대,인문,외식산업학부,외식산업학부,유지,유지,백석인재,5.74,5.58,일반,4.74,4.45,,,,창의인재,5.52,5.14,,,,84.8,"국수영 중 2개, 탐구(1)",3/-,,,,,,,,,,,,,,,,,,,,,
충청권,충남,천안시,상명대,인문,글로벌금융경영학부,글로벌금융경영학부,유지,유지,학생부교과,4.04,3.96,,,,,,,상명인재,4.42,4.14,,,,84.8,"국수영 중 2개, 탐구(1)",5/4,,,,,,,,,,,,,,,,,,,,,
경인권,경기,수원시,아주대,자연,수학과,수학과,,,고교추천,2.6,2.63,,,,,,,ACE,2.94,2.85,,,,84.76471,국수영탐(2),2/2,,,,,,,,,,,,,,,,,,,,,
경인권,경기,용인시,경희대,인문,러시아어학과,러시아어학과,유지,유지,지역균형,2.2,2.2,,,,,,,네오르네상스,5.35,4.6,,,,84.76471,국수영탐(2),3/3,,,,,,,,,,,,,,,,,,,,,
경인권,경기,안산시,한양대(ERICA),자연,수리데이터사이언스학과,수리데이터사이언스학과,유지,유지,지역균형선발,2.43,2.33,,,,,,,서류형,2.94,2.94,,,,84.76471,국수영탐(2),3/1,,,,,,,,,,,,,,,,,,,,,
서울,서울,성북구,성신여대,인문,경영학과,경영학과,유지,변경,,,,,,,,,,자기주도인재,3.04,2.94,,,,84.725,국수영탐(2),3/2,,,,,,,,,,,,,,,,,,,,,
서울,서울,성북구,성신여대,인문,경제학과,경제학과,유지,유지,지역균형,2.38,2.33,,,,,,,자기주도인재,3.39,3.14,학교생활우수자,3.06,2.99,84.725,국수영탐(2),3/2,,,,,,,,,,,,,,,,,,,,,
서울,서울,성북구,성신여대,인문,국어국문학과,국어국문학과,유지,유지,지역균형,2.78,2.62,,,,,,,자기주도인재,4.57,3.22,학교생활우수자,2.74,2.74,84.725,국수영탐(2),3/2,,,,,,,,,,,,,,,,,,,,,
서울,서울,성북구,성신여대,인문,독일어문·문화학과,독일어문·문화학과,유지,유지,지역균형,2.49,2.44,,,,,,,자기주도인재,4.88,3.72,학교생활우수자,3.91,3.91,84.725,국수영탐(2),3/2,,,,,,,,,,,,,,,,,,,,,
서울,서울,성북구,성신여대,인문,문화예술경영학과,문화예술경영학과,유지,유지,지역균형,2.23,2.23,,,,,,,자기주도인재,3.63,3.21,학교생활우수자,2.95,2.95,84.725,국수영탐(2),3/2,,,,,,,,,,,,,,,,,,,,,
서울,서울,성북구,성신여대,인문,미디어커뮤니케이션학과,미디어커뮤니케이션학과,유지,유지,지역균형,1.98,1.98,,,,,,,자기주도인재,2.73,2.65,학교생활우수자,2.82,2.75,84.725,국수영탐(2),3/2,,,,,,,,,,,,,,,,,,,,,
서울,서울,성북구,성신여대,자연,바이오식품공학과,바이오식품공학과,유지,유지,,,,,,,,,,자기주도인재,2.96,2.69,학교생활우수자,2.63,2.63,84.725,국수영탐(2),3/2,,,,,,,,,,,,,,,,,,,,,
서울,서울,성북구,성신여대,자연,바이오신약의과학부,바이오신약의과학부,유지,변경,,,,,,,,,,자기주도인재,2.63,2.53,학교생활우수자,2.23,2.1,84.725,국수영탐(2),3/2,,,,,,,,,,,,,,,,,,,,,
서울,서울,성북구,성신여대,,바이오신약의과학부,바이오생명공학과,유지,폐지,,,,,,,,,,자기주도인재,2.75,2.69,학교생활우수자,2.95,2.88,84.725,국수영탐(2),3/2,,,,,,,,,,,,,,,,,,,,,
서울,서울,성북구,성신여대,자연,바이오헬스융합학부,바이오헬스융합학부,유지,유지,지역균형,2.64,2.34,,,,,,,자기주도인재,3.05,2.93,학교생활우수자,2.59,2.56,84.725,국수영탐(2),3/2,,,,,,,,,,,,,,,,,,,,,
서울,서울,성북구,성신여대,인문,법학부,법학부,유지,유지,지역균형,2.14,2.14,,,,,,,자기주도인재,3.18,3.02,학교생활우수자,3.16,3,84.725,국수영탐(2),3/2,,,,,,,,,,,,,,,,,,,,,
서울,서울,성북구,성신여대,인문,사학과,사학과,유지,유지,지역균형,2.47,2.47,,,,,,,자기주도인재,3.17,3.01,학교생활우수자,3.02,3.02,84.725,국수영탐(2),3/2,,,,,,,,,,,,,,,,,,,,,
서울,서울,성북구,성신여대,인문,사회복지학과,사회복지학과,유지,유지,지역균형,2.3,2.27,,,,,,,자기주도인재,3.27,2.98,학교생활우수자,3.02,3,84.725,국수영탐(2),3/2,,,,,,,,,,,,,,,,,,,,,
서울,서울,성북구,성신여대,자연,서비스디자인공학과,서비스디자인공학과,유지,유지,지역균형,2.6,2.38,,,,,,,자기주도인재,3.5,3.38,학교생활우수자,3.32,3.3,84.725,국수영탐(2),3/2,,,,,,,,,,,,,,,,,,,,,
서울,서울,성북구,성신여대,인문,소비자산업학과,소비자산업학과,유지,유지,,,,,,,,,,자기주도인재,3.05,3.03,,,,84.725,국수영탐(2),3/2,,,,,,,,,,,,,,,,,,,,,
서울,서울,성북구,성신여대,자연,수리통계데이터사이언스학부,수리통계데이터사이언스학부(수학/핀테크),유지,유지,,,,,,,,,,자기주도인재,3.48,3.3,학교생활우수자,3.19,3.14,84.725,국수영탐(2),3/2,,,,,,,,,,,,,,,,,,,,,
서울,서울,성북구,성신여대,자연,수리통계데이터사이언스학부,수리통계데이터사이언스학부(통계학/빅데이터사이언스),유지,유지,,,,,,,,,,자기주도인재,3.07,2.92,학교생활우수자,2.72,2.71,84.725,국수영탐(2),3/2,,,,,,,,,,,,,,,,,,,,,
서울,서울,성북구,성신여대,인문,심리학과,심리학과,유지,유지,지역균형,2.13,2.06,,,,,,,자기주도인재,3.28,3.14,학교생활우수자,2.49,2.49,84.725,국수영탐(2),3/2,,,,,,,,,,,,,,,,,,,,,
서울,서울,성북구,성신여대,인문,영어영문학과,영어영문학과,유지,유지,지역균형,2.33,2.25,,,,,,,자기주도인재,3.53,3.14,학교생활우수자,3.22,3.19,84.725,국수영탐(2),3/2,,,,,,,,,,,,,,,,,,,,,
서울,서울,성북구,성신여대,자연,융합보안공학과,융합보안공학과,유지,유지,지역균형,2.29,2.29,,,,,,,자기주도인재,3.39,3.37,학교생활우수자,3.28,3.24,84.725,국수영탐(2),3/2,,,,,,,,,,,,,,,,,,,,,
서울,서울,성북구,성신여대,인문,의류산업학과,의류산업학과,유지,유지,지역균형,2.37,2.31,,,,,,,자기주도인재,2.74,2.71,학교생활우수자,2.84,2.82,84.725,국수영탐(2),3/2,,,,,,,,,,,,,,,,,,,,,
서울,서울,성북구,성신여대,인문,일본어문·문화학과,일본어문·문화학과,유지,유지,지역균형,2.42,2.4,,,,,,,자기주도인재,4.17,3.75,학교생활우수자,2.95,2.87,84.725,국수영탐(2),3/2,,,,,,,,,,,,,,,,,,,,,
서울,서울,성북구,성신여대,인문,정치외교학과,정치외교학과,유지,유지,지역균형,2.35,2.15,,,,,,,자기주도인재,2.89,2.78,학교생활우수자,2.78,2.78,84.725,국수영탐(2),3/2,,,,,,,,,,,,,,,,,,,,,
서울,서울,성북구,성신여대,인문,중국어문·문화학과,중국어문·문화학과,유지,유지,지역균형,2.58,2.41,,,,,,,자기주도인재,4.29,3.79,학교생활우수자,3.6,3.37,84.725,국수영탐(2),3/2,,,,,,,,,,,,,,,,,,,,,
서울,서울,성북구,성신여대,인문,지리학과,지리학과,유지,유지,지역균형,2.95,2.95,,,,,,,자기주도인재,2.94,2.86,학교생활우수자,2.84,2.84,84.725,국수영탐(2),3/2,,,,,,,,,,,,,,,,,,,,,
서울,서울,성북구,성신여대,인문,창의융합학부(자유전공),경영학부,신설,신설,지역균형,2.2,2.16,,,,,,,학교생활우수자,3.09,2.84,,,,84.725,국수영탐(2),3/2,,,,,,,,,,,,,,,,,,,,,
서울,서울,성북구,성신여대,인문,창의융합학부(자유전공),경제학과,신설,신설,지역균형,2.38,2.33,,,,,,,자기주도인재,3.39,3.14,학교생활우수자,3.06,2.99,84.725,국수영탐(2),3/2,,,,,,,,,,,,,,,,,,,,,
서울,서울,성북구,성신여대,인문,창의융합학부(자유전공),국어국문학과,신설,신설,지역균형,2.78,2.62,,,,,,,자기주도인재,4.57,3.22,학교생활우수자,2.74,2.74,84.725,국수영탐(2),3/2,,,,,,,,,,,,,,,,,,,,,
서울,서울,성북구,성신여대,인문,창의융합학부(자유전공),독일어문·문화학과,신설,신설,지역균형,2.49,2.44,,,,,,,자기주도인재,4.88,3.72,학교생활우수자,3.91,3.91,84.725,국수영탐(2),3/2,,,,,,,,,,,,,,,,,,,,,
서울,서울,성북구,성신여대,인문,창의융합학부(자유전공),문화예술경영학과,신설,신설,지역균형,2.23,2.23,,,,,,,자기주도인재,3.63,3.21,학교생활우수자,2.95,2.95,84.725,국수영탐(2),3/2,,,,,,,,,,,,,,,,,,,,,
서울,서울,성북구,성신여대,인문,창의융합학부(자유전공),미디어커뮤니케이션학과,신설,신설,지역균형,1.98,1.98,,,,,,,자기주도인재,2.73,2.65,학교생활우수자,2.82,2.75,84.725,국수영탐(2),3/2,,,,,,,,,,,,,,,,,,,,,
서울,서울,성북구,성신여대,인문,창의융합학부(자유전공),법학부,신설,신설,지역균형,2.14,2.14,,,,,,,자기주도인재,3.18,3.02,학교생활우수자,3.16,3,84.725,국수영탐(2),3/2,,,,,,,,,,,,,,,,,,,,,
서울,서울,성북구,성신여대,인문,창의융합학부(자유전공),사학과,신설,신설,지역균형,2.47,2.47,,,,,,,자기주도인재,3.17,3.01,학교생활우수자,3.02,3.02,84.725,국수영탐(2),3/2,,,,,,,,,,,,,,,,,,,,,
서울,서울,성북구,성신여대,인문,창의융합학부(자유전공),사회복지학과,신설,신설,지역균형,2.3,2.27,,,,,,,자기주도인재,3.27,2.98,학교생활우수자,3.02,3,84.725,국수영탐(2),3/2,,,,,,,,,,,,,,,,,,,,,
서울,서울,성북구,성신여대,인문,창의융합학부(자유전공),소비자생활문화산업학과,신설,신설,지역균형,2.34,2.29,,,,,,,학교생활우수자,2.81,2.55,,,,84.725,국수영탐(2),3/2,,,,,,,,,,,,,,,,,,,,,
서울,서울,성북구,성신여대,인문,창의융합학부(자유전공),심리학과,신설,신설,지역균형,2.13,2.06,,,,,,,자기주도인재,3.28,3.14,학교생활우수자,2.49,2.49,84.725,국수영탐(2),3/2,,,,,,,,,,,,,,,,,,,,,
서울,서울,성북구,성신여대,인문,창의융합학부(자유전공),영어영문학과,신설,신설,지역균형,2.33,2.25,,,,,,,자기주도인재,3.53,3.14,학교생활우수자,3.22,3.19,84.725,국수영탐(2),3/2,,,,,,,,,,,,,,,,,,,,,
서울,서울,성북구,성신여대,자연,창의융합학부(자유전공),의류산업학과,신설,신설,지역균형,2.37,2.31,,,,,,,자기주도인재,2.74,2.71,학교생활우수자,2.84,2.82,84.725,국수영탐(2),3/2,,,,,,,,,,,,,,,,,,,,,
서울,서울,성북구,성신여대,인문,창의융합학부(자유전공),일본어문·문화학과,신설,신설,지역균형,2.42,2.4,,,,,,,자기주도인재,4.17,3.75,학교생활우수자,2.95,2.87,84.725,국수영탐(2),3/2,,,,,,,,,,,,,,,,,,,,,
서울,서울,성북구,성신여대,인문,창의융합학부(자유전공),정치외교학과,신설,신설,지역균형,2.35,2.15,,,,,,,자기주도인재,2.89,2.78,학교생활우수자,2.78,2.78,84.725,국수영탐(2),3/2,,,,,,,,,,,,,,,,,,,,,
서울,서울,성북구,성신여대,인문,창의융합학부(자유전공),중국어문·문화학과,신설,신설,지역균형,2.58,2.41,,,,,,,자기주도인재,4.29,3.79,학교생활우수자,3.6,3.37,84.725,국수영탐(2),3/2,,,,,,,,,,,,,,,,,,,,,
서울,서울,성북구,성신여대,인문,창의융합학부(자유전공),지리학과,신설,신설,지역균형,2.95,2.95,,,,,,,자기주도인재,2.94,2.86,학교생활우수자,2.84,2.84,84.725,국수영탐(2),3/2,,,,,,,,,,,,,,,,,,,,,
서울,서울,성북구,성신여대,자연,창의융합학부(자유전공),청정신소재공학과,신설,신설,지역균형,2.25,2.1,,,,,,,자기주도인재,3.03,3.02,학교생활우수자,2.41,2.41,84.725,국수영탐(2),3/2,,,,,,,,,,,,,,,,,,,,,
서울,서울,성북구,성신여대,자연,창의융합학부(자유전공),컴퓨터공학과,신설,신설,지역균형,2.33,2.26,,,,,,,자기주도인재,3.36,2.94,학교생활우수자,2.81,2.81,84.725,국수영탐(2),3/2,,,,,,,,,,,,,,,,,,,,,
서울,서울,성북구,성신여대,인문,창의융합학부(자유전공),프랑스어문·문화학과,신설,신설,지역균형,2.36,2.27,,,,,,,자기주도인재,4.37,3.99,학교생활우수자,3.12,3.12,84.725,국수영탐(2),3/2,,,,,,,,,,,,,,,,,,,,,
서울,서울,성북구,성신여대,자연,창의융합학부(첨단분야전공),AI융합학부,신설,신설,지역균형,2.41,2.39,,,,,,,학교생활우수자,3.12,3.01,,,,84.725,국수영탐(2),3/2,,,,,,,,,,,,,,,,,,,,,
서울,서울,성북구,성신여대,자연,창의융합학부(첨단분야전공),화학·에너지융합학부,신설,신설,지역균형,2.5,1.93,,,,,,,자기주도인재,2.75,2.71,학교생활우수자,2.76,2.67,84.725,국수영탐(2),3/2,,,,,,,,,,,,,,,,,,,,,
서울,서울,성북구,성신여대,인문,프랑스어문·문화학과,프랑스어문·문화학과,유지,유지,지역균형,2.36,2.27,,,,,,,자기주도인재,4.37,3.99,학교생활우수자,3.12,3.12,84.725,국수영탐(2),3/2,,,,,,,,,,,,,,,,,,,,,
경상권,대구,북구,경북대,자연,응용화학공학부,화학공학과,유지,신설,교과우수자,1.89,1.77,,,,,,,일반학생,3.08,2.74,,,,84.71429,국수영탐(2),2/1,,,,,,,,,,,,,,,,,,,,,
경상권,대구,북구,경북대,자연,컴퓨터학부(인공지능컴퓨팅전공),컴퓨터학부(인공지능컴퓨팅전공),유지,유지,교과우수자,3.58,3.39,,,,,,,SW특별,,,일반학생,3.16,3.05,84.71429,국수영탐(2),2/1,,,,,,,,,,,,,,,,,,,,,
서울,서울,동대문구,한국외대,인문,노어과,노어과,유지,유지,학교장추천,197.19,197.77,,,,,,,학생부종합(면접형),4.08,3.46,학생부종합(서류형),4.2,3.04,84.7125,국수영탐(2),3/1,,,,,,,,,,,,,,,,,,,,,
강원권,강원,춘천시,한림대,인문,미래융합스쿨,미래융합스쿨,유지,유지,교과우수자,5.01,4.07,,,,,,,학교생활우수자,5.49,5.42,,,,84.7,"국수영 중 1개, 남은+탐구(2) 중 1개",3/-,,,,,,,,,,,,,,,,,,,,,
강원권,강원,춘천시,한림대,자연,식품영양학과,식품영양학과,유지,유지,교과우수자,4.59,4.27,,,,,,,학교생활우수자,5.09,5,,,,84.7,"국수영 중 1개, 남은+탐구(2) 중 1개",3/-,,,,,,,,,,,,,,,,,,,,,
충청권,대전,유성구,국립한밭대,인문,인문사회경상학부,인문사회경상학부,유지,유지,일반,4.33,4.19,,,,,,,,,,,,,84.679,국수영탐(1) 중 3개,4/-,,,,,,,,,,,,,,,,,,,,,
충청권,충북,청주시,한국교원대,인문,유아교육과,유아교육과,유지,유지,,,,,,,,,,학생부종합우수자 일반,3.68,3.14,,,,84.675,국수영탐(2),2/1,,,,,,,,,,,,,,,,,,,,,
서울,서울,동작구,숭실대,자연,화학공학과,화학공학과,유지,유지,학생부우수자,2.08,2.06,,,,,,,SSU미래인재,2.54,2.43,,,,84.65625,국수영탐(2),3/3,,,,,,,,,,,,,,,,,,,,,
충청권,충남,공주시,국립공주대,자연,환경교육과,환경교육과,유지,유지,교과Ⅰ,3.74,3.62,,,,,,,일반,4.14,3.89,,,,84.656,"국영탐(1) 중 2개, 수학",3/-,,,,,,,,,,,,,,,,,,,,,
경인권,경기,용인시,단국대,자연,SW융합계열광역,SW융합계열광역,유지,유지,,,,,,,,,,SW인재,3.32,3.14,,,,84.65,국수영탐(2),3/3,,,,,,,,,,,,,,,,,,,,,
경인권,경기,용인시,단국대,자연,사이버보안학과,사이버보안학과,유지,유지,지역균형선발,2.34,2.34,,,,,,,SW인재,3.15,3.13,,,,84.65,국수영탐(2),3/3,,,,,,,,,,,,,,,,,,,,,
경인권,경기,수원시,아주대,자연,디지털미디어학과,디지털미디어학과,,,고교추천,2.44,2.33,,,,,,,ACE,3.32,3.06,,,,84.64706,국수영탐(2),3/3,,,,,,,,,,,,,,,,,,,,,
서울,서울,성북구,국민대,인문,법학부,법학부,,,교과성적우수자,2.21,2.16,,,,,,,국민프런티어,5.79,3.42,학교생활우수자,2.64,2.6,84.625,국수영탐(2),2/1,,,,,,,,,,,,,,,,,,,,,
서울,서울,용산구,숙명여대,자연,컴퓨터과학전공,컴퓨터과학전공,유지,유지,지역균형선발,2.1,1.97,,,,,,,소프트웨어인재,2.91,2.68,,,,84.625,국수영탐(2),2/-,,,,,,,,,,,,,,,,,,,,,
경인권,인천,미추홀구,인하대,인문,행정학과,행정학과,유지,유지,지역균형,2.54,2.47,,,,,,,인하미래인재,3.11,2.93,,,,84.61765,국수영탐(2),4/2,,,,,,,,,,,,,,,,,,,,,
경인권,경기,용인시,단국대,인문,국어국문학과,국어국문학과,유지,유지,지역균형선발,2.58,2.58,,,,,,,DKU인재-면접형,2.5,2.5,DKU인재-서류형,2.58,2.58,84.6,국수영탐(2),4/1,,,,,,,,,,,,,,,,,,,,,
경인권,경기,용인시,단국대,인문,국제경영학과,국제경영학과,유지,유지,지역균형선발,2.41,2.31,,,,,,,DKU인재-면접형,3.84,3.84,DKU인재-서류형,3.29,3.29,84.6,국수영탐(2),2/1,,,,,,,,,,,,,,,,,,,,,
경인권,경기,용인시,단국대,인문,사회계열광역,사회계열광역,유지,유지,지역균형선발,2.43,2.37,,,,,,,DKU인재-서류형,3.01,2.85,,,,84.6,국수영탐(2),3/3,,,,,,,,,,,,,,,,,,,,,
경인권,경기,용인시,단국대,인문,인문계열광역,인문계열광역,유지,유지,,,,,,,,,,DKU인재-서류형,3.63,3.27,,,,84.6,국수영탐(2),4/1,,,,,,,,,,,,,,,,,,,,,
경인권,경기,용인시,단국대,인문,정치외교학과,정치외교학과,유지,유지,지역균형선발,2.62,2.62,,,,,,,DKU인재-면접형,4.39,4.39,DKU인재-서류형,2.83,2.83,84.6,국수영탐(2),3/3,,,,,,,,,,,,,,,,,,,,,
강원권,강원,원주시,상지대,자연,임상병리학과,임상병리학과,유지,유지,교과일반,3.39,3.19,,,,,,,종합일반,3.93,4.28,,,,84.6,국수영탐(2) 중 2개,2/4,,,,,,,,,,,,,,,,,,,,,
서울,서울,노원구,서울과기대,자연,산업공학과 산업정보시스템전공(자연),산업공학과 산업정보시스템전공(자연),유지,유지,고교추천,2.21,2.15,,,,,,,학교생활우수자,3.44,2.82,,,,84.59375,국수영탐(2),2/1,,,,,,,,,,,,,,,,,,,,,
서울,서울,성북구,국민대,자연,기계금속재료전공,기계금속재료전공,,,교과성적우수자,2.37,2.23,,,,,,,국민프런티어,2.79,2.65,학교생활우수자,2.95,2.76,84.5625,국수영탐(2),2/4,,,,,,,,,,,,,,,,,,,,,
서울,서울,동작구,숭실대,자연,AI소프트웨어학부,AI융합학부,유지,변경,학생부우수자,2.27,2.23,,,,,,,SSU미래인재,2.79,2.65,SW우수자,,3.23,84.5625,국수영탐(2),2/2,,,,,,,,,,,,,,,,,,,,,
서울,서울,동작구,숭실대,인문,정보사회학과,정보사회학과,유지,유지,학생부우수자,2.23,2.23,,,,,,,SSU미래인재,3.05,2.83,,,,84.5625,국수영탐(2),2/3,,,,,,,,,,,,,,,,,,,,,
경인권,인천,미추홀구,인하대,자연,기계공학과,기계공학과,유지,유지,지역균형,2.36,2.29,,,,,,,인하미래인재,2.86,2.73,,,,84.55556,국수영탐(2),3/3,,,,,,,,,,,,,,,,,,,,,
경인권,인천,미추홀구,인하대,자연,반도체시스템공학과,반도체시스템공학과,유지,유지,지역균형,2.26,2.16,,,,,,,인하미래인재,2.91,2.78,,,,84.55556,국수영탐(2),3/1,,,,,,,,,,,,,,,,,,,,,
경인권,경기,용인시,단국대,인문,미디어커뮤니케이션학부,미디어커뮤니케이션학부,유지,유지,지역균형선발,2.93,2.93,,,,,,,DKU인재-면접형,3.04,3.04,DKU인재-서류형,2.66,2.38,84.55,국수영탐(2),5/3,,,,,,,,,,,,,,,,,,,,,
경인권,경기,용인시,단국대,인문,사회계열광역,사회계열광역,유지,유지,지역균형선발,2.43,2.37,,,,,,,DKU인재-서류형,3.01,2.85,,,,84.55,국수영탐(2),5/3,,,,,,,,,,,,,,,,,,,,,
경인권,경기,용인시,단국대,자연,수학교육과,수학교육과,유지,유지,지역균형선발,2.1,2.1,,,,,,,DKU인재-면접형,2.55,2.55,DKU인재-서류형,2.33,2.19,84.55,국수영탐(2),3/2,,,,,,,,,,,,,,,,,,,,,
서울,서울,노원구,삼육대,인문,항공관광외국어학부,항공관광외국어학부,유지,유지,학교장추천,3.27,3.27,,,,,,,세움인재,4.53,4.25,재림교회목회자추천,,,84.55,국수영탐(2),3/2,,,,,,,,,,,,,,,,,,,,,
서울,서울,성북구,성신여대,인문,사회교육과,사회교육과,신설,신설,지역균형,2.32,2.32,,,,,,,자기주도인재,2.88,2.79,,,,84.55,국수영탐(2),3/1,,,,,,,,,,,,,,,,,,,,,
경인권,경기,용인시,경희대,인문,일본어학과,일본어학과,유지,유지,지역균형,1.96,1.96,,,,,,,네오르네상스,4.43,4.2,,,,84.52941,국수영탐(2),2/2,,,,,,,,,,,,,,,,,,,,,
경인권,경기,용인시,경희대,인문,중국어학과,중국어학과,유지,유지,지역균형,2.15,2.15,,,,,,,네오르네상스,4.6,4.47,,,,84.52941,국수영탐(2),2/2,,,,,,,,,,,,,,,,,,,,,
충청권,충남,논산시,건양대,자연,기업소프트웨어학부,기업소프트웨어학부,유지,유지,일반학생[교과],5.27,4.59,,,,,,,,,,,,,84.5,국수영탐(1) 중 2개,5/2,,,,,,,,,,,,,,,,,,,,,
경상권,경북,안동시,국립경국대,인문,윤리교육과,윤리교육과,유지,유지,일반학생,2.71,2.44,,,,,,,NUG인재,3.42,3.42,,,,84.5,국수영탐(1) 중 2개,4/1,,,,,,,,,,,,,,,,,,,,,
서울,서울,성북구,국민대,자연,바이오발효융합학과,바이오발효융합학과,,,교과성적우수자,2.33,1.96,,,,,,,국민프런티어,2.62,2.5,학교생활우수자,2.19,2.17,84.5,국수영탐(2),2/2,,,,,,,,,,,,,,,,,,,,,
서울,서울,성북구,성신여대,자연,창의융합학부(첨단분야전공),바이오헬스융합학부,신설,신설,지역균형,2.64,2.34,,,,,,,자기주도인재,3.05,2.93,학교생활우수자,2.59,2.56,84.5,국수영탐(2),2/1,,,,,,,,,,,,,,,,,,,,,
서울,서울,성북구,성신여대,자연,창의융합학부(첨단분야전공),"수리통계데이터사이언스학부(수학,핀테크)",신설,신설,지역균형,2.76,2.57,,,,,,,,,,,,,84.5,국수영탐(2),2/1,,,,,,,,,,,,,,,,,,,,,
서울,서울,성북구,성신여대,자연,창의융합학부(첨단분야전공),"수리통계데이터사이언스학부(통계학,빅데이터사이언스)",신설,신설,지역균형,2.78,2.52,,,,,,,,,,,,,84.5,국수영탐(2),2/1,,,,,,,,,,,,,,,,,,,,,
서울,서울,성북구,성신여대,자연,창의융합학부(첨단분야전공),AI융합학부,신설,신설,지역균형,2.41,2.39,,,,,,,학교생활우수자,3.12,3.01,,,,84.5,국수영탐(2),2/1,,,,,,,,,,,,,,,,,,,,,
서울,서울,성북구,성신여대,자연,창의융합학부(첨단분야전공),화학·에너지융합학부,신설,신설,지역균형,2.5,1.93,,,,,,,자기주도인재,2.75,2.71,학교생활우수자,2.76,2.67,84.5,국수영탐(2),2/1,,,,,,,,,,,,,,,,,,,,,
서울,서울,광진구,세종대,자연,창의소프트학부,창의소프트학부-만화애니메이션텍전공,유지,유지,,,,,,,,,,세종창의인재(면접형),2.66,2.2,,,,84.5,국수영탐(2),4/1,,,,,,,,,,,,,,,,,,,,,
서울,서울,용산구,숙명여대,인문,테슬(TESL)전공,테슬(TESL)전공,유지,유지,지역균형선발,2.46,2.06,,,,,,,숙명인재(면접형),3.03,2.76,,,,84.5,국수영탐(2),2/-,,,,,,,,,,,,,,,,,,,,,
서울,서울,동작구,숭실대,인문,중어중문학과,중어중문학과,유지,유지,학생부우수자,2.46,2.42,,,,,,,SSU미래인재,3.23,3.21,,,,84.5,국수영탐(2),3/2,,,,,,,,,,,,,,,,,,,,,
경인권,경기,오산시,한신대,자연,AI시스템반도체학,AI시스템반도체학,유지,유지,학생부우수자,3.19,3.06,,,,,,,참인재,4.76,4.36,,,,84.5,국수영탐(1) 중 3개,2/4,,,,,,,,,,,,,,,,,,,,,
서울,서울,마포구,홍익대,자연,기계ㆍ시스템디자인공학과,기계ㆍ시스템디자인공학과,유지,유지,학교장추천자,2,1.95,,,,,,,학교생활우수자,2.35,2.29,,,,84.47059,국수영탐(2),1/1,,,,,,,,,,,,,,,,,,,,,
경인권,인천,연수구,가천대,자연,바이오로직스학과,바이오로직스학과,유지,유지,학생부우수자,2.9,,,,,,,,,,,,,,84.45,국수영탐(1),3/3,,,,,,,,,,,,,,,,,,,,,
경인권,경기,용인시,단국대,자연,SW융합계열광역,SW융합계열광역,유지,유지,,,,,,,,,,SW인재,3.32,3.14,,,,84.45,국수영탐(2),3/5,,,,,,,,,,,,,,,,,,,,,
경인권,경기,용인시,단국대,인문,무역학과,무역학과,유지,유지,지역균형선발,2.47,2.47,,,,,,,DKU인재-면접형,3.94,3.94,DKU인재-서류형,2.9,2.88,84.45,국수영탐(2),2/1,,,,,,,,,,,,,,,,,,,,,
경인권,경기,용인시,단국대,인문,사회계열광역,사회계열광역,유지,유지,지역균형선발,2.43,2.37,,,,,,,DKU인재-서류형,3.01,2.85,,,,84.45,국수영탐(2),2/1,,,,,,,,,,,,,,,,,,,,,
경인권,경기,용인시,단국대,자연,컴퓨터공학과,컴퓨터공학과,유지,유지,지역균형선발,3.3,3.04,,,,,,,SW인재,2.38,2.38,,,,84.45,국수영탐(2),3/5,,,,,,,,,,,,,,,,,,,,,
경인권,경기,시흥시,한국공학대,자연,기계설계공학부(기계설계전공),기계설계공학부(기계설계전공),유지,유지,교과우수자,3.4,3.4,지역균형,3.16,3.06,,,,창의인재,4.4,4.4,,,,84.45,국수영탐(1) 중 3개,2/-,,,,,,,,,,,,,,,,,,,,,
충청권,충북,청주시,충북대,자연,간호학과,간호학과,유지,유지,학생부교과,2.15,2,,,,,,,학생부종합Ⅰ,2.29,2.25,학생부종합Ⅱ,2.77,2.71,84.4375,국수영탐(2),3/-,,,,,,,,,,,,,,,,,,,,,
경상권,대구,북구,경북대,자연,IT대학 자율학부,IT대학 자율학부,유지,유지,교과우수자,4.43,3.99,,,,,,,일반학생,3.3,3.12,,,,84.42857,국수영탐(2),2/1,,,,,,,,,,,,,,,,,,,,,
경상권,대구,북구,경북대,자연,정보·컴퓨터교육과,정보·컴퓨터교육과,유지,유지,교과우수자,3.8,3.67,,,,,,,일반학생,4.13,4,,,,84.42857,국수영탐(2),3/1,,,,,,,,,,,,,,,,,,,,,
경상권,대구,북구,경북대,자연,컴퓨터학부(심화컴퓨팅전공),,유지,신설,,,,,,,,,,,,,,,,84.42857,국수영탐(2),2/1,,,,,,,,,,,,,,,,,,,,,
경상권,대구,북구,경북대,자연,컴퓨터학부(첨단컴퓨팅연구전공),,유지,신설,,,,,,,,,,,,,,,,84.42857,국수영탐(2),2/1,,,,,,,,,,,,,,,,,,,,,
경인권,경기,성남시,가천대,인문,회계세무학과,회계세무학과,유지,유지,학생부우수자,2.9,,,,,,,,가천바람개비,3.93,,,,,84.4,국수영탐(1),3/1,,,,,,,,,,,,,,,,,,,,,
서울,서울,노원구,삼육대,자연,보건관리학과,보건관리학과,유지,유지,학교장추천,3.37,3.36,,,,,,,세움인재,4.05,3.93,재림교회목회자추천,,,84.4,국수영탐(2),2/2,,,,,,,,,,,,,,,,,,,,,
서울,서울,종로구,상명대,자연,지능•데이터융합학부 휴먼AI공학전공,지능•데이터융합학부 휴먼지능정보공학전공,유지,변경,고교추천,2.93,2.93,,,,,,,상명인재,3.29,3.26,,,,84.4,국수영탐(1),3/2,,,,,,,,,,,,,,,,,,,,,
강원권,강원,춘천시,한림대,자연,소프트웨어ㆍAI계열,소프트웨어학부,유지,변경,교과우수자,4.73,4.47,,,,,,,학교생활우수자,5.56,5.19,한림SW인재,5.94,5.75,84.4,"국수영 중 1개, 남은+탐구(2) 중 1개",3/-,,,,,,,,,,,,,,,,,,,,,
강원권,강원,춘천시,한림대,인문,정치행정학과,정치행정학과,유지,유지,교과우수자,4.14,4,,,,,,,학교생활우수자,5.38,5.17,,,,84.4,"국수영 중 1개, 남은+탐구(2) 중 1개",3/-,,,,,,,,,,,,,,,,,,,,,
서울,서울,중구,동국대,인문,불교학부,불교학부,유지,유지,학교장추천인재,2.9,2.03,,,,,,,불교추천인재,5.22,3.6,,,,84.35294,국수영탐(2),3/2,,,,,,,,,,,,,,,,,,,,,
경인권,경기,수원시,아주대,인문,경영학과,경영학과,,,고교추천,2.44,2.35,,,,,,,ACE,4.02,3.07,,,,84.35294,국수영탐(2),3/2,,,,,,,,,,,,,,,,,,,,,
경인권,경기,수원시,아주대,인문,문화콘텐츠학과,문화콘텐츠학과,,,고교추천,2.4,2.41,,,,,,,ACE,3.01,2.84,,,,84.35294,국수영탐(2),3/3,,,,,,,,,,,,,,,,,,,,,
경인권,경기,시흥시,한국공학대,자연,에너지·전기공학과,에너지·전기공학부(미래에너지시스템전공),유지,유지,교과우수자,3.14,3.06,지역균형,3.38,3.36,,,,창의인재,4.85,4.64,,,,84.35,국수영탐(1) 중 3개,4/-,,,,,,,,,,,,,,,,,,,,,
경상권,경북,구미시,국립금오공대,자연,전자공학부,전자공학부,유지,유지,학생부교과,4.24,4,,,,,,,KIT인재,5.09,4.63,,,,84.339,국수영탐(1) 중 3개,3/3,,,,,,,,,,,,,,,,,,,,,
충청권,충북,충주시,국립한국교통대,인문,경영학과,경영학과,유지,유지,일반,3.5,3.37,,,,,,,나비인재Ⅱ,3.96,3.45,,,,84.339,국수영탐(1) 중 3개,3/-,,,,,,,,,,,,,,,,,,,,,
강원권,강원,원주시,연세대(미래),자연,간호학과,간호학과,,,교과우수자,2.48,2.43,,,,,,,학교생활우수자,2.47,2.47,,,,84.33333,국수영탐(1),2/2,,,,,,,,,,,,,,,,,,,,,
경인권,인천,미추홀구,인하대,공통,자유전공융합학부,자유전공융합학부,유지,유지,지역균형,2.21,2.16,,,,,,,,,,,,,84.33333,국수영탐(2),3/5,,,,,,,,,,,,,,,,,,,,,
서울,서울,동작구,숭실대,인문,국제법무학과,국제법무학과,유지,유지,학생부우수자,2.31,2.26,,,,,,,SSU미래인재,3.04,2.96,,,,84.3125,국수영탐(2),2/2,,,,,,,,,,,,,,,,,,,,,
경인권,경기,성남시,가천대,자연,스마트보안학과,스마트보안학과,유지,유지,학생부우수자,2.94,,,,,,,,가천바람개비,4.75,,,,,84.3,국수영탐(1),2/4,,,,,,,,,,,,,,,,,,,,,
경인권,경기,용인시,단국대,자연,화학공학과,화학공학과,유지,유지,지역균형선발,2.21,2.17,,,,,,,DKU인재-면접형,2.53,2.53,DKU인재-서류형,2.94,2.77,84.3,국수영탐(2),3/1,,,,,,,,,,,,,,,,,,,,,
충청권,대전,유성구,충남대,자연,수학과,수학과,유지,유지,일반,3.28,3.17,,,,,,,학생부종합Ⅰ,4.31,4,학생부종합Ⅰ[서류],3.74,3.34,84.3,국수탐(2),4/3,,,,,,,,,,,,,,,,,,,,,
충청권,대전,유성구,충남대,인문,언론정보학과,언론정보학과,유지,유지,일반,2.5,2.37,,,,,,,학생부종합Ⅰ,3.07,2.83,학생부종합Ⅰ[서류],2.82,2.8,84.3,국수탐(2),2/1,,,,,,,,,,,,,,,,,,,,,
경인권,경기,수원시,아주대,자연,첨단신소재공학과,첨단신소재공학과,,,고교추천,1.99,1.95,,,,,,,첨단융합인재,2.55,2.44,,,,84.29412,국수영탐(2),2/2,,,,,,,,,,,,,,,,,,,,,
서울,서울,마포구,홍익대,인문,경영학부,경영학부,유지,유지,학교장추천자,2.04,1.94,,,,,,,학교생활우수자,2.47,2.54,,,,84.29412,국수영탐(2),1/1,,,,,,,,,,,,,,,,,,,,,
경상권,대구,북구,경북대,인문,사회과학대학 자율학부,사회과학대학 자율학부,유지,유지,교과우수자,2.66,2.58,,,,,,,일반학생,3.94,3.86,,,,84.28571,국수영탐(2),3/1,,,,,,,,,,,,,,,,,,,,,
경상권,대구,북구,경북대,자연,신소재공학과,신소재공학과,유지,유지,교과우수자,2.12,2.06,,,,,,,일반학생,4.35,4.14,,,,84.28571,국수영탐(2),3/1,,,,,,,,,,,,,,,,,,,,,
서울,서울,동대문구,한국외대,인문,영미문학ㆍ문화학과,영미문학ㆍ문화학과,유지,유지,학교장추천,196.87,197.63,,,,,,,학생부종합(면접형),2.84,2.65,학생부종합(서류형),2.48,2.42,84.2625,국수영탐(2),2/3,,,,,,,,,,,,,,,,,,,,,
서울,서울,성북구,국민대,인문,사회학과,사회학과,,,교과성적우수자,2.35,2.13,,,,,,,국민프런티어,2.66,2.65,학교생활우수자,2.71,2.58,84.25,국수영탐(2),2/1,,,,,,,,,,,,,,,,,,,,,
서울,서울,노원구,삼육대,자연,데이터클라우드공학과,데이터클라우드공학과,유지,유지,학교장추천,3.48,3.41,,,,,,,세움인재,3.55,3.5,재림교회목회자추천,,,84.25,국수영탐(2),2/2,,,,,,,,,,,,,,,,,,,,,
서울,서울,마포구,홍익대,자연,건설환경공학과,건설환경공학과,유지,유지,학교장추천자,1.93,1.96,,,,,,,학교생활우수자,2.62,2.53,,,,84.23529,국수영탐(2),2/2,,,,,,,,,,,,,,,,,,,,,
경인권,인천,미추홀구,인하대,공통,자유전공융합학부,자유전공융합학부,유지,유지,지역균형,2.21,2.16,,,,,,,,,,,,,84.22222,국수영탐(2),3/2,,,,,,,,,,,,,,,,,,,,,
서울,서울,종로구,상명대,인문,경영학부,경영학부,유지,유지,고교추천,2.84,2.57,,,,,,,상명인재,3.17,3.01,,,,84.2,국수영탐(1),2/2,,,,,,,,,,,,,,,,,,,,,
충청권,충남,천안시,상명대,자연,소프트웨어학과,소프트웨어학과,유지,유지,학생부교과,4.02,3.79,,,,,,,상명인재,4.57,4.2,,,,84.2,"국영 중 1개, 수탐(1)",4/3,,,,,,,,,,,,,,,,,,,,,
강원권,강원,춘천시,한림대,자연,화학과,화학과,유지,유지,교과우수자,4.08,4.03,,,,,,,학교생활우수자,5.45,5.35,,,,84.2,"국수영 중 1개, 남은+탐구(2) 중 1개",2/-,,,,,,,,,,,,,,,,,,,,,
서울,서울,성북구,국민대,자연,인공지능학부,인공지능학부,,,교과성적우수자,2.14,2.12,,,,,,,국민프런티어,2.78,2.66,학교생활우수자,2.24,2.24,84.1875,국수영탐(2),3/4,,,,,,,,,,,,,,,,,,,,,
서울,서울,동대문구,한국외대,인문,아랍어과,아랍어과,유지,유지,학교장추천,197.64,197.71,,,,,,,학생부종합(면접형),3.62,3.1,학생부종합(서류형),3.77,3.75,84.175,국수영탐(2),2/2,,,,,,,,,,,,,,,,,,,,,
경인권,경기,용인시,단국대,인문,사학과,사학과,유지,유지,지역균형선발,2.66,2.66,,,,,,,DKU인재-면접형,2.86,2.86,DKU인재-서류형,2.69,2.69,84.15,국수영탐(2),2/1,,,,,,,,,,,,,,,,,,,,,
경인권,경기,용인시,단국대,자연,융합반도체공학과,융합반도체공학과,유지,유지,지역균형선발,2.33,2.31,,,,,,,DKU인재-면접형,3,2.94,DKU인재-서류형,3.04,2.91,84.15,국수영탐(2),4/3,,,,,,,,,,,,,,,,,,,,,
경인권,경기,용인시,단국대,인문,인문계열광역,인문계열광역,유지,유지,,,,,,,,,,DKU인재-서류형,3.63,3.27,,,,84.15,국수영탐(2),2/1,,,,,,,,,,,,,,,,,,,,,
경인권,경기,용인시,단국대,인문,인문계열광역,인문계열광역,유지,유지,,,,,,,,,,DKU인재-서류형,3.63,3.27,,,,84.15,국수영탐(2),3/2,,,,,,,,,,,,,,,,,,,,,
경인권,경기,용인시,단국대,자연,인프라건설공학과,토목환경공학과,유지,변경,지역균형선발,2.56,2.54,,,,,,,DKU인재-면접형,3.6,3.57,DKU인재-서류형,3.49,3.22,84.15,국수영탐(2),2/4,,,,,,,,,,,,,,,,,,,,,
경인권,경기,용인시,단국대,인문,철학과,철학과,유지,유지,지역균형선발,2.24,2.24,,,,,,,DKU인재-면접형,3.14,3.14,DKU인재-서류형,2.56,2.56,84.15,국수영탐(2),3/2,,,,,,,,,,,,,,,,,,,,,
경상권,대구,북구,경북대,자연,고분자공학과,고분자공학과,유지,유지,교과우수자,2.6,2.56,,,,,,,일반학생,3.69,3.57,,,,84.14286,국수영탐(2),3/1,,,,,,,,,,,,,,,,,,,,,
경상권,대구,북구,경북대,인문,식품자원경제학과,식품자원경제학과,유지,유지,교과우수자,3.05,2.97,,,,,,,일반학생,3.94,3.9,,,,84.14286,국수영탐(2),3/1,,,,,,,,,,,,,,,,,,,,,
경상권,대구,북구,경북대,자연,"첨단기술융합대학 자율학부2(혁신신약,의생명융합공학)","첨단기술융합대학 자율학부2(혁신신약,의생명융합공학)",유지,유지,교과우수자,3.63,3.27,,,,,,,일반학생,2.56,2.39,,,,84.14286,국수영탐(2),3/1,,,,,,,,,,,,,,,,,,,,,
서울,서울,용산구,숙명여대,자연,식품영양학과,식품영양학과,유지,유지,지역균형선발,1.94,1.88,,,,,,,숙명인재(면접형),2.42,2.42,,,,84.125,국수영탐(2),1/-,,,,,,,,,,,,,,,,,,,,,
서울,서울,동대문구,한국외대,인문,프랑스어학부,프랑스어학부,유지,유지,학교장추천,197.3,197.38,,,,,,,학생부종합(면접형),3.69,3.38,학생부종합(서류형),2.84,2.64,84.125,국수영탐(2),2/2,,,,,,,,,,,,,,,,,,,,,
서울,서울,마포구,홍익대,자연,신소재•화공시스템공학부,신소재•화공시스템공학부,유지,유지,학교장추천자,1.88,1.86,,,,,,,학교생활우수자,2.35,2.24,,,,84.11765,국수영탐(2),1/1,,,,,,,,,,,,,,,,,,,,,
경인권,인천,미추홀구,인하대,자연,물리학과,물리학과,유지,유지,지역균형,2.45,2.39,,,,,,,인하미래인재,3.17,2.99,,,,84.11111,국수영탐(2),3/2,,,,,,,,,,,,,,,,,,,,,
경인권,경기,성남시,가천대,자연,신소재공학과,신소재공학과,유지,유지,지역균형,3.41,,학생부우수자,3.2,,,,,가천바람개비,3.52,,,,,84.1,국수영탐(1),4/5,,,,,,,,,,,,,,,,,,,,,
경인권,경기,성남시,가천대,자연,인공지능학과,인공지능학과,유지,유지,학생부우수자,2.81,,,,,,,,가천바람개비,3.59,,,,,84.1,국수영탐(1),4/5,,,,,,,,,,,,,,,,,,,,,
서울,서울,노원구,삼육대,자연,식품영양학과,식품영양학과,유지,유지,학교장추천,3.17,3.16,,,,,,,세움인재,4.15,4.03,재림교회목회자추천,,,84.1,국수영탐(2),2/2,,,,,,,,,,,,,,,,,,,,,
강원권,강원,춘천시,한림대,인문,사회학과,사회학과,유지,유지,교과우수자,4.32,4.25,,,,,,,학교생활우수자,5.78,5.56,,,,84.1,"국수영 중 1개, 남은+탐구(2) 중 1개",3/-,,,,,,,,,,,,,,,,,,,,,
경인권,인천,미추홀구,인하대,인문,사회교육과,사회교육과,유지,유지,지역균형,2.21,2.17,,,,,,,인하미래인재,2.51,2.48,,,,84.08824,국수영탐(2),4/4,,,,,,,,,,,,,,,,,,,,,
서울,서울,성북구,국민대,자연,소프트웨어학부,소프트웨어학부,,,교과성적우수자,2.33,2.2,,,,,,,국민프런티어,2.66,2.52,학교생활우수자,1.93,1.93,84.0625,국수영탐(2),1/5,,,,,,,,,,,,,,,,,,,,,
서울,서울,광진구,세종대,자연,AI로봇학과,AI로봇학과,유지,유지,지역균형,2.12,2.19,,,,,,,세종창의인재(면접형),3.03,2.9,세종창의인재(서류형),2.65,2.57,84.0625,국수영탐(2),4/3,,,,,,,,,,,,,,,,,,,,,
서울,서울,동작구,숭실대,인문,글로벌통상학과,글로벌통상학과,유지,유지,학생부우수자,2.42,2.31,,,,,,,SSU미래인재,3.19,3.09,,,,84.0625,국수영탐(2),2/2,,,,,,,,,,,,,,,,,,,,,
경인권,경기,용인시,단국대,인문,사회계열광역,사회계열광역,유지,유지,지역균형선발,2.43,2.37,,,,,,,DKU인재-서류형,3.01,2.85,,,,84.05,국수영탐(2),1/2,,,,,,,,,,,,,,,,,,,,,
경인권,경기,용인시,단국대,인문,영미인문학과,영미인문학과,유지,유지,지역균형선발,2.23,2.23,,,,,,,DKU인재-면접형,3.32,3.32,DKU인재-서류형,2.44,2.44,84.05,국수영탐(2),1/1,,,,,,,,,,,,,,,,,,,,,
경인권,경기,용인시,단국대,인문,인문계열광역,인문계열광역,유지,유지,,,,,,,,,,DKU인재-서류형,3.63,3.27,,,,84.05,국수영탐(2),1/1,,,,,,,,,,,,,,,,,,,,,
경인권,경기,용인시,단국대,인문,행정학과,행정학과,유지,유지,지역균형선발,2.73,2.73,,,,,,,DKU인재-면접형,3.26,3.26,DKU인재-서류형,3.14,3,84.05,국수영탐(2),1/2,,,,,,,,,,,,,,,,,,,,,
서울,서울,종로구,상명대,예체능,SW융합학부 애니메이션전공,SW융합학부 애니메이션전공,유지,유지,고교추천,2.49,2.44,,,,,,,상명인재,1.98,1.98,,,,84.05,국수영탐(1),3/3,,,,,,,,,,,,,,,,,,,,,
충청권,대전,유성구,충남대,자연,기술교육과,기술교육과,유지,유지,일반,2.42,2.39,,,,,,,학생부종합Ⅰ,3.37,3.03,,,,84.05,국수탐(2),3/2,,,,,,,,,,,,,,,,,,,,,
충청권,대전,유성구,충남대,자연,메카트로닉스공학과,메카트로닉스공학과,유지,유지,일반,2.77,2.67,,,,,,,학생부종합Ⅰ,3.41,3.45,학생부종합Ⅰ[서류],3.4,3.18,84.05,국수탐(2),4/1,,,,,,,,,,,,,,,,,,,,,
경인권,경기,시흥시,한국공학대,자연,에너지·전기공학과,에너지·전기공학부(전력응용시스템전공),유지,유지,교과우수자,3.42,3.25,지역균형,3.27,3.08,,,,창의인재,4.53,4.42,,,,84.05,국수영탐(1) 중 3개,5/-,,,,,,,,,,,,,,,,,,,,,
충청권,충북,증평군,국립한국교통대,자연,간호학과,간호학과,유지,유지,일반,2.83,2.73,,,,,,,나비인재Ⅱ,3.3,3.07,,,,84.003,국수영탐(1) 중 3개,4/-,,,,,,,,,,,,,,,,,,,,,
서울,서울,구로구,성공회대,인문,미래융합학부,미래융합학부,유지,유지,교과성적,3.22,3,,,,,,,열린인재,5.03,4.94,,,,84.001,"국수 중 1개, 영탐(1)",4/2,,,,,,,,,,,,,,,,,,,,,
서울,서울,성북구,국민대,인문,경제학과,경제학과,,,교과성적우수자,2.3,2.33,,,,,,,국민프런티어,2.82,2.76,학교생활우수자,2.66,2.55,84,국수영탐(2),2/2,,,,,,,,,,,,,,,,,,,,,
충청권,충남,천안시,남서울대,자연,물리치료학과,물리치료학과,유지,유지,교과+면접,2.3,2.3,일반,2.07,1.97,,,,학생부종합 면접형,3.92,3.64,,,,84,국수영탐(1) 중 2개,2/-,,,,,,,,,,,,,,,,,,,,,
경인권,경기,용인시,단국대,자연,고분자시스템공학부 융합소재공학전공,고분자시스템공학부 파이버융합소재공학전공,유지,변경,지역균형선발,2.34,2.32,,,,,,,DKU인재-면접형,3.41,3.41,DKU인재-서류형,3.1,2.83,84,국수영탐(2),4/1,,,,,,,,,,,,,,,,,,,,,
경인권,경기,용인시,단국대,자연,고분자시스템공학부 파이버융합소재공학전공,고분자시스템공학부 파이버융합소재공학전공,유지,유지,지역균형선발,2.34,2.32,,,,,,,DKU인재-면접형,3.41,3.41,DKU인재-서류형,3.1,2.83,84,국수영탐(2),4/1,,,,,,,,,,,,,,,,,,,,,
경인권,경기,용인시,단국대,자연,과학교육과,과학교육과,유지,유지,지역균형선발,2.12,2.11,,,,,,,DKU인재-면접형,2.61,2.61,DKU인재-서류형,2.44,2.44,84,국수영탐(2),3/6,,,,,,,,,,,,,,,,,,,,,
서울,서울,서대문구,명지대,인문,자율전공학부(인문),자율전공학부(인문),유지,유지,학교장추천,2.53,2.45,,,,,,,명지인재서류,3.24,3.09,크리스천리더,3.08,2.96,84,국수영탐(1),2/3,,,,,,,,,,,,,,,,,,,,,
충청권,대전,서구,배재대,자연,간호학과,간호학과,유지,유지,교과,2.4,2.3,일반고교과,2.7,2.6,,,,서류100,2.9,2.7,,,,84,국수영탐(1) 중 2개,3/2,,,,,,,,,,,,,,,,,,,,,
서울,서울,노원구,삼육대,인문,유아교육과,유아교육과,유지,유지,학교장추천,3.25,3.25,,,,,,,세움인재,4.02,3.95,재림교회목회자추천,,,84,국수영탐(2),3/2,,,,,,,,,,,,,,,,,,,,,
경인권,인천,미추홀구,인하대,자연,수학과,수학과,유지,유지,지역균형,2.48,2.43,,,,,,,인하미래인재,2.94,2.8,,,,84,국수영탐(2),2/3,,,,,,,,,,,,,,,,,,,,,
서울,서울,동작구,중앙대,자연,사회기반시스템공학부(도시시스템공학),사회기반시스템공학부(도시시스템공학),유지,유지,,,,,,,,,,CAU융합형인재,1.95,1.92,,,,84,국수탐(2),4/3,,,,,,,,,,,,,,,,,,,,,
경인권,경기,시흥시,한국공학대,자연,디자인공학부,디자인공학부,유지,유지,교과우수자,3.61,3.52,지역균형,3.05,2.97,,,,창의인재,4.36,4.25,,,,84,국수영탐(1) 중 3개,4/-,,,,,,,,,,,,,,,,,,,,,
충청권,충남,공주시,국립공주대,자연,간호학과,간호학과,유지,유지,교과Ⅰ,3.27,3.19,,,,,,,일반,3.35,3.29,,,,83.99,"국영탐(1) 중 2개, 수학",3/-,,,,,,,,,,,,,,,,,,,,,
서울,서울,노원구,서울과기대,자연,컴퓨터공학과,컴퓨터공학과,유지,유지,고교추천,2,1.88,,,,,,,학교생활우수자,2.98,2.77,,,,83.96875,국수영탐(2),2/1,,,,,,,,,,,,,,,,,,,,,
서울,서울,용산구,숙명여대,자연,통계학과,통계학과,유지,유지,지역균형선발,1.94,1.94,,,,,,,숙명인재(면접형),2.7,2.3,,,,83.96875,국수영탐(2),2/-,,,,,,,,,,,,,,,,,,,,,
서울,서울,동작구,숭실대,자연,정보통계·보험수리학과,정보통계·보험수리학과,유지,유지,학생부우수자,2.16,2.06,,,,,,,SSU미래인재,2.87,2.73,,,,83.96875,국수영탐(2),2/2,,,,,,,,,,,,,,,,,,,,,
경인권,경기,성남시,가천대,자연,바이오나노학과,바이오나노학과,유지,유지,지역균형,3.9,,학생부우수자,3.16,,,,,가천바람개비,3.4,,,,,83.95,국수영탐(1),3/3,,,,,,,,,,,,,,,,,,,,,
경인권,경기,용인시,단국대,자연,SW융합계열광역,SW융합계열광역,유지,유지,,,,,,,,,,SW인재,3.32,3.14,,,,83.95,국수영탐(2),3/2,,,,,,,,,,,,,,,,,,,,,
경인권,경기,용인시,단국대,자연,소프트웨어학과,소프트웨어학과,유지,유지,지역균형선발,2.21,2.14,,,,,,,SW인재,3.11,3.01,,,,83.95,국수영탐(2),3/2,,,,,,,,,,,,,,,,,,,,,
경인권,인천,미추홀구,인하대,자연,산업경영공학과,산업경영공학과,유지,유지,지역균형,2.46,2.43,,,,,,,인하미래인재,3.29,3,,,,83.94444,국수영탐(2),3/3,,,,,,,,,,,,,,,,,,,,,
서울,서울,용산구,숙명여대,인문,소비자경제학과,소비자경제학과,유지,유지,지역균형선발,2.24,1.97,,,,,,,숙명인재(면접형),2.72,2.69,,,,83.9375,국수영탐(2),2/-,,,,,,,,,,,,,,,,,,,,,
경인권,경기,성남시,가천대,인문,미디어커뮤니케이션학과,미디어커뮤니케이션학과,유지,유지,지역균형,6.08,,학생부우수자,2.32,,,,,가천바람개비,3.97,,,,,83.9,국수영탐(1),3/2,,,,,,,,,,,,,,,,,,,,,
전라권,전남,무안군,국립목포대,인문,지적학과,지적학과,유지,유지,교과일반,2.87,2.83,,,,,,,종합일반,4.41,4.22,,,,83.9,"수탐(1) 중 1개, 국영",4/-,,,,,,,,,,,,,,,,,,,,,
충청권,충남,천안시,단국대(천안),자연,간호학과,간호학과,유지,유지,학생부교과우수자,2.55,2.44,,,,,,,DKU인재-서류형,2.49,2.46,,,,83.9,국수영탐(1),2/3,,,,,,,,,,,,,,,,,,,,,
강원권,강원,춘천시,한림대,인문,일본학과,일본학과,유지,유지,교과우수자,4.44,4.33,,,,,,,학교생활우수자,5.27,5.12,,,,83.9,"국수영 중 1개, 남은+탐구(2) 중 1개",2/-,,,,,,,,,,,,,,,,,,,,,
서울,서울,광진구,세종대,자연,지능정보융합학과,지능정보융합학과,유지,유지,지역균형,2.33,2.29,,,,,,,세종창의인재(면접형),3.01,2.94,세종창의인재(서류형),2.77,2.68,83.875,국수영탐(2),2/2,,,,,,,,,,,,,,,,,,,,,
서울,서울,용산구,숙명여대,인문,가족자원경영학과,가족자원경영학과,유지,유지,지역균형선발,2.09,2.06,,,,,,,숙명인재(면접형),2.7,2.47,,,,83.875,국수영탐(2),2/-,,,,,,,,,,,,,,,,,,,,,
경상권,대구,북구,경북대,자연,공학 첨단자율학부,공학 첨단자율학부,유지,유지,교과우수자,3.23,2.96,,,,,,,일반학생,4,3.52,,,,83.85714,국수영탐(2),3/1,,,,,,,,,,,,,,,,,,,,,
경인권,경기,용인시,단국대,인문,사회계열광역,사회계열광역,유지,유지,지역균형선발,2.43,2.37,,,,,,,DKU인재-서류형,3.01,2.85,,,,83.85,국수영탐(2),3/2,,,,,,,,,,,,,,,,,,,,,
경인권,경기,용인시,단국대,인문,상담학과,상담학과,유지,유지,지역균형선발,2.49,2.49,,,,,,,DKU인재-면접형,3.22,3.22,DKU인재-서류형,3.18,3.18,83.85,국수영탐(2),3/2,,,,,,,,,,,,,,,,,,,,,
서울,서울,종로구,상명대,인문,경제금융학부,경제금융학부,유지,유지,고교추천,2.79,2.69,,,,,,,상명인재,2.95,2.89,,,,83.85,국수영탐(1),2/1,,,,,,,,,,,,,,,,,,,,,
서울,서울,종로구,상명대,인문,글로벌경영학과,글로벌경영학과,유지,유지,고교추천,2.9,2.88,,,,,,,상명인재,3.48,3.25,,,,83.85,국수영탐(1),5/4,,,,,,,,,,,,,,,,,,,,,
서울,서울,강북구,성신여대,자연,바이오신약의과학부,바이오생명공학과,신설,신설,지역균형,1.95,1.95,,,,,,,,,,,,,83.85,국수영탐(2),2/3,,,,,,,,,,,,,,,,,,,,,
서울,서울,성북구,성신여대,자연,바이오신약의과학부,바이오생명공학과,신설,신설,,,,,,,,,,자기주도인재,2.75,2.69,학교생활우수자,2.95,2.88,83.85,국수영탐(2),2/3,,,,,,,,,,,,,,,,,,,,,
충청권,대전,유성구,충남대,인문,심리학과,심리학과,유지,유지,일반,2.5,2.5,,,,,,,학생부종합Ⅰ,3.33,3.23,,,,83.85,국수탐(2),2/1,,,,,,,,,,,,,,,,,,,,,
경인권,인천,미추홀구,인하대,자연,데이터사이언스학과,데이터사이언스학과,유지,유지,지역균형,2.33,2.31,,,,,,,인하미래인재,3.31,2.93,,,,83.83333,국수영탐(2),3/3,,,,,,,,,,,,,,,,,,,,,
서울,서울,동작구,숭실대,인문,법학과,법학과,유지,유지,학생부우수자,2.25,2.2,,,,,,,SSU미래인재,2.89,2.75,,,,83.8125,국수영탐(2),1/1,,,,,,,,,,,,,,,,,,,,,
경인권,경기,성남시,가천대,자연,반도체물리학과,반도체물리학과,유지,유지,지역균형,4.49,,학생부우수자,3.02,,,,,가천바람개비,3.84,,,,,83.8,국수영탐(1),2/3,,,,,,,,,,,,,,,,,,,,,
서울,서울,서대문구,명지대,인문,경제학전공,경제학전공,유지,유지,교과면접,2.84,2.77,학교장추천,2.41,2.32,,,,명지인재면접,3.41,3.34,명지인재서류,3.15,3.09,83.8,국수영탐(1),3/1,,,,,,,,,,,,,,,,,,,,,
서울,서울,서대문구,명지대,인문,국제통상학전공,국제통상학전공,유지,유지,교과면접,3,2.83,학교장추천,2.47,2.47,,,,명지인재면접,3.49,3.37,명지인재서류,3.13,3.13,83.8,국수영탐(1),3/1,,,,,,,,,,,,,,,,,,,,,
서울,서울,서대문구,명지대,인문,법학과,법학과,유지,유지,교과면접,3,2.9,학교장추천,2.24,2.14,,,,명지인재면접,3.6,3.39,명지인재서류,3.33,3.2,83.8,국수영탐(1),3/1,,,,,,,,,,,,,,,,,,,,,
서울,서울,서대문구,명지대,인문,사회과학대학,사회과학대학,유지,유지,,,,,,,,,,크리스천리더,3.6,3.6,,,,83.8,국수영탐(1),3/1,,,,,,,,,,,,,,,,,,,,,
서울,서울,서대문구,명지대,인문,응용통계학전공,응용통계학전공,유지,유지,교과면접,3,2.96,학교장추천,2.63,2.38,,,,명지인재면접,3.57,3.56,명지인재서류,3.06,2.98,83.8,국수영탐(1),3/1,,,,,,,,,,,,,,,,,,,,,
서울,서울,서대문구,명지대,인문,정치외교학전공,정치외교학전공,유지,유지,교과면접,2.81,2.81,학교장추천,2.39,2.37,,,,명지인재면접,5.85,5.38,명지인재서류,3.45,3.41,83.8,국수영탐(1),3/1,,,,,,,,,,,,,,,,,,,,,
서울,서울,서대문구,명지대,인문,행정학전공,행정학전공,유지,유지,교과면접,2.7,2.61,학교장추천,2.42,2.31,,,,명지인재면접,3.87,3.66,명지인재서류,3.36,3.19,83.8,국수영탐(1),3/1,,,,,,,,,,,,,,,,,,,,,
충청권,충남,천안시,백석대,인문,관광학부 항공서비스전공,관광학부 항공서비스전공,유지,유지,백석인재,6.03,6.03,,,,,,,,,,,,,83.8,"국수영 중 2개, 탐구(1)",3/-,,,,,,,,,,,,,,,,,,,,,
서울,서울,종로구,상명대,인문,공간환경학부,공간환경학부,유지,유지,고교추천,2.84,2.84,,,,,,,상명인재,3.31,3.29,,,,83.8,국수영탐(1),3/3,,,,,,,,,,,,,,,,,,,,,
강원권,강원,춘천시,한림대,자연,데이터사이언스학부,데이터사이언스학부,유지,유지,교과우수자,4.57,4.49,,,,,,,학교생활우수자,5.93,5.82,,,,83.8,"국수영 중 1개, 남은+탐구(2) 중 1개",3/-,,,,,,,,,,,,,,,,,,,,,
서울,서울,광진구,세종대,자연,건설환경공학과,건설환경공학과,유지,유지,지역균형,2.67,2.67,,,,,,,세종창의인재(면접형),2.76,2.75,세종창의인재(서류형),2.49,2.46,83.78125,국수영탐(2),3/3,,,,,,,,,,,,,,,,,,,,,
서울,서울,광진구,세종대,자연,건축공학과,건축공학과,유지,유지,지역균형,2.51,2.51,,,,,,,세종창의인재(면접형),2.79,2.79,세종창의인재(서류형),2.28,2.28,83.78125,국수영탐(2),3/3,,,,,,,,,,,,,,,,,,,,,
서울,서울,광진구,세종대,자연,건축학과,건축학과,유지,유지,지역균형,2.85,2.85,,,,,,,세종창의인재(면접형),2.61,2.44,세종창의인재(서류형),2.2,2.2,83.78125,국수영탐(2),3/3,,,,,,,,,,,,,,,,,,,,,
서울,서울,광진구,세종대,자연,기계공학과,기계공학과,유지,유지,지역균형,2.42,2.42,,,,,,,세종창의인재(면접형),2.94,2.78,세종창의인재(서류형),2.54,2.53,83.78125,국수영탐(2),3/3,,,,,,,,,,,,,,,,,,,,,
서울,서울,광진구,세종대,자연,나노신소재공학과,나노신소재공학과,유지,유지,지역균형,2.37,2.37,,,,,,,세종창의인재(면접형),2.76,2.75,세종창의인재(서류형),2.38,2.36,83.78125,국수영탐(2),3/3,,,,,,,,,,,,,,,,,,,,,
서울,서울,광진구,세종대,자연,양자원자력공학과,양자원자력공학과,유지,유지,지역균형,3.01,3.01,,,,,,,세종창의인재(면접형),2.46,2.46,세종창의인재(서류형),2.73,2.73,83.78125,국수영탐(2),3/3,,,,,,,,,,,,,,,,,,,,,
서울,서울,광진구,세종대,자연,에너지자원공학과,지구자원시스템공학과,유지,유지,지역균형,3.82,3.82,,,,,,,세종창의인재(면접형),2.65,2.65,세종창의인재(서류형),2.7,2.7,83.78125,국수영탐(2),3/3,,,,,,,,,,,,,,,,,,,,,
서울,서울,광진구,세종대,자연,우주항공시스템공학부,우주항공시스템공학부(우주항공공학전공),유지,변경,지역균형,2.61,2.61,,,,,,,세종창의인재(면접형),2.75,2.75,세종창의인재(서류형),2.5,2.2,83.78125,국수영탐(2),3/3,,,,,,,,,,,,,,,,,,,,,
서울,서울,광진구,세종대,자연,환경융합공학과,환경융합공학과,유지,유지,지역균형,2.68,2.68,,,,,,,세종창의인재(면접형),2.58,2.58,세종창의인재(서류형),2.37,2.29,83.78125,국수영탐(2),3/3,,,,,,,,,,,,,,,,,,,,,
경인권,경기,수원시,아주대,인문,금융공학과,금융공학과,,,고교추천,2.51,2.41,,,,,,,첨단융합인재,3.37,3.18,,,,83.76471,국수영탐(2),2/1,,,,,,,,,,,,,,,,,,,,,
경인권,경기,성남시,가천대,인문,응용통계학과,응용통계학과,유지,유지,지역균형,3.78,,학생부우수자,2.73,,,,,가천바람개비,4.12,,,,,83.75,국수영탐(1),2/2,,,,,,,,,,,,,,,,,,,,,
서울,서울,성북구,국민대,인문,경영정보학부,경영정보학부,,,교과성적우수자,2.23,2.42,,,,,,,국민프런티어,2.95,2.76,학교생활우수자,2.86,2.61,83.75,국수영탐(2),2/1,,,,,,,,,,,,,,,,,,,,,
서울,서울,성북구,국민대,인문,경영정보학부(인문),경영정보학부,,유지(전형내폐지),교과성적우수자,2.23,2.42,,,,,,,국민프런티어,2.95,2.76,학교생활우수자,2.86,2.61,83.75,국수영탐(2),2/1,,,,,,,,,,,,,,,,,,,,,
서울,서울,종로구,상명대,인문,자유전공(인문계열),자유전공(인문사회계열),유지,변경,고교추천,3.03,3.06,,,,,,,,,,,,,83.75,국수영탐(1),2/2,,,,,,,,,,,,,,,,,,,,,
경인권,경기,성남시,가천대,자연,금융빅데이터학부,금융빅데이터학부,유지,유지,학생부우수자,3.17,,,,,,,,가천바람개비,4.02,,,,,83.7,국수영탐(1),3/3,,,,,,,,,,,,,,,,,,,,,
경인권,경기,성남시,가천대,자연,기계공학부,기계공학부,유지,유지,학생부우수자,2.93,,,,,,,,가천바람개비,4.11,,,,,83.7,국수영탐(1),4/2,,,,,,,,,,,,,,,,,,,,,
경인권,경기,용인시,단국대,자연,SW융합계열광역,SW융합계열광역,유지,유지,,,,,,,,,,SW인재,3.32,3.14,,,,83.7,국수영탐(2),2/2,,,,,,,,,,,,,,,,,,,,,
경인권,경기,용인시,단국대,자연,통계데이터사이언스학과,통계데이터사이언스학과,유지,유지,지역균형선발,2.35,2.28,,,,,,,SW인재,2.83,2.83,,,,83.7,국수영탐(2),2/2,,,,,,,,,,,,,,,,,,,,,
서울,서울,종로구,상명대,인문,교육학과,교육학과,유지,유지,고교추천,2.73,2.71,,,,,,,상명인재,2.77,2.68,,,,83.7,국수영탐(1),5/5,,,,,,,,,,,,,,,,,,,,,
서울,서울,종로구,상명대,인문,인문콘텐츠학부 지적재산권전공,인문콘텐츠학부 지적재산권전공,유지,유지,고교추천,2.95,2.99,,,,,,,상명인재,3.35,3.35,,,,83.7,국수영탐(1),2/3,,,,,,,,,,,,,,,,,,,,,
충청권,대전,유성구,충남대,자연,소비자학과,소비자학과,유지,유지,일반,3.22,3.12,,,,,,,학생부종합Ⅰ,3.72,3.67,학생부종합Ⅰ[서류],3.8,3.64,83.7,국수탐(2),4/1,,,,,,,,,,,,,,,,,,,,,
서울,서울,용산구,숙명여대,인문,프랑스언어·문화학과,프랑스언어·문화학과,유지,유지,지역균형선발,2.31,1.97,,,,,,,숙명인재(면접형),4,3.41,,,,83.6875,국수영탐(2),2/-,,,,,,,,,,,,,,,,,,,,,
경인권,인천,미추홀구,인하대,자연,건축학부,건축학부,유지,유지,지역균형,2.49,2.48,,,,,,,인하미래인재,2.94,2.88,,,,83.66667,국수영탐(2),4/2,,,,,,,,,,,,,,,,,,,,,
서울,서울,구로구,성공회대,자연,소프트웨어융합학부,소프트웨어융합학부,유지,유지,교과성적,3,2.67,,,,,,,열린인재,5.03,4.75,,,,83.659,"국수 중 1개, 영탐(1)",4/3,,,,,,,,,,,,,,,,,,,,,
경인권,경기,성남시,가천대,인문,경영학과,경영학과,유지,유지,학생부우수자,2.76,,,,,,,,가천바람개비,3.88,,,,,83.65,국수영탐(1),3/1,,,,,,,,,,,,,,,,,,,,,
경인권,경기,성남시,가천대,인문,경제학과,경제학과,유지,유지,지역균형,6.81,,학생부우수자,2.8,,,,,가천바람개비,4.06,,,,,83.65,국수영탐(1),2/2,,,,,,,,,,,,,,,,,,,,,
경인권,경기,성남시,가천대,자연,전기공학과,전기공학과,유지,유지,지역균형,3.18,,학생부우수자,3.25,,,,,가천바람개비,3.88,,,,,83.65,국수영탐(1),2/1,,,,,,,,,,,,,,,,,,,,,
경인권,경기,성남시,가천대,자연,화학과,화학과,유지,유지,지역균형,3.74,,학생부우수자,2.74,,,,,가천바람개비,3.52,,,,,83.65,국수영탐(1),1/1,,,,,,,,,,,,,,,,,,,,,
경인권,경기,용인시,단국대,인문,한문교육과,한문교육과,유지,유지,지역균형선발,2.43,2.43,,,,,,,DKU인재-면접형,3.44,3.44,DKU인재-서류형,3.12,2.98,83.65,국수영탐(2),1/2,,,,,,,,,,,,,,,,,,,,,
충청권,충북,청주시,한국교원대,자연,가정교육과,가정교육과,유지,유지,,,,,,,,,,학생부종합우수자 일반,3.16,2.97,,,,83.65,국수영탐(2),2/1,,,,,,,,,,,,,,,,,,,,,
서울,서울,동대문구,한국외대,인문,ELLT학과,ELLT학과,유지,유지,학교장추천,198.16,198.56,,,,,,,학생부종합(면접형),3.37,2.66,학생부종합(서류형),2.32,2.26,83.63529,국수영탐(2),3/2,,,,,,,,,,,,,,,,,,,,,
서울,서울,용산구,숙명여대,자연,의류학과,의류학과,유지,유지,지역균형선발,2.2,2.1,,,,,,,숙명인재(면접형),2.52,2.52,,,,83.625,국수영탐(2),2/-,,,,,,,,,,,,,,,,,,,,,
경인권,경기,성남시,가천대,자연,생명과학과,생명과학과,유지,유지,지역균형,4.41,,학생부우수자,3.41,,,,,가천바람개비,3.93,,,,,83.6,국수영탐(1),2/1,,,,,,,,,,,,,,,,,,,,,
충청권,대전,유성구,국립한밭대,자연,전자공학과,전자공학과,유지,유지,일반,3.25,3.6,,,,,,,일반,4.83,4.59,,,,83.6,"국영탐(1) 중 2개, 수학",2/-,,,,,,,,,,,,,,,,,,,,,
서울,서울,종로구,상명대,인문,국어교육과,국어교육과,유지,유지,고교추천,2.93,2.73,,,,,,,상명인재,2.83,2.57,,,,83.6,국수영탐(1),4/2,,,,,,,,,,,,,,,,,,,,,
충청권,충남,천안시,상명대,인문,글로벌지역학부,글로벌지역학부,유지,유지,학생부교과,4.34,4.22,,,,,,,상명인재,5.01,4.86,,,,83.6,"국수영 중 2개, 탐구(1)",3/4,,,,,,,,,,,,,,,,,,,,,
충청권,충남,천안시,상명대,인문,글로벌지역학부 한국언어문화전공,글로벌지역학부 한국언어문화전공,유지,유지,학생부교과,4.3,4,,,,,,,상명인재,4.6,4.6,,,,83.6,"국수영 중 2개, 탐구(1)",3/4,,,,,,,,,,,,,,,,,,,,,
전라권,전북,전주시,전주대,자연,가정교육과,가정교육과,유지,유지,일반학생(교과),5.35,5.07,,,,,,,일반학생(종합),5.26,4.88,,,,83.6,"국수영 중 2개, 탐구(1)",5/6,,,,,,,,,,,,,,,,,,,,,
전라권,전북,전주시,전주대,인문,국어교육과,국어교육과,유지,유지,일반학생(교과),4.77,4.53,,,,,,,일반학생(종합),5.2,4.76,,,,83.6,"국수영 중 2개, 탐구(1)",4/2,,,,,,,,,,,,,,,,,,,,,
경상권,대구,북구,경북대,인문,심리학과,심리학과,유지,유지,교과우수자,2.72,2.64,,,,,,,일반학생,4.55,4.04,,,,83.57143,국수영탐(2),2/4,,,,,,,,,,,,,,,,,,,,,
경상권,대구,북구,경북대,자연,에너지공학부,에너지공학부,유지,유지,교과우수자,2.77,2.62,,,,,,,일반학생,3.84,3.64,,,,83.57143,국수영탐(2),3/1,,,,,,,,,,,,,,,,,,,,,
서울,서울,종로구,상명대,예체능,자유전공(예체능계열),자유전공(예체능계열),유지,유지,고교추천,3.4,3.23,,,,,,,,,,,,,83.55,국수영탐(1),3/2,,,,,,,,,,,,,,,,,,,,,
서울,서울,성북구,성신여대,자연,창의융합학부(자유전공),컴퓨터공학과,신설,신설,지역균형,2.33,2.26,,,,,,,자기주도인재,3.36,2.94,학교생활우수자,2.81,2.81,83.55,국수영탐(2),2/1,,,,,,,,,,,,,,,,,,,,,
서울,서울,성북구,성신여대,자연,컴퓨터공학과,컴퓨터공학과,유지,유지,지역균형,2.33,2.26,,,,,,,자기주도인재,3.36,2.94,학교생활우수자,2.81,2.81,83.55,국수영탐(2),2/1,,,,,,,,,,,,,,,,,,,,,
경인권,인천,연수구,인천대,인문,동북아국제통상전공,동북아국제통상전공,유지,유지,교과성적우수자,2.64,2.74,,,,,,,자기추천,3.5,3,,,,83.55,국수영탐(2),4/-,,,,,,,,,,,,,,,,,,,,,
경인권,경기,부천시,가톨릭대,자연,데이터사이언스학과,데이터사이언스학과,유지,유지,지역균형,2.6,2.53,,,,,,,잠재능력우수자,5.07,3.23,,,,83.5,국수영탐(1),1/1,,,,,,,,,,,,,,,,,,,,,
충청권,충북,충주시,건국대(글로컬),자연,바이오메디컬공학과,바이오메디컬공학과,유지,유지,교과우수,4.3,4.14,,,,,,,Cogito 자기추천,5.27,5.09,,,,83.5,국수영탐(1) 중 2개,4/3,,,,,,,,,,,,,,,,,,,,,
충청권,충북,충주시,건국대(글로컬),자연,바이오의약학과,바이오의약학과,유지,유지,교과우수,3.79,3.55,,,,,,,Cogito 자기추천,4.59,4.54,,,,83.5,국수영탐(1) 중 2개,4/3,,,,,,,,,,,,,,,,,,,,,
서울,서울,성북구,국민대,자연,미래모빌리티학과,미래모빌리티학과,,,교과성적우수자,2.44,2.36,,,,,,,국민프런티어,3.27,3.15,학교생활우수자,3.08,2.87,83.5,국수영탐(2),2/1,,,,,,,,,,,,,,,,,,,,,
서울,서울,종로구,상명대,인문,행정학부,행정학부,유지,유지,고교추천,2.92,2.76,,,,,,,상명인재,3.28,3.19,,,,83.5,국수영탐(1),3/2,,,,,,,,,,,,,,,,,,,,,
서울,서울,동작구,숭실대,인문,행정학부,행정학부,유지,유지,학생부우수자,2.17,2.16,,,,,,,SSU미래인재,2.83,2.81,,,,83.5,국수영탐(2),2/2,,,,,,,,,,,,,,,,,,,,,
경인권,경기,안양시,안양대,인문,관광경영학과,관광경영학과,,,아리학생부교과,2.88,2.84,아리학생부면접,2.59,2.46,,,,아리학생부종합Ⅰ,3.22,2.61,,,,83.5,국영탐(1),3/-,,,,,,,,,,,,,,,,,,,,,
경인권,인천,미추홀구,인하대,자연,생명공학과,생명공학과,유지,유지,지역균형,1.92,1.87,,,,,,,인하미래인재,2.25,2.06,,,,83.5,국수영탐(2),2/1,,,,,,,,,,,,,,,,,,,,,
서울,서울,노원구,서울과기대,자연,스마트ICT융합공학과,스마트ICT융합공학과,유지,유지,고교추천,2.23,2.08,,,,,,,학교생활우수자,3.41,3.12,,,,83.46875,국수영탐(2),2/1,,,,,,,,,,,,,,,,,,,,,
서울,서울,노원구,서울과기대,자연,전기정보공학과,전기정보공학과,유지,유지,고교추천,2,1.95,,,,,,,학교생활우수자,2.74,2.46,,,,83.46875,국수영탐(2),2/1,,,,,,,,,,,,,,,,,,,,,
서울,서울,노원구,서울과기대,자연,지능형반도체공학과,지능형반도체공학과,유지,유지,고교추천,2.13,1.92,,,,,,,창의융합인재,3.02,2.92,,,,83.46875,국수영탐(2),2/1,,,,,,,,,,,,,,,,,,,,,
경인권,경기,성남시,가천대,자연,건축공학과,건축학부,유지,변경,지역균형,3.47,,학생부우수자,3.3,,,,,가천바람개비,3.94,,,,,83.45,국수영탐(1),2/1,,,,,,,,,,,,,,,,,,,,,
경인권,경기,성남시,가천대,자연,건축학부,건축학부,유지,유지,지역균형,3.47,,학생부우수자,3.3,,,,,가천바람개비,3.94,,,,,83.45,국수영탐(1),2/1,,,,,,,,,,,,,,,,,,,,,
경인권,경기,용인시,단국대,자연,기계공학과,기계공학과,유지,유지,지역균형선발,2.42,2.39,,,,,,,DKU인재-면접형,2.91,2.91,DKU인재-서류형,3.03,2.92,83.45,국수영탐(2),3/2,,,,,,,,,,,,,,,,,,,,,
경상권,대구,북구,경북대,자연,건축학부(건축학전공),건축학부(건축학전공),유지,유지,교과우수자,2.58,2.52,,,,,,,일반학생,4.02,3.71,,,,83.42857,국수영탐(2),3/1,,,,,,,,,,,,,,,,,,,,,
경상권,대구,북구,경북대,자연,공과대학 자율학부,공과대학 자율학부,유지,유지,교과우수자,3.04,2.8,,,,,,,일반학생,3.75,3.37,,,,83.42857,국수영탐(2),3/1,,,,,,,,,,,,,,,,,,,,,
경상권,대구,북구,경북대,자연,수학과,수학과,유지,유지,교과우수자,2.54,2.3,,,,,,,일반학생,3.74,3.34,,,,83.42857,국수영탐(2),3/1,,,,,,,,,,,,,,,,,,,,,
경상권,대구,북구,경북대,인문,윤리교육과,윤리교육과,유지,유지,교과우수자,2.36,2.25,,,,,,,일반학생,4.21,4.17,,,,83.42857,국수영탐(2),3/1,,,,,,,,,,,,,,,,,,,,,
서울,서울,종로구,상명대,인문,영어교육과,영어교육과,유지,유지,고교추천,2.63,2.48,,,,,,,상명인재,2.81,2.78,,,,83.4,국수영탐(1),3/2,,,,,,,,,,,,,,,,,,,,,
서울,서울,종로구,상명대,인문,인문콘텐츠학부 문헌정보학전공,인문콘텐츠학부 문헌정보학전공,유지,유지,고교추천,2.93,2.93,,,,,,,상명인재,3.49,3.49,,,,83.4,국수영탐(1),1/1,,,,,,,,,,,,,,,,,,,,,
서울,서울,성북구,서경대,공통,자유전공학부,자유전공학부,변경,유지,교과우수자①,3.64,3.54,교과우수자②,2.95,2.76,,,,,,,,,,83.4,"국수탐(2) 중 2개, 영어",3/-,,,,,,,,,,,,,,,,,,,,,
경인권,인천,미추홀구,인하대,자연,환경공학과,환경공학과,유지,유지,지역균형,2.31,2.19,,,,,,,인하미래인재,2.71,2.62,,,,83.38889,국수영탐(2),4/4,,,,,,,,,,,,,,,,,,,,,
서울,서울,성북구,국민대,인문,경영학부,경영학부,,,교과성적우수자,2.14,1.91,,,,,,,국민프런티어,2.69,2.53,학교생활우수자,2.75,2.63,83.375,국수영탐(2),1/2,,,,,,,,,,,,,,,,,,,,,
서울,서울,성북구,국민대,자연,미래융합전공(B),미래융합전공(자연),,,교과성적우수자,2.07,2.07,,,,,,,,,,,,,83.375,국수영탐(2),2/2,,,,,,,,,,,,,,,,,,,,,
서울,서울,성북구,국민대,자연,자유전공(B),미래융합전공(자연),,,교과성적우수자,2.07,2.07,,,,,,,,,,,,,83.375,국수영탐(2),2/2,,,,,,,,,,,,,,,,,,,,,
서울,서울,광진구,세종대,인문,경제학과,경제학과,유지,유지,지역균형,2.26,2.26,,,,,,,세종창의인재(면접형),2.63,2.63,세종창의인재(서류형),2.8,2.44,83.375,국수영탐(2),3/1,,,,,,,,,,,,,,,,,,,,,
서울,서울,광진구,세종대,인문,호텔관광외식경영학부,호텔관광외식경영학부,유지,유지,지역균형,2.01,2.01,,,,,,,세종창의인재(면접형),3.08,2.84,세종창의인재(서류형),2.83,2.78,83.375,국수영탐(2),3/1,,,,,,,,,,,,,,,,,,,,,
서울,서울,동작구,숭실대,인문,영어영문학과,영어영문학과,유지,유지,학생부우수자,2.4,2.29,,,,,,,SSU미래인재,3.29,2.99,,,,83.375,국수영탐(2),1/1,,,,,,,,,,,,,,,,,,,,,
충청권,대전,동구,우송대,인문,솔브릿지경영학부,솔브릿지경영학부,유지,유지,교과중심,4.8,3.8,면접,4.8,4.2,우송인재,4.583333,4.305556,면접형,,6.738611,서류형,,6.5,83.36,국수영탐(1) 중 2개,-/-,,,,,,,,,,,,,,,,,,,,,
경인권,경기,수원시,아주대,자연,환경안전공학과,환경안전공학과,,,고교추천,2.21,2.04,,,,,,,ACE,2.98,2.91,,,,83.35294,국수영탐(2),2/1,,,,,,,,,,,,,,,,,,,,,
경인권,경기,용인시,단국대,인문,특수교육과,특수교육과,유지,유지,지역균형선발,2.55,2.45,,,,,,,DKU인재-면접형,2.92,2.92,DKU인재-서류형,2.86,2.83,83.35,국수영탐(2),3/2,,,,,,,,,,,,,,,,,,,,,
서울,서울,서대문구,명지대,인문,국어국문학전공,국어국문학전공,유지,유지,교과면접,2.87,2.77,학교장추천,2.24,2.24,,,,명지인재면접,3.19,3.18,명지인재서류,3.19,3.13,83.35,국수영탐(1),3/1,,,,,,,,,,,,,,,,,,,,,
서울,서울,서대문구,명지대,인문,문예창작학과,,유지,유지,,,,,,,,,,,,,,,,83.35,국수영탐(1),3/1,,,,,,,,,,,,,,,,,,,,,
서울,서울,서대문구,명지대,인문,문헌정보학전공,문헌정보학전공,유지,유지,교과면접,2.67,2.64,학교장추천,2.17,2.07,,,,명지인재면접,3.63,3.28,명지인재서류,3.29,3.1,83.35,국수영탐(1),3/1,,,,,,,,,,,,,,,,,,,,,
서울,서울,서대문구,명지대,인문,미술사·역사학전공,미술사·역사학전공,유지,유지,교과면접,3.13,3,학교장추천,2.41,2.36,,,,명지인재면접,3.51,3.21,명지인재서류,3.03,2.99,83.35,국수영탐(1),3/1,,,,,,,,,,,,,,,,,,,,,
서울,서울,서대문구,명지대,인문,아랍지역학전공,아랍지역학전공,유지,유지,교과면접,3,3,학교장추천,2.39,2.39,,,,명지인재면접,4.15,4.15,명지인재서류,3.74,2.47,83.35,국수영탐(1),3/1,,,,,,,,,,,,,,,,,,,,,
서울,서울,서대문구,명지대,인문,영어영문학전공,영어영문학전공,유지,유지,교과면접,2.86,2.68,학교장추천,2.63,2.63,,,,명지인재면접,5.12,4.67,명지인재서류,3.27,3.14,83.35,국수영탐(1),3/1,,,,,,,,,,,,,,,,,,,,,
서울,서울,서대문구,명지대,자연,응용소프트웨어전공,응용소프트웨어전공,유지,유지,교과면접,2.23,2.21,학교장추천,2.2,1.68,,,,명지인재면접,3.55,3.39,명지인재서류,3.01,2.93,83.35,국수영탐(1),3/1,,,,,,,,,,,,,,,,,,,,,
서울,서울,서대문구,명지대,인문,인문대학,인문대학,유지,유지,,,,,,,,,,크리스천리더,3.49,3.49,,,,83.35,국수영탐(1),3/1,,,,,,,,,,,,,,,,,,,,,
서울,서울,서대문구,명지대,인문,일어일문학전공,일어일문학전공,유지,유지,교과면접,2.7,2.61,학교장추천,2.52,2.52,,,,명지인재면접,4.96,4.36,명지인재서류,4.97,4.92,83.35,국수영탐(1),3/1,,,,,,,,,,,,,,,,,,,,,
서울,서울,서대문구,명지대,인문,중어중문학전공,중어중문학전공,유지,유지,교과면접,3.25,3.09,학교장추천,2.71,2.68,,,,명지인재면접,5.24,5.22,명지인재서류,5.53,5.52,83.35,국수영탐(1),3/1,,,,,,,,,,,,,,,,,,,,,
서울,서울,노원구,삼육대,자연,건축학과(5년제),건축학과(5년제),유지,유지,학교장추천,3.28,3.26,,,,,,,세움인재,4.13,4,재림교회목회자추천,,,83.35,국수영탐(2),2/2,,,,,,,,,,,,,,,,,,,,,
강원권,강원,춘천시,한림대,자연,소프트웨어ㆍAI계열,인공지능융합학부,유지,변경,교과우수자,4.44,4.26,,,,,,,학교생활우수자,5.9,5.65,,,,83.35,"국수영 중 1개, 남은+탐구(2) 중 1개",3/-,,,,,,,,,,,,,,,,,,,,,
서울,서울,광진구,세종대,자연,물리천문학과,물리천문학과,유지,유지,지역균형,2.58,2.58,,,,,,,세종창의인재(면접형),2.54,2.41,세종창의인재(서류형),2.26,2.25,83.34375,국수영탐(2),2/1,,,,,,,,,,,,,,,,,,,,,
서울,서울,광진구,세종대,자연,생명시스템학부,생명시스템학부,유지,유지,지역균형,1.74,1.74,,,,,,,세종창의인재(면접형),2.45,2.41,세종창의인재(서류형),2.15,2.09,83.34375,국수영탐(2),2/1,,,,,,,,,,,,,,,,,,,,,
서울,서울,광진구,세종대,자연,수학통계학과,수학통계학과,유지,유지,지역균형,2.74,2.74,,,,,,,세종창의인재(면접형),2.58,2.58,세종창의인재(서류형),2.17,2.17,83.34375,국수영탐(2),2/1,,,,,,,,,,,,,,,,,,,,,
서울,서울,광진구,세종대,자연,화학과,화학과,유지,유지,지역균형,2.09,2.09,,,,,,,세종창의인재(면접형),2.85,2.66,세종창의인재(서류형),2.24,1.95,83.34375,국수영탐(2),2/1,,,,,,,,,,,,,,,,,,,,,
충청권,충남,공주시,국립공주대,인문,역사교육과,역사교육과,유지,유지,교과Ⅰ,2.4,2.17,,,,,,,일반,2.75,2.66,,,,83.338,국수영탐(1) 중 3개,3/-,,,,,,,,,,,,,,,,,,,,,
경상권,부산,영도구,국립한국해양대,자연,해양경찰학부,해양경찰학부(항해전공)(남),유지,유지,교과성적우수자,3.53,2.76,,,,,,,,,,,,,83.33333,국수영탐(2),3/2,,,,,,,,,,,,,,,,,,,,,
경상권,부산,영도구,국립한국해양대,자연,해양경찰학부,해양경찰학부(항해전공)(여),유지,유지,교과성적우수자,2.57,2.56,,,,,,,,,,,,,83.33333,국수영탐(2),3/2,,,,,,,,,,,,,,,,,,,,,
경상권,부산,영도구,국립한국해양대,자연,해양경찰학부,해양경찰학부(항해전공),유지,유지,일반,,,,,,,,,아치해양인재Ⅰ,,,아치해양인재Ⅱ,,,83.33333,국수영탐(2),3/2,,,,,,,,,,,,,,,,,,,,,
충청권,충남,공주시,국립공주대,자연,생물교육과,생물교육과,유지,유지,교과Ⅰ,3.68,3.43,,,,,,,일반,3.09,2.97,,,,83.32,"국영탐(1) 중 2개, 수학",2/-,,,,,,,,,,,,,,,,,,,,,
서울,서울,용산구,숙명여대,인문,독일언어·문화학과,독일언어·문화학과,유지,유지,지역균형선발,2.17,2.17,,,,,,,숙명인재(면접형),4.69,4.3,,,,83.3125,국수영탐(2),2/-,,,,,,,,,,,,,,,,,,,,,
서울,서울,동작구,숭실대,인문,사회복지학부,사회복지학부,유지,유지,학생부우수자,2.3,2.28,,,,,,,SSU미래인재,2.72,2.62,,,,83.3125,국수영탐(2),3/2,,,,,,,,,,,,,,,,,,,,,
경인권,경기,성남시,가천대,자연,스마트팩토리학과,스마트팩토리전공,유지,유지,학생부우수자,3.22,,,,,,,,가천바람개비,4.05,,,,,83.3,국수영탐(1),2/2,,,,,,,,,,,,,,,,,,,,,
충청권,대전,동구,우송대,자연,외식조리학부 한식•조리과학전공,외식조리학부 한식•조리과학전공,유지,유지,교과중심,4,3.8,면접,4.5,4.014493,우송인재,4.333333,3.8125,면접형,,5.8955,서류형,,4.4775,83.3,국수영탐(1) 중 2개,-/-,,,,,,,,,,,,,,,,,,,,,
강원권,강원,춘천시,한림대,인문,법학과,법학과,유지,유지,교과우수자,4.4,4.22,,,,,,,학교생활우수자,5.21,5.07,,,,83.3,"국수영 중 1개, 남은+탐구(2) 중 1개",2/-,,,,,,,,,,,,,,,,,,,,,
경인권,경기,수원시,아주대,자연,건설시스템공학과,건설시스템공학과,,,고교추천,2.44,2.39,,,,,,,ACE,3.27,3.05,,,,83.29412,국수영탐(2),2/1,,,,,,,,,,,,,,,,,,,,,
경인권,경기,수원시,아주대,인문,국어국문학과,국어국문학과,,,고교추천,2.66,2.1,,,,,,,ACE,3.23,2.97,,,,83.29412,국수영탐(2),2/1,,,,,,,,,,,,,,,,,,,,,
경상권,대구,북구,경북대,자연,물리교육과,물리교육과,유지,유지,교과우수자,3.97,3.85,,,,,,,일반학생,4.18,3.71,,,,83.28571,국수영탐(2),3/1,,,,,,,,,,,,,,,,,,,,,
경상권,대구,북구,경북대,인문,지리교육과,지리교육과,유지,유지,교과우수자,2.78,2.72,,,,,,,일반학생,3.75,3.7,,,,83.28571,국수영탐(2),3/1,,,,,,,,,,,,,,,,,,,,,
경상권,대구,북구,경북대,자연,화학교육과,화학교육과,유지,유지,교과우수자,4.79,4.16,,,,,,,일반학생,5.23,4.36,,,,83.28571,국수영탐(2),3/1,,,,,,,,,,,,,,,,,,,,,
경인권,경기,부천시,가톨릭대,자연,공간디자인•소비자학과,공간디자인•소비자학과,유지,유지,지역균형,2.82,2.76,,,,,,,잠재능력우수자,3.54,3.21,,,,83.25,국수영탐(1),2/1,,,,,,,,,,,,,,,,,,,,,
경인권,경기,부천시,가톨릭대,자연,데이터사이언스학과,데이터사이언스학과,유지,유지,지역균형,2.6,2.53,,,,,,,잠재능력우수자,5.07,3.23,,,,83.25,국수영탐(1),2/1,,,,,,,,,,,,,,,,,,,,,
경인권,경기,부천시,가톨릭대,자연,물리학과,물리학과,유지,유지,지역균형,2.84,2.82,,,,,,,잠재능력우수자,4.3,3.5,,,,83.25,국수영탐(1),2/1,,,,,,,,,,,,,,,,,,,,,
경인권,경기,부천시,가톨릭대,자연,미디어기술콘텐츠학과,미디어기술콘텐츠학과,유지,유지,지역균형,2.43,2.41,,,,,,,잠재능력우수자,4.5,3.72,,,,83.25,국수영탐(1),2/1,,,,,,,,,,,,,,,,,,,,,
경인권,경기,부천시,가톨릭대,자연,바이오메디컬소프트웨어학과,바이오메디컬소프트웨어학과,유지,유지,지역균형,2.83,2.36,,,,,,,잠재능력우수자,2.93,2.63,,,,83.25,국수영탐(1),2/1,,,,,,,,,,,,,,,,,,,,,
경인권,경기,부천시,가톨릭대,자연,바이오메디컬화학공학과,바이오메디컬화학공학과,유지,유지,지역균형,2.28,2.22,,,,,,,잠재능력우수자,2.93,2.63,,,,83.25,국수영탐(1),2/1,,,,,,,,,,,,,,,,,,,,,
경인권,경기,부천시,가톨릭대,자연,생명공학과,생명공학과,유지,유지,지역균형,2.04,2.03,,,,,,,잠재능력우수자,3.03,2.56,,,,83.25,국수영탐(1),2/1,,,,,,,,,,,,,,,,,,,,,
경인권,경기,부천시,가톨릭대,자연,수학과,수학과,유지,유지,지역균형,2.91,2.8,,,,,,,잠재능력우수자,3.88,3.39,,,,83.25,국수영탐(1),2/1,,,,,,,,,,,,,,,,,,,,,
경인권,경기,부천시,가톨릭대,자연,식품영양학과,식품영양학과,유지,유지,지역균형,2.74,2.66,,,,,,,잠재능력우수자,4.15,3.26,,,,83.25,국수영탐(1),2/1,,,,,,,,,,,,,,,,,,,,,
경인권,경기,부천시,가톨릭대,자연,에너지환경공학과,에너지환경공학과,유지,유지,지역균형,2.67,2.61,,,,,,,잠재능력우수자,3.26,2.85,,,,83.25,국수영탐(1),2/1,,,,,,,,,,,,,,,,,,,,,
경인권,경기,부천시,가톨릭대,자연,의류학과,의류학과,유지,유지,지역균형,2.78,2.67,,,,,,,잠재능력우수자,4.17,3.07,,,,83.25,국수영탐(1),2/1,,,,,,,,,,,,,,,,,,,,,
경인권,경기,부천시,가톨릭대,자연,의생명과학과,의생명과학과,유지,유지,지역균형,1.98,1.86,,,,,,,잠재능력우수자,6.81,3.26,,,,83.25,국수영탐(1),2/1,,,,,,,,,,,,,,,,,,,,,
경인권,경기,부천시,가톨릭대,자연,인공지능학과,인공지능학과,유지,유지,지역균형,2.87,2.82,,,,,,,잠재능력우수자,5.35,3.34,,,,83.25,국수영탐(1),2/1,,,,,,,,,,,,,,,,,,,,,
경인권,경기,부천시,가톨릭대,자연,자연공학계열,자연공학계열,유지,유지,지역균형,2.54,2.51,,,,,,,잠재능력우수자면접,7,3.9,,,,83.25,국수영탐(1),2/1,,,,,,,,,,,,,,,,,,,,,
경인권,경기,부천시,가톨릭대,공통,자유전공학부,자유전공학부,유지,유지,지역균형,2.53,2.51,,,,,,,잠재능력우수자면접,5.57,3.75,잠재능력우수자,5.59,3.53,83.25,국수영탐(1),4/4,,,,,,,,,,,,,,,,,,,,,
경인권,경기,부천시,가톨릭대,자연,정보통신전자공학부,정보통신전자공학부,유지,유지,지역균형,2.66,2.59,,,,,,,잠재능력우수자,3.44,3.01,,,,83.25,국수영탐(1),2/1,,,,,,,,,,,,,,,,,,,,,
경인권,경기,부천시,가톨릭대,자연,컴퓨터정보공학부,컴퓨터정보공학부,유지,유지,지역균형,2.61,2.57,,,,,,,잠재능력우수자,5.58,3.36,,,,83.25,국수영탐(1),2/1,,,,,,,,,,,,,,,,,,,,,
경인권,경기,부천시,가톨릭대,자연,화학과,화학과,유지,유지,지역균형,2.52,2.32,,,,,,,잠재능력우수자,3.88,3.27,,,,83.25,국수영탐(1),2/1,,,,,,,,,,,,,,,,,,,,,
서울,서울,성북구,국민대,인문,국제통상학과,국제통상학과,,,교과성적우수자,2.45,2.45,,,,,,,국민프런티어,2.87,2.73,학교생활우수자,2.59,2.57,83.25,국수영탐(2),2/3,,,,,,,,,,,,,,,,,,,,,
서울,서울,성북구,동덕여대,자연,보건관리학전공,보건관리학전공,유지,유지,학생부교과우수자,3.24,3.15,,,,,,,동덕창의리더,,,,,,83.25,국수영탐(1),4/1,,,,,,,,,,,,,,,,,,,,,
경인권,경기,안산시,한양대(ERICA),자연,컴퓨터학부,컴퓨터학부,유지,유지,지역균형선발,2.44,2.33,,,,,,,서류형,2.93,2.91,,,,83.23529,국수영탐(2),4/2,,,,,,,,,,,,,,,,,,,,,
경인권,경기,안산시,한양대(ERICA),자연,컴퓨터학부(지능형클라우드전공),컴퓨터학부,신설,신설,지역균형선발,2.44,2.33,,,,,,,서류형,2.93,2.91,,,,83.23529,국수영탐(2),4/2,,,,,,,,,,,,,,,,,,,,,
경인권,경기,안산시,한양대(ERICA),자연,컴퓨터학부(컴퓨터전공),컴퓨터학부,신설,신설,지역균형선발,2.44,2.33,,,,,,,서류형,2.93,2.91,,,,83.23529,국수영탐(2),4/2,,,,,,,,,,,,,,,,,,,,,
서울,서울,동대문구,한국외대,인문,말레이•인도네시아어과,말레이•인도네시아어과,유지,유지,학교장추천,197.54,197.73,,,,,,,학생부종합(면접형),4.01,3.83,학생부종합(서류형),2.67,2.55,83.225,국수영탐(2),2/2,,,,,,,,,,,,,,,,,,,,,
서울,서울,동대문구,한국외대,인문,몽골어과,몽골어과,유지,유지,학교장추천,194,194.3,,,,,,,학생부종합(면접형),4.35,4.02,학생부종합(서류형),4.16,3.63,83.225,국수영탐(2),2/2,,,,,,,,,,,,,,,,,,,,,
서울,서울,동대문구,한국외대,인문,페르시아어•이란학과,페르시아어•이란학과,유지,유지,학교장추천,196.73,196.8,,,,,,,학생부종합(면접형),4.16,3.86,학생부종합(서류형),4.51,4.09,83.225,국수영탐(2),2/2,,,,,,,,,,,,,,,,,,,,,
경인권,경기,용인시,단국대,자연,고분자시스템공학부 고분자공학전공,고분자시스템공학부 고분자공학전공,유지,유지,지역균형선발,2.16,2.14,,,,,,,DKU인재-면접형,3.01,3.01,DKU인재-서류형,2.74,2.68,83.2,국수영탐(2),3/2,,,,,,,,,,,,,,,,,,,,,
서울,서울,종로구,상명대,자연,생명화학공학부 화공신소재전공,생명화학공학부 화공신소재전공,유지,유지,고교추천,2.46,2.41,,,,,,,상명인재,2.81,2.81,,,,83.2,국수영탐(1),4/4,,,,,,,,,,,,,,,,,,,,,
서울,서울,종로구,상명대,인문,인문콘텐츠학부 역사콘텐츠전공,인문콘텐츠학부 역사콘텐츠전공,유지,유지,고교추천,2.73,2.76,,,,,,,상명인재,3.09,3.09,,,,83.2,국수영탐(1),5/2,,,,,,,,,,,,,,,,,,,,,
서울,서울,종로구,상명대,인문,자유전공(아트&컬처),인문콘텐츠학부 역사콘텐츠전공,유지,유지,고교추천,2.73,2.76,,,,,,,상명인재,3.09,3.09,,,,83.2,국수영탐(1),5/2,,,,,,,,,,,,,,,,,,,,,
서울,서울,성북구,성신여대,자연,창의융합학부(자유전공),청정신소재공학과,신설,신설,지역균형,2.25,2.1,,,,,,,자기주도인재,3.03,3.02,학교생활우수자,2.41,2.41,83.2,국수영탐(2),2/3,,,,,,,,,,,,,,,,,,,,,
서울,서울,성북구,성신여대,자연,청정신소재공학과,청정신소재공학과,유지,변경,지역균형,2.25,2.1,,,,,,,자기주도인재,3.03,3.02,학교생활우수자,2.41,2.41,83.2,국수영탐(2),2/3,,,,,,,,,,,,,,,,,,,,,
경인권,경기,의정부시,신한대,자연,기계공학과,기계공학과,유지,유지,일반,3.4,3.6,학생부우수자,3,3,,,,,,,,,,83.2,국수영탐(1)한 중 3개,2/2,,,,,,,,,,,,,,,,,,,,,
경인권,경기,안양시,안양대,인문,글로벌경영학과,글로벌경영학과,,,아리학생부교과,2.39,2.33,아리학생부면접,3,3,,,,아리학생부종합Ⅰ,3.79,3.6,,,,83.2,국영탐(1),3/-,,,,,,,,,,,,,,,,,,,,,
전라권,전북,전주시,전주대,자연,방사선학과,방사선학과,유지,유지,일반학생(교과),3.82,3.74,,,,,,,일반학생(종합),4.58,4.42,,,,83.2,"국수영 중 2개, 탐구(1)",3/3,,,,,,,,,,,,,,,,,,,,,
강원권,강원,춘천시,한림대,인문,인문학부,인문학부,유지,유지,교과우수자,4.85,4.53,,,,,,,학교생활우수자,5.58,5.39,,,,83.2,"국수영 중 1개, 남은+탐구(2) 중 1개",3/-,,,,,,,,,,,,,,,,,,,,,
강원권,강원,춘천시,한림대,인문,중국학과,중국학과,유지,유지,교과우수자,4.93,4.79,,,,,,,학교생활우수자,6.52,6.13,,,,83.2,"국수영 중 1개, 남은+탐구(2) 중 1개",3/-,,,,,,,,,,,,,,,,,,,,,
서울,서울,용산구,숙명여대,자연,기계시스템학부,기계시스템학부,유지,유지,지역균형선발,2.1,2.06,,,,,,,숙명인재(면접형),2.86,2.74,,,,83.1875,국수영탐(2),2/-,,,,,,,,,,,,,,,,,,,,,
경인권,경기,성남시,가천대,자연,식품생명공학과,식품생명공학과,유지,유지,지역균형,3.72,,학생부우수자,2.68,,,,,가천바람개비,3.52,,,,,83.15,국수영탐(1),3/1,,,,,,,,,,,,,,,,,,,,,
서울,서울,마포구,홍익대,인문,영어교육과,영어교육과,유지,유지,학교장추천자,2.01,1.95,,,,,,,학교생활우수자,2.4,2.45,,,,83.14706,국수영탐(2),1/1,,,,,,,,,,,,,,,,,,,,,
서울,서울,용산구,숙명여대,인문,정치외교학과,정치외교학과,유지,유지,지역균형선발,2.84,2.66,,,,,,,숙명인재(면접형),2.53,2.34,,,,83.125,국수영탐(2),2/-,,,,,,,,,,,,,,,,,,,,,
경인권,인천,연수구,가천대,자연,응급구조학과,응급구조학과,유지,유지,,,,,,,,,,가천바람개비,4.11,,,,,83.1,국수영탐(1),2/3,,,,,,,,,,,,,,,,,,,,,
서울,서울,동대문구,서울시립대,인문,중국어문화학과,중국어문화학과,유지,유지,지역균형선발,2.03,2.03,,,,,,,학생부종합I,4.02,3.77,,,,83.06667,국수영탐(2),2/2,,,,,,,,,,,,,,,,,,,,,
서울,서울,용산구,숙명여대,인문,미디어학부,미디어학부,유지,유지,지역균형선발,2.03,1.97,,,,,,,숙명인재(면접형),2.74,2.35,,,,83.0625,국수영탐(2),2/-,,,,,,,,,,,,,,,,,,,,,
서울,서울,종로구,상명대,인문,가족복지학과,가족복지학과,유지,유지,고교추천,2.87,2.78,,,,,,,상명인재,3.47,3.16,,,,83.05,국수영탐(1),3/4,,,,,,,,,,,,,,,,,,,,,
충청권,대전,서구,건양대,자연,치위생학과,치위생학과,유지,유지,일반학생[교과],3.25,3.1,,,,,,,학생부종합,4,3.94,,,,83.013,국수영탐(1) 중 3개,3/5,,,,,,,,,,,,,,,,,,,,,
충청권,대전,유성구,국립한밭대,인문,경제학과,경제학과,유지,유지,일반,3.94,3.69,,,,,,,일반,4.89,4.39,,,,83.013,국수영탐(1) 중 3개,4/-,,,,,,,,,,,,,,,,,,,,,
충청권,충남,공주시,국립공주대,인문,행정학과,행정학과,유지,유지,교과Ⅰ,3.91,3.83,,,,,,,일반,4.08,4,,,,83.012,국수영탐(1) 중 3개,4/-,,,,,,,,,,,,,,,,,,,,,
충청권,대전,서구,건양대,자연,안경광학과,안경광학과,유지,유지,일반학생[교과],4.51,4.35,,,,,,,학생부종합,5.69,5.5,,,,83.011,국수영탐(1) 중 3개,4/4,,,,,,,,,,,,,,,,,,,,,
충청권,충북,충주시,건국대(글로컬),자연,녹색기술융합학과,녹색기술융합학과,유지,유지,교과우수,4.5,4.43,,,,,,,Cogito 자기추천,4.92,4.65,,,,83,국수영탐(1) 중 2개,4/5,,,,,,,,,,,,,,,,,,,,,
충청권,충북,충주시,건국대(글로컬),자연,메카트로닉스공학과,메카트로닉스공학과,유지,유지,교과우수,4.47,4.2,,,,,,,Cogito 자기추천,5.47,5.17,,,,83,국수영탐(1) 중 2개,3/6,,,,,,,,,,,,,,,,,,,,,
충청권,충북,충주시,건국대(글로컬),자연,식품영양학과,식품영양학과,유지,유지,교과우수,4.19,4.05,,,,,,,Cogito 자기추천,5.15,5,,,,83,국수영탐(1) 중 2개,3/1,,,,,,,,,,,,,,,,,,,,,
충청권,충남,논산시,건양대,인문,국방경찰행정학부,국방경찰행정학부,유지,유지,일반학생[교과],5.32,4.94,,,,,,,,,,,,,83,국수영탐(1) 중 2개,5/4,,,,,,,,,,,,,,,,,,,,,
경상권,대구,북구,경북대,자연,생명공학부,생명공학부,유지,유지,교과우수자,2.01,1.98,,,,,,,일반학생,3.46,3.19,,,,83,국수영탐(2),2/3,,,,,,,,,,,,,,,,,,,,,
서울,서울,성북구,국민대,인문,국어국문학전공,국어국문학전공,,,교과성적우수자,2.47,2.22,,,,,,,국민프런티어,2.76,2.69,학교생활우수자,2.5,2.49,83,국수영탐(2),2/1,,,,,,,,,,,,,,,,,,,,,
충청권,충남,천안시,남서울대,자연,임상병리학과,임상병리학과,유지,유지,교과+면접,3.17,2.77,일반,2.33,2.57,,,,학생부종합 면접형,5.6,4.78,,,,83,국수영탐(1) 중 2개,2/-,,,,,,,,,,,,,,,,,,,,,
서울,서울,서대문구,명지대,인문,디지털미디어학부,디지털미디어학부,유지,유지,교과면접,2.26,1.74,학교장추천,2.32,2.31,,,,명지인재면접,3.1,3,명지인재서류,2.91,2.88,83,국수영탐(1),3/2,,,,,,,,,,,,,,,,,,,,,
서울,서울,서대문구,명지대,인문,미디어·휴먼라이프대학,미디어·휴먼라이프대학,유지,유지,,,,,,,,,,크리스천리더,3.49,3.49,,,,83,국수영탐(1),3/2,,,,,,,,,,,,,,,,,,,,,
서울,서울,서대문구,명지대,인문,아동학전공,아동학전공,유지,유지,교과면접,2.85,2.69,학교장추천,2.64,2.64,,,,명지인재면접,3.52,3.46,명지인재서류,3.29,3.03,83,국수영탐(1),3/2,,,,,,,,,,,,,,,,,,,,,
서울,서울,서대문구,명지대,인문,청소년지도학전공,청소년지도학전공,유지,유지,교과면접,3,2.64,학교장추천,2.73,2.39,,,,명지인재면접,3.7,3.68,명지인재서류,3.19,3.14,83,국수영탐(1),3/2,,,,,,,,,,,,,,,,,,,,,
충청권,충남,아산시,순천향대,인문,경영학과,경영학과,유지,유지,교과면접,2.667,3.84,교과우수자,2.955,2.902,,,,일반학생,4.36,4.23,,,,83,"국수영 중 2개, 탐구(1)",2/6,,,,,,,,,,,,,,,,,,,,,
충청권,충남,아산시,순천향대,자연,전기공학과,전기공학과,유지,유지,교과면접,3.333,4.114,교과우수자,4.417,4.056,,,,일반학생,5.08,4.64,,,,83,"국수영 중 2개, 탐구(1)",3/5,,,,,,,,,,,,,,,,,,,,,
강원권,강원,원주시,연세대(미래),자연,물리치료학과,물리치료학과,,,교과우수자,2.97,2.81,,,,,,,학교생활우수자,3.07,2.95,,,,83,국수영탐(1),3/1,,,,,,,,,,,,,,,,,,,,,
충청권,대전,동구,우송대,자연,철도건설시스템학부 철도건설시스템전공,철도건설시스템학부 철도건설시스템전공,유지,유지,교과중심,5.5,4.9,면접,5.833333,5.357143,우송인재,6.5,5.833333,서류형,,5.518846,,,,83,국수영탐(1) 중 2개,-/-,,,,,,,,,,,,,,,,,,,,,
경인권,인천,미추홀구,인하대,공통,자유전공융합학부,자유전공융합학부,유지,유지,지역균형,2.21,2.16,,,,,,,,,,,,,83,국수영탐(2),3/2,,,,,,,,,,,,,,,,,,,,,
서울,서울,성북구,한성대,인문,상상력인재학부,상상력인재학부,유지,유지,교과우수,2.5,2.43,지역균형,2.94,2.87,,,,,,,,,,83,국수영탐(1),3/1,,,,,,,,,,,,,,,,,,,,,
경인권,경기,오산시,한신대,인문,경영계열,경영•미디어계열,유지,유지,학교장추천,3.45,3.41,학생부우수자,3.03,2.88,,,,,,,,,,83,국수영탐(1) 중 3개,4/1,,,,,,,,,,,,,,,,,,,,,
경인권,경기,오산시,한신대,인문,미디어계열,경영•미디어계열,유지,유지,학교장추천,3.45,3.41,학생부우수자,3.03,2.88,,,,,,,,,,83,국수영탐(1) 중 3개,4/1,,,,,,,,,,,,,,,,,,,,,
경인권,경기,용인시,용인대,자연,물리치료학과,물리치료학과,,,교과성적우수자 특별,1.8,1.8,일반학생,1.7,1.4,,,,,,,,,,82.985,수영탐(1),3/-,,,,,,,,,,,,,,,,,,,,,
경인권,경기,수원시,아주대,인문,행정학과,행정학과,,,고교추천,2.45,2.25,,,,,,,ACE,3.3,3.05,,,,82.97059,국수영탐(2),3/1,,,,,,,,,,,,,,,,,,,,,
서울,서울,노원구,서울과기대,자연,인공지능응용학과,인공지능응용학과,유지,유지,고교추천,2.09,2.04,,,,,,,창의융합인재,3.05,2.87,,,,82.96875,국수영탐(2),2/1,,,,,,,,,,,,,,,,,,,,,
서울,서울,노원구,서울과기대,자연,화공생명공학과,화공생명공학과,유지,유지,고교추천,1.73,1.68,,,,,,,학교생활우수자,3.88,2.23,,,,82.96875,국수영탐(2),2/1,,,,,,,,,,,,,,,,,,,,,
서울,서울,동작구,숭실대,자연,건축학부,건축학부(실내건축전공),유지,유지,학생부우수자,2.51,2.51,,,,,,,SSU미래인재,3.11,3.02,,,,82.96875,국수영탐(2),2/2,,,,,,,,,,,,,,,,,,,,,
경인권,경기,성남시,가천대,자연,화공생명배터리공학부,화공생명배터리공학부,유지,유지,학생부우수자,2.77,,,,,,,,가천바람개비,3.7,,,,,82.95,국수영탐(1),2/4,,,,,,,,,,,,,,,,,,,,,
경인권,경기,용인시,단국대,자연,건축학부 건축공학전공,건축학부 건축공학전공,유지,유지,지역균형선발,2.39,2.33,,,,,,,DKU인재-면접형,3.08,2.81,DKU인재-서류형,3.01,2.99,82.95,국수영탐(2),4/2,,,,,,,,,,,,,,,,,,,,,
서울,서울,성북구,성신여대,자연,화학·에너지융합학부,화학·에너지융합학부,유지,유지,지역균형,2.5,1.93,,,,,,,자기주도인재,2.75,2.71,학교생활우수자,2.76,2.67,82.95,국수영탐(2),3/2,,,,,,,,,,,,,,,,,,,,,
경인권,인천,미추홀구,인하대,자연,이차전지융합학과,이차전지융합학과,유지,유지,지역균형,2.69,2.48,,,,,,,인하미래인재,3.45,2.98,,,,82.94444,국수영탐(2),3/1,,,,,,,,,,,,,,,,,,,,,
서울,서울,용산구,숙명여대,인문,르꼬르동블루외식경영전공,르꼬르동블루외식경영전공,유지,유지,지역균형선발,2.41,2.4,,,,,,,숙명인재(면접형),4.81,4.71,,,,82.9375,국수영탐(2),2/-,,,,,,,,,,,,,,,,,,,,,
서울,서울,용산구,숙명여대,인문,문화관광학전공,문화관광학전공,유지,유지,지역균형선발,2.13,2.09,,,,,,,숙명인재(면접형),3.66,2.95,,,,82.9375,국수영탐(2),2/-,,,,,,,,,,,,,,,,,,,,,
경인권,경기,성남시,가천대,인문,패션산업학과,패션산업학과,유지,유지,지역균형,4.25,,학생부우수자,3.09,,,,,가천바람개비,4.06,,,,,82.9,국수영탐(1),2/2,,,,,,,,,,,,,,,,,,,,,
서울,서울,종로구,상명대,인문,인문콘텐츠학부 한일문화콘텐츠전공,인문콘텐츠학부 한일문화콘텐츠전공,유지,유지,고교추천,2.96,2.96,,,,,,,상명인재,2.82,2.7,,,,82.9,국수영탐(1),3/1,,,,,,,,,,,,,,,,,,,,,
강원권,강원,춘천시,한림대,인문,러시아학과,러시아학과,유지,유지,교과우수자,5.44,5.4,,,,,,,학교생활우수자,6.16,5.78,,,,82.9,"국수영 중 1개, 남은+탐구(2) 중 1개",3/-,,,,,,,,,,,,,,,,,,,,,
서울,서울,마포구,홍익대,인문,법학부,법학부,유지,유지,학교장추천자,2.07,2.03,,,,,,,학교생활우수자,2.77,3.08,,,,82.88235,국수영탐(2),2/1,,,,,,,,,,,,,,,,,,,,,
경상권,대구,북구,경북대,인문,경상대학 자율학부,경상대학 자율학부,유지,유지,교과우수자,3.26,3.25,,,,,,,일반학생,3.9,3.63,,,,82.85714,국수영탐(2),2/4,,,,,,,,,,,,,,,,,,,,,
경인권,인천,미추홀구,인하대,자연,간호학과,간호학과,유지,유지,지역균형,2,1.97,,,,,,,인하미래인재,2.42,2.4,,,,82.83333,국수영탐(2),2/4,,,,,,,,,,,,,,,,,,,,,
서울,서울,용산구,숙명여대,인문,역사문화학과,역사문화학과,유지,유지,지역균형선발,2.37,2.03,,,,,,,숙명인재(면접형),2.52,2.32,,,,82.8125,국수영탐(2),2/-,,,,,,,,,,,,,,,,,,,,,
충청권,충남,천안시,상명대,자연,건설시스템공학과,건설시스템공학과,유지,유지,학생부교과,4.67,4.46,,,,,,,상명인재,4.27,4.27,,,,82.8,"국영 중 1개, 수탐(1)",4/3,,,,,,,,,,,,,,,,,,,,,
서울,서울,성북구,성신여대,자연,창의융합학부(자유전공),서비스디자인공학과,신설,신설,지역균형,2.6,2.38,,,,,,,자기주도인재,3.5,3.38,학교생활우수자,3.32,3.3,82.8,국수영탐(2),2/2,,,,,,,,,,,,,,,,,,,,,
경인권,경기,오산시,한신대,공통,자유전공학부,자유전공학부,유지,유지,학생부우수자,3.56,3.48,,,,,,,참인재,4.52,4.38,,,,82.8,국수영탐(1) 중 3개,3/4,,,,,,,,,,,,,,,,,,,,,
경인권,인천,미추홀구,인하대,자연,고분자공학과,고분자공학과,유지,유지,지역균형,2.4,2.32,,,,,,,인하미래인재,2.73,2.66,,,,82.77778,국수영탐(2),3/4,,,,,,,,,,,,,,,,,,,,,
경인권,인천,미추홀구,인하대,자연,수학교육과,수학교육과,유지,유지,지역균형,2.18,2.13,,,,,,,인하미래인재,2.62,2.53,,,,82.77778,국수영탐(2),4/1,,,,,,,,,,,,,,,,,,,,,
경인권,경기,성남시,가천대,자연,스마트시티학과,스마트시티학과,유지,유지,지역균형,4.05,,학생부우수자,3.38,,,,,가천바람개비,4.61,,,,,82.75,국수영탐(1),2/2,,,,,,,,,,,,,,,,,,,,,
경인권,경기,성남시,가천대,자연,의공학과,의공학과,유지,유지,지역균형,4.29,,학생부우수자,3.83,,,,,가천바람개비,3.92,,,,,82.75,국수영탐(1),5/2,,,,,,,,,,,,,,,,,,,,,
서울,서울,종로구,상명대,자연,생명화학공학부 생명공학전공,생명화학공학부 생명공학전공,유지,유지,고교추천,2.5,2.22,,,,,,,상명인재,2.73,2.55,,,,82.75,국수영탐(1),5/3,,,,,,,,,,,,,,,,,,,,,
충청권,대전,유성구,충남대,공통,자율전공융합학부,자율전공융합학부,유지,유지,일반,2.64,2.54,,,,,,,,,,,,,82.75,국수탐(2),3/3,,,,,,,,,,,,,,,,,,,,,
강원권,강원,원주시,연세대(미래),자연,임상병리학과,임상병리학과,,,교과우수자,2.36,2.03,,,,,,,학교생활우수자,3.01,2.72,,,,82.71429,국수영탐(1),2/3,,,,,,,,,,,,,,,,,,,,,
경인권,경기,성남시,가천대,인문,법과대학,법과대학,유지,유지,학생부우수자,2.84,,,,,,,,가천바람개비,3.8,,,,,82.7,국수영탐(1),2/2,,,,,,,,,,,,,,,,,,,,,
경인권,경기,수원시,경기대,자연,바이오융합학부,바이오융합학부,유지,유지,교과성적우수자,2.53,2.42,학교장추천,2.65,2.61,,,,KGU학생부종합,3.36,3.22,,,,82.7,국수영탐(1),3/1,,,,,,,,,,,,,,,,,,,,,
경인권,경기,오산시,한신대,자연,AI•SW계열,AI•SW계열,유지,유지,학교장추천,3.94,3.81,학생부우수자,3.52,3.35,,,,,,,,,,82.7,국수영탐(1) 중 3개,3/5,,,,,,,,,,,,,,,,,,,,,
경인권,인천,미추홀구,인하대,인문,경영학과,경영학과,유지,유지,지역균형,2.34,2.29,,,,,,,인하미래인재,3.16,2.95,,,,82.67647,국수영탐(2),3/1,,,,,,,,,,,,,,,,,,,,,
충청권,충남,공주시,국립공주대,인문,경제통상학부,경제통상학부,유지,유지,교과Ⅰ,4.15,4.09,,,,,,,일반,4.55,4.49,,,,82.676,국수영탐(1) 중 3개,3/-,,,,,,,,,,,,,,,,,,,,,
경인권,인천,미추홀구,인하대,자연,에너지자원공학과,에너지자원공학과,변경,유지,지역균형,2.38,2.28,,,,,,,인하미래인재,2.91,2.88,,,,82.66667,국수영탐(2),3/2,,,,,,,,,,,,,,,,,,,,,
경인권,인천,미추홀구,인하대,자연,조선해양공학과,조선해양공학과,유지,유지,지역균형,2.63,2.62,,,,,,,인하미래인재,3.57,3.43,,,,82.66667,국수영탐(2),2/1,,,,,,,,,,,,,,,,,,,,,
충청권,대전,대덕구,한남대,인문,영어영문학과,영어영문학과,유지,유지,일반,5.2,4.79,,,,,,,한남인재Ⅰ,5.72,5.22,,,,82.66667,"수영탐(1) 중 2개, 국어",1/1,,,,,,,,,,,,,,,,,,,,,
경인권,경기,부천시,가톨릭대,인문,경영학과,경영학과,유지,유지,지역균형,2.58,2.58,,,,,,,잠재능력우수자,4.24,3.19,,,,82.65,국수영탐(1),4/2,,,,,,,,,,,,,,,,,,,,,
경인권,경기,부천시,가톨릭대,인문,경제학과,경제학과,유지,유지,지역균형,3.15,2.9,,,,,,,잠재능력우수자,5.31,3.72,,,,82.65,국수영탐(1),4/2,,,,,,,,,,,,,,,,,,,,,
경인권,경기,부천시,가톨릭대,인문,국사학과,국사학과,유지,유지,지역균형,3.13,3.08,,,,,,,잠재능력우수자,5.55,3.46,,,,82.65,국수영탐(1),4/2,,,,,,,,,,,,,,,,,,,,,
경인권,경기,부천시,가톨릭대,인문,국어국문학과,국어국문학과,유지,유지,지역균형,2.64,2.55,,,,,,,잠재능력우수자,3.5,3.22,,,,82.65,국수영탐(1),4/2,,,,,,,,,,,,,,,,,,,,,
경인권,경기,부천시,가톨릭대,인문,국제학부,국제학부,유지,유지,지역균형,2.68,2.64,,,,,,,잠재능력우수자,4.76,3.42,,,,82.65,국수영탐(1),4/2,,,,,,,,,,,,,,,,,,,,,
경인권,경기,부천시,가톨릭대,인문,법학과,법학과,유지,유지,지역균형,2.58,2.55,,,,,,,잠재능력우수자,5.23,3.67,,,,82.65,국수영탐(1),4/2,,,,,,,,,,,,,,,,,,,,,
경인권,경기,부천시,가톨릭대,인문,사회복지학과,사회복지학과,유지,유지,지역균형,2.67,2.58,,,,,,,잠재능력우수자,3.4,3.12,,,,82.65,국수영탐(1),4/2,,,,,,,,,,,,,,,,,,,,,
경인권,경기,부천시,가톨릭대,인문,사회학과,사회학과,유지,유지,지역균형,2.78,2.67,,,,,,,잠재능력우수자,4.13,3.26,,,,82.65,국수영탐(1),4/2,,,,,,,,,,,,,,,,,,,,,
경인권,경기,부천시,가톨릭대,인문,심리학과,심리학과,유지,유지,지역균형,2.26,2.19,,,,,,,잠재능력우수자,3.24,2.78,,,,82.65,국수영탐(1),4/2,,,,,,,,,,,,,,,,,,,,,
경인권,경기,부천시,가톨릭대,인문,심리학과,,신설,유지,,,,,,,,,,,,,,,,82.65,국수영탐(1),4/2,,,,,,,,,,,,,,,,,,,,,
경인권,경기,부천시,가톨릭대,인문,아동학과,아동학과,유지,유지,지역균형,2.86,2.81,,,,,,,잠재능력우수자,3.72,3.44,,,,82.65,국수영탐(1),4/2,,,,,,,,,,,,,,,,,,,,,
경인권,경기,부천시,가톨릭대,인문,영어영문학부,영어영문학부,유지,유지,지역균형,2.77,2.71,,,,,,,잠재능력우수자,6.35,4.9,,,,82.65,국수영탐(1),4/2,,,,,,,,,,,,,,,,,,,,,
경인권,경기,부천시,가톨릭대,인문,인문사회계열,인문사회계열,유지,유지,지역균형,2.88,2.83,,,,,,,잠재능력우수자면접,5.79,3.67,,,,82.65,국수영탐(1),4/2,,,,,,,,,,,,,,,,,,,,,
경인권,경기,부천시,가톨릭대,인문,일어일본문화학과,일어일본문화학과,유지,유지,지역균형,2.99,2.96,,,,,,,잠재능력우수자,6.74,5.54,,,,82.65,국수영탐(1),4/2,,,,,,,,,,,,,,,,,,,,,
경인권,경기,부천시,가톨릭대,인문,중국언어문화학과,중국언어문화학과,유지,유지,지역균형,2.82,2.76,,,,,,,잠재능력우수자,5.68,5.13,,,,82.65,국수영탐(1),4/2,,,,,,,,,,,,,,,,,,,,,
경인권,경기,부천시,가톨릭대,인문,철학과,철학과,유지,유지,지역균형,2.81,2.69,,,,,,,잠재능력우수자,3.68,3.3,,,,82.65,국수영탐(1),4/2,,,,,,,,,,,,,,,,,,,,,
경인권,경기,부천시,가톨릭대,인문,프랑스어문화학과,프랑스어문화학과,유지,유지,지역균형,2.96,2.96,,,,,,,잠재능력우수자,5.44,4.8,,,,82.65,국수영탐(1),4/2,,,,,,,,,,,,,,,,,,,,,
경인권,경기,부천시,가톨릭대,인문,행정학과,행정학과,유지,유지,지역균형,2.81,2.74,,,,,,,잠재능력우수자,4.06,3.24,,,,82.65,국수영탐(1),4/2,,,,,,,,,,,,,,,,,,,,,
경인권,경기,부천시,가톨릭대,인문,회계학과,회계학과,유지,유지,지역균형,2.68,2.62,,,,,,,잠재능력우수자,4.22,3.25,,,,82.65,국수영탐(1),4/2,,,,,,,,,,,,,,,,,,,,,
서울,서울,종로구,상명대,인문,자유전공(인문계열),자유전공(경영경제계열),유지,변경,고교추천,3.26,3.06,,,,,,,,,,,,,82.65,국수영탐(1),4/2,,,,,,,,,,,,,,,,,,,,,
서울,서울,용산구,숙명여대,인문,행정학과,행정학과,유지,유지,지역균형선발,2.2,2.18,,,,,,,숙명인재(면접형),2.55,2.31,,,,82.625,국수영탐(2),2/-,,,,,,,,,,,,,,,,,,,,,
충청권,충남,천안시,상명대,자연,자유전공(공학계열),자유전공(공학계열),유지,유지,학생부교과,4.64,4.46,,,,,,,,,,,,,82.6,"국영 중 1개, 수탐(1)",4/4,,,,,,,,,,,,,,,,,,,,,
경인권,경기,군포시,한세대,자연,IT학부,IT학부,유지,변경,학생부 교과우수자,4.5,4.3,학생부 면접우수자,5.3,5,,,,,,,,,,82.6,"국수 중 1개, 영탐(1)",3/1,,,,,,,,,,,,,,,,,,,,,
경인권,경기,군포시,한세대,자연,간호학과,간호학과,유지,유지,학생부 교과우수자,2.7,2.7,학생부 면접우수자,3.2,3.1,,,,,,,,,,82.6,"국수 중 1개, 영탐(1)",3/1,,,,,,,,,,,,,,,,,,,,,
경상권,대구,북구,경북대,인문,경영학부,경영학부,유지,유지,교과우수자,2.58,2.46,,,,,,,일반학생,3.76,3.51,,,,82.57143,국수영탐(2),1/1,,,,,,,,,,,,,,,,,,,,,
서울,서울,동작구,숭실대,인문,독어독문학과,독어독문학과,유지,유지,학생부우수자,2.39,2.39,,,,,,,SSU미래인재,4.27,3.72,,,,82.5625,국수영탐(2),2/2,,,,,,,,,,,,,,,,,,,,,
경인권,경기,안산시,한양대(ERICA),자연,인공지능학과,인공지능학과,유지,유지,지역균형선발,2.73,2.62,,,,,,,서류형,2.93,2.93,,,,82.55882,국수영탐(2),4/3,,,,,,,,,,,,,,,,,,,,,
경인권,경기,성남시,가천대,인문,관광경영학과,관광경영학과,유지,유지,지역균형,3.49,,학생부우수자,3,,,,,가천바람개비,3.99,,,,,82.55,국수영탐(1),3/4,,,,,,,,,,,,,,,,,,,,,
경인권,경기,성남시,가천대,자연,도시계획•조경학부,도시계획•조경학부,유지,유지,지역균형,4.73,,학생부우수자,3.51,,,,,가천바람개비,4.22,,,,,82.55,국수영탐(1),2/2,,,,,,,,,,,,,,,,,,,,,
경인권,경기,수원시,아주대,인문,자유전공학부(인문),자유전공학부(인문),,,고교추천,2.55,2.25,,,,,,,,,,,,,82.52941,국수영탐(2),2/1,,,,,,,,,,,,,,,,,,,,,
경상권,경북,안동시,국립경국대,인문,국어교육과,국어교육과,유지,유지,일반학생,2.68,2.64,,,,,,,NUG인재,4.5,4.43,,,,82.5,국수영탐(1) 중 2개,4/6,,,,,,,,,,,,,,,,,,,,,
충청권,대전,동구,대전대,자연,건축학과(4),건축학과(4),유지,유지,교과면접,5.67,5.33,교과중점,5.28,5.04,,,,,,,,,,82.5,국수영탐(1) 중 2개,3/4,,,,,,,,,,,,,,,,,,,,,
충청권,대전,서구,배재대,예체능,아트앤웹툰학부(게임애니메이션),아트앤웹툰학부(게임애니메이션),유지,유지,교과,2.9,2.9,,,,,,,,,,,,,82.5,국수영탐(1) 중 2개,3/2,,,,,,,,,,,,,,,,,,,,,
경인권,경기,성남시,가천대,자연,건설환경공학과,토목환경공학과,유지,변경,지역균형,3.74,,학생부우수자,2.84,,,,,가천바람개비,3.68,,,,,82.45,국수영탐(1),3/2,,,,,,,,,,,,,,,,,,,,,
경인권,경기,성남시,가천대,인문,심리학과,심리학과,유지,유지,지역균형,3.2,,학생부우수자,2.35,,,,,가천바람개비,3.65,,,,,82.45,국수영탐(1),3/2,,,,,,,,,,,,,,,,,,,,,
경인권,인천,미추홀구,인하대,자연,생명과학과,생명과학과,유지,유지,지역균형,2.09,2.09,,,,,,,인하미래인재,2.45,2.34,,,,82.44444,국수영탐(2),2/1,,,,,,,,,,,,,,,,,,,,,
경인권,경기,안산시,한양대(ERICA),자연,로봇공학과,로봇공학과,유지,유지,지역균형선발,2.67,2.58,,,,,,,서류형,3.04,2.95,,,,82.44118,국수영탐(2),4/2,,,,,,,,,,,,,,,,,,,,,
경인권,경기,안산시,한양대(ERICA),자연,전자공학부,전자공학부,유지,유지,지역균형선발,2.57,2.46,,,,,,,서류형,3.24,2.97,,,,82.44118,국수영탐(2),4/3,,,,,,,,,,,,,,,,,,,,,
경인권,경기,안산시,한양대(ERICA),자연,차세대반도체융합공학부(신소재반도체공학전공),차세대반도체융합공학부(신소재반도체공학전공),유지,유지,지역균형선발,2.63,2.5,,,,,,,첨단융합인재,3.17,3.06,,,,82.44118,국수영탐(2),4/1,,,,,,,,,,,,,,,,,,,,,
서울,서울,동작구,숭실대,인문,언론홍보학과,언론홍보학과,유지,유지,학생부우수자,2.32,2.32,,,,,,,SSU미래인재,2.64,2.36,,,,82.4375,국수영탐(2),1/2,,,,,,,,,,,,,,,,,,,,,
경상권,대구,북구,경북대,인문,교육학과,교육학과,유지,유지,,,,,,,,,,일반학생,3.91,3.52,,,,82.42857,국수영탐(2),3/1,,,,,,,,,,,,,,,,,,,,,
경상권,대구,북구,경북대,인문,사회학과,사회학과,유지,유지,교과우수자,2.67,2.63,,,,,,,일반학생,4.34,3.58,,,,82.42857,국수영탐(2),3/1,,,,,,,,,,,,,,,,,,,,,
경상권,대구,북구,경북대,인문,영어교육과,영어교육과,유지,유지,교과우수자,2.46,2.38,,,,,,,일반학생,4.88,3.84,,,,82.42857,국수영탐(2),2/4,,,,,,,,,,,,,,,,,,,,,
서울,서울,종로구,상명대,자연,지능•데이터융합학부,지능•데이터융합학부,유지,유지,고교추천,2.83,2.91,,,,,,,상명인재,3.43,3.36,,,,82.4,국수영탐(1),4/3,,,,,,,,,,,,,,,,,,,,,
경인권,경기,화성시,수원대,자연,간호학과,간호학과,유지,유지,고교추천,3.35,3.2,교과우수,2.65,2.71,면접위주교과,2.85,2.56,,,,,,,82.4,국수영탐(1),2/2,,,,,,,,,,,,,,,,,,,,,
서울,서울,성북구,국민대,인문,행정학과,행정학과,,,교과성적우수자,2.25,2.17,,,,,,,국민프런티어,2.61,2.55,학교생활우수자,2.6,2.56,82.375,국수영탐(2),2/2,,,,,,,,,,,,,,,,,,,,,
경인권,경기,수원시,아주대,자연,산업공학과,산업공학과,,,고교추천,2.28,2,,,,,,,ACE,3.24,2.96,,,,82.35294,국수영탐(2),1/1,,,,,,,,,,,,,,,,,,,,,
충청권,대전,동구,대전대,자연,간호학과,간호학과,유지,유지,교과면접,2.83,2.67,교과중점,2.61,2.5,,,,혜화인재,3.75,3.36,,,,82.34,국수영탐(1) 중 3개,3/3,,,,,,,,,,,,,,,,,,,,,
서울,서울,성북구,국민대,자연,나노전자물리학과,나노전자물리학과,,,교과성적우수자,2.3,2.31,,,,,,,국민프런티어,2.92,2.89,학교생활우수자,3.09,2.79,82.3125,국수영탐(2),2/1,,,,,,,,,,,,,,,,,,,,,
서울,서울,용산구,숙명여대,인문,홍보광고학과,홍보광고학과,유지,유지,지역균형선발,2.78,2.78,,,,,,,숙명인재(면접형),2.67,2.61,,,,82.3125,국수영탐(2),2/-,,,,,,,,,,,,,,,,,,,,,
경인권,인천,연수구,가천대,자연,운동재활학과,운동재활학과,유지,유지,지역균형,4.9,,학생부우수자,4,,,,,가천바람개비,4.33,,,,,82.3,국수영탐(1),5/1,,,,,,,,,,,,,,,,,,,,,
서울,서울,성북구,성신여대,자연,창의융합학부(첨단분야전공),수리통계데이터사이언스학부(수학/핀테크),신설,신설,,,,,,,,,,자기주도인재,3.48,3.3,학교생활우수자,3.19,3.14,82.3,국수영탐(2),2/2,,,,,,,,,,,,,,,,,,,,,
경인권,인천,미추홀구,인하대,인문,의류디자인학과(일반),의류디자인학과(일반),유지,유지,지역균형,2.58,2.51,,,,,,,인하미래인재,3.35,3.34,,,,82.26471,국수영탐(2),2/4,,,,,,,,,,,,,,,,,,,,,
서울,서울,성북구,서경대,공통,미래융합학부1,미래융합학부1,변경,유지,교과우수자①,3.58,3.47,교과우수자②,2.95,2.78,,,,,,,,,,82.2,"국수탐(2) 중 2개, 영어",3/-,,,,,,,,,,,,,,,,,,,,,
경인권,경기,화성시,수원대,자연,AI데이터과학부,데이터과학부,유지,변경,고교추천,4.3,4.24,교과우수,3.65,3.75,면접위주교과,4.05,3.7,,,,,,,82.15,국수영탐(1),4/2,,,,,,,,,,,,,,,,,,,,,
서울,서울,동대문구,한국외대,인문,외국어교육학부(중국어교육전공),외국어교육학부(중국어교육전공),유지,유지,학교장추천,197.44,197.71,,,,,,,학생부종합(면접형),4.45,4.32,학생부종합(서류형),3.39,3.34,82.15,국수영탐(2),2/1,,,,,,,,,,,,,,,,,,,,,
경인권,경기,용인시,용인대,인문,문화콘텐츠학과,문화콘텐츠학과,,,교과성적우수자 특별,2.4,2.3,일반학생,2.3,2.3,,,,,,,,,,82.129,국영탐(1),4/-,,,,,,,,,,,,,,,,,,,,,
서울,서울,성북구,국민대,인문,일본학과,일본학과,,,교과성적우수자,2.27,2.27,,,,,,,국민프런티어,3.68,3.45,학교생활우수자,2.61,2.61,82.125,국수영탐(2),1/2,,,,,,,,,,,,,,,,,,,,,
서울,서울,용산구,숙명여대,인문,경제학부,경제학부,유지,유지,지역균형선발,2.14,2.06,,,,,,,숙명인재(면접형),2.62,2.52,,,,82.125,국수영탐(2),2/-,,,,,,,,,,,,,,,,,,,,,
충청권,대전,동구,우송대,자연,철도시스템학부 철도전기시스템전공,철도시스템학부 철도전기시스템전공,유지,유지,교과중심,4.9,4.2,면접,5.333333,4.813333,우송인재,4.75,4.472222,면접형,,5.45025,서류형,,5.151333,82.1,국수영탐(1) 중 2개,-/-,,,,,,,,,,,,,,,,,,,,,
서울,서울,노원구,서울과기대,자연,미래에너지융합학과,미래에너지융합학과,유지,유지,고교추천,2.04,1.96,,,,,,,창의융합인재,4.46,2.66,,,,82.09375,국수영탐(2),2/1,,,,,,,,,,,,,,,,,,,,,
서울,서울,노원구,서울과기대,자연,신소재공학과,신소재공학과,유지,유지,고교추천,1.92,1.86,,,,,,,학교생활우수자,2.75,2.51,,,,82.09375,국수영탐(2),2/1,,,,,,,,,,,,,,,,,,,,,
경인권,경기,고양시,한국항공대,인문,자유전공학부(사회적성),자유전공학부(사회적성),유지,유지,교과성적우수자,2.5,2.28,학교장추천,1.93,2.29,,,,,,,,,,82.0625,국수영탐(2),4/1,,,,,,,,,,,,,,,,,,,,,
경인권,경기,고양시,한국항공대,자연,자유전공학부(이학적성),자유전공학부(이학적성),유지,유지,교과성적우수자,2.5,2.28,학교장추천,1.93,2.29,,,,,,,,,,82.0625,국수영탐(2),4/1,,,,,,,,,,,,,,,,,,,,,
경인권,경기,안산시,한양대(ERICA),자연,바이오신약융합학부(바이오나노공학전공),바이오신약융합학부(바이오나노공학전공),유지,유지,지역균형선발,2.5,2.48,,,,,,,첨단융합인재,2.81,2.7,,,,82.05882,국수영탐(2),3/2,,,,,,,,,,,,,,,,,,,,,
경인권,경기,안산시,한양대(ERICA),자연,에너지바이오학과,에너지바이오학과,유지,유지,지역균형선발,2.71,2.5,,,,,,,서류형,2.71,2.67,,,,82.05882,국수영탐(2),4/4,,,,,,,,,,,,,,,,,,,,,
경인권,경기,성남시,가천대,인문,사회복지학과,사회복지학과,유지,유지,지역균형,4.47,,학생부우수자,3.17,,,,,가천바람개비,3.71,,,,,82.05,국수영탐(1),2/4,,,,,,,,,,,,,,,,,,,,,
경인권,경기,부천시,가톨릭대,인문,특수교육과,특수교육과,유지,유지,지역균형,2.9,2.83,,,,,,,학교장추천,3.76,3.2,,,,82.05,국수영탐(1),3/2,,,,,,,,,,,,,,,,,,,,,
서울,서울,송파구,한국체대,예체능,특수체육교육과,특수체육교육과,유지,유지,교과성적우수자,2.26,2.09,,,,,,,,,,,,,82.05,"국수영 중 2개, 탐(1)",2/1,,,,,,,,,,,,,,,,,,,,,
충청권,충남,공주시,국립공주대,인문,법학과,법학과,유지,유지,교과Ⅰ,3.88,3.84,,,,,,,일반,3.77,3.5,,,,82.014,국수영탐(1) 중 3개,4/-,,,,,,,,,,,,,,,,,,,,,
충청권,충북,충주시,국립한국교통대,자연,자유전공학부(충주),자유전공학부(충주),유지,유지,일반,4.6,4.34,,,,,,,나비인재Ⅱ,4.66,4.5,,,,82.013,국수영탐(1) 중 3개,2/-,,,,,,,,,,,,,,,,,,,,,
충청권,대전,서구,건양대,자연,작업치료학과,작업치료학과,유지,유지,일반학생[교과],3.82,3.57,,,,,,,학생부종합,4.9,4.64,,,,82.01,국수영탐(1) 중 3개,5/4,,,,,,,,,,,,,,,,,,,,,
경인권,경기,성남시,가천대,인문,의료산업경영학과,의료산업경영학과,유지,유지,지역균형,5.27,,학생부우수자,3.14,,,,,가천바람개비,3.75,,,,,82,국수영탐(1),4/3,,,,,,,,,,,,,,,,,,,,,
충청권,충남,논산시,건양대,자연,임상의약바이오학과,의약바이오학과,유지,변경,일반학생[교과],5.29,4.67,,,,,,,,,,,,,82,국수영탐(1) 중 2개,4/5,,,,,,,,,,,,,,,,,,,,,
경상권,대구,북구,경북대,인문,미디어커뮤니케이션학과,미디어커뮤니케이션학과,유지,유지,교과우수자,2.31,2.23,,,,,,,일반학생,4.31,3.92,,,,82,국수영탐(2),2/4,,,,,,,,,,,,,,,,,,,,,
경상권,대구,북구,경북대,인문,행정학부,행정학부,유지,유지,교과우수자,2.9,2.78,,,,,,,일반학생,3.94,3.53,,,,82,국수영탐(2),2/4,,,,,,,,,,,,,,,,,,,,,
서울,서울,성북구,국민대,인문,러시아•유라시아학과,러시아•유라시아학과,,,교과성적우수자,2.32,2.32,,,,,,,국민프런티어,4.59,3.04,학교생활우수자,4.39,4.08,82,국수영탐(2),2/2,,,,,,,,,,,,,,,,,,,,,
충청권,충남,천안시,상명대,자연,경영공학과,경영공학과,유지,유지,학생부교과,4.49,4.41,,,,,,,상명인재,4.59,4.58,,,,82,"국영 중 1개, 수탐(1)",3/4,,,,,,,,,,,,,,,,,,,,,
충청권,충남,천안시,상명대,자연,정보보안공학과,정보보안공학과,유지,유지,학생부교과,4.36,4.19,,,,,,,상명인재,5.03,4.98,,,,82,"국영 중 1개, 수탐(1)",5/4,,,,,,,,,,,,,,,,,,,,,
서울,서울,광진구,세종대,자연,스마트생명산업융합학과,스마트생명산업융합학과,유지,유지,지역균형,1.82,1.82,,,,,,,세종창의인재(면접형),2.3,2.3,세종창의인재(서류형),2.19,2.19,82,국수영탐(2),2/1,,,,,,,,,,,,,,,,,,,,,
경인권,경기,의정부시,신한대,자연,임상병리학과,임상병리학과,유지,유지,일반,2.7,2.4,학생부우수자,2.2,2.3,,,,신한국인,4.92,4.92,,,,82,"국수 중 1개, 남은+영탐(1)한 중 1개",3/2,,,,,,,,,,,,,,,,,,,,,
경인권,경기,안양시,안양대,인문,인문계열자유전공,인문계열자유전공,,,아리학생부교과,3.3,3.17,아리학생부면접,4.5,4.15,,,,,,,,,,82,국영탐(1),3/-,,,,,,,,,,,,,,,,,,,,,
경인권,인천,연수구,인천대,인문,역사교육과,역사교육과,유지,유지,교과성적우수자,1.55,1.55,,,,,,,자기추천,3.5,2.5,,,,82,국수영탐(2),3/-,,,,,,,,,,,,,,,,,,,,,
충청권,대전,대덕구,한남대,인문,영어교육과,영어교육과,유지,유지,일반,3.66,3.47,,,,,,,한남인재Ⅰ,3.89,3.89,한남인재Ⅱ,3.82,3.82,82,"수영탐(1) 중 2개, 국어",4/4,,,,,,,,,,,,,,,,,,,,,
강원권,강원,춘천시,한림대,자연,자연과학대학(자율전공),자연과학대학,유지,변경,교과우수자,5.07,4.91,,,,,,,학교생활우수자,5.94,5.78,,,,82,"국수영 중 1개, 남은+탐구(2) 중 1개",3/-,,,,,,,,,,,,,,,,,,,,,
경인권,경기,고양시,한국항공대,자연,공과대학,공과대학,유지,유지,교과성적우수자,2.5,2.45,학교장추천,2.41,2.48,,,,미래인재,3.14,3.71,,,,81.96875,국수영탐(2),4/3,,,,,,,,,,,,,,,,,,,,,
경인권,경기,성남시,가천대,자연,식품영양학과,식품영양학과,유지,유지,지역균형,3.84,,학생부우수자,3.02,,,,,가천바람개비,3.7,,,,,81.95,국수영탐(1),3/3,,,,,,,,,,,,,,,,,,,,,
충청권,대전,유성구,충남대,인문,일어일문학과,일어일문학과,유지,유지,일반,2.69,2.6,,,,,,,학생부종합Ⅰ,4.36,4.21,학생부종합Ⅰ[서류],4.62,4.12,81.95,국수탐(2),3/5,,,,,,,,,,,,,,,,,,,,,
경상권,울산,남구,울산대,공통,자율전공학부,자율전공학부,유지,유지,일반교과,2.95,2.76,,,,,,,잠재역량,,3.19,,,,81.94695,국수영탐(1)한,3/2,,,,,,,,,,,,,,,,,,,,,
경인권,경기,고양시,한국항공대,자연,AI자율주행시스템공학과,AI자율주행시스템공학과,유지,유지,교과성적우수자,2.95,2.9,학교장추천,2.5,2.5,,,,미래인재,3.54,3.76,,,,81.90625,국수영탐(2),3/2,,,,,,,,,,,,,,,,,,,,,
경인권,경기,성남시,가천대,인문,AI인문대학,AI인문대학,유지,유지,학생부우수자,3.06,,,,,,,,가천바람개비,4.28,,,,,81.9,국수영탐(1),2/2,,,,,,,,,,,,,,,,,,,,,
경인권,경기,용인시,강남대,인문,중등특수교육과,중등특수교육과,유지,유지,,,,,,,,,,서류면접,4.72,4.58,학생부,4.22,4.02,81.9,"국수 중 1개, 영탐(1)",4/1,,,,,,,,,,,,,,,,,,,,,
충청권,충남,천안시,단국대(천안),자연,물리치료학과,물리치료학과,유지,유지,학생부교과우수자,2.43,2.35,,,,,,,DKU인재-서류형,3.1,3.02,,,,81.9,국수영탐(1),3/2,,,,,,,,,,,,,,,,,,,,,
경인권,경기,화성시,수원대,인문,경영공학대학,경영학부,유지,변경,고교추천,3.85,3.83,교과우수,3.25,3.15,면접위주교과,3.3,3.35,,,,,,,81.9,"수영탐(1) 중 3개, 국어",2/1,,,,,,,,,,,,,,,,,,,,,
경인권,경기,안양시,안양대,자연,컴퓨터공학과,컴퓨터공학과,,,아리학생부교과,2.81,2.43,아리학생부면접,3.26,3.26,,,,아리학생부종합Ⅱ,3.38,3.05,,,,81.9,수영탐(1),2/-,,,,,,,,,,,,,,,,,,,,,
경상권,대구,북구,경북대,인문,경제통상학부,경제통상학부,유지,유지,교과우수자,2.97,2.9,,,,,,,일반학생,4.04,3.67,,,,81.85714,국수영탐(2),2/4,,,,,,,,,,,,,,,,,,,,,
경인권,인천,미추홀구,인하대,인문,교육학과,교육학과,유지,유지,지역균형,2.48,2.06,,,,,,,인하미래인재,2.62,2.58,,,,81.85294,국수영탐(2),3/3,,,,,,,,,,,,,,,,,,,,,
서울,서울,성북구,성신여대,자연,창의융합학부(첨단분야전공),바이오헬스융합학부,신설,신설,지역균형,2.64,2.34,,,,,,,자기주도인재,3.05,2.93,학교생활우수자,2.59,2.56,81.85,국수영탐(2),3/2,,,,,,,,,,,,,,,,,,,,,
경인권,경기,수원시,아주대,인문,영어영문학과,영어영문학과,,,고교추천,2.62,2.44,,,,,,,ACE,3.77,3.41,,,,81.82353,국수영탐(2),3/3,,,,,,,,,,,,,,,,,,,,,
경인권,경기,수원시,아주대,자연,응용화학과,응용화학과,,,고교추천,2.26,2.18,,,,,,,첨단융합인재,2.46,2.4,,,,81.82353,국수영탐(2),2/1,,,,,,,,,,,,,,,,,,,,,
서울,서울,용산구,숙명여대,인문,한국어문학부,한국어문학부,유지,유지,지역균형선발,2.27,2.12,,,,,,,숙명인재(면접형),2.64,2.62,,,,81.8125,국수영탐(2),2/-,,,,,,,,,,,,,,,,,,,,,
충청권,충남,천안시,상명대,자연,스마트정보통신공학과,스마트정보통신공학과,유지,유지,학생부교과,4.58,4.55,,,,,,,상명인재,5.02,4.97,,,,81.8,"국영 중 1개, 수탐(1)",4/2,,,,,,,,,,,,,,,,,,,,,
경인권,경기,의정부시,신한대,자연,바이오식품외식산업학과,바이오식품외식산업학과,유지,유지,일반,3.5,2.7,학생부우수자,2.5,1.8,,,,,,,,,,81.8,국수영탐(1)한 중 3개,2/2,,,,,,,,,,,,,,,,,,,,,
전라권,광주,북구,전남대,공통,자율전공학부(1년),자율전공학부(1년),유지,유지,일반,3.37,3.29,,,,,,,,,,,,,81.8,국수탐(2),2/3,,,,,,,,,,,,,,,,,,,,,
경인권,경기,용인시,명지대,자연,자율전공학부(자연),자율전공학부(자연),유지,유지,학교장추천,2.46,2.4,,,,,,,명지인재서류,3.38,3.24,크리스천리더,3.41,3.37,81.75,국수영탐(1),4/5,,,,,,,,,,,,,,,,,,,,,
충청권,대전,유성구,충남대,인문,경영학부,경영학부,유지,유지,일반,2.5,2.47,,,,,,,학생부종합Ⅰ,3.36,3.17,학생부종합Ⅰ[서류],3.01,2.81,81.75,국수탐(2),3/1,,,,,,,,,,,,,,,,,,,,,
서울,서울,노원구,서울과기대,자연,정밀화학과,정밀화학과,유지,유지,고교추천,2.05,1.96,,,,,,,학교생활우수자,2.55,2.42,,,,81.71875,국수영탐(2),2/1,,,,,,,,,,,,,,,,,,,,,
경상권,대구,북구,경북대,인문,정치외교학과,정치외교학과,유지,유지,교과우수자,2.37,2.33,,,,,,,일반학생,3.49,3.31,,,,81.71429,국수영탐(2),2/4,,,,,,,,,,,,,,,,,,,,,
경상권,대구,북구,경북대,자연,전기공학과,전기공학과,유지,유지,교과우수자,3.08,2.92,,,,,,,일반학생,4.26,3.38,,,,81.71429,국수영탐(2),4/2,,,,,,,,,,,,,,,,,,,,,
충청권,대전,유성구,국립한밭대,자연,컴퓨터공학과,컴퓨터공학과,유지,유지,일반,3.19,3.21,,,,,,,일반,4,3.99,,,,81.7,"국영탐(1) 중 2개, 수학",4/-,,,,,,,,,,,,,,,,,,,,,
충청권,충남,공주시,국립공주대,인문,사학과,사학과,유지,유지,교과Ⅰ,3.78,3.72,,,,,,,일반,3.92,3.9,,,,81.684,국수영탐(1) 중 3개,2/-,,,,,,,,,,,,,,,,,,,,,
충청권,대전,서구,건양대,자연,응급구조학과,응급구조학과,유지,유지,일반학생[교과],3.67,3.5,,,,,,,학생부종합,3.87,3.51,,,,81.681,국수영탐(1) 중 3개,3/4,,,,,,,,,,,,,,,,,,,,,
서울,서울,광진구,세종대,인문,경영학부,경영학부,유지,유지,지역균형,1.77,1.76,,,,,,,세종창의인재(서류형),2.33,2.31,,,,81.625,국수영탐(2),3/1,,,,,,,,,,,,,,,,,,,,,
서울,서울,광진구,세종대,인문,경영학부,경영학부,유지,유지,,,,,,,,,,세종창의인재(면접형),2.44,2.4,,,,81.625,국수영탐(2),3/1,,,,,,,,,,,,,,,,,,,,,
경인권,인천,미추홀구,인하대,인문,문화콘텐츠문화경영학과,문화콘텐츠문화경영학과,유지,유지,지역균형,2.51,2.4,,,,,,,인하미래인재,2.87,2.78,,,,81.61765,국수영탐(2),3/4,,,,,,,,,,,,,,,,,,,,,
경인권,경기,수원시,경기대,인문,공공안전학부,공공안전학부,유지,유지,교과성적우수자,2.64,2.28,학교장추천,2.23,2.2,,,,KGU학생부종합,2.86,2.68,,,,81.6,국수영탐(1),2/2,,,,,,,,,,,,,,,,,,,,,
서울,서울,성북구,동덕여대,인문,문헌정보학전공,문헌정보학전공,유지,유지,학생부교과우수자,3.01,2.59,,,,,,,동덕창의리더,,,,,,81.6,국수영탐(1),2/3,,,,,,,,,,,,,,,,,,,,,
경인권,경기,용인시,명지대,자연,건설환경공학전공,건설환경공학전공,유지,유지,교과면접,2.63,2.42,학교장추천,2.67,2.47,,,,명지인재면접,3.93,3.85,명지인재서류,3.64,3.57,81.6,국수영탐(1),3/4,,,,,,,,,,,,,,,,,,,,,
경인권,경기,용인시,명지대,자연,기계시스템공학부,기계시스템공학부,유지,유지,교과면접,2.93,2.87,학교장추천,2.37,2.29,,,,명지인재면접,3.7,3.61,명지인재서류,3.33,3.28,81.6,국수영탐(1),3/4,,,,,,,,,,,,,,,,,,,,,
경인권,경기,용인시,명지대,자연,스마트모빌리티공학전공,스마트모빌리티공학전공,유지,유지,교과면접,2.94,2.81,학교장추천,2.57,2.57,,,,명지인재면접,3.88,3.6,명지인재서류,3.62,3.62,81.6,국수영탐(1),3/4,,,,,,,,,,,,,,,,,,,,,
경인권,경기,용인시,명지대,자연,스마트시스템공과대학,스마트시스템공과대학,유지,유지,,,,,,,,,,크리스천리더,3.45,3.33,,,,81.6,국수영탐(1),3/4,,,,,,,,,,,,,,,,,,,,,
경인권,경기,용인시,명지대,자연,신소재공학전공,신소재공학전공,유지,유지,교과면접,2.63,2.46,학교장추천,2.28,2.22,,,,명지인재면접,3.49,3.41,명지인재서류,3.47,3.39,81.6,국수영탐(1),3/4,,,,,,,,,,,,,,,,,,,,,
경인권,경기,용인시,명지대,자연,화학공학전공,화학공학전공,유지,유지,교과면접,2.37,2.31,학교장추천,2,2,,,,명지인재면접,3.46,3.44,명지인재서류,2.94,2.92,81.6,국수영탐(1),3/4,,,,,,,,,,,,,,,,,,,,,
경인권,경기,용인시,명지대,자연,환경시스템공학전공,환경시스템공학전공,유지,유지,교과면접,2.77,2.66,학교장추천,2.45,2.39,,,,명지인재면접,3.62,3.6,명지인재서류,3.47,3.3,81.6,국수영탐(1),3/4,,,,,,,,,,,,,,,,,,,,,
충청권,충남,천안시,상명대,자연,AI모빌리티공학과,AI모빌리티공학과,유지,유지,학생부교과,4.94,4.67,,,,,,,상명인재,5.06,4.81,,,,81.6,"국영 중 1개, 수탐(1)",3/3,,,,,,,,,,,,,,,,,,,,,
충청권,충남,천안시,상명대,자연,휴먼지능로봇공학과,휴먼지능로봇공학과,유지,유지,학생부교과,4.69,4.64,,,,,,,상명인재,4.8,4.48,,,,81.6,"국영 중 1개, 수탐(1)",3/3,,,,,,,,,,,,,,,,,,,,,
서울,서울,성북구,서경대,공통,미래융합학부2,미래융합학부2,변경,유지,교과우수자①,3.59,3.41,교과우수자②,3.03,2.86,,,,,,,,,,81.6,"국수탐(2) 중 2개, 영어",2/-,,,,,,,,,,,,,,,,,,,,,
충청권,대전,동구,우송대,자연,"외식조리학부 외식,조리경영전공","외식조리학부 외식,조리경영전공",유지,유지,교과중심,4.3,3.7,면접,4,3.011905,우송인재,4.166667,3.833333,면접형,,4.309,서류형,,4.134833,81.6,국수영탐(1) 중 2개,-/-,,,,,,,,,,,,,,,,,,,,,
경인권,경기,오산시,한신대,인문,글로벌융합계열,경제통상•국제•공공인재융합계열,유지,변경,학교장추천,3.72,3.61,학생부우수자,3.76,3.62,,,,,,,,,,81.6,국수영탐(1) 중 3개,3/6,,,,,,,,,,,,,,,,,,,,,
서울,서울,성북구,성신여대,자연,창의융합학부(자유전공),융합보안공학과,신설,신설,지역균형,2.29,2.29,,,,,,,자기주도인재,3.39,3.37,학교생활우수자,3.28,3.24,81.55,국수영탐(2),2/3,,,,,,,,,,,,,,,,,,,,,
강원권,강원,춘천시,한림대,인문,사회복지학부,사회복지학부,유지,유지,교과우수자,5.64,5.6,,,,,,,학교생활우수자,5.15,4.99,,,,81.55,"국수영 중 1개, 남은+탐구(2) 중 1개",3/-,,,,,,,,,,,,,,,,,,,,,
충청권,충남,논산시,건양대,인문,심리상담치료학과,심리상담치료학과,유지,유지,일반학생[교과],4.41,4.26,,,,,,,학생부종합,5.46,5,,,,81.5,국수영탐(1) 중 2개,7/5,,,,,,,,,,,,,,,,,,,,,
서울,서울,성북구,국민대,예체능,AI디자인학과,AI디자인학과,,,,,,,,,,,,국민프런티어,3.04,2.64,,,,81.5,"수탐(2) 중 1개, 국영",2/3,,,,,,,,,,,,,,,,,,,,,
경인권,경기,고양시,한국항공대,자연,자유전공학부(공학적성),자유전공학부(공학적성),유지,유지,교과성적우수자,2.47,2.21,학교장추천,2.73,2.23,,,,,,,,,,81.5,국수영탐(2),1/4,,,,,,,,,,,,,,,,,,,,,
경인권,경기,화성시,수원대,자연,바이오공학과,바이오화학산업학부,유지,변경,고교추천,3.8,3.8,교과우수,3.45,3.05,면접위주교과,3.75,3.65,,,,,,,81.45,국수영탐(1),3/3,,,,,,,,,,,,,,,,,,,,,
서울,서울,성북구,동덕여대,인문,사회복지학전공,사회복지학전공,유지,유지,학생부교과우수자,3.98,2.82,,,,,,,동덕창의리더,,,,,,81.4,국수영탐(1),2/3,,,,,,,,,,,,,,,,,,,,,
충청권,충남,천안시,상명대,자연,식품공학과,식품공학과,유지,유지,학생부교과,2.9,2.87,,,,,,,상명인재,3.61,3.4,,,,81.4,"국영 중 1개, 수탐(1)",3/4,,,,,,,,,,,,,,,,,,,,,
경인권,인천,연수구,인천대,인문,스마트물류공학전공,스마트물류공학전공,유지,유지,,,,,,,,,,자기추천,3.3,2.8,,,,81.4,국수영탐(2),3/-,,,,,,,,,,,,,,,,,,,,,
전라권,전북,전주시,전주대,자연,간호학과,간호학과,유지,유지,일반학생(교과),3.54,3.32,,,,,,,일반학생(종합),4.2,3.98,,,,81.4,"국수영 중 2개, 탐구(1)",3/3,,,,,,,,,,,,,,,,,,,,,
경인권,경기,오산시,한신대,자연,첨단융합계열,첨단융합계열,유지,변경,학교장추천,4.94,4.78,학생부우수자,4.24,4.09,,,,,,,,,,81.4,국수영탐(1) 중 3개,3/4,,,,,,,,,,,,,,,,,,,,,
서울,서울,성북구,국민대,인문,영어영문학부,영어영문학부,,,교과성적우수자,2,2.05,,,,,,,국민프런티어,4.59,2.9,학교생활우수자,2.68,2.56,81.375,국수영탐(2),1/1,,,,,,,,,,,,,,,,,,,,,
서울,서울,종로구,상명대,자연,생명화학공학부 식품영양학전공,외식의류학부 식품영양학전공,유지,변경,고교추천,2.9,2.63,,,,,,,상명인재,3.27,3.27,,,,81.35,국수영탐(1),3/3,,,,,,,,,,,,,,,,,,,,,
경인권,경기,화성시,수원대,자연,컴퓨터공학부,컴퓨터학부,유지,변경,고교추천,3.85,3.85,교과우수,3.45,3.2,면접위주교과,3.6,3.3,,,,,,,81.35,국수영탐(1),4/4,,,,,,,,,,,,,,,,,,,,,
경인권,경기,고양시,한국항공대,자연,스마트드론공학과,스마트드론공학과,유지,유지,교과성적우수자,2.85,2.84,학교장추천,3.04,2.95,,,,미래인재,3.83,3.04,,,,81.34375,국수영탐(2),3/3,,,,,,,,,,,,,,,,,,,,,
경인권,경기,용인시,용인대,인문,인문사회계열전공학부,인문사회계열전공학부,,,자율전공 특별,2.5,2.3,,,,,,,,,,,,,81.329,국영탐(1),4/-,,,,,,,,,,,,,,,,,,,,,
서울,서울,용산구,숙명여대,인문,법학부,법학부,유지,유지,지역균형선발,2.03,2.03,,,,,,,숙명인재(면접형),3.03,2.78,,,,81.3125,국수영탐(2),1/-,,,,,,,,,,,,,,,,,,,,,
경인권,경기,의정부시,신한대,자연,안경광학과,안경광학과,유지,유지,일반,3.9,2.7,학생부우수자,3.1,3.1,,,,,,,,,,81.3,국수영탐(1)한 중 3개,3/1,,,,,,,,,,,,,,,,,,,,,
충청권,대전,유성구,충남대,인문,문헌정보학과,문헌정보학과,유지,유지,일반,2.58,2.53,,,,,,,학생부종합Ⅰ,3,2.97,학생부종합Ⅰ[서류],3.34,3.25,81.3,국수탐(2),3/2,,,,,,,,,,,,,,,,,,,,,
경인권,경기,수원시,경기대,자연,기계시스템공학과,기계시스템공학과,유지,유지,교과성적우수자,3.17,3.1,학교장추천,3.13,3,,,,KGU학생부종합,3.71,3.58,,,,81.25,국수영탐(1),1/1,,,,,,,,,,,,,,,,,,,,,
경인권,경기,용인시,명지대,자연,반도체·ICT대학,반도체·ICT대학,유지,유지,,,,,,,,,,크리스천리더,3.87,3.87,,,,81.25,국수영탐(1),4/3,,,,,,,,,,,,,,,,,,,,,
경인권,경기,용인시,명지대,자연,반도체공학부,반도체공학부,유지,유지,교과면접,2.97,2.95,학교장추천,2.28,2.12,,,,명지인재면접,3.48,3.48,명지인재서류,3.51,2.91,81.25,국수영탐(1),4/3,,,,,,,,,,,,,,,,,,,,,
경인권,경기,용인시,명지대,자연,산업경영공학과,산업경영공학과,유지,유지,교과면접,2.9,2.77,학교장추천,2.48,2.38,,,,명지인재면접,3.5,3.44,명지인재서류,3.28,3.27,81.25,국수영탐(1),4/3,,,,,,,,,,,,,,,,,,,,,
경인권,경기,용인시,명지대,자연,전기전자공학부,전기전자공학부,유지,유지,교과면접,3,2.86,학교장추천,2.39,2.36,,,,명지인재면접,3.6,3.46,명지인재서류,3.38,3.27,81.25,국수영탐(1),4/3,,,,,,,,,,,,,,,,,,,,,
경인권,경기,용인시,명지대,자연,정보통신공학전공,정보통신공학전공,유지,유지,교과면접,2.96,2.76,학교장추천,2.58,2.5,,,,명지인재면접,3.8,3.73,명지인재서류,3.44,3.36,81.25,국수영탐(1),4/3,,,,,,,,,,,,,,,,,,,,,
경인권,경기,용인시,명지대,자연,컴퓨터공학전공,컴퓨터공학전공,유지,유지,교과면접,2.94,2.69,학교장추천,2.36,2.33,,,,명지인재면접,3.58,3.5,명지인재서류,3.27,3.17,81.25,국수영탐(1),4/3,,,,,,,,,,,,,,,,,,,,,
강원권,강원,춘천시,한림대,자연,간호학과,간호학과,유지,유지,교과우수자,2.53,2.51,,,,,,,학교생활우수자,3.03,2.93,,,,81.25,"국탐(2) 중 1개, 수영",3/-,,,,,,,,,,,,,,,,,,,,,
충청권,세종,세종,홍익대(세종),인문,광고홍보학부,광고홍보학부,유지,유지,교과우수자,3.46,3.35,,,,,,,학교생활우수자,4.03,3.93,,,,81.25,"국수 중 1개, 영탐(2)",2/2,,,,,,,,,,,,,,,,,,,,,
서울,서울,노원구,서울과기대,자연,건축학부건축학전공,건축학부건축학전공,유지,유지,고교추천,2.12,2.07,,,,,,,학교생활우수자,2.84,2.65,,,,81.21875,국수영탐(2),2/1,,,,,,,,,,,,,,,,,,,,,
서울,서울,노원구,서울과기대,자연,경영학과(글로벌테크노경영전공)_자연,경영학과(글로벌테크노경영전공)_자연,유지,유지,고교추천,2.24,1.96,,,,,,,학교생활우수자,2.85,2.54,,,,81.21875,국수영탐(2),2/1,,,,,,,,,,,,,,,,,,,,,
서울,서울,노원구,서울과기대,자연,기계공학과,기계•자동차공학과,유지,변경,고교추천,2.14,2.1,,,,,,,학교생활우수자,3.11,2.95,,,,81.21875,국수영탐(2),2/1,,,,,,,,,,,,,,,,,,,,,
서울,서울,노원구,서울과기대,자연,기계시스템공학부(미래자동차전공),기계•자동차공학과,유지,변경,고교추천,2.14,2.1,,,,,,,학교생활우수자,3.11,2.95,,,,81.21875,국수영탐(2),2/1,,,,,,,,,,,,,,,,,,,,,
서울,서울,노원구,서울과기대,자연,기계시스템공학부(지능형로봇전공),기계시스템디자인공학과,유지,변경,고교추천,2.17,2.1,,,,,,,학교생활우수자,3.28,2.97,,,,81.21875,국수영탐(2),2/1,,,,,,,,,,,,,,,,,,,,,
경인권,경기,성남시,가천대,인문,유아교육학과,유아교육학과,유지,유지,지역균형,4.83,,학생부우수자,3.21,,,,,가천바람개비,3.93,,,,,81.2,국수영탐(1),2/2,,,,,,,,,,,,,,,,,,,,,
서울,서울,서대문구,경기대,인문,관광문화콘텐츠학과,관광문화콘텐츠학과,유지,유지,교과성적우수자,2.26,1.94,학교장추천,3.74,3.74,,,,KGU학생부종합,3.72,3.54,,,,81.2,국수영탐(1),2/2,,,,,,,,,,,,,,,,,,,,,
충청권,대전,유성구,국립한밭대,자연,건축학과(5년제),건축학과(5년제),유지,유지,일반,3.08,2.87,,,,,,,일반,4.03,3.98,,,,81.2,"국영탐(1) 중 2개, 수학",4/-,,,,,,,,,,,,,,,,,,,,,
충청권,충남,천안시,상명대,자연,그린화학공학과,그린화학공학과,유지,유지,학생부교과,4.11,4.06,,,,,,,상명인재,4.42,4.28,,,,81.2,"국영 중 1개, 수탐(1)",4/7,,,,,,,,,,,,,,,,,,,,,
충청권,충남,아산시,순천향대,자연,간호학과,간호학과,유지,유지,교과우수자,2.141,2.031,,,,,,,일반학생,2.67,2.56,,,,81.2,국수영탐(2),4/5,,,,,,,,,,,,,,,,,,,,,
서울,서울,성북구,한성대,자연,AI응용학과,AI응용학과,유지,유지,교과우수,2.58,2.55,,,,,,,한성인재,3.22,3.14,,,,81.2,국수영탐(1),3/1,,,,,,,,,,,,,,,,,,,,,
경인권,경기,고양시,한국항공대,자연,AI융합대학,AI융합대학,유지,유지,교과성적우수자,2.75,2.65,학교장추천,2.52,2.41,,,,미래인재,2.96,3.86,,,,81.1875,국수영탐(2),2/2,,,,,,,,,,,,,,,,,,,,,
충청권,충북,청주시,청주대,자연,항공운항학과,항공운항학과,유지,유지,일반,2.75,2.63,창의면접,3.63,3.25,,,,,,,,,,81.175,수영탐(2),4/4,,,,,,,,,,,,,,,,,,,,,
경상권,대구,북구,경북대,인문,국어교육과,국어교육과,유지,유지,교과우수자,2.79,2.75,,,,,,,일반학생,3.76,3.29,,,,81.14286,국수영탐(2),2/1,,,,,,,,,,,,,,,,,,,,,
서울,서울,용산구,숙명여대,인문,경영학부,경영학부,유지,유지,지역균형선발,2.1,2.06,,,,,,,숙명인재(면접형),2.87,2.48,,,,81.125,국수영탐(2),1/-,,,,,,,,,,,,,,,,,,,,,
경인권,경기,안산시,한양대(ERICA),자연,바이오신약융합학부(분자의약전공),바이오신약융합학부(분자의약전공),유지,유지,지역균형선발,2.85,2.64,,,,,,,첨단융합인재,2.76,2.36,,,,81.11765,국수영탐(2),3/2,,,,,,,,,,,,,,,,,,,,,
경인권,경기,수원시,경기대,자연,창의공학부,창의공과대학(통합),유지,변경,교과성적우수자,3.18,3.14,,,,,,,,,,,,,81.1,국수영탐(1),3/2,,,,,,,,,,,,,,,,,,,,,
서울,서울,성북구,동덕여대,인문,중어중국학전공,중어중국학전공,유지,유지,학생부교과우수자,3.13,3.08,,,,,,,동덕창의리더,,,,,,81.1,국수영탐(1),2/5,,,,,,,,,,,,,,,,,,,,,
경인권,경기,의정부시,신한대,인문,경영대학(자율전공),경영대학(자율전공),유지,유지,일반,2.8,3.7,학생부우수자,2.6,2.4,,,,신한국인,4.58,4.32,,,,81.1,국수영탐(1)한 중 3개,3/1,,,,,,,,,,,,,,,,,,,,,
서울,서울,광진구,세종대,자연,AI융합전자공학과,AI융합전자공학과,유지,유지,지역균형,2.63,2.15,지역균형,2.63,2.15,,,,세종창의인재(면접형),2.83,2.51,세종창의인재(서류형),2.61,2.44,81.0625,국수영탐(2),2/3,,,,,,,,,,,,,,,,,,,,,
서울,서울,용산구,숙명여대,인문,사회심리학과,사회심리학과,유지,유지,지역균형선발,2.03,2.03,,,,,,,숙명인재(면접형),2.16,2.15,,,,81.0625,국수영탐(2),2/-,,,,,,,,,,,,,,,,,,,,,
서울,서울,동작구,숭실대,인문,일어일문학과,일어일문학과,유지,유지,학생부우수자,2.38,2.38,,,,,,,SSU미래인재,4.9,3.01,,,,81.0625,국수영탐(2),2/1,,,,,,,,,,,,,,,,,,,,,
경인권,인천,미추홀구,인하대,인문,국제통상학과,국제통상학과,유지,유지,지역균형,2.49,2.4,,,,,,,인하미래인재,3.34,3.14,,,,81.05882,국수영탐(2),2/3,,,,,,,,,,,,,,,,,,,,,
경인권,인천,미추홀구,인하대,인문,철학과,철학과,유지,유지,지역균형,2.61,2.59,,,,,,,인하미래인재,3,2.99,,,,81.02941,국수영탐(2),3/2,,,,,,,,,,,,,,,,,,,,,
충청권,충남,공주시,국립공주대,인문,사회복지학과,사회복지학과,유지,유지,교과Ⅰ,3.93,3.88,,,,,,,일반,4.43,4.24,,,,81.014,국수영탐(1) 중 3개,2/-,,,,,,,,,,,,,,,,,,,,,
충청권,충북,증평군,국립한국교통대,자연,응급구조학과,응급구조학과,유지,유지,일반,3.92,3.73,,,,,,,나비인재Ⅱ,4.38,4.2,,,,81.004,국수영탐(1) 중 3개,5/-,,,,,,,,,,,,,,,,,,,,,
충청권,대전,유성구,국립한밭대,인문,중국어과,중국어과,유지,유지,일반,4.19,4.13,,,,,,,일반,5.27,5.16,,,,81.004,국수영탐(1) 중 3개,4/-,,,,,,,,,,,,,,,,,,,,,
경인권,경기,수원시,경기대,자연,스마트시티공학부,스마트시티공학부,유지,유지,교과성적우수자,3.12,3.07,학교장추천,3.07,3.05,,,,KGU학생부종합,3.84,3.71,,,,81,국수영탐(1),3/5,,,,,,,,,,,,,,,,,,,,,
경상권,대구,북구,경북대,자연,화학과,화학과,유지,유지,교과우수자,2.22,2.19,,,,,,,일반학생,3.92,3.6,,,,81,국수영탐(2),3/3,,,,,,,,,,,,,,,,,,,,,
충청권,대전,유성구,국립한밭대,자연,정보기술학부,정보기술학부,유지,유지,일반,4.58,4.27,,,,,,,,,,,,,81,"국영탐(1) 중 2개, 수학",2/-,,,,,,,,,,,,,,,,,,,,,
충청권,충남,천안시,남서울대,자연,응급구조학과,응급구조학과,유지,유지,교과+면접,3.33,3.47,일반,3.1,2.8,,,,학생부종합 면접형,5.6,5.15,,,,81,국수영탐(1) 중 2개,-/-,,,,,,,,,,,,,,,,,,,,,
서울,서울,성북구,동덕여대,인문,글로벌MICE전공,글로벌MICE전공,유지,유지,학생부교과우수자,3,2.96,,,,,,,동덕창의리더,,,,,,81,국수영탐(1),2/1,,,,,,,,,,,,,,,,,,,,,
충청권,충남,천안시,백석대,인문,경찰학부,경찰학부,유지,유지,백석인재,4.54,4.26,일반,3.69,3.42,,,,창의인재,4.45,4.36,,,,81,"국수영 중 2개, 탐구(1)",4/-,,,,,,,,,,,,,,,,,,,,,
충청권,충남,천안시,상명대,자연,그린스마트시티학과,그린스마트시티학과,유지,유지,학생부교과,3.89,3.83,,,,,,,상명인재,4.4,4.39,,,,81,"국영 중 1개, 수탐(1)",4/4,,,,,,,,,,,,,,,,,,,,,
서울,서울,용산구,숙명여대,인문,문헌정보학과,문헌정보학과,유지,유지,지역균형선발,1.87,1.81,,,,,,,숙명인재(면접형),2.3,2.29,,,,81,국수영탐(2),2/-,,,,,,,,,,,,,,,,,,,,,
경인권,경기,동두천시,신한대,자연,간호학과,간호학과,유지,유지,일반,2.4,1.8,학생부우수자,1.6,1.5,,,,신한국인,5.23,5.1,,,,81,"국수 중 1개, 남은+영탐(1)한 중 1개",3/3,,,,,,,,,,,,,,,,,,,,,
경인권,경기,의정부시,신한대,자연,에너지공학과,에너지공학과,유지,유지,일반,3.6,4,학생부우수자,3.4,3.3,,,,,,,,,,81,국수영탐(1)한 중 3개,5/2,,,,,,,,,,,,,,,,,,,,,
서울,서울,동작구,총신대,인문,역사교육과,역사교육과,유지,유지,교과우수자,4.7,2.8,,,,,,,코람데오인재,4.5,4.2,,,,81,"국수 중 1개, 영탐(2)",2/1,,,,,,,,,,,,,,,,,,,,,
충청권,충남,서산시,한서대,자연,자유전공학과,,유지,유지,,,,,,,,,,,,,,,,81,"국수영 중 2개, 탐구(1)",-/-,,,,,,,,,,,,,,,,,,,,,
서울,서울,성북구,한성대,예체능,글로벌패션산업학부,글로벌패션산업학부,유지,유지,교과우수,2.4,2.31,지역균형,2.54,2.54,,,,한성인재,3.13,3.02,,,,81,국수영탐(1),3/1,,,,,,,,,,,,,,,,,,,,,
서울,서울,성북구,한성대,자연,융합보안학과,융합보안학과,유지,유지,교과우수,2.67,2.63,,,,,,,한성인재,3.47,3.15,,,,81,국수영탐(1),3/1,,,,,,,,,,,,,,,,,,,,,
경인권,경기,안산시,한양대(ERICA),자연,차세대반도체융합공학부(반도체디스플레이공학전공),차세대반도체융합공학부(반도체디스플레이공학전공),유지,유지,지역균형선발,2.41,2.4,,,,,,,첨단융합인재,3.32,3.09,,,,81,국수영탐(2),3/1,,,,,,,,,,,,,,,,,,,,,
강원권,강원,춘천시,강원대,자연,간호학과,간호학과,명칭변경,유지,일반,2.66,2.62,,,,,,,미래인재Ⅰ,2.85,2.77,미래인재Ⅱ,2.78,2.71,80.95,국수영탐(2),4/1,,,,,,,,,,,,,,,,,,,,,
경인권,경기,화성시,수원대,자연,화학공학신소재공학부,화학공학·신소재공학부,유지,유지,고교추천,3.95,3.8,교과우수,3.2,3.25,면접위주교과,3.85,3.5,,,,,,,80.95,국수영탐(1),4/1,,,,,,,,,,,,,,,,,,,,,
충청권,대전,유성구,충남대,자연,기계공학부,기계공학부,유지,유지,일반,2.68,2.6,,,,,,,학생부종합Ⅰ,3.48,3.18,학생부종합Ⅰ[서류],3.29,3.12,80.95,국수탐(2),2/2,,,,,,,,,,,,,,,,,,,,,
경인권,인천,미추홀구,인하대,자연,공간정보공학과,공간정보공학과,유지,유지,지역균형,2.52,2.49,,,,,,,인하미래인재,3.73,3.44,,,,80.94444,국수영탐(2),3/3,,,,,,,,,,,,,,,,,,,,,
충청권,충북,청주시,충북대,자연,화학공학과,화학공학과,유지,유지,학생부교과,,,,,,,,,학생부종합Ⅰ,3.09,2.93,학생부종합Ⅱ,2.71,2.59,80.9375,국수영탐(2),4/-,,,,,,,,,,,,,,,,,,,,,
경인권,경기,용인시,강남대,인문,상경학부,상경학부,유지,유지,지역균형,3.87,3.78,,,,,,,서류면접,4.37,4.31,학생부,4.45,4.37,80.9,"국수 중 1개, 영탐(1)",4/4,,,,,,,,,,,,,,,,,,,,,
경인권,경기,수원시,경기대,자연,AI컴퓨터공학부,AI컴퓨터공학부,유지,유지,교과성적우수자,2.98,2.96,학교장추천,2.95,2.87,,,,KGU학생부종합,3.5,3.39,SW우수자,4.12,3.97,80.9,국수영탐(1),3/4,,,,,,,,,,,,,,,,,,,,,
경인권,경기,안양시,안양대,인문,행정학과,행정학과,,,아리학생부교과,2.62,2.59,아리학생부면접,3.38,3.17,,,,아리학생부종합Ⅰ,3.93,3.68,,,,80.9,국영탐(1),4/-,,,,,,,,,,,,,,,,,,,,,
충청권,대전,유성구,충남대,자연,응용화학공학과,응용화학공학과,유지,유지,일반,2.33,2.22,,,,,,,학생부종합Ⅰ,2.7,2.68,학생부종합Ⅰ[서류],2.67,2.52,80.9,국수탐(2),2/4,,,,,,,,,,,,,,,,,,,,,
경인권,경기,오산시,한신대,인문,문화콘텐츠계열,신학•인문융합계열,유지,유지,학교장추천,3.76,3.67,학생부우수자,3.55,3.44,,,,,,,,,,80.9,국수영탐(1) 중 3개,4/5,,,,,,,,,,,,,,,,,,,,,
경인권,경기,오산시,한신대,인문,신학•인문융합계열,신학•인문융합계열,유지,유지,학교장추천,3.76,3.67,학생부우수자,3.55,3.44,,,,,,,,,,80.9,국수영탐(1) 중 3개,4/5,,,,,,,,,,,,,,,,,,,,,
경인권,경기,수원시,아주대,자연,교통시스템공학과,교통시스템공학과,,,고교추천,2.34,2.28,,,,,,,ACE,3.89,3.67,,,,80.88235,국수영탐(2),1/2,,,,,,,,,,,,,,,,,,,,,
경상권,대구,남구,대구교대,인문,초등교육과,초등교육과,유지,유지,,,,,,,,,,참스승,3.3,2.98,,,,80.875,국수영탐(2),4/-,,,,,,,,,,,,,,,,,,,,,
서울,서울,노원구,삼육대,자연,화학생명과학과,화학생명과학과,유지,유지,학교장추천,3.46,3.25,,,,,,,세움인재,3.82,3.57,재림교회목회자추천,,,80.85,국수영탐(2),2/2,,,,,,,,,,,,,,,,,,,,,
충청권,대전,유성구,충남대,인문,철학과,철학과,유지,유지,일반,3.14,2.98,,,,,,,학생부종합Ⅰ,3.61,3.55,학생부종합Ⅰ[서류],3.72,3.69,80.85,국수탐(2),4/1,,,,,,,,,,,,,,,,,,,,,
경인권,경기,안산시,한양대(ERICA),공통,LIONS자율전공학부(전계열),LIONS자율전공학부(전계열),유지,유지,지역균형선발,2.81,2.68,,,,,,,면접형,4.29,3.17,,,,80.80556,국수영탐(2),5/2,,,,,,,,,,,,,,,,,,,,,
서울,서울,서대문구,경기대,인문,관광개발경영학과,관광개발경영학과,유지,유지,교과성적우수자,2.35,1.55,학교장추천,3.33,3.03,,,,KGU학생부종합,3.8,3.7,,,,80.8,국수영탐(1),3/3,,,,,,,,,,,,,,,,,,,,,
서울,서울,성북구,동덕여대,예체능,큐레이터학전공,큐레이터학전공,유지,유지,학생부교과우수자,2.63,2.23,,,,,,,동덕창의리더,,,,,,80.8,국수영탐(1),1/5,,,,,,,,,,,,,,,,,,,,,
경인권,경기,의정부시,신한대,자연,첨단소재공학과,첨단소재공학과,유지,유지,일반,4.1,3.9,학생부우수자,3.4,3.2,,,,,,,,,,80.8,국수영탐(1)한 중 3개,3/2,,,,,,,,,,,,,,,,,,,,,
전라권,전북,전주시,전북대,자연,수학교육과,수학교육과,유지,유지,일반학생,4.12,3.6,,,,,,,큰사람,,,,,,80.8,국수탐(2),2/1,,,,,,,,,,,,,,,,,,,,,
경인권,경기,화성시,수원대,자연,식품영양학과,식품영양학과,유지,유지,고교추천,2.08,2.08,교과우수,3.05,3.1,면접위주교과,3.31,2.81,,,,,,,80.75,국수영탐(1),3/3,,,,,,,,,,,,,,,,,,,,,
경인권,인천,연수구,인천대,예체능,디자인학부,디자인학부,유지,유지,교과성적우수자,2.74,2.74,,,,,,,,,,,,,80.75,국수영탐(2),3/-,,,,,,,,,,,,,,,,,,,,,
경인권,인천,미추홀구,인하대,인문,소비자학과,소비자학과,유지,유지,지역균형,2.79,2.71,,,,,,,인하미래인재,3.07,2.98,,,,80.73529,국수영탐(2),2/3,,,,,,,,,,,,,,,,,,,,,
경상권,대구,북구,경북대,자연,금속재료공학과,금속재료공학과,유지,유지,교과우수자,2.86,2.84,,,,,,,일반학생,4.31,3.84,,,,80.71429,국수영탐(2),3/3,,,,,,,,,,,,,,,,,,,,,
경상권,대구,북구,경북대,자연,생물학과,생물학과,유지,유지,교과우수자,2.75,2.46,,,,,,,일반학생,3.69,3.58,,,,80.71429,국수영탐(2),3/3,,,,,,,,,,,,,,,,,,,,,
강원권,강원,춘천시,강원대,인문,미디어커뮤니케이션학과,미디어커뮤니케이션학과,명칭변경,유지,일반,3.06,3.03,,,,,,,미래인재Ⅰ,3.21,3.16,미래인재Ⅱ,3.26,3.15,80.7,국수영탐(2),4/2,,,,,,,,,,,,,,,,,,,,,
경인권,경기,용인시,명지대,자연,시스템생명과학전공,시스템생명과학전공,유지,유지,교과면접,2.51,2.37,학교장추천,2.32,2.31,,,,명지인재면접,3.18,3.13,명지인재서류,3.23,3.04,80.7,국수영탐(1),3/2,,,,,,,,,,,,,,,,,,,,,
경인권,경기,용인시,명지대,자연,식품영양학전공,식품영양학전공,유지,유지,교과면접,2.63,2.61,학교장추천,2.42,2.42,,,,명지인재면접,3.56,3.39,명지인재서류,3.01,2.84,80.7,국수영탐(1),3/2,,,,,,,,,,,,,,,,,,,,,
경인권,경기,용인시,명지대,자연,융합에너지학전공,융합에너지학전공,유지,유지,교과면접,2.81,2.81,학교장추천,,,,,,명지인재면접,3.84,3.55,명지인재서류,3.31,3.31,80.7,국수영탐(1),3/2,,,,,,,,,,,,,,,,,,,,,
경인권,경기,용인시,명지대,자연,화학·생명과학대학,화학·생명과학대학,유지,유지,,,,,,,,,,크리스천리더,3.51,3.39,,,,80.7,국수영탐(1),3/2,,,,,,,,,,,,,,,,,,,,,
경인권,경기,용인시,명지대,자연,화학나노학전공,화학나노학전공,유지,유지,교과면접,2.67,2.63,학교장추천,2.29,2.29,,,,명지인재면접,3.46,3.39,명지인재서류,2.79,2.45,80.7,국수영탐(1),3/2,,,,,,,,,,,,,,,,,,,,,
경인권,경기,안양시,안양대,자연,소프트웨어학과,소프트웨어학과,,,아리학생부교과,2.54,2.44,아리학생부면접,2.93,2.93,,,,아리학생부종합Ⅱ,3.29,2.9,,,,80.7,수영탐(1),3/-,,,,,,,,,,,,,,,,,,,,,
경인권,경기,안양시,안양대,자연,정보전기전자공학과,정보전기전자공학과,,,아리학생부교과,3.27,3.12,아리학생부면접,3.84,3.78,,,,아리학생부종합Ⅱ,4.5,4.26,,,,80.7,수영탐(1),3/-,,,,,,,,,,,,,,,,,,,,,
경인권,경기,안양시,안양대,인문,중국언어문화학과,중국언어문화학과,,,아리학생부교과,3.08,3.08,아리학생부면접,4.02,3.67,,,,아리학생부종합Ⅰ,3.83,3.41,,,,80.7,국영탐(1),3/-,,,,,,,,,,,,,,,,,,,,,
경인권,경기,용인시,용인대,인문,관광경영학과,관광경영학과,,,교과성적우수자 특별,2.5,2.5,일반학생,2.4,2.3,,,,,,,,,,80.7,국영탐(1),1/-,,,,,,,,,,,,,,,,,,,,,
충청권,충북,청주시,충북대,자연,전자공학과,전자공학과,유지,유지,학생부교과,2.65,2.61,,,,,,,학생부종합Ⅰ,3.22,2.88,학생부종합Ⅱ,3.18,3.11,80.6875,국수영탐(2),4/-,,,,,,,,,,,,,,,,,,,,,
충청권,충북,충주시,국립한국교통대,자연,컴퓨터소프트웨어학과,컴퓨터소프트웨어학과,유지,유지,일반,3.89,3.79,,,,,,,나비인재Ⅱ,2.98,2.92,,,,80.676,국수영탐(1) 중 3개,3/-,,,,,,,,,,,,,,,,,,,,,
충청권,충남,공주시,국립공주대,인문,관광&영어통역융복합학과,관광&영어통역융복합학과,유지,유지,교과Ⅰ,4.43,4.32,,,,,,,일반,5.06,4.91,,,,80.674,국수영탐(1) 중 3개,4/-,,,,,,,,,,,,,,,,,,,,,
충청권,충남,공주시,국립공주대,자연,기술•가정교육과,기술•가정교육과,유지,유지,교과Ⅰ,3.16,2.96,,,,,,,일반,3.56,3.52,,,,80.66,"국영탐(1) 중 2개, 수학",4/-,,,,,,,,,,,,,,,,,,,,,
경인권,경기,수원시,경기대,자연,전자공학부,전자공학부,유지,유지,교과성적우수자,2.96,2.87,학교장추천,2.93,2.78,,,,KGU학생부종합,3.73,3.61,,,,80.65,국수영탐(1),4/2,,,,,,,,,,,,,,,,,,,,,
경인권,경기,화성시,수원대,인문,인문사회융합대학,인문사회융합대학,유지,유지,고교추천,4.3,3.9,교과우수,3.45,3.35,면접위주교과,3.48,3.75,,,,,,,80.65,"수영탐(1) 중 3개, 국어",4/2,,,,,,,,,,,,,,,,,,,,,
경인권,인천,연수구,인천대,공통,자유전공학부(자연),자유전공학부(자연),유지,유지,교과성적우수자,2.88,3.02,지역균형,2.97,2.83,,,,,,,,,,80.65,국수영탐(2),3/-,,,,,,,,,,,,,,,,,,,,,
경인권,경기,안산시,한양대(ERICA),자연,배터리소재화학공학과,배터리소재화학공학과,유지,유지,지역균형선발,2.28,2.26,,,,,,,서류형,2.64,2.5,,,,80.64706,국수영탐(2),3/2,,,,,,,,,,,,,,,,,,,,,
서울,서울,동작구,숭실대,인문,사학과,사학과,유지,유지,학생부우수자,2.26,2.26,,,,,,,SSU미래인재,2.72,2.44,,,,80.625,국수영탐(2),2/1,,,,,,,,,,,,,,,,,,,,,
경인권,인천,미추홀구,인하대,자연,해양과학과,해양과학과,유지,유지,지역균형,2.34,2.24,,,,,,,인하미래인재,2.83,2.73,,,,80.61111,국수영탐(2),2/2,,,,,,,,,,,,,,,,,,,,,
경인권,경기,수원시,경기대,자연,융합과학부,융합과학대학(통합),유지,변경,교과성적우수자,3.27,3.24,,,,,,,,,,,,,80.6,국수영탐(1),3/3,,,,,,,,,,,,,,,,,,,,,
경인권,경기,용인시,단국대,예체능,체육교육과,체육교육과,유지,유지,지역균형선발,3.73,3.67,,,,,,,,,,,,,80.6,국수영탐(2),3/3,,,,,,,,,,,,,,,,,,,,,
충청권,충남,천안시,상명대,자연,시스템반도체공학과,시스템반도체공학과,유지,유지,학생부교과,4.15,4.02,,,,,,,상명인재,4.71,4.71,,,,80.6,"국영 중 1개, 수탐(1)",5/2,,,,,,,,,,,,,,,,,,,,,
경인권,인천,연수구,인천대,인문,세무회계학과,세무회계학과,유지,유지,교과성적우수자,2.74,2.74,지역균형,2.66,2.66,,,,자기추천,3.3,2.8,,,,80.6,국수영탐(2),4/-,,,,,,,,,,,,,,,,,,,,,
충청권,대전,유성구,충남대,인문,국제학부,국제학부,유지,유지,일반,2.78,2.71,,,,,,,학생부종합Ⅰ[서류],3.65,3.54,,,,80.6,국수탐(2),3/2,,,,,,,,,,,,,,,,,,,,,
경인권,경기,군포시,한세대,인문,경찰행정학전공,경찰행정학과,유지,변경,학생부 교과우수자,3.2,3.1,학생부 면접우수자,3.4,2.7,,,,,,,,,,80.6,"국수 중 1개, 영탐(1)",3/1,,,,,,,,,,,,,,,,,,,,,
경인권,경기,오산시,한신대,인문,휴먼서비스계열,휴먼서비스계열,유지,유지,학교장추천,4.32,4.31,학생부우수자,3.59,3.33,,,,,,,,,,80.6,국수영탐(1) 중 3개,4/4,,,,,,,,,,,,,,,,,,,,,
경인권,경기,안산시,한양대(ERICA),자연,바이오신약융합학부,바이오신약융합학부,유지,유지,지역균형선발,2.38,2.35,,,,,,,첨단융합인재,2.68,2.61,,,,80.58824,국수영탐(2),2/3,,,,,,,,,,,,,,,,,,,,,
경인권,인천,미추홀구,인하대,인문,사학과,사학과,유지,유지,지역균형,2.55,2.49,,,,,,,인하미래인재,3.4,2.9,,,,80.55882,국수영탐(2),3/1,,,,,,,,,,,,,,,,,,,,,
경인권,인천,미추홀구,인하대,자연,화학과,화학과,유지,유지,지역균형,2.28,2.21,,,,,,,인하미래인재,2.73,2.69,,,,80.55556,국수영탐(2),3/1,,,,,,,,,,,,,,,,,,,,,
서울,서울,동작구,총신대,인문,유아교육과,유아교육과,유지,유지,교과우수자,3.5,3.3,,,,,,,코람데오인재,4.2,4,,,,80.55,"국수 중 1개, 영탐(2)",3/1,,,,,,,,,,,,,,,,,,,,,
경인권,인천,연수구,가천대,자연,치위생학과,치위생학과,유지,유지,지역균형,3.99,,학생부우수자,2.84,,,,,가천바람개비,3.9,,,,,80.5,국수영탐(1),2/2,,,,,,,,,,,,,,,,,,,,,
경인권,경기,수원시,경기대,자연,화학과,화학과,유지,유지,교과성적우수자,3.04,3.04,학교장추천,2.71,2.71,,,,KGU학생부종합,3.29,3.22,,,,80.5,국수영탐(1),3/2,,,,,,,,,,,,,,,,,,,,,
서울,서울,성북구,동덕여대,인문,국사학전공,국사학전공,유지,유지,학생부교과우수자,3.5,3.5,,,,,,,동덕창의리더,,,,,,80.5,국수영탐(1),3/2,,,,,,,,,,,,,,,,,,,,,
경인권,경기,의정부시,신한대,자연,전자공학과,전자공학과,유지,유지,일반,3.6,2.7,학생부우수자,2.8,2.8,,,,,,,,,,80.5,국수영탐(1)한 중 3개,3/1,,,,,,,,,,,,,,,,,,,,,
경인권,경기,수원시,경기대,자연,사회에너지시스템공학과,사회에너지시스템공학과,유지,유지,교과성적우수자,2.99,2.94,학교장추천,3.08,3.06,,,,KGU학생부종합,3.6,3.53,,,,80.45,국수영탐(1),3/2,,,,,,,,,,,,,,,,,,,,,
경인권,경기,수원시,경기대,공통,소프트웨어경영학부,소프트웨어경영대학(통합),유지,변경,교과성적우수자,3.38,3.33,,,,,,,,,,,,,80.45,국수영탐(1),2/3,,,,,,,,,,,,,,,,,,,,,
경인권,인천,연수구,인천대,인문,미디어커뮤니케이션학과,미디어커뮤니케이션학과,유지,유지,교과성적우수자,2.74,2.74,지역균형,2.81,2.81,,,,자기추천,3.5,2.5,,,,80.45,국수영탐(2),3/-,,,,,,,,,,,,,,,,,,,,,
경인권,경기,수원시,아주대,인문,심리학과,심리학과,,,고교추천,2.2,1.96,,,,,,,ACE,2.69,2.62,,,,80.44118,국수영탐(2),2/2,,,,,,,,,,,,,,,,,,,,,
경인권,인천,미추홀구,인하대,인문,중국학과,중국학과,유지,유지,지역균형,2.66,2.59,,,,,,,인하미래인재,4.01,3.84,,,,80.44118,국수영탐(2),3/1,,,,,,,,,,,,,,,,,,,,,
충청권,충북,청주시,충북대,인문,경영정보학과,경영정보학과,유지,유지,학생부교과,3.26,3.23,,,,,,,학생부종합Ⅰ,3.39,3.37,학생부종합Ⅱ,3.56,3.52,80.4375,국수영탐(2),4/-,,,,,,,,,,,,,,,,,,,,,
경상권,대구,북구,경북대,인문,문헌정보학과,문헌정보학과,유지,유지,교과우수자,3.45,3.19,,,,,,,일반학생,4.35,3.88,,,,80.42857,국수영탐(2),3/1,,,,,,,,,,,,,,,,,,,,,
경상권,대구,북구,경북대,자연,물리학과,물리학과,유지,유지,교과우수자,2.99,2.91,,,,,,,일반학생,4.46,4.22,,,,80.42857,국수영탐(2),3/3,,,,,,,,,,,,,,,,,,,,,
경상권,대구,북구,경북대,자연,"산림과학.조경학부(임학전공,임산공학전공,조경학전공)","산림과학.조경학부(임학전공,임산공학전공,조경학전공)",유지,유지,교과우수자,3.15,3.08,,,,,,,일반학생,4.65,4.12,,,,80.42857,국수영탐(2),3/3,,,,,,,,,,,,,,,,,,,,,
경상권,대구,북구,경북대,자연,전자공학부(인공지능전공),전자공학부(인공지능전공),유지,유지,교과우수자,3.94,3.75,,,,,,,일반학생,4.25,4.2,,,,80.42857,국수영탐(2),3/3,,,,,,,,,,,,,,,,,,,,,
경상권,대구,북구,경북대,인문,지리학과,지리학과,유지,유지,교과우수자,2.96,2.92,,,,,,,일반학생,4.19,4.1,,,,80.42857,국수영탐(2),3/1,,,,,,,,,,,,,,,,,,,,,
충청권,대전,유성구,국립한밭대,자연,기계공학과,기계공학과,유지,유지,일반,3.79,3.75,,,,,,,일반,4.96,4.72,학석사,5.12,4.9,80.4,"국영탐(1) 중 2개, 수학",3/-,,,,,,,,,,,,,,,,,,,,,
충청권,충남,천안시,단국대(천안),자연,신소재공학과,신소재공학과,유지,유지,학생부교과우수자,2.99,2.98,,,,,,,DKU인재-서류형,3.48,3.47,,,,80.4,국수영탐(1),2/4,,,,,,,,,,,,,,,,,,,,,
충청권,충남,천안시,단국대(천안),자연,자연공학계열광역,자연공학계열광역,유지,유지,학생부교과우수자,3.78,3.53,,,,,,,DKU인재-서류형,4.1,3.9,,,,80.4,국수영탐(1),2/4,,,,,,,,,,,,,,,,,,,,,
충청권,충남,천안시,백석대,자연,간호학과,간호학과,유지,유지,백석인재,3.15,2.96,일반,2.26,1.27,,,,창의인재,3.44,3.35,,,,80.4,"국수영 중 2개, 탐구(1)",3/-,,,,,,,,,,,,,,,,,,,,,
경인권,경기,화성시,수원대,자연,기계공학부,산업및기계공학부,유지,변경,교과우수,3.7,3.7,면접위주교과,4.2,4.11,,,,,,,,,,80.4,국수영탐(1),-/-,,,,,,,,,,,,,,,,,,,,,
충청권,충남,아산시,순천향대,인문,경찰행정학과,경찰행정학과,유지,유지,교과면접,3.925,3.925,교과우수자,2.241,2.229,,,,일반학생,3.1,3.08,,,,80.4,"국수영 중 2개, 탐구(1)",2/1,,,,,,,,,,,,,,,,,,,,,
경인권,경기,의정부시,신한대,인문,사회과학대학(자율전공),사회과학대학(자율전공),유지,유지,일반,3.5,3.9,학생부우수자,3,2.8,,,,신한국인,4.41,4.19,,,,80.4,국수영탐(1)한 중 3개,3/1,,,,,,,,,,,,,,,,,,,,,
전라권,광주,북구,전남대,자연,간호학과,간호학과,유지,유지,일반,2.11,2.09,,,,,,,고교생활우수자Ⅰ,2.53,2.5,,,,80.4,국수탐(2),3/2,,,,,,,,,,,,,,,,,,,,,
서울,서울,성북구,한성대,자연,IT공과대학,IT공과대학,유지,유지,교과우수,2.46,2.43,지역균형,2.86,2.78,,,,한성인재,3.27,3.17,,,,80.4,국수영탐(1),3/1,,,,,,,,,,,,,,,,,,,,,
경상권,부산,연제구,부산교대,인문,초등교육학부,초등교육학부,유지,유지,,,,,,,,,,초등교직적성자,2.79,2.62,,,,80.375,국수영탐(2),2/2,,,,,,,,,,,,,,,,,,,,,
경인권,경기,수원시,아주대,인문,경제정치사회융합학부,경제정치사회융합학부,,,고교추천,2.76,2.64,,,,,,,ACE,3.25,3.11,,,,80.35294,국수영탐(2),2/2,,,,,,,,,,,,,,,,,,,,,
서울,서울,노원구,삼육대,자연,동물자원과학과,동물자원과학과,유지,유지,학교장추천,3.69,3.49,,,,,,,세움인재,3.54,3.38,재림교회목회자추천,,,80.35,국수영탐(2),2/2,,,,,,,,,,,,,,,,,,,,,
경인권,경기,화성시,수원대,자연,반도체공학과,반도체공학과,유지,유지,고교추천,3.9,3.7,교과우수,3.45,3.2,면접위주교과,4.2,4.1,,,,,,,80.35,국수영탐(1),4/5,,,,,,,,,,,,,,,,,,,,,
충청권,대전,서구,건양대,인문,병원경영학과,병원경영학과,유지,유지,일반학생[교과],4.48,4.22,,,,,,,학생부종합,5.58,4.89,,,,80.349,국수영탐(1) 중 3개,3/2,,,,,,,,,,,,,,,,,,,,,
충청권,충남,공주시,국립공주대,공통,인문사회과학대학자율전공학부,자율전공학부(인문사회과학대학),신설,신설,자율전공,4.42,4.32,,,,,,,,,,,,,80.348,국수영탐(1) 중 3개,2/-,,,,,,,,,,,,,,,,,,,,,
충청권,충북,충주시,국립한국교통대,인문,산업디자인학과,산업디자인학과,유지,유지,일반,4.13,4.12,,,,,,,나비인재Ⅱ,4.38,4.15,,,,80.348,국수영탐(1) 중 3개,3/-,,,,,,,,,,,,,,,,,,,,,
충청권,대전,유성구,국립한밭대,인문,일본어과,일본어과,유지,유지,일반,3.96,3.9,,,,,,,일반,4.92,4.75,,,,80.348,국수영탐(1) 중 3개,2/-,,,,,,,,,,,,,,,,,,,,,
충청권,충북,청주시,청주대,자연,방사선학과,방사선학과,유지,유지,창의면접,3.75,3.13,,,,,,,,,,,,,80.345,국수영탐(2) 중 3개,4/4,,,,,,,,,,,,,,,,,,,,,
서울,서울,노원구,서울과기대,자연,식품생명공학과,식품생명공학과,유지,유지,고교추천,1.96,1.91,,,,,,,학교생활우수자,2.34,2.25,,,,80.34375,국수영탐(2),2/1,,,,,,,,,,,,,,,,,,,,,
경인권,경기,안양시,안양대,공통,자유전공,자유전공,,,아리학생부교과,3.41,3.14,아리학생부면접,3.95,3.81,,,,,,,,,,80.343,국수영탐(1) 중 3개,3/-,,,,,,,,,,,,,,,,,,,,,
충청권,충북,충주시,국립한국교통대,자연,전기공학과,전기공학과,유지,유지,일반,4.05,3.88,,,,,,,나비인재Ⅱ,4.16,3.1,,,,80.341,국수영탐(1) 중 3개,4/-,,,,,,,,,,,,,,,,,,,,,
충청권,충북,충주시,국립한국교통대,자연,반도체신소재공학과,반도체신소재공학과,유지,유지,일반,4.28,4.05,,,,,,,나비인재Ⅱ,5.06,5.01,,,,80.34,국수영탐(1) 중 3개,4/-,,,,,,,,,,,,,,,,,,,,,
충청권,충북,증평군,국립한국교통대,자연,물리치료학과,물리치료학과,유지,유지,일반,3.13,2.87,,,,,,,나비인재Ⅱ,3.34,3.32,,,,80.338,국수영탐(1) 중 3개,4/-,,,,,,,,,,,,,,,,,,,,,
강원권,강원,강릉시,"강원대(강릉,원주)",자연,치위생학과,치위생학과,유지,유지,해람교과,3.78,3.16,,,,,,,해람인재,4.94,4.32,,,,80.338,국수영탐(1) 중 3개,4/1,,,,,,,,,,,,,,,,,,,,,
충청권,대전,대덕구,한남대,인문,사학과,사학과,유지,유지,일반,3.83,3.48,,,,,,,한남인재Ⅰ,4.26,4.18,,,,80.33333,"수영탐(1) 중 2개, 국어",3/1,,,,,,,,,,,,,,,,,,,,,
충청권,충남,천안시,국립공주대,자연,건축학과,건축학과,유지,유지,교과Ⅰ,3.7,3.68,,,,,,,일반,4.16,4.03,,,,80.327,"국영탐(1) 중 2개, 수학",3/-,,,,,,,,,,,,,,,,,,,,,
충청권,충남,천안시,국립공주대,자연,그린스마트건축공학과,그린스마트건축공학과,유지,유지,교과Ⅰ,4.6,4.56,,,,,,,일반,4.92,4.92,,,,80.327,"국영탐(1) 중 2개, 수학",4/-,,,,,,,,,,,,,,,,,,,,,
충청권,충북,청주시,충북대,자연,자연과학자율전공학부,자연과학자율전공학부,유지,유지,학생부교과,3.78,3.78,,,,,,,,,,,,,80.3125,국수영탐(2),-/-,,,,,,,,,,,,,,,,,,,,,
경인권,경기,용인시,강남대,인문,법행정세무학부,법행정세무학부,유지,유지,지역균형,3.82,3.73,,,,,,,서류면접,4.69,4.3,학생부,4.43,4.2,80.3,"국수 중 1개, 영탐(1)",3/1,,,,,,,,,,,,,,,,,,,,,
강원권,강원,춘천시,강원대,인문,윤리교육과,윤리교육과,명칭변경,유지,일반,3.33,3.19,,,,,,,미래인재Ⅱ,3.01,2.93,,,,80.3,국수영탐(2),4/2,,,,,,,,,,,,,,,,,,,,,
경인권,경기,수원시,경기대,인문,법학과,법학과,유지,유지,교과성적우수자,3.07,2.91,학교장추천,3.13,2.82,,,,KGU학생부종합,3.58,3.45,,,,80.3,국수영탐(1),3/1,,,,,,,,,,,,,,,,,,,,,
충청권,대전,유성구,국립한밭대,자연,화학생명공학과,화학생명공학과,유지,유지,일반,3.42,3.67,,,,,,,일반,4.38,4.32,,,,80.3,"국영탐(1) 중 2개, 수학",3/-,,,,,,,,,,,,,,,,,,,,,
서울,서울,성북구,동덕여대,인문,유러피언스터디즈전공,유러피언스터디즈전공,유지,유지,학생부교과우수자,2.99,2.99,,,,,,,동덕창의리더,,,,,,80.3,국수영탐(1),2/3,,,,,,,,,,,,,,,,,,,,,
서울,서울,성북구,한성대,인문,미래융합사회과학대학,미래융합사회과학대학,유지,유지,교과우수,2.62,2.55,지역균형,3.4,3.35,,,,한성인재,3.27,3.17,,,,80.3,국수영탐(1),3/1,,,,,,,,,,,,,,,,,,,,,
서울,서울,서대문구,경기대,예체능,미디어영상학과,미디어영상학과,유지,유지,교과성적우수자,1.78,1.63,학교장추천,3.05,3.02,,,,KGU학생부종합,3.19,3.09,,,,80.25,국수영탐(1),3/3,,,,,,,,,,,,,,,,,,,,,
서울,서울,성북구,동덕여대,자연,데이터사이언스전공,데이터사이언스전공,유지,유지,학생부교과우수자,3.1,3.05,,,,,,,동덕창의리더,,,,,,80.25,국수영탐(1),2/5,,,,,,,,,,,,,,,,,,,,,
경인권,경기,화성시,수원대,자연,전기전자공학부,전기전자공학부,유지,변경,고교추천,4.35,4.3,교과우수,3.55,3.4,면접위주교과,3.8,3.75,,,,,,,80.25,국수영탐(1),3/3,,,,,,,,,,,,,,,,,,,,,
서울,서울,용산구,숙명여대,인문,교육학부,교육학부,유지,유지,지역균형선발,2.09,2.03,,,,,,,숙명인재(면접형),2.24,2.18,,,,80.25,국수영탐(2),2/-,,,,,,,,,,,,,,,,,,,,,
경인권,경기,수원시,경기대,자연,산업경영공학과,산업경영공학과,유지,유지,교과성적우수자,3.22,3.18,학교장추천,3.22,3.14,,,,KGU학생부종합,4.02,3.76,,,,80.2,국수영탐(1),2/1,,,,,,,,,,,,,,,,,,,,,
충청권,대전,유성구,국립한밭대,자연,공학건설학부,공학건설학부,유지,유지,일반,4.92,4.92,,,,,,,,,,,,,80.2,"국영탐(1) 중 2개, 수학",5/-,,,,,,,,,,,,,,,,,,,,,
서울,서울,성북구,동덕여대,인문,문예창작전공,문예창작전공,유지,유지,학생부교과우수자,2.86,2.86,,,,,,,동덕창의리더,,,,,,80.2,국수영탐(1),4/4,,,,,,,,,,,,,,,,,,,,,
서울,서울,노원구,삼육대,자연,환경디자인원예학과,환경디자인원예학과,유지,유지,학교장추천,3.37,3.35,,,,,,,세움인재,4.35,4.32,재림교회목회자추천,,,80.2,국수영탐(2),2/2,,,,,,,,,,,,,,,,,,,,,
경인권,경기,의정부시,신한대,자연,치기공학과,치기공학과,유지,유지,일반,3.1,2.5,학생부우수자,3.4,2.8,,,,신한국인,4.39,4.17,,,,80.2,국수영탐(1)한 중 3개,4/1,,,,,,,,,,,,,,,,,,,,,
서울,서울,용산구,숙명여대,인문,영어영문학전공,영어영문학전공,유지,유지,지역균형선발,2.59,2.47,,,,,,,숙명인재(면접형),3.88,2.79,,,,80.1875,국수영탐(2),1/-,,,,,,,,,,,,,,,,,,,,,
경인권,경기,수원시,경기대,인문,경제학부,경제학부,유지,유지,교과성적우수자,3.02,3,학교장추천,3.08,3.03,,,,KGU학생부종합,3.89,3.73,,,,80.15,국수영탐(1),3/5,,,,,,,,,,,,,,,,,,,,,
경인권,경기,화성시,수원대,자연,건축도시부동산학부,건축도시부동산학부,유지,유지,고교추천,3.9,3.9,교과우수,3.6,3.75,면접위주교과,3.68,4.05,,,,,,,80.15,국수영탐(1),3/4,,,,,,,,,,,,,,,,,,,,,
충청권,대전,유성구,충남대,자연,에너지공학과,에너지공학과,유지,유지,일반,3.14,2.95,,,,,,,학생부종합Ⅰ,3.56,3.42,학생부종합Ⅰ[서류],3.64,3.12,80.15,국수탐(2),3/3,,,,,,,,,,,,,,,,,,,,,
경상권,대구,북구,경북대,인문,불어불문학과,불어불문학과,유지,유지,교과우수자,2.89,2.85,,,,,,,일반학생,5.1,4.62,,,,80.14286,국수영탐(2),3/1,,,,,,,,,,,,,,,,,,,,,
경상권,대구,북구,경북대,인문,"사회복지학부(사회복지미시전공, 사회복지거시전공)","사회복지학부(사회복지미시전공, 사회복지거시전공)",유지,유지,교과우수자,2.76,2.71,,,,,,,일반학생,4.39,3.91,,,,80.14286,국수영탐(2),3/1,,,,,,,,,,,,,,,,,,,,,
경상권,대구,북구,경북대,인문,영어영문학과,영어영문학과,유지,유지,교과우수자,2.83,2.68,,,,,,,일반학생,5.29,4.44,,,,80.14286,국수영탐(2),3/1,,,,,,,,,,,,,,,,,,,,,
서울,서울,성북구,국민대,인문,정치외교학과,정치외교학과,,,교과성적우수자,2.21,2.09,,,,,,,국민프런티어,2.61,2.58,학교생활우수자,2.59,2.58,80.125,국수영탐(2),1/2,,,,,,,,,,,,,,,,,,,,,
경인권,인천,연수구,인천대,공통,자유전공학부(인문),자유전공학부(인문),유지,유지,교과성적우수자,2.96,2.74,지역균형,3,2.97,,,,,,,,,,80.125,국수영탐(2),3/-,,,,,,,,,,,,,,,,,,,,,
서울,서울,성북구,동덕여대,인문,일어일본학전공,일어일본학전공,유지,유지,학생부교과우수자,3.28,3.27,,,,,,,동덕창의리더,,,,,,80.1,국수영탐(1),3/3,,,,,,,,,,,,,,,,,,,,,
경인권,경기,동두천시,신한대,자연,사이버드론봇군사학과,사이버드론봇군사학과,유지,유지,일반,5.2,4.6,,,,,,,,,,,,,80.1,국수영탐(1)한 중 3개,3/1,,,,,,,,,,,,,,,,,,,,,
경인권,경기,안양시,안양대,자연,정보전기전자공학과[야],정보전기전자공학과[야],,,아리학생부교과,,,아리학생부면접,,,,,,,,,,,,80.1,수영탐(1),4/-,,,,,,,,,,,,,,,,,,,,,
전라권,광주,북구,전남대,자연,수학교육과,수학교육과,유지,유지,일반,2.32,2.26,,,,,,,고교생활우수자Ⅰ,,3.37,,,,80.1,국수탐(2),3/2,,,,,,,,,,,,,,,,,,,,,
충청권,대전,유성구,충남대,인문,경제학과,경제학과,유지,유지,일반,2.97,2.71,,,,,,,학생부종합Ⅰ,3.56,3.43,학생부종합Ⅰ[서류],3.2,3.07,80.1,국수탐(2),2/2,,,,,,,,,,,,,,,,,,,,,
경인권,경기,용인시,용인대,인문,무전공학부,무전공학부,,,자율전공 특별,2.5,2.4,,,,,,,,,,,,,80.085,"국수 중 1개, 영탐(1)",3/-,,,,,,,,,,,,,,,,,,,,,
경인권,경기,안산시,한양대(ERICA),자연,ICT융합학부,ICT융합학부,유지,유지,지역균형선발,2.7,2.66,,,,,,,서류형,3.08,3.07,,,,80.05882,국수영탐(2),3/1,,,,,,,,,,,,,,,,,,,,,
경인권,경기,안산시,한양대(ERICA),인문,경영학부,경영학부,유지,유지,지역균형선발,2.91,2.85,,,,,,,서류형,3.23,3.04,,,,80.05882,국수영탐(2),2/1,,,,,,,,,,,,,,,,,,,,,
경인권,경기,수원시,경기대,인문,경영학부,경영학부,유지,유지,교과성적우수자,2.68,2.08,학교장추천,3.21,3.15,,,,KGU학생부종합,3.68,3.6,,,,80.05,국수영탐(1),2/2,,,,,,,,,,,,,,,,,,,,,
경인권,경기,수원시,경기대,자연,신소재화학공학부,신소재화학공학부,유지,유지,교과성적우수자,2.98,2.84,학교장추천,3.02,2.91,,,,KGU학생부종합,3.48,3.4,,,,80.05,국수영탐(1),4/3,,,,,,,,,,,,,,,,,,,,,
충청권,충북,충주시,국립한국교통대,인문,행정학과,행정학과,유지,유지,일반,3.92,3.8,,,,,,,나비인재Ⅱ,4.16,4.15,,,,80.013,국수영탐(1) 중 3개,4/-,,,,,,,,,,,,,,,,,,,,,
충청권,대전,동구,대전대,자연,물리치료학과,물리치료학과,유지,유지,교과면접,2.83,2.83,교과중점,3.11,2.88,,,,혜화인재,4.39,3.66,,,,80.01,국수영탐(1) 중 3개,2/4,,,,,,,,,,,,,,,,,,,,,
경인권,경기,용인시,강남대,인문,교육학과,교육학과,유지,유지,,,,,,,,,,서류면접,4.26,4.22,학생부,4.67,3.91,80,"국수 중 1개, 영탐(1)",4/2,,,,,,,,,,,,,,,,,,,,,
경인권,경기,수원시,경기대,인문,사회과학부,사회과학대학(통합),유지,변경,교과성적우수자,3.15,3.09,,,,,,,,,,,,,80,국수영탐(1),4/4,,,,,,,,,,,,,,,,,,,,,
경인권,경기,수원시,경기대,자연,수학과,수학과,유지,유지,교과성적우수자,3.27,3.27,학교장추천,3.11,3.05,,,,KGU학생부종합,3.82,3.52,,,,80,국수영탐(1),2/2,,,,,,,,,,,,,,,,,,,,,
경상권,대구,북구,경북대,자연,토목공학과,토목공학과,유지,유지,교과우수자,3.07,2.94,,,,,,,일반학생,4.69,4.4,,,,80,국수영탐(2),3/3,,,,,,,,,,,,,,,,,,,,,
충청권,대전,유성구,국립한밭대,자연,정보통신공학과,정보통신공학과,유지,유지,일반,3.87,3.92,,,,,,,일반,,,,,,80,"국영탐(1) 중 2개, 수학",4/-,,,,,,,,,,,,,,,,,,,,,
충청권,충남,천안시,남서울대,자연,치위생학과,치위생학과,유지,유지,교과+면접,3.7,3.57,일반,2.87,2.7,,,,학생부종합 면접형,4.93,4.62,,,,80,국수영탐(1) 중 2개,2/-,,,,,,,,,,,,,,,,,,,,,
서울,서울,성북구,동덕여대,자연,HCI사이언스전공,HCI사이언스전공,유지,유지,학생부교과우수자,3.43,3.31,,,,,,,동덕창의리더,,,,,,80,국수영탐(1),4/3,,,,,,,,,,,,,,,,,,,,,
경인권,경기,부천시,서울신학대,인문,글로벌경영학과,글로벌경영학과,유지,유지,교과성적,3.45,3.21,일반,3.85,3.81,,,,H+인재,4.82,4.62,,,,80,"국수탐(1) 중 2개, 영어",6/2,,,,,,,,,,,,,,,,,,,,,
경인권,경기,화성시,수원대,자연,의류학과,의류학과,유지,유지,고교추천,3.8,2.19,교과우수,3.73,3.35,면접위주교과,3.64,2.15,,,,,,,80,국수영탐(1),2/4,,,,,,,,,,,,,,,,,,,,,
전라권,전북,전주시,전주대,자연,건축학과(5년제),건축학과(5년제),유지,유지,일반학생(교과),5.68,5.24,,,,,,,일반학생(종합),6.28,5.76,,,,80,"국수영 중 2개, 탐구(1)",3/3,,,,,,,,,,,,,,,,,,,,,
서울,서울,성북구,한성대,자연,미래모빌리티학과,미래모빌리티학과,유지,유지,지역균형,3.04,2.98,,,,,,,,,,,,,80,국수영탐(1),3/1,,,,,,,,,,,,,,,,,,,,,
충청권,충북,청주시,한국교원대,자연,물리교육과,물리교육과,유지,유지,,,,,,,,,,학생부종합우수자 일반,2.9,2.73,,,,79.975,국수영탐(2),2/1,,,,,,,,,,,,,,,,,,,,,
충청권,대전,동구,우송대,자연,IT융합학부 컴퓨터공학전공,컴퓨터공학전공,유지,변경,교과중심,7.3,5.7,면접,5.666667,5.25,우송인재,5.5,5.25,SW잠재능력,,6,서류형,,5.9867,79.95,국수영탐(1) 중 2개,-/-,,,,,,,,,,,,,,,,,,,,,
서울,서울,용산구,숙명여대,인문,아동복지학부,아동복지학부,유지,유지,지역균형선발,2.19,2.15,,,,,,,숙명인재(면접형),2.73,2.69,,,,79.9375,국수영탐(2),2/-,,,,,,,,,,,,,,,,,,,,,
경인권,경기,수원시,경기대,자연,건축학과(5년제),건축학과(5년제),유지,유지,교과성적우수자,2.24,2.24,학교장추천,2.85,2.8,,,,KGU학생부종합,3.62,3.42,,,,79.9,국수영탐(1),3/5,,,,,,,,,,,,,,,,,,,,,
서울,서울,성북구,동덕여대,인문,영어전공,영어전공,유지,유지,학생부교과우수자,3.23,3.03,,,,,,,동덕창의리더,,,,,,79.9,국수영탐(1),2/2,,,,,,,,,,,,,,,,,,,,,
서울,서울,성북구,국민대,인문,중국정경전공,중국정경전공,,유지(전형내폐지),교과성적우수자,2.56,2.28,,,,,,,국민프런티어,4.42,4.2,학교생활우수자,3.94,3.91,79.875,국수영탐(2),1/3,,,,,,,,,,,,,,,,,,,,,
경인권,경기,수원시,경기대,인문,인문학부,인문대학(통합),유지,변경,교과성적우수자,3.4,3.33,,,,,,,,,,,,,79.85,국수영탐(1),3/1,,,,,,,,,,,,,,,,,,,,,
서울,서울,성북구,동덕여대,자연,컴퓨터학전공,컴퓨터학전공,유지,유지,학생부교과우수자,2.74,2.74,,,,,,,동덕창의리더,,,,,,79.85,국수영탐(1),2/2,,,,,,,,,,,,,,,,,,,,,
경인권,인천,연수구,인천대,자연,전자공학부,전자공학부,유지,유지,교과성적우수자,2.8,2.74,지역균형,2.76,2.63,,,,자기추천,3.2,2.8,,,,79.85,국수영탐(2),4/-,,,,,,,,,,,,,,,,,,,,,
경인권,경기,용인시,강남대,인문,초등특수교육과,초등특수교육과,유지,유지,,,,,,,,,,서류면접,4.19,4.04,학생부,4.59,4.48,79.8,"국수 중 1개, 영탐(1)",3/1,,,,,,,,,,,,,,,,,,,,,
강원권,강원,춘천시,강원대,인문,자유전공학부(인문계열),자유전공학부(인문계열),명칭변경,유지,일반,3.44,3.39,,,,,,,미래인재Ⅰ,3.35,3.26,,,,79.8,국수영탐(2),3/3,,,,,,,,,,,,,,,,,,,,,
충청권,대전,유성구,국립한밭대,자연,전기공학과,전기공학과,유지,유지,일반,3.69,3.62,,,,,,,일반,4.74,4.64,,,,79.8,"국영탐(1) 중 2개, 수학",4/-,,,,,,,,,,,,,,,,,,,,,
충청권,충남,천안시,상명대,자연,전자공학과,전자공학과,유지,유지,학생부교과,4.22,4.17,,,,,,,상명인재,4.84,4.65,,,,79.8,"국영 중 1개, 수탐(1)",4/5,,,,,,,,,,,,,,,,,,,,,
경인권,경기,안양시,안양대,인문,러시아언어문화학과,러시아언어문화학과,,,아리학생부교과,3.4,3.27,아리학생부면접,3.93,3.93,,,,아리학생부종합Ⅰ,4.02,4.02,,,,79.8,국영탐(1),5/-,,,,,,,,,,,,,,,,,,,,,
경인권,경기,시흥시,한국공학대,자연,나노반도체공학부(나노반도체공학전공),반도체공학부(나노반도체공학전공),유지,유지,교과우수자,3.4,3.19,지역균형,3.18,3.17,,,,창의인재,4.34,4.03,,,,79.8,국수영탐(1),3/-,,,,,,,,,,,,,,,,,,,,,
충청권,충남,천안시,단국대(천안),자연,의생명과학부 의생명시스템학전공,의생명과학부 의생명시스템학전공,유지,유지,학생부교과우수자,2.62,2.62,,,,,,,DKU인재-서류형,3.06,2.88,,,,79.75,국수영탐(1),2/3,,,,,,,,,,,,,,,,,,,,,
충청권,충남,천안시,단국대(천안),자연,자연공학계열광역,자연공학계열광역,유지,유지,학생부교과우수자,3.78,3.53,,,,,,,DKU인재-서류형,4.1,3.9,,,,79.75,국수영탐(1),2/3,,,,,,,,,,,,,,,,,,,,,
충청권,대전,유성구,충남대,자연,간호학과,간호학과,유지,유지,일반,2.11,2.04,,,,,,,학생부종합Ⅰ,2.75,2.66,학생부종합Ⅰ[서류],2.7,2.61,79.75,국수탐(2),2/2,,,,,,,,,,,,,,,,,,,,,
충청권,대전,유성구,국립한밭대,자연,신소재공학과,신소재공학과,유지,유지,일반,4.21,4.08,,,,,,,일반,4.92,4.7,,,,79.7,"국영탐(1) 중 2개, 수학",3/-,,,,,,,,,,,,,,,,,,,,,
충청권,충북,충주시,국립한국교통대,자연,기계공학과,기계공학과,유지,유지,일반,4.1,3.87,,,,,,,나비인재Ⅱ,4.52,4.31,,,,79.676,국수영탐(1) 중 3개,5/-,,,,,,,,,,,,,,,,,,,,,
충청권,충북,충주시,국립한국교통대,자연,건설환경도시교통공학부,건설환경도시교통공학부,유지,유지,일반,4.76,4.56,,,,,,,나비인재Ⅱ,5.4,5.1,,,,79.675,국수영탐(1) 중 3개,4/-,,,,,,,,,,,,,,,,,,,,,
충청권,충북,충주시,국립한국교통대,인문,국제무역학과,국제무역학과,유지,유지,일반,3.74,3.71,,,,,,,나비인재Ⅱ,4.9,4.87,,,,79.672,국수영탐(1) 중 3개,4/-,,,,,,,,,,,,,,,,,,,,,
경상권,부산,영도구,국립한국해양대,자연,해사인공지능•보안학부,해사인공지능•보안학부,유지,유지,일반,,,,,,,,,아치해양인재Ⅰ,3.6,3.24,아치해양인재Ⅱ,,,79.66667,국수영탐(2),3/1,,,,,,,,,,,,,,,,,,,,,
경상권,부산,영도구,국립한국해양대,자연,해사인공지능•보안학부(남),해사인공지능•보안학부(남),유지,유지,교과성적우수자,3.52,3.47,,,,,,,,,,,,,79.66667,국수영탐(2),3/1,,,,,,,,,,,,,,,,,,,,,
경상권,부산,영도구,국립한국해양대,자연,해사인공지능•보안학부(여),해사인공지능•보안학부(여),유지,유지,교과성적우수자,3.16,3.16,,,,,,,,,,,,,79.66667,국수영탐(2),3/1,,,,,,,,,,,,,,,,,,,,,
서울,서울,노원구,서울과기대,자연,건축학부건축공학전공,건축학부건축공학전공,유지,유지,고교추천,2.36,2.33,,,,,,,학교생활우수자,2.99,2.87,,,,79.65625,국수영탐(2),2/1,,,,,,,,,,,,,,,,,,,,,
서울,서울,노원구,서울과기대,자연,환경공학과,환경공학과,유지,유지,고교추천,2,1.96,,,,,,,학교생활우수자,2.62,2.4,,,,79.65625,국수영탐(2),2/1,,,,,,,,,,,,,,,,,,,,,
충청권,대전,대덕구,한남대,자연,간호학과,간호학과,유지,유지,일반,2.95,2.89,,,,,,,한남인재Ⅰ,3.29,3.11,한남인재Ⅱ,3.12,3.06,79.653,"국영탐(1) 중 2개, 수학",2/3,,,,,,,,,,,,,,,,,,,,,
전라권,광주,동구,조선대,자연,간호학과,간호학과,유지,유지,일반,3.05,2.91,,,,,,,면접,2.73,2.38,서류,3.03,2.83,79.65,국수영탐(1),3/6,,,,,,,,,,,,,,,,,,,,,
경인권,인천,미추홀구,인하대,인문,국어교육과,국어교육과,유지,유지,지역균형,2.45,1.88,,,,,,,인하미래인재,2.54,2.49,,,,79.64706,국수영탐(2),3/1,,,,,,,,,,,,,,,,,,,,,
경인권,경기,화성시,수원대,자연,건설환경에너지공학부,건설환경에너지공학부,유지,유지,고교추천,4.25,4.3,교과우수,3.85,3.6,면접위주교과,4.05,4.15,,,,,,,79.6,국수영탐(1),4/4,,,,,,,,,,,,,,,,,,,,,
충청권,충남,아산시,순천향대,자연,의약공학과,의약공학과,유지,유지,교과면접,4.5,4.5,교과우수자,3.695,3.364,,,,일반학생,4.56,4.43,,,,79.6,"국수영 중 2개, 탐구(1)",2/3,,,,,,,,,,,,,,,,,,,,,
충청권,대전,유성구,충남대,자연,화학과,화학과,유지,유지,일반,2.71,2.63,,,,,,,학생부종합Ⅰ,3.17,3.01,학생부종합Ⅰ[서류],3.05,2.87,79.6,국수탐(2),4/3,,,,,,,,,,,,,,,,,,,,,
경인권,경기,용인시,용인대,인문,경영학과,경영학과,,,교과성적우수자 특별,2.6,2.5,일반학생,2.3,2.2,,,,,,,,,,79.585,국영탐(1),3/-,,,,,,,,,,,,,,,,,,,,,
경상권,대구,북구,경북대,인문,아동학부,아동학부,유지,유지,교과우수자,3.16,3.12,,,,,,,일반학생,4.23,4.2,,,,79.57143,국수영탐(2),3/3,,,,,,,,,,,,,,,,,,,,,
경상권,대구,북구,경북대,자연,"지구시스템과학부(지질학전공, 천문대기과학전공, 해양학전공)","지구시스템과학부(지질학전공, 천문대기과학전공, 해양학전공)",유지,유지,교과우수자,2.92,2.72,,,,,,,일반학생,4.19,3.63,,,,79.57143,국수영탐(2),3/3,,,,,,,,,,,,,,,,,,,,,
서울,서울,성북구,국민대,인문,AI빅데이터융합경영학과(자연),AI빅데이터융합경영학과(자연),,유지(전형내폐지),교과성적우수자,1.98,1.91,,,,,,,국민프런티어,2.78,2.6,학교생활우수자,2.35,2.35,79.5625,국수영탐(2),2/3,,,,,,,,,,,,,,,,,,,,,
서울,서울,성북구,동덕여대,자연,화장품학전공,화장품학전공,유지,유지,학생부교과우수자,2.89,2.82,,,,,,,동덕창의리더,,,,,,79.55,국수영탐(1),3/4,,,,,,,,,,,,,,,,,,,,,
경인권,경기,안산시,한양대(ERICA),자연,건축학부(건축학전공),건축학부(건축학전공),유지,유지,지역균형선발,2.68,2.67,,,,,,,서류형,2.85,2.76,,,,79.52941,국수영탐(2),2/1,,,,,,,,,,,,,,,,,,,,,
경인권,경기,용인시,강남대,인문,글로벌문화콘텐츠대학,글로벌문화콘텐츠대학,유지,유지,지역균형,3.59,3.55,,,,,,,서류면접,4.63,4.48,학생부,4.14,4.01,79.5,"국수 중 1개, 영탐(1)",4/4,,,,,,,,,,,,,,,,,,,,,
경인권,경기,용인시,강남대,인문,복지융합대학,복지융합대학,유지,유지,지역균형,3.87,3.78,,,,,,,서류면접,4.47,4.28,학생부,4.39,4.07,79.5,"국수 중 1개, 영탐(1)",4/2,,,,,,,,,,,,,,,,,,,,,
경인권,경기,용인시,강남대,자연,컴퓨터공학부,컴퓨터공학부,유지,유지,지역균형,3.85,3.76,,,,,,,서류면접,4.82,4.76,학생부,4.74,4.51,79.5,수영탐(1),4/5,,,,,,,,,,,,,,,,,,,,,
충청권,충남,논산시,건양대,자연,재난안전소방학전공,재난안전소방학과,유지,유지,일반학생[교과],5.98,5.6,,,,,,,,,,,,,79.5,국수영탐(1) 중 2개,6/3,,,,,,,,,,,,,,,,,,,,,
경인권,경기,수원시,경기대,인문,공공인재학부,공공인재학부,유지,유지,교과성적우수자,3.14,2.95,학교장추천,2.99,2.83,,,,KGU학생부종합,3.64,3.49,,,,79.5,국수영탐(1),3/4,,,,,,,,,,,,,,,,,,,,,
경상권,경북,안동시,국립경국대,자연,전기전자교육과,전기전자교육과,유지,유지,일반학생,4,3.31,,,,,,,NUG인재,3.87,2.7,,,,79.5,국수영탐(1) 중 2개,4/1,,,,,,,,,,,,,,,,,,,,,
경인권,경기,화성시,수원대,자연,아동가족복지학과,아동가족복지학과,유지,유지,고교추천,4.35,4.18,교과우수,3.73,3.73,면접위주교과,4.08,4.08,,,,,,,79.5,국수영탐(1),4/5,,,,,,,,,,,,,,,,,,,,,
충청권,대전,유성구,충남대,인문,영어영문학과,영어영문학과,유지,유지,일반,3.01,2.88,,,,,,,학생부종합Ⅰ,3.83,3.69,학생부종합Ⅰ[서류],3.62,3.46,79.5,국수탐(2),3/1,,,,,,,,,,,,,,,,,,,,,
충청권,대전,유성구,충남대,자연,자율운항시스템공학과,자율운항시스템공학과,유지,유지,일반,3.24,3.17,,,,,,,학생부종합Ⅰ,4.01,3.84,학생부종합Ⅰ[서류],3.77,3.71,79.5,국수탐(2),3/2,,,,,,,,,,,,,,,,,,,,,
충청권,대전,유성구,충남대,인문,정치외교학과,정치외교학과,유지,유지,일반,2.79,2.65,,,,,,,학생부종합Ⅰ,3.22,3.19,학생부종합Ⅰ[서류],3.59,3.42,79.5,국수탐(2),3/2,,,,,,,,,,,,,,,,,,,,,
강원권,강원,춘천시,한림대,자연,환경생명공학과,환경생명공학과,유지,유지,교과우수자,4.49,4.44,,,,,,,학교생활우수자,5.22,4.83,,,,79.5,"국수영 중 1개, 남은+탐구(2) 중 1개",4/-,,,,,,,,,,,,,,,,,,,,,
경상권,대구,북구,경북대,자연,스마트생물산업기계공학과,스마트생물산업기계공학과,유지,유지,교과우수자,3.22,3.2,,,,,,,일반학생,4.86,4.45,,,,79.42857,국수영탐(2),3/3,,,,,,,,,,,,,,,,,,,,,
경상권,대구,북구,경북대,자연,응용화학공학부,응용화학과,유지,신설,교과우수자,2.37,2.34,,,,,,,일반학생,4.32,4,,,,79.42857,국수영탐(2),3/3,,,,,,,,,,,,,,,,,,,,,
경인권,인천,연수구,인천대,인문,경제학과,경제학과,유지,유지,교과성적우수자,2.99,2.85,지역균형,3.03,2.98,,,,자기추천,3.5,2.9,,,,79.425,국수영탐(2),4/-,,,,,,,,,,,,,,,,,,,,,
경인권,경기,안산시,한양대(ERICA),인문,보험계리학과,보험계리학과,유지,유지,지역균형선발,2.99,2.92,,,,,,,서류형,3.78,3.78,,,,79.41176,국수영탐(2),2/3,,,,,,,,,,,,,,,,,,,,,
강원권,강원,춘천시,강원대,인문,일반사회교육과,일반사회교육과,명칭변경,유지,일반,3.1,3.06,,,,,,,미래인재Ⅱ,4.24,3.92,,,,79.4,국수영탐(2),2/1,,,,,,,,,,,,,,,,,,,,,
경상권,대구,남구,대구대,자연,간호학과,간호학과,유지,유지,일반,3.1,2.4,,,,,,,서류,3.7,3.56,,,,79.4,국수영탐(1),3/2,,,,,,,,,,,,,,,,,,,,,
서울,서울,성북구,동덕여대,인문,경영융합학부,경영융합학부,유지,유지,학생부교과우수자,3.14,2.85,,,,,,,동덕창의리더,,,,,,79.4,국수영탐(1),3/2,,,,,,,,,,,,,,,,,,,,,
경인권,경기,안양시,안양대,자연,환경에너지공학과,환경에너지공학과,,,아리학생부교과,2.95,2.93,아리학생부면접,3.91,3.71,,,,아리학생부종합Ⅱ,3.91,3.74,,,,79.4,수영탐(1),4/-,,,,,,,,,,,,,,,,,,,,,
전라권,전북,전주시,전주대,예체능,영화방송학과,영화방송학과,유지,유지,일반학생(교과),5.04,4.74,,,,,,,일반학생(종합),6.08,5.5,,,,79.4,"국수영 중 2개, 탐구(1)",6/5,,,,,,,,,,,,,,,,,,,,,
경인권,인천,미추홀구,인하대,인문,경제학과,경제학과,유지,유지,지역균형,2.53,2.44,,,,,,,인하미래인재,3.28,3.03,,,,79.38235,국수영탐(2),2/1,,,,,,,,,,,,,,,,,,,,,
경인권,경기,안산시,한양대(ERICA),자연,산업경영공학과,산업경영공학과,유지,유지,지역균형선발,2.74,2.73,,,,,,,서류형,3.19,3.19,,,,79.38235,국수영탐(2),3/1,,,,,,,,,,,,,,,,,,,,,
경인권,인천,연수구,인천대,인문,경영학부,경영학부,유지,유지,교과성적우수자,2.9,2.59,지역균형,2.71,2.57,,,,자기추천,3.5,3,,,,79.375,국수영탐(2),3/-,,,,,,,,,,,,,,,,,,,,,
충청권,충북,청주시,충북대,자연,식품생명공학과,식품생명공학과,유지,유지,학생부교과,3.51,3.26,,,,,,,학생부종합Ⅰ,3.02,2.84,학생부종합Ⅱ,3.24,3.17,79.375,국수영탐(2),4/-,,,,,,,,,,,,,,,,,,,,,
충청권,충북,청주시,충북대,자연,자연과학자율전공계열,자연과학자율전공계열,유지,유지,학생부교과,3.57,3.48,,,,,,,,,,,,,79.375,국수영탐(2),4/-,,,,,,,,,,,,,,,,,,,,,
서울,서울,광진구,장로회신학대,인문,기독교교육과,기독교교육과,유지,유지,학생부우수자,4.4,3.79,,,,,,,드림(PUTS인재),5.65,4.46,,,,79.354,국수영탐(2) 중 3개,1/4,,,,,,,,,,,,,,,,,,,,,
경인권,인천,연수구,인천대,자연,신소재공학과,신소재공학과,유지,유지,교과성적우수자,3,3.04,지역균형,2.78,2.71,,,,자기추천,3.5,3,,,,79.35,국수영탐(2),4/-,,,,,,,,,,,,,,,,,,,,,
경인권,인천,연수구,인천대,자연,컴퓨터공학부,컴퓨터공학부,유지,유지,교과성적우수자,2.82,2.56,지역균형,2.53,2.38,,,,자기추천,3.7,3.1,,,,79.35,국수영탐(2),3/-,,,,,,,,,,,,,,,,,,,,,
경인권,경기,안성시,중앙대(다빈치),자연,첨단소재공학과,첨단소재공학과,유지,유지,지역균형,2.65,2.63,,,,,,,CAU융합형인재,4.54,3.86,CAU탐구형인재,3.8,3.69,79.35,국수탐(2),2/1,,,,,,,,,,,,,,,,,,,,,
충청권,충북,청주시,청주대,자연,간호학과,간호학과,유지,유지,일반,2.63,2.38,창의면접,3.88,3.75,,,,,,,,,,79.343,국수영탐(2) 중 3개,4/4,,,,,,,,,,,,,,,,,,,,,
충청권,충남,공주시,국립공주대,예체능,게임디자인학과,게임디자인학과,유지,유지,교과Ⅰ,3,2.93,,,,,,,일반,5.68,5.38,,,,79.342,국수영탐(1) 중 3개,3/-,,,,,,,,,,,,,,,,,,,,,
충청권,충북,충주시,국립한국교통대,자연,컴퓨터공학과,컴퓨터공학과,유지,유지,일반,3.71,3.56,,,,,,,나비인재Ⅱ,4.38,4.15,,,,79.341,국수영탐(1) 중 3개,4/-,,,,,,,,,,,,,,,,,,,,,
충청권,충북,충주시,국립한국교통대,자연,안전공학과,안전공학과,유지,유지,일반,4.16,2.31,,,,,,,나비인재Ⅱ,5.37,4.72,,,,79.339,국수영탐(1) 중 3개,4/-,,,,,,,,,,,,,,,,,,,,,
서울,서울,성북구,동덕여대,인문,아동학전공,아동학전공,유지,유지,학생부교과우수자,2.97,2.94,,,,,,,동덕창의리더,,,,,,79.3,국수영탐(1),1/1,,,,,,,,,,,,,,,,,,,,,
경인권,경기,의정부시,신한대,자연,치위생학과,치위생학과,유지,유지,일반,2.7,3.6,학생부우수자,2.6,2.4,,,,신한국인,4.1,3.96,,,,79.3,국수영탐(1)한 중 3개,4/3,,,,,,,,,,,,,,,,,,,,,
경인권,경기,안양시,안양대,인문,영미언어문화학과,영미언어문화학과,,,아리학생부교과,2.69,2.69,아리학생부면접,3.42,3.42,,,,아리학생부종합Ⅰ,4.12,4.12,,,,79.3,국영탐(1),3/-,,,,,,,,,,,,,,,,,,,,,
서울,서울,성북구,한성대,인문,크리에이티브인문학부,크리에이티브인문학부,유지,유지,교과우수,2.5,2.42,지역균형,3.28,3.14,,,,한성인재,3.42,3.22,,,,79.3,국수영탐(1),3/1,,,,,,,,,,,,,,,,,,,,,
경상권,대구,북구,경북대,자연,기계공학부,기계공학부,유지,유지,교과우수자,2.46,2.34,,,,,,,일반학생,4.7,4.43,,,,79.28571,국수영탐(2),2/4,,,,,,,,,,,,,,,,,,,,,
경상권,대구,북구,경북대,자연,농업토목공학과,농업토목공학과,유지,유지,교과우수자,3.53,3.51,,,,,,,일반학생,4.54,4.42,,,,79.28571,국수영탐(2),3/3,,,,,,,,,,,,,,,,,,,,,
경인권,경기,안산시,한양대(ERICA),인문,광고홍보학과,광고홍보학과,유지,유지,지역균형선발,2.63,2.62,,,,,,,서류형,2.84,2.78,,,,79.26471,국수영탐(2),4/2,,,,,,,,,,,,,,,,,,,,,
서울,서울,동작구,숭실대,자연,기계공학부,기계공학부,유지,유지,학생부우수자,2.39,2.3,,,,,,,SSU미래인재,2.89,2.72,,,,79.25,국수영탐(2),3/2,,,,,,,,,,,,,,,,,,,,,
경인권,인천,연수구,인천대,자연,수학교육과,수학교육과,유지,유지,교과성적우수자,2.63,2.63,,,,,,,자기추천,3.5,3,,,,79.25,국수영탐(2),4/-,,,,,,,,,,,,,,,,,,,,,
충청권,대전,유성구,충남대,자연,전기공학과,전기공학과,유지,유지,일반,2.46,2.3,,,,,,,학생부종합Ⅰ,3.12,3.05,학생부종합Ⅰ[서류],3.24,3.08,79.25,국수탐(2),1/2,,,,,,,,,,,,,,,,,,,,,
경인권,인천,미추홀구,인하대,인문,사회복지학과,사회복지학과,유지,유지,지역균형,2.77,2.77,,,,,,,인하미래인재,2.87,2.86,,,,79.23529,국수영탐(2),2/4,,,,,,,,,,,,,,,,,,,,,
경인권,경기,안산시,한양대(ERICA),자연,건축학부(건축공학전공),건축학부(건축공학전공),유지,유지,지역균형선발,2.83,2.74,,,,,,,서류형,3.18,3.14,,,,79.23529,국수영탐(2),3/3,,,,,,,,,,,,,,,,,,,,,
경인권,경기,수원시,경기대,인문,글로벌어문학부,글로벌어문학부,유지,유지,교과성적우수자,2.95,2.71,학교장추천,3.21,3.14,,,,KGU학생부종합,4.58,4.2,,,,79.2,국수영탐(1),2/2,,,,,,,,,,,,,,,,,,,,,
충청권,대전,유성구,국립한밭대,자연,건축공학과,건축공학과,유지,유지,일반,4,3.96,,,,,,,일반,4.81,4.63,,,,79.2,"국영탐(1) 중 2개, 수학",4/-,,,,,,,,,,,,,,,,,,,,,
경인권,경기,부천시,서울신학대,인문,일본어문화콘텐츠학과,일본어문화콘텐츠학과,유지,유지,교과성적,2.97,2.85,일반,3.94,3.94,,,,H+인재,4.63,4.6,,,,79.2,"국수탐(1) 중 2개, 영어",3/5,,,,,,,,,,,,,,,,,,,,,
서울,서울,강북구,성신여대,자연,창의융합학부(자유전공),바이오식품공학과,신설,신설,지역균형,2.07,2.07,,,,,,,,,,,,,79.2,국수영탐(2),2/3,,,,,,,,,,,,,,,,,,,,,
서울,서울,성북구,성신여대,자연,창의융합학부(자유전공),바이오식품공학과,신설,신설,,,,,,,,,,자기주도인재,2.96,2.69,학교생활우수자,2.63,2.63,79.2,국수영탐(2),2/3,,,,,,,,,,,,,,,,,,,,,
경인권,경기,안양시,안양대,예체능,뷰티메디컬디자인학과,뷰티메디컬디자인학과,,,아리학생부교과,2.71,2.7,아리학생부면접,2.75,2.58,,,,,,,,,,79.2,국영탐(1),4/-,,,,,,,,,,,,,,,,,,,,,
서울,서울,노원구,서울과기대,자연,건설시스템공학과,건설시스템공학과,유지,유지,고교추천,2.3,2.26,,,,,,,학교생활우수자,3.64,3.15,,,,79.15625,국수영탐(2),2/1,,,,,,,,,,,,,,,,,,,,,
서울,서울,노원구,서울과기대,자연,안전공학과,안전공학과,유지,유지,고교추천,2.16,2.14,,,,,,,학교생활우수자,4.07,3.91,,,,79.15625,국수영탐(2),2/1,,,,,,,,,,,,,,,,,,,,,
충청권,충남,천안시,단국대(천안),자연,에너지공학과,에너지공학과,유지,유지,학생부교과우수자,3.22,3.16,,,,,,,DKU인재-서류형,3.86,3.77,,,,79.15,국수영탐(1),3/5,,,,,,,,,,,,,,,,,,,,,
충청권,충남,천안시,단국대(천안),자연,자연공학계열광역,자연공학계열광역,유지,유지,학생부교과우수자,3.78,3.53,,,,,,,DKU인재-서류형,4.1,3.9,,,,79.15,국수영탐(1),3/5,,,,,,,,,,,,,,,,,,,,,
전라권,전북,전주시,전북대,인문,국어교육과,국어교육과,유지,유지,일반학생,2.56,2.56,,,,,,,큰사람,2.97,2.97,,,,79.15,국수탐(2),5/4,,,,,,,,,,,,,,,,,,,,,
경상권,대구,북구,경북대,인문,고고인류학과,고고인류학과,유지,유지,교과우수자,3.21,3.16,,,,,,,일반학생,5.06,4.72,,,,79.14286,국수영탐(2),3/1,,,,,,,,,,,,,,,,,,,,,
경상권,대구,북구,경북대,인문,사학과,사학과,유지,유지,교과우수자,2.91,2.87,,,,,,,일반학생,4.09,3.74,,,,79.14286,국수영탐(2),3/1,,,,,,,,,,,,,,,,,,,,,
경상권,대구,북구,경북대,인문,중어중문학과,중어중문학과,유지,유지,교과우수자,2.84,2.79,,,,,,,일반학생,5.3,5.01,,,,79.14286,국수영탐(2),3/1,,,,,,,,,,,,,,,,,,,,,
강원권,강원,춘천시,강원대,인문,국어교육과,국어교육과,명칭변경,유지,일반,3.54,3.4,,,,,,,미래인재Ⅱ,3.06,2.95,,,,79.1,국수영탐(2),3/1,,,,,,,,,,,,,,,,,,,,,
경인권,경기,수원시,경기대,인문,영어영문학과,영어영문학과,유지,유지,교과성적우수자,3.02,3.02,학교장추천,3.32,3.28,,,,KGU학생부종합,3.59,3.49,,,,79.1,국수영탐(1),4/4,,,,,,,,,,,,,,,,,,,,,
충청권,충남,천안시,단국대(천안),인문,보건행정학과,보건행정학과,유지,유지,학생부교과우수자,3,2.94,,,,,,,DKU인재-서류형,4.21,3.95,,,,79.1,국수영탐(1),3/1,,,,,,,,,,,,,,,,,,,,,
충청권,충남,천안시,단국대(천안),인문,인문사회계열광역,인문사회계열광역,유지,유지,학생부교과우수자,3.72,3.56,,,,,,,DKU인재-서류형,4.28,4.1,,,,79.1,국수영탐(1),3/1,,,,,,,,,,,,,,,,,,,,,
경상권,경북,경산시,대구대,자연,물리치료학과,물리치료학과,유지,유지,일반,3.7,3,,,,,,,서류,3.84,3.63,,,,79.1,국수영탐(1),4/2,,,,,,,,,,,,,,,,,,,,,
서울,서울,성북구,성신여대,인문,유아교육과,유아교육과,신설,신설,지역균형,2.53,2.46,,,,,,,자기주도인재,3.21,3.01,,,,79.1,국수영탐(2),3/3,,,,,,,,,,,,,,,,,,,,,
경인권,경기,안양시,안양대,인문,국어국문학과,국어국문학과,,,아리학생부교과,2.85,2.68,아리학생부면접,3.53,3.43,,,,아리학생부종합Ⅰ,3.78,3.78,,,,79.1,국영탐(1),5/-,,,,,,,,,,,,,,,,,,,,,
경인권,경기,안양시,안양대,자연,식품영양학과,식품영양학과,,,아리학생부교과,1.88,1.7,아리학생부면접,1.89,1,,,,아리학생부종합Ⅱ,3.95,3.76,,,,79.1,수영탐(1),3/-,,,,,,,,,,,,,,,,,,,,,
전라권,광주,북구,전남대,인문,심리학과,심리학과,유지,유지,일반,2.54,2.54,,,,,,,고교생활우수자Ⅰ,3.06,2.97,,,,79.1,국수탐(2),3/2,,,,,,,,,,,,,,,,,,,,,
경인권,경기,안산시,한양대(ERICA),자연,건설환경공학과,건설환경공학과,유지,유지,지역균형선발,2.71,2.68,,,,,,,서류형,3.16,2.98,,,,79.08824,국수영탐(2),2/1,,,,,,,,,,,,,,,,,,,,,
경인권,경기,용인시,용인대,인문,사회복지학과,사회복지학과,,,교과성적우수자 특별,2.8,2.8,일반학생,2.5,2.5,,,,,,,,,,79.085,국영탐(1),3/-,,,,,,,,,,,,,,,,,,,,,
경상권,부산,금정구,부산대,자연,화공생명공학과,화공생명공학과,유지,유지,학생부교과,1.69,1.68,,,,,,,학생부종합,2.13,2.12,,,,79.0625,국수영탐(2),2/1,,,,,,,,,,,,,,,,,,,,,
경인권,인천,미추홀구,인하대,인문,아동심리학과,아동심리학과,유지,유지,지역균형,2.47,2.46,,,,,,,인하미래인재,2.99,2.92,,,,79.05882,국수영탐(2),2/2,,,,,,,,,,,,,,,,,,,,,
경인권,경기,수원시,경기대,인문,무역학과,무역학과,유지,유지,교과성적우수자,3.25,3.25,학교장추천,3.24,3.17,,,,KGU학생부종합,4,3.82,,,,79.05,국수영탐(1),3/3,,,,,,,,,,,,,,,,,,,,,
강원권,강원,강릉시,"강원대(강릉,원주)",인문,경영학과,경영학과,유지,유지,해람교과,3.98,3.84,,,,,,,해람인재,5.07,4.91,,,,79.006,국수영탐(1) 중 3개,4/1,,,,,,,,,,,,,,,,,,,,,
경인권,경기,수원시,경기대,인문,문헌정보학과,문헌정보학과,유지,유지,교과성적우수자,3.36,3.36,학교장추천,3.01,3.01,,,,KGU학생부종합,3.68,3.58,,,,79,국수영탐(1),3/3,,,,,,,,,,,,,,,,,,,,,
경상권,경북,안동시,국립경국대,자연,기계교육과,기계교육과,유지,유지,일반학생,3.84,3.57,,,,,,,NUG인재,4.82,4.29,,,,79,국수영탐(1) 중 2개,3/5,,,,,,,,,,,,,,,,,,,,,
충청권,충남,천안시,단국대(천안),자연,의생명과학부 생명과학전공,의생명과학부 생명과학전공,유지,유지,학생부교과우수자,2.96,2.81,,,,,,,DKU인재-서류형,3.18,2.96,,,,79,국수영탐(1),4/2,,,,,,,,,,,,,,,,,,,,,
충청권,충남,천안시,단국대(천안),자연,임상병리학과,임상병리학과,유지,유지,학생부교과우수자,2.63,2.51,,,,,,,DKU인재-서류형,3.32,3.22,,,,79,국수영탐(1),3/4,,,,,,,,,,,,,,,,,,,,,
충청권,충남,천안시,단국대(천안),자연,자연공학계열광역,자연공학계열광역,유지,유지,학생부교과우수자,3.78,3.53,,,,,,,DKU인재-서류형,4.1,3.9,,,,79,국수영탐(1),4/2,,,,,,,,,,,,,,,,,,,,,
경상권,경북,경산시,대구대,자연,지구과학교육과,지구과학교육과,유지,유지,일반,4.3,3.8,,,,,,,서류,4.46,4.1,,,,79,국수영탐(1),3/1,,,,,,,,,,,,,,,,,,,,,
충청권,대전,서구,목원대,인문,경찰법학과,경찰법학과,유지,유지,교과,4.38,4.09,,,,,,,,,,,,,79,국수영탐탐한 중 2개,5/4,,,,,,,,,,,,,,,,,,,,,
경상권,부산,금정구,부산대,자연,전기전자공학부(전자공학전공),전기전자공학부(전자공학전공),유지,유지,학생부교과,1.98,1.9,,,,,,,학생부종합,2.05,2.04,,,,79,국수영탐(2),2/1,,,,,,,,,,,,,,,,,,,,,
충청권,충남,천안시,상명대,예체능,예술학부 디지털만화영상전공,예술학부 디지털만화영상전공,유지,유지,,,,,,,,,,상명인재,2.8,2.61,,,,79,"국수영 중 2개, 탐구(1)",2/3,,,,,,,,,,,,,,,,,,,,,
충청권,충북,청주시,충북대,자연,지역건설공학과,지역건설공학과,유지,유지,학생부교과,3.91,3.84,,,,,,,학생부종합Ⅰ,3.98,3.85,학생부종합Ⅱ,4.49,4.46,79,국수영탐(2),4/-,,,,,,,,,,,,,,,,,,,,,
충청권,충북,청주시,충북대,자연,컴퓨터공학과,컴퓨터공학과,유지,유지,학생부교과,3.06,2.9,,,,,,,sw우수인재,3.35,3.14,학생부종합Ⅰ,3.15,3.05,79,국수영탐(2),4/-,,,,,,,,,,,,,,,,,,,,,
충청권,대전,대덕구,한남대,인문,국어교육과,국어교육과,유지,유지,일반,3.59,3.41,,,,,,,한남인재Ⅰ,2.76,2.76,한남인재Ⅱ,3.8,3.8,79,"수영탐(1) 중 2개, 국어",3/3,,,,,,,,,,,,,,,,,,,,,
충청권,대전,유성구,충남대,인문,리더십과조직과학전공,리더십과조직과학전공,유지,유지,일반,4.12,3.89,,,,,,,학생부종합Ⅰ,,,학생부종합Ⅰ[서류],,,78.95,국수탐(2),3/3,,,,,,,,,,,,,,,,,,,,,
충청권,대전,유성구,충남대,인문,행정학부,행정학부,유지,유지,일반,2.54,2.5,,,,,,,학생부종합Ⅰ,3.12,3.05,학생부종합Ⅰ[서류],2.99,2.81,78.95,국수탐(2),2/2,,,,,,,,,,,,,,,,,,,,,
경상권,울산,남구,울산대,자연,에너지화학공학부,에너지화학공학부,유지,유지,일반교과,2.4,2.31,,,,,,,잠재역량,,4.05,,,,78.94695,국수영탐(1)한,4/2,,,,,,,,,,,,,,,,,,,,,
강원권,강원,강릉시,가톨릭관동대,자연,간호학과,간호학과,유지,유지,일반,2.91,2.87,,,,,,,일반,3.45,3.28,,,,78.9,"국수탐(2) 중 2개, 영",3/-,,,,,,,,,,,,,,,,,,,,,
강원권,강원,춘천시,강원대,인문,역사교육과,역사교육과,명칭변경,유지,일반,3.39,3.31,,,,,,,미래인재Ⅱ,2.82,2.81,,,,78.9,국수영탐(2),3/1,,,,,,,,,,,,,,,,,,,,,
충청권,대전,유성구,국립한밭대,자연,도시공학과,도시공학과,유지,유지,일반,4.12,4.08,,,,,,,일반,5.22,5.18,,,,78.9,"국영탐(1) 중 2개, 수학",1/-,,,,,,,,,,,,,,,,,,,,,
경인권,경기,안양시,안양대,자연,AI융합학과,AI융합학과,,,아리학생부교과,2.44,2.44,아리학생부면접,3.67,3.17,,,,아리학생부종합Ⅱ,4.25,4.25,,,,78.9,수영탐(1),5/-,,,,,,,,,,,,,,,,,,,,,
경인권,경기,안양시,안양대,인문,유아교육과,유아교육과,,,아리학생부교과,2.85,2.83,아리학생부면접,3.3,3.3,,,,아리학생부종합Ⅰ,3.77,3.68,,,,78.9,국영탐(1),5/-,,,,,,,,,,,,,,,,,,,,,
충청권,충남,태안군,한서대,자연,항공전자공학과,항공전자공학과,유지,유지,학생부교과1,3.37,3.12,학생부교과2,7,5.9,한서인재,4,3.5,융합인재,,5.6,,,,78.9,"국수영 중 2개, 탐구(1)",-/-,,,,,,,,,,,,,,,,,,,,,
경인권,경기,안산시,한양대(ERICA),자연,해양융합공학과,해양융합공학과,유지,유지,지역균형선발,2.86,2.83,,,,,,,서류형,2.88,2.84,,,,78.85294,국수영탐(2),2/2,,,,,,,,,,,,,,,,,,,,,
경인권,경기,수원시,경기대,인문,국어국문학과,국어국문학과,유지,유지,교과성적우수자,3.24,3.1,학교장추천,2.91,2.86,,,,KGU학생부종합,3.86,3.76,,,,78.85,국수영탐(1),3/1,,,,,,,,,,,,,,,,,,,,,
충청권,충북,청주시,충북대,자연,신소재공학과,신소재공학과,유지,유지,학생부교과,2.51,2.51,,,,,,,학생부종합Ⅰ,3.09,3.03,학생부종합Ⅱ,3.54,3.24,78.8125,국수영탐(2),4/-,,,,,,,,,,,,,,,,,,,,,
경인권,경기,부천시,서울신학대,인문,관광경영학과,관광경영학과,유지,유지,교과성적,2.73,2.73,일반,4.45,4.12,,,,H+인재,5.29,5.08,,,,78.8,"국수탐(1) 중 2개, 영어",5/1,,,,,,,,,,,,,,,,,,,,,
충청권,대전,유성구,충남대,인문,고고학과,고고학과,유지,유지,일반,3.48,3.22,,,,,,,학생부종합Ⅰ,,,학생부종합Ⅰ[서류],3.76,3.76,78.8,국수탐(2),4/2,,,,,,,,,,,,,,,,,,,,,
경인권,경기,시흥시,한국공학대,자연,컴퓨터공학부(컴퓨터공학전공),컴퓨터공학부(컴퓨터공학전공),유지,유지,교과우수자,2.97,2.78,지역균형,2.89,2.89,,,,창의인재,4.28,3.96,,,,78.8,국수영탐(1),3/-,,,,,,,,,,,,,,,,,,,,,
경인권,경기,군포시,한세대,인문,미디어커뮤니케이션전공,미디어영상광고학과,유지,변경,학생부 교과우수자,3.6,3.4,학생부 면접우수자,4.5,4,,,,,,,,,,78.8,"국수 중 1개, 영탐(1)",3/1,,,,,,,,,,,,,,,,,,,,,
경인권,인천,미추홀구,인하대,인문,한국어문학과,한국어문학과,유지,유지,지역균형,2.7,2.66,,,,,,,인하미래인재,3.34,3.3,,,,78.79412,국수영탐(2),2/1,,,,,,,,,,,,,,,,,,,,,
경인권,경기,용인시,한국외대,인문,글로벌스포츠산업학부,글로벌스포츠산업학부,유지,유지,학교장추천,193.84,194.65,,,,,,,학생부종합(면접형),3.8,3.6,학생부종합(서류형),3.09,2.93,78.76471,국수영탐(2),3/2,,,,,,,,,,,,,,,,,,,,,
경인권,경기,수원시,경기대,인문,휴먼서비스학부,휴먼서비스학부,유지,유지,교과성적우수자,3.18,3.18,학교장추천,3.01,2.95,,,,KGU학생부종합,3.68,3.63,,,,78.7,국수영탐(1),3/3,,,,,,,,,,,,,,,,,,,,,
충청권,대전,유성구,충남대,자연,건축학과(5),건축학과(5),유지,유지,일반,2.51,2.42,,,,,,,학생부종합Ⅰ,2.97,2.92,학생부종합Ⅰ[서류],3.15,3.13,78.7,국수탐(2),2/1,,,,,,,,,,,,,,,,,,,,,
충청권,대전,유성구,충남대,자연,미생물•분자생명과학과,미생물•분자생명과학과,유지,유지,일반,2.27,2.19,,,,,,,학생부종합Ⅰ,3.21,3.02,,,,78.7,국수탐(2),2/1,,,,,,,,,,,,,,,,,,,,,
강원권,강원,강릉시,"강원대(강릉,원주)",인문,국제통상학과,국제통상학과,유지,유지,해람교과,4.71,4.43,,,,,,,해람인재,6.09,5.96,,,,78.678,국수영탐(1) 중 3개,3/4,,,,,,,,,,,,,,,,,,,,,
강원권,강원,원주시,"강원대(강릉,원주)",자연,전기공학과,전기공학과,유지,유지,해람교과,3.72,3.41,,,,,,,해람인재,5.31,5.26,,,,78.678,국수영탐(1) 중 3개,3/4,,,,,,,,,,,,,,,,,,,,,
충청권,충남,공주시,국립공주대,인문,독어독문학과,독어독문학과,유지,유지,교과Ⅰ,4.47,4.46,,,,,,,일반,5.53,5.39,,,,78.676,국수영탐(1) 중 3개,3/-,,,,,,,,,,,,,,,,,,,,,
충청권,충북,충주시,국립한국교통대,자연,자동차공학과,자동차공학과,유지,유지,일반,4.62,2.9,,,,,,,나비인재Ⅱ,5.33,4.92,,,,78.673,국수영탐(1) 중 3개,4/-,,,,,,,,,,,,,,,,,,,,,
충청권,충남,공주시,국립공주대,자연,대기과학과,대기과학과,유지,유지,교과Ⅰ,4.09,4.01,,,,,,,일반,4.55,4.13,,,,78.662,"국영탐(1) 중 2개, 수학",3/-,,,,,,,,,,,,,,,,,,,,,
충청권,충남,공주시,국립공주대,공통,자연과학대학자율전공학부,자율전공학부(자연과학대학),신설,신설,자율전공,4.76,4.6,,,,,,,,,,,,,78.656,"국영탐(1) 중 2개, 수학",4/-,,,,,,,,,,,,,,,,,,,,,
충청권,충남,공주시,국립공주대,자연,보건행정학과,보건행정학과,유지,유지,교과Ⅰ,4.09,4.07,교과Ⅱ,4.28,4.28,,,,일반,4.54,4.36,,,,78.651,"국영탐(1) 중 2개, 수학",3/-,,,,,,,,,,,,,,,,,,,,,
경인권,경기,용인시,용인대,인문,중국학과,중국학과,,,교과성적우수자 특별,2.9,2.8,일반학생,2.8,2.7,,,,,,,,,,78.644,국영탐(1),2/-,,,,,,,,,,,,,,,,,,,,,
충청권,충북,청주시,충북대,인문,국어교육과,국어교육과,유지,유지,학생부교과,2.93,2.84,,,,,,,학생부종합Ⅰ,2.86,2.78,,,,78.625,국수영탐(2),3/-,,,,,,,,,,,,,,,,,,,,,
충청권,충북,청주시,충북대,인문,지리교육과,지리교육과,유지,유지,학생부교과,3.04,2.97,,,,,,,학생부종합Ⅰ,3.18,3.05,,,,78.625,국수영탐(2),3/-,,,,,,,,,,,,,,,,,,,,,
전라권,전남,무안군,국립목포대,자연,간호학과,간호학과,유지,유지,교과일반,2.1,2.01,,,,,,,종합일반,3.93,3.82,,,,78.6,"국탐(1) 중 1개, 수영",3/-,,,,,,,,,,,,,,,,,,,,,
충청권,충남,천안시,백석대,공통,자유전공학부,자유전공학부(자연계열),유지,변경,일반,6.39,6,,,,,,,,,,,,,78.6,"국수영 중 2개, 탐구(1)",3/-,,,,,,,,,,,,,,,,,,,,,
경인권,경기,안양시,성결대,자연,컴퓨터공학과,컴퓨터공학과,유지,유지,SKU창의적인재,5.2,,교과성적우수자,3.4,,,,,,,,,,,78.6,"국수영 중 2개, 탐구(1)",-/-,,,,,,,,,,,,,,,,,,,,,
경인권,인천,연수구,인천대,자연,전기공학과,전기공학과,유지,유지,교과성적우수자,2.96,2.98,지역균형,2.86,2.73,,,,자기추천,3.3,2.9,,,,78.6,국수영탐(2),3/-,,,,,,,,,,,,,,,,,,,,,
전라권,광주,북구,전남대,자연,생물공학과,생물공학과,유지,유지,일반,2.77,2.75,,,,,,,고교생활우수자Ⅰ,3.07,2.78,,,,78.6,국수탐(2),2/2,,,,,,,,,,,,,,,,,,,,,
전라권,전북,전주시,전주대,자연,물리치료학과,물리치료학과,유지,유지,일반학생(교과),3.7,3.5,,,,,,,일반학생(종합),4.8,4.52,,,,78.6,"국수영 중 2개, 탐구(1)",5/4,,,,,,,,,,,,,,,,,,,,,
충청권,대전,유성구,충남대,자연,신소재공학과,신소재공학과,유지,유지,일반,2.62,2.5,,,,,,,학생부종합Ⅰ,3.08,2.98,학생부종합Ⅰ[서류],3.08,3,78.6,국수탐(2),4/5,,,,,,,,,,,,,,,,,,,,,
경상권,대구,북구,경북대,자연,건축학부(건축공학전공),건축학부(건축공학전공),유지,유지,교과우수자,3.09,3.08,,,,,,,일반학생,4.76,4.37,,,,78.57143,국수영탐(2),3/1,,,,,,,,,,,,,,,,,,,,,
경상권,대구,북구,경북대,자연,환경공학과,환경공학과,유지,유지,교과우수자,2.62,2.6,,,,,,,일반학생,4.49,4.33,,,,78.57143,국수영탐(2),3/1,,,,,,,,,,,,,,,,,,,,,
충청권,충남,천안시,단국대(천안),자연,자연공학계열광역,자연공학계열광역,유지,유지,학생부교과우수자,3.78,3.53,,,,,,,DKU인재-서류형,4.1,3.9,,,,78.55,국수영탐(1),4/2,,,,,,,,,,,,,,,,,,,,,
충청권,충남,천안시,단국대(천안),자연,제약공학과,제약공학과,유지,유지,학생부교과우수자,2.55,2.46,,,,,,,DKU인재-서류형,3,2.85,,,,78.55,국수영탐(1),4/2,,,,,,,,,,,,,,,,,,,,,
충청권,대전,유성구,충남대,자연,스마트시티건축공학과,스마트시티건축공학과,유지,유지,일반,3.03,2.87,,,,,,,학생부종합Ⅰ,3.56,3.54,학생부종합Ⅰ[서류],3.5,3.4,78.55,국수탐(2),3/4,,,,,,,,,,,,,,,,,,,,,
서울,서울,동대문구,서울시립대,예체능,스포츠과학과,스포츠과학과,유지,유지,,,,,,,,,,학생부종합I,2.48,2.47,,,,78.53333,국수영,1/1,,,,,,,,,,,,,,,,,,,,,
경인권,인천,미추홀구,인하대,인문,영어교육과,영어교육과,유지,유지,지역균형,1.98,1.98,,,,,,,인하미래인재,2.68,2.64,,,,78.52941,국수영탐(2),2/2,,,,,,,,,,,,,,,,,,,,,
경인권,인천,미추홀구,인하대,인문,일본언어문화학과,일본언어문화학과,유지,유지,지역균형,2.62,2.57,,,,,,,인하미래인재,5.09,3.84,,,,78.52941,국수영탐(2),2/1,,,,,,,,,,,,,,,,,,,,,
충청권,충남,논산시,건양대,인문,국방산업경영학부,경영학부,유지,변경,일반학생[교과],6.08,5.65,,,,,,,,,,,,,78.5,국수영탐(1) 중 2개,4/6,,,,,,,,,,,,,,,,,,,,,
경상권,대구,남구,대구가톨릭대,자연,간호학과,간호학과,유지,유지,교과,2.06,1.88,,,,,,,가톨릭지도자추천,2.2,2.05,종합,2.55,2.42,78.5,국수영탐(1),4/3,,,,,,,,,,,,,,,,,,,,,
경상권,경북,경산시,대구대,자연,수학교육과,수학교육과,유지,유지,일반,4.7,3.9,,,,,,,서류,4.26,4.04,,,,78.5,국수영탐(1),5/2,,,,,,,,,,,,,,,,,,,,,
서울,서울,노원구,삼육대,예체능,체육학과,체육학과,유지,유지,,,,,,,,,,재림교회목회자추천,,,,,,78.5,국수영탐(2) 중 2개,2/2,,,,,,,,,,,,,,,,,,,,,
전라권,광주,북구,전남대,인문,문헌정보학과,문헌정보학과,유지,유지,일반,3.41,2.85,,,,,,,고교생활우수자Ⅰ,3.14,2.91,,,,78.5,국수탐(2),4/2,,,,,,,,,,,,,,,,,,,,,
충청권,충남,서산시,한서대,자연,간호학과,간호학과,유지,유지,학생부교과1,3.12,3,학생부교과2,3.4,3,한서인재,4.12,3.75,융합인재,,3.4,,,,78.5,"국수영 중 2개, 탐구(1)",-/-,,,,,,,,,,,,,,,,,,,,,
서울,서울,노원구,삼육대,인문,사회복지학과,사회복지학과,유지,유지,학교장추천,3.32,3.32,,,,,,,세움인재,3.87,3.76,재림교회목회자추천,,,78.45,국수영탐(2),3/1,,,,,,,,,,,,,,,,,,,,,
경인권,인천,연수구,인천대,자연,기계공학과,기계공학과,유지,유지,교과성적우수자,3.05,2.77,지역균형,2.73,2.41,,,,자기추천,3.3,2.8,,,,78.45,국수영탐(2),3/-,,,,,,,,,,,,,,,,,,,,,
전라권,광주,북구,전남대,자연,분자생명공학과,분자생명공학과,유지,유지,일반,3.1,2.94,,,,,,,고교생활우수자Ⅰ,3.09,3.03,,,,78.45,국수탐(2),4/2,,,,,,,,,,,,,,,,,,,,,
서울,서울,성북구,국민대,자연,기계공학부,기계공학부,,,교과성적우수자,2.17,2.02,,,,,,,국민프런티어,3.24,2.95,학교생활우수자,2.97,2.84,78.4375,국수영탐(2),3/2,,,,,,,,,,,,,,,,,,,,,
경상권,대구,북구,경북대,인문,독어독문학과,독어독문학과,유지,유지,교과우수자,3.01,3,,,,,,,일반학생,5.26,4.46,,,,78.42857,국수영탐(2),3/1,,,,,,,,,,,,,,,,,,,,,
경상권,대구,북구,경북대,자연,원예과학과,원예과학과,유지,유지,교과우수자,4.19,3.76,,,,,,,,,,,,,78.42857,국수영탐(2),3/1,,,,,,,,,,,,,,,,,,,,,
경인권,인천,연수구,인천대,인문,정치외교학과,정치외교학과,유지,유지,교과성적우수자,3.42,3.42,지역균형,2.93,2.93,,,,자기추천,3.3,2.8,,,,78.425,국수영탐(2),3/-,,,,,,,,,,,,,,,,,,,,,
강원권,강원,춘천시,강원대,인문,경영·회계학부,경영·회계학부,명칭변경,유지,일반,3.38,3.28,,,,,,,미래인재Ⅰ,3.75,3.53,미래인재Ⅱ,3.81,3.71,78.4,국수영탐(2),4/4,,,,,,,,,,,,,,,,,,,,,
충청권,충남,아산시,순천향대,인문,한국문화콘텐츠학과,한국문화콘텐츠학과,유지,유지,교과면접,2.833,3,교과우수자,3.5,3.536,,,,일반학생,4.63,4.31,,,,78.4,"국수영 중 2개, 탐구(1)",4/3,,,,,,,,,,,,,,,,,,,,,
경인권,경기,안양시,안양대,자연,도시정보공학과,도시정보공학과,,,아리학생부교과,3.5,3.39,아리학생부면접,4.19,4.19,,,,아리학생부종합Ⅱ,4.09,3.93,,,,78.4,수영탐(1),5/-,,,,,,,,,,,,,,,,,,,,,
경인권,경기,시흥시,한국공학대,자연,에너지·전기공학과,에너지·전기공학부(미래에너지시스템전공),유지,유지,교과우수자,3.14,3.06,지역균형,3.38,3.36,,,,창의인재,4.85,4.64,,,,78.4,국수영탐(1),2/-,,,,,,,,,,,,,,,,,,,,,
서울,서울,용산구,숙명여대,인문,중어중문학부,중어중문학부,유지,유지,지역균형선발,2.16,2.13,,,,,,,숙명인재(면접형),4.13,4,,,,78.375,국수영탐(2),2/-,,,,,,,,,,,,,,,,,,,,,
경인권,경기,안산시,한양대(ERICA),인문,미디어학과,미디어학과,유지,유지,지역균형선발,2.66,2.6,,,,,,,서류형,2.93,2.83,,,,78.35294,국수영탐(2),3/2,,,,,,,,,,,,,,,,,,,,,
충청권,충남,천안시,단국대(천안),인문,공공정책학과,공공정책학과,유지,유지,학생부교과우수자,3.36,3.15,,,,,,,DKU인재-서류형,3.69,3.56,,,,78.35,국수영탐(1),2/3,,,,,,,,,,,,,,,,,,,,,
충청권,충남,천안시,단국대(천안),인문,인문사회계열광역,인문사회계열광역,유지,유지,학생부교과우수자,3.72,3.56,,,,,,,DKU인재-서류형,4.28,4.1,,,,78.35,국수영탐(1),2/3,,,,,,,,,,,,,,,,,,,,,
충청권,충북,충주시,국립한국교통대,자연,산업경영공학과,산업경영공학과,유지,유지,일반,4.83,4.59,,,,,,,나비인재Ⅱ,5.29,4.73,,,,78.348,국수영탐(1) 중 3개,4/-,,,,,,,,,,,,,,,,,,,,,
충청권,충북,충주시,국립한국교통대,자연,화공생물공학과,화공생물공학과,유지,유지,일반,4.29,4.2,,,,,,,나비인재Ⅱ,5.09,4.71,,,,78.345,국수영탐(1) 중 3개,3/-,,,,,,,,,,,,,,,,,,,,,
충청권,충남,공주시,국립공주대,예체능,영상학과,영상학과,유지,유지,교과Ⅰ,3.74,3.67,,,,,,,일반,6.05,5.35,,,,78.343,국수영탐(1) 중 3개,3/-,,,,,,,,,,,,,,,,,,,,,
충청권,충북,충주시,국립한국교통대,자연,나노화학소재공학과,나노화학소재공학과,유지,유지,일반,,4.29,,,,,,,나비인재Ⅱ,5.76,5.31,,,,78.342,국수영탐(1) 중 3개,4/-,,,,,,,,,,,,,,,,,,,,,
충청권,충북,청주시,청주대,자연,치위생학과,치위생학과,유지,유지,일반,3.5,3.63,창의면접,4.63,4.75,,,,,,,,,,78.341,국수영탐(2) 중 3개,4/4,,,,,,,,,,,,,,,,,,,,,
충청권,충북,충주시,국립한국교통대,자연,건축공학과,건축공학과,유지,유지,일반,4.32,4.19,,,,,,,나비인재Ⅱ,4.95,4.71,,,,78.34,국수영탐(1) 중 3개,4/-,,,,,,,,,,,,,,,,,,,,,
충청권,충남,아산시,선문대,자연,간호학과,간호학과,유지,유지,면접,3.05,2.85,일반,1.95,1.85,,,,서류,3.91,3.91,,,,78.335,국수영탐(1) 중 3개,4/3,,,,,,,,,,,,,,,,,,,,,
경인권,경기,용인시,강남대,자연,전자반도체공학부,전자반도체공학부,유지,유지,지역균형,4.31,4.26,,,,,,,서류면접,5.08,4.9,학생부,4.67,4.41,78.3,수영탐(1),4/3,,,,,,,,,,,,,,,,,,,,,
경인권,경기,수원시,경기대,인문,사학과,사학과,유지,유지,교과성적우수자,1.52,1.52,학교장추천,3.59,3.59,,,,KGU학생부종합,3.48,3.39,,,,78.3,국수영탐(1),2/2,,,,,,,,,,,,,,,,,,,,,
경상권,부산,영도구,국립한국해양대,자연,항해융합학부,항해융합학부,유지,유지,일반,,,,,,,,,아치해양인재Ⅰ,,,아치해양인재Ⅱ,,,78.3,국수영탐(2),2/1,,,,,,,,,,,,,,,,,,,,,
경상권,부산,영도구,국립한국해양대,자연,항해융합학부(남),항해융합학부(남),유지,유지,교과성적우수자,2.98,2.86,,,,,,,,,,,,,78.3,국수영탐(2),2/1,,,,,,,,,,,,,,,,,,,,,
경상권,부산,영도구,국립한국해양대,자연,항해융합학부(여),항해융합학부(여),유지,유지,교과성적우수자,2.52,2.28,,,,,,,,,,,,,78.3,국수영탐(2),2/1,,,,,,,,,,,,,,,,,,,,,
충청권,대전,유성구,국립한밭대,자연,산업경영공학과,산업경영공학과,유지,유지,일반,3.79,3.48,,,,,,,일반,6,5.8,학석사,5.54,5.49,78.3,"국영탐(1) 중 2개, 수학",4/-,,,,,,,,,,,,,,,,,,,,,
경상권,경북,경산시,대구대,인문,특수교육과,특수교육과,유지,유지,일반,4.2,3.3,,,,,,,서류,4.11,3.72,,,,78.3,국수영탐(1),4/1,,,,,,,,,,,,,,,,,,,,,
경인권,경기,안양시,안양대,자연,디지털미디어디자인학과,디지털미디어디자인학과,,,아리학생부교과,1.92,1.81,아리학생부면접,3.38,3.38,,,,아리학생부종합Ⅱ,4.78,4.33,,,,78.3,수영탐(1),4/-,,,,,,,,,,,,,,,,,,,,,
경인권,경기,안양시,안양대,자연,이공계열자유전공,이공계열자유전공,,,아리학생부교과,3.42,3.36,아리학생부면접,4.35,4.29,,,,,,,,,,78.3,수영탐(1),4/-,,,,,,,,,,,,,,,,,,,,,
경인권,경기,안양시,안양대,자연,통계데이터사이언스학과,통계데이터사이언스학과,,,아리학생부교과,2.86,2.81,아리학생부면접,3.85,3.85,,,,아리학생부종합Ⅱ,4.22,4.07,,,,78.3,수영탐(1),4/-,,,,,,,,,,,,,,,,,,,,,
경인권,인천,연수구,인천대,자연,나노바이오공학전공,나노바이오공학전공,유지,유지,교과성적우수자,2.72,2.68,지역균형,3.13,3.13,,,,자기추천,3.4,2.9,,,,78.3,국수영탐(2),3/-,,,,,,,,,,,,,,,,,,,,,
경인권,경기,시흥시,한국공학대,자연,컴퓨터공학부(소프트웨어전공),컴퓨터공학부(소프트웨어전공),유지,유지,교과우수자,3.44,3.44,지역균형,2.85,2.81,,,,창의인재,4,3.83,,,,78.3,국수영탐(1),4/-,,,,,,,,,,,,,,,,,,,,,
경상권,대구,북구,경북대,인문,국어국문학과,국어국문학과,유지,유지,교과우수자,2.96,2.96,,,,,,,일반학생,4.14,4.02,,,,78.28571,국수영탐(2),3/1,,,,,,,,,,,,,,,,,,,,,
서울,서울,노원구,서울과기대,자연,안경광학과,안경광학과,유지,유지,고교추천,2.33,2.26,,,,,,,학교생활우수자,3.65,3.5,,,,78.28125,국수영탐(2),2/1,,,,,,,,,,,,,,,,,,,,,
경인권,인천,연수구,인천대,인문,국어교육과,국어교육과,유지,유지,교과성적우수자,2.85,2.85,,,,,,,자기추천,3.3,2.8,,,,78.25,국수영탐(2),3/-,,,,,,,,,,,,,,,,,,,,,
충청권,대전,유성구,충남대,자연,천문우주과학과,천문우주과학과,유지,유지,일반,2.8,2.66,,,,,,,학생부종합Ⅰ,3.57,3.41,학생부종합Ⅰ[서류],3.38,3.34,78.25,국수탐(2),3/2,,,,,,,,,,,,,,,,,,,,,
충청권,충남,천안시,단국대(천안),자연,치위생학과,치위생학과,유지,유지,학생부교과우수자,3.01,2.89,,,,,,,DKU인재-서류형,3.5,3.41,,,,78.2,국수영탐(1),4/2,,,,,,,,,,,,,,,,,,,,,
충청권,충남,아산시,순천향대,자연,에너지공학과,에너지공학과,유지,유지,교과면접,4.426,3.963,교과우수자,4.533,4.453,,,,일반학생,5.44,5.19,,,,78.2,"국수영 중 2개, 탐구(1)",4/4,,,,,,,,,,,,,,,,,,,,,
경인권,경기,시흥시,한국공학대,자연,전자공학부(전자공학전공),전자공학부(전자공학전공),유지,유지,교과우수자,2.87,2.86,지역균형,2.81,2.8,,,,창의인재,4.24,4.11,,,,78.2,국수영탐(1),2/-,,,,,,,,,,,,,,,,,,,,,
서울,서울,노원구,한국성서대,자연,AI융합학부,AI융합학부,유지,유지,교과성적우수자,4.8,4.04,목회자추천,4.71,4.52,일반학생,4.55,4.4,,,,,,,78.2,수영탐(1),3/2,,,,,,,,,,,,,,,,,,,,,
서울,서울,성북구,한성대,자연,AI응용학과[야],AI응용학과[야],유지,유지,교과우수,3.11,3.1,,,,,,,한성인재,3.99,3.9,,,,78.2,국수영탐(1),3/1,,,,,,,,,,,,,,,,,,,,,
경인권,경기,용인시,용인대,자연,AI융합학부,AI융합학부,,,교과성적우수자 특별,3,2.8,일반학생,2.6,2.4,,,,,,,,,,78.185,수영탐(1),3/-,,,,,,,,,,,,,,,,,,,,,
경인권,인천,연수구,인천대,인문,행정학과,행정학과,유지,유지,교과성적우수자,2.96,2.82,지역균형,3.05,2.94,,,,자기추천,3.4,2.8,,,,78.175,국수영탐(2),3/-,,,,,,,,,,,,,,,,,,,,,
서울,서울,성북구,동덕여대,자연,응용화학전공,응용화학전공,유지,유지,학생부교과우수자,2.92,2.91,,,,,,,동덕창의리더,,,,,,78.15,국수영탐(1),3/2,,,,,,,,,,,,,,,,,,,,,
충청권,대전,유성구,충남대,인문,무역학과,무역학과,유지,유지,일반,2.84,2.8,,,,,,,학생부종합Ⅰ,3.64,3.56,학생부종합Ⅰ[서류],3.67,3.62,78.15,국수탐(2),3/1,,,,,,,,,,,,,,,,,,,,,
경인권,인천,연수구,인천대,인문,Global Trade & Service학부,무역학부,유지,변경,교과성적우수자,2.96,2.92,지역균형,3.02,2.77,,,,자기추천,3.7,3.1,,,,78.125,국수영탐(2),3/-,,,,,,,,,,,,,,,,,,,,,
경인권,인천,연수구,인천대,인문,도시행정학과,도시행정학과,유지,유지,교과성적우수자,3.58,3.58,지역균형,3.03,3.03,,,,자기추천,3.5,3,,,,78.125,국수영탐(2),2/-,,,,,,,,,,,,,,,,,,,,,
충청권,충북,청주시,충북대,인문,경영학부,경영학부,유지,유지,학생부교과,2.91,2.78,,,,,,,학생부종합Ⅰ,3.13,2.89,학생부종합Ⅱ,3.49,3.44,78.125,국수영탐(2),3/-,,,,,,,,,,,,,,,,,,,,,
충청권,충북,청주시,충북대,인문,역사교육과,역사교육과,유지,유지,학생부교과,2.91,2.73,,,,,,,학생부종합Ⅰ,2.58,2.33,,,,78.125,국수영탐(2),-/-,,,,,,,,,,,,,,,,,,,,,
경인권,경기,용인시,강남대,인문,유아교육과,유아교육과,유지,유지,,,,,,,,,,서류면접,4.52,4.42,학생부,4.43,4.14,78.1,"국수 중 1개, 영탐(1)",4/5,,,,,,,,,,,,,,,,,,,,,
경상권,경북,경산시,대구가톨릭대,자연,건축학과,건축학과,유지,유지,교과,4.26,4.04,,,,,,,종합,4.64,4.46,,,,78.1,국수영탐(1) 중 3개,4/4,,,,,,,,,,,,,,,,,,,,,
경인권,인천,연수구,인천대,인문,데이터과학과,데이터과학과,유지,유지,교과성적우수자,2.9,2.9,지역균형,3.25,3.25,,,,자기추천,3.3,2.8,,,,78.075,국수영탐(2),3/-,,,,,,,,,,,,,,,,,,,,,
경인권,경기,안산시,한양대(ERICA),인문,경제학부,경제학부,유지,유지,지역균형선발,2.89,2.84,,,,,,,서류형,3.43,3.33,,,,78.05882,국수영탐(2),4/1,,,,,,,,,,,,,,,,,,,,,
경인권,경기,안산시,한양대(ERICA),자연,교통·물류공학과,교통·물류공학과,유지,유지,지역균형선발,2.77,2.75,,,,,,,서류형,3.64,3.39,,,,78.05882,국수영탐(2),3/1,,,,,,,,,,,,,,,,,,,,,
충청권,대전,유성구,충남대,인문,사학과,사학과,유지,유지,일반,3.04,2.94,,,,,,,학생부종합Ⅰ,3.33,3.25,학생부종합Ⅰ[서류],2.98,2.98,78.05,국수탐(2),3/1,,,,,,,,,,,,,,,,,,,,,
충청권,대전,유성구,충남대,자연,항공우주공학과,항공우주공학과,유지,유지,일반,2.86,2.69,,,,,,,학생부종합Ⅰ,3.37,3.35,학생부종합Ⅰ[서류],3.29,2.98,78.05,국수탐(2),2/3,,,,,,,,,,,,,,,,,,,,,
경인권,인천,연수구,인천대,인문,소비자학과,소비자학과,유지,유지,교과성적우수자,2.83,2.93,지역균형,2.86,2.75,,,,자기추천,3.7,3.1,,,,78.025,국수영탐(2),3/-,,,,,,,,,,,,,,,,,,,,,
충청권,충북,청주시,청주대,자연,물리치료학과,물리치료학과,유지,유지,창의면접,3.88,3.25,,,,,,,,,,,,,78.007,국수영탐(2) 중 3개,4/4,,,,,,,,,,,,,,,,,,,,,
경상권,대구,북구,경북대,자연,의류학과,의류학과,유지,유지,교과우수자,3.31,3.23,,,,,,,일반학생,4.42,4.14,,,,78,국수영탐(2),3/1,,,,,,,,,,,,,,,,,,,,,
경상권,대구,북구,경북대,인문,한문학과,한문학과,유지,유지,교과우수자,3.24,3.22,,,,,,,일반학생,4.72,4.57,,,,78,국수영탐(2),3/1,,,,,,,,,,,,,,,,,,,,,
경상권,경북,경산시,대구대,인문,영어교육과,영어교육과,유지,유지,일반,5.1,3.9,,,,,,,서류,4.97,4.97,,,,78,국수영탐(1),3/2,,,,,,,,,,,,,,,,,,,,,
경인권,경기,포천시,대진대,자연,공학자율학부,공학자율학부,유지,유지,학교장추천,4.45,4.07,학생부우수자,4.48,4.28,,,,윈윈대진,5.98,5.83,,,,78,"국수영 중 1개, 남은+탐(1)한 중 1개",3/-,,,,,,,,,,,,,,,,,,,,,
경인권,경기,포천시,대진대,자연,스마트건설환경공학과,스마트건설•환경공학과,유지,변경,학교장추천,3.97,3.59,학생부우수자,4.59,4.19,,,,윈윈대진,6.13,5.55,,,,78,"국수영 중 1개, 남은+탐(1)한 중 1개",3/-,,,,,,,,,,,,,,,,,,,,,
경인권,경기,부천시,서울신학대,공통,자율전공학부,자율전공학부,유지,유지,교과성적,4.26,4.03,일반,5.15,4.03,,,,,,,,,,78,"국수탐(1) 중 2개, 영어",2/1,,,,,,,,,,,,,,,,,,,,,
충청권,충남,아산시,순천향대,인문,글로벌문화산업학과,글로벌문화산업학과,유지,유지,교과면접,4.063,4.063,교과우수자,3.667,3.742,,,,일반학생,4.74,4.33,,,,78,"국수영 중 2개, 탐구(1)",3/5,,,,,,,,,,,,,,,,,,,,,
경인권,경기,의정부시,신한대,예체능,K-뷰티학과,K-뷰티학과,유지,유지,일반,4.2,,학생부우수자,2.7,2.4,,,,,,,,,,78,"국수 중 1개, 남은+영탐(1)한 중 1개",5/2,,,,,,,,,,,,,,,,,,,,,
전라권,전북,익산시,원광대,인문,경찰·공공행정계열,경찰행정학과,유지,변경,일반,3.15,2.82,,,,,,,학생부종합,3.91,3.74,,,,78,"국수 중 1개, 영탐(1)",4/2,,,,,,,,,,,,,,,,,,,,,
경인권,인천,미추홀구,인하대,인문,정치외교학과,정치외교학과,유지,유지,지역균형,2.45,2.39,,,,,,,인하미래인재,3.05,2.9,,,,78,국수영탐(2),2/1,,,,,,,,,,,,,,,,,,,,,
전라권,광주,북구,전남대,자연,산업공학과,산업공학과,유지,유지,일반,3.55,3.35,,,,,,,고교생활우수자Ⅰ,3.8,3.67,,,,78,국수탐(2),3/3,,,,,,,,,,,,,,,,,,,,,
충청권,대전,유성구,충남대,자연,반도체융합학과,반도체융합학과,유지,유지,일반,3.04,2.87,,,,,,,학생부종합Ⅰ,3.2,3.1,학생부종합Ⅰ[서류],3.52,3.46,78,국수탐(2),2/1,,,,,,,,,,,,,,,,,,,,,
경인권,경기,시흥시,한국공학대,자연,신소재공학과,신소재공학과,유지,유지,교과우수자,3.05,3.01,지역균형,2.84,2.81,,,,창의인재,4.11,3.76,,,,78,국수영탐(1),5/-,,,,,,,,,,,,,,,,,,,,,
경인권,경기,안산시,한양대(ERICA),인문,문화콘텐츠학과,문화콘텐츠학과,유지,유지,지역균형선발,3.68,3.58,,,,,,,서류형,2.82,2.54,,,,78,국수영탐(2),5/1,,,,,,,,,,,,,,,,,,,,,
충청권,충남,공주시,국립공주대,자연,생명과학과,생명과학과,유지,유지,교과Ⅰ,3.82,3.7,,,,,,,일반,4.94,4.81,,,,77.998,"국영탐(1) 중 2개, 수학",3/-,,,,,,,,,,,,,,,,,,,,,
충청권,충남,공주시,국립공주대,자연,응급구조학과,응급구조학과,유지,유지,교과Ⅰ,3.8,3.72,,,,,,,일반,4.24,4.06,,,,77.988,"국영탐(1) 중 2개, 수학",3/-,,,,,,,,,,,,,,,,,,,,,
서울,서울,노원구,삼육대,인문,글로벌한국학과,글로벌한국학과,유지,유지,학교장추천,3.63,3.55,,,,,,,세움인재,3.83,3.68,재림교회목회자추천,,,77.95,국수영탐(2),3/1,,,,,,,,,,,,,,,,,,,,,
충청권,충남,천안시,단국대(천안),자연,코스메디컬소재학과,코스메디컬소재학과,유지,유지,학생부교과우수자,3.12,3.12,,,,,,,DKU인재-서류형,3.73,3.63,,,,77.9,국수영탐(1),4/3,,,,,,,,,,,,,,,,,,,,,
경인권,경기,안양시,안양대,인문,행정학과[야],행정학과[야],,,아리학생부교과,,,아리학생부면접,,,,,,,,,,,,77.9,국영탐(1),4/-,,,,,,,,,,,,,,,,,,,,,
경인권,인천,연수구,인천대,인문,창의인재개발학과,창의인재개발학과,유지,유지,교과성적우수자,3.03,3.03,지역균형,3.71,3.71,,,,자기추천,3.4,2.8,,,,77.9,국수영탐(2),2/-,,,,,,,,,,,,,,,,,,,,,
경인권,경기,시흥시,한국공학대,자연,전자공학부(임베디드시스템전공),전자공학부(임베디드시스템전공),유지,유지,교과우수자,3.14,3.13,지역균형,3.31,3.33,,,,창의인재,4.5,4.48,,,,77.9,국수영탐(1),5/-,,,,,,,,,,,,,,,,,,,,,
강원권,강원,춘천시,강원대,인문,교육학과,교육학과,명칭변경,유지,일반,3.8,3.8,,,,,,,미래인재Ⅱ,3.14,3.11,,,,77.8,국수영탐(2),5/3,,,,,,,,,,,,,,,,,,,,,
충청권,대전,서구,목원대,인문,광고홍보커뮤니케이션학부,광고홍보커뮤니케이션학부,유지,유지,교과,4.38,4,,,,,,,학생부종합,4,3.5,,,,77.8,국수영탐탐한 중 2개,5/4,,,,,,,,,,,,,,,,,,,,,
충청권,대전,서구,목원대,자연,외식조리•제과제빵학과,외식조리•제과제빵학과,유지,유지,교과,3,2.85,,,,,,,,,,,,,77.8,국수영탐탐한 중 2개,5/4,,,,,,,,,,,,,,,,,,,,,
경인권,인천,연수구,인천대,자연,임베디드시스템공학과,임베디드시스템공학과,유지,유지,교과성적우수자,2.96,2.86,지역균형,2.77,2.65,,,,자기추천,3.2,2.7,,,,77.8,국수영탐(2),2/-,,,,,,,,,,,,,,,,,,,,,
충청권,대전,유성구,충남대,자연,해양환경과학과,해양환경과학과,유지,유지,일반,3.15,3.05,,,,,,,학생부종합Ⅰ,4.35,4.2,학생부종합Ⅰ[서류],4.04,3.93,77.8,국수탐(2),4/3,,,,,,,,,,,,,,,,,,,,,
경인권,인천,연수구,인천대,인문,사회복지학과,사회복지학과,유지,유지,교과성적우수자,3.04,3.04,지역균형,2.62,2.62,,,,자기추천,3.3,2.8,,,,77.75,국수영탐(2),2/-,,,,,,,,,,,,,,,,,,,,,
경인권,경기,시흥시,한국공학대,자연,게임공학과,게임공학과,유지,유지,교과우수자,3.21,3.02,지역균형,2.94,2.79,,,,창의인재,3.9,3.65,,,,77.75,국수영탐(1),4/-,,,,,,,,,,,,,,,,,,,,,
경인권,경기,용인시,강남대,자연,인공지능융합공학부,인공지능융합공학부,유지,유지,지역균형,4.01,3.99,,,,,,,서류면접,5.26,5.13,학생부,4.47,4.43,77.7,수영탐(1),4/3,,,,,,,,,,,,,,,,,,,,,
강원권,강원,춘천시,강원대,인문,영상문화학과,영상문화학과,명칭변경,유지,일반,3.4,3.34,,,,,,,미래인재Ⅰ,3.67,3.53,미래인재Ⅱ,4.24,4.02,77.7,국수영탐(2),4/4,,,,,,,,,,,,,,,,,,,,,
경인권,경기,수원시,경기대,인문,유아교육과,유아교육과,유지,유지,학교장추천,2.51,2.51,,,,,,,KGU학생부종합,3.54,3.53,,,,77.7,국수영탐(1),4/2,,,,,,,,,,,,,,,,,,,,,
충청권,대전,유성구,국립한밭대,자연,건설환경공학과,건설환경공학과,유지,유지,일반,4.35,4.04,,,,,,,일반,5.05,4.88,학석사,5.62,5.4,77.7,"국영탐(1) 중 2개, 수학",4/-,,,,,,,,,,,,,,,,,,,,,
충청권,대전,유성구,국립한밭대,자연,건축설비시스템공학과,설비공학과,유지,변경,일반,4.79,4.29,,,,,,,일반,5.53,5.5,,,,77.7,"국영탐(1) 중 2개, 수학",3/-,,,,,,,,,,,,,,,,,,,,,
경인권,인천,연수구,인천대,자연,생명공학전공,생명공학전공,유지,유지,교과성적우수자,2.6,2.4,지역균형,2.67,2.67,,,,자기추천,3.3,2.8,,,,77.7,국수영탐(2),2/-,,,,,,,,,,,,,,,,,,,,,
경인권,경기,시흥시,한국공학대,자연,에너지·전기공학과,에너지·전기공학부(전력응용시스템전공),유지,유지,교과우수자,3.42,3.25,지역균형,3.27,3.08,,,,창의인재,4.53,4.42,,,,77.7,국수영탐(1),3/-,,,,,,,,,,,,,,,,,,,,,
충청권,충남,공주시,국립공주대,인문,관광경영학과,관광경영학과,유지,유지,교과Ⅰ,4.12,3.92,,,,,,,일반,4.47,4.45,,,,77.682,국수영탐(1) 중 3개,3/-,,,,,,,,,,,,,,,,,,,,,
경상권,경북,구미시,국립금오공대,자연,기계공학부,기계공학부,유지,유지,학생부교과,4.96,4.78,,,,,,,KIT인재,5.37,5.11,,,,77.674,국수영탐(1) 중 3개,4/3,,,,,,,,,,,,,,,,,,,,,
충청권,충북,충주시,국립한국교통대,인문,사회복지학과,사회복지학과,유지,유지,일반,3.78,3.66,,,,,,,나비인재Ⅱ,4.01,3.98,,,,77.674,국수영탐(1) 중 3개,4/-,,,,,,,,,,,,,,,,,,,,,
충청권,충북,증평군,국립한국교통대,자연,식품생명학부,식품생명학부,유지,유지,일반,4.63,4.26,,,,,,,,,,,,,77.674,국수영탐(1) 중 3개,4/-,,,,,,,,,,,,,,,,,,,,,
충청권,충북,증평군,국립한국교통대,자연,식품생명학부 생명공학전공,식품생명학부 생명공학전공,변경,유지,,,,,,,,,,나비인재Ⅱ,4.73,4.35,,,,77.674,국수영탐(1) 중 3개,4/-,,,,,,,,,,,,,,,,,,,,,
충청권,충북,증평군,국립한국교통대,자연,식품생명학부 식품공학전공,식품생명학부 식품공학전공,변경,유지,,,,,,,,,,나비인재Ⅱ,4.27,4.18,,,,77.674,국수영탐(1) 중 3개,4/-,,,,,,,,,,,,,,,,,,,,,
충청권,충북,증평군,국립한국교통대,자연,식품생명학부 식품영양학전공,식품생명학부 식품영양학전공,변경,유지,,,,,,,,,,나비인재Ⅱ,4.87,4.51,,,,77.674,국수영탐(1) 중 3개,4/-,,,,,,,,,,,,,,,,,,,,,
충청권,충남,천안시,국립공주대,자연,산업공학과,산업공학과,유지,유지,교과Ⅰ,5.18,5.02,교과Ⅱ,5.77,5.62,,,,일반,6,6,,,,77.663,"국영탐(1) 중 2개, 수학",4/-,,,,,,,,,,,,,,,,,,,,,
충청권,충남,천안시,국립공주대,자연,기계자동차공학부,기계자동차공학부,유지,유지,교과Ⅰ,4.8,4.74,교과Ⅱ,5.12,4.9,,,,일반,5,4.83,,,,77.657,"국영탐(1) 중 2개, 수학",3/-,,,,,,,,,,,,,,,,,,,,,
전라권,광주,북구,전남대,인문,국어교육과,국어교육과,유지,유지,일반,2.72,2.63,,,,,,,고교생활우수자Ⅰ,3.05,3.04,,,,77.65,국수탐(2),3/1,,,,,,,,,,,,,,,,,,,,,
경인권,경기,시흥시,한국공학대,자연,기계설계공학부(기계설계전공),기계설계공학부(기계설계전공),유지,유지,교과우수자,3.4,3.4,지역균형,3.16,3.06,,,,창의인재,4.4,4.4,,,,77.65,국수영탐(1),3/-,,,,,,,,,,,,,,,,,,,,,
경인권,인천,연수구,인천대,인문,국어국문학과,국어국문학과,유지,유지,교과성적우수자,3.13,2.99,지역균형,3.08,3.08,,,,자기추천,3.2,3,,,,77.625,국수영탐(2),1/-,,,,,,,,,,,,,,,,,,,,,
경인권,인천,연수구,인천대,인문,영어교육과,영어교육과,유지,유지,교과성적우수자,2.74,2.74,,,,,,,자기추천,3.3,2.8,,,,77.625,국수영탐(2),3/-,,,,,,,,,,,,,,,,,,,,,
경인권,인천,연수구,인천대,인문,영어영문학과,영어영문학과,유지,유지,교과성적우수자,2.9,2.82,지역균형,2.71,2.79,,,,자기추천,3.5,2.9,,,,77.625,국수영탐(2),2/-,,,,,,,,,,,,,,,,,,,,,
강원권,강원,춘천시,강원대,인문,가정교육과,가정교육과,명칭변경,유지,일반,3.43,3.26,,,,,,,,,,,,,77.6,국수영탐(2),4/4,,,,,,,,,,,,,,,,,,,,,
경인권,경기,포천시,대진대,인문,아동학과,아동학과,유지,유지,학교장추천,3.6,3.35,학생부우수자,3.6,3.4,,,,윈윈대진,5.17,4.94,,,,77.6,"국수영 중 1개, 남은+탐(1)한 중 1개",3/-,,,,,,,,,,,,,,,,,,,,,
충청권,충남,천안시,백석대,인문,어문학부,어문학부,유지,유지,백석인재,5.67,4.86,일반,4.41,4.11,,,,창의인재,5.26,4.92,,,,77.6,"국수영 중 2개, 탐구(1)",3/-,,,,,,,,,,,,,,,,,,,,,
경인권,경기,부천시,서울신학대,자연,데이터사이언스학과,데이터사이언스학과,유지,유지,교과성적,4.35,4.34,일반,5.52,5.18,,,,,,,,,,77.6,"국수탐(1) 중 2개, 영어",5/4,,,,,,,,,,,,,,,,,,,,,
경인권,인천,연수구,인천대,자연,물리학과,물리학과,유지,유지,교과성적우수자,3.24,3.24,지역균형,2.99,3.06,,,,자기추천,3,2.3,,,,77.6,국수영탐(2),4/-,,,,,,,,,,,,,,,,,,,,,
전라권,전북,전주시,전주대,인문,상담심리학과,상담심리학과,유지,유지,일반학생(교과),5.25,4.81,,,,,,,일반학생(종합),5.84,5.34,,,,77.6,"국수영 중 2개, 탐구(1)",5/2,,,,,,,,,,,,,,,,,,,,,
경인권,경기,군포시,한세대,공통,자유전공학부,자유전공학부,유지,유지,학생부 교과우수자,4.2,4.2,학생부 면접우수자,4.7,4.6,,,,,,,,,,77.6,"국수 중 1개, 영탐(1)",3/1,,,,,,,,,,,,,,,,,,,,,
경인권,경기,군포시,한세대,인문,중국어전공,중국어학과,유지,유지,학생부 교과우수자,4.7,4.4,학생부 면접우수자,6,6,,,,,,,,,,77.6,"국수 중 1개, 영탐(1)",3/1,,,,,,,,,,,,,,,,,,,,,
경인권,인천,연수구,인천대,인문,문헌정보학과,문헌정보학과,유지,유지,교과성적우수자,3.17,3.17,지역균형,3.14,3.14,,,,자기추천,3.3,2.7,,,,77.575,국수영탐(2),3/-,,,,,,,,,,,,,,,,,,,,,
경상권,대구,북구,경북대,인문,노어노문학과,노어노문학과,유지,유지,교과우수자,3.24,3.2,,,,,,,일반학생,5.72,5.39,,,,77.57143,국수영탐(2),3/1,,,,,,,,,,,,,,,,,,,,,
경상권,대구,북구,경북대,인문,철학과,철학과,유지,유지,교과우수자,3.31,3.01,,,,,,,일반학생,4.3,4.29,,,,77.57143,국수영탐(2),2/2,,,,,,,,,,,,,,,,,,,,,
경인권,경기,안산시,한양대(ERICA),자연,국방지능정보융합공학부(지능정보양자공학전공),국방지능정보융합공학부(지능정보양자공학전공),유지,유지,지역균형선발,2.92,2.81,,,,,,,첨단융합인재,3.62,3.54,,,,77.55882,국수영탐(2),3/1,,,,,,,,,,,,,,,,,,,,,
경인권,경기,시흥시,한국공학대,자연,기계설계공학부(지능형모빌리티전공),기계설계공학부(지능형모빌리티전공),유지,유지,교과우수자,3.33,3.31,지역균형,3.4,3.27,,,,창의인재,4.6,4.52,,,,77.55,국수영탐(1),3/-,,,,,,,,,,,,,,,,,,,,,
강원권,강원,춘천시,강원대,인문,지리교육과,지리교육과,명칭변경,유지,일반,3.37,3.08,,,,,,,,,,,,,77.5,국수영탐(2),3/1,,,,,,,,,,,,,,,,,,,,,
충청권,충남,논산시,건양대,자연,국방반도체공학과,반도체공학과,유지,변경,일반학생[교과],6.07,5.64,,,,,,,,,,,,,77.5,국수영탐(1) 중 2개,4/3,,,,,,,,,,,,,,,,,,,,,
경인권,인천,연수구,인천대,자연,생명과학전공,생명과학전공,유지,유지,교과성적우수자,2.81,2.93,지역균형,2.62,2.62,,,,자기추천,3.4,2.9,,,,77.5,국수영탐(2),4/-,,,,,,,,,,,,,,,,,,,,,
경인권,인천,연수구,인천대,예체능,패션산업학과,패션산업학과,유지,유지,교과성적우수자,2.91,2.67,지역균형,3.16,3.12,,,,자기추천,3.3,2.8,,,,77.5,국수영탐(2),3/-,,,,,,,,,,,,,,,,,,,,,
경인권,경기,시흥시,한국공학대,인문,경영학부(IT경영전공),경영학부(IT경영전공),유지,유지,교과우수자,3.54,3.54,지역균형,3.29,3.09,,,,창의인재,4.09,4.03,,,,77.5,국수영탐(1),4/-,,,,,,,,,,,,,,,,,,,,,
경인권,인천,연수구,인천대,인문,법학부,법학부,유지,유지,교과성적우수자,2.73,2.82,지역균형,2.91,2.88,,,,자기추천,3.7,3.1,,,,77.475,국수영탐(2),3/-,,,,,,,,,,,,,,,,,,,,,
경상권,부산,금정구,부산대,인문,국어교육과,국어교육과,유지,유지,학생부교과,2.23,2.07,,,,,,,학생부종합,2.5,2.48,,,,77.46875,국수영탐(2),4/1,,,,,,,,,,,,,,,,,,,,,
강원권,강원,춘천시,강원대,자연,전자공학과,전자공학과,명칭변경,유지,일반,3.52,3.42,,,,,,,미래인재Ⅰ,3.78,3.56,미래인재Ⅱ,4.16,3.81,77.45,국수영탐(2),3/1,,,,,,,,,,,,,,,,,,,,,
경인권,인천,연수구,인천대,자연,분자의생명전공,분자의생명전공,유지,유지,교과성적우수자,2.74,2.74,지역균형,3.17,3.17,,,,자기추천,3.5,3,,,,77.45,국수영탐(2),3/-,,,,,,,,,,,,,,,,,,,,,
경인권,인천,연수구,인천대,자연,에너지화학공학과,에너지화학공학과,유지,유지,교과성적우수자,2.74,2.64,지역균형,2.54,2.46,,,,자기추천,3,2.3,,,,77.45,국수영탐(2),3/-,,,,,,,,,,,,,,,,,,,,,
충청권,대전,유성구,충남대,인문,국어국문학과,국어국문학과,유지,유지,일반,2.95,2.86,,,,,,,학생부종합Ⅰ,3.54,3.44,학생부종합Ⅰ[서류],3.22,3.1,77.45,국수탐(2),3/3,,,,,,,,,,,,,,,,,,,,,
경상권,부산,금정구,부산대,자연,전기전자공학부(반도체공학전공),전기전자공학부(반도체공학전공),유지,유지,학생부교과,2.72,2.42,,,,,,,학생부종합,2.53,2.41,,,,77.4375,국수영탐(2),3/3,,,,,,,,,,,,,,,,,,,,,
강원권,강원,춘천시,강원대,인문,국제무역학과,국제무역학과,명칭변경,유지,일반,3.51,3.49,,,,,,,미래인재Ⅰ,4.09,3.72,미래인재Ⅱ,3.97,3.9,77.4,국수영탐(2),3/3,,,,,,,,,,,,,,,,,,,,,
충청권,충남,천안시,나사렛대,자연,간호학과,간호학과,,,일반학생,3.003,2.917,,,,,,,창의융합인재,3.451,3.256,,,,77.4,"국수영 중 2개, 탐구(1)",2/-,,,,,,,,,,,,,,,,,,,,,
경상권,경북,경산시,대구대,인문,초등특수교육과,초등특수교육과,유지,유지,일반,3.9,3.1,,,,,,,서류,3.66,3.59,,,,77.4,국수영탐(1),4/4,,,,,,,,,,,,,,,,,,,,,
경인권,인천,미추홀구,청운대,인문,무역물류학과,무역물류학과,유지,유지,일반,3.87,3.73,청운인재-면접,4.4,4.2,,,,,,,,,,77.4,"국수영 중 2개, 탐구(1)",-/-,,,,,,,,,,,,,,,,,,,,,
경인권,경기,안성시,한경국립대,자연,생명공학부,생명공학부,유지,유지,일반,,,지역균형선발,,,,,,잠재력우수자,,,,,,77.4,"국수영 중 2개, 탐구(1)",7/3,,,,,,,,,,,,,,,,,,,,,
경인권,경기,안성시,한경국립대,자연,원예생명공학전공,원예생명공학전공,유지,유지,일반,5.51,5.35,,,,,,,잠재력우수자,4.73,4.7,,,,77.4,"국수영 중 2개, 탐구(1)",7/3,,,,,,,,,,,,,,,,,,,,,
경인권,경기,안성시,한경국립대,자연,응용생명공학전공,응용생명공학전공,유지,유지,일반,4.34,4.06,,,,,,,잠재력우수자,4.5,4.4,,,,77.4,"국수영 중 2개, 탐구(1)",7/3,,,,,,,,,,,,,,,,,,,,,
강원권,강원,춘천시,한림대,자연,반도체·디스플레이스쿨,반도체·디스플레이스쿨,유지,유지,교과우수자,4.75,4.55,,,,,,,학교생활우수자,5.94,5.72,,,,77.4,"국수영 중 1개, 남은+탐구(2) 중 1개",4/-,,,,,,,,,,,,,,,,,,,,,
경인권,경기,용인시,용인대,자연,보건환경안전학과,보건환경안전학과,,,교과성적우수자 특별,3.1,3,일반학생,2.7,2.7,,,,,,,,,,77.385,수영탐(1),3/-,,,,,,,,,,,,,,,,,,,,,
경상권,부산,금정구,부산대,자연,전기전자공학부(전기공학전공),전기전자공학부(전기공학전공),유지,유지,학생부교과,2.25,2.17,,,,,,,학생부종합,2.5,2.4,,,,77.375,국수영탐(2),3/1,,,,,,,,,,,,,,,,,,,,,
충청권,대전,동구,우송대,예체능,스포츠건강재활학과,스포츠건강재활학과,유지,유지,교과중심,4.7,3.9,면접,5,4.601852,우송인재,6.583333,5.541667,면접형,,5.779667,서류형,,5.824167,77.36,국수영탐(1) 중 2개,-/-,,,,,,,,,,,,,,,,,,,,,
충청권,충남,예산군,국립공주대,인문,부동산학과,부동산학과,유지,유지,교과Ⅰ,5.41,5.26,교과Ⅱ,5.3,5.29,,,,일반,6.36,6.35,,,,77.351,국수영탐(1) 중 3개,2/-,,,,,,,,,,,,,,,,,,,,,
충청권,대전,동구,대전대,자연,임상병리학과,임상병리학과,유지,유지,교과면접,3.67,3.5,교과중점,3.77,3.63,,,,혜화인재,4.38,4.02,,,,77.346,국수영탐(1) 중 3개,2/2,,,,,,,,,,,,,,,,,,,,,
경인권,경기,용인시,용인대,인문,경찰행정학과,경찰행정학과,,,교과성적우수자 특별,1.8,1.8,일반학생,1.8,1.8,,,,,,,,,,77.344,국수영탐(1),2/-,,,,,,,,,,,,,,,,,,,,,
제주권,제주,제주시,제주대,인문,초등교육학부,초등교육학부,유지,유지,일반학생,3.44,3.21,,,,,,,일반학생,2.41,2.28,,,,77.34,국수영탐(2),3/3,,,,,,,,,,,,,,,,,,,,,
충청권,대전,대덕구,한남대,인문,중국경제통상학과,중국경제통상학과,유지,유지,일반,6.22,5.8,,,,,,,한남인재Ⅰ,6.66,6.13,,,,77.33333,"수영탐(1) 중 2개, 국어",4/2,,,,,,,,,,,,,,,,,,,,,
충청권,충남,천안시,국립공주대,공통,천안공과대학자율전공학부,자율전공학부(천안공과대학),신설,신설,자율전공,5.03,4.87,,,,,,,,,,,,,77.326,"국영탐(1) 중 2개, 수학",3/-,,,,,,,,,,,,,,,,,,,,,
충청권,충남,공주시,국립공주대,자연,의료정보학과,의료정보학과,유지,유지,교과Ⅰ,4.62,4.59,교과Ⅱ,4.64,4.6,,,,일반,5.41,5.22,,,,77.315,"국영탐(1) 중 2개, 수학",3/-,,,,,,,,,,,,,,,,,,,,,
강원권,강원,강릉시,가톨릭관동대,자연,임상병리학과,임상병리학과,유지,유지,일반,3.87,3.5,,,,,,,일반,4.83,4.27,,,,77.3,"국수탐(2) 중 2개, 영",3/-,,,,,,,,,,,,,,,,,,,,,
강원권,강원,춘천시,강원대,인문,심리학과,행정·심리학부,명칭변경,변경,일반,3.32,3.16,,,,,,,미래인재Ⅰ,3.31,3.13,미래인재Ⅱ,3.6,3.41,77.3,국수영탐(2),4/2,,,,,,,,,,,,,,,,,,,,,
강원권,강원,춘천시,강원대,인문,행정학과,행정·심리학부,명칭변경,변경,일반,3.32,3.16,,,,,,,미래인재Ⅰ,3.31,3.13,미래인재Ⅱ,3.6,3.41,77.3,국수영탐(2),4/2,,,,,,,,,,,,,,,,,,,,,
충청권,충남,천안시,단국대(천안),자연,심리학과,심리치료학과,유지,변경,학생부교과우수자,3.2,3.14,,,,,,,DKU인재-서류형,3.9,3.69,,,,77.3,국수영탐(1),3/3,,,,,,,,,,,,,,,,,,,,,
충청권,충남,천안시,단국대(천안),인문,인문사회계열광역,인문사회계열광역,유지,유지,학생부교과우수자,3.72,3.56,,,,,,,DKU인재-서류형,4.28,4.1,,,,77.3,국수영탐(1),3/3,,,,,,,,,,,,,,,,,,,,,
충청권,대전,유성구,충남대,인문,문화와사회융합전공,문화와사회융합전공,유지,유지,일반,4.06,3.6,,,,,,,학생부종합Ⅰ,,,학생부종합Ⅰ[서류],2.59,2.59,77.3,국수탐(2),3/4,,,,,,,,,,,,,,,,,,,,,
충청권,충남,아산시,호서대,자연,간호학과,간호학과,유지,유지,학생부,1.92,1.75,,,,,,,호서인재,3.17,3.05,,,,77.3,"국수영 중 2개, 탐구(1)",3/1,,,,,,,,,,,,,,,,,,,,,
경상권,대구,북구,경북대,자연,가정교육과,가정교육과,유지,유지,교과우수자,,,,,,,,,일반학생,,,,,,77.28571,국수영탐(2),3/2,,,,,,,,,,,,,,,,,,,,,
경상권,대구,북구,경북대,인문,역사교육과,역사교육과,유지,유지,교과우수자,2.28,2.22,,,,,,,일반학생,3.46,3.16,,,,77.28571,국수영탐(2),3/1,,,,,,,,,,,,,,,,,,,,,
충청권,충남,천안시,단국대(천안),자연,의생명과학부 미생물학전공,의생명과학부 미생물학전공,유지,유지,학생부교과우수자,3.06,2.99,,,,,,,DKU인재-서류형,3.56,3.5,,,,77.25,국수영탐(1),3/3,,,,,,,,,,,,,,,,,,,,,
충청권,충남,천안시,단국대(천안),자연,자연공학계열광역,자연공학계열광역,유지,유지,학생부교과우수자,3.78,3.53,,,,,,,DKU인재-서류형,4.1,3.9,,,,77.25,국수영탐(1),3/3,,,,,,,,,,,,,,,,,,,,,
경인권,경기,안산시,한양대(ERICA),예체능,디자인계열,디자인계열,변경,유지,,,,,,,,,,서류형,2.01,1.67,,,,77.23077,"수탐(1) 중 1개, 국영",4/5,,,,,,,,,,,,,,,,,,,,,
경인권,경기,화성시,협성대,인문,문예창작학과,문예창작학과,유지,유지,미래역량우수자,4.47,4.16,학생부교과우수자,3.62,3.49,,,,협성창의인재,6,4.27,,,,77.23,"국수영 중 2개, 탐구(1)",4/1,,,,,,,,,,,,,,,,,,,,,
경인권,인천,연수구,인천대,인문,일본지역문화학과,일본지역문화학과,유지,유지,교과성적우수자,3.24,2.74,지역균형,2.97,2.85,,,,자기추천,3.5,2.9,,,,77.225,국수영탐(2),3/-,,,,,,,,,,,,,,,,,,,,,
강원권,강원,춘천시,강원대,인문,경영대학 자유전공학과,경영대학 무전공학과,명칭변경,변경,일반,3.8,3.74,,,,,,,,,,,,,77.2,국수영탐(2),4/3,,,,,,,,,,,,,,,,,,,,,
경인권,경기,부천시,서울신학대,자연,컴퓨터공학과/AI융합학과,"IT융합학부(컴퓨터공학과, AI융합학과)",유지,변경,교과성적,3.91,3.82,일반,4.53,4.36,,,,H+인재,5.15,4.79,,,,77.2,"국수탐(1) 중 2개, 영어",5/5,,,,,,,,,,,,,,,,,,,,,
충청권,충남,아산시,순천향대,인문,법학과,법학과,유지,유지,교과면접,3.82,3.82,교과우수자,3.143,3.03,,,,일반학생,4.15,4.13,,,,77.2,"국수영 중 2개, 탐구(1)",4/3,,,,,,,,,,,,,,,,,,,,,
충청권,충남,아산시,순천향대,자연,정보통신공학과,정보통신공학과,유지,유지,교과면접,5.607,5.418,교과우수자,4.439,4.362,,,,일반학생,5.37,5.27,,,,77.2,"국수영 중 2개, 탐구(1)",3/1,,,,,,,,,,,,,,,,,,,,,
경인권,경기,안양시,안양대,인문,글로벌경영학과 [야],글로벌경영학과 [야],,,아리학생부교과,,,아리학생부면접,,,,,,,,,,,,77.2,국영탐(1),3/-,,,,,,,,,,,,,,,,,,,,,
충청권,대전,동구,우송대,인문,유아교육과,유아교육과,유지,유지,교과중심,3.9,3.7,면접,5,4.791667,우송인재,5.083333,4.291667,면접형,,5.776263,서류형,,5.435483,77.2,국수영탐(1) 중 2개,-/-,,,,,,,,,,,,,,,,,,,,,
전라권,광주,북구,전남대,인문,유아교육과,유아교육과,유지,유지,일반,,3.15,,,,,,,고교생활우수자Ⅰ,,3.44,,,,77.2,국수탐(2),4/4,,,,,,,,,,,,,,,,,,,,,
경인권,경기,시흥시,한국공학대,자연,생명화학공학과,생명화학공학과,유지,유지,교과우수자,2.83,2.72,지역균형,2.84,2.68,,,,창의인재,3.74,3.46,,,,77.2,국수영탐(1),3/-,,,,,,,,,,,,,,,,,,,,,
충청권,충북,청주시,충북대,자연,의류학과,의류학과,유지,유지,학생부교과,3.45,3.35,,,,,,,학생부종합Ⅰ,3.67,3.6,학생부종합Ⅱ,4.09,4.05,77.1875,국수영탐(2),4/-,,,,,,,,,,,,,,,,,,,,,
충청권,충북,청주시,충북대,자연,전자정보자율전공학부,전자정보자율전공학부,유지,유지,학생부교과,3.24,3.13,,,,,,,학생부종합Ⅰ,3.33,3.31,학생부종합Ⅱ,3.52,3.46,77.1875,국수영탐(2),4/-,,,,,,,,,,,,,,,,,,,,,
충청권,충북,청주시,충북대,자연,환경생명화학과,환경생명화학과,유지,유지,학생부교과,3.44,3.3,,,,,,,학생부종합Ⅰ,3.5,3.36,학생부종합Ⅱ,3.79,3.7,77.1875,국수영탐(2),4/-,,,,,,,,,,,,,,,,,,,,,
경인권,인천,연수구,인천대,인문,독어독문학과,독어독문학과,유지,유지,교과성적우수자,3.23,3.24,지역균형,3.06,2.84,,,,자기추천,3.3,2.8,,,,77.175,국수영탐(2),2/-,,,,,,,,,,,,,,,,,,,,,
서울,서울,성북구,동덕여대,자연,정보통계학전공,정보통계학전공,유지,유지,학생부교과우수자,3,3,,,,,,,동덕창의리더,,,,,,77.15,국수영탐(1),3/3,,,,,,,,,,,,,,,,,,,,,
경상권,대구,북구,경북대,인문,일어일문학과,일어일문학과,유지,유지,교과우수자,2.96,2.92,,,,,,,일반학생,5.43,5.34,,,,77.14286,국수영탐(2),2/2,,,,,,,,,,,,,,,,,,,,,
경인권,인천,연수구,인천대,인문,중어중국학과,중어중국학과,유지,유지,교과성적우수자,3.25,3.11,지역균형,3,3.04,,,,자기추천,3.6,3,,,,77.125,국수영탐(2),3/-,,,,,,,,,,,,,,,,,,,,,
강원권,강원,춘천시,강원대,인문,사회학과,사회학과,명칭변경,유지,일반,3.42,3.31,,,,,,,미래인재Ⅰ,3.85,3.66,미래인재Ⅱ,4.01,3.85,77.1,국수영탐(2),3/3,,,,,,,,,,,,,,,,,,,,,
충청권,충남,천안시,단국대(천안),자연,경영공학과,경영공학과,유지,유지,학생부교과우수자,3.38,3.37,,,,,,,DKU인재-서류형,4.27,4.14,,,,77.1,국수영탐(1),3/2,,,,,,,,,,,,,,,,,,,,,
충청권,충남,천안시,단국대(천안),자연,자연공학계열광역,자연공학계열광역,유지,유지,학생부교과우수자,3.78,3.53,,,,,,,DKU인재-서류형,4.1,3.9,,,,77.1,국수영탐(1),3/2,,,,,,,,,,,,,,,,,,,,,
경인권,경기,시흥시,한국공학대,자연,기계공학과,기계공학과,유지,유지,교과우수자,3.16,3.03,지역균형,3.03,2.94,,,,창의인재,4.26,4.11,,,,77.1,국수영탐(1),3/-,,,,,,,,,,,,,,,,,,,,,
경인권,경기,시흥시,한국공학대,자연,메카트로닉스공학부(AI로봇전공),메카트로닉스공학부(AI로봇전공),유지,유지,교과우수자,3.11,3.11,지역균형,3.33,3.33,,,,창의인재,4.64,4.28,,,,77.1,국수영탐(1),4/-,,,,,,,,,,,,,,,,,,,,,
경인권,인천,연수구,인천대,자연,안전공학과,안전공학과,유지,유지,교과성적우수자,3.12,3,지역균형,3.49,3.16,,,,자기추천,3.3,2.7,,,,77.05,국수영탐(2),3/-,,,,,,,,,,,,,,,,,,,,,
경인권,경기,안성시,중앙대(다빈치),자연,식품공학부(식품공학),식품공학부(식품공학),유지,유지,,,,,,,,,,CAU융합형인재,3.49,3.31,CAU탐구형인재,4.25,3.72,77.05,국수탐(2),3/1,,,,,,,,,,,,,,,,,,,,,
경인권,경기,용인시,용인대,자연,식품영양학과,식품조리학부,,,교과성적우수자 특별,3.3,3,일반학생,2.8,2.7,,,,,,,,,,77.029,수영탐(1),4/-,,,,,,,,,,,,,,,,,,,,,
경인권,경기,용인시,용인대,자연,식품조리학과,식품조리학부,,,교과성적우수자 특별,3.3,3,일반학생,2.8,2.7,,,,,,,,,,77.029,수영탐(1),4/-,,,,,,,,,,,,,,,,,,,,,
경인권,인천,연수구,인천대,인문,불어불문학과,불어불문학과,유지,유지,교과성적우수자,3.24,3.23,지역균형,3.03,3.14,,,,자기추천,3.5,2.9,,,,77.025,국수영탐(2),3/-,,,,,,,,,,,,,,,,,,,,,
충청권,충북,충주시,국립한국교통대,인문,한국어문학과,한국어문학과,유지,유지,일반,4.12,4.09,,,,,,,나비인재Ⅱ,4.36,4.25,,,,77.013,국수영탐(1) 중 3개,3/-,,,,,,,,,,,,,,,,,,,,,
충청권,충북,충주시,국립한국교통대,인문,영어영문학과,영어영문학과,유지,유지,일반,4.49,4.32,,,,,,,나비인재Ⅱ,5.06,4.85,,,,77.008,국수영탐(1) 중 3개,4/-,,,,,,,,,,,,,,,,,,,,,
충청권,충북,충주시,국립한국교통대,인문,융합경영학과,융합경영학과,유지,유지,일반,3.77,3.67,,,,,,,나비인재Ⅱ,3.96,3.94,,,,77.008,국수영탐(1) 중 3개,4/-,,,,,,,,,,,,,,,,,,,,,
충청권,충남,천안시,국립공주대,자연,지능형모빌리티공학과,지능형모빌리티공학과,유지,유지,교과Ⅰ,5.28,5.24,교과Ⅱ,5.29,5.15,,,,일반,5.29,5.18,,,,77.004,"국영탐(1) 중 2개, 수학",3/-,,,,,,,,,,,,,,,,,,,,,
강원권,강원,춘천시,강원대,인문,부동산학과,부동산학과,명칭변경,유지,일반,3.98,3.93,,,,,,,,,,,,,77,국수영탐(2),4/4,,,,,,,,,,,,,,,,,,,,,
충청권,충남,논산시,건양대,자연,스마트보안학과,스마트보안학과,유지,유지,일반학생[교과],5.57,5.53,,,,,,,,,,,,,77,국수영탐(1) 중 2개,5/2,,,,,,,,,,,,,,,,,,,,,
경상권,대구,북구,경북대,자연,식물의학과,식물의학과,유지,유지,교과우수자,3.12,3.02,,,,,,,일반학생,3.79,3.58,,,,77,국수영탐(2),2/1,,,,,,,,,,,,,,,,,,,,,
경상권,경북,안동시,국립경국대,자연,교육공학과,교육공학과,유지,유지,일반학생,3.92,3.84,,,,,,,NUG인재,4.17,4.17,,,,77,국수영탐(1) 중 2개,2/3,,,,,,,,,,,,,,,,,,,,,
경상권,경북,안동시,국립경국대,인문,영어교육과,영어교육과,유지,유지,일반학생,3.6,3.22,,,,,,,NUG인재,4.27,4.27,,,,77,국수영탐(1) 중 2개,2/3,,,,,,,,,,,,,,,,,,,,,
충청권,충남,아산시,순천향대,자연,의료IT공학과,의료IT공학과,유지,유지,교과면접,3.5,4.7,교과우수자,3.914,3.745,,,,SW융합,5.04,5.04,일반학생,5.39,5.22,77,"국수영 중 2개, 탐구(1)",3/6,,,,,,,,,,,,,,,,,,,,,
충청권,충남,아산시,순천향대,인문,회계학과,회계학과,유지,유지,교과면접,4.565,3.167,교과우수자,3.836,3.712,,,,일반학생,5,4.99,,,,77,"국수영 중 2개, 탐구(1)",3/2,,,,,,,,,,,,,,,,,,,,,
경인권,경기,안양시,안양대,자연,화장품발명디자인학과,화장품발명디자인학과,,,아리학생부교과,3.67,3.45,아리학생부면접,4.39,4.39,,,,아리학생부종합Ⅱ,3.91,3.6,,,,77,수영탐(1),3/-,,,,,,,,,,,,,,,,,,,,,
충청권,대전,동구,우송대,자연,작업치료학과,작업치료학과,유지,유지,교과중심,4.6,4.2,면접,4.5,4.375,우송인재,4.666667,4.583333,면접형,,6.583,서류형,,5.216571,77,국수영탐(1) 중 2개,-/-,,,,,,,,,,,,,,,,,,,,,
경인권,경기,포천시,차의과학대,인문,미래융합대학,미래융합대학,유지,유지,CHA학생부교과,4.69,4.4,지역균형선발,3.94,3.84,,,,CHA학생부종합,4.87,,,,,77,"국탐(1) 중 1개, 수영",3/-,,,,,,,,,,,,,,,,,,,,,
충청권,충북,청주시,충북대,인문,경제학과,경제학과,유지,유지,학생부교과,3.1,2.99,,,,,,,학생부종합Ⅰ,3.48,3.3,학생부종합Ⅱ,3.7,3.46,77,국수영탐(2),3/-,,,,,,,,,,,,,,,,,,,,,
충청권,충북,청주시,충북대,자연,반도체공학부,반도체공학부,유지,유지,학생부교과,3.37,3.29,,,,,,,학생부종합Ⅰ,3.33,3.21,학생부종합Ⅱ,3.46,3.44,77,국수영탐(2),4/-,,,,,,,,,,,,,,,,,,,,,
충청권,충북,청주시,충북대,자연,정보통신공학부,정보통신공학부,유지,유지,학생부교과,3.55,3.46,,,,,,,sw우수인재,3.46,3.39,학생부종합Ⅰ,3.67,3.6,77,국수영탐(2),4/-,,,,,,,,,,,,,,,,,,,,,
경인권,경기,안성시,한경국립대,공통,HK자율전공학부,HK자율전공학부,유지,유지,일반,4.7,4.51,지역균형선발,,,,,,,,,,,,77,"국수영 중 2개, 탐구(1)",3/5,,,,,,,,,,,,,,,,,,,,,
충청권,대전,대덕구,한남대,인문,문헌정보학과,문헌정보학과,유지,유지,일반,3.46,3.4,,,,,,,한남인재Ⅰ,4.36,4.23,한남인재Ⅱ,4.54,4.46,77,"수영탐(1) 중 2개, 국어",5/1,,,,,,,,,,,,,,,,,,,,,
경인권,경기,군포시,한세대,인문,관광경영학전공,관광경영학과,유지,변경,학생부 교과우수자,4.2,4.2,학생부 면접우수자,5.3,4,,,,,,,,,,77,"국수 중 1개, 영탐(1)",3/1,,,,,,,,,,,,,,,,,,,,,
경인권,경기,안산시,한양대(ERICA),인문,문화인류학과,문화인류학과,유지,유지,지역균형선발,2.95,2.93,,,,,,,서류형,3.25,3.13,,,,77,국수영탐(2),4/1,,,,,,,,,,,,,,,,,,,,,
충청권,충남,천안시,국립공주대,자연,인공지능학부,인공지능학부,유지,유지,교과Ⅰ,4.36,4.34,교과Ⅱ,5.09,4.75,,,,일반,4.78,4.68,,,,76.979,"국영탐(1) 중 2개, 수학",3/-,,,,,,,,,,,,,,,,,,,,,
경인권,경기,화성시,협성대,인문,글로벌통상•문화학과,글로벌통상•문화학과,유지,유지,미래역량우수자,4.5,4.41,학생부교과우수자,4.21,4.01,,,,협성창의인재,7.22,5.4,,,,76.96,"국수영 중 2개, 탐구(1)",4/1,,,,,,,,,,,,,,,,,,,,,
경인권,경기,화성시,협성대,자연,소프트웨어공학과,소프트웨어공학과,유지,유지,미래역량우수자,4.44,4.25,학생부교과우수자,3.71,3.64,,,,협성창의인재,5.44,4.96,,,,76.96,"국수영 중 2개, 탐구(1)",4/1,,,,,,,,,,,,,,,,,,,,,
충청권,충남,천안시,단국대(천안),인문,식품자원경제학과,식품자원경제학과,유지,유지,학생부교과우수자,3.48,3.42,,,,,,,DKU인재-서류형,4.12,4,,,,76.95,국수영탐(1),3/5,,,,,,,,,,,,,,,,,,,,,
충청권,충남,천안시,단국대(천안),인문,영어과,영어과,유지,유지,학생부교과우수자,3.25,3.13,,,,,,,DKU인재-서류형,3.74,3.71,,,,76.95,국수영탐(1),2/1,,,,,,,,,,,,,,,,,,,,,
충청권,충남,천안시,단국대(천안),인문,인문사회계열광역,인문사회계열광역,유지,유지,학생부교과우수자,3.72,3.56,,,,,,,DKU인재-서류형,4.28,4.1,,,,76.95,국수영탐(1),2/1,,,,,,,,,,,,,,,,,,,,,
충청권,충남,천안시,단국대(천안),인문,인문사회계열광역,인문사회계열광역,유지,유지,학생부교과우수자,3.72,3.56,,,,,,,DKU인재-서류형,4.28,4.1,,,,76.95,국수영탐(1),3/5,,,,,,,,,,,,,,,,,,,,,
경인권,인천,연수구,인천대,자연,정보통신공학과,정보통신공학과,유지,유지,교과성적우수자,3.13,2.9,지역균형,2.98,2.62,,,,자기추천,3.3,2.8,,,,76.95,국수영탐(2),3/-,,,,,,,,,,,,,,,,,,,,,
경인권,경기,안산시,한양대(ERICA),인문,글로벌문화통상학부,글로벌문화통상학부,유지,유지,지역균형선발,2.95,2.89,,,,,,,서류형,4.62,3.58,,,,76.94118,국수영탐(2),4/3,,,,,,,,,,,,,,,,,,,,,
충청권,충남,천안시,단국대(천안),자연,식품공학과,식품공학과,유지,유지,학생부교과우수자,3.18,3.1,,,,,,,DKU인재-서류형,3.71,3.61,,,,76.9,국수영탐(1),4/4,,,,,,,,,,,,,,,,,,,,,
충청권,충남,천안시,단국대(천안),인문,유럽중남미학부 스페인중남미학전공,유럽중남미학부 스페인중남미학전공,유지,유지,학생부교과우수자,3.31,3.24,,,,,,,DKU인재-서류형,4.21,3.64,,,,76.9,국수영탐(1),2/1,,,,,,,,,,,,,,,,,,,,,
충청권,충남,천안시,단국대(천안),인문,인문사회계열광역,인문사회계열광역,유지,유지,학생부교과우수자,3.72,3.56,,,,,,,DKU인재-서류형,4.28,4.1,,,,76.9,국수영탐(1),2/1,,,,,,,,,,,,,,,,,,,,,
충청권,충남,천안시,단국대(천안),자연,자연공학계열광역,자연공학계열광역,유지,유지,학생부교과우수자,3.78,3.53,,,,,,,DKU인재-서류형,4.1,3.9,,,,76.9,국수영탐(1),4/4,,,,,,,,,,,,,,,,,,,,,
경상권,경북,경산시,대구대,인문,유아특수교육과,유아특수교육과,유지,유지,일반,4.7,3.7,,,,,,,서류,4.52,4.47,,,,76.9,국수영탐(1),3/1,,,,,,,,,,,,,,,,,,,,,
서울,서울,성북구,한성대,자연,IT공과대학[야],IT공과대학[야],유지,유지,교과우수,2.94,2.75,지역균형,3.39,3.21,,,,한성인재,4.02,3.83,,,,76.9,국수영탐(1),3/1,,,,,,,,,,,,,,,,,,,,,
경상권,대구,북구,경북대,자연,식품공학부,식품공학부,유지,유지,교과우수자,2.77,2.71,,,,,,,일반학생,4.21,3.87,,,,76.85714,국수영탐(2),2/1,,,,,,,,,,,,,,,,,,,,,
경상권,대구,북구,경북대,자연,"응용생명과학부(식물생명과학전공, 환경생명화학전공)","응용생명과학부(식물생명과학전공, 환경생명화학전공)",유지,유지,교과우수자,2.95,2.85,,,,,,,일반학생,4.64,4.23,,,,76.85714,국수영탐(2),2/1,,,,,,,,,,,,,,,,,,,,,
전라권,광주,북구,전남대,인문,지리교육과,지리교육과,유지,유지,일반,2.71,2.7,,,,,,,고교생활우수자Ⅰ,3.17,3.1,,,,76.85,국수탐(2),2/3,,,,,,,,,,,,,,,,,,,,,
경상권,경남,진주시,경상국립대,자연,수학교육과,수학교육과,유지,유지,일반,3.41,3.34,,,,,,,일반,3.41,3.34,,,,76.84375,국수영탐(2),6/-,,,,,,,,,,,,,,,,,,,,,
경상권,부산,금정구,부산대,인문,미디어커뮤니케이션학과,미디어커뮤니케이션학과,유지,유지,학생부교과,2.8,2.49,,,,,,,,,,,,,76.84375,국수영탐(2),2/2,,,,,,,,,,,,,,,,,,,,,
경상권,부산,서구,동아대,인문,석당인재학부,석당인재학부,유지,유지,교과성적우수자,3.08,3.08,,,,,,,학교생활우수자,3.84,3.8,,,,76.83,국수영탐(2),-/-,,,,,,,,,,,,,,,,,,,,,
충청권,충북,청주시,충북대,자연,공학자율전공학부,공학자율전공학부,유지,유지,학생부교과,3.24,3.09,,,,,,,학생부종합Ⅰ,3.65,3.58,학생부종합Ⅱ,3.73,3.69,76.8125,국수영탐(2),4/-,,,,,,,,,,,,,,,,,,,,,
충청권,충북,청주시,충북대,자연,기계공학부,기계공학부,유지,유지,학생부교과,3.15,3.08,,,,,,,학생부종합Ⅰ,3.4,3.31,학생부종합Ⅱ,3.78,3.72,76.8125,국수영탐(2),4/-,,,,,,,,,,,,,,,,,,,,,
충청권,충북,청주시,충북대,자연,생물교육과,생물교육과,유지,유지,학생부교과,,,,,,,,,학생부종합Ⅰ,2.79,2.75,,,,76.8125,국수영탐(2),4/-,,,,,,,,,,,,,,,,,,,,,
서울,서울,강서구,강서대,인문,상담심리학과,상담심리학과,유지,유지,교과우수자,3.15,3,일반학생,4.48,3.81,,,,,,,,,,76.8,국수탐(1),5/1,,,,,,,,,,,,,,,,,,,,,
강원권,강원,춘천시,강원대,인문,식품자원경제학과,원예·농업자원경제학부,명칭변경,변경,일반,3.98,3.88,,,,,,,미래인재Ⅰ,4.29,4.08,미래인재Ⅱ,4.45,4.41,76.8,국수영탐(2),4/4,,,,,,,,,,,,,,,,,,,,,
강원권,강원,춘천시,강원대,자연,원예학과,원예·농업자원경제학부,명칭변경,변경,일반,3.98,3.88,,,,,,,미래인재Ⅰ,4.29,4.08,미래인재Ⅱ,4.45,4.41,76.8,국수영탐(2),4/4,,,,,,,,,,,,,,,,,,,,,
충청권,충남,천안시,단국대(천안),인문,사회복지학과,사회복지학과,유지,유지,학생부교과우수자,3.29,3.19,,,,,,,DKU인재-서류형,3.85,3.68,,,,76.8,국수영탐(1),2/4,,,,,,,,,,,,,,,,,,,,,
충청권,충남,천안시,단국대(천안),인문,인문사회계열광역,인문사회계열광역,유지,유지,학생부교과우수자,3.72,3.56,,,,,,,DKU인재-서류형,4.28,4.1,,,,76.8,국수영탐(1),2/4,,,,,,,,,,,,,,,,,,,,,
경인권,경기,부천시,서울신학대,인문,중국언어문화콘텐츠학과,중국언어문화콘텐츠학과,유지,유지,교과성적,3.37,3.35,일반,4.45,4.33,,,,H+인재,5.15,5.15,,,,76.8,"국수탐(1) 중 2개, 영어",4/2,,,,,,,,,,,,,,,,,,,,,
충청권,충남,아산시,순천향대,인문,관광경영학과,관광경영학과,유지,유지,교과면접,3.167,3.656,교과우수자,4.013,3.909,,,,일반학생,4.78,4.68,,,,76.8,"국수영 중 2개, 탐구(1)",3/4,,,,,,,,,,,,,,,,,,,,,
충청권,충남,아산시,순천향대,자연,기계공학과,기계공학과,유지,유지,교과면접,4.291,1.538,교과우수자,3.889,3.78,,,,일반학생,4.8,4.7,,,,76.8,"국수영 중 2개, 탐구(1)",4/3,,,,,,,,,,,,,,,,,,,,,
충청권,충남,아산시,순천향대,자연,의료생명공학과,의료생명공학과,유지,유지,교과면접,3.914,2,교과우수자,3.918,3.525,,,,일반학생,4.31,3.96,,,,76.8,"국수영 중 2개, 탐구(1)",3/2,,,,,,,,,,,,,,,,,,,,,
경인권,인천,연수구,인천대,자연,바이오-로봇시스템공학과,바이오-로봇시스템공학과,유지,유지,교과성적우수자,3.74,3.69,지역균형,2.94,3,,,,자기추천,3.7,3.1,,,,76.8,국수영탐(2),1/-,,,,,,,,,,,,,,,,,,,,,
경인권,인천,연수구,인천대,인문,일어교육과,일어교육과,유지,유지,교과성적우수자,4.24,4.24,,,,,,,자기추천,3.6,3,,,,76.8,국수영탐(2),3/-,,,,,,,,,,,,,,,,,,,,,
경인권,인천,연수구,인천대,자연,해양학과,해양학과,유지,유지,교과성적우수자,2.95,3.03,지역균형,2.92,2.92,,,,자기추천,3.5,2.9,,,,76.8,국수영탐(2),5/-,,,,,,,,,,,,,,,,,,,,,
충청권,충남,천안시,한국기술교대,인문,경영학부(데이터경영전공),산업경영학부,변경,변경,일반,4.34,4.23,,,,,,,창의인재(면접형),4.78,4.65,창의인재(서류형),4.1,3.99,76.8,국수영탐(1),3/-,,,,,,,,,,,,,,,,,,,,,
충청권,충남,천안시,한국기술교대,인문,경영학부(융합경영전공),산업경영학부,변경,변경,일반,4.34,4.23,,,,,,,창의인재(면접형),4.78,4.65,창의인재(서류형),4.1,3.99,76.8,국수영탐(1),3/-,,,,,,,,,,,,,,,,,,,,,
충청권,충남,천안시,한국기술교대,인문,고용서비스정책학과,고용서비스정책학과,유지,유지,일반,3.95,3.94,,,,,,,창의인재(면접형),4.16,4.02,창의인재(서류형),3.52,3.52,76.8,국수영탐(1),3/-,,,,,,,,,,,,,,,,,,,,,
경인권,경기,용인시,용인대,자연,문화유산학과,문화유산학과,,,교과성적우수자 특별,3.2,3,일반학생,2.3,2.3,,,,,,,,,,76.785,수영탐(1),3/-,,,,,,,,,,,,,,,,,,,,,
충청권,세종,세종,고려대(세종),자연,첨단융합신약학과,첨단융합신약학과,유지,유지,일반,2.66,2.32,,,,,,,크림슨인재,3.2,2.84,,,,76.78125,국수영탐(2),2/-,,,,,,,,,,,,,,,,,,,,,
충청권,충남,천안시,단국대(천안),인문,아시아중동학부 일본학전공,아시아중동학부 일본학전공,유지,유지,학생부교과우수자,3.31,3.28,,,,,,,DKU인재-서류형,3.93,3.84,,,,76.75,국수영탐(1),4/4,,,,,,,,,,,,,,,,,,,,,
충청권,충남,천안시,단국대(천안),인문,인문사회계열광역,인문사회계열광역,유지,유지,학생부교과우수자,3.72,3.56,,,,,,,DKU인재-서류형,4.28,4.1,,,,76.75,국수영탐(1),4/4,,,,,,,,,,,,,,,,,,,,,
경인권,인천,연수구,인천대,자연,건설환경공학전공,건설환경공학전공,유지,유지,교과성적우수자,3.12,3.01,지역균형,3.12,3.13,,,,자기추천,3.7,3.1,,,,76.75,국수영탐(2),2/-,,,,,,,,,,,,,,,,,,,,,
경인권,경기,용인시,용인대,자연,자연계열전공학부,자연계열전공학부,,,자율전공 특별,3.1,2.9,,,,,,,,,,,,,76.744,수영탐(1),2/-,,,,,,,,,,,,,,,,,,,,,
경상권,대구,북구,경북대,자연,섬유시스템공학과,섬유시스템공학과,유지,유지,교과우수자,3.04,2.99,,,,,,,일반학생,4.14,3.84,,,,76.71429,국수영탐(2),2/1,,,,,,,,,,,,,,,,,,,,,
경상권,대구,북구,경북대,인문,일반사회교육과,일반사회교육과,유지,유지,교과우수자,2.64,2.51,,,,,,,일반학생,3.36,3.07,,,,76.71429,국수영탐(2),3/2,,,,,,,,,,,,,,,,,,,,,
충청권,대전,유성구,국립한밭대,자연,인공지능소프트웨어학과,인공지능소프트웨어학과,유지,유지,일반,3.73,3.58,,,,,,,일반,4.61,4.17,,,,76.7,"국영탐(1) 중 2개, 수학",5/-,,,,,,,,,,,,,,,,,,,,,
충청권,대전,유성구,충남대,자연,수학교육과,수학교육과,유지,유지,일반,2.31,2.27,,,,,,,학생부종합Ⅰ,,,,,,76.7,국수탐(2),2/5,,,,,,,,,,,,,,,,,,,,,
경인권,경기,시흥시,한국공학대,인문,경영학부(데이터사이언스경영전공),경영학부(데이터사이언스경영전공),유지,유지,교과우수자,3.43,3.43,지역균형,2.83,2.8,,,,창의인재,4.15,4.15,,,,76.7,국수영탐(1),4/-,,,,,,,,,,,,,,,,,,,,,
서울,서울,성북구,한성대,인문,미래융합사회과학대학[야],미래융합사회과학대학[야],유지,유지,교과우수,2.94,2.89,지역균형,3.38,3.33,,,,한성인재,3.88,3.74,,,,76.7,국수영탐(1),3/1,,,,,,,,,,,,,,,,,,,,,
충청권,충남,예산군,국립공주대,인문,산업유통학과,산업유통학과,유지,유지,교과Ⅰ,5.8,5.49,교과Ⅱ,6.13,6.05,,,,일반,6.27,6.19,,,,76.67,국수영탐(1) 중 3개,4/-,,,,,,,,,,,,,,,,,,,,,
충청권,충남,천안시,국립공주대,자연,컴퓨터공학과,컴퓨터공학과,유지,유지,교과Ⅰ,4.16,4.01,,,,,,,일반,4.28,4.21,,,,76.658,"국영탐(1) 중 2개, 수학",3/-,,,,,,,,,,,,,,,,,,,,,
충청권,충남,천안시,단국대(천안),자연,생명공학부 동물생명공학전공,생명자원학부 동물생명공학전공,유지,변경,학생부교과우수자,3.01,2.85,,,,,,,DKU인재-서류형,3.5,3.35,,,,76.65,국수영탐(1),4/2,,,,,,,,,,,,,,,,,,,,,
충청권,충남,천안시,단국대(천안),자연,자연공학계열광역,자연공학계열광역,유지,유지,학생부교과우수자,3.78,3.53,,,,,,,DKU인재-서류형,4.1,3.9,,,,76.65,국수영탐(1),4/2,,,,,,,,,,,,,,,,,,,,,
전라권,광주,북구,전남대,인문,윤리교육과,윤리교육과,유지,유지,일반,,1.85,,,,,,,고교생활우수자Ⅰ,2.54,2.38,,,,76.65,국수탐(2),3/2,,,,,,,,,,,,,,,,,,,,,
충청권,대전,대덕구,한남대,자연,건축학과(5년제),건축학과(5년제),유지,유지,일반,3.72,3.69,,,,,,,한남인재Ⅰ,4.17,3.92,한남인재Ⅱ,4.64,4.14,76.649,"국영탐(1) 중 2개, 수학",4/4,,,,,,,,,,,,,,,,,,,,,
충청권,충남,공주시,국립공주대,자연,데이터정보물리학과,데이터정보물리학과,유지,유지,교과Ⅰ,4.95,4.75,교과Ⅱ,6.08,6.08,,,,일반,5.7,5.34,,,,76.646,"국영탐(1) 중 2개, 수학",2/-,,,,,,,,,,,,,,,,,,,,,
충청권,충북,청주시,충북대,인문,국제경영학과,국제경영학과,유지,유지,학생부교과,3.28,3.2,,,,,,,학생부종합Ⅰ,3.45,3.32,학생부종합Ⅱ,3.57,3.54,76.625,국수영탐(2),3/-,,,,,,,,,,,,,,,,,,,,,
충청권,충북,청주시,충북대,인문,사학과,사학과,유지,유지,학생부교과,3.15,3.1,,,,,,,학생부종합Ⅰ,3.18,3.05,학생부종합Ⅱ,3.81,3.66,76.625,국수영탐(2),3/-,,,,,,,,,,,,,,,,,,,,,
충청권,충북,청주시,충북대,인문,심리학과,심리학과,유지,유지,학생부교과,2.51,2.5,,,,,,,학생부종합Ⅰ,3.16,2.99,학생부종합Ⅱ,3.59,3.47,76.625,국수영탐(2),3/-,,,,,,,,,,,,,,,,,,,,,
충청권,충북,청주시,충북대,인문,인문사회자율전공계열,인문사회자율전공계열,유지,유지,학생부교과,3.53,3.5,,,,,,,,,,,,,76.625,국수영탐(2),3/-,,,,,,,,,,,,,,,,,,,,,
경인권,경기,용인시,강남대,공통,자유전공학부,자유전공학부,유지,유지,지역균형,3.94,3.88,,,,,,,학생부,4.5,4.29,,,,76.6,국수영탐(1),2/4,,,,,,,,,,,,,,,,,,,,,
충청권,충남,천안시,단국대(천안),자연,수학과,수학과,유지,유지,학생부교과우수자,3.26,3.25,,,,,,,DKU인재-서류형,4.05,3.95,,,,76.6,국수영탐(1),4/2,,,,,,,,,,,,,,,,,,,,,
충청권,충남,천안시,단국대(천안),자연,자연공학계열광역,자연공학계열광역,유지,유지,학생부교과우수자,3.78,3.53,,,,,,,DKU인재-서류형,4.1,3.9,,,,76.6,국수영탐(1),4/2,,,,,,,,,,,,,,,,,,,,,
경상권,경북,경산시,대구가톨릭대,인문,교육학과,교육학과,유지,유지,교과,3.97,3.5,,,,,,,종합,4.15,4.09,,,,76.6,국수영탐(1) 중 3개,3/3,,,,,,,,,,,,,,,,,,,,,
경인권,경기,안양시,성결대,인문,글로벌물류학과,글로벌물류학과,유지,유지,SKU창의적인재,6,,교과성적우수자,4.2,,,,,,,,,,,76.6,"국수영 중 2개, 탐구(1)",-/-,,,,,,,,,,,,,,,,,,,,,
전라권,전북,전주시,전주대,자연,식품영양학과,식품영양학과,유지,유지,일반학생(교과),6.08,5.66,,,,,,,일반학생(종합),6.41,5.89,,,,76.6,"국수영 중 2개, 탐구(1)",3/5,,,,,,,,,,,,,,,,,,,,,
경인권,경기,화성시,협성대,인문,세무회계학과,세무회계학과,유지,유지,미래역량우수자,4.47,3.59,학생부교과우수자,3.66,3.62,,,,협성창의인재,7.27,5.4,,,,76.6,"국수영 중 2개, 탐구(1)",4/1,,,,,,,,,,,,,,,,,,,,,
충청권,충남,천안시,단국대(천안),인문,유럽중남미학부 프랑스학전공,유럽중남미학부 프랑스학전공,유지,유지,학생부교과우수자,3.45,3.18,,,,,,,DKU인재-서류형,4.9,4.9,,,,76.55,국수영탐(1),3/1,,,,,,,,,,,,,,,,,,,,,
충청권,충남,천안시,단국대(천안),인문,인문사회계열광역,인문사회계열광역,유지,유지,학생부교과우수자,3.72,3.56,,,,,,,DKU인재-서류형,4.28,4.1,,,,76.55,국수영탐(1),3/1,,,,,,,,,,,,,,,,,,,,,
경인권,경기,용인시,강남대,자연,부동산건설학부,부동산건설학부,유지,유지,지역균형,4.09,4.08,,,,,,,서류면접,5.27,5.09,학생부,5.15,4.94,76.5,수영탐(1),5/6,,,,,,,,,,,,,,,,,,,,,
강원권,강원,춘천시,강원대,인문,국어국문학과,인문학부,명칭변경,변경,일반,3.71,3.62,,,,,,,미래인재Ⅰ,4.02,3.86,미래인재Ⅱ,4.17,3.98,76.5,국수영탐(2),3/4,,,,,,,,,,,,,,,,,,,,,
강원권,강원,춘천시,강원대,인문,독어독문학과,인문학부,명칭변경,변경,일반,3.71,3.62,,,,,,,미래인재Ⅰ,4.02,3.86,미래인재Ⅱ,4.17,3.98,76.5,국수영탐(2),3/4,,,,,,,,,,,,,,,,,,,,,
강원권,강원,춘천시,강원대,인문,불어불문학과,인문학부,명칭변경,변경,일반,3.71,3.62,,,,,,,미래인재Ⅰ,4.02,3.86,미래인재Ⅱ,4.17,3.98,76.5,국수영탐(2),3/4,,,,,,,,,,,,,,,,,,,,,
강원권,강원,춘천시,강원대,인문,사학과,인문학부,명칭변경,변경,일반,3.71,3.62,,,,,,,미래인재Ⅰ,4.02,3.86,미래인재Ⅱ,4.17,3.98,76.5,국수영탐(2),3/4,,,,,,,,,,,,,,,,,,,,,
강원권,강원,춘천시,강원대,인문,영어영문학과,인문학부,명칭변경,변경,일반,3.71,3.62,,,,,,,미래인재Ⅰ,4.02,3.86,미래인재Ⅱ,4.17,3.98,76.5,국수영탐(2),3/4,,,,,,,,,,,,,,,,,,,,,
강원권,강원,춘천시,강원대,인문,일본학과,인문학부,명칭변경,변경,일반,3.71,3.62,,,,,,,미래인재Ⅰ,4.02,3.86,미래인재Ⅱ,4.17,3.98,76.5,국수영탐(2),3/4,,,,,,,,,,,,,,,,,,,,,
강원권,강원,춘천시,강원대,인문,중어중문학과,인문학부,명칭변경,변경,일반,3.71,3.62,,,,,,,미래인재Ⅰ,4.02,3.86,미래인재Ⅱ,4.17,3.98,76.5,국수영탐(2),3/4,,,,,,,,,,,,,,,,,,,,,
강원권,강원,춘천시,강원대,인문,철학과,인문학부,명칭변경,변경,일반,3.71,3.62,,,,,,,미래인재Ⅰ,4.02,3.86,미래인재Ⅱ,4.17,3.98,76.5,국수영탐(2),3/4,,,,,,,,,,,,,,,,,,,,,
충청권,충남,천안시,단국대(천안),인문,유럽중남미학부 독일학전공,유럽중남미학부 독일학전공,유지,유지,학생부교과우수자,3.47,3.02,,,,,,,DKU인재-서류형,4.74,4.18,,,,76.5,국수영탐(1),2/1,,,,,,,,,,,,,,,,,,,,,
충청권,충남,천안시,단국대(천안),인문,인문사회계열광역,인문사회계열광역,유지,유지,학생부교과우수자,3.72,3.56,,,,,,,DKU인재-서류형,4.28,4.1,,,,76.5,국수영탐(1),2/1,,,,,,,,,,,,,,,,,,,,,
전라권,광주,북구,전남대,자연,전자컴퓨터공학부,전자컴퓨터공학부,유지,유지,일반,3.34,3.05,,,,,,,고교생활우수자Ⅰ,3.23,3.1,,,,76.5,국수탐(2),3/2,,,,,,,,,,,,,,,,,,,,,
전라권,광주,북구,전남대,자연,통계학과,통계학과,유지,유지,일반,3.01,3.01,,,,,,,고교생활우수자Ⅰ,5.06,4.59,,,,76.5,국수탐(2),3/1,,,,,,,,,,,,,,,,,,,,,
경인권,경기,오산시,한신대,예체능,특수체육학,특수체육학,유지,유지,체육실기,,4.08,,,,,,,,,,,,,76.5,국수영탐(1) 중 3개,3/2,,,,,,,,,,,,,,,,,,,,,
경인권,경기,화성시,협성대,자연,의생명화학과,의생명화학과,유지,유지,미래역량우수자,4.66,4.47,학생부교과우수자,3.18,3,,,,협성창의인재,5.44,4.85,,,,76.48,"국수영 중 2개, 탐구(1)",4/1,,,,,,,,,,,,,,,,,,,,,
경인권,경기,안양시,성결대,공통,자율전공학부,자율전공학부,유지,유지,교과성적우수자,4.8,,,,,,,,,,,,,,76.45,"국수영 중 2개, 탐구(1)",-/-,,,,,,,,,,,,,,,,,,,,,
경인권,인천,연수구,인천대,자연,도시공학과,도시공학과,유지,유지,교과성적우수자,3.22,3.22,지역균형,2.91,2.87,,,,자기추천,3.4,2.8,,,,76.45,국수영탐(2),4/-,,,,,,,,,,,,,,,,,,,,,
경인권,인천,연수구,인천대,자연,산업경영공학과,산업경영공학과,유지,유지,교과성적우수자,3.27,2.94,지역균형,2.78,2.68,,,,자기추천,3.2,3,,,,76.45,국수영탐(2),2/-,,,,,,,,,,,,,,,,,,,,,
충청권,충북,청주시,충북대,자연,식품영양학과,식품영양학과,유지,유지,학생부교과,3.22,3.16,,,,,,,학생부종합Ⅰ,,,학생부종합Ⅱ,3.47,3.37,76.4375,국수영탐(2),4/-,,,,,,,,,,,,,,,,,,,,,
경상권,대구,북구,경북대,자연,"첨단기술융합대학 자율학부1(스마트모빌리티,우주공학,로봇공학)","첨단기술융합대학 자율학부1(스마트모빌리티,우주공학,로봇공학)",유지,유지,교과우수자,3.21,2.99,,,,,,,일반학생,3.92,3.6,,,,76.42857,국수영탐(2),2/1,,,,,,,,,,,,,,,,,,,,,
충청권,충남,천안시,백석대,인문,관광학부 글로벌호텔비즈니스전공,관광학부 글로벌호텔비즈니스전공,유지,유지,백석인재,5.11,4.52,일반,4.94,4.64,,,,창의인재,6.07,5.82,,,,76.4,"국수영 중 2개, 탐구(1)",2/-,,,,,,,,,,,,,,,,,,,,,
경인권,경기,부천시,서울신학대,인문,유아교육과,유아교육과,유지,유지,교과성적,2.84,2.84,일반,4.57,4.22,,,,H+인재,4.89,4.7,,,,76.4,"국수탐(1) 중 2개, 영어",4/4,,,,,,,,,,,,,,,,,,,,,
경인권,인천,연수구,인천대,자연,도시건축학부,도시건축학부,유지,유지,교과성적우수자,2.95,3.24,지역균형,2.64,2.76,,,,자기추천,3.7,3.1,,,,76.4,국수영탐(2),3/-,,,,,,,,,,,,,,,,,,,,,
경인권,경기,시흥시,한국공학대,인문,경영학부(경영학전공),경영학부(경영학전공),유지,유지,교과우수자,2.94,2.94,지역균형,3.18,3.05,,,,창의인재,4.32,4.17,,,,76.4,국수영탐(1),3/-,,,,,,,,,,,,,,,,,,,,,
경인권,경기,군포시,한세대,인문,사회복지학전공,사회복지학과,유지,유지,학생부 교과우수자,4.1,4,학생부 면접우수자,4.8,4.7,,,,,,,,,,76.4,"국수 중 1개, 영탐(1)",3/1,,,,,,,,,,,,,,,,,,,,,
전라권,광주,북구,전남대,자연,토목공학과,토목공학과,유지,유지,일반,3.29,3.29,,,,,,,고교생활우수자Ⅰ,3.72,3.47,,,,76.35,국수탐(2),3/3,,,,,,,,,,,,,,,,,,,,,
충청권,대전,유성구,충남대,인문,사회복지학과,사회복지학과,유지,유지,일반,2.91,2.85,,,,,,,학생부종합Ⅰ,3.2,3.14,학생부종합Ⅰ[서류],3.26,3.17,76.35,국수탐(2),3/1,,,,,,,,,,,,,,,,,,,,,
경인권,경기,시흥시,한국공학대,자연,메카트로닉스공학부(메카트로닉스전공),메카트로닉스공학부(메카트로닉스전공),유지,유지,교과우수자,3.53,3.42,지역균형,3.16,2.98,,,,창의인재,4.48,4.42,,,,76.35,국수영탐(1),4/-,,,,,,,,,,,,,,,,,,,,,
충청권,충북,청주시,청주대,자연,임상병리학과,임상병리학과,유지,유지,일반,3.25,3.38,창의면접,4.5,4.5,,,,,,,,,,76.337,국수영탐(2) 중 3개,4/4,,,,,,,,,,,,,,,,,,,,,
충청권,대전,대덕구,한남대,인문,상담심리학과,상담심리학과,유지,유지,일반,3.88,3.72,,,,,,,한남인재Ⅰ,4.74,4.6,한남인재Ⅱ,4.28,4.28,76.33333,"수영탐(1) 중 2개, 국어",4/1,,,,,,,,,,,,,,,,,,,,,
충청권,충남,공주시,국립공주대,자연,지질환경과학과,지질환경과학과,유지,유지,교과Ⅰ,4.68,4.62,교과Ⅱ,5.29,4.92,,,,일반,5.44,5.34,,,,76.331,"국영탐(1) 중 2개, 수학",3/-,,,,,,,,,,,,,,,,,,,,,
경인권,인천,연수구,인천대,인문,유아교육과,유아교육과,유지,유지,교과성적우수자,3.24,3.14,,,,,,,자기추천,3.7,3,,,,76.325,국수영탐(2),4/-,,,,,,,,,,,,,,,,,,,,,
충청권,충남,천안시,국립공주대,자연,화학공학부,화학공학부,유지,유지,교과Ⅰ,4.17,4.11,교과Ⅱ,4.68,4.59,,,,일반,4.64,4.38,,,,76.323,"국영탐(1) 중 2개, 수학",2/-,,,,,,,,,,,,,,,,,,,,,
충청권,충남,공주시,국립공주대,자연,화학과,화학과,유지,유지,교과Ⅰ,4.36,4.32,교과Ⅱ,4.38,4.29,,,,일반,4.45,4.34,,,,76.313,"국영탐(1) 중 2개, 수학",3/-,,,,,,,,,,,,,,,,,,,,,
서울,서울,성북구,한성대,인문,크리에이티브인문학부[야],크리에이티브인문학부[야],유지,유지,교과우수,3.02,2.96,지역균형,3.3,3.25,,,,한성인재,3.96,3.85,,,,76.3,국수영탐(1),3/1,,,,,,,,,,,,,,,,,,,,,
경상권,경북,경주시,동국대(WISE),자연,간호학과,간호학과,유지,유지,교과,2.2,2.1,불교추천인재,2,2,,,,참사랑,2.5,2.4,,,,76.25,국수영탐(2),1/2,,,,,,,,,,,,,,,,,,,,,
경상권,경남,양산시,부산대,자연,간호학과,간호학과,유지,유지,학생부교과,2.22,2.08,,,,,,,,,,,,,76.25,국수영탐(2),3/6,,,,,,,,,,,,,,,,,,,,,
경인권,인천,연수구,인천대,자연,환경공학전공,환경공학전공,유지,유지,교과성적우수자,3,2.85,지역균형,2.63,2.63,,,,자기추천,3.1,2.6,,,,76.25,국수영탐(2),3/-,,,,,,,,,,,,,,,,,,,,,
충청권,충북,청주시,충북대,인문,영어교육과,영어교육과,유지,유지,학생부교과,3.89,3.21,,,,,,,학생부종합Ⅰ,2.89,2.85,,,,76.25,국수영탐(2),3/-,,,,,,,,,,,,,,,,,,,,,
충청권,충북,청주시,충북대,자연,화학과,화학과,유지,유지,학생부교과,3.22,3.12,,,,,,,학생부종합Ⅰ,3.16,3.08,학생부종합Ⅱ,3.43,3.4,76.25,국수영탐(2),4/-,,,,,,,,,,,,,,,,,,,,,
경인권,경기,시흥시,한국공학대,자연,인공지능학과,인공지능학과,유지,유지,교과우수자,3.33,3.29,지역균형,3.02,2.79,,,,창의인재,5.38,4.14,,,,76.25,국수영탐(1),5/-,,,,,,,,,,,,,,,,,,,,,
강원권,강원,춘천시,강원대,인문,경제·정보통계학부,경제·정보통계학부,명칭변경,유지,일반,3.51,3.41,,,,,,,미래인재Ⅰ,3.64,3.46,미래인재Ⅱ,3.94,3.81,76.2,국수영탐(2),5/1,,,,,,,,,,,,,,,,,,,,,
강원권,강원,춘천시,강원대,인문,관광경영학과,관광경영학과,명칭변경,유지,일반,3.37,3.35,,,,,,,미래인재Ⅰ,3.71,3.4,미래인재Ⅱ,4.53,3.96,76.2,국수영탐(2),3/1,,,,,,,,,,,,,,,,,,,,,
경상권,부산,금정구,부산대,인문,공공정책학부,공공정책학부,유지,유지,학생부교과,2.72,2.54,,,,,,,학생부종합,2.71,2.32,,,,76.1875,국수영탐(2),2/1,,,,,,,,,,,,,,,,,,,,,
강원권,강원,춘천시,강원대,자연,건축학과(5년제),건축학과(5년제),명칭변경,유지,일반,3.1,2.99,,,,,,,미래인재Ⅰ,3,2.83,미래인재Ⅱ,3.2,2.91,76.15,국수영탐(2),4/3,,,,,,,,,,,,,,,,,,,,,
충청권,충남,천안시,단국대(천안),자연,자연공학계열광역,자연공학계열광역,유지,유지,학생부교과우수자,3.78,3.53,,,,,,,DKU인재-서류형,4.1,3.9,,,,76.15,국수영탐(1),4/6,,,,,,,,,,,,,,,,,,,,,
충청권,충남,천안시,단국대(천안),자연,화학과,화학과,유지,유지,학생부교과우수자,3.11,3.08,,,,,,,DKU인재-서류형,3.69,3.6,,,,76.15,국수영탐(1),4/6,,,,,,,,,,,,,,,,,,,,,
전라권,광주,북구,전남대,자연,바이오에너지공학과,바이오에너지공학과,유지,유지,일반,3.54,3.3,,,,,,,고교생활우수자Ⅰ,3.91,3.63,,,,76.15,국수탐(2),3/2,,,,,,,,,,,,,,,,,,,,,
충청권,대전,유성구,충남대,인문,한문학과,한문학과,유지,유지,일반,3.42,3.33,,,,,,,학생부종합Ⅰ,4.69,4.56,학생부종합Ⅰ[서류],4.24,4.24,76.15,국수탐(2),3/1,,,,,,,,,,,,,,,,,,,,,
서울,서울,송파구,한국체대,예체능,운동건강관리학과,운동건강관리학과,유지,유지,교과성적우수자,2.02,1.91,,,,,,,,,,,,,76.15,"국수영 중 2개, 탐(1)",3/1,,,,,,,,,,,,,,,,,,,,,
경상권,대구,북구,경북대,자연,바이오섬유소재학과,바이오섬유소재학과,유지,유지,교과우수자,3.2,3.09,,,,,,,일반학생,4.19,4.03,,,,76.14286,국수영탐(2),3/2,,,,,,,,,,,,,,,,,,,,,
경인권,인천,미추홀구,청운대,자연,멀티미디어학과,멀티미디어학과,유지,유지,일반,3.73,3.6,청운인재-면접,3.8,3.73,,,,,,,,,,76.12,"국수영 중 2개, 탐구(1)",-/-,,,,,,,,,,,,,,,,,,,,,
경인권,경기,용인시,강남대,인문,법행정세무학부[야],법행정세무학부[야],유지,유지,지역균형,4.62,4.54,,,,,,,학생부,5.22,5.12,,,,76.1,"국수 중 1개, 영탐(1)",3/2,,,,,,,,,,,,,,,,,,,,,
충청권,충북,청주시,충북대,자연,건축공학과,건축공학과,유지,유지,학생부교과,3.45,3.42,,,,,,,학생부종합Ⅰ,3.59,3.45,학생부종합Ⅱ,3.85,3.7,76.0625,국수영탐(2),4/-,,,,,,,,,,,,,,,,,,,,,
충청권,충북,청주시,충북대,자연,공업화학과,공업화학과,유지,유지,학생부교과,3.37,3.26,,,,,,,학생부종합Ⅰ,3.69,3.59,학생부종합Ⅱ,3.35,3.31,76.0625,국수영탐(2),4/-,,,,,,,,,,,,,,,,,,,,,
충청권,충북,청주시,충북대,자연,식물의학과,식물의학과,유지,유지,학생부교과,3.53,3.42,,,,,,,학생부종합Ⅰ,3.64,3.58,학생부종합Ⅱ,3.92,3.62,76.0625,국수영탐(2),4/-,,,,,,,,,,,,,,,,,,,,,
강원권,강원,춘천시,강원대,자연,반도체물리학과,반도체물리학과,명칭변경,유지,일반,3.56,3.43,,,,,,,미래인재Ⅰ,4.14,3.95,미래인재Ⅱ,5.9,5.32,76.05,국수영탐(2),4/4,,,,,,,,,,,,,,,,,,,,,
충청권,충남,천안시,단국대(천안),인문,아시아중동학부 중국학전공,아시아중동학부 중국학전공,유지,유지,학생부교과우수자,3.61,3.58,,,,,,,DKU인재-서류형,4.48,4.13,,,,76.05,국수영탐(1),4/1,,,,,,,,,,,,,,,,,,,,,
충청권,충남,천안시,단국대(천안),인문,유럽중남미학부 포르투갈브라질학전공,유럽중남미학부 포르투갈브라질학전공,유지,유지,학생부교과우수자,3.71,3.56,,,,,,,DKU인재-서류형,4.29,4.29,,,,76.05,국수영탐(1),3/2,,,,,,,,,,,,,,,,,,,,,
충청권,충남,천안시,단국대(천안),인문,인문사회계열광역,인문사회계열광역,유지,유지,학생부교과우수자,3.72,3.56,,,,,,,DKU인재-서류형,4.28,4.1,,,,76.05,국수영탐(1),4/1,,,,,,,,,,,,,,,,,,,,,
충청권,충남,천안시,단국대(천안),인문,인문사회계열광역,인문사회계열광역,유지,유지,학생부교과우수자,3.72,3.56,,,,,,,DKU인재-서류형,4.28,4.1,,,,76.05,국수영탐(1),3/2,,,,,,,,,,,,,,,,,,,,,
경상권,경북,구미시,국립금오공대,자연,컴퓨터공학부,컴퓨터공학부,유지,유지,학생부교과,4.04,3.82,,,,,,,KIT인재,5.33,4.6,,,,76.02,국수영탐(1) 중 3개,6/4,,,,,,,,,,,,,,,,,,,,,
경상권,경북,구미시,국립금오공대,자연,광시스템공학과,광시스템공학과,유지,유지,학생부교과,6.22,5.76,,,,,,,KIT인재,5.84,5.55,,,,76.013,국수영탐(1) 중 3개,5/2,,,,,,,,,,,,,,,,,,,,,
경상권,경북,경산시,대구가톨릭대,인문,자율전공학부,자율전공학부,유지,유지,교과,4.65,4.3,,,,,,,종합,5.45,5.09,,,,76,국수영탐(1) 중 3개,4/5,,,,,,,,,,,,,,,,,,,,,
충청권,충남,천안시,백석대,자연,치위생학과,치위생학과,유지,유지,백석인재,4.62,4.58,일반,3.56,3.43,,,,창의인재,5.15,4.86,,,,76,"국수영 중 2개, 탐구(1)",3/-,,,,,,,,,,,,,,,,,,,,,
충청권,충남,아산시,순천향대,인문,사회복지학과,사회복지학과,유지,유지,교과면접,4.397,3.984,교과우수자,4.054,3.939,,,,일반학생,4.88,4.7,,,,76,"국수영 중 2개, 탐구(1)",4/2,,,,,,,,,,,,,,,,,,,,,
경인권,인천,연수구,인천대,인문,윤리교육과,윤리교육과,유지,유지,교과성적우수자,2.39,2.39,,,,,,,자기추천,3.5,2.7,,,,76,국수영탐(2),3/-,,,,,,,,,,,,,,,,,,,,,
전라권,광주,북구,전남대,자연,지구과학교육과,지구과학교육과,유지,유지,일반,3.57,3.44,,,,,,,고교생활우수자Ⅰ,3.57,3.5,,,,76,국수탐(2),3/1,,,,,,,,,,,,,,,,,,,,,
충청권,대전,유성구,충남대,인문,국사학과,국사학과,유지,유지,일반,3.66,3.5,,,,,,,학생부종합Ⅰ,4.01,3.94,학생부종합Ⅰ[서류],3.83,3.79,76,국수탐(2),2/1,,,,,,,,,,,,,,,,,,,,,
충청권,대전,유성구,충남대,자연,유기재료공학과,유기재료공학과,유지,유지,일반,2.79,2.72,,,,,,,학생부종합Ⅰ,3.46,3.34,학생부종합Ⅰ[서류],3.27,3.17,76,국수탐(2),2/1,,,,,,,,,,,,,,,,,,,,,
충청권,충북,청주시,충북대,인문,사회학과,사회학과,유지,유지,학생부교과,3.21,3.19,,,,,,,학생부종합Ⅰ,4.31,3.89,학생부종합Ⅱ,3.31,3.3,76,국수영탐(2),3/-,,,,,,,,,,,,,,,,,,,,,
충청권,충북,청주시,충북대,인문,정치외교학과,정치외교학과,유지,유지,학생부교과,3.45,3.39,,,,,,,학생부종합Ⅰ,3.29,3.15,학생부종합Ⅱ,3.44,3.37,76,국수영탐(2),3/-,,,,,,,,,,,,,,,,,,,,,
경인권,경기,용인시,한국외대,인문,국제금융학과,국제금융학과,유지,유지,학교장추천,195.18,195.45,,,,,,,학생부종합(면접형),3.98,3.92,학생부종합(서류형),4.37,3.98,76,국수영탐(2),3/2,,,,,,,,,,,,,,,,,,,,,
충청권,대전,대덕구,한남대,인문,경영정보학과,경영정보학과,유지,유지,일반,5.04,4.66,,,,,,,창업인재,4.36,4.36,한남인재Ⅰ,6.04,5.96,76,"수영탐(1) 중 2개, 국어",3/3,,,,,,,,,,,,,,,,,,,,,
충청권,대전,대덕구,한남대,인문,교육학과,교육학과,유지,유지,일반,4.07,3.44,,,,,,,한남인재Ⅰ,3.3,3.3,한남인재Ⅱ,4.23,4.23,76,"수영탐(1) 중 2개, 국어",5/2,,,,,,,,,,,,,,,,,,,,,
충청권,충남,예산군,국립공주대,자연,식품영양학과,식품영양학과,유지,유지,교과Ⅰ,4.11,4.05,,,,,,,일반,4.9,4.77,,,,75.998,"국영탐(1) 중 2개, 수학",4/-,,,,,,,,,,,,,,,,,,,,,
강원권,강원,강릉시,가톨릭관동대,인문,역사교육과,역사교육과,유지,유지,일반,4.41,4.16,,,,,,,일반,5.08,4.63,,,,75.95,"국수탐(2) 중 2개, 영",4/-,,,,,,,,,,,,,,,,,,,,,
충청권,충남,천안시,한국기술교대,자연,건축공학과,디자인·건축공학부(건축공학전공),유지,변경,일반,4.74,4.41,,,,,,,창의인재(면접형),4.48,4.25,창의인재(서류형),3.71,3.67,75.95,국수영탐(1),4/-,,,,,,,,,,,,,,,,,,,,,
충청권,충남,천안시,한국기술교대,자연,기계공학부,기계공학부,유지,유지,일반,4.07,3.95,,,,,,,창의인재(면접형),4.59,4.52,창의인재(서류형),3.86,3.78,75.95,국수영탐(1),4/-,,,,,,,,,,,,,,,,,,,,,
충청권,충남,천안시,한국기술교대,자연,디자인공학과,디자인·건축공학부(디자인공학전공),유지,변경,일반,4.29,4.14,,,,,,,창의인재(면접형),4.72,4.64,창의인재(서류형),3.96,3.08,75.95,국수영탐(1),4/-,,,,,,,,,,,,,,,,,,,,,
충청권,충남,천안시,한국기술교대,자연,메카트로닉스공학부,메카트로닉스공학부,유지,유지,일반,4.06,3.97,,,,,,,창의인재(면접형),4.48,4.3,창의인재(서류형),3.87,3.74,75.95,국수영탐(1),4/-,,,,,,,,,,,,,,,,,,,,,
충청권,충남,천안시,한국기술교대,자연,에너지신소재화학공학부(에너지신소재공학전공),에너지신소재화학공학부(에너지신소재공학전공),유지,유지,일반,3.7,3.37,,,,,,,창의인재(면접형),4.07,4.06,창의인재(서류형),3.64,3.63,75.95,국수영탐(1),4/-,,,,,,,,,,,,,,,,,,,,,
충청권,충남,천안시,한국기술교대,자연,에너지신소재화학공학부(화학생명공학전공),에너지신소재화학공학부(화학생명공학전공),유지,유지,일반,3.55,3.38,,,,,,,창의인재(면접형),3.67,3.65,창의인재(서류형),3.12,3.05,75.95,국수영탐(1),4/-,,,,,,,,,,,,,,,,,,,,,
충청권,충남,천안시,한국기술교대,자연,전기ㆍ전자ㆍ통신공학부(AI정보통신공학전공),전기ㆍ전자ㆍ통신공학부,유지,변경,일반,3.52,3.44,,,,,,,창의인재(면접형),4.49,4.43,창의인재(서류형),3.71,3.61,75.95,국수영탐(1),4/-,,,,,,,,,,,,,,,,,,,,,
충청권,충남,천안시,한국기술교대,자연,전기ㆍ전자ㆍ통신공학부(전기공학전공),전기ㆍ전자ㆍ통신공학부,유지,변경,일반,3.52,3.44,,,,,,,창의인재(면접형),4.49,4.43,창의인재(서류형),3.71,3.61,75.95,국수영탐(1),4/-,,,,,,,,,,,,,,,,,,,,,
충청권,충남,천안시,한국기술교대,자연,전기ㆍ전자ㆍ통신공학부(전자공학전공),전기ㆍ전자ㆍ통신공학부,유지,변경,일반,3.52,3.44,,,,,,,창의인재(면접형),4.49,4.43,창의인재(서류형),3.71,3.61,75.95,국수영탐(1),4/-,,,,,,,,,,,,,,,,,,,,,
충청권,충남,천안시,한국기술교대,자연,컴퓨터공학부(AIㆍ소프트웨어전공),컴퓨터공학부,유지,변경,일반,3.59,3.53,,,,,,,창의인재(면접형),4.3,4.07,창의인재(서류형),3.45,3.39,75.95,국수영탐(1),4/-,,,,,,,,,,,,,,,,,,,,,
충청권,충남,천안시,한국기술교대,자연,컴퓨터공학부(컴퓨터공학전공),컴퓨터공학부,유지,변경,일반,3.59,3.53,,,,,,,창의인재(면접형),4.3,4.07,창의인재(서류형),3.45,3.39,75.95,국수영탐(1),4/-,,,,,,,,,,,,,,,,,,,,,
서울,서울,강서구,강서대,자연,간호학과,간호학과,유지,유지,일반학생,4.04,4.13,,,,,,,,,,,,,75.9,국수탐(1),2/3,,,,,,,,,,,,,,,,,,,,,
강원권,강원,춘천시,강원대,인문,문화인류학과,문화인류학과,명칭변경,유지,일반,3.85,3.79,,,,,,,미래인재Ⅰ,3.69,3.66,,,,75.9,국수영탐(2),4/1,,,,,,,,,,,,,,,,,,,,,
강원권,강원,춘천시,강원대,인문,문화인류학과,,신설,유지,,,,,,,,,,,,,,,,75.9,국수영탐(2),4/1,,,,,,,,,,,,,,,,,,,,,
강원권,강원,춘천시,강원대,인문,정치외교학과,정치외교학과,명칭변경,유지,일반,3.56,3.37,,,,,,,미래인재Ⅰ,4.04,3.68,미래인재Ⅱ,3.96,3.55,75.9,국수영탐(2),6/2,,,,,,,,,,,,,,,,,,,,,
충청권,충남,천안시,단국대(천안),자연,생명공학부 식량생명공학전공,생명자원학부 식량생명공학전공,유지,변경,학생부교과우수자,3.25,3.14,,,,,,,DKU인재-서류형,3.78,3.48,,,,75.9,국수영탐(1),3/3,,,,,,,,,,,,,,,,,,,,,
충청권,충남,천안시,단국대(천안),인문,유럽중남미학부 러시아학전공,유럽중남미학부 러시아학전공,유지,유지,학생부교과우수자,3.92,3.74,,,,,,,DKU인재-서류형,5.85,4.87,,,,75.9,국수영탐(1),3/3,,,,,,,,,,,,,,,,,,,,,
충청권,충남,천안시,단국대(천안),인문,인문사회계열광역,인문사회계열광역,유지,유지,학생부교과우수자,3.72,3.56,,,,,,,DKU인재-서류형,4.28,4.1,,,,75.9,국수영탐(1),3/3,,,,,,,,,,,,,,,,,,,,,
충청권,충남,천안시,단국대(천안),자연,자연공학계열광역,자연공학계열광역,유지,유지,학생부교과우수자,3.78,3.53,,,,,,,DKU인재-서류형,4.1,3.9,,,,75.9,국수영탐(1),3/3,,,,,,,,,,,,,,,,,,,,,
경인권,경기,안양시,성결대,인문,사회복지학과,사회복지학과,유지,유지,SKU창의적인재,5.4,,교과성적우수자,4,,,,,,,,,,,75.9,"국수영 중 2개, 탐구(1)",-/-,,,,,,,,,,,,,,,,,,,,,
경인권,경기,안양시,성결대,인문,영어영문학과,영어영문학과,유지,유지,SKU창의적인재,5.6,,교과성적우수자,4.4,,,,,,,,,,,75.9,"국수영 중 2개, 탐구(1)",-/-,,,,,,,,,,,,,,,,,,,,,
충청권,대전,유성구,충남대,인문,국어교육과,국어교육과,유지,유지,일반,,,,,,,,,학생부종합Ⅰ,,,,,,75.9,국수탐(2),3/2,,,,,,,,,,,,,,,,,,,,,
서울,서울,성북구,한성대,예체능,글로벌패션산업학부[야],글로벌패션산업학부[야],유지,유지,교과우수,3.2,3.04,지역균형,3.35,3.33,,,,한성인재,3.62,3.55,,,,75.9,국수영탐(1),2/1,,,,,,,,,,,,,,,,,,,,,
충청권,충북,청주시,충북대,자연,산림학과,산림학과,유지,유지,학생부교과,3.68,3.64,,,,,,,학생부종합Ⅰ,4.86,4.71,학생부종합Ⅱ,4.16,3.97,75.875,국수영탐(2),4/-,,,,,,,,,,,,,,,,,,,,,
충청권,충북,청주시,충북대,자연,식물자원학과,식물자원학과,유지,유지,학생부교과,3.77,3.68,,,,,,,학생부종합Ⅰ,3.6,3.47,학생부종합Ⅱ,3.9,3.8,75.875,국수영탐(2),4/-,,,,,,,,,,,,,,,,,,,,,
충청권,대전,유성구,충남대,자연,물리학과,물리학과,유지,유지,일반,3.38,3.18,,,,,,,학생부종합Ⅰ,4.28,3.89,학생부종합Ⅰ[서류],3.62,3.44,75.85,국수탐(2),2/3,,,,,,,,,,,,,,,,,,,,,
경상권,부산,금정구,부산대,자연,정보컴퓨터공학부(인공지능전공),정보컴퓨터공학부(인공지능전공),유지,유지,학생부교과,2.69,2.43,,,,,,,학생부종합,2.29,2.24,,,,75.8125,국수영탐(2),2/3,,,,,,,,,,,,,,,,,,,,,
충청권,충남,천안시,나사렛대,자연,물리치료학과,물리치료학과,,,일반학생,3.183,3.17,,,,,,,창의융합인재,3.208,3.192,,,,75.8,"국수영 중 2개, 탐구(1)",3/-,,,,,,,,,,,,,,,,,,,,,
경인권,경기,안양시,성결대,자연,미디어소프트웨어학과,미디어소프트웨어학과,유지,유지,SKU창의적인재,5.6,,교과성적우수자,4,,,,,,,,,,,75.8,"국수영 중 2개, 탐구(1)",-/-,,,,,,,,,,,,,,,,,,,,,
충청권,충남,아산시,순천향대,인문,경제금융학과,경제금융학과,유지,유지,교과면접,4.242,3.5,교과우수자,4.029,3.929,,,,일반학생,4.87,4.74,,,,75.8,"국수영 중 2개, 탐구(1)",3/4,,,,,,,,,,,,,,,,,,,,,
충청권,충남,아산시,순천향대,인문,국제통상학과,국제통상학과,유지,유지,교과면접,4.155,4.521,교과우수자,4.081,4.022,,,,일반학생,5.12,4.89,,,,75.8,"국수영 중 2개, 탐구(1)",3/2,,,,,,,,,,,,,,,,,,,,,
충청권,충남,아산시,순천향대,인문,행정학과,행정학과,유지,유지,교과면접,4.068,4.068,교과우수자,3.897,3.786,,,,일반학생,4.24,4.01,,,,75.8,"국수영 중 2개, 탐구(1)",3/1,,,,,,,,,,,,,,,,,,,,,
전라권,전북,전주시,전주대,인문,경찰학과,경찰학과,유지,유지,일반학생(교과),5.04,4.84,,,,,,,일반학생(종합),5.34,5.12,,,,75.8,"국수영 중 2개, 탐구(1)",5/3,,,,,,,,,,,,,,,,,,,,,
경인권,경기,화성시,협성대,인문,도시행정학과,도시행정학과,유지,유지,미래역량우수자,4.5,4.39,학생부교과우수자,3.98,3.8,,,,협성창의인재,7.05,5.88,,,,75.76,"국수영 중 2개, 탐구(1)",4/1,,,,,,,,,,,,,,,,,,,,,
서울,서울,동작구,총신대,인문,신학과,신학과,유지,유지,교과우수자,3.7,3.4,,,,,,,코람데오인재,4.8,4.4,,,,75.75,"국수 중 1개, 영탐(2)",2/1,,,,,,,,,,,,,,,,,,,,,
충청권,충북,청주시,충북대,인문,행정학과,행정학과,유지,유지,학생부교과,2.82,2.79,,,,,,,학생부종합Ⅰ,3.24,3.06,학생부종합Ⅱ,3.12,3.09,75.75,국수영탐(2),3/-,,,,,,,,,,,,,,,,,,,,,
충청권,대전,동구,우송대,인문,글로벌호스피탈리티학과,글로벌호텔매니지먼트학과,유지,변경,교과중심,7.7,5.4,면접,7,5.166667,우송인재,7,7,면접형,,6.89,서류형,,6.164286,75.727,국수영탐(1) 중 2개,-/-,,,,,,,,,,,,,,,,,,,,,
경인권,경기,안성시,중앙대(다빈치),예체능,디자인학부(실내환경디자인),디자인학부(실내환경디자인),유지,유지,,,,,,,,,,CAU융합형인재,3.85,3.42,,,,75.725,국수탐(2),3/1,,,,,,,,,,,,,,,,,,,,,
경인권,경기,안양시,안양대,자연,통계데이터사이언스학과[야],통계데이터사이언스학과[야],,,아리학생부교과,,,아리학생부면접,,,,,,,,,,,,75.7,수영탐(1),4/-,,,,,,,,,,,,,,,,,,,,,
충청권,충북,청주시,충북대,자연,소프트웨어학부,소프트웨어학부,유지,유지,학생부교과,3.29,3.23,,,,,,,sw우수인재,3.38,3.3,학생부종합Ⅰ,3.24,3.21,75.6875,국수영탐(2),4/-,,,,,,,,,,,,,,,,,,,,,
충청권,충남,공주시,국립공주대,인문,지리학과,지리학과,유지,유지,교과Ⅰ,3.97,3.88,,,,,,,일반,4.59,4.56,,,,75.679,국수영탐(1) 중 3개,3/-,,,,,,,,,,,,,,,,,,,,,
충청권,충북,충주시,국립한국교통대,인문,행정정보융합학과,행정정보융합학과,유지,유지,일반,4.3,4.14,,,,,,,나비인재Ⅱ,4.4,4.11,,,,75.676,국수영탐(1) 중 3개,4/-,,,,,,,,,,,,,,,,,,,,,
충청권,대전,대덕구,한남대,자연,AI융합학과,AI융합학과,유지,유지,일반,5.22,5.06,,,,,,,한남인재Ⅰ,5.85,5.68,,,,75.657,"국영탐(1) 중 2개, 수학",4/2,,,,,,,,,,,,,,,,,,,,,
충청권,충남,공주시,국립공주대,자연,문화재보존과학과,문화재보존과학과,유지,유지,교과Ⅰ,3.74,3.72,,,,,,,일반,4.09,4.06,,,,75.65,"국영탐(1) 중 2개, 수학",3/-,,,,,,,,,,,,,,,,,,,,,
충청권,충남,천안시,국립공주대,자연,환경공학과,환경공학과,유지,유지,교과Ⅰ,4.61,4.46,교과Ⅱ,4.82,4.61,,,,일반,4.74,4.7,,,,75.65,"국영탐(1) 중 2개, 수학",3/-,,,,,,,,,,,,,,,,,,,,,
경인권,인천,연수구,인천대,자연,화학과,화학과,유지,유지,교과성적우수자,3.25,3,지역균형,2.51,2.44,,,,자기추천,3.3,2.7,,,,75.65,국수영탐(2),2/-,,,,,,,,,,,,,,,,,,,,,
충청권,대전,유성구,충남대,자연,토목공학과,토목공학과,유지,유지,일반,2.95,2.84,,,,,,,학생부종합Ⅰ,3.73,3.7,학생부종합Ⅰ[서류],3.57,3.37,75.65,국수탐(2),2/1,,,,,,,,,,,,,,,,,,,,,
경인권,경기,시흥시,한국공학대,자연,디자인공학부,디자인공학부,유지,유지,교과우수자,3.61,3.52,지역균형,3.05,2.97,,,,창의인재,4.36,4.25,,,,75.65,국수영탐(1),4/-,,,,,,,,,,,,,,,,,,,,,
강원권,강원,춘천시,강원대,자연,자유전공학부(자연계열),자유전공학부(자연계열),명칭변경,유지,일반,3.46,3.28,,,,,,,미래인재Ⅰ,3.79,3.65,,,,75.6,국수영탐(2),4/3,,,,,,,,,,,,,,,,,,,,,
강원권,강원,춘천시,강원대,인문,한문교육과,한문교육과,명칭변경,유지,,,,,,,,,,미래인재Ⅱ,3.97,3.88,,,,75.6,국수영탐(2),5/1,,,,,,,,,,,,,,,,,,,,,
충청권,충남,천안시,단국대(천안),자연,생명공학부 녹지조경학전공,생명자원학부 녹지조경학전공,유지,변경,학생부교과우수자,3.65,3.59,,,,,,,DKU인재-서류형,3.49,3.28,,,,75.6,국수영탐(1),4/4,,,,,,,,,,,,,,,,,,,,,
충청권,충남,천안시,단국대(천안),인문,아시아중동학부 베트남학전공,아시아중동학부 베트남학전공,유지,유지,학생부교과우수자,4.68,4.08,,,,,,,DKU인재-서류형,6.24,5.16,,,,75.6,국수영탐(1),3/2,,,,,,,,,,,,,,,,,,,,,
충청권,충남,천안시,단국대(천안),인문,인문사회계열광역,인문사회계열광역,유지,유지,학생부교과우수자,3.72,3.56,,,,,,,DKU인재-서류형,4.28,4.1,,,,75.6,국수영탐(1),3/2,,,,,,,,,,,,,,,,,,,,,
충청권,충남,천안시,단국대(천안),자연,자연공학계열광역,자연공학계열광역,유지,유지,학생부교과우수자,3.78,3.53,,,,,,,DKU인재-서류형,4.1,3.9,,,,75.6,국수영탐(1),4/4,,,,,,,,,,,,,,,,,,,,,
경인권,경기,포천시,대진대,자연,의생명과학과,의생명과학과,유지,유지,학교장추천,4.13,3.44,학생부우수자,3.76,3.71,,,,윈윈대진,5.63,5.4,,,,75.6,"국수영 중 1개, 남은+탐(1)한 중 1개",4/-,,,,,,,,,,,,,,,,,,,,,
서울,서울,성북구,동덕여대,인문,국어국문학전공,국어국문학전공,유지,유지,학생부교과우수자,2.83,2.63,,,,,,,동덕창의리더,,,,,,75.6,국수영탐(1),4/1,,,,,,,,,,,,,,,,,,,,,
충청권,충남,천안시,백석대,인문,유아교육과,유아교육과,유지,유지,백석인재,5.06,4.65,일반,4.09,3.98,,,,창의인재,4.87,4.66,,,,75.6,"국수영 중 2개, 탐구(1)",3/-,,,,,,,,,,,,,,,,,,,,,
충청권,충남,아산시,순천향대,자연,AI·빅데이터학과,AI·빅데이터학과,유지,유지,교과면접,4.696,4.696,교과우수자,4.161,3.757,,,,SW융합,4.86,4.86,일반학생,4.91,4.72,75.6,"국수영 중 2개, 탐구(1)",2/5,,,,,,,,,,,,,,,,,,,,,
충청권,충남,아산시,순천향대,인문,미디어커뮤니케이션학과,미디어커뮤니케이션학과,유지,유지,교과면접,4.354,2.833,교과우수자,3.167,3.137,,,,일반학생,4.41,4.22,,,,75.6,"국수영 중 2개, 탐구(1)",1/2,,,,,,,,,,,,,,,,,,,,,
충청권,충남,아산시,순천향대,인문,특수교육과,특수교육과,유지,유지,교과면접,4.013,4.013,교과우수자,3.538,3.448,,,,일반학생,5.13,5.04,,,,75.6,"국수영 중 2개, 탐구(1)",3/2,,,,,,,,,,,,,,,,,,,,,
경인권,인천,미추홀구,청운대,자연,컴퓨터공학과,컴퓨터공학과,유지,유지,일반,3.87,3.6,청운인재-면접,3.8,3.8,,,,,,,,,,75.6,"국수영 중 2개, 탐구(1)",-/-,,,,,,,,,,,,,,,,,,,,,
전라권,광주,동구,조선대,자연,신소재공학과,신소재공학과,유지,유지,일반,6.56,5.63,,,,,,,서류,6.87,5.94,,,,75.575,국수영탐(1),2/1,,,,,,,,,,,,,,,,,,,,,
경상권,경남,진주시,경상국립대,자연,항공우주공학부(항공우주시스템공학전공/항공우주모빌리티전공),항공우주공학부(항공우주시스템공학전공/항공우주모빌리티전공),유지,유지,일반,3,2.87,,,,,,,일반,3,2.87,,,,75.5625,국수영탐(2),3/-,,,,,,,,,,,,,,,,,,,,,
강원권,강원,춘천시,강원대,자연,지역건설공학과,지역건설공학과,명칭변경,유지,일반,4.23,4.22,,,,,,,미래인재Ⅰ,4.54,4.46,미래인재Ⅱ,4.86,4.62,75.55,국수영탐(2),4/3,,,,,,,,,,,,,,,,,,,,,
제주권,제주,제주시,제주대,인문,윤리교육과,윤리교육과,유지,유지,일반학생,,4.39,,,,,,,일반학생,4.28,4.13,,,,75.55,국수영탐(2),5/3,,,,,,,,,,,,,,,,,,,,,
충청권,대전,동구,우송대,인문,AI경영학과,경영학전공,유지,변경,교과중심,7.8,5.7,면접,6.166667,5.4,,,,,,,,,,75.54,국수영탐(1) 중 2개,-/-,,,,,,,,,,,,,,,,,,,,,
충청권,대전,동구,우송대,인문,AI경영학과,글로벌융합비즈니스학과,유지,변경,교과중심,7.8,5.7,면접,6.166667,5.4,,,,,,,,,,75.54,국수영탐(1) 중 2개,-/-,,,,,,,,,,,,,,,,,,,,,
충청권,대전,동구,우송대,인문,AI경영학과,경영학전공,유지,변경(전형내폐지),교과중심,7.8,5.7,면접,6.166667,5.4,,,,,,,,,,75.54,국수영탐(1) 중 2개,-/-,,,,,,,,,,,,,,,,,,,,,
충청권,대전,동구,우송대,인문,AI경영학과,글로벌융합비즈니스학과,유지,변경(전형내폐지),교과중심,7.8,5.7,면접,6.166667,5.4,,,,,,,,,,75.54,국수영탐(1) 중 2개,-/-,,,,,,,,,,,,,,,,,,,,,
경인권,경기,용인시,한국외대,자연,전자물리학과,전자물리학과,유지,유지,학교장추천,183.75,183.96,,,,,,,학생부종합(면접형),4.06,4.03,학생부종합(서류형),3.82,3.77,75.52941,국수영탐(2),4/3,,,,,,,,,,,,,,,,,,,,,
충청권,충남,논산시,건양대,인문,국방XR학부,디지털콘텐츠학과,유지,변경,일반학생[교과],6.04,5.58,,,,,,,,,,,,,75.5,국수영탐(1) 중 2개,6/4,,,,,,,,,,,,,,,,,,,,,
충청권,대전,동구,대전대,인문,중등특수교육과,중등특수교육과,유지,유지,교과면접,5.67,5.33,교과중점,4.75,4.5,,,,,,,,,,75.5,국수영탐(1) 중 2개,2/4,,,,,,,,,,,,,,,,,,,,,
전라권,광주,북구,전남대,자연,건축학부,건축학부,유지,유지,일반,3.17,2.95,,,,,,,고교생활우수자Ⅰ,3.34,3.1,,,,75.5,국수탐(2),2/2,,,,,,,,,,,,,,,,,,,,,
전라권,광주,북구,전남대,자연,건축학부(건축공학전공),건축학부(건축공학전공),유지,유지,일반,3.39,3.35,,,,,,,,,,,,,75.5,국수탐(2),2/2,,,,,,,,,,,,,,,,,,,,,
전라권,광주,북구,전남대,자연,건축학부(건축ㆍ도시설계전공),건축학부(건축ㆍ도시설계전공),유지,유지,일반,3.44,3.42,,,,,,,,,,,,,75.5,국수탐(2),2/2,,,,,,,,,,,,,,,,,,,,,
충청권,충북,청주시,충북대,자연,안전공학과,안전공학과,유지,유지,학생부교과,3.48,3.42,,,,,,,학생부종합Ⅰ,3.83,3.43,학생부종합Ⅱ,4.17,3.92,75.5,국수영탐(2),4/-,,,,,,,,,,,,,,,,,,,,,
강원권,강원,원주시,한라대,자연,건축학과,건축학과,유지,유지,일반학생(교과중심),4.8,3.6,,,,,,,운곡인재,4.54,,,,,75.5,국수영탐(1) 중 2개,3/4,,,,,,,,,,,,,,,,,,,,,
경인권,경기,군포시,한세대,인문,경영학전공,경영학과,유지,변경,학생부 교과우수자,4,3.8,학생부 면접우수자,4.6,3.7,,,,,,,,,,75.5,"국수 중 1개, 영탐(1)",3/1,,,,,,,,,,,,,,,,,,,,,
충청권,충남,천안시,단국대(천안),자연,물리학과,물리학과,유지,유지,학생부교과우수자,3.78,3.69,,,,,,,DKU인재-서류형,4.47,4.44,,,,75.45,국수영탐(1),3/3,,,,,,,,,,,,,,,,,,,,,
충청권,충남,천안시,단국대(천안),자연,자연공학계열광역,자연공학계열광역,유지,유지,학생부교과우수자,3.78,3.53,,,,,,,DKU인재-서류형,4.1,3.9,,,,75.45,국수영탐(1),3/3,,,,,,,,,,,,,,,,,,,,,
경인권,경기,용인시,강남대,인문,상경학부[야],상경학부[야],유지,유지,지역균형,4.85,4.74,,,,,,,학생부,5.61,5.17,,,,75.4,"국수 중 1개, 영탐(1)",3/3,,,,,,,,,,,,,,,,,,,,,
충청권,충남,천안시,백석대,자연,안경광학과,안경광학과,유지,유지,백석인재,5.7,4.95,일반,4.9,4.77,,,,창의인재,6.46,6.46,,,,75.4,"국수영 중 2개, 탐구(1)",3/-,,,,,,,,,,,,,,,,,,,,,
충청권,충남,아산시,순천향대,자연,건축학과(5),건축학과(5),유지,유지,교과면접,3.78,3,교과우수자,3.111,3.089,,,,일반학생,4.43,4.26,,,,75.4,"국수영 중 2개, 탐구(1)",3/6,,,,,,,,,,,,,,,,,,,,,
충청권,충남,아산시,순천향대,자연,에너지환경공학과,에너지환경공학과,유지,유지,교과면접,4.965,4.965,교과우수자,3.823,3.772,,,,일반학생,4.87,4.83,,,,75.4,"국수영 중 2개, 탐구(1)",5/3,,,,,,,,,,,,,,,,,,,,,
충청권,충남,아산시,순천향대,자연,전자공학과,전자공학과,유지,유지,교과면접,5.547,4.759,교과우수자,3.818,3.667,,,,일반학생,4.66,4.56,,,,75.4,"국수영 중 2개, 탐구(1)",3/4,,,,,,,,,,,,,,,,,,,,,
충청권,대전,동구,우송대,자연,철도건설시스템학부 건축공학전공,철도건설시스템학부 건축공학전공,유지,유지,교과중심,5.9,5.2,면접,5.666667,5.190476,우송인재,6.166667,6.083333,서류형,,5.467857,,,,75.4,국수영탐(1) 중 2개,-/-,,,,,,,,,,,,,,,,,,,,,
전라권,광주,북구,전남대,인문,정치외교학과,정치외교학과,유지,유지,일반,2.96,2.75,,,,,,,고교생활우수자Ⅰ,3.86,3.45,,,,75.4,국수탐(2),3/2,,,,,,,,,,,,,,,,,,,,,
경인권,경기,안성시,중앙대(다빈치),자연,식품공학부(식품영양),식품공학부(식품영양),유지,유지,,,,,,,,,,CAU융합형인재,4,3.4,,,,75.4,국수탐(2),3/2,,,,,,,,,,,,,,,,,,,,,
경인권,경기,시흥시,한국공학대,자연,나노반도체공학부(반도체시스템전공),반도체공학부(반도체시스템전공),유지,유지,교과우수자,3.34,3.34,지역균형,3.69,3.58,,,,창의인재,4.32,3.79,,,,75.4,국수영탐(1),3/-,,,,,,,,,,,,,,,,,,,,,
경인권,경기,화성시,협성대,인문,유통경영학과,유통경영학과,유지,유지,미래역량우수자,4.8,4.8,학생부교과우수자,4.08,3.98,,,,협성창의인재,5.89,5.57,,,,75.4,"국수영 중 2개, 탐구(1)",4/1,,,,,,,,,,,,,,,,,,,,,
충청권,충북,청주시,충북대,인문,사회교육과,사회교육과,유지,유지,학생부교과,2.85,2.82,,,,,,,학생부종합Ⅰ,3.01,2.82,,,,75.375,국수영탐(2),3/-,,,,,,,,,,,,,,,,,,,,,
전라권,전북,전주시,전북대,자연,간호학과,간호학과,유지,유지,일반학생,2.65,2.48,,,,,,,큰사람,2.77,2.76,,,,75.35,국수탐(2),2/1,,,,,,,,,,,,,,,,,,,,,
경인권,경기,안성시,중앙대(다빈치),자연,예술공학부,예술공학부,유지,유지,지역균형,3.02,2.9,,,,,,,CAU융합형인재,3.95,3.56,CAU탐구형인재,5.62,4.48,75.35,국수탐(2),4/1,,,,,,,,,,,,,,,,,,,,,
충청권,충남,예산군,국립공주대,인문,지역사회개발학과,지역사회개발학과,유지,유지,교과Ⅰ,5.3,5.21,교과Ⅱ,5.08,4.84,,,,일반,5.92,5.73,,,,75.346,국수영탐(1) 중 3개,3/-,,,,,,,,,,,,,,,,,,,,,
경상권,부산,금정구,부산대,인문,경영학과,경영학과,유지,유지,학생부교과,2.46,2.39,,,,,,,학생부종합,2.41,2.37,,,,75.34375,국수영탐(2),3/1,,,,,,,,,,,,,,,,,,,,,
경상권,경북,구미시,국립금오공대,공통,자율전공학부,자율전공학부,유지,유지,학생부교과,5.77,5.35,,,,,,,,,,,,,75.343,국수영탐(1) 중 3개,4/3,,,,,,,,,,,,,,,,,,,,,
충청권,충남,아산시,선문대,자연,치위생학과,치위생학과,유지,유지,면접,3.25,3.25,일반,2.75,2.55,,,,서류,4.78,4.67,,,,75.338,국수영탐(1) 중 3개,4/5,,,,,,,,,,,,,,,,,,,,,
충청권,충남,예산군,국립공주대,자연,특수동물학과,특수동물학과,유지,유지,교과Ⅰ,,,,,,,,,일반,3.5,3.42,,,,75.334,"국영탐(1) 중 2개, 수학",3/-,,,,,,,,,,,,,,,,,,,,,
경상권,부산,부산진구,인제대,자연,간호학과,간호학과,유지,유지,학생부교과,1.94,1.8,,,,,,,,,,,,,75.33333,국수영탐(2),2/1,,,,,,,,,,,,,,,,,,,,,
충청권,대전,대덕구,한남대,인문,경찰학과,경찰학과,유지,유지,일반,3.73,3.54,,,,,,,한남인재Ⅰ,3.79,3.73,한남인재Ⅱ,4.39,4.34,75.33333,"수영탐(1) 중 2개, 국어",4/3,,,,,,,,,,,,,,,,,,,,,
충청권,충남,천안시,국립공주대,자연,스마트정보기술공학과,스마트정보기술공학과,유지,유지,교과Ⅰ,4.7,4.65,,,,,,,일반,4.91,4.88,,,,75.324,"국영탐(1) 중 2개, 수학",3/-,,,,,,,,,,,,,,,,,,,,,
충청권,충남,천안시,단국대(천안),자연,식품영양학과,식품영양학과,유지,유지,학생부교과우수자,3.01,2.93,,,,,,,DKU인재-서류형,3.67,3.62,,,,75.3,국수영탐(1),4/4,,,,,,,,,,,,,,,,,,,,,
충청권,충남,천안시,단국대(천안),자연,자연공학계열광역,자연공학계열광역,유지,유지,학생부교과우수자,3.78,3.53,,,,,,,DKU인재-서류형,4.1,3.9,,,,75.3,국수영탐(1),4/4,,,,,,,,,,,,,,,,,,,,,
전라권,광주,동구,조선대,자연,건축학과(5년제),건축학과(5년제),유지,유지,일반,4.22,3.94,,,,,,,면접,3.9,4.21,,,,75.275,국수영탐(1),4/4,,,,,,,,,,,,,,,,,,,,,
전라권,광주,북구,전남대,인문,미디어커뮤니케이션학과,미디어커뮤니케이션학과,유지,유지,일반,2.53,2.53,,,,,,,고교생활우수자Ⅰ,3.23,3.03,,,,75.25,국수탐(2),3/3,,,,,,,,,,,,,,,,,,,,,
전라권,광주,북구,전남대,자연,신소재공학부,신소재공학부,유지,유지,일반,3.06,2.98,,,,,,,고교생활우수자Ⅰ,3.33,3.14,,,,75.25,국수탐(2),3/3,,,,,,,,,,,,,,,,,,,,,
경인권,경기,화성시,협성대,자연,보건관리학과,보건관리학과,유지,유지,미래역량우수자,4.47,4.44,학생부교과우수자,3.86,3.82,,,,협성창의인재,5.77,5.24,,,,75.22,"국수영 중 2개, 탐구(1)",4/1,,,,,,,,,,,,,,,,,,,,,
경인권,경기,화성시,협성대,자연,컴퓨터공학과,컴퓨터공학과,유지,유지,미래역량우수자,4.14,4,학생부교과우수자,3.24,3.2,,,,협성창의인재,5.15,4.66,,,,75.22,"국수영 중 2개, 탐구(1)",4/1,,,,,,,,,,,,,,,,,,,,,
제주권,제주,제주시,제주대,자연,수학교육과,수학교육과,유지,유지,일반학생,,,,,,,,,일반학생,3.6,3.48,,,,75.21,국수영탐(2),4/2,,,,,,,,,,,,,,,,,,,,,
강원권,강원,춘천시,강원대,인문,영어교육과,영어교육과,명칭변경,유지,일반,3.34,2.93,,,,,,,미래인재Ⅱ,3.51,3.05,,,,75.2,국수영탐(2),4/2,,,,,,,,,,,,,,,,,,,,,
경인권,경기,부천시,서울신학대,인문,아동보육학과,아동보육학과,유지,유지,교과성적,4.35,4.19,일반,4.78,4.68,,,,H+인재,6.41,5.97,,,,75.2,"국수탐(1) 중 2개, 영어",3/2,,,,,,,,,,,,,,,,,,,,,
경인권,경기,안양시,성결대,인문,국제개발협력학과,국제개발협력학과,유지,유지,SKU창의적인재,5.6,,교과성적우수자,4.2,,,,,,,,,,,75.2,"국수영 중 2개, 탐구(1)",-/-,,,,,,,,,,,,,,,,,,,,,
경인권,경기,안양시,성결대,자연,산업경영공학과,산업경영공학과,유지,유지,SKU창의적인재,6.2,,교과성적우수자,4.6,,,,,,,,,,,75.2,"국수영 중 2개, 탐구(1)",-/-,,,,,,,,,,,,,,,,,,,,,
충청권,충남,아산시,순천향대,인문,영미학과,영미학과,유지,유지,교과면접,4.75,5.141,교과우수자,4.087,3.796,,,,일반학생,5.2,5.04,,,,75.2,"국수영 중 2개, 탐구(1)",4/2,,,,,,,,,,,,,,,,,,,,,
전라권,전북,전주시,전주대,자연,패션산업학과,패션산업학과,유지,유지,일반학생(교과),6.18,5.52,,,,,,,일반학생(종합),7.16,6.44,,,,75.2,"국수영 중 2개, 탐구(1)",4/2,,,,,,,,,,,,,,,,,,,,,
경인권,경기,군포시,한세대,예체능,디자인학부,디자인학부,유지,변경,학생부 교과우수자,3.2,3.1,,,,,,,,,,,,,75.2,"국수 중 1개, 영탐(1)",3/1,,,,,,,,,,,,,,,,,,,,,
경상권,부산,금정구,부산대,인문,정치외교학과,정치외교학과,유지,유지,학생부교과,2.66,2.62,,,,,,,,,,,,,75.1875,국수영탐(2),4/2,,,,,,,,,,,,,,,,,,,,,
경상권,부산,금정구,부산대,자연,분자생물학과,분자생물학과,유지,유지,학생부교과,3,2.82,,,,,,,학생부종합,2.09,2,,,,75.125,국수영탐(2),3/3,,,,,,,,,,,,,,,,,,,,,
충청권,충북,청주시,충북대,자연,특용식물학과,특용식물학과,유지,유지,학생부교과,3.84,3.76,,,,,,,학생부종합Ⅰ,4.28,4.13,학생부종합Ⅱ,3.72,3.67,75.125,국수영탐(2),4/-,,,,,,,,,,,,,,,,,,,,,
경상권,경북,경산시,대구대,인문,국어교육과,국어교육과,유지,유지,일반,4.4,3.8,,,,,,,서류,4.57,4.42,,,,75.1,국수영탐(1),4/3,,,,,,,,,,,,,,,,,,,,,
강원권,강원,강릉시,"강원대(강릉,원주)",인문,회계학과,회계학과,유지,유지,해람교과,4.53,4.29,,,,,,,해람인재,5.25,5.23,,,,75.01,국수영탐(1) 중 3개,4/2,,,,,,,,,,,,,,,,,,,,,
충청권,충남,논산시,건양대,인문,국방산업경영학부,금융세무학부,유지,변경,일반학생[교과],6.75,5.5,,,,,,,학생부종합,,,,,,75,국수영탐(1) 중 2개,4/3,,,,,,,,,,,,,,,,,,,,,
충청권,충남,천안시,남서울대,인문,일어일문학과,일어일문학과,유지,유지,교과+면접,4.03,4.53,일반,3.3,3.17,,,,학생부종합 서류형,6.26,5.28,,,,75,국수영탐(1) 중 2개,-/-,,,,,,,,,,,,,,,,,,,,,
충청권,충남,천안시,단국대(천안),자연,생명공학부 환경원예학전공,생명자원학부 환경원예학전공,유지,변경,학생부교과우수자,3.64,3.55,,,,,,,DKU인재-서류형,4.45,4.34,,,,75,국수영탐(1),4/5,,,,,,,,,,,,,,,,,,,,,
충청권,충남,천안시,단국대(천안),자연,자연공학계열광역,자연공학계열광역,유지,유지,학생부교과우수자,3.78,3.53,,,,,,,DKU인재-서류형,4.1,3.9,,,,75,국수영탐(1),4/5,,,,,,,,,,,,,,,,,,,,,
충청권,충남,아산시,순천향대,인문,청소년교육·상담학과,청소년교육·상담학과,유지,유지,교과면접,4.132,2.5,교과우수자,2.946,2.919,,,,일반학생,4.31,4.19,,,,75,"국수영 중 2개, 탐구(1)",3/3,,,,,,,,,,,,,,,,,,,,,
경인권,경기,안양시,안양대,자연,도시정보공학과[야],도시정보공학과[야],,,아리학생부교과,,,아리학생부면접,,,,,,,,,,,,75,수영탐(1),6/-,,,,,,,,,,,,,,,,,,,,,
강원권,강원,원주시,연세대(미래),자연,AI보건정보관리학과,AI보건정보관리학과,,,교과우수자,3.84,3.58,,,,,,,학교생활우수자,3.86,3.75,,,,75,국수영탐(1),2/2,,,,,,,,,,,,,,,,,,,,,
전라권,광주,북구,전남대,인문,경제학부,경제학부,유지,유지,일반,3.85,3.66,,,,,,,고교생활우수자Ⅰ,3.64,3.48,,,,75,국수탐(2),3/2,,,,,,,,,,,,,,,,,,,,,
충청권,대전,대덕구,한남대,인문,사회복지학과,사회복지학과,유지,유지,일반,4.41,3.84,,,,,,,한남인재Ⅰ,4.66,4.53,한남인재Ⅱ,4.81,4.72,75,"수영탐(1) 중 2개, 국어",5/4,,,,,,,,,,,,,,,,,,,,,
경인권,경기,화성시,협성대,자연,건축공학과,건축공학과,유지,유지,미래역량우수자,4.33,4.28,학생부교과우수자,3.71,3.64,,,,협성창의인재,4.8,4.71,,,,74.98,"국수영 중 2개, 탐구(1)",4/1,,,,,,,,,,,,,,,,,,,,,
경인권,경기,화성시,협성대,자연,도시공학과,도시공학과,유지,유지,미래역량우수자,5.04,4.97,학생부교과우수자,4,3.91,,,,협성창의인재,5.33,5.26,,,,74.98,"국수영 중 2개, 탐구(1)",4/1,,,,,,,,,,,,,,,,,,,,,
경인권,경기,화성시,협성대,인문,미디어영상광고학과,미디어영상광고학과,유지,유지,미래역량우수자,3.89,3.81,학생부교과우수자,3.2,3,,,,협성창의인재,5.44,4.46,,,,74.98,"국수영 중 2개, 탐구(1)",4/1,,,,,,,,,,,,,,,,,,,,,
경인권,경기,화성시,협성대,공통,자율전공학부,자율전공학부,유지,유지,미래역량우수자,4.8,4.58,학생부교과우수자,4.48,4.35,,,,,,,,,,74.98,"국수영 중 2개, 탐구(1)",4/1,,,,,,,,,,,,,,,,,,,,,
강원권,강원,춘천시,강원대,자연,AI융합학과,AI융합학과,명칭변경,유지,일반,3.71,3.65,,,,,,,미래인재Ⅰ,4.03,3.69,미래인재Ⅱ,3.84,3.75,74.95,국수영탐(2),2/2,,,,,,,,,,,,,,,,,,,,,
강원권,강원,춘천시,강원대,자연,전기전자공학과,전기전자공학과,명칭변경,유지,일반,3.35,3.28,,,,,,,미래인재Ⅰ,3.79,3.57,미래인재Ⅱ,4.13,4.04,74.95,국수영탐(2),4/1,,,,,,,,,,,,,,,,,,,,,
전라권,광주,북구,전남대,인문,역사교육과,역사교육과,유지,유지,일반,,2.55,,,,,,,고교생활우수자Ⅰ,3.6,2.9,,,,74.95,국수탐(2),3/1,,,,,,,,,,,,,,,,,,,,,
충청권,충북,청주시,충북대,자연,물리학과,물리학과,유지,유지,학생부교과,4,3.81,,,,,,,학생부종합Ⅰ,3.65,3.62,학생부종합Ⅱ,4.16,4.03,74.9375,국수영탐(2),4/-,,,,,,,,,,,,,,,,,,,,,
충청권,충북,청주시,충북대,자연,지구환경과학과,지구환경과학과,유지,유지,학생부교과,3.48,3.35,,,,,,,학생부종합Ⅰ,3.64,3.62,학생부종합Ⅱ,4.1,4.07,74.9375,국수영탐(2),4/-,,,,,,,,,,,,,,,,,,,,,
충청권,충북,청주시,충북대,자연,지능로봇공학과,지능로봇공학과,유지,유지,학생부교과,3.55,3.54,,,,,,,학생부종합Ⅰ,3.76,3.43,학생부종합Ⅱ,4.38,4.3,74.9375,국수영탐(2),4/-,,,,,,,,,,,,,,,,,,,,,
경인권,경기,용인시,한국외대,자연,통계학과,통계학과,유지,유지,학교장추천,184.14,184.66,,,,,,,학생부종합(면접형),4.41,4.37,학생부종합(서류형),3.64,3.51,74.91176,국수영탐(2),4/3,,,,,,,,,,,,,,,,,,,,,
경인권,경기,용인시,강남대,인문,사회복지학부[야],사회복지학부[야],유지,유지,지역균형,4.52,4.45,,,,,,,학생부,5.27,4.95,,,,74.9,"국수 중 1개, 영탐(1)",3/5,,,,,,,,,,,,,,,,,,,,,
전라권,광주,북구,전남대,자연,생물교육과,생물교육과,유지,유지,일반,3.11,2.48,,,,,,,고교생활우수자Ⅰ,,2.36,,,,74.9,국수탐(2),3/3,,,,,,,,,,,,,,,,,,,,,
경인권,경기,군포시,한세대,인문,영어전공,영어학과,유지,유지,학생부 교과우수자,,3.9,학생부 면접우수자,4.8,4.3,,,,,,,,,,74.9,"국수 중 1개, 영탐(1)",3/1,,,,,,,,,,,,,,,,,,,,,
경인권,인천,연수구,인천대,자연,수학과,수학과,유지,유지,교과성적우수자,2.98,2.84,지역균형,2.73,2.69,,,,자기추천,3.4,2.8,,,,74.85,국수영탐(2),3/-,,,,,,,,,,,,,,,,,,,,,
충청권,충북,청주시,충북대,인문,중어중문학과,중어중문학과,유지,유지,학생부교과,3.13,3.08,,,,,,,학생부종합Ⅰ,3.92,3.85,학생부종합Ⅱ,4.6,4.58,74.8125,국수영탐(2),3/-,,,,,,,,,,,,,,,,,,,,,
충청권,충남,천안시,상명대,예체능,디자인학부,디자인학부,유지,유지,,,,,,,,,,상명인재,3.85,3.62,,,,74.8,"국수영 중 2개, 탐구(1)",5/4,,,,,,,,,,,,,,,,,,,,,
서울,서울,성북구,서경대,인문,군사학과(여자),군사학과(여자),유지,변경,군사학과,4.04,4,,,,,,,,,,,,,74.8,"국수탐(2) 중 2개, 영어",4/-,,,,,,,,,,,,,,,,,,,,,
충청권,충남,아산시,순천향대,자연,사물인터넷학과,사물인터넷학과,유지,유지,교과면접,5.305,5.228,교과우수자,4.46,4.349,,,,SW융합,7.61,7.61,일반학생,5.77,5.44,74.8,"국수영 중 2개, 탐구(1)",3/5,,,,,,,,,,,,,,,,,,,,,
충청권,충남,아산시,순천향대,자연,의생명융합학부,의생명융합학부(헬스케어융합전공),유지,유지,교과우수자,5.561,5.206,,,,,,,일반학생,5.56,5.37,,,,74.8,"국수영 중 2개, 탐구(1)",4/5,,,,,,,,,,,,,,,,,,,,,
충청권,충남,아산시,순천향대,자연,화학과,화학과,유지,유지,교과면접,3.642,3.185,교과우수자,3.903,3.375,,,,일반학생,4.46,4.34,,,,74.8,"국수영 중 2개, 탐구(1)",2/2,,,,,,,,,,,,,,,,,,,,,
전라권,전북,전주시,전주대,자연,작업치료학과,작업치료학과,유지,유지,일반학생(교과),5.58,5.34,,,,,,,일반학생(종합),6.73,6.35,,,,74.8,"국수영 중 2개, 탐구(1)",4/2,,,,,,,,,,,,,,,,,,,,,
충청권,충남,천안시,단국대(천안),인문,아시아중동학부 몽골학전공,아시아중동학부 몽골학전공,유지,유지,학생부교과우수자,3.93,3.86,,,,,,,DKU인재-서류형,4.61,4.49,,,,74.75,국수영탐(1),5/4,,,,,,,,,,,,,,,,,,,,,
충청권,충남,천안시,단국대(천안),인문,인문사회계열광역,인문사회계열광역,유지,유지,학생부교과우수자,3.72,3.56,,,,,,,DKU인재-서류형,4.28,4.1,,,,74.75,국수영탐(1),5/4,,,,,,,,,,,,,,,,,,,,,
경인권,경기,동두천시,동양대,자연,AI빅데이터융합학과,AI빅데이터융합학과,유지,유지,일반Ⅰ,6.8,3.4,,,,,,,,,,,,,74.75,"국수영 중 2개, 탐구(1)",4/5,,,,,,,,,,,,,,,,,,,,,
경인권,경기,동두천시,동양대,인문,IT융합경영학과,IT융합경영학과,유지,유지,일반Ⅰ,4.6,3.5,,,,,,,,,,,,,74.75,"국수영 중 2개, 탐구(1)",4/6,,,,,,,,,,,,,,,,,,,,,
경인권,경기,안양시,성결대,인문,인문사회계열자율전공학부,사회과학대학자율전공학부,유지,변경,교과성적우수자,4.8,,,,,,,,,,,,,,74.75,"국수영 중 2개, 탐구(1)",-/-,,,,,,,,,,,,,,,,,,,,,
전라권,광주,북구,전남대,인문,철학과,철학과,유지,유지,일반,3.53,3.53,,,,,,,고교생활우수자Ⅰ,4.04,3.94,,,,74.75,국수탐(2),3/2,,,,,,,,,,,,,,,,,,,,,
충청권,충북,청주시,충북대,자연,도시공학과,도시공학과,유지,유지,학생부교과,3.8,3.64,,,,,,,학생부종합Ⅰ,3.69,3.64,학생부종합Ⅱ,3.87,3.77,74.75,국수영탐(2),4/-,,,,,,,,,,,,,,,,,,,,,
충청권,충북,청주시,충북대,자연,미생물학과,미생물학과,유지,유지,학생부교과,3.26,3.09,,,,,,,학생부종합Ⅰ,3.49,3.4,학생부종합Ⅱ,3.23,3.12,74.75,국수영탐(2),4/-,,,,,,,,,,,,,,,,,,,,,
충청권,충북,청주시,충북대,자연,축산학과,축산학과,유지,유지,학생부교과,4.06,4.01,,,,,,,학생부종합Ⅰ,4.05,3.7,학생부종합Ⅱ,3.83,3.77,74.75,국수영탐(2),4/-,,,,,,,,,,,,,,,,,,,,,
충청권,충북,청주시,충북대,자연,환경공학과,환경공학과,유지,유지,학생부교과,3.05,3.01,,,,,,,학생부종합Ⅰ,3.38,3.36,학생부종합Ⅱ,3.66,3.61,74.75,국수영탐(2),4/-,,,,,,,,,,,,,,,,,,,,,
경상권,대구,북구,경북대,자연,자연과학대학 자율학부,자연과학대학 자율학부,유지,유지,교과우수자,2.99,2.98,,,,,,,일반학생,3.29,3.19,,,,74.71429,국수영탐(2),4/3,,,,,,,,,,,,,,,,,,,,,
강원권,강원,춘천시,강원대,자연,수학교육과,수학교육과,명칭변경,유지,일반,2.81,2.69,,,,,,,미래인재Ⅱ,3.36,3.09,,,,74.7,국수영탐(2),2/4,,,,,,,,,,,,,,,,,,,,,
충청권,충남,천안시,단국대(천안),인문,아시아중동학부 중동학전공,아시아중동학부 중동학전공,유지,유지,학생부교과우수자,3.82,3.67,,,,,,,DKU인재-서류형,4.79,4.3,,,,74.7,국수영탐(1),4/1,,,,,,,,,,,,,,,,,,,,,
충청권,충남,천안시,단국대(천안),인문,인문사회계열광역,인문사회계열광역,유지,유지,학생부교과우수자,3.72,3.56,,,,,,,DKU인재-서류형,4.28,4.1,,,,74.7,국수영탐(1),4/1,,,,,,,,,,,,,,,,,,,,,
경상권,경북,경산시,대구가톨릭대,인문,영어교육과,영어교육과,유지,유지,교과,3.73,3.33,,,,,,,종합,4.45,4.3,,,,74.7,국수영탐(1) 중 3개,2/5,,,,,,,,,,,,,,,,,,,,,
경인권,경기,안양시,성결대,인문,중어중문학과,중어중문학과,유지,유지,SKU창의적인재,6,,교과성적우수자,4.4,,,,,,,,,,,74.7,"국수영 중 2개, 탐구(1)",-/-,,,,,,,,,,,,,,,,,,,,,
경인권,경기,안양시,안양대,인문,기독교교육과,기독교교육과,,,아리학생부교과,4.5,4.29,아리학생부면접,5.1,5.1,,,,,,,,,,74.7,국영탐(1),5/-,,,,,,,,,,,,,,,,,,,,,
충청권,충남,태안군,한서대,자연,항공기계공학과,항공기계공학과,유지,유지,학생부교과1,3.5,2.87,학생부교과2,5,3.5,한서인재,3.87,3.75,융합인재,,3.8,,,,74.7,"국수영 중 2개, 탐구(1)",-/-,,,,,,,,,,,,,,,,,,,,,
충청권,충북,증평군,국립한국교통대,인문,유아특수교육학과,유아특수교육학과,변경,유지,,,,,,,,,,나비인재Ⅱ,5.37,5.14,,,,74.672,국수영탐(1) 중 3개,5/-,,,,,,,,,,,,,,,,,,,,,
충청권,대전,대덕구,한남대,자연,건축공학과,건축공학전공,유지,변경,일반,4.69,4.41,,,,,,,한남인재Ⅰ,5.43,5.32,,,,74.668,"국영탐(1) 중 2개, 수학",3/2,,,,,,,,,,,,,,,,,,,,,
경상권,부산,영도구,고신대,자연,간호학과,간호학과,유지,유지,일반고,2.37,2.23,,,,,,,자기추천100특별,,,자기추천2080특별,,,74.66667,국수영탐(1),3/3,,,,,,,,,,,,,,,,,,,,,
강원권,강원,원주시,연세대(미래),자연,치위생학과,치위생학과,,,교과우수자,3.55,3.51,,,,,,,학교생활우수자,3.7,3.61,,,,74.66667,국수영탐(1),3/3,,,,,,,,,,,,,,,,,,,,,
경인권,경기,용인시,한국외대,자연,바이오메디컬공학부,바이오메디컬공학부,유지,유지,학교장추천,171.88,174.54,,,,,,,학생부종합(면접형),3.38,3.32,학생부종합(서류형),3.09,3.04,74.65882,국수영탐(2),4/3,,,,,,,,,,,,,,,,,,,,,
충청권,충북,청주시,충북대,인문,국어국문학과,국어국문학과,유지,유지,학생부교과,3.4,3.38,,,,,,,학생부종합Ⅰ,3.51,3.36,학생부종합Ⅱ,3.86,3.82,74.625,국수영탐(2),3/-,,,,,,,,,,,,,,,,,,,,,
충청권,충북,청주시,충북대,인문,농업경제학과,농업경제학과,유지,유지,학생부교과,3.53,3.46,,,,,,,학생부종합Ⅰ,4,3.75,학생부종합Ⅱ,3.96,3.94,74.625,국수영탐(2),3/-,,,,,,,,,,,,,,,,,,,,,
강원권,강원,춘천시,강원대,자연,식품생명공학과,식품생명공학과,명칭변경,유지,일반,3.46,3.37,,,,,,,미래인재Ⅰ,3.74,3.46,미래인재Ⅱ,3.83,3.76,74.6,국수영탐(2),4/5,,,,,,,,,,,,,,,,,,,,,
경인권,경기,안양시,성결대,예체능,뷰티디자인학과,뷰티디자인학과,유지,유지,SKU창의적인재,4.4,,교과성적우수자,4,,,,,,,,,,,74.6,"국수영 중 2개, 탐구(1)",-/-,,,,,,,,,,,,,,,,,,,,,
경인권,경기,안양시,성결대,인문,유아교육과,유아교육과,유지,유지,SKU창의적인재,4.6,,교과성적우수자,3.4,,,,,,,,,,,74.6,"국수영 중 2개, 탐구(1)",-/-,,,,,,,,,,,,,,,,,,,,,
경인권,경기,안양시,성결대,자연,정보통신공학과,정보통신공학과,유지,유지,SKU창의적인재,6,,교과성적우수자,4,,,,,,,,,,,74.6,"국수영 중 2개, 탐구(1)",-/-,,,,,,,,,,,,,,,,,,,,,
충청권,충남,아산시,순천향대,자연,디스플레이신소재공학과,디스플레이신소재공학과,유지,유지,교과면접,5.364,4.789,교과우수자,4.2,4.127,,,,일반학생,5.41,5.39,,,,74.6,"국수영 중 2개, 탐구(1)",3/2,,,,,,,,,,,,,,,,,,,,,
충청권,충남,아산시,순천향대,자연,작업치료학과,작업치료학과,유지,유지,교과면접,3.931,3.868,교과우수자,3.389,3.255,,,,일반학생,4.49,4.4,,,,74.6,"국수영 중 2개, 탐구(1)",3/3,,,,,,,,,,,,,,,,,,,,,
충청권,충남,아산시,순천향대,자연,정보보호학과,정보보호학과,유지,유지,교과면접,5.102,4.105,교과우수자,5.315,4.469,,,,SW융합,4.41,4.41,일반학생,5.1,4.93,74.6,"국수영 중 2개, 탐구(1)",4/4,,,,,,,,,,,,,,,,,,,,,
충청권,충남,아산시,순천향대,자연,컴퓨터소프트웨어공학과,컴퓨터소프트웨어공학과,유지,유지,교과면접,3.379,4.712,교과우수자,3.667,3.759,,,,SW융합,5.09,5.09,일반학생,4.99,4.56,74.6,"국수영 중 2개, 탐구(1)",4/2,,,,,,,,,,,,,,,,,,,,,
전라권,전북,전주시,전주대,자연,수학교육과,수학교육과,유지,유지,일반학생(교과),4.8,4.3,,,,,,,일반학생(종합),6.15,5.79,,,,74.6,"국영 중 1개, 수탐(1)",5/3,,,,,,,,,,,,,,,,,,,,,
경인권,경기,안성시,한경국립대,자연,사회안전시스템공학부,사회안전시스템공학부,유지,유지,일반,,,지역균형선발,,,,,,잠재력우수자,,,,,,74.6,"국수영 중 2개, 탐구(1)",3/3,,,,,,,,,,,,,,,,,,,,,
경인권,경기,안성시,한경국립대,자연,안전공학전공,안전공학전공,유지,유지,일반,5.45,5.2,,,,,,,잠재력우수자,5.52,5.44,,,,74.6,"국수영 중 2개, 탐구(1)",3/3,,,,,,,,,,,,,,,,,,,,,
경인권,경기,안성시,한경국립대,자연,지역자원시스템공학전공,지역자원시스템공학전공,유지,유지,일반,5.45,5.36,,,,,,,잠재력우수자,5.84,5.4,,,,74.6,"국수영 중 2개, 탐구(1)",3/3,,,,,,,,,,,,,,,,,,,,,
경상권,부산,금정구,부산대,자연,도시공학과,도시공학과,유지,유지,학생부교과,2.81,2.75,,,,,,,학생부종합,2.95,2.88,,,,74.59375,국수영탐(2),2/1,,,,,,,,,,,,,,,,,,,,,
경상권,부산,금정구,부산대,자연,산업공학과,산업공학과,유지,유지,학생부교과,2.75,2.73,,,,,,,학생부종합,2.53,2.38,,,,74.5625,국수영탐(2),3/2,,,,,,,,,,,,,,,,,,,,,
충청권,충북,청주시,충북대,자연,건축학과,건축학과,유지,유지,학생부교과,2.86,2.83,,,,,,,학생부종합Ⅰ,3.17,3.08,학생부종합Ⅱ,3.57,3.53,74.5625,국수영탐(2),4/-,,,,,,,,,,,,,,,,,,,,,
충청권,충북,청주시,충북대,자연,목재•종이과학과,목재•종이과학과,유지,유지,학생부교과,4.1,4.07,,,,,,,학생부종합Ⅰ,3.9,3.86,학생부종합Ⅱ,4.38,4.24,74.5625,국수영탐(2),4/-,,,,,,,,,,,,,,,,,,,,,
충청권,충북,청주시,충북대,자연,수학과,수학과,유지,유지,학생부교과,3.5,3.43,,,,,,,학생부종합Ⅰ,4.21,3.95,학생부종합Ⅱ,4.48,4.37,74.5625,국수영탐(2),4/-,,,,,,,,,,,,,,,,,,,,,
경상권,경북,경산시,대구한의대,자연,간호학과,간호학과,유지,유지,면접,1.29,1.23,일반,2.66,2.49,,,,일반,3.6,3.26,,,,74.5,국수영탐(1),3/1,,,,,,,,,,,,,,,,,,,,,
충청권,대전,서구,배재대,자연,건축학과(5년제),건축학과(5년제),유지,유지,교과,4.3,4.3,,,,,,,,,,,,,74.5,국수영탐(1) 중 2개,4/1,,,,,,,,,,,,,,,,,,,,,
경인권,경기,화성시,협성대,인문,호텔관광경영학과,호텔관광경영학과,유지,유지,미래역량우수자,4.36,4.25,학생부교과우수자,3.8,3.44,,,,협성창의인재,4.78,4.56,,,,74.5,"국수영 중 2개, 탐구(1)",4/1,,,,,,,,,,,,,,,,,,,,,
충청권,세종,세종,고려대(세종),자연,반도체물리학부,반도체물리학부,유지,유지,일반,3.41,3.17,,,,,,,크림슨인재,4.32,4.23,,,,74.46875,국수영탐(2),4/-,,,,,,,,,,,,,,,,,,,,,
전라권,광주,북구,전남대,인문,농업경제학과,농업경제학과,유지,유지,일반,,3.04,,,,,,,고교생활우수자Ⅰ,4,3.9,,,,74.45,국수탐(2),4/2,,,,,,,,,,,,,,,,,,,,,
경인권,경기,안성시,중앙대(다빈치),자연,생명자원공학부(식물생명공학),생명자원공학부(식물생명공학),유지,유지,,,,,,,,,,CAU융합형인재,3.42,3.11,CAU탐구형인재,3.9,3.6,74.45,국수탐(2),3/2,,,,,,,,,,,,,,,,,,,,,
충청권,대전,유성구,충남대,자연,컴퓨터인공지능학부,인공지능학과,유지,변경,일반,2.71,2.63,,,,,,,학생부종합Ⅰ,3.14,2.96,학생부종합Ⅰ[서류],3.04,3.03,74.45,국수탐(2),1/1,,,,,,,,,,,,,,,,,,,,,
충청권,충북,청주시,충북대,인문,영어영문학과,영어영문학과,유지,유지,학생부교과,3.24,3.21,,,,,,,학생부종합Ⅰ,3.8,3.72,학생부종합Ⅱ,3.75,3.74,74.4375,국수영탐(2),3/-,,,,,,,,,,,,,,,,,,,,,
경상권,경북,경산시,대구대,자연,화학교육과,화학교육과,유지,유지,일반,5.1,4.1,,,,,,,서류,5.06,4.83,,,,74.4,국수영탐(1),3/2,,,,,,,,,,,,,,,,,,,,,
충청권,대전,유성구,충남대,자연,정보통신융합학부,정보통신융합학부,유지,유지,일반,2.98,2.89,,,,,,,학생부종합Ⅰ,3.73,3.54,학생부종합Ⅰ[서류],3.6,3.55,74.4,국수탐(2),2/2,,,,,,,,,,,,,,,,,,,,,
경상권,경북,포항시,한동대,공통,전 학부,전 모집단위,유지,유지,학생부교과,4.03,3.87,,,,,,,글로벌인재,,,소프트웨어인재,3.98,3.66,74.4,국수영탐(1),4/1,,,,,,,,,,,,,,,,,,,,,
경인권,경기,화성시,협성대,인문,경영학과,경영학과,유지,유지,미래역량우수자,4.19,4.14,학생부교과우수자,3.53,3.38,,,,협성창의인재,5.33,4.92,,,,74.38,"국수영 중 2개, 탐구(1)",4/1,,,,,,,,,,,,,,,,,,,,,
경인권,경기,화성시,협성대,인문,중국어문화학과,중국어문화학과,유지,유지,미래역량우수자,5.33,5.29,학생부교과우수자,4.11,4.1,,,,협성창의인재,6.66,5.76,,,,74.38,"국수영 중 2개, 탐구(1)",4/1,,,,,,,,,,,,,,,,,,,,,
경상권,부산,금정구,부산대,자연,건축학과,건축학과,유지,유지,학생부교과,3.05,3.03,,,,,,,학생부종합,2.54,2.5,,,,74.375,국수영탐(2),3/3,,,,,,,,,,,,,,,,,,,,,
충청권,충북,청주시,충북대,자연,천문우주학과,천문우주학과,유지,유지,학생부교과,3.44,3.42,,,,,,,학생부종합Ⅰ,3.66,3.5,학생부종합Ⅱ,3.89,3.88,74.375,국수영탐(2),4/-,,,,,,,,,,,,,,,,,,,,,
충청권,충북,청주시,충북대,자연,토목공학부,토목공학부,유지,유지,학생부교과,3.73,3.66,,,,,,,학생부종합Ⅰ,3.93,3.74,학생부종합Ⅱ,4.1,4.07,74.375,국수영탐(2),4/-,,,,,,,,,,,,,,,,,,,,,
경인권,경기,용인시,한국외대,자연,반도체전자공학부(전자공학전공),반도체전자공학부(전자공학전공),유지,유지,학교장추천,191.47,191.87,,,,,,,학생부종합(면접형),4.11,4.07,학생부종합(서류형),3.65,3.62,74.35294,국수영탐(2),4/3,,,,,,,,,,,,,,,,,,,,,
전라권,전북,전주시,전북대,인문,교육학과,교육학과,유지,유지,일반학생,4.2,4.2,,,,,,,큰사람,3.42,3.39,,,,74.35,국수탐(2),4/1,,,,,,,,,,,,,,,,,,,,,
경상권,경북,구미시,국립금오공대,자연,기계공학부 스마트모빌리티전공,기계공학부 스마트모빌리티전공,유지,유지,학생부교과,5.85,5.73,,,,,,,KIT인재,5.89,5.12,,,,74.349,국수영탐(1) 중 3개,3/4,,,,,,,,,,,,,,,,,,,,,
경상권,경북,경산시,경일대,예체능,사진영상학부,사진영상학부,유지,유지,면접,3.92,,일반,2.54,,,,,학생부종합,3.93,,,,,74.345,국수영탐(1) 중 3개,4/2,,,,,,,,,,,,,,,,,,,,,
경상권,경북,경산시,경일대,자연,철도운전시스템학부,철도운전시스템학부,유지,유지,면접,4.71,,일반,3.17,,,,,학생부종합,4.92,,,,,74.345,국수영탐(1) 중 3개,4/2,,,,,,,,,,,,,,,,,,,,,
충청권,충북,충주시,국립한국교통대,인문,중국어학과,중국어학과,유지,유지,일반,5.17,5.01,,,,,,,나비인재Ⅱ,5.51,5.39,,,,74.344,국수영탐(1) 중 3개,4/-,,,,,,,,,,,,,,,,,,,,,
충청권,대전,대덕구,한남대,인문,경영학과,경영학과,유지,유지,일반,4.41,4,,,,,,,창업인재,4.83,3.8,한남인재Ⅰ,5.07,4.95,74.33333,"수영탐(1) 중 2개, 국어",4/3,,,,,,,,,,,,,,,,,,,,,
충청권,대전,대덕구,한남대,자연,건설환경공학과,토목환경공학전공,유지,변경,일반,5.61,5.14,,,,,,,한남인재Ⅰ,5.49,5.18,,,,74.333,"국영탐(1) 중 2개, 수학",7/5,,,,,,,,,,,,,,,,,,,,,
충청권,충남,예산군,국립공주대,자연,지역건설공학과,지역건설공학과,유지,유지,교과Ⅰ,,,교과Ⅱ,6.21,6.13,,,,일반,6.68,6.06,,,,74.315,"국영탐(1) 중 2개, 수학",2/-,,,,,,,,,,,,,,,,,,,,,
서울,서울,강서구,강서대,인문,G2빅데이터경영학과,G2빅데이터경영학과,유지,유지,교과우수자,4,3.95,일반학생,4.94,4.82,,,,,,,,,,74.3,국수탐(1),5/1,,,,,,,,,,,,,,,,,,,,,
전라권,전북,군산시,국립군산대,자연,간호학부,간호학부,유지,유지,일반,2.34,2,,,,,,,일반학생,3.99,3.7,,,,74.3,국수영탐(2),3/3,,,,,,,,,,,,,,,,,,,,,
경인권,경기,화성시,협성대,인문,사회복지학과,사회복지학과,유지,유지,미래역량우수자,4.66,4.41,학생부교과우수자,3.98,3.66,,,,협성창의인재,5.22,4.5,,,,74.29,"국수영 중 2개, 탐구(1)",4/1,,,,,,,,,,,,,,,,,,,,,
충청권,충북,청주시,충북대,인문,독일언어문화학과,독일언어문화학과,유지,유지,학생부교과,3.71,3.64,,,,,,,학생부종합Ⅰ,4.22,4.11,학생부종합Ⅱ,4.13,3.95,74.25,국수영탐(2),3/-,,,,,,,,,,,,,,,,,,,,,
경상권,부산,금정구,부산대,인문,경제학부,경제학부,유지,유지,학생부교과,2.93,2.69,,,,,,,학생부종합,2.59,2.56,,,,74.21875,국수영탐(2),3/1,,,,,,,,,,,,,,,,,,,,,
경상권,부산,금정구,부산대,인문,고고학과,고고학과,유지,유지,학생부교과,3.42,3.41,,,,,,,학생부종합,3.53,3.46,,,,74.21875,국수영탐(2),2/2,,,,,,,,,,,,,,,,,,,,,
경상권,부산,금정구,부산대,인문,무역학부,무역학부,유지,유지,학생부교과,2.86,2.76,,,,,,,학생부종합,2.78,2.6,,,,74.21875,국수영탐(2),2/1,,,,,,,,,,,,,,,,,,,,,
전라권,전남,목포시,국립목포해양대,자연,해상운송학부,해상운송학부,유지,유지,누구나,2,1.67,학생부성적우수자,4.23,4.47,,,,,,,,,,74.21062,국수영탐(2)한,3/1,,,,,,,,,,,,,,,,,,,,,
충청권,충남,아산시,순천향대,인문,IT금융경영학과,IT금융경영학과,유지,유지,교과면접,4.828,4.278,교과우수자,4.075,3.964,,,,일반학생,5.39,5.13,,,,74.2,"국수영 중 2개, 탐구(1)",3/3,,,,,,,,,,,,,,,,,,,,,
경인권,경기,안양시,안양대,인문,신학과,신학과,,,아리학생부교과,4.24,4.17,아리학생부면접,5,5,,,,,,,,,,74.2,국영탐(1),5/-,,,,,,,,,,,,,,,,,,,,,
충청권,대전,동구,우송대,자연,게임멀티미디어학부 게임소프트웨어전공,테크노미디어융합학부 게임멀티미디어전공,유지,변경,교과중심,6.6,4.9,,,,,,,서류형,,5.925846,,,,74.2,국수영탐(1) 중 2개,-/-,,,,,,,,,,,,,,,,,,,,,
경인권,경기,안성시,한경국립대,자연,화학공학전공,화학공학전공,유지,유지,일반,4.46,4.3,지역균형선발,,,,,,잠재력우수자,4.59,4.45,,,,74.2,"국수영 중 2개, 탐구(1)",5/3,,,,,,,,,,,,,,,,,,,,,
강원권,강원,춘천시,한림대,예체능,체육학과,체육학과,유지,유지,교과우수자,3.61,3.5,,,,,,,학교생활우수자,4.53,4.53,,,,74.2,"국수영 중 1개, 남은+탐구(2) 중 1개",3/-,,,,,,,,,,,,,,,,,,,,,
경인권,경기,화성시,협성대,인문,금융보험학과,금융보험학과,유지,유지,미래역량우수자,5.04,4.86,학생부교과우수자,4.76,4.25,,,,협성창의인재,7.16,6.54,,,,74.2,"국수영 중 2개, 탐구(1)",4/1,,,,,,,,,,,,,,,,,,,,,
충청권,충북,청주시,충북대,자연,화학교육과,화학교육과,유지,유지,학생부교과,,,,,,,,,학생부종합Ⅰ,3.47,3.37,,,,74.1875,국수영탐(2),4/-,,,,,,,,,,,,,,,,,,,,,
경상권,부산,금정구,부산대,인문,역사교육과,역사교육과,유지,유지,학생부교과,2.35,2.03,,,,,,,학생부종합,2.63,2.41,,,,74.15625,국수영탐(2),1/1,,,,,,,,,,,,,,,,,,,,,
경인권,경기,안양시,성결대,자연,도시디자인정보공학과,도시디자인정보공학과,유지,유지,SKU창의적인재,5.6,,교과성적우수자,4,,,,,,,,,,,74.15,"국수영 중 2개, 탐구(1)",-/-,,,,,,,,,,,,,,,,,,,,,
충청권,충남,아산시,호서대,자연,물리치료학과,물리치료학과,유지,유지,학생부,2.3,2.21,,,,,,,호서인재,3.72,3.02,,,,74.12,"국수영 중 2개, 탐구(1)",3/1,,,,,,,,,,,,,,,,,,,,,
경인권,경기,용인시,한국외대,자연,컴퓨터공학부,컴퓨터공학부,유지,유지,학교장추천,193.27,193.67,,,,,,,학생부종합(SW인재),3.93,3.82,학생부종합(면접형),3.9,3.6,74.11765,국수영탐(2),4/3,,,,,,,,,,,,,,,,,,,,,
전라권,광주,북구,전남대,자연,기계공학부,기계공학부,유지,유지,일반,3.16,3.09,,,,,,,고교생활우수자Ⅰ,3.39,3.25,,,,74.1,국수탐(2),3/3,,,,,,,,,,,,,,,,,,,,,
충청권,대전,유성구,충남대,인문,언어학과,언어학과,유지,유지,일반,3.41,3.2,,,,,,,학생부종합Ⅰ,5.44,5.01,학생부종합Ⅰ[서류],3.27,3.21,74.1,국수탐(2),2/3,,,,,,,,,,,,,,,,,,,,,
충청권,충북,청주시,충북대,인문,철학과,철학과,유지,유지,학생부교과,3.29,3.24,,,,,,,학생부종합Ⅰ,3.69,3.58,학생부종합Ⅱ,3.92,3.88,74.0625,국수영탐(2),3/-,,,,,,,,,,,,,,,,,,,,,
충청권,충북,청주시,충북대,인문,프랑스언어문화학과,프랑스언어문화학과,유지,유지,학생부교과,4.08,3.96,,,,,,,학생부종합Ⅰ,4.14,3.98,학생부종합Ⅱ,4.35,4.17,74.0625,국수영탐(2),3/-,,,,,,,,,,,,,,,,,,,,,
경상권,경북,경산시,대구가톨릭대,자연,반려동물보건학과,반려동물보건학과,유지,유지,교과,3.75,3.42,,,,,,,종합,3.79,3.71,,,,74.05,국수영탐(1) 중 3개,6/7,,,,,,,,,,,,,,,,,,,,,
경상권,경북,구미시,국립금오공대,자연,바이오메디컬공학과,바이오메디컬공학과,유지,유지,학생부교과,5.08,4.62,,,,,,,KIT인재,5.99,5.55,,,,74.021,국수영탐(1) 중 3개,2/1,,,,,,,,,,,,,,,,,,,,,
서울,서울,광진구,장로회신학대,인문,신학과,신학과,유지,유지,학생부우수자,4.25,3.38,,,,,,,드림(PUTS인재),5.45,4.09,,,,74.003,국수영탐(2) 중 3개,4/2,,,,,,,,,,,,,,,,,,,,,
충청권,충남,논산시,건양대,인문,사회복지학과,사회복지학과,유지,유지,일반학생[교과],5.89,5.17,,,,,,,학생부종합,6.47,6.3,,,,74,국수영탐(1) 중 2개,5/7,,,,,,,,,,,,,,,,,,,,,
경상권,대구,북구,경북대,자연,농업생명과학대학 자율학부,농업생명과학대학 자율학부,유지,유지,교과우수자,3.28,3.25,,,,,,,일반학생,4.28,3.54,,,,74,국수영탐(2),3/1,,,,,,,,,,,,,,,,,,,,,
충청권,대전,동구,대전대,인문,경영학부,경영학부,유지,유지,교과면접,5.83,5.67,교과중점,5.63,5.14,,,,,,,,,,74,국수영탐(1) 중 2개,4/5,,,,,,,,,,,,,,,,,,,,,
충청권,대전,동구,대전대,인문,보건의료경영학과,보건의료경영학과,유지,유지,교과면접,5.17,5,교과중점,5,4.54,,,,,,,,,,74,국수영탐(1) 중 2개,4/5,,,,,,,,,,,,,,,,,,,,,
경상권,경북,경주시,동국대(WISE),인문,행정•경찰공공학부,행정•경찰공공학부,유지,유지,교과,3.8,3.5,면접,4.6,4.3,불교추천인재,,,참사랑,4.6,4.4,,,,74,국수탐(1) 중 2개,4/2,,,,,,,,,,,,,,,,,,,,,
경상권,경남,김해시,인제대,자연,방사선학과,방사선학과,유지,유지,면접,2.97,2.75,학생부교과,2.66,2.66,,,,,,,,,,74,국수영탐(2),2/1,,,,,,,,,,,,,,,,,,,,,
전라권,광주,북구,전남대,인문,경영학부,경영학부,유지,유지,일반,3.56,3.38,,,,,,,고교생활우수자Ⅰ,3.18,2.96,,,,74,국수탐(2),3/3,,,,,,,,,,,,,,,,,,,,,
충청권,충북,청주시,충북대,자연,수학교육과,수학교육과,유지,유지,학생부교과,3.17,2.99,,,,,,,학생부종합Ⅰ,3.08,2.95,,,,74,국수영탐(2),4/-,,,,,,,,,,,,,,,,,,,,,
서울,서울,노원구,한국성서대,자연,간호학과,간호학과,유지,유지,교과성적우수자,3.58,3.23,목회자추천,4.35,3.51,일반학생,4.18,3.97,,,,,,,74,국수영탐(1),3/6,,,,,,,,,,,,,,,,,,,,,
충청권,대전,대덕구,한남대,자연,정보통신공학과,정보통신공학과,유지,유지,일반,5.63,5.3,,,,,,,한남인재Ⅰ,4.08,4.08,,,,74,"국영탐(1) 중 2개, 수학",5/2,,,,,,,,,,,,,,,,,,,,,
충청권,대전,대덕구,한남대,인문,회계학과,회계학과,유지,유지,일반,5.18,4.61,,,,,,,한남인재Ⅰ,5.26,5.07,,,,74,"수영탐(1) 중 2개, 국어",4/6,,,,,,,,,,,,,,,,,,,,,
충청권,충남,예산군,국립공주대,자연,산림과학과,산림과학과,유지,유지,교과Ⅰ,4.6,4.54,교과Ⅱ,5.68,5.6,,,,일반,4.75,4.57,,,,73.983,"국영탐(1) 중 2개, 수학",3/-,,,,,,,,,,,,,,,,,,,,,
충청권,충남,천안시,국립공주대,자연,스마트인프라공학과,스마트인프라공학과,유지,유지,교과Ⅰ,5.36,5.19,교과Ⅱ,5.71,5.46,,,,일반,5.5,5.41,,,,73.983,"국영탐(1) 중 2개, 수학",3/-,,,,,,,,,,,,,,,,,,,,,
충청권,대전,유성구,충남대,예체능,스포츠과학과,,유지,신설,,,,,,,,,,,,,,,,73.95,국수탐(2),3/2,,,,,,,,,,,,,,,,,,,,,
경상권,부산,금정구,부산대,자연,수학교육과,수학교육과,유지,유지,학생부교과,1.96,1.95,,,,,,,학생부종합,2.54,2.43,,,,73.9375,국수영탐(2),2/1,,,,,,,,,,,,,,,,,,,,,
강원권,강원,춘천시,강원대,자연,에너지자원공학과,에너지자원공학과,명칭변경,유지,일반,3.8,3.63,,,,,,,미래인재Ⅰ,4.23,4.17,미래인재Ⅱ,4.32,4.25,73.9,국수영탐(2),2/1,,,,,,,,,,,,,,,,,,,,,
경인권,경기,군포시,한세대,인문,신학과,신학과,유지,유지,학생부 교과우수자,4.9,4.8,학생부 면접우수자,6.4,6.1,,,,,,,,,,73.9,"국수 중 1개, 영탐(1)",3/1,,,,,,,,,,,,,,,,,,,,,
충청권,충북,청주시,충북대,인문,러시아언어문화학과,러시아언어문화학과,유지,유지,학생부교과,3.48,3.48,,,,,,,학생부종합Ⅰ,4.07,4.03,학생부종합Ⅱ,4.07,3.97,73.875,국수영탐(2),3/-,,,,,,,,,,,,,,,,,,,,,
충청권,충북,청주시,충북대,인문,아동복지학과,아동복지학과,유지,유지,학생부교과,3.27,3.22,,,,,,,학생부종합Ⅰ,3.73,3.7,학생부종합Ⅱ,3.61,3.45,73.875,국수영탐(2),3/-,,,,,,,,,,,,,,,,,,,,,
강원권,강원,춘천시,강원대,자연,컴퓨터공학과,컴퓨터공학과,명칭변경,유지,일반,3.65,3.5,,,,,,,미래인재Ⅰ,3.58,3.3,미래인재Ⅱ,3.69,3.5,73.85,국수영탐(2),4/3,,,,,,,,,,,,,,,,,,,,,
경인권,경기,안산시,한양대(ERICA),예체능,스포츠과학부,스포츠과학부,변경,유지,,,,,,,,,,서류형,3.31,2.73,,,,73.84615,"수탐(1) 중 1개, 국영",4/4,,,,,,,,,,,,,,,,,,,,,
경상권,부산,금정구,부산대,자연,생명과학과,생명과학과,유지,유지,학생부교과,2.31,2.16,,,,,,,학생부종합,2.81,2.26,,,,73.8125,국수영탐(2),2/1,,,,,,,,,,,,,,,,,,,,,
충청권,충남,천안시,상명대,예체능,예술학부 무대미술전공,예술학부 무대미술전공,유지,유지,,,,,,,,,,상명인재,3.13,3.13,,,,73.8,"국수영 중 2개, 탐구(1)",5/4,,,,,,,,,,,,,,,,,,,,,
충청권,충남,아산시,순천향대,자연,나노화학공학과,나노화학공학과,유지,유지,교과면접,5.633,4.621,교과우수자,3.68,3.515,,,,일반학생,4.79,4.55,,,,73.8,"국수영 중 2개, 탐구(1)",4/1,,,,,,,,,,,,,,,,,,,,,
충청권,충남,아산시,순천향대,자연,의생명융합학부,의생명융합학부(바이오의약전공),유지,유지,교과우수자,4.063,3.855,,,,,,,일반학생,4.82,4.53,,,,73.8,"국수영 중 2개, 탐구(1)",4/6,,,,,,,,,,,,,,,,,,,,,
충청권,충남,아산시,순천향대,자연,환경보건학과,환경보건학과,유지,유지,교과면접,4.31,3.5,교과우수자,4.25,4.07,,,,일반학생,5.05,4.85,,,,73.8,"국수영 중 2개, 탐구(1)",3/1,,,,,,,,,,,,,,,,,,,,,
전라권,전북,전주시,전주대,인문,문헌정보학과,문헌정보학과,유지,유지,일반학생(교과),5.14,4.88,,,,,,,일반학생(종합),5.64,5.12,,,,73.8,"국수영 중 2개, 탐구(1)",4/2,,,,,,,,,,,,,,,,,,,,,
경인권,인천,미추홀구,청운대,인문,경영학과,경영학과,유지,유지,일반,3.93,3.8,청운인재-면접,4,3.73,,,,,,,,,,73.8,"국수영 중 2개, 탐구(1)",-/-,,,,,,,,,,,,,,,,,,,,,
충청권,대전,유성구,충남대,인문,교육학과,교육학과,유지,유지,일반,3,2.86,,,,,,,학생부종합Ⅰ,3.22,3.22,,,,73.8,국수탐(2),1/6,,,,,,,,,,,,,,,,,,,,,
경상권,부산,영도구,국립한국해양대,자연,기관시스템공학부,기관시스템공학부,유지,유지,일반,,,,,,,,,아치해양인재Ⅰ,3.81,3.67,아치해양인재Ⅱ,,,73.76667,국수영탐(2),3/3,,,,,,,,,,,,,,,,,,,,,
경상권,부산,영도구,국립한국해양대,자연,기관시스템공학부(남),기관시스템공학부(남),유지,유지,교과성적우수자,4.04,3.87,,,,,,,,,,,,,73.76667,국수영탐(2),3/3,,,,,,,,,,,,,,,,,,,,,
경상권,부산,영도구,국립한국해양대,자연,기관시스템공학부(여),기관시스템공학부(여),유지,유지,교과성적우수자,3.51,3.35,,,,,,,,,,,,,73.76667,국수영탐(2),3/3,,,,,,,,,,,,,,,,,,,,,
경인권,경기,용인시,한국외대,자연,반도체전자공학부(반도체공학전공),반도체전자공학부(반도체공학전공),유지,유지,학교장추천,188.19,189.82,,,,,,,학생부종합(면접형),3.68,3.59,학생부종합(서류형),3.12,2.9,73.76471,국수영탐(2),3/3,,,,,,,,,,,,,,,,,,,,,
경상권,부산,금정구,부산대,인문,언어정보학과,언어정보학과,유지,유지,학생부교과,3.05,2.99,,,,,,,학생부종합,3.42,3.34,,,,73.71875,국수영탐(2),2/1,,,,,,,,,,,,,,,,,,,,,
전라권,전북,전주시,전북대,인문,본부 융합자율전공학부 1(전주캠퍼스),본부 융합자율전공학부 1(전주캠퍼스),유지,유지,일반학생,4.04,4.02,,,,,,,,,,,,,73.7,국수탐(2),4/1,,,,,,,,,,,,,,,,,,,,,
경인권,경기,안성시,중앙대(다빈치),예체능,디자인학부(패션),디자인학부(패션),유지,유지,,,,,,,,,,CAU융합형인재,4.29,3.88,,,,73.7,국수탐(2),3/2,,,,,,,,,,,,,,,,,,,,,
경상권,경북,구미시,국립금오공대,자연,산업빅데이터공학부,산업빅데이터공학부,유지,유지,학생부교과,5.92,5.55,,,,,,,KIT인재,5.99,5.48,,,,73.678,국수영탐(1) 중 3개,4/4,,,,,,,,,,,,,,,,,,,,,
전라권,광주,동구,조선대,인문,경영학부,경영학부,유지,유지,일반,4.86,4.8,,,,,,,면접,4.87,4.54,서류,5.46,5.21,73.675,국수영탐(1),4/1,,,,,,,,,,,,,,,,,,,,,
전라권,광주,동구,조선대,자연,기계공학과,기계공학과,유지,유지,일반,5.71,5.29,,,,,,,면접,5.02,5.3,서류,6.23,6.17,73.675,국수영탐(1),4/4,,,,,,,,,,,,,,,,,,,,,
경상권,경북,경산시,영남대,인문,미디어커뮤니케이션학과,미디어커뮤니케이션학과,,,일반학생,3,2.52,,,,,,,잠재능력우수자,3.76,3.66,,,,73.67,국수영탐(2),-/-,,,,,,,,,,,,,,,,,,,,,
충청권,충북,청주시,청주대,인문,자유전공학부,자유전공학부,유지,유지,교과우수,4.5,4.38,담임추천,5,4.75,일반,4.38,4.13,,,,,,,73.668,국수영탐(2) 중 3개,4/4,,,,,,,,,,,,,,,,,,,,,
충청권,대전,대덕구,한남대,인문,경제학과,경제학과,유지,유지,일반,5.09,4.84,,,,,,,한남인재Ⅰ,5.51,5.24,,,,73.66667,"수영탐(1) 중 2개, 국어",3/3,,,,,,,,,,,,,,,,,,,,,
충청권,대전,대덕구,한남대,인문,호텔항공경영학과,호텔항공경영학과,유지,유지,일반,5.3,5,,,,,,,한남인재Ⅰ,5.47,5.21,,,,73.66667,"수영탐(1) 중 2개, 국어",5/5,,,,,,,,,,,,,,,,,,,,,
충청권,대전,유성구,한남대,자연,화학과,화학과,유지,유지,일반,6.26,5.89,,,,,,,한남인재Ⅰ,6.14,5.58,,,,73.656,"국영탐(1) 중 2개, 수학",5/4,,,,,,,,,,,,,,,,,,,,,
강원권,강원,춘천시,강원대,자연,과학교육학부,과학교육학부,명칭변경,유지,일반,3.43,3.29,,,,,,,미래인재Ⅱ,3.65,3.24,,,,73.65,국수영탐(2),4/1,,,,,,,,,,,,,,,,,,,,,
경인권,경기,동두천시,동양대,인문,e스포츠학과,e스포츠학과,유지,유지,면접,4.9,3.7,일반Ⅰ,4,3.9,,,,,,,,,,73.65,"국수영 중 2개, 탐구(1)",4/4,,,,,,,,,,,,,,,,,,,,,
경인권,경기,동두천시,동양대,인문,공공인재학부,공공인재학부,유지,유지,면접,4.4,4.1,일반Ⅰ,4.7,3.6,,,,,,,,,,73.65,"국수영 중 2개, 탐구(1)",4/3,,,,,,,,,,,,,,,,,,,,,
충청권,충북,청주시,충북대,자연,바이오시스템공학과,바이오시스템공학과,유지,유지,학생부교과,3.24,3.08,,,,,,,학생부종합Ⅰ,3.58,3.32,학생부종합Ⅱ,3.98,3.93,73.625,국수영탐(2),4/-,,,,,,,,,,,,,,,,,,,,,
강원권,강원,춘천시,강원대,자연,농업생명과학대학 자유전공학과,농업생명과학대학 무전공학과,명칭변경,변경,일반,4.09,3.97,,,,,,,,,,,,,73.6,국수영탐(2),4/4,,,,,,,,,,,,,,,,,,,,,
경인권,경기,부천시,서울신학대,인문,사회복지학과,사회복지학과,유지,유지,교과성적,3,2.81,일반,3.77,3.64,,,,H+인재,4.94,4.68,,,,73.6,"국수탐(1) 중 2개, 영어",6/6,,,,,,,,,,,,,,,,,,,,,
충청권,충남,아산시,순천향대,자연,생명과학과,생명과학과,유지,유지,교과면접,4.08,4.186,교과우수자,3.651,3.4,,,,일반학생,4.77,4.6,,,,73.6,"국수영 중 2개, 탐구(1)",3/1,,,,,,,,,,,,,,,,,,,,,
충청권,충남,아산시,순천향대,자연,식품영양학과,식품영양학과,유지,유지,교과면접,4.179,3.808,교과우수자,3.667,3.438,,,,일반학생,4.75,4.54,,,,73.6,"국수영 중 2개, 탐구(1)",3/4,,,,,,,,,,,,,,,,,,,,,
전라권,광주,북구,전남대,자연,식품공학과,식품공학과,유지,유지,일반,2.75,2.72,,,,,,,고교생활우수자Ⅰ,3.17,3.03,,,,73.6,국수탐(2),3/1,,,,,,,,,,,,,,,,,,,,,
경인권,경기,안성시,중앙대(다빈치),자연,생명자원공학부(동물생명공학),생명자원공학부(동물생명공학),유지,유지,,,,,,,,,,CAU융합형인재,3.12,2.73,CAU탐구형인재,3.93,3.76,73.6,국수탐(2),2/1,,,,,,,,,,,,,,,,,,,,,
경인권,경기,평택시,한경국립대,자연,AI반도체융합전공,AI반도체융합전공,유지,유지,일반P,3.43,2.92,,,,,,,,,,,,,73.6,"국수영 중 2개, 탐구(1)",3/3,,,,,,,,,,,,,,,,,,,,,
경인권,경기,안성시,한경국립대,자연,식물생명환경전공,식물생명환경전공,유지,유지,일반,5.67,5.33,,,,,,,잠재력우수자,5.23,5.05,,,,73.6,"국수영 중 2개, 탐구(1)",3/3,,,,,,,,,,,,,,,,,,,,,
경인권,경기,안성시,한경국립대,자연,식물자원조경학부,식물자원조경학부,유지,유지,일반,,,지역균형선발,,,,,,잠재력우수자,,,,,,73.6,"국수영 중 2개, 탐구(1)",3/3,,,,,,,,,,,,,,,,,,,,,
경인권,경기,안성시,한경국립대,자연,조경학전공,조경학전공,유지,유지,일반,5.28,4.9,,,,,,,잠재력우수자,5.4,5.17,,,,73.6,"국수영 중 2개, 탐구(1)",3/3,,,,,,,,,,,,,,,,,,,,,
경인권,경기,화성시,협성대,인문,아동보육학과,아동보육학과,유지,유지,미래역량우수자,5.02,4.94,학생부교과우수자,4.01,3.93,,,,협성창의인재,5.89,5.32,,,,73.6,"국수영 중 2개, 탐구(1)",4/1,,,,,,,,,,,,,,,,,,,,,
경인권,인천,미추홀구,청운대,자연,화학생명공학과,화학생명공학과,유지,유지,일반,3.6,3.47,청운인재-면접,4.13,3.67,,,,,,,,,,73.52,"국수영 중 2개, 탐구(1)",-/-,,,,,,,,,,,,,,,,,,,,,
강원권,강원,춘천시,강원대,자연,분자생명과학과,분자생명과학과,명칭변경,유지,일반,3.65,3.47,,,,,,,미래인재Ⅰ,3.78,3.75,미래인재Ⅱ,3.98,3.92,73.5,국수영탐(2),3/4,,,,,,,,,,,,,,,,,,,,,
충청권,충남,천안시,남서울대,자연,멀티미디어학과,멀티미디어학과,유지,유지,교과+면접,4.3,4.7,일반,3.73,3.97,,,,학생부종합 서류형,6.48,5.83,,,,73.5,국수영탐(1) 중 2개,3/-,,,,,,,,,,,,,,,,,,,,,
서울,서울,노원구,삼육대,예체능,아트앤디자인학과,아트앤디자인학과,유지,유지,,,,,,,,,,재림교회목회자추천,,,,,,73.5,국수영탐(1) 중 2개,4/3,,,,,,,,,,,,,,,,,,,,,
경상권,경북,경산시,영남대,자연,전자공학과,전자공학과,,,일반학생,3.76,3.65,,,,,,,잠재능력우수자,4.28,4.14,,,,73.5,국수영탐(2),-/-,,,,,,,,,,,,,,,,,,,,,
경상권,대구,북구,경북대,예체능,체육교육과,체육교육과,유지,유지,교과우수자,2.45,2.43,,,,,,,일반학생,3.4,3.28,,,,73.42857,국수영탐(2),2/4,,,,,,,,,,,,,,,,,,,,,
서울,서울,강서구,강서대,자연,식품영양학과,식품영양학과,유지,유지,교과우수자,3.15,3,일반학생,4.61,4.56,,,,,,,,,,73.4,국수탐(1),5/1,,,,,,,,,,,,,,,,,,,,,
충청권,충남,천안시,상명대,예체능,예술학부 AI미디어콘텐츠전공,예술학부 AI미디어콘텐츠전공,유지,유지,,,,,,,,,,상명인재,3.55,3.55,,,,73.4,"국수영 중 2개, 탐구(1)",4/4,,,,,,,,,,,,,,,,,,,,,
전라권,광주,북구,전남대,자연,물리교육과,물리교육과,유지,유지,일반,4.14,3.76,,,,,,,고교생활우수자Ⅰ,3.84,3.8,,,,73.4,국수탐(2),3/3,,,,,,,,,,,,,,,,,,,,,
경상권,부산,금정구,부산대,자연,기계공학부,기계공학부,유지,유지,학생부교과,2.62,2.45,,,,,,,학생부종합,2.48,2.39,,,,73.375,국수영탐(2),3/1,,,,,,,,,,,,,,,,,,,,,
경상권,부산,금정구,부산대,자연,항공우주공학과,항공우주공학과,유지,유지,학생부교과,2.78,2.7,,,,,,,학생부종합,2.53,2.46,,,,73.375,국수영탐(2),2/3,,,,,,,,,,,,,,,,,,,,,
전라권,광주,동구,조선대,자연,화학교육과,화학교육과,유지,유지,일반,,,,,,,,,서류,5.68,5.14,,,,73.35,국수영탐(1),3/2,,,,,,,,,,,,,,,,,,,,,
충청권,대전,유성구,충남대,인문,영어교육과,영어교육과,유지,유지,일반,3.17,2.89,,,,,,,학생부종합Ⅰ,3.68,3.58,,,,73.35,국수탐(2),2/1,,,,,,,,,,,,,,,,,,,,,
충청권,대전,대덕구,한남대,인문,빅데이터응용학과,빅데이터응용학과,유지,유지,일반,6.1,5.86,,,,,,,한남인재Ⅰ,5.43,4.38,,,,73.33333,"수영탐(1) 중 2개, 국어",4/2,,,,,,,,,,,,,,,,,,,,,
경상권,경북,경산시,영남대,인문,행정학과,행정학과,,,일반학생,4.07,3.87,,,,,,,잠재능력우수자,4.33,4.05,,,,73.33,국수영탐(2),-/-,,,,,,,,,,,,,,,,,,,,,
강원권,강원,춘천시,강원대,자연,디지털밀리터리학과,디지털밀리터리학과,명칭변경,유지,일반,4.37,4.3,,,,,,,미래인재Ⅰ,4.26,3.91,미래인재Ⅱ,4.55,4.51,73.3,국수영탐(2),3/2,,,,,,,,,,,,,,,,,,,,,
강원권,강원,춘천시,강원대,자연,화학·생화학부,화학·생화학부,명칭변경,유지,일반,3.61,3.5,,,,,,,미래인재Ⅰ,4.06,3.65,미래인재Ⅱ,3.99,3.97,73.3,국수영탐(2),3/4,,,,,,,,,,,,,,,,,,,,,
충청권,대전,유성구,충남대,자연,생화학과,생화학과,유지,유지,일반,2.76,2.82,,,,,,,학생부종합Ⅰ,3.43,3.36,학생부종합Ⅰ[서류],2.86,2.69,73.3,국수탐(2),2/1,,,,,,,,,,,,,,,,,,,,,
경인권,경기,용인시,한국외대,자연,화학과,화학과,유지,유지,학교장추천,190.64,191.7,,,,,,,학생부종합(면접형),3.38,3.21,학생부종합(서류형),3.44,3.19,73.29412,국수영탐(2),4/3,,,,,,,,,,,,,,,,,,,,,
충청권,충남,홍성군,청운대,자연,간호학과,간호학과,유지,유지,일반,3.4,3.33,,,,,,,,,,,,,73.28,"국수영 중 2개, 탐구(1)",-/-,,,,,,,,,,,,,,,,,,,,,
충청권,충북,청주시,충북대,자연,물리교육과,물리교육과,유지,유지,학생부교과,,,,,,,,,학생부종합Ⅰ,3.6,3.6,,,,73.25,국수영탐(2),4/-,,,,,,,,,,,,,,,,,,,,,
강원권,강원,춘천시,강원대,자연,생태조경디자인학과,생태조경디자인학과,명칭변경,유지,일반,3.89,3.53,,,,,,,미래인재Ⅰ,3.84,3.44,미래인재Ⅱ,4.79,4.77,73.2,국수영탐(2),2/3,,,,,,,,,,,,,,,,,,,,,
경상권,부산,금정구,부산대,자연,정보컴퓨터공학부(컴퓨터공학전공),정보컴퓨터공학부(컴퓨터공학전공),유지,유지,학생부교과,3.03,2.55,,,,,,,학생부종합,2.08,2.02,,,,73.1875,국수영탐(2),2/2,,,,,,,,,,,,,,,,,,,,,
경인권,경기,용인시,한국외대,인문,Global Business & Technology학부,Global Business & Technology학부,유지,유지,학교장추천,182,188.82,,,,,,,학생부종합(면접형),4.5,3.91,학생부종합(서류형),4.31,3.65,73.17647,국수영탐(2),3/3,,,,,,,,,,,,,,,,,,,,,
강원권,강원,춘천시,강원대,자연,동물응용과학과,동물응용과학과,명칭변경,유지,일반,3.83,3.73,,,,,,,미래인재Ⅰ,4.36,4.24,미래인재Ⅱ,4.88,4.68,73.15,국수영탐(2),5/1,,,,,,,,,,,,,,,,,,,,,
경상권,경남,창원시,국립창원대,자연,간호학과,간호학과,유지,유지,학업성적우수자,3.1,2.88,,,,,,,계열적합인재,3.58,3.45,,,,73.15,국수영탐(1),4/-,,,,,,,,,,,,,,,,,,,,,
경상권,대구,북구,경북대,자연,식품영양학과,식품영양학과,유지,유지,교과우수자,2.97,2.92,,,,,,,일반학생,3.82,3.7,,,,73.14286,국수영탐(2),4/2,,,,,,,,,,,,,,,,,,,,,
경상권,경남,진주시,경상국립대,자연,간호학과,간호학과,유지,유지,일반,2.77,2.69,,,,,,,일반,2.77,2.69,,,,73.125,국수영탐(2),4/-,,,,,,,,,,,,,,,,,,,,,
경상권,경남,진주시,경상국립대,인문,윤리교육과,윤리교육과,유지,유지,일반,2.9,2.9,,,,,,,일반,2.9,2.9,,,,73.125,국수영탐(2),4/-,,,,,,,,,,,,,,,,,,,,,
경상권,부산,금정구,부산대,자연,건축공학과,건축공학과,유지,유지,학생부교과,2.1,2.1,,,,,,,학생부종합,3.03,2.67,,,,73.125,국수영탐(2),2/3,,,,,,,,,,,,,,,,,,,,,
충청권,대전,동구,우송대,자연,IT융합학부 컴퓨터•소프트웨어전공,컴퓨터•소프트웨어전공,유지,변경,교과중심,6.1,5.4,면접,5.666667,5.433333,우송인재,,,SW잠재능력,,6,서류형,,6.2858,73.109,국수영탐(1) 중 2개,-/-,,,,,,,,,,,,,,,,,,,,,
충청권,대전,유성구,충남대,자연,식품영양학과,식품영양학과,유지,유지,일반,3.08,3.01,,,,,,,학생부종합Ⅰ,3.45,3.34,학생부종합Ⅰ[서류],3.35,3.08,73.1,국수탐(2),2/1,,,,,,,,,,,,,,,,,,,,,
충청권,대전,동구,우송대,자연,AI•빅데이터학과,AI•빅데이터학과,유지,유지,교과중심,7.7,5.9,면접,6.2,5.8,,,,SW잠재능력,,6,,,,73.09,국수영탐(1) 중 2개,-/-,,,,,,,,,,,,,,,,,,,,,
경인권,경기,용인시,한국외대,자연,기후변화융합학부,기후변화융합학부,유지,유지,학교장추천,188.93,189.66,,,,,,,학생부종합(면접형),3.37,3.14,학생부종합(서류형),3.57,3.48,73.07059,국수영탐(2),4/2,,,,,,,,,,,,,,,,,,,,,
경상권,부산,금정구,부산대,자연,수학과,수학과,유지,유지,학생부교과,2.82,2.71,,,,,,,학생부종합,2.56,2.51,,,,73.0625,국수영탐(2),4/4,,,,,,,,,,,,,,,,,,,,,
충청권,대전,유성구,충남대,인문,사회학과,사회학과,유지,유지,일반,2.75,2.6,,,,,,,학생부종합Ⅰ,3.43,3.46,학생부종합Ⅰ[서류],3.42,3.31,73.05,국수탐(2),2/6,,,,,,,,,,,,,,,,,,,,,
경상권,경북,구미시,국립금오공대,자연,건축토목환경공학부,건축토목환경공학부,유지,유지,학생부교과,5.19,5.02,,,,,,,KIT인재,5.24,4.71,,,,73.017,국수영탐(1) 중 3개,3/2,,,,,,,,,,,,,,,,,,,,,
경상권,경북,구미시,국립금오공대,인문,경영학과,경영학과,유지,유지,학생부교과,5.38,5.27,,,,,,,KIT인재,5.98,5.36,,,,73.017,국수영탐(1) 중 3개,3/1,,,,,,,,,,,,,,,,,,,,,
충청권,충남,예산군,국립공주대,공통,산업과학대학자율전공학부,자율전공학부(산업과학대학),신설,신설,자율전공,5.13,4.95,,,,,,,,,,,,,73.008,국수영탐(1) 중 3개,4/-,,,,,,,,,,,,,,,,,,,,,
충청권,충남,아산시,선문대,자연,물리치료학과,물리치료학과,유지,유지,면접,3.05,2.85,일반,1.65,1.45,,,,서류,4.09,3.85,,,,73.007,국수영탐(1) 중 3개,4/6,,,,,,,,,,,,,,,,,,,,,
충청권,충남,천안시,상명대,예체능,스포츠융합학부,스포츠융합학부,유지,유지,,,,,,,,,,상명인재,4.17,4.13,,,,73,"국수영 중 2개, 탐구(1)",4/2,,,,,,,,,,,,,,,,,,,,,
서울,서울,성북구,서경대,인문,군사학과(남자),군사학과(남자),유지,변경,군사학과,4.91,4.46,,,,,,,,,,,,,73,"국수탐(2) 중 2개, 영어",3/-,,,,,,,,,,,,,,,,,,,,,
경인권,경기,안양시,성결대,인문,기독교교육상담학과,기독교교육상담학과,유지,유지,교과성적우수자,5.4,,,,,,,,,,,,,,73,"국수영 중 2개, 탐구(1)",-/-,,,,,,,,,,,,,,,,,,,,,
충청권,충남,아산시,순천향대,자연,의공학과,의공학과,유지,유지,교과면접,4.429,4.429,교과우수자,4.226,3.933,,,,일반학생,4.85,4.67,,,,73,"국수영 중 2개, 탐구(1)",2/3,,,,,,,,,,,,,,,,,,,,,
충청권,충남,아산시,순천향대,자연,컴퓨터공학과,컴퓨터공학과,유지,유지,교과면접,2.5,3.357,교과우수자,3.444,3.397,,,,일반학생,4.87,4.54,,,,73,"국수영 중 2개, 탐구(1)",4/1,,,,,,,,,,,,,,,,,,,,,
충청권,충남,아산시,순천향대,자연,탄소중립학과,탄소중립학과,유지,유지,교과우수자,4.897,4.556,,,,,,,일반학생,5.82,5.62,,,,73,"국수영 중 2개, 탐구(1)",2/3,,,,,,,,,,,,,,,,,,,,,
전라권,전북,익산시,원광대,인문,경제금융·회계세무계열,회계세무학과,유지,변경,일반,4.74,4.37,,,,,,,학생부종합,5.56,4.99,,,,73,"국수 중 1개, 영탐(1)",5/2,,,,,,,,,,,,,,,,,,,,,
전라권,광주,북구,전남대,자연,임산공학과,임산공학과,유지,유지,일반,3.8,3.7,,,,,,,고교생활우수자Ⅰ,4.21,4.09,,,,73,국수탐(2),4/2,,,,,,,,,,,,,,,,,,,,,
충청권,대전,유성구,충남대,인문,독어독문학과,독어독문학과,유지,유지,일반,3.35,3.13,,,,,,,학생부종합Ⅰ,4.53,4.43,학생부종합Ⅰ[서류],4.37,4.24,73,국수탐(2),2/1,,,,,,,,,,,,,,,,,,,,,
충청권,충남,서산시,한서대,자연,항공AI소프트웨어학과,항공AI소프트웨어학과,유지,유지,학생부교과1,4.8,4.5,학생부교과2,,,,,,,,,,,,73,"국수영 중 2개, 탐구(1)",-/-,,,,,,,,,,,,,,,,,,,,,
전라권,광주,북구,전남대,자연,농생명화학과,농생명화학과,유지,유지,일반,3.44,3.07,,,,,,,고교생활우수자Ⅰ,3.29,3.29,,,,72.95,국수탐(2),3/3,,,,,,,,,,,,,,,,,,,,,
충청권,대전,유성구,충남대,자연,기계공학교육과,기계공학교육과,유지,유지,일반,3.88,3.8,,,,,,,학생부종합Ⅰ,3.97,3.84,,,,72.95,국수탐(2),3/3,,,,,,,,,,,,,,,,,,,,,
충청권,충남,아산시,호서대,자연,건축학과,건축학과,유지,유지,학생부,3.4,3.33,,,,,,,호서인재,4.23,4.12,,,,72.95,"국수영 중 2개, 탐구(1)",3/1,,,,,,,,,,,,,,,,,,,,,
충청권,충남,아산시,호서대,자연,임상병리학과,임상병리학과,유지,유지,학생부,3.02,2.94,,,,,,,호서인재,4.03,3.88,,,,72.95,"국수영 중 2개, 탐구(1)",3/1,,,,,,,,,,,,,,,,,,,,,
경상권,부산,금정구,부산대,인문,국제학부,국제학부,유지,유지,학생부교과,3.05,2.91,,,,,,,학생부종합,3.91,3.6,,,,72.90625,국수영탐(2),2/1,,,,,,,,,,,,,,,,,,,,,
전라권,광주,북구,전남대,자연,미래모빌리티학과,미래모빌리티학과,유지,유지,일반,3.55,3.49,,,,,,,고교생활우수자Ⅰ,3.68,3.63,,,,72.9,국수탐(2),3/3,,,,,,,,,,,,,,,,,,,,,
경인권,경기,용인시,한국외대,자연,산업경영공학과,산업경영공학과,유지,유지,학교장추천,187.59,187.96,,,,,,,학생부종합(면접형),3.86,3.77,학생부종합(서류형),3.7,3.42,72.88235,국수영탐(2),4/3,,,,,,,,,,,,,,,,,,,,,
충청권,세종,세종,고려대(세종),인문,융합경영학부,융합경영학부,유지,유지,일반,4.09,3.78,,,,,,,크림슨인재,4.29,3.87,,,,72.875,국수영탐(2),4/-,,,,,,,,,,,,,,,,,,,,,
강원권,강원,춘천시,강원대,자연,화공·생물공학부,화공·생물공학부,명칭변경,유지,일반,3.33,3.16,,,,,,,미래인재Ⅰ,3.51,3.39,미래인재Ⅱ,3.9,3.61,72.85,국수영탐(2),4/5,,,,,,,,,,,,,,,,,,,,,
경상권,부산,금정구,부산대,자연,환경공학과,환경공학과,유지,유지,학생부교과,3.48,3.1,,,,,,,학생부종합,2.65,2.51,,,,72.8125,국수영탐(2),2/2,,,,,,,,,,,,,,,,,,,,,
강원권,강원,춘천시,강원대,자연,동물자원과학과,동물자원과학과,명칭변경,유지,일반,3.94,3.74,,,,,,,미래인재Ⅰ,4.25,4.18,미래인재Ⅱ,4.59,4.11,72.8,국수영탐(2),4/4,,,,,,,,,,,,,,,,,,,,,
충청권,충북,청주시,서원대,인문,교육학과,교육학과,유지,유지,일반,3.7,3.3,,,,,,,,,,,,,72.8,"국수탐(1) 중 2개, 영어",3/3,,,,,,,,,,,,,,,,,,,,,
충청권,충남,아산시,순천향대,인문,중국학과,중국학과,유지,유지,교과면접,5.03,4.9,교과우수자,4.727,4.565,,,,일반학생,6.19,5.85,,,,72.8,"국수영 중 2개, 탐구(1)",4/3,,,,,,,,,,,,,,,,,,,,,
충청권,충북,영동군,유원대,자연,물리치료학과,물리치료학과,유지,유지,유원교과,2.9,2.6,유원면접,3.5,3,,,,,,,,,,72.8,"국수탐(1) 중 2개, 영어",-/-,,,,,,,,,,,,,,,,,,,,,
전라권,광주,북구,전남대,인문,지리학과,지리학과,유지,유지,일반,3.27,3.12,,,,,,,고교생활우수자Ⅰ,3.73,3.7,,,,72.8,국수탐(2),3/2,,,,,,,,,,,,,,,,,,,,,
경인권,경기,안양시,성결대,인문,관광학과,관광학과,유지,유지,SKU창의적인재,5.6,,교과성적우수자,3.8,,,,,,,,,,,72.75,"국수영 중 2개, 탐구(1)",-/-,,,,,,,,,,,,,,,,,,,,,
전라권,광주,북구,전남대,자연,지역 • 바이오시스템공학과,지역 • 바이오시스템공학과,유지,유지,일반,3.58,3.27,,,,,,,고교생활우수자Ⅰ,4.2,4.11,,,,72.75,국수탐(2),4/4,,,,,,,,,,,,,,,,,,,,,
충청권,충북,청주시,충북대,인문,고고미술사학과,고고미술사학과,유지,유지,학생부교과,3.56,3.53,,,,,,,학생부종합Ⅰ,3.47,3.41,학생부종합Ⅱ,3.92,3.81,72.75,국수영탐(2),3/-,,,,,,,,,,,,,,,,,,,,,
전라권,광주,동구,조선대,자연,전자공학과,전자공학과,유지,유지,일반,5.59,5.24,,,,,,,면접,5.47,4.92,서류,5.93,5.72,72.725,국수영탐(1),4/2,,,,,,,,,,,,,,,,,,,,,
전라권,광주,동구,조선대,자연,전자공학부(전자공학전공),전자공학과,유지,변경,일반,5.59,5.24,,,,,,,면접,5.47,4.92,서류,5.93,5.72,72.725,국수영탐(1),4/2,,,,,,,,,,,,,,,,,,,,,
경상권,부산,금정구,부산대,인문,특수교육과,특수교육과,유지,유지,학생부교과,,,,,,,,,학생부종합,2.81,2.48,,,,72.71875,국수영탐(2),1/5,,,,,,,,,,,,,,,,,,,,,
경상권,경북,상주시,경북대,자연,산림생태보호학과,산림생태보호학과,유지,유지,교과우수자,5.44,5.26,,,,,,,,,,,,,72.71429,국수영탐(1),5/4,,,,,,,,,,,,,,,,,,,,,
경상권,대구,북구,경북대,자연,에너지화학공학과,에너지화학공학과,유지,유지,교과우수자,5.8,5.45,,,,,,,,,,,,,72.71429,국수영탐(1),5/4,,,,,,,,,,,,,,,,,,,,,
강원권,강원,춘천시,강원대,자연,동물산업융합학과,동물산업융합학과,명칭변경,유지,일반,3.97,3.92,,,,,,,미래인재Ⅰ,4.52,4.29,미래인재Ⅱ,4.71,4.61,72.7,국수영탐(2),3/1,,,,,,,,,,,,,,,,,,,,,
강원권,강원,춘천시,강원대,자연,생물의소재공학과,생물의소재공학과,명칭변경,유지,일반,3.79,3.74,,,,,,,미래인재Ⅰ,3.69,3.68,미래인재Ⅱ,4.04,3.87,72.7,국수영탐(2),4/2,,,,,,,,,,,,,,,,,,,,,
경상권,경북,경산시,대구대,자연,물리교육과,물리교육과,유지,유지,일반,5.4,5.2,,,,,,,서류,6.06,5.75,,,,72.7,국수영탐(1),4/2,,,,,,,,,,,,,,,,,,,,,
전라권,광주,북구,전남대,공통,자율전공학부(4년),자율전공학부(4년),유지,유지,일반,3.57,3.5,,,,,,,고교생활우수자Ⅰ,3.7,3.62,,,,72.7,국수탐(2),3/3,,,,,,,,,,,,,,,,,,,,,
전라권,광주,동구,조선대,인문,법학과,법학과,유지,유지,일반,5.44,5.02,,,,,,,면접,5.89,5.12,서류,4.95,4.98,72.7,국수영탐(1),5/4,,,,,,,,,,,,,,,,,,,,,
충청권,대전,대덕구,한남대,인문,아동복지학과,아동복지학과,유지,유지,일반,5.57,5.49,,,,,,,한남인재Ⅰ,5.81,5.58,한남인재Ⅱ,5.15,5.15,72.66667,"수영탐(1) 중 2개, 국어",3/5,,,,,,,,,,,,,,,,,,,,,
경상권,경남,진주시,경상국립대,인문,경제학부,경제학부,유지,유지,일반,4.47,4.32,,,,,,,일반,4.47,4.32,,,,72.65625,국수영탐(2),5/-,,,,,,,,,,,,,,,,,,,,,
전라권,광주,북구,전남대,자연,원예생명공학과,원예생명공학과,유지,유지,일반,,2.78,,,,,,,고교생활우수자Ⅰ,4.39,3.97,후계농업경영인,4.51,4.2,72.65,국수탐(2),3/1,,,,,,,,,,,,,,,,,,,,,
전라권,광주,북구,전남대,자연,화학공학부,화학공학부,유지,유지,일반,2.88,2.69,,,,,,,고교생활우수자Ⅰ,2.84,2.75,,,,72.65,국수탐(2),3/3,,,,,,,,,,,,,,,,,,,,,
충청권,충남,천안시,국립공주대,자연,디자인컨버전스학과,디자인컨버전스학과,유지,유지,교과Ⅰ,4.36,4.24,교과Ⅱ,4.65,4.44,,,,일반,4.55,4.47,,,,72.646,"국영탐(1) 중 2개, 수학",3/-,,,,,,,,,,,,,,,,,,,,,
강원권,강원,춘천시,강원대,자연,수학과,수학과,명칭변경,유지,일반,3.73,3.64,,,,,,,미래인재Ⅰ,4.05,3.81,미래인재Ⅱ,4.41,3.45,72.6,국수영탐(2),4/2,,,,,,,,,,,,,,,,,,,,,
충청권,충남,천안시,백석대,자연,응급구조학과,응급구조학과,유지,유지,백석인재,4.49,4.4,일반,3.35,3.06,,,,창의인재,4.31,4.12,,,,72.6,"국수영 중 2개, 탐구(1)",3/-,,,,,,,,,,,,,,,,,,,,,
충청권,충남,아산시,순천향대,자연,메타버스&게임학과,메타버스&게임학과,유지,유지,교과면접,4.5,4.5,교과우수자,3.84,3.764,,,,SW융합,4.97,4.97,일반학생,5.12,4.96,72.6,"국수영 중 2개, 탐구(1)",4/6,,,,,,,,,,,,,,,,,,,,,
충청권,충남,아산시,순천향대,자연,보건행정경영학과,보건행정경영학과,유지,유지,교과면접,4,4.294,교과우수자,3.868,3.844,,,,일반학생,4.65,4.46,,,,72.6,"국수영 중 2개, 탐구(1)",1/4,,,,,,,,,,,,,,,,,,,,,
강원권,강원,춘천시,강원대,자연,산림경영학과,산림과학부,명칭변경,변경,일반,3.76,3.61,,,,,,,미래인재Ⅰ,3.86,3.56,미래인재Ⅱ,4.32,3.9,72.55,국수영탐(2),4/2,,,,,,,,,,,,,,,,,,,,,
강원권,강원,춘천시,강원대,자연,산림자원학과,산림과학부,명칭변경,변경,일반,3.76,3.61,,,,,,,미래인재Ⅰ,3.86,3.56,미래인재Ⅱ,4.32,3.9,72.55,국수영탐(2),4/2,,,,,,,,,,,,,,,,,,,,,
강원권,강원,춘천시,강원대,자연,산림환경보호학과,산림과학부,명칭변경,변경,일반,3.76,3.61,,,,,,,미래인재Ⅰ,3.86,3.56,미래인재Ⅱ,4.32,3.9,72.55,국수영탐(2),4/2,,,,,,,,,,,,,,,,,,,,,
강원권,강원,춘천시,강원대,자연,생명·환경융합학부,환경융합학부,명칭변경,변경,일반,3.58,3.5,,,,,,,미래인재Ⅰ,4.41,4.17,미래인재Ⅱ,4.41,4.04,72.55,국수영탐(2),3/1,,,,,,,,,,,,,,,,,,,,,
강원권,강원,춘천시,강원대,자연,생명건강공학과,생명건강공학과,명칭변경,유지,일반,3.68,3.51,,,,,,,미래인재Ⅰ,3.86,3.82,미래인재Ⅱ,3.9,3.86,72.55,국수영탐(2),4/2,,,,,,,,,,,,,,,,,,,,,
서울,서울,성북구,동덕여대,자연,식품영양학전공,식품영양학전공,유지,유지,학생부교과우수자,2.85,2.63,,,,,,,동덕창의리더,,,,,,72.55,국수영탐(1),2/3,,,,,,,,,,,,,,,,,,,,,
충청권,대전,유성구,충남대,자연,정보통계학과,정보통계학과,유지,유지,일반,2.96,2.83,,,,,,,학생부종합Ⅰ,3.19,3.05,학생부종합Ⅰ[서류],,,72.55,국수탐(2),2/1,,,,,,,,,,,,,,,,,,,,,
충청권,대전,서구,배재대,인문,유아교육과,유아교육과,유지,유지,교과,3.5,3.5,,,,,,,배양영재,3.4,3.3,,,,72.5,국수영탐(1) 중 2개,4/6,,,,,,,,,,,,,,,,,,,,,
경상권,경북,경산시,영남대,자연,컴퓨터공학전공,컴퓨터공학전공,,,일반학생,3.71,3.4,,,,,,,잠재능력우수자,4.22,4.13,,,,72.5,국수영탐(2),-/-,,,,,,,,,,,,,,,,,,,,,
충청권,대전,유성구,충남대,자연,농생명융합학부,농생명융합학부,유지,유지,일반,3.27,3.1,,,,,,,,,,,,,72.5,국수탐(2),2/2,,,,,,,,,,,,,,,,,,,,,
충청권,대전,유성구,충남대,인문,농업경제학과,농업경제학과,유지,유지,,,,,,,,,,학생부종합Ⅱ(영농창업인재),4.65,4.15,,,,72.5,국수탐(2),2/2,,,,,,,,,,,,,,,,,,,,,
충청권,대전,유성구,충남대,자연,생물환경화학과,생물환경화학과,유지,유지,,,,,,,,,,학생부종합Ⅱ(영농창업인재),4.02,3.99,,,,72.5,국수탐(2),2/2,,,,,,,,,,,,,,,,,,,,,
충청권,대전,유성구,충남대,자연,원예학과,원예학과,유지,유지,,,,,,,,,,학생부종합Ⅱ(영농창업인재),4.01,3.69,,,,72.5,국수탐(2),2/2,,,,,,,,,,,,,,,,,,,,,
충청권,충북,청주시,충북대,자연,바이오헬스학부,바이오헬스학부,유지,유지,학생부교과,3.54,3.44,,,,,,,학생부종합Ⅰ,3.37,3.2,학생부종합Ⅱ,3.72,3.55,72.5,국수영탐(2),4/-,,,,,,,,,,,,,,,,,,,,,
경인권,경기,용인시,한국외대,인문,디지털콘텐츠학부,디지털콘텐츠학부,유지,유지,학교장추천,189.88,190.05,,,,,,,학생부종합(면접형),3.42,3.35,학생부종합(서류형),3.34,3.28,72.5,국수영탐(2),3/4,,,,,,,,,,,,,,,,,,,,,
경인권,경기,부천시,서울신학대,인문,기독교교육과,기독교교육과,유지,유지,교과성적,4.38,4.3,기독교,5.06,4.9,,,,H+인재,6.29,6.06,,,,72.4,"국수탐(1) 중 2개, 영어",5/3,,,,,,,,,,,,,,,,,,,,,
충청권,충북,청주시,서원대,인문,사회교육과,사회교육과,유지,유지,일반,3.3,3.1,,,,,,,,,,,,,72.4,"국수탐(1) 중 2개, 영어",4/2,,,,,,,,,,,,,,,,,,,,,
충청권,충남,아산시,순천향대,인문,유아교육과,유아교육과,유지,유지,교과면접,4.886,4.886,교과우수자,3.736,3.671,,,,일반학생,4.1,4,,,,72.4,"국수영 중 2개, 탐구(1)",3/2,,,,,,,,,,,,,,,,,,,,,
전라권,광주,북구,전남대,인문,사회학과,사회학과,유지,유지,일반,3.37,2.81,,,,,,,고교생활우수자Ⅰ,3.43,3.22,,,,72.4,국수탐(2),3/1,,,,,,,,,,,,,,,,,,,,,
전라권,전북,전주시,전주대,자연,전기전자공학과,전기전자공학과,유지,유지,일반학생(교과),5.29,4.87,,,,,,,일반학생(종합),6.35,5.57,,,,72.4,"국수영 중 2개, 탐구(1)",4/6,,,,,,,,,,,,,,,,,,,,,
경인권,인천,미추홀구,청운대,자연,설비소방학과,설비소방학과,유지,유지,일반,3.93,3.73,청운인재-면접,4.2,4.2,,,,,,,,,,72.4,"국수영 중 2개, 탐구(1)",-/-,,,,,,,,,,,,,,,,,,,,,
충청권,세종,세종,고려대(세종),인문,경제통계학부,경제통계학부,유지,유지,일반,3.89,3.81,,,,,,,크림슨인재,4.59,4.33,,,,72.375,국수영탐(2),4/-,,,,,,,,,,,,,,,,,,,,,
경상권,경북,구미시,국립금오공대,자연,재료공학부,재료공학부,유지,유지,학생부교과,5.72,5.44,,,,,,,KIT인재,6.21,5.69,,,,72.351,국수영탐(1) 중 3개,3/4,,,,,,,,,,,,,,,,,,,,,
충청권,대전,유성구,충남대,자연,지질환경과학과,지질환경과학과,유지,유지,일반,3.28,3.13,,,,,,,학생부종합Ⅰ,3.94,3.77,학생부종합Ⅰ[서류],3.78,3.63,72.35,국수탐(2),2/1,,,,,,,,,,,,,,,,,,,,,
충청권,충북,청주시,청주대,인문,신문방송학과,신문방송학과,변경,유지,교과우수,3.75,3.75,담임추천,5.25,4.5,일반,4.13,4,,,,,,,72.344,국수영탐(2) 중 3개,4/4,,,,,,,,,,,,,,,,,,,,,
충청권,충남,예산군,국립공주대,자연,동물자원학과,동물자원학과,유지,유지,교과Ⅰ,4.28,3.81,,,,,,,일반,5.21,5.14,,,,72.337,"국영탐(1) 중 2개, 수학",4/-,,,,,,,,,,,,,,,,,,,,,
충청권,대전,대덕구,한남대,인문,일어일문학전공,일어일문학전공,유지,유지,일반,4.08,3.96,,,,,,,한남인재Ⅰ,4.88,4.85,,,,72.33333,"수영탐(1) 중 2개, 국어",3/4,,,,,,,,,,,,,,,,,,,,,
충청권,충남,공주시,국립공주대,자연,응용수학과,응용수학과,유지,유지,교과Ⅰ,4.63,4.54,교과Ⅱ,5.57,5.3,,,,일반,5.32,5.18,,,,72.331,"국영탐(1) 중 2개, 수학",5/-,,,,,,,,,,,,,,,,,,,,,
경상권,부산,서구,동아대,자연,간호학과,간호학과,유지,유지,교과성적우수자,2.25,2.25,,,,,,,잠재능력우수자,3,2.95,학교생활우수자,2.54,2.43,72.33,국수영탐(2),-/-,,,,,,,,,,,,,,,,,,,,,
강원권,강원,춘천시,강원대,자연,산림바이오소재공학과,목재·종이과학부,명칭변경,변경,일반,4.16,4.15,,,,,,,미래인재Ⅰ,5.18,4.57,미래인재Ⅱ,6.04,5.71,72.3,국수영탐(2),4/1,,,,,,,,,,,,,,,,,,,,,
강원권,강원,춘천시,강원대,자연,펄프제지공학과,목재·종이과학부,명칭변경,변경,일반,4.16,4.15,,,,,,,미래인재Ⅰ,5.18,4.57,미래인재Ⅱ,6.04,5.71,72.3,국수영탐(2),4/1,,,,,,,,,,,,,,,,,,,,,
전라권,광주,북구,전남대,자연,수학과,수학과,유지,유지,일반,3.58,3.46,,,,,,,고교생활우수자Ⅰ,4.08,4.05,,,,72.3,국수탐(2),3/3,,,,,,,,,,,,,,,,,,,,,
경인권,인천,미추홀구,청운대,자연,건축공학과,건축공학과,유지,유지,일반,4,3.93,청운인재-면접,4.53,4.53,,,,,,,,,,72.28,"국수영 중 2개, 탐구(1)",-/-,,,,,,,,,,,,,,,,,,,,,
경인권,경기,용인시,한국외대,인문,루마니아학과,루마니아학과,유지,유지,학교장추천,186.47,186.69,,,,,,,학생부종합(면접형),5.4,5.09,학생부종합(서류형),4.42,3.69,72.2625,국수영탐(2),3/3,,,,,,,,,,,,,,,,,,,,,
강원권,강원,춘천시,강원대,자연,기계융합공학부,기계의용·메카트로닉스공학과,명칭변경,변경,일반,3.86,3.82,,,,,,,미래인재Ⅰ,3.93,3.9,미래인재Ⅱ,4.23,4.15,72.25,국수영탐(2),4/2,,,,,,,,,,,,,,,,,,,,,
강원권,강원,춘천시,강원대,자연,생물자원과학부,생물자원과학부,명칭변경,유지,일반,3.78,3.72,,,,,,,미래인재Ⅰ,4.4,4.17,미래인재Ⅱ,4.38,4.16,72.25,국수영탐(2),5/3,,,,,,,,,,,,,,,,,,,,,
경상권,부산,남구,국립부경대,자연,수산생명의학과,수산생명의학과,,,교과성적우수인재,2.16,2.13,일반,,2.3,,,,학교생활우수인재,,3.32,,,,72.25,국수영탐(2),3/2,,,,,,,,,,,,,,,,,,,,,
경상권,부산,금정구,부산대,자연,화학교육과,화학교육과,유지,유지,학생부교과,,,,,,,,,학생부종합,2.64,2.63,,,,72.25,국수영탐(2),4/2,,,,,,,,,,,,,,,,,,,,,
경상권,부산,금정구,부산대,인문,문헌정보학과,문헌정보학과,유지,유지,학생부교과,3.08,2.97,,,,,,,,,,,,,72.21875,국수영탐(2),4/1,,,,,,,,,,,,,,,,,,,,,
경인권,경기,용인시,한국외대,자연,환경학과,환경학과,유지,유지,학교장추천,190.3,191.64,,,,,,,학생부종합(면접형),3.53,3.36,학생부종합(서류형),3.07,3.01,72.21176,국수영탐(2),4/3,,,,,,,,,,,,,,,,,,,,,
경상권,경북,경산시,대구대,인문,사회복지학과,사회복지학과,유지,유지,일반,5.1,4.2,,,,,,,서류,5.02,5.02,,,,72.2,국수영탐(1),4/3,,,,,,,,,,,,,,,,,,,,,
전라권,전남,목포시,목포가톨릭대,자연,간호학과,간호학과,유지,유지,일반학생,,4.7,,,,,,,,,,,,,72.2,"국수 중 1개, 영탐(1)",3/3,,,,,,,,,,,,,,,,,,,,,
경인권,경기,안양시,성결대,인문,경영학과,경영학과,유지,유지,SKU창의적인재,4.8,,교과성적우수자,3.8,,,,,,,,,,,72.2,"국수영 중 2개, 탐구(1)",-/-,,,,,,,,,,,,,,,,,,,,,
경인권,인천,미추홀구,청운대,인문,광고홍보학과,광고홍보학과,유지,유지,일반,3.47,3.4,청운인재-면접,3.2,3.07,,,,,,,,,,72.2,"국수영 중 2개, 탐구(1)",-/-,,,,,,,,,,,,,,,,,,,,,
경인권,경기,안성시,한경국립대,자연,건설환경공학부,건설환경공학부,유지,유지,일반,,,지역균형선발,,,,,,잠재력우수자,,,,,,72.2,"국수영 중 2개, 탐구(1)",4/4,,,,,,,,,,,,,,,,,,,,,
경인권,경기,안성시,한경국립대,자연,토목공학전공,토목공학전공,유지,유지,일반,5.47,5.33,,,,,,,잠재력우수자,5.27,5.08,,,,72.2,"국수영 중 2개, 탐구(1)",4/4,,,,,,,,,,,,,,,,,,,,,
경인권,경기,안성시,한경국립대,자연,환경공학전공,환경공학전공,유지,유지,일반,4.95,4.84,,,,,,,잠재력우수자,5.04,5.01,,,,72.2,"국수영 중 2개, 탐구(1)",4/4,,,,,,,,,,,,,,,,,,,,,
경상권,부산,금정구,부산대,인문,일어일문학과,일어일문학과,유지,유지,학생부교과,3.44,3.44,,,,,,,학생부종합,3.35,3.29,,,,72.1875,국수영탐(2),3/5,,,,,,,,,,,,,,,,,,,,,
충청권,충북,청주시,청주대,자연,건축학과,건축학과,변경,유지,교과우수,4,3.88,담임추천,4.38,4.25,일반,3.38,3.13,,,,,,,72.1695,국수영탐(2) 중 3개,4/4,,,,,,,,,,,,,,,,,,,,,
충청권,충북,청주시,청주대,자연,바이오의약학과,바이오의약학과,변경,유지,교과우수,5,4.38,담임추천,4.88,5,일반,4.63,4.5,,,,,,,72.1695,국수영탐(2) 중 3개,4/4,,,,,,,,,,,,,,,,,,,,,
경상권,부산,금정구,부산대,인문,행정학과,행정학과,유지,유지,학생부교과,3.66,2.75,,,,,,,,,,,,,72.15625,국수영탐(2),2/2,,,,,,,,,,,,,,,,,,,,,
서울,서울,노원구,광운대,인문,경영학부 경영학전공,경영학부 경영학전공,유지,유지,지역균형,2.26,2.12,,,,,,,광운참빛인재Ⅰ-면접형,4.05,3.05,광운참빛인재Ⅱ-서류형,4.1,2.56,72.15075,국수영탐(2),3/2,,,,,,,,,,,,,,,,,,,,,
서울,서울,노원구,광운대,인문,경영학부 빅데이터경영전공,경영학부 빅데이터경영전공,유지,유지,지역균형,2.52,2.42,,,,,,,광운참빛인재Ⅰ-면접형,3.33,3.07,광운참빛인재Ⅱ-서류형,3.33,2.82,72.15075,국수영탐(2),3/2,,,,,,,,,,,,,,,,,,,,,
강원권,강원,강릉시,가톨릭관동대,인문,지리교육과,지리교육과,유지,유지,일반,4.71,4.23,,,,,,,일반,4.77,4.58,,,,72.15,"국수탐(2) 중 2개, 영",4/-,,,,,,,,,,,,,,,,,,,,,
강원권,강원,춘천시,강원대,자연,스마트산업공학과,스마트산업공학과,명칭변경,유지,일반,4.32,4.11,,,,,,,미래인재Ⅰ,4.12,4.07,미래인재Ⅱ,4.95,4.23,72.15,국수영탐(2),4/4,,,,,,,,,,,,,,,,,,,,,
경인권,경기,용인시,한국외대,인문,철학과,철학과,유지,유지,학교장추천,192.62,192.69,,,,,,,학생부종합(면접형),4.22,3.99,학생부종합(서류형),3.46,3.39,72.125,국수영탐(2),3/3,,,,,,,,,,,,,,,,,,,,,
경인권,인천,미추홀구,청운대,자연,토목환경공학과,토목환경공학과,유지,유지,일반,4.13,3.87,청운인재-면접,4.33,4.33,,,,,,,,,,72.12,"국수영 중 2개, 탐구(1)",-/-,,,,,,,,,,,,,,,,,,,,,
강원권,강원,춘천시,강원대,자연,건축공학과,건축·토목·환경공학부,명칭변경,변경,일반,3.88,3.78,,,,,,,미래인재Ⅰ,3.85,3.74,미래인재Ⅱ,4.1,3.98,72.1,국수영탐(2),3/4,,,,,,,,,,,,,,,,,,,,,
강원권,강원,춘천시,강원대,자연,토목공학과,건축·토목·환경공학부,명칭변경,변경,일반,3.88,3.78,,,,,,,미래인재Ⅰ,3.85,3.74,미래인재Ⅱ,4.1,3.98,72.1,국수영탐(2),3/4,,,,,,,,,,,,,,,,,,,,,
강원권,강원,춘천시,강원대,자연,환경공학과,건축·토목·환경공학부,명칭변경,변경,일반,3.88,3.78,,,,,,,미래인재Ⅰ,3.85,3.74,미래인재Ⅱ,4.1,3.98,72.1,국수영탐(2),3/4,,,,,,,,,,,,,,,,,,,,,
충청권,대전,유성구,충남대,자연,환경공학과,환경공학과,유지,유지,일반,2.75,2.64,,,,,,,학생부종합Ⅰ,3.18,3.09,학생부종합Ⅰ[서류],2.87,2.73,72.1,국수탐(2),2/1,,,,,,,,,,,,,,,,,,,,,
경상권,울산,남구,울산대,자연,전기전자융합학부,전기전자융합학부,유지,유지,일반교과,3.5,3.3,,,,,,,잠재역량,,4.9,,,,72.07207,국수영탐(1)한,4/5,,,,,,,,,,,,,,,,,,,,,
경상권,부산,금정구,부산대,자연,대기환경과학과,대기환경과학과,유지,유지,학생부교과,3.1,3.09,,,,,,,학생부종합,2.86,2.86,,,,72.0625,국수영탐(2),4/3,,,,,,,,,,,,,,,,,,,,,
경상권,부산,금정구,부산대,인문,영어교육과,영어교육과,유지,유지,학생부교과,2.26,2.21,,,,,,,학생부종합,2.59,2.32,,,,72.0625,국수영탐(2),2/1,,,,,,,,,,,,,,,,,,,,,
경상권,부산,금정구,부산대,자연,해양학과,해양학과,유지,유지,학생부교과,3.61,3.47,,,,,,,,,,,,,72.0625,국수영탐(2),2/1,,,,,,,,,,,,,,,,,,,,,
전라권,광주,북구,전남대,인문,국어국문학과,국어국문학과,유지,유지,일반,3.5,3.34,,,,,,,고교생활우수자Ⅰ,3.87,3.8,,,,72.05,국수탐(2),4/3,,,,,,,,,,,,,,,,,,,,,
충청권,대전,유성구,충남대,인문,불어불문학과,불어불문학과,유지,유지,일반,3.27,3.21,,,,,,,학생부종합Ⅰ,3.96,3.72,학생부종합Ⅰ[서류],5.05,4.87,72.05,국수탐(2),2/2,,,,,,,,,,,,,,,,,,,,,
충청권,대전,유성구,충남대,자연,생명정보융합학과,생명정보융합학과,유지,유지,일반,2.73,2.65,,,,,,,학생부종합Ⅰ,2.86,2.71,학생부종합Ⅰ[서류],3.1,3.04,72.05,국수탐(2),2/3,,,,,,,,,,,,,,,,,,,,,
제주권,제주,제주시,제주대,인문,영어교육과,영어교육과,유지,유지,일반학생,2.84,2.73,,,,,,,일반학생,3.64,3.49,,,,72.04,국수영탐(2),2/3,,,,,,,,,,,,,,,,,,,,,
강원권,강원,강릉시,"강원대(강릉,원주)",인문,자치행정학과,자치행정학과,유지,유지,해람교과,4.42,4.4,,,,,,,해람인재,5.44,5.23,,,,72.013,국수영탐(1) 중 3개,4/2,,,,,,,,,,,,,,,,,,,,,
충청권,대전,대덕구,한남대,자연,멀티미디어공학과,멀티미디어공학과,유지,유지,일반,5.34,4.8,,,,,,,한남인재Ⅰ,5.44,5.29,,,,72.004,"국영탐(1) 중 2개, 수학",4/2,,,,,,,,,,,,,,,,,,,,,
충청권,대전,대덕구,한남대,예체능,미디어영상학과,미디어영상학과,유지,유지,일반,3.88,3.71,,,,,,,창업인재,5.38,4.63,한남인재Ⅰ,4.53,4.27,72.002,"국영탐(1) 중 2개, 수학",4/5,,,,,,,,,,,,,,,,,,,,,
강원권,강원,춘천시,강원대,자연,지질·지구물리학부,지질·지구물리학부,명칭변경,유지,일반,4.2,4.05,,,,,,,미래인재Ⅰ,4.3,4.16,미래인재Ⅱ,4.94,4.3,72,국수영탐(2),4/3,,,,,,,,,,,,,,,,,,,,,
경상권,경북,상주시,경북대,자연,동물생명공학과,동물생명공학과,유지,유지,교과우수자,4.8,4.63,,,,,,,,,,,,,72,국수영탐(1),5/4,,,,,,,,,,,,,,,,,,,,,
전라권,전남,무안군,국립목포대,인문,행정·언론미디어학부,행정·언론미디어학부,유지,유지,교과일반,6.05,5.8,,,,,,,종합일반,5.79,5.59,,,,72,"수탐(1) 중 1개, 국영",4/-,,,,,,,,,,,,,,,,,,,,,
충청권,대전,동구,대전대,자연,소방방재학과,소방방재학과,유지,유지,교과면접,5.5,5.33,교과중점,5.03,4.75,,,,,,,,,,72,국수영탐(1) 중 2개,4/5,,,,,,,,,,,,,,,,,,,,,
충청권,충북,청주시,서원대,인문,영어교육과,영어교육과,유지,유지,일반,3.1,2.9,,,,,,,,,,,,,72,"국수탐(1) 중 2개, 영어",3/3,,,,,,,,,,,,,,,,,,,,,
충청권,충북,청주시,서원대,예체능,체육교육과,체육교육과,유지,유지,일반,2.9,2.4,,,,,,,,,,,,,72,"국수탐(1) 중 2개, 영어",3/5,,,,,,,,,,,,,,,,,,,,,
전라권,광주,북구,전남대,자연,환경에너지공학과,환경에너지공학과,유지,유지,일반,3.49,3.36,,,,,,,고교생활우수자Ⅰ,3.42,3.1,,,,72,국수탐(2),2/2,,,,,,,,,,,,,,,,,,,,,
제주권,제주,제주시,제주대,자연,간호학과,간호학과,유지,유지,일반학생,3.35,3.23,,,,,,,일반학생,3.89,3.84,,,,72,국수영탐(2),4/3,,,,,,,,,,,,,,,,,,,,,
경인권,경기,용인시,한국외대,인문,AI융합대학(Finance & AI융합학부),AI융합대학(Finance & AI융합학부),유지,유지,학교장추천,192.26,194.44,,,,,,,학생부종합(면접형),5.3,4.46,학생부종합(서류형),4.55,3.82,72,국수영탐(2),3/2,,,,,,,,,,,,,,,,,,,,,
충청권,대전,대덕구,한남대,인문,린튼글로벌스쿨,린튼글로벌스쿨,유지,유지,어학인재,6.11,5.92,일반,6.39,5.68,,,,한남인재Ⅰ,5.72,5.35,,,,72,"수영탐(1) 중 2개, 국어",5/3,,,,,,,,,,,,,,,,,,,,,
강원권,강원,원주시,한라대,인문,미디어광고콘텐츠학과,미디어광고콘텐츠학과,유지,유지,일반학생(교과중심),4.41,4.23,일반학생(면접중심),5.21,5.13,,,,운곡인재,5.31,,,,,72,국수영탐(1) 중 2개,4/3,,,,,,,,,,,,,,,,,,,,,
충청권,대전,대덕구,한남대,자연,수학교육과,수학교육과,유지,유지,일반,3.87,3.74,,,,,,,한남인재Ⅰ,4.28,4.07,한남인재Ⅱ,3.53,3.42,71.996,"국영탐(1) 중 2개, 수학",3/3,,,,,,,,,,,,,,,,,,,,,
충청권,대전,유성구,한남대,자연,신소재공학과,신소재공학과,유지,유지,일반,5.5,5.27,,,,,,,한남인재Ⅰ,5.15,4.92,,,,71.994,"국영탐(1) 중 2개, 수학",4/2,,,,,,,,,,,,,,,,,,,,,
경인권,경기,용인시,한국외대,자연,정보통신공학과,정보통신공학과,유지,유지,학교장추천,189.35,190.66,,,,,,,학생부종합(SW인재),4.94,4.31,학생부종합(면접형),4.14,3.93,71.98824,국수영탐(2),4/4,,,,,,,,,,,,,,,,,,,,,
경인권,경기,안양시,성결대,인문,국어국문학과,국어국문학과,유지,유지,SKU창의적인재,5.4,,교과성적우수자,3.8,,,,,,,,,,,71.95,"국수영 중 2개, 탐구(1)",-/-,,,,,,,,,,,,,,,,,,,,,
경상권,울산,남구,울산대,자연,ICT융합학부,ICT융합학부,유지,유지,일반교과,4.1,3.79,,,,,,,잠재역량,,5.48,,,,71.93794,국수영탐(1)한,3/6,,,,,,,,,,,,,,,,,,,,,
경상권,경남,진주시,경상국립대,자연,제약공학과,제약공학과,유지,유지,일반,3.89,3.78,,,,,,,일반,3.89,3.78,,,,71.9375,국수영탐(2),5/-,,,,,,,,,,,,,,,,,,,,,
경상권,부산,금정구,부산대,자연,고분자공학과,고분자공학과,유지,유지,학생부교과,3.19,3.16,,,,,,,학생부종합,2.29,2.2,,,,71.9375,국수영탐(2),3/4,,,,,,,,,,,,,,,,,,,,,
경인권,경기,용인시,한국외대,인문,자유전공학부(글로벌),자유전공학부(글로벌),유지,유지,학교장추천,190.81,192.03,,,,,,,학생부종합(면접형),3.96,3.73,학생부종합(서류형),3.49,3.35,71.9375,국수영탐(2),3/2,,,,,,,,,,,,,,,,,,,,,
경상권,부산,금정구,부산대,자연,실내환경디자인학과,실내환경디자인학과,유지,유지,학생부교과,4.54,3.8,,,,,,,학생부종합,3.18,2.96,,,,71.90625,국수영탐(2),3/2,,,,,,,,,,,,,,,,,,,,,
경상권,부산,금정구,부산대,인문,중어중문학과,중어중문학과,유지,유지,학생부교과,4.23,3.98,,,,,,,학생부종합,3.65,3.63,,,,71.90625,국수영탐(2),3/1,,,,,,,,,,,,,,,,,,,,,
전라권,전남,무안군,국립목포대,인문,법·경찰학부,법·경찰학부,유지,유지,교과일반,5.35,5.01,,,,,,,종합일반,5.33,5.05,,,,71.9,"수탐(1) 중 1개, 국영",4/-,,,,,,,,,,,,,,,,,,,,,
경인권,경기,동두천시,동양대,자연,게임학부,게임학부,유지,유지,면접,3.5,3.2,일반Ⅰ,2.9,2.5,,,,,,,,,,71.9,"국수영 중 2개, 탐구(1)",4/4,,,,,,,,,,,,,,,,,,,,,
전라권,광주,북구,전남대,자연,융합바이오시스템기계공학과,융합바이오시스템기계공학과,유지,유지,일반,3.65,3.63,,,,,,,고교생활우수자Ⅰ,3.79,3.71,,,,71.9,국수탐(2),3/4,,,,,,,,,,,,,,,,,,,,,
경상권,부산,금정구,부산대,자연,지구과학교육과,지구과학교육과,유지,유지,학생부교과,3.31,3.2,,,,,,,,,,,,,71.875,국수영탐(2),3/2,,,,,,,,,,,,,,,,,,,,,
경상권,울산,남구,울산대,자연,신소재•반도체융합부,신소재•반도체융합부,유지,유지,일반교과,4.1,3.92,,,,,,,잠재역량,,5.33,,,,71.86987,국수영탐(1)한,4/6,,,,,,,,,,,,,,,,,,,,,
전라권,광주,북구,전남대,인문,행정학과,행정학과,유지,유지,일반,2.53,2.51,,,,,,,고교생활우수자Ⅰ,3.64,3.2,,,,71.85,국수탐(2),3/2,,,,,,,,,,,,,,,,,,,,,
경상권,울산,남구,울산대,자연,미래모빌리티공학부,미래모빌리티공학부,유지,유지,일반교과,3.6,3.37,,,,,,,잠재역량,,5.11,,,,71.83684,국수영탐(1)한,3/3,,,,,,,,,,,,,,,,,,,,,
경상권,부산,금정구,부산가톨릭대,자연,방사선학과,방사선학과,유지,유지,교과성적우수자,2.6,2.6,,,,,,,가톨릭지도자추천,5,4.14,고교학생부,4.91,4.67,71.83333,국수영탐(2),5/3,,,,,,,,,,,,,,,,,,,,,
경상권,경북,경산시,영남대,자연,전기공학과,전기공학과,,,일반학생,4.46,4.38,,,,,,,잠재능력우수자,4.59,4.48,,,,71.83,국수영탐(2),-/-,,,,,,,,,,,,,,,,,,,,,
경상권,경북,경산시,영남대,인문,정치외교학과,정치외교학과,,,일반학생,4.59,4.36,,,,,,,잠재능력우수자,4.8,4.24,,,,71.83,국수영탐(2),-/-,,,,,,,,,,,,,,,,,,,,,
전라권,광주,북구,전남대,자연,생명과학기술학부,생명과학기술학부,유지,유지,일반,3.16,3.13,,,,,,,고교생활우수자Ⅰ,3.9,3.61,,,,71.8,국수탐(2),3/2,,,,,,,,,,,,,,,,,,,,,
경상권,부산,금정구,부산대,인문,사학과,사학과,유지,유지,학생부교과,2.86,2.73,,,,,,,학생부종합,2.92,2.7,,,,71.78125,국수영탐(2),2/2,,,,,,,,,,,,,,,,,,,,,
서울,서울,노원구,광운대,인문,국제통상학부,국제통상학부,유지,유지,지역균형,2.66,2.44,,,,,,,광운참빛인재Ⅰ-면접형,3.33,2.93,광운참빛인재Ⅱ-서류형,3.37,2.77,71.77575,국수영탐(2),3/2,,,,,,,,,,,,,,,,,,,,,
제주권,제주,제주시,제주대,인문,사회교육과,사회교육과,유지,유지,일반학생,,3.33,,,,,,,일반학생,3.62,3.59,,,,71.76,국수영탐(2),4/3,,,,,,,,,,,,,,,,,,,,,
전라권,광주,북구,전남대,자연,화학과,화학과,유지,유지,일반,3.75,3.54,,,,,,,고교생활우수자Ⅰ,3.85,3.8,,,,71.75,국수탐(2),3/3,,,,,,,,,,,,,,,,,,,,,
경상권,부산,남구,국립부경대,자연,건축학전공,건축학전공,,,교과성적우수인재,3.01,2.85,일반,,3.02,,,,학교생활우수인재,,3.48,,,,71.73125,국수영탐(2),3/3,,,,,,,,,,,,,,,,,,,,,
충청권,대전,유성구,충남대,인문,중어중문학과,중어중문학과,유지,유지,일반,3.31,3.24,,,,,,,학생부종합Ⅰ,4.46,4.28,학생부종합Ⅰ[서류],4.76,4.6,71.7,국수탐(2),2/1,,,,,,,,,,,,,,,,,,,,,
강원권,강원,강릉시,"강원대(강릉,원주)",자연,전자·반도체공학부,전자·반도체공학부,유지,유지,해람교과,5.26,4.86,,,,,,,해람인재,6.21,5.64,,,,71.685,국수영탐(1) 중 3개,3/4,,,,,,,,,,,,,,,,,,,,,
충청권,충북,청주시,청주대,자연,데이터사이언스학과,데이터사이언스학과,변경,유지,교과우수,5.38,5.75,담임추천,5.88,5.38,일반,6.25,5.38,,,,,,,71.678,국수영탐(2) 중 3개,4/4,,,,,,,,,,,,,,,,,,,,,
경인권,경기,용인시,한국외대,인문,우크라이나학과,우크라이나학과,유지,유지,학교장추천,186.54,186.73,,,,,,,학생부종합(면접형),3.96,3.94,학생부종합(서류형),4.52,4.24,71.675,국수영탐(2),3/3,,,,,,,,,,,,,,,,,,,,,
경상권,경북,경산시,영남대,자연,수학교육과,수학교육과,,,일반학생,3.56,3.38,,,,,,,잠재능력우수자,3.62,3.51,,,,71.67,국수영탐(2),-/-,,,,,,,,,,,,,,,,,,,,,
전라권,전북,익산시,원광대,인문,역사교육과,역사교육과,유지,유지,일반,4.4,3.55,,,,,,,학생부종합,4.44,4.17,,,,71.66667,"국수 중 1개, 영탐(1)",3/1,,,,,,,,,,,,,,,,,,,,,
충청권,대전,대덕구,한남대,인문,역사교육과,역사교육과,유지,유지,일반,3.29,3.13,,,,,,,한남인재Ⅰ,3.27,3.09,한남인재Ⅱ,3.58,3.56,71.66667,"수영탐(1) 중 2개, 국어",4/4,,,,,,,,,,,,,,,,,,,,,
경상권,부산,금정구,부산대,인문,사회복지학과,사회복지학과,유지,유지,학생부교과,3.16,3.05,,,,,,,학생부종합,2.62,2.53,,,,71.65625,국수영탐(2),2/2,,,,,,,,,,,,,,,,,,,,,
강원권,강원,춘천시,강원대,자연,의생명공학과,의생명융합학부,명칭변경,변경,일반,3.38,3.23,,,,,,,미래인재Ⅰ,3.98,3.73,미래인재Ⅱ,3.69,3.47,71.65,국수영탐(2),3/4,,,,,,,,,,,,,,,,,,,,,
강원권,강원,춘천시,강원대,자연,의생명시스템과학과,의생명융합학부,명칭변경,변경,일반,3.38,3.23,,,,,,,미래인재Ⅰ,3.98,3.73,미래인재Ⅱ,3.69,3.47,71.65,국수영탐(2),3/4,,,,,,,,,,,,,,,,,,,,,
전라권,광주,북구,전남대,인문,영어교육과,영어교육과,유지,유지,일반,2.64,2.56,,,,,,,고교생활우수자Ⅰ,,2.87,,,,71.65,국수탐(2),2/3,,,,,,,,,,,,,,,,,,,,,
경인권,경기,안성시,중앙대(다빈치),자연,시스템생명공학과,시스템생명공학과,유지,유지,,,,,,,,,,CAU융합형인재,2.38,2.19,CAU탐구형인재,2.95,2.81,71.65,국수탐(2),1/1,,,,,,,,,,,,,,,,,,,,,
경인권,경기,용인시,한국외대,자연,수학과,수학과,유지,유지,학교장추천,184.11,184.39,,,,,,,학생부종합(면접형),3.88,3.88,학생부종합(서류형),3.83,3.81,71.64706,국수영탐(2),4/3,,,,,,,,,,,,,,,,,,,,,
경인권,경기,용인시,한국외대,인문,폴란드학과,폴란드학과,유지,유지,학교장추천,192.46,192.47,,,,,,,학생부종합(면접형),4.21,3.89,학생부종합(서류형),4.89,3.89,71.625,국수영탐(2),3/3,,,,,,,,,,,,,,,,,,,,,
전라권,광주,동구,조선대,자연,생명화학공학과,생명화학공학과,유지,유지,일반,4.98,4.91,,,,,,,서류,5.7,6.35,,,,71.6,국수영탐(1),7/5,,,,,,,,,,,,,,,,,,,,,
경상권,부산,금정구,부산대,인문,불어불문학과,불어불문학과,유지,유지,학생부교과,3.78,3.37,,,,,,,,,,,,,71.59375,국수영탐(2),2/2,,,,,,,,,,,,,,,,,,,,,
충청권,충북,청주시,충북대,인문,윤리교육과,윤리교육과,유지,유지,학생부교과,2.73,2.71,,,,,,,학생부종합Ⅰ,2.7,2.53,,,,71.58125,국수영탐(2),-/-,,,,,,,,,,,,,,,,,,,,,
경상권,경남,밀양시,부산대,자연,나노에너지공학과,나노에너지공학과,유지,유지,학생부교과,,,,,,,,,학생부종합,2.88,2.79,,,,71.5625,국수영탐(2),2/3,,,,,,,,,,,,,,,,,,,,,
경상권,경남,밀양시,부산대,자연,첨단융합학부,나노에너지공학과,유지,변경,학생부교과,,,,,,,,,학생부종합,2.88,2.79,,,,71.5625,국수영탐(2),2/3,,,,,,,,,,,,,,,,,,,,,
경상권,부산,남구,국립부경대,인문,법학과,법학과,,,교과성적우수인재,2.93,2.84,일반,,2.25,,,,학교생활우수인재,3.61,3.61,,,,71.54688,국수영탐(2),3/2,,,,,,,,,,,,,,,,,,,,,
충청권,충남,논산시,건양대,자연,글로벌의료뷰티학전공,글로벌의료뷰티학과,유지,변경,일반학생[교과],5.99,5.38,,,,,,,,,,,,,71.5,국수영탐(1) 중 2개,6/4,,,,,,,,,,,,,,,,,,,,,
경상권,경남,창원시,경남대,자연,간호학과,간호학과,유지,유지,일반면접,3.2,3.1,일반,3.1,3,,,,일반,3.1,3,,,,71.5,국수영탐(1),4/2,,,,,,,,,,,,,,,,,,,,,
경상권,경북,안동시,국립경국대,자연,식품영양학과,식품영양학과,유지,유지,일반학생,4.81,4.64,,,,,,,NUG인재,4.85,4.39,,,,71.5,국수영탐(1) 중 2개,8/4,,,,,,,,,,,,,,,,,,,,,
충청권,충남,천안시,남서울대,인문,유통마케팅학과,유통마케팅학과,유지,유지,교과+면접,4.97,4.47,일반,4.6,4.23,,,,학생부종합 서류형,6.58,5.62,,,,71.5,국수영탐(1) 중 2개,4/-,,,,,,,,,,,,,,,,,,,,,
경상권,부산,서구,동아대,인문,경찰학과,경찰학과,유지,유지,교과성적우수자,3.08,2.83,,,,,,,잠재능력우수자,3.83,3.75,학교생활우수자,3.69,3.62,71.5,국수영탐(2),-/-,,,,,,,,,,,,,,,,,,,,,
경상권,부산,사하구,동아대,자연,의약생명공학과,의약생명공학과,유지,유지,교과성적우수자,3.5,3.42,,,,,,,잠재능력우수자,4.6,4.36,학교생활우수자,3.95,3.87,71.5,국수영탐(2),-/-,,,,,,,,,,,,,,,,,,,,,
충청권,대전,서구,배재대,인문,경찰법학부(경찰학/법학),경찰법학부(경찰학/법학),유지,유지,교과,,,일반고교과,4.8,4.5,,,,,,,,,,71.5,국수영탐(1) 중 2개,3/3,,,,,,,,,,,,,,,,,,,,,
경상권,부산,금정구,부산대,자연,생물교육과,생물교육과,유지,유지,학생부교과,2.77,2.77,,,,,,,학생부종합,2.51,2.3,,,,71.5,국수영탐(2),4/3,,,,,,,,,,,,,,,,,,,,,
경상권,부산,금정구,부산대,자연,조선해양공학과,조선해양공학과,유지,유지,학생부교과,3.35,3.24,,,,,,,학생부종합,,,,,,71.5,국수영탐(2),2/4,,,,,,,,,,,,,,,,,,,,,
전라권,전북,전주시,전북대,인문,경상계열,경상계열,유지,유지,일반학생,3.63,3.55,,,,,,,큰사람,3.73,3.63,,,,71.5,국수탐(2),4/2,,,,,,,,,,,,,,,,,,,,,
전라권,광주,북구,전남대,자연,빅데이터융합학과,빅데이터융합학과,유지,유지,일반,3.3,3.05,,,,,,,고교생활우수자Ⅰ,3.63,3.44,,,,71.45,국수탐(2),3/2,,,,,,,,,,,,,,,,,,,,,
경상권,경북,상주시,경북대,자연,나노신소재공학과,나노신소재공학과,유지,유지,교과우수자,5.98,5.75,,,,,,,,,,,,,71.42857,국수영탐(1),5/4,,,,,,,,,,,,,,,,,,,,,
전라권,전남,무안군,국립목포대,자연,자율전공학부,자율전공학부,유지,유지,교과일반,5.54,4.94,,,,,,,종합일반,6.01,5.57,,,,71.4,"국탐(1) 중 1개, 수영",3/-,,,,,,,,,,,,,,,,,,,,,
경상권,부산,금정구,부산대,자연,미생물학과,미생물학과,유지,유지,학생부교과,2.81,2.69,,,,,,,학생부종합,2.32,2.3,,,,71.375,국수영탐(2),2/1,,,,,,,,,,,,,,,,,,,,,
전라권,광주,북구,전남대,자연,물리학과,물리학과,유지,유지,일반,4.14,3.81,,,,,,,고교생활우수자Ⅰ,4.11,4.06,,,,71.35,국수탐(2),4/3,,,,,,,,,,,,,,,,,,,,,
경상권,부산,금정구,부산대,인문,사회학과,사회학과,유지,유지,학생부교과,3.13,2.92,,,,,,,,,,,,,71.34375,국수영탐(2),2/1,,,,,,,,,,,,,,,,,,,,,
충청권,대전,대덕구,한남대,인문,프랑스어문학전공,프랑스어문학전공,유지,유지,일반,5.51,5.37,,,,,,,한남인재Ⅰ,5.48,5.48,,,,71.33333,"수영탐(1) 중 2개, 국어",3/4,,,,,,,,,,,,,,,,,,,,,
충청권,충남,예산군,국립공주대,자연,스마트팜공학과,스마트팜공학과,유지,유지,교과Ⅰ,4.81,4.52,,,,,,,일반,5.51,5.14,,,,71.316,"국영탐(1) 중 2개, 수학",3/-,,,,,,,,,,,,,,,,,,,,,
충청권,대전,유성구,충남대,자연,생물과학과,생물과학과,유지,유지,일반,2.49,2.35,,,,,,,학생부종합Ⅰ,2.86,2.8,학생부종합Ⅰ[서류],2.61,2.6,71.3,국수탐(2),2/2,,,,,,,,,,,,,,,,,,,,,
경인권,경기,용인시,한국외대,인문,투어리즘 & 웰니스학부,투어리즘 & 웰니스학부,유지,유지,학교장추천,185.22,185.28,,,,,,,학생부종합(면접형),4.98,4.67,학생부종합(서류형),4.17,3.81,71.275,국수영탐(2),3/4,,,,,,,,,,,,,,,,,,,,,
경상권,대구,달서구,계명대,자연,혁신신약학과,혁신신약학과,유지,유지,일반,4.07,3.56,,,,,,,일반,4.07,3.56,,,,71.25,국수영탐(2),4/-,,,,,,,,,,,,,,,,,,,,,
서울,서울,구로구,서울한영대,인문,사회복지학과,사회복지학과,유지,유지,일반,5.74,5.56,,,,,,,,,,,,,71.25,국영탐(1)한,3/3,,,,,,,,,,,,,,,,,,,,,
경인권,경기,용인시,한국외대,인문,아프리카학부,아프리카학부,유지,유지,학교장추천,187.2,189.15,,,,,,,학생부종합(면접형),5.47,4.98,학생부종합(서류형),4.17,3.68,71.25,국수영탐(2),3/2,,,,,,,,,,,,,,,,,,,,,
경인권,경기,용인시,한국외대,인문,언어인지과학과,언어인지과학과,유지,유지,학교장추천,191.47,196.29,,,,,,,학생부종합(면접형),4.44,4.18,학생부종합(서류형),3.73,3.51,71.225,국수영탐(2),2/2,,,,,,,,,,,,,,,,,,,,,
전라권,전북,군산시,국립군산대,인문,사회복지학부,사회복지학부,유지,변경,일반,4.47,4.16,,,,,,,일반학생,5.67,5.37,,,,71.2,국수영탐(2),4/1,,,,,,,,,,,,,,,,,,,,,
전라권,전남,무안군,국립목포대,자연,수학교육과,수학교육과,유지,유지,교과일반,,4.4,,,,,,,종합일반,,4.74,,,,71.2,"국탐(1) 중 1개, 수영",6/-,,,,,,,,,,,,,,,,,,,,,
경상권,부산,영도구,국립한국해양대,인문,해양영어영문학과,해양영어영문학과,유지,유지,교과성적우수자,4.09,3.96,일반,,,,,,아치해양인재Ⅰ,,,아치해양인재Ⅱ,,,71.2,국수영탐(2),4/3,,,,,,,,,,,,,,,,,,,,,
강원권,강원,원주시,상지대,인문,경찰법학과,경찰법학과,유지,유지,교과일반,4.88,4.31,,,,,,,종합일반,5.14,5.51,,,,71.2,국수영탐(2) 중 2개,6/6,,,,,,,,,,,,,,,,,,,,,
경상권,경남,진주시,경상국립대,인문,국어교육과,국어교육과,유지,유지,일반,3.13,3.11,,,,,,,,,,,,,71.1875,국수영탐(2),3/-,,,,,,,,,,,,,,,,,,,,,
경상권,경남,진주시,경상국립대,인문,일반사회교육과,일반사회교육과,유지,유지,일반,3.01,2.99,,,,,,,,,,,,,71.1875,국수영탐(2),3/-,,,,,,,,,,,,,,,,,,,,,
강원권,강원,춘천시,춘천교대,인문,초등교육학과,초등교육학과,유지,유지,,,,,,,,,,교직적·인성인재,3.75,3.34,,,,71.16667,국수영탐(2),3/2,,,,,,,,,,,,,,,,,,,,,
전라권,광주,북구,전남대,자연,생활복지학과,생활복지학과,유지,유지,일반,3.78,3.6,,,,,,,고교생활우수자Ⅰ,3.64,3.59,,,,71.15,국수탐(2),4/4,,,,,,,,,,,,,,,,,,,,,
강원권,강원,원주시,연세대(미래),자연,AI반도체학부,AI반도체학부,,,교과우수자,4.58,4.5,,,,,,,학교생활우수자,4.91,4.66,,,,71.14286,국수영탐(1),3/3,,,,,,,,,,,,,,,,,,,,,
경상권,부산,영도구,국립한국해양대,자연,해양경찰학부,해양경찰학부(기관전공)(남),유지,유지,교과성적우수자,3.85,3.57,,,,,,,,,,,,,71.13333,국수영탐(2),2/2,,,,,,,,,,,,,,,,,,,,,
경상권,부산,영도구,국립한국해양대,자연,해양경찰학부,해양경찰학부(기관전공)(여),유지,유지,교과성적우수자,3.17,2.96,,,,,,,,,,,,,71.13333,국수영탐(2),2/2,,,,,,,,,,,,,,,,,,,,,
경상권,부산,영도구,국립한국해양대,자연,해양경찰학부,해양경찰학부(기관전공),유지,유지,일반,,,,,,,,,아치해양인재Ⅰ,,,아치해양인재Ⅱ,,,71.13333,국수영탐(2),2/2,,,,,,,,,,,,,,,,,,,,,
경상권,부산,금정구,부산대,자연,재료공학부,재료공학부,유지,유지,학생부교과,2.83,2.54,,,,,,,학생부종합,2.56,2.37,,,,71.125,국수영탐(2),3/2,,,,,,,,,,,,,,,,,,,,,
경상권,경남,밀양시,부산대,자연,첨단융합학부,나노메카트로닉스공학과,유지,변경,학생부교과,2.78,2.71,,,,,,,학생부종합,2.91,2.85,,,,71.125,국수영탐(2),3/3,,,,,,,,,,,,,,,,,,,,,
경상권,부산,남구,국립부경대,자연,화학공학과,화학공학과,,,교과성적우수인재,2.6,2.26,일반,2.88,2.82,,,,학교생활우수인재,3.62,3.34,,,,71.08125,국수영탐(2),3/3,,,,,,,,,,,,,,,,,,,,,
경인권,경기,용인시,한국외대,인문,중앙아시아학과,중앙아시아학과,유지,유지,학교장추천,189.4,190.36,,,,,,,학생부종합(면접형),4.32,4.09,학생부종합(서류형),5.45,5.26,71.075,국수영탐(2),2/3,,,,,,,,,,,,,,,,,,,,,
경상권,부산,금정구,부산대,자연,통계학과,통계학과,유지,유지,학생부교과,2.55,2.55,,,,,,,,,,,,,71.0625,국수영탐(2),2/1,,,,,,,,,,,,,,,,,,,,,
경상권,부산,금정구,부산대,자연,화학과,화학과,유지,유지,학생부교과,2.75,2.59,,,,,,,학생부종합,2.13,1.98,,,,71.0625,국수영탐(2),4/3,,,,,,,,,,,,,,,,,,,,,
충청권,충남,천안시,단국대(천안),인문,공공정책학과[야],공공정책학과[야],유지,유지,학생부교과우수자,5.41,4.76,,,,,,,DKU인재-서류형,5.84,5.36,,,,71.05,국수영탐(1),4/3,,,,,,,,,,,,,,,,,,,,,
충청권,대전,유성구,충남대,자연,전기•전자•통신공학교육과,전기•전자•통신공학교육과,유지,유지,일반,3.58,3.4,,,,,,,학생부종합Ⅰ,4.01,3.88,,,,71.05,국수탐(2),3/1,,,,,,,,,,,,,,,,,,,,,
경인권,경기,용인시,한국외대,자연,AI융합대학(AI데이터융합학부),AI융합대학(AI데이터융합학부),유지,유지,학교장추천,188.79,188.88,,,,,,,학생부종합(면접형),3.78,3.76,학생부종합(서류형),3.68,3.65,71.02941,국수영탐(2),3/3,,,,,,,,,,,,,,,,,,,,,
경인권,경기,용인시,한국외대,자연,AI융합대학(Finance & AI융합학부),AI융합대학(Finance & AI융합학부),유지,유지,학교장추천,192.26,194.44,,,,,,,학생부종합(면접형),5.3,4.46,학생부종합(서류형),4.55,3.82,71.02941,국수영탐(2),3/3,,,,,,,,,,,,,,,,,,,,,
충청권,충남,아산시,선문대,자연,응급구조학과,응급구조학과,유지,유지,면접,3.75,3.45,일반,2.75,2.75,,,,서류,5.55,5.47,,,,71.024,국수영탐(1) 중 3개,3/1,,,,,,,,,,,,,,,,,,,,,
충청권,충북,청주시,청주대,자연,항공기계공학과,항공기계공학과,변경,유지,교과우수,4.13,3.63,담임추천,4.5,4.25,일반,4.5,4.13,,,,,,,71.008,국수영탐(2) 중 3개,4/4,,,,,,,,,,,,,,,,,,,,,
충청권,대전,동구,대전대,자연,반도체공학과,반도체공학과,유지,유지,교과면접,6.33,5.83,교과중점,5.64,5.51,,,,,,,,,,71,국수영탐(1) 중 2개,3/3,,,,,,,,,,,,,,,,,,,,,
경상권,경북,경주시,동국대(WISE),인문,보건의료정보학과,보건의료정보학과,유지,유지,교과,3.9,3.8,면접,5.4,5.4,,,,참사랑,,,,,,71,국수탐(1) 중 2개,4/2,,,,,,,,,,,,,,,,,,,,,
경상권,부산,서구,동아대,인문,경영학과,경영학과,유지,유지,교과성적우수자,3.33,3.17,,,,,,,잠재능력우수자,4.18,4.09,학교생활우수자,4.3,4.07,71,국수영탐(2),-/-,,,,,,,,,,,,,,,,,,,,,
경상권,부산,사하구,동아대,자연,전기공학과,전기공학과,유지,유지,교과성적우수자,3.83,3.67,,,,,,,잠재능력우수자,4.93,4.86,학교생활우수자,4.77,4.53,71,국수영탐(2),-/-,,,,,,,,,,,,,,,,,,,,,
충청권,대전,서구,목원대,예체능,미술교육과,미술교육과,유지,유지,교과,1.75,1.61,,,,,,,,,,,,,71,국수영탐탐한 중 2개,6/1,,,,,,,,,,,,,,,,,,,,,
경상권,부산,금정구,부산대,자연,물리교육과,물리교육과,유지,유지,학생부교과,,,,,,,,,,,,,,,71,국수영탐(2),3/2,,,,,,,,,,,,,,,,,,,,,
경인권,경기,안양시,성결대,인문,행정학부,행정학부,유지,유지,SKU창의적인재,5.4,,교과성적우수자,4,,,,,,,,,,,71,"국수영 중 2개, 탐구(1)",-/-,,,,,,,,,,,,,,,,,,,,,
전라권,전북,익산시,원광대,인문,일어교육과,일어교육과,유지,유지,일반,3.89,3.61,,,,,,,학생부종합,4.66,4.59,,,,71,"국수 중 1개, 영탐(1)",3/3,,,,,,,,,,,,,,,,,,,,,
전라권,전북,전주시,전주대,자연,소방안전공학과,소방안전공학과,유지,유지,일반학생(교과),6.05,5.77,,,,,,,일반학생(종합),5.9,5.36,,,,71,"국수영 중 2개, 탐구(1)",4/4,,,,,,,,,,,,,,,,,,,,,
제주권,제주,제주시,제주대,자연,컴퓨터공학과,컴퓨터공학과,유지,유지,일반학생,3.64,3.08,,,,,,,소프트웨어인재,4.03,4,일반학생,,4.17,71,국수영탐(2),3/3,,,,,,,,,,,,,,,,,,,,,
서울,서울,송파구,한국체대,예체능,노인체육복지학과,노인체육복지학과,유지,유지,교과성적우수자,2.89,2.74,,,,,,,,,,,,,71,"국수영 중 2개, 탐(1)",3/5,,,,,,,,,,,,,,,,,,,,,
충청권,대전,대덕구,한남대,인문,무역물류학과,무역물류학과,유지,유지,일반,5.23,5.07,,,,,,,창업인재,,,한남인재Ⅰ,6.1,5.85,71,"수영탐(1) 중 2개, 국어",4/3,,,,,,,,,,,,,,,,,,,,,
충청권,충남,서산시,한서대,인문,공항행정학과,공항행정학과,유지,유지,학생부교과1,5,4.75,,,,,,,,,,,,,71,"국수영 중 2개, 탐구(1)",-/-,,,,,,,,,,,,,,,,,,,,,
충청권,대전,대덕구,한남대,자연,산업경영공학과,산업경영공학과,유지,유지,일반,5.64,5.57,,,,,,,한남인재Ⅰ,6.4,6.25,,,,70.995,"국영탐(1) 중 2개, 수학",5/3,,,,,,,,,,,,,,,,,,,,,
충청권,충남,예산군,국립공주대,자연,수산생명의학과,수산생명의학과,유지,유지,교과Ⅰ,5.61,5.51,,,,,,,일반,5.53,5.31,,,,70.991,"국영탐(1) 중 2개, 수학",4/-,,,,,,,,,,,,,,,,,,,,,
강원권,강원,강릉시,가톨릭관동대,인문,국어교육과,국어교육과,유지,유지,일반,4.92,4.28,,,,,,,일반,5.2,5.2,,,,70.95,"국수탐(2) 중 2개, 영",4/-,,,,,,,,,,,,,,,,,,,,,
경상권,부산,금정구,부산대,자연,지질환경과학과,지질환경과학과,유지,유지,학생부교과,3.8,3.49,,,,,,,학생부종합,2.91,2.86,,,,70.9375,국수영탐(2),2/1,,,,,,,,,,,,,,,,,,,,,
충청권,세종,세종,고려대(세종),인문,문화창의학부,문화창의학부,유지,유지,일반,3.4,3.35,,,,,,,크림슨인재,3.65,3.52,,,,70.90625,국수영탐(2),3/-,,,,,,,,,,,,,,,,,,,,,
충청권,충남,금산군,중부대,자연,물리치료학과,물리치료학과,유지,유지,학교생활우수자,3.7,3.3,학생부우수자,3.5,3.4,,,,,,,,,,70.9,"국수영 중 2개, 탐(1)한 중 1개",3/-,,,,,,,,,,,,,,,,,,,,,
충청권,대전,유성구,충남대,자연,의류학과,의류학과,유지,유지,일반,2.7,2.58,,,,,,,학생부종합Ⅰ,3.91,3.85,학생부종합Ⅰ[서류],3.78,3.69,70.9,국수탐(2),2/3,,,,,,,,,,,,,,,,,,,,,
충청권,충북,청주시,충북대,자연,원예과학과,원예과학과,유지,유지,학생부교과,3.69,3.67,,,,,,,학생부종합Ⅰ,3.86,3.86,학생부종합Ⅱ,4.6,4.5,70.875,국수영탐(2),4/-,,,,,,,,,,,,,,,,,,,,,
경상권,경남,진주시,경상국립대,자연,생물교육과,생물교육과,유지,유지,일반,3.69,3.58,,,,,,,,,,,,,70.8125,국수영탐(2),4/-,,,,,,,,,,,,,,,,,,,,,
충청권,충북,청주시,충북대,자연,생화학과,생화학과,유지,유지,학생부교과,3.39,3.06,,,,,,,학생부종합Ⅰ,3.23,3.16,학생부종합Ⅱ,3.46,3.33,70.8125,국수영탐(2),4/-,,,,,,,,,,,,,,,,,,,,,
서울,서울,강서구,강서대,인문,사회복지학과,사회복지학과,유지,유지,교과우수자,3.88,3.75,일반학생,4.29,5.05,,,,,,,,,,70.8,국수탐(1),3/2,,,,,,,,,,,,,,,,,,,,,
충청권,대전,서구,목원대,자연,수학교육과,수학교육과,유지,유지,교과면접,3.75,3.75,교과,3.25,2.88,,,,,,,,,,70.8,국수영탐탐한 중 2개,3/2,,,,,,,,,,,,,,,,,,,,,
충청권,대전,서구,목원대,인문,영어교육과,영어교육과,유지,유지,교과,3.38,3.35,,,,,,,,,,,,,70.8,국수영탐탐한 중 2개,3/1,,,,,,,,,,,,,,,,,,,,,
충청권,충남,천안시,백석대,인문,관광학부,관광학부,유지,유지,백석인재,5.79,5.72,일반,5.15,4.85,,,,창의인재,4.95,4.72,,,,70.8,"국수영 중 2개, 탐구(1)",4/-,,,,,,,,,,,,,,,,,,,,,
전라권,전북,전주시,전주대,자연,과학교육과,과학교육과,유지,유지,일반학생(교과),5.07,4.83,,,,,,,일반학생(종합),6.04,5.52,,,,70.8,"국영 중 1개, 수탐(1)",4/3,,,,,,,,,,,,,,,,,,,,,
전라권,전북,전주시,전주대,인문,외식산업조리학과,외식산업조리학과,유지,유지,일반학생(교과),5.68,5.42,,,,,,,일반학생(종합),6.23,5.55,,,,70.8,"국수영 중 2개, 탐구(1)",6/4,,,,,,,,,,,,,,,,,,,,,
경상권,경남,창원시,국립창원대,인문,경영학과,경영학과,유지,유지,학업성적우수자,3.16,2.87,,,,,,,,,,,,,70.8,국수영탐(1),3/-,,,,,,,,,,,,,,,,,,,,,
경상권,부산,금정구,부산대,인문,철학과,철학과,유지,유지,학생부교과,3.07,3.05,,,,,,,학생부종합,3.02,2.89,,,,70.75,국수영탐(2),3/6,,,,,,,,,,,,,,,,,,,,,
전라권,전북,전주시,전북대,인문,고고문화인류학과,고고문화인류학과,유지,유지,일반학생,4.06,4.05,,,,,,,큰사람,4.1,4.1,,,,70.75,국수탐(2),4/1,,,,,,,,,,,,,,,,,,,,,
전라권,전북,전주시,전북대,인문,국어국문학과,국어국문학과,유지,유지,일반학생,3.91,3.76,,,,,,,큰사람,3.88,3.71,,,,70.75,국수탐(2),4/1,,,,,,,,,,,,,,,,,,,,,
전라권,전북,전주시,전북대,인문,독일학과,독일학과,유지,유지,일반학생,4.33,4.24,,,,,,,큰사람,,,,,,70.75,국수탐(2),4/1,,,,,,,,,,,,,,,,,,,,,
전라권,전북,전주시,전북대,인문,문헌정보학과,문헌정보학과,유지,유지,일반학생,3.55,3.31,,,,,,,큰사람,3.56,3.43,,,,70.75,국수탐(2),4/1,,,,,,,,,,,,,,,,,,,,,
전라권,전북,전주시,전북대,인문,사학과,사학과,유지,유지,일반학생,3.81,3.72,,,,,,,큰사람,3.94,3.94,,,,70.75,국수탐(2),4/1,,,,,,,,,,,,,,,,,,,,,
전라권,전북,전주시,전북대,인문,스페인.중남미학과,스페인.중남미학과,유지,유지,일반학생,4.03,3.78,,,,,,,큰사람,4.19,4.19,,,,70.75,국수탐(2),4/1,,,,,,,,,,,,,,,,,,,,,
전라권,전북,전주시,전북대,인문,영어영문학과,영어영문학과,유지,유지,일반학생,3.84,3.72,,,,,,,큰사람,3.99,3.91,,,,70.75,국수탐(2),4/1,,,,,,,,,,,,,,,,,,,,,
전라권,전북,전주시,전북대,인문,일본학과,일본학과,유지,유지,일반학생,3.99,3.88,,,,,,,큰사람,3.94,3.71,,,,70.75,국수탐(2),4/1,,,,,,,,,,,,,,,,,,,,,
전라권,전북,전주시,전북대,인문,중어중문학과,중어중문학과,유지,유지,일반학생,4.14,4.17,,,,,,,큰사람,4.19,4.14,,,,70.75,국수탐(2),4/1,,,,,,,,,,,,,,,,,,,,,
전라권,전북,전주시,전북대,인문,철학과,철학과,유지,유지,일반학생,4.28,4.07,,,,,,,큰사람,4.27,4.27,,,,70.75,국수탐(2),4/1,,,,,,,,,,,,,,,,,,,,,
전라권,전북,전주시,전북대,인문,프랑스·아프리카학과,프랑스·아프리카학과,유지,유지,일반학생,4.02,4.06,,,,,,,큰사람,4.53,4.5,,,,70.75,국수탐(2),4/1,,,,,,,,,,,,,,,,,,,,,
경인권,인천,강화군,안양대,자연,스마트시티공학과,스마트시티공학과,,,아리학생부교과,6.1,5.85,아리학생부면접,5.19,5.19,,,,아리학생부종합Ⅱ,6.43,6.42,,,,70.7,수영탐(1),3/-,,,,,,,,,,,,,,,,,,,,,
전라권,전북,전주시,전북대,인문,영어교육과,영어교육과,유지,유지,일반학생,3.87,3.87,,,,,,,큰사람,3.09,3.09,,,,70.7,국수탐(2),3/1,,,,,,,,,,,,,,,,,,,,,
경인권,경기,용인시,한국외대,인문,그리스•불가리아학과,그리스•불가리아학과,유지,유지,학교장추천,190.94,191.08,,,,,,,학생부종합(면접형),5.07,4.92,학생부종합(서류형),5.88,5.35,70.7,국수영탐(2),3/3,,,,,,,,,,,,,,,,,,,,,
강원권,강원,원주시,"강원대(강릉,원주)",자연,컴퓨터공학과,컴퓨터공학과,유지,유지,해람교과,4.1,3.98,,,,,,,해람인재,5.55,5.27,,,,70.686,국수영탐(1) 중 3개,3/4,,,,,,,,,,,,,,,,,,,,,
경상권,경북,구미시,국립금오공대,자연,화학소재공학부,화학소재공학부,유지,유지,학생부교과,4.94,4.75,,,,,,,KIT인재,5.28,4.94,,,,70.676,국수영탐(1) 중 3개,5/2,,,,,,,,,,,,,,,,,,,,,
충청권,충남,공주시,국립공주대,인문,중어중문학과,중어중문학과,유지,유지,교과Ⅰ,4.39,4.3,,,,,,,일반,5.24,4.96,,,,70.672,국수영탐(1) 중 3개,4/-,,,,,,,,,,,,,,,,,,,,,
충청권,충북,청주시,청주대,인문,지적학과,지적학과,변경,유지,교과우수,4.63,4.38,담임추천,3.75,3.75,일반,4.63,4.25,,,,,,,70.671,국수영탐(2) 중 3개,4/4,,,,,,,,,,,,,,,,,,,,,
경상권,경북,경산시,영남대,인문,교육학과,교육학과,,,일반학생,3.91,3.85,,,,,,,잠재능력우수자,3.8,3.58,,,,70.67,국수영탐(2),-/-,,,,,,,,,,,,,,,,,,,,,
경상권,부산,사상구,동서대,자연,방사선학과,방사선학과,유지,유지,고교생활우수자,3,3,일반계교과,2.3,2.2,학생부면접,3.3,3.2,학생부종합,5.38,4.91,,,,70.66667,국수영탐(1),2/-,,,,,,,,,,,,,,,,,,,,,
충청권,대전,대덕구,한남대,인문,정치ㆍ언론학과,정치ㆍ언론학과,유지,유지,일반,4.79,4.63,,,,,,,한남인재Ⅰ,4.96,4.61,,,,70.66667,"수영탐(1) 중 2개, 국어",4/4,,,,,,,,,,,,,,,,,,,,,
충청권,대전,대덕구,한남대,인문,행정학과,행정학과,유지,유지,일반,4.78,4.59,,,,,,,한남인재Ⅰ,5.08,4.56,,,,70.66667,"수영탐(1) 중 2개, 국어",5/4,,,,,,,,,,,,,,,,,,,,,
충청권,대전,유성구,충남대,자연,화학공학교육과,화학공학교육과,유지,유지,일반,3.71,3.59,,,,,,,학생부종합Ⅰ,3.46,3.46,,,,70.65,국수탐(2),3/2,,,,,,,,,,,,,,,,,,,,,
충청권,충남,천안시,호서대,인문,미디어커뮤니케이션학과,미디어커뮤니케이션학과,유지,유지,학생부,3.15,3.05,,,,,,,호서인재,3.53,3.51,,,,70.64,"국수영 중 2개, 탐구(1)",3/1,,,,,,,,,,,,,,,,,,,,,
경상권,부산,금정구,부산대,인문,관광컨벤션학과,관광컨벤션학과,유지,유지,학생부교과,,,,,,,,,학생부종합,2.88,2.87,,,,70.625,국수영탐(2),4/4,,,,,,,,,,,,,,,,,,,,,
강원권,강원,춘천시,강원대,자연,배터리융합공학과,배터리융합공학과,명칭변경,유지,일반,4.3,3.85,,,,,,,미래인재Ⅰ,4.06,3.95,미래인재Ⅱ,4.06,3.94,70.6,국수영탐(2),4/4,,,,,,,,,,,,,,,,,,,,,
경상권,경북,영주시,동양대,자연,간호학과,간호학과,유지,유지,일반Ⅰ,7.7,3.3,,,,,,,,,,,,,70.6,"국수영 중 2개, 탐구(1)",4/3,,,,,,,,,,,,,,,,,,,,,
충청권,충남,아산시,순천향대,자연,전자정보공학과,전자정보공학과,유지,유지,교과면접,5.482,5.216,교과우수자,4.576,4.508,,,,일반학생,5.59,5.38,,,,70.6,"국수영 중 2개, 탐구(1)",3/4,,,,,,,,,,,,,,,,,,,,,
경인권,인천,강화군,안양대,예체능,게임콘텐츠학과,게임콘텐츠학과,,,아리학생부교과,4.55,4.47,,,,,,,,,,,,,70.6,수영탐(1),5/-,,,,,,,,,,,,,,,,,,,,,
경인권,인천,강화군,안양대,자연,게임콘텐츠학과,,,신설,,,,,,,,,,,,,,,,70.6,수영탐(1),5/-,,,,,,,,,,,,,,,,,,,,,
서울,서울,노원구,한국성서대,인문,사회복지학과,사회복지학과,유지,유지,교과성적우수자,3.83,3.79,목회자추천,4.9,4.81,일반학생,4.48,4.33,,,,,,,70.6,국영탐(1),4/2,,,,,,,,,,,,,,,,,,,,,
경상권,경남,진주시,경상국립대,자연,물리교육과,물리교육과,유지,유지,,,,,,,,,,일반,4.4,4.26,,,,70.5625,국수영탐(2),4/-,,,,,,,,,,,,,,,,,,,,,
경상권,부산,금정구,부산대,자연,의류학과,의류학과,유지,유지,학생부교과,3.35,3.35,,,,,,,학생부종합,3.61,2.99,,,,70.53125,국수영탐(2),3/2,,,,,,,,,,,,,,,,,,,,,
경인권,인천,미추홀구,청운대,자연,전자공학과,전자공학과,유지,유지,일반,4,3.8,청운인재-면접,5.27,5.27,,,,,,,,,,70.52,"국수영 중 2개, 탐구(1)",-/-,,,,,,,,,,,,,,,,,,,,,
충청권,충북,청주시,청주대,자연,제약공학과,제약공학과,변경,유지,교과우수,4.5,4.25,담임추천,5.38,5.38,일반,4.5,4.63,,,,,,,70.5045,국수영탐(2) 중 3개,4/4,,,,,,,,,,,,,,,,,,,,,
충청권,충남,논산시,건양대,인문,군사학과(남),군사학과(남),유지,유지,군사학,5.43,4.82,,,,,,,,,,,,,70.5,국수영탐(1) 중 2개,7/3,,,,,,,,,,,,,,,,,,,,,
충청권,충남,천안시,남서울대,인문,경영학과,경영학과,유지,유지,교과+면접,4.3,4.87,일반,3.63,4.03,,,,학생부종합 서류형,6.08,5.65,,,,70.5,국수영탐(1) 중 2개,-/-,,,,,,,,,,,,,,,,,,,,,
충청권,충남,천안시,남서울대,인문,보건행정학과,보건행정학과,유지,유지,교과+면접,4.37,4.2,일반,3.77,3.27,,,,학생부종합 서류형,6.25,4.99,,,,70.5,국수영탐(1) 중 2개,3/-,,,,,,,,,,,,,,,,,,,,,
경상권,경북,경산시,대구가톨릭대,자연,수학교육과,수학교육과,유지,유지,교과,4.53,4.38,,,,,,,종합,5.44,5.13,,,,70.5,국수영탐(1) 중 3개,4/3,,,,,,,,,,,,,,,,,,,,,
경상권,경북,경산시,영남대,인문,국어교육과,국어교육과,,,일반학생,3.69,3.31,,,,,,,잠재능력우수자,3.49,3.45,,,,70.5,국수영탐(2),-/-,,,,,,,,,,,,,,,,,,,,,
강원권,강원,원주시,한라대,자연,철도운전시스템학과,철도운전시스템학과,유지,유지,일반학생(교과중심),4.18,3.82,,,,,,,운곡인재,4.56,,,,,70.5,국수영탐(1) 중 2개,4/2,,,,,,,,,,,,,,,,,,,,,
경인권,경기,용인시,한국외대,자연,생명공학과,생명공학과,유지,유지,학교장추천,177.95,184.6,,,,,,,학생부종합(면접형),3.34,3.1,학생부종합(서류형),3.13,2.82,70.47059,국수영탐(2),3/2,,,,,,,,,,,,,,,,,,,,,
경상권,부산,금정구,부산대,인문,윤리교육과,윤리교육과,유지,유지,학생부교과,2.26,2.18,,,,,,,학생부종합,,,,,,70.46875,국수영탐(2),3/1,,,,,,,,,,,,,,,,,,,,,
전라권,광주,동구,조선대,자연,원자력공학과,원자력공학과,유지,유지,일반,6.1,6.1,,,,,,,서류,,,,,,70.45,국수영탐(1),5/5,,,,,,,,,,,,,,,,,,,,,
충청권,충남,아산시,호서대,자연,전기시스템공학과,전기공학과,유지,변경,학생부,4.25,4.02,,,,,,,호서인재,5.58,5.26,,,,70.43,"국수영 중 2개, 탐구(1)",3/1,,,,,,,,,,,,,,,,,,,,,
경상권,부산,남구,국립부경대,자연,전자정보통신공학부,전자정보통신공학부,,,교과성적우수인재,3.11,2.92,일반,3.56,3.54,,,,학교생활우수인재,3.52,3.38,,,,70.40625,국수영탐(2),3/3,,,,,,,,,,,,,,,,,,,,,
경인권,인천,강화군,안양대,자연,해양바이오공학과,해양바이오공학과,,,아리학생부교과,5,5,,,,,,,아리학생부종합Ⅱ,5.54,5.54,,,,70.4,수영탐(1),4/-,,,,,,,,,,,,,,,,,,,,,
전라권,광주,북구,전남대,자연,응용식물학과,응용식물학과,유지,유지,일반,3.03,2.86,,,,,,,고교생활우수자Ⅰ,3.43,3.22,,,,70.4,국수탐(2),3/1,,,,,,,,,,,,,,,,,,,,,
전라권,광주,북구,전남대,자연,인공지능학부,인공지능학부,유지,유지,일반,3.41,3.28,,,,,,,고교생활우수자Ⅰ,3.76,3.54,,,,70.4,국수탐(2),3/2,,,,,,,,,,,,,,,,,,,,,
경상권,부산,금정구,부산대,자연,식품영양학과,식품영양학과,유지,유지,학생부교과,2.65,2.53,,,,,,,학생부종합,2.66,2.57,,,,70.375,국수영탐(2),3/1,,,,,,,,,,,,,,,,,,,,,
서울,서울,노원구,광운대,자연,로봇학부 AI 로봇전공,로봇학부 AI로봇전공,유지,유지,지역균형,2.13,2.08,,,,,,,광운참빛인재Ⅰ-면접형,3.32,2.88,광운참빛인재Ⅱ-서류형,3.16,2.81,70.37032,국수영탐(2),3/2,,,,,,,,,,,,,,,,,,,,,
경상권,경남,창원시,국립창원대,자연,전기공학과,전기공학과,유지,유지,학업성적우수자,4.07,3.86,,,,,,,,,,,,,70.35,국수영탐(1),3/-,,,,,,,,,,,,,,,,,,,,,
경상권,부산,금정구,부산가톨릭대,자연,임상병리학과,임상병리학과,유지,유지,교과성적우수자,2.8,2.7,,,,,,,가톨릭지도자추천,5.59,5.49,고교학생부,4.74,4.61,70.33333,국수영탐(2),5/5,,,,,,,,,,,,,,,,,,,,,
전라권,전북,익산시,원광대,인문,유아교육과,유아교육과,유지,유지,일반,4.6,4.29,,,,,,,학생부종합,5.15,5.07,,,,70.33333,"국수 중 1개, 영탐(1)",3/2,,,,,,,,,,,,,,,,,,,,,
충청권,대전,대덕구,한남대,인문,사회적경제기업학과,사회적경제기업학과,유지,유지,일반,6.26,6.06,,,,,,,창업인재,5.98,5.98,한남인재Ⅰ,7.5,7.28,70.33333,"수영탐(1) 중 2개, 국어",5/1,,,,,,,,,,,,,,,,,,,,,
경상권,부산,사하구,동아대,자연,건축학과,건축학과,유지,유지,교과성적우수자,3.5,3.33,,,,,,,잠재능력우수자,4.3,3.66,학교생활우수자,4.1,3.78,70.33,국수영탐(2),-/-,,,,,,,,,,,,,,,,,,,,,
경상권,경북,경산시,영남대,자연,소프트웨어융합전공,소프트웨어융합전공,,,일반학생,4.22,4.02,,,,,,,잠재능력우수자,4.47,4.28,,,,70.33,국수영탐(2),-/-,,,,,,,,,,,,,,,,,,,,,
충청권,대전,유성구,한남대,자연,바이오제약공학과,바이오제약공학과,유지,유지,일반,4.94,4.51,,,,,,,한남인재Ⅰ,5.19,4.78,,,,70.329,"국영탐(1) 중 2개, 수학",5/3,,,,,,,,,,,,,,,,,,,,,
충청권,충남,예산군,국립공주대,자연,외식상품학과,외식상품학과,유지,유지,교과Ⅰ,4.85,4.03,교과Ⅱ,5.29,5.13,,,,일반,5.83,5.53,,,,70.317,"국영탐(1) 중 2개, 수학",3/-,,,,,,,,,,,,,,,,,,,,,
경상권,경남,밀양시,부산대,자연,첨단융합학부,광메카트로닉스공학과,유지,변경,학생부교과,,,,,,,,,학생부종합,2.89,2.89,,,,70.3125,국수영탐(2),2/2,,,,,,,,,,,,,,,,,,,,,
강원권,강원,춘천시,강원대,자연,스마트팜융합바이오시스템공학과,스마트팜융합바이오시스템공학과,명칭변경,유지,일반,4.12,4.01,,,,,,,미래인재Ⅰ,5,4.55,미래인재Ⅱ,4.13,3.9,70.3,국수영탐(2),5/5,,,,,,,,,,,,,,,,,,,,,
경인권,경기,동두천시,동양대,자연,스마트안전시스템학부,스마트안전시스템학부,유지,유지,면접,4.3,4,일반Ⅰ,4.9,3.9,,,,,,,,,,70.3,"국수영 중 2개, 탐구(1)",4/3,,,,,,,,,,,,,,,,,,,,,
충청권,세종,세종,고려대(세종),인문,정부행정학부,정부행정학부,유지,유지,일반,3.57,3.53,,,,,,,크림슨인재,4.08,3.94,,,,70.25,국수영탐(2),3/-,,,,,,,,,,,,,,,,,,,,,
경상권,경남,진주시,경상국립대,자연,기계공학부(기계공학전공/기계설계학전공),기계공학부(기계공학전공/기계설계학전공),유지,유지,일반,3.38,3.24,,,,,,,일반,3.38,3.24,,,,70.21875,국수영탐(2),5/-,,,,,,,,,,,,,,,,,,,,,
제주권,제주,제주시,제주대,자연,건축학과,건축학과,유지,유지,일반학생,,,,,,,,,일반학생,,4.4,,,,70.2,국수영탐(2),4/3,,,,,,,,,,,,,,,,,,,,,
경인권,경기,안성시,한경국립대,자연,응용수학전공,응용수학전공,유지,유지,일반,,,,,,,,,잠재력우수자,4.66,3.97,,,,70.2,"국수영 중 2개, 탐구(1)",4/4,,,,,,,,,,,,,,,,,,,,,
경인권,경기,안성시,한경국립대,자연,소프트웨어융합전공,소프트웨어융합전공,유지,유지,일반,4.55,4.37,,,,,,,잠재력우수자,4.78,4.63,,,,70.2,"국수영 중 2개, 탐구(1)",4/4,,,,,,,,,,,,,,,,,,,,,
경인권,경기,안성시,한경국립대,자연,응용수학전공,응용수학전공,유지,유지,일반,,,,,,,,,잠재력우수자,4.66,3.97,,,,70.2,"국수영 중 2개, 탐구(1)",4/4,,,,,,,,,,,,,,,,,,,,,
경인권,경기,안성시,한경국립대,자연,컴퓨터공학전공,소프트웨어&서비스컴퓨팅전공,유지,변경,일반,5.09,4.96,,,,,,,잠재력우수자,4.93,4.3,,,,70.2,"국수영 중 2개, 탐구(1)",4/4,,,,,,,,,,,,,,,,,,,,,
경인권,경기,안성시,한경국립대,자연,컴퓨터응용수학부,컴퓨터응용수학부,유지,유지,일반,,,지역균형선발,,,,,,잠재력우수자,,,,,,70.2,"국수영 중 2개, 탐구(1)",4/4,,,,,,,,,,,,,,,,,,,,,
경상권,경남,창원시,국립창원대,인문,세무학과,세무학과,유지,유지,학업성적우수자,3.89,3.75,,,,,,,계열적합인재,0,0,,,,70.2,국수영탐(1),3/-,,,,,,,,,,,,,,,,,,,,,
충청권,충북,청주시,청주대,자연,신소재화학과,신소재화학과,변경,변경,교과우수,4.75,5,담임추천,5.25,5.13,일반,5.25,4.5,,,,,,,70.1715,국수영탐(2) 중 3개,4/4,,,,,,,,,,,,,,,,,,,,,
충청권,충북,청주시,청주대,인문,회계학과,회계학과,변경,유지,교과우수,4.13,4,담임추천,5.38,5,일반,4.13,2.13,,,,,,,70.1715,국수영탐(2) 중 3개,4/4,,,,,,,,,,,,,,,,,,,,,
제주권,제주,제주시,제주대,자연,생물교육전공,생물교육전공,유지,유지,일반학생,,4.39,,,,,,,일반학생,4.35,4.13,,,,70.16,국수영탐(2),4/4,,,,,,,,,,,,,,,,,,,,,
경상권,부산,금정구,부산대,인문,일반사회교육과,일반사회교육과,유지,유지,학생부교과,2.45,2.43,,,,,,,,,,,,,70.15625,국수영탐(2),3/3,,,,,,,,,,,,,,,,,,,,,
경상권,부산,금정구,부산대,인문,국어국문학과,국어국문학과,유지,유지,학생부교과,3.87,3.74,,,,,,,학생부종합,2.03,2.03,,,,70.125,국수영탐(2),1/1,,,,,,,,,,,,,,,,,,,,,
전라권,광주,북구,전남대,자연,응용생물학과,응용생물학과,유지,유지,일반,3.83,3.63,,,,,,,고교생활우수자Ⅰ,3.75,3.69,,,,70.1,국수탐(2),4/2,,,,,,,,,,,,,,,,,,,,,
충청권,충남,서산시,한서대,자연,공학전공자율학과,전공자율선택(공학계열),유지,변경,학생부교과1,5.75,4.87,학생부교과2,5.4,5.1,,,,,,,,,,70.1,"국수영 중 2개, 탐구(1)",-/-,,,,,,,,,,,,,,,,,,,,,
경상권,경남,창원시,국립창원대,인문,국제관계학과,국제관계학과,유지,유지,학업성적우수자,4.41,4.33,,,,,,,계열적합인재,5.15,5.06,,,,70.1,국수영탐(1),3/-,,,,,,,,,,,,,,,,,,,,,
충청권,충남,아산시,호서대,자연,식품공학과,식품공학과,유지,유지,학생부,4.22,3.93,,,,,,,호서인재,5.01,4.84,,,,70.07,"국수영 중 2개, 탐구(1)",3/1,,,,,,,,,,,,,,,,,,,,,
충청권,충북,청주시,충북대,자연,생물학과,생물학과,유지,유지,학생부교과,2.94,2.87,,,,,,,학생부종합Ⅰ,3.02,2.89,학생부종합Ⅱ,3.22,3.2,70.0625,국수영탐(2),4/-,,,,,,,,,,,,,,,,,,,,,
충청권,충북,청주시,충북대,자연,정보통계학과,정보통계학과,유지,유지,학생부교과,3.88,3.82,,,,,,,학생부종합Ⅰ,4.39,3.92,학생부종합Ⅱ,4.09,4.01,70.0625,국수영탐(2),4/-,,,,,,,,,,,,,,,,,,,,,
경상권,경남,진주시,경상국립대,자연,전자공학부(전자공학전공/융합전자공학전공),전자공학부(전자공학전공/융합전자공학전공),유지,유지,일반,4.25,4.14,,,,,,,일반,4.25,4.14,,,,70.03125,국수영탐(2),5/-,,,,,,,,,,,,,,,,,,,,,
경상권,부산,금정구,부산대,,유아교육과,유아교육과,폐지,유지,학생부교과,3.22,3.1,,,,,,,,,,,,,70.03125,국수영탐(2),3/2,,,,,,,,,,,,,,,,,,,,,
경상권,부산,남구,국립부경대,자연,위성정보융합공학전공,위성정보융합공학전공,,,교과성적우수인재,3.82,3.78,일반,,4.15,,,,학교생활우수인재,,4.01,,,,70.01563,국수영탐(2),4/4,,,,,,,,,,,,,,,,,,,,,
충청권,충북,청주시,청주대,인문,영어영문학과,영어영문학과,변경,유지,교과우수,4.25,4.25,담임추천,5,5,일반,4.13,3.75,,,,,,,70.005,국수영탐(2) 중 3개,4/4,,,,,,,,,,,,,,,,,,,,,
경상권,경북,경산시,경일대,자연,간호학과,간호학과,유지,유지,면접,3.52,,일반,2.63,,,,,학생부종합,3.15,,,,,70,국수영탐(1),4/2,,,,,,,,,,,,,,,,,,,,,
충청권,충남,천안시,남서울대,인문,관광경영학과,관광경영학과,유지,유지,교과+면접,5.57,5.57,일반,4.27,3.97,,,,학생부종합 서류형,,,,,,70,국수영탐(1) 중 2개,-/-,,,,,,,,,,,,,,,,,,,,,
충청권,충남,천안시,남서울대,인문,영어과,영어과,유지,유지,교과+면접,5.57,4.7,일반,4.53,4.37,,,,학생부종합 서류형,,,,,,70,국수영탐(1) 중 2개,3/-,,,,,,,,,,,,,,,,,,,,,
경상권,부산,부산진구,동의대,자연,간호학과,간호학과,유지,유지,일반고교과,2.33,2.25,,,,,,,학교생활우수자(면접),4.08,4,,,,70,국수영탐(2),4/5,,,,,,,,,,,,,,,,,,,,,
경상권,부산,금정구,부산대,인문,영어영문학과,영어영문학과,유지,유지,학생부교과,3.4,2.81,,,,,,,학생부종합,2.73,2.68,,,,70,국수영탐(2),2/4,,,,,,,,,,,,,,,,,,,,,
강원권,강원,원주시,상지대,자연,작업치료학과,작업치료학과,유지,유지,교과일반,4.71,4.52,,,,,,,종합일반,4.23,4.35,,,,70,국수영탐(2) 중 2개,3/3,,,,,,,,,,,,,,,,,,,,,
충청권,충북,청주시,서원대,자연,수학교육과,수학교육과,유지,유지,일반,3.1,3,,,,,,,,,,,,,70,"국수탐(1) 중 2개, 영어",4/7,,,,,,,,,,,,,,,,,,,,,
강원권,강원,원주시,연세대(미래),자연,소프트웨어학부,소프트웨어학부,,,교과우수자,4.79,4.51,,,,,,,학교생활우수자,4.81,4.55,,,,70,국수영탐(1),3/3,,,,,,,,,,,,,,,,,,,,,
경상권,경북,경산시,영남대,인문,경찰행정학과,경찰행정학과,,,일반학생,3.48,3.39,,,,,,,잠재능력우수자,3.86,3.69,,,,70,국수영탐(2),-/-,,,,,,,,,,,,,,,,,,,,,
전라권,광주,북구,전남대,자연,생물학과,생물학과,유지,유지,일반,3.1,3.09,,,,,,,고교생활우수자Ⅰ,3.55,3.51,,,,70,국수탐(2),3/2,,,,,,,,,,,,,,,,,,,,,
경상권,경남,진주시,경상국립대,인문,교육학과,교육학과,유지,유지,일반,3.85,3.85,,,,,,,일반,3.85,3.85,,,,69.96875,국수영탐(2),3/-,,,,,,,,,,,,,,,,,,,,,
강원권,강원,강릉시,가톨릭관동대,자연,치위생학과,치위생학과,유지,유지,일반,4.13,4.06,,,,,,,일반,5.11,4.98,,,,69.95,"국수탐(2) 중 2개, 영",4/-,,,,,,,,,,,,,,,,,,,,,
전라권,광주,북구,전남대,자연,산림자원학과,산림자원학과,유지,유지,일반,3.77,3.48,,,,,,,고교생활우수자Ⅰ,3.58,3.56,,,,69.95,국수탐(2),3/2,,,,,,,,,,,,,,,,,,,,,
전라권,광주,북구,전남대,인문,일어일문학과,일어일문학과,유지,유지,일반,2.7,2.7,,,,,,,고교생활우수자Ⅰ,4.28,3.86,,,,69.95,국수탐(2),4/3,,,,,,,,,,,,,,,,,,,,,
서울,서울,노원구,광운대,자연,전자공학과,전자공학과,유지,유지,지역균형,1.85,1.7,,,,,,,광운참빛인재Ⅰ-면접형,2.97,2.53,광운참빛인재Ⅱ-서류형,2.78,2.38,69.93833,국수영탐(2),3/2,,,,,,,,,,,,,,,,,,,,,
경상권,부산,금정구,부산대,인문,심리학과,심리학과,유지,유지,학생부교과,2.94,2.89,,,,,,,,,,,,,69.9375,국수영탐(2),2/3,,,,,,,,,,,,,,,,,,,,,
경상권,부산,금정구,부산대,자연,정보컴퓨터공학부(디자인테크놀로지전공),디자인학과(디자인앤테크놀로지전공),유지,변경,학생부교과,3.39,2.65,,,,,,,,,,,,,69.9375,국수영탐(2),1/3,,,,,,,,,,,,,,,,,,,,,
경상권,경북,경산시,대구대,인문,경찰학부(경찰행정학전공),경찰학부(경찰행정학전공),유지,유지,일반,4.4,3.7,,,,,,,서류,4.68,4.45,,,,69.9,국수영탐(1),4/3,,,,,,,,,,,,,,,,,,,,,
강원권,강원,원주시,상지대,자연,보건계열,보건계열,유지,유지,교과일반,5.22,4.81,,,,,,,종합일반,4.05,3.86,,,,69.9,국수영탐(2) 중 2개,3/4,,,,,,,,,,,,,,,,,,,,,
전라권,광주,북구,전남대,자연,의류학과,의류학과,유지,유지,일반,3.56,3.47,,,,,,,고교생활우수자Ⅰ,3.83,3.68,,,,69.9,국수탐(2),2/3,,,,,,,,,,,,,,,,,,,,,
전라권,광주,북구,전남대,인문,특수교육학부,특수교육학부,유지,유지,일반,3.7,3.63,,,,,,,고교생활우수자Ⅰ,3.79,3.69,,,,69.9,국수탐(2),4/1,,,,,,,,,,,,,,,,,,,,,
충청권,충남,아산시,호서대,자연,화장품과학과,화장품과학과,유지,유지,학생부,3.86,3.67,,,,,,,호서인재,4.46,4.42,,,,69.86,"국수영 중 2개, 탐구(1)",3/1,,,,,,,,,,,,,,,,,,,,,
전라권,광주,북구,전남대,자연,지구환경과학부,지구환경과학부,유지,유지,일반,3.65,3.64,,,,,,,고교생활우수자Ⅰ,3.85,3.8,,,,69.85,국수탐(2),3/2,,,,,,,,,,,,,,,,,,,,,
전라권,전북,전주시,전북대,자연,스마트팜학과,스마트팜학과,유지,유지,일반학생,4.51,3.95,,,,,,,큰사람,4.07,3.86,,,,69.85,국수탐(2),4/3,,,,,,,,,,,,,,,,,,,,,
강원권,강원,춘천시,강원대,자연,생명과학과,생명과학과,명칭변경,유지,일반,3.59,3.3,,,,,,,미래인재Ⅰ,4.15,3.94,미래인재Ⅱ,3.38,3.14,69.8,국수영탐(2),5/1,,,,,,,,,,,,,,,,,,,,,
충청권,충남,천안시,백석대,인문,사회복지학부,사회복지학부,유지,유지,백석인재,6.16,5.87,일반,4.86,4.72,,,,창의인재,5.71,5.23,,,,69.8,"국수영 중 2개, 탐구(1)",4/-,,,,,,,,,,,,,,,,,,,,,
전라권,광주,북구,전남대,인문,독일언어문학과,독일언어문학과,유지,유지,일반,3.94,3.48,,,,,,,고교생활우수자Ⅰ,4.4,4.09,,,,69.8,국수탐(2),4/2,,,,,,,,,,,,,,,,,,,,,
전라권,전북,전주시,전주대,자연,게임콘텐츠학과,게임콘텐츠학과,유지,유지,일반학생(교과),6.43,5.85,,,,,,,일반학생(종합),6.79,6.19,,,,69.8,"국수영 중 2개, 탐구(1)",4/5,,,,,,,,,,,,,,,,,,,,,
전라권,전북,전주시,전주대,인문,영어교육과,영어교육과,유지,유지,일반학생(교과),5.12,4.8,,,,,,,일반학생(종합),5.27,4.59,,,,69.8,"국수영 중 2개, 탐구(1)",2/5,,,,,,,,,,,,,,,,,,,,,
충청권,세종,세종,고려대(세종),자연,미래모빌리티학과,미래모빌리티학과,유지,유지,일반,3.5,3.5,,,,,,,크림슨인재,4.24,4.13,,,,69.75,국수영탐(2),4/-,,,,,,,,,,,,,,,,,,,,,
전라권,광주,동구,조선대,인문,무역학과,무역학과,유지,유지,일반,6.68,5.86,,,,,,,면접,5.81,5.81,서류,6.96,6.29,69.75,국수영탐(1),3/5,,,,,,,,,,,,,,,,,,,,,
경인권,경기,용인시,한국외대,인문,체코ㆍ슬로바키아학과,체코ㆍ슬로바키아학과,유지,유지,학교장추천,190.21,190.92,,,,,,,학생부종합(면접형),5.48,5.08,학생부종합(서류형),4.59,4.37,69.75,국수영탐(2),3/1,,,,,,,,,,,,,,,,,,,,,
충청권,대전,동구,우송대,자연,응급구조학과,응급구조학과,유지,유지,교과중심,4.3,4,면접,4.333333,4.096491,우송인재,4.583333,4.333333,면접형,,5.604,서류형,,5.28725,69.733,국수영탐(1) 중 2개,-/-,,,,,,,,,,,,,,,,,,,,,
충청권,세종,세종,고려대(세종),자연,스마트도시학부,스마트도시학부,유지,유지,일반,3.53,3.53,,,,,,,크림슨인재,4.1,3.96,,,,69.6875,국수영탐(2),4/-,,,,,,,,,,,,,,,,,,,,,
충청권,충북,청주시,충북대,자연,지구과학교육과,지구과학교육과,유지,유지,학생부교과,3.1,2.94,,,,,,,학생부종합Ⅰ,3.3,3.24,,,,69.6875,국수영탐(2),-/-,,,,,,,,,,,,,,,,,,,,,
충청권,충북,청주시,청주대,인문,사회복지학과,사회복지학과,변경,유지,교과우수,5,4.63,담임추천,4.13,4.25,일반,4.25,3.75,,,,,,,69.672,국수영탐(2) 중 3개,4/4,,,,,,,,,,,,,,,,,,,,,
충청권,충북,청주시,청주대,자연,시스템반도체공학과,시스템반도체공학과,변경,유지,교과우수,5.13,4.75,담임추천,5.13,4.75,일반,4.5,3.88,,,,,,,69.672,국수영탐(2) 중 3개,4/4,,,,,,,,,,,,,,,,,,,,,
충청권,충북,청주시,청주대,자연,전자공학과,전자공학과,변경,유지,교과우수,5.13,5.38,담임추천,5.13,5.38,일반,4.75,4.5,,,,,,,69.672,국수영탐(2) 중 3개,4/4,,,,,,,,,,,,,,,,,,,,,
충청권,충북,청주시,청주대,자연,토목공학과,토목공학과,변경,유지,교과우수,5.88,6,담임추천,4.88,4.88,일반,4.38,4.5,,,,,,,69.672,국수영탐(2) 중 3개,4/4,,,,,,,,,,,,,,,,,,,,,
충청권,충북,청주시,청주대,인문,항공서비스학과,항공서비스학과,유지,유지,일반,3.63,3.13,창의면접,6.13,3.88,,,,,,,,,,69.672,국수영탐(2) 중 3개,4/4,,,,,,,,,,,,,,,,,,,,,
강원권,강원,원주시,연세대(미래),자연,작업치료학과,작업치료학과,,,교과우수자,3.63,3.22,,,,,,,학교생활우수자,3.88,3.88,,,,69.66667,국수영탐(1),3/3,,,,,,,,,,,,,,,,,,,,,
전라권,전북,익산시,원광대,자연,간호학과,간호학과,유지,유지,,,,,,,,,,학생부종합,3.87,3.75,,,,69.66667,국수영탐(2),3/1,,,,,,,,,,,,,,,,,,,,,
충청권,대전,대덕구,한남대,인문,법학부(법학/법무법학),법학부,유지,변경,일반,5.24,4.81,,,,,,,한남인재Ⅰ,6.26,5.54,,,,69.66667,"수영탐(1) 중 2개, 국어",4/2,,,,,,,,,,,,,,,,,,,,,
충청권,대전,대덕구,한남대,인문,응용영어콘텐츠학과,응용영어콘텐츠학과,유지,유지,일반,5.85,5.54,,,,,,,한남인재Ⅰ,6.25,6.25,,,,69.66667,"수영탐(1) 중 2개, 국어",3/5,,,,,,,,,,,,,,,,,,,,,
경인권,경기,용인시,한국외대,인문,세르비아•크로아티아학과,세르비아•크로아티아학과,유지,유지,학교장추천,190.11,190.77,,,,,,,학생부종합(면접형),5.43,4.41,학생부종합(서류형),4.4,4.39,69.6625,국수영탐(2),3/2,,,,,,,,,,,,,,,,,,,,,
경상권,부산,남구,국립부경대,인문,해양수산경영경제학부,해양수산경영경제학부,,,교과성적우수인재,3.5,3.48,일반,3.62,3.62,,,,학교생활우수인재,4.02,3.88,,,,69.65625,국수영탐(2),4/3,,,,,,,,,,,,,,,,,,,,,
충청권,대전,대덕구,한남대,자연,기계공학과,기계공학과,유지,유지,일반,4.86,4.71,,,,,,,한남인재Ⅰ,5.46,5.41,,,,69.653,"국영탐(1) 중 2개, 수학",4/4,,,,,,,,,,,,,,,,,,,,,
충청권,대전,대덕구,한남대,자연,전기전자공학과,전기전자공학과,유지,유지,일반,4.4,3.43,,,,,,,한남인재Ⅰ,4.86,4.85,한남인재Ⅱ,5.33,4.86,69.653,"국영탐(1) 중 2개, 수학",4/4,,,,,,,,,,,,,,,,,,,,,
충청권,대전,유성구,한남대,자연,생명시스템과학과,생명시스템과학과,유지,유지,일반,5.55,5.11,,,,,,,한남인재Ⅰ,6.18,5.4,,,,69.651,"국영탐(1) 중 2개, 수학",4/2,,,,,,,,,,,,,,,,,,,,,
경상권,경남,창원시,창신대,자연,간호학과,간호학과,유지,유지,일반계고교,4.48,4.18,창신인재면접,4.73,4.46,,,,,,,,,,69.65,국수영탐(1),4/4,,,,,,,,,,,,,,,,,,,,,
경상권,울산,남구,울산대,자연,건축•도시환경학부,건축•도시환경학부,유지,유지,일반교과,4.7,4.22,,,,,,,잠재역량,,5.9,,,,69.64565,국수영탐(1)한,4/3,,,,,,,,,,,,,,,,,,,,,
서울,서울,노원구,광운대,자연,로봇학부 정보제어·지능시스템공학부,로봇학부 정보제어·지능시스템공학부,,폐지,지역균형,2.61,2.53,,,,,,,광운참빛인재Ⅰ-면접형,3.74,3.29,광운참빛인재Ⅱ-서류형,3.63,3.31,69.60194,국수영탐(2),3/2,,,,,,,,,,,,,,,,,,,,,
서울,서울,노원구,광운대,인문,미디어커뮤니케이션학부,미디어커뮤니케이션학부,유지,유지,지역균형,2.47,2.18,,,,,,,광운참빛인재Ⅰ-면접형,3.6,2.96,광운참빛인재Ⅱ-서류형,2.9,2.65,69.60194,국수영탐(2),3/2,,,,,,,,,,,,,,,,,,,,,
서울,서울,노원구,광운대,인문,법학부,법학부,유지,유지,지역균형,2.49,2.4,,,,,,,광운참빛인재Ⅰ-면접형,4.07,3.02,광운참빛인재Ⅱ-서류형,3.35,2.69,69.60194,국수영탐(2),3/2,,,,,,,,,,,,,,,,,,,,,
서울,서울,노원구,광운대,인문,산업심리학과,산업심리학과,유지,유지,지역균형,2.45,2.3,,,,,,,광운참빛인재Ⅰ-면접형,2.86,2.71,광운참빛인재Ⅱ-서류형,3.18,2.98,69.60194,국수영탐(2),3/2,,,,,,,,,,,,,,,,,,,,,
서울,서울,노원구,광운대,인문,행정학과,행정학과,유지,유지,지역균형,2.62,2.44,,,,,,,광운참빛인재Ⅰ-면접형,3.01,2.78,광운참빛인재Ⅱ-서류형,3.32,2.88,69.60194,국수영탐(2),3/2,,,,,,,,,,,,,,,,,,,,,
강원권,강원,강릉시,가톨릭관동대,자연,수학교육과,수학교육과,유지,유지,일반,4.01,3.86,,,,,,,일반,4.66,4.66,,,,69.6,"국수탐(2) 중 2개, 영",5/-,,,,,,,,,,,,,,,,,,,,,
충청권,충남,천안시,백석대,인문,경상학부,경상학부,유지,유지,백석인재,6.33,5.37,일반,4.63,4.38,,,,창의인재,5.48,5.37,,,,69.6,"국수영 중 2개, 탐구(1)",4/-,,,,,,,,,,,,,,,,,,,,,
충청권,충남,천안시,백석대,자연,작업치료학과,작업치료학과,유지,유지,백석인재,5.04,4.8,일반,4.26,4.07,,,,창의인재,5.2,5,,,,69.6,"국수영 중 2개, 탐구(1)",4/-,,,,,,,,,,,,,,,,,,,,,
충청권,대전,동구,우송대,인문,사회복지학과,사회복지학과,유지,유지,교과중심,5.9,4.9,면접,5.833333,5.545455,우송인재,5,5,면접형,,6.9995,서류형,,6.194034,69.6,국수영탐(1) 중 2개,-/-,,,,,,,,,,,,,,,,,,,,,
전라권,광주,북구,전남대,인문,문화인류고고학과,문화인류고고학과,유지,유지,일반,3.21,3.21,,,,,,,고교생활우수자Ⅰ,4.22,4.19,,,,69.6,국수탐(2),3/1,,,,,,,,,,,,,,,,,,,,,
서울,서울,송파구,한국체대,예체능,스포츠청소년지도학과,스포츠청소년지도학과,유지,유지,교과성적우수자,2.82,2.74,,,,,,,,,,,,,69.6,"국수영 중 2개, 탐(1)",4/6,,,,,,,,,,,,,,,,,,,,,
충청권,세종,세종,고려대(세종),자연,신소재화학과,신소재화학과,유지,유지,일반,2.93,2.93,,,,,,,크림슨인재,3.49,3.31,,,,69.59375,국수영탐(2),4/-,,,,,,,,,,,,,,,,,,,,,
전라권,광주,북구,전남대,인문,교육학과,교육학과,유지,유지,일반,,2.76,,,,,,,고교생활우수자Ⅰ,,3.2,,,,69.55,국수탐(2),2/1,,,,,,,,,,,,,,,,,,,,,
충청권,충북,청주시,충북대,자연,전기공학부,전기공학부,유지,유지,학생부교과,2.96,2.79,,,,,,,학생부종합Ⅰ,3.26,3.14,학생부종합Ⅱ,3.47,3.41,69.55,국수영탐(2),4/-,,,,,,,,,,,,,,,,,,,,,
경상권,부산,남구,국립부경대,인문,미디어커뮤니케이션학부,미디어커뮤니케이션학부,,,교과성적우수인재,2.94,2.74,일반,,2,,,,학교생활우수인재,,,,,,69.52188,국수영탐(2),3/3,,,,,,,,,,,,,,,,,,,,,
서울,서울,노원구,광운대,자연,전기공학과,전기공학과,유지,유지,지역균형,2.13,1.98,,,,,,,광운참빛인재Ⅰ-면접형,2.95,2.62,광운참빛인재Ⅱ-서류형,2.71,2.56,69.5142,국수영탐(2),3/2,,,,,,,,,,,,,,,,,,,,,
서울,서울,노원구,광운대,자연,전자융합공학과,전자융합공학과,유지,유지,지역균형,2.29,2.2,,,,,,,광운참빛인재Ⅰ-면접형,3.26,2.92,광운참빛인재Ⅱ-서류형,2.93,2.79,69.51398,국수영탐(2),3/2,,,,,,,,,,,,,,,,,,,,,
경상권,울산,남구,울산대,자연,바이오메디컬헬스학부,바이오메디컬헬스학부,유지,유지,일반교과,4.2,3.88,,,,,,,잠재역량,,5.67,,,,69.51151,국수영탐(1)한,3/4,,,,,,,,,,,,,,,,,,,,,
경상권,부산,남구,국립부경대,인문,경영대학 자유전공학부,경영대학 자유전공학부,,,교과성적우수인재,3.21,3.13,,,,,,,학교생활우수인재,3.72,3.65,,,,69.5,국수영탐(2),3/2,,,,,,,,,,,,,,,,,,,,,
충청권,충남,천안시,남서울대,인문,부동산학과,부동산학과,유지,유지,교과+면접,5.4,4.9,일반,4.17,3.93,,,,학생부종합 서류형,7.3,4.78,,,,69.5,국수영탐(1) 중 2개,-/-,,,,,,,,,,,,,,,,,,,,,
충청권,충남,천안시,남서울대,예체능,스포츠비즈니스학과,스포츠비즈니스학과,유지,유지,,,,,,,,,,학생부종합 면접형,5.5,5.3,,,,69.5,국수영탐(1) 중 2개,3/-,,,,,,,,,,,,,,,,,,,,,
충청권,대전,동구,대전대,자연,건축공학과,건축공학과,유지,유지,교과면접,6,5.83,교과중점,6.28,5.75,,,,,,,,,,69.5,국수영탐(1) 중 2개,3/5,,,,,,,,,,,,,,,,,,,,,
충청권,대전,동구,대전대,자연,식품영양학과,식품영양학과,유지,유지,교과면접,5.5,5.33,교과중점,5.25,5.13,,,,혜화인재,7.15,7.05,,,,69.5,국수영탐(1) 중 2개,3/2,,,,,,,,,,,,,,,,,,,,,
경상권,경북,경산시,영남대,인문,글로벌비즈니스학과,글로벌비즈니스학과,,,일반학생,4.62,4.49,,,,,,,잠재능력우수자,6.51,5.35,,,,69.5,국수영탐(2),-/-,,,,,,,,,,,,,,,,,,,,,
서울,서울,노원구,광운대,자연,화학공학과,화학공학과,유지,유지,지역균형,1.98,1.95,,,,,,,광운참빛인재Ⅰ-면접형,3.64,2.65,광운참빛인재Ⅱ-서류형,2.84,2.4,69.49324,국수영탐(2),3/2,,,,,,,,,,,,,,,,,,,,,
서울,서울,노원구,광운대,자연,반도체시스템공학부,반도체시스템공학부,유지,유지,지역균형,2.03,1.95,,,,,,,광운참빛인재Ⅰ-면접형,3.41,2.72,광운참빛인재Ⅱ-서류형,2.79,2.47,69.46775,국수영탐(2),3/2,,,,,,,,,,,,,,,,,,,,,
경상권,부산,영도구,국립한국해양대,자연,전자전기정보공학부,전자전기정보공학부(전자정보통신공학전공),유지,유지,교과성적우수자,4.62,4.41,일반,,,,,,아치해양인재Ⅰ,,,아치해양인재Ⅱ,,,69.46667,국수영탐(2),4/2,,,,,,,,,,,,,,,,,,,,,
전라권,광주,북구,전남대,자연,식품영양과학부,식품영양과학부,유지,유지,일반,3.3,3.3,,,,,,,고교생활우수자Ⅰ,3.84,3.68,,,,69.45,국수탐(2),3/3,,,,,,,,,,,,,,,,,,,,,
경상권,부산,금정구,부산대,자연,물리학과,물리학과,유지,유지,학생부교과,3.43,3.17,,,,,,,학생부종합,3.26,3.05,,,,69.4375,국수영탐(2),3/4,,,,,,,,,,,,,,,,,,,,,
경상권,부산,영도구,국립한국해양대,인문,해사법학부,해사법학부,유지,유지,교과성적우수자,3.72,3.45,일반,,,,,,아치해양인재Ⅰ,,,아치해양인재Ⅱ,,,69.43333,국수영탐(2),2/1,,,,,,,,,,,,,,,,,,,,,
전라권,광주,동구,조선대,인문,국어국문학부,국어국문학전공,유지,유지,일반,5.69,5.54,,,,,,,,,,,,,69.4,국수영탐(1),3/3,,,,,,,,,,,,,,,,,,,,,
전라권,광주,동구,조선대,인문,국어국문학부,한국어교육전공,유지,유지,일반,7,7.05,,,,,,,,,,,,,69.4,국수영탐(1),3/3,,,,,,,,,,,,,,,,,,,,,
전라권,광주,동구,조선대,인문,국어국문학부,국어국문학부(국어국문학전공),유지,유지,,,,,,,,,,서류,6.67,6.18,,,,69.4,국수영탐(1),3/3,,,,,,,,,,,,,,,,,,,,,
경인권,경기,용인시,한국외대,인문,융합인재학부,융합인재학부,유지,유지,학교장추천,191.64,192.4,,,,,,,학생부종합(면접형),4.14,3.74,학생부종합(서류형),4.1,3.86,69.37647,국수영탐(2),3/2,,,,,,,,,,,,,,,,,,,,,
경인권,경기,용인시,경희대,예체능,스포츠지도학과,스포츠지도학과,유지,유지,지역균형,3.36,3.36,,,,,,,,,,,,,69.375,국영탐(1),3/3,,,,,,,,,,,,,,,,,,,,,
서울,서울,노원구,광운대,자연,전자통신공학과,전자통신공학과,유지,유지,지역균형,2.12,2.05,,,,,,,광운참빛인재Ⅰ-면접형,3.26,2.79,광운참빛인재Ⅱ-서류형,2.77,2.59,69.36028,국수영탐(2),3/2,,,,,,,,,,,,,,,,,,,,,
서울,서울,노원구,광운대,자연,전자재료공학과,전자재료공학과,유지,유지,지역균형,2.05,2.03,,,,,,,광운참빛인재Ⅰ-면접형,2.78,2.67,광운참빛인재Ⅱ-서류형,2.58,2.56,69.34252,국수영탐(2),3/2,,,,,,,,,,,,,,,,,,,,,
충청권,충북,청주시,청주대,인문,경찰행정학과,경찰행정학과,변경,유지,교과우수,3.88,3.63,담임추천,4.25,4,일반,3.88,4,,,,,,,69.339,국수영탐(2) 중 3개,4/4,,,,,,,,,,,,,,,,,,,,,
경상권,부산,남구,경성대,인문,윤리교육과,윤리교육과,유지,유지,일반계고교과,2.6,2.4,일반계고면접,2.8,2.8,,,,학교생활우수자,4.18,4.09,,,,69.33333,국수영탐(2),4/-,,,,,,,,,,,,,,,,,,,,,
전라권,전북,익산시,원광대,인문,소방행정·방재계열,소방행정학과,유지,변경,일반,4.08,3.99,,,,,,,학생부종합,5.29,4.91,,,,69.33333,"국수 중 1개, 영탐(1)",4/4,,,,,,,,,,,,,,,,,,,,,
충청권,충북,청주시,청주교대,인문,초등교육과,초등교육과,유지,유지,,,,,,,,,,배움나눔인재,2.69,2.53,,,,69.33333,국수영탐(2),2/-,,,,,,,,,,,,,,,,,,,,,
충청권,대전,대덕구,한남대,자연,수학과,수학과,유지,유지,일반,5.65,5.13,,,,,,,한남인재Ⅰ,5.36,4.33,,,,69.332,"국영탐(1) 중 2개, 수학",4/3,,,,,,,,,,,,,,,,,,,,,
전라권,광주,동구,조선대,인문,경제학과,경제학과,유지,유지,일반,5.99,5.89,,,,,,,면접,5.68,4.78,서류,6.35,6.05,69.325,국수영탐(1),4/4,,,,,,,,,,,,,,,,,,,,,
경상권,부산,금정구,부산대,인문,교육학과,교육학과,유지,유지,학생부교과,,,,,,,,,학생부종합,2.77,2.77,,,,69.3125,국수영탐(2),2/2,,,,,,,,,,,,,,,,,,,,,
경인권,경기,용인시,한국외대,인문,한국학과,한국학과,유지,유지,학교장추천,192.35,192.49,,,,,,,학생부종합(면접형),4.67,4.34,학생부종합(서류형),3.62,3.39,69.3,국수영탐(2),3/3,,,,,,,,,,,,,,,,,,,,,
서울,서울,노원구,광운대,자연,소프트웨어학부,소프트웨어학부,유지,유지,지역균형,2.15,1.91,,,,,,,광운참빛인재Ⅰ-면접형,2.87,2.56,광운참빛인재Ⅱ-서류형,3.02,2.52,69.29461,국수영탐(2),3/2,,,,,,,,,,,,,,,,,,,,,
서울,서울,노원구,광운대,인문,동북아문화산업학부,동북아문화산업학부,유지,유지,지역균형,2.36,2.25,,,,,,,광운참빛인재Ⅰ-면접형,5.52,3.09,광운참빛인재Ⅱ-서류형,4.86,3.19,69.28944,국수영탐(2),3/2,,,,,,,,,,,,,,,,,,,,,
서울,서울,노원구,광운대,인문,영어산업학과,영어산업학과,유지,유지,지역균형,2.3,2.18,,,,,,,광운참빛인재Ⅰ-면접형,4.66,3.03,광운참빛인재Ⅱ-서류형,3.32,3.29,69.28944,국수영탐(2),3/2,,,,,,,,,,,,,,,,,,,,,
전라권,광주,동구,조선대,자연,자연과학계열,자연과학계열(반도체화학과),유지,유지,일반,5.04,6.62,,,,,,,서류,2.7,5.84,,,,69.225,국수영탐(1),4/6,,,,,,,,,,,,,,,,,,,,,
전라권,광주,동구,조선대,자연,자연과학계열,자연과학계열(생명과학과),유지,유지,일반,5.51,5.07,,,,,,,서류,6.08,5.46,,,,69.225,국수영탐(1),4/6,,,,,,,,,,,,,,,,,,,,,
전라권,광주,동구,조선대,자연,자연과학계열,자연과학계열(융합수리과학부),유지,유지,일반,,,,,,,,,,,,,,,69.225,국수영탐(1),4/6,,,,,,,,,,,,,,,,,,,,,
전라권,광주,동구,조선대,자연,자연과학계열,자연과학계열(의생명과학과),유지,변경,일반,5.29,4.62,,,,,,,서류,5.15,5.38,,,,69.225,국수영탐(1),4/6,,,,,,,,,,,,,,,,,,,,,
전라권,광주,동구,조선대,자연,자연과학계열,자연과학계열(컴퓨터통계학과),유지,유지,일반,6.85,6.24,,,,,,,,,,,,,69.225,국수영탐(1),4/6,,,,,,,,,,,,,,,,,,,,,
전라권,광주,동구,조선대,자연,컴퓨터통계학과,컴퓨터통계학과,폐지,폐지,,,,,,,,,,서류,,,,,,69.225,국수영탐(1),4/6,,,,,,,,,,,,,,,,,,,,,
서울,서울,노원구,광운대,자연,건축학과,건축학과,유지,유지,지역균형,2.11,1.99,,,,,,,광운참빛인재Ⅰ-면접형,3.34,2.8,광운참빛인재Ⅱ-서류형,3.04,2.98,69.21579,국수영탐(2),3/2,,,,,,,,,,,,,,,,,,,,,
충청권,대전,서구,목원대,인문,마케팅빅데이터학과,마케팅빅데이터학과,유지,유지,교과,3.88,3.68,,,,,,,,,,,,,69.2,국수영탐탐한 중 2개,5/4,,,,,,,,,,,,,,,,,,,,,
충청권,대전,서구,목원대,인문,사회복지상담학부,사회복지학과,유지,유지,교과,4.38,4.09,,,,,,,학생부종합,4,4.15,,,,69.2,국수영탐탐한 중 2개,5/4,,,,,,,,,,,,,,,,,,,,,
충청권,대전,서구,목원대,자연,식품제약학부,식품제약학부,유지,유지,교과,4.13,3.65,,,,,,,,,,,,,69.2,국수영탐탐한 중 2개,5/4,,,,,,,,,,,,,,,,,,,,,
충청권,대전,서구,목원대,자연,응급구조학과,응급구조학과,유지,유지,교과,3.38,3.27,,,,,,,,,,,,,69.2,국수영탐탐한 중 2개,5/4,,,,,,,,,,,,,,,,,,,,,
충청권,대전,서구,목원대,공통,자율전공학부,자율전공학부,유지,유지,교과,5,4.64,,,,,,,,,,,,,69.2,국수영탐탐한 중 2개,5/4,,,,,,,,,,,,,,,,,,,,,
충청권,충남,천안시,백석대,자연,컴퓨터공학부,컴퓨터공학부,유지,유지,백석인재,,5.21,일반,5.05,4.8,,,,창의인재,5.74,5.58,,,,69.2,"국수영 중 2개, 탐구(1)",3/-,,,,,,,,,,,,,,,,,,,,,
경인권,경기,용인시,한국외대,인문,헝가리학과,헝가리학과,유지,유지,학교장추천,192.8,193.52,,,,,,,학생부종합(면접형),5.54,5.45,학생부종합(서류형),3.96,3.96,69.175,국수영탐(2),2/3,,,,,,,,,,,,,,,,,,,,,
서울,서울,노원구,광운대,자연,컴퓨터정보공학부,컴퓨터정보공학부,유지,유지,지역균형,2.29,2.16,,,,,,,광운참빛인재Ⅰ-면접형,5.07,2.94,광운참빛인재Ⅱ-서류형,3.91,2.46,69.15466,국수영탐(2),3/2,,,,,,,,,,,,,,,,,,,,,
경상권,부산,남구,국립부경대,인문,경제학과,경제학과,,,교과성적우수인재,3.45,3.31,일반,3.28,3.17,,,,학교생활우수인재,3.78,3.72,,,,69.125,국수영탐(2),3/3,,,,,,,,,,,,,,,,,,,,,
제주권,제주,제주시,제주대,인문,지리교육과,지리교육과,유지,유지,일반학생,3.99,3.9,,,,,,,일반학생,4.46,4.25,,,,69.11,국수영탐(2),4/3,,,,,,,,,,,,,,,,,,,,,
경상권,부산,금정구,부산대,자연,사회기반시스템공학과,사회기반시스템공학과,유지,유지,학생부교과,3.43,3.4,,,,,,,학생부종합,3.16,3.11,,,,69.0625,국수영탐(2),2/3,,,,,,,,,,,,,,,,,,,,,
경상권,부산,금정구,부산대,인문,한문학과,한문학과,유지,유지,학생부교과,3.74,3.69,,,,,,,학생부종합,3.92,3.51,,,,69.0625,국수영탐(2),3/4,,,,,,,,,,,,,,,,,,,,,
경상권,경북,경산시,대구가톨릭대,인문,경찰행정학과,경찰행정학과,유지,유지,교과,4.21,3.79,,,,,,,가톨릭지도자추천,6.46,5.68,종합,4.18,3.92,69.05,국수영탐(1) 중 3개,5/4,,,,,,,,,,,,,,,,,,,,,
경상권,경북,경산시,대구가톨릭대,인문,군사학과,군사학과,유지,유지,교과,5.2,4.84,,,,,,,종합,5.76,5.54,,,,69.05,국수영탐(1) 중 3개,5/4,,,,,,,,,,,,,,,,,,,,,
경상권,경북,경산시,대구가톨릭대,인문,문헌정보학과,문헌정보학과,유지,유지,교과,5.12,4.59,,,,,,,종합,4.97,4.84,,,,69.05,국수영탐(1) 중 3개,5/4,,,,,,,,,,,,,,,,,,,,,
경상권,경북,경산시,대구가톨릭대,인문,미디어영상광고홍보학부,미디어영상광고홍보학부,유지,유지,교과,5.22,4.75,,,,,,,종합,5.63,5.21,,,,69.05,국수영탐(1) 중 3개,5/4,,,,,,,,,,,,,,,,,,,,,
경상권,경북,경산시,대구가톨릭대,인문,사회복지학과,사회복지학과,유지,유지,교과,5.86,5.21,,,,,,,가톨릭지도자추천,5.17,5.17,종합,6.08,5.63,69.05,국수영탐(1) 중 3개,5/4,,,,,,,,,,,,,,,,,,,,,
경상권,경북,경산시,대구가톨릭대,인문,심리학과,심리학과,유지,유지,교과,3.43,2.83,,,,,,,종합,4.6,4.05,,,,69.05,국수영탐(1) 중 3개,5/4,,,,,,,,,,,,,,,,,,,,,
경상권,경북,경산시,대구가톨릭대,인문,아동학과,아동학과,유지,유지,교과,4.82,4.42,,,,,,,종합,5.39,5.21,,,,69.05,국수영탐(1) 중 3개,5/4,,,,,,,,,,,,,,,,,,,,,
경상권,경북,경산시,대구가톨릭대,인문,행정법무학과,행정법무학과,유지,유지,교과,5.16,4.21,,,,,,,종합,8.29,7.8,,,,69.05,국수영탐(1) 중 3개,5/4,,,,,,,,,,,,,,,,,,,,,
전라권,광주,북구,전남대,자연,에너지자원공학과,에너지자원공학과,유지,유지,일반,3.83,3.78,,,,,,,고교생활우수자Ⅰ,3.62,3.61,,,,69.05,국수탐(2),3/2,,,,,,,,,,,,,,,,,,,,,
서울,서울,노원구,광운대,자연,환경공학과,환경공학과,유지,유지,지역균형,1.96,1.82,,,,,,,광운참빛인재Ⅰ-면접형,3.15,2.87,광운참빛인재Ⅱ-서류형,2.75,2.61,69.0324,국수영탐(2),3/2,,,,,,,,,,,,,,,,,,,,,
충청권,충북,충주시,국립한국교통대,인문,커뮤니케이션디자인학과,커뮤니케이션디자인학과,유지,유지,일반,,,,,,,,,나비인재Ⅱ,4.52,4.41,,,,69.011,국수영탐(1) 중 3개,5/-,,,,,,,,,,,,,,,,,,,,,
충청권,충북,청주시,청주대,자연,건축공학과,건축공학과,변경,유지,교과우수,4.63,4.88,담임추천,6,6,일반,4.13,4.25,,,,,,,69.006,국수영탐(2) 중 3개,4/4,,,,,,,,,,,,,,,,,,,,,
충청권,충북,청주시,청주대,자연,무인항공기학과,무인항공기학과,변경,유지,교과우수,4.75,4.38,담임추천,6.13,5.38,일반,4.88,4.88,,,,,,,69.006,국수영탐(2) 중 3개,4/4,,,,,,,,,,,,,,,,,,,,,
충청권,충북,청주시,청주대,인문,문헌정보학과,문헌정보학과,변경,유지,교과우수,3.5,3,담임추천,4.25,4.13,일반,3.25,3.25,,,,,,,69.006,국수영탐(2) 중 3개,4/4,,,,,,,,,,,,,,,,,,,,,
충청권,충북,청주시,청주대,자연,인공지능소프트웨어학과,인공지능소프트웨어학과,변경,유지,교과우수,5.25,5.13,담임추천,5,4.88,일반,3.75,3.5,,,,,,,69.006,국수영탐(2) 중 3개,4/4,,,,,,,,,,,,,,,,,,,,,
충청권,충남,논산시,건양대,인문,스마트팜학부,호텔관광학과,유지,변경,일반학생[교과],5.76,4.74,,,,,,,,,,,,,69,국수영탐(1) 중 2개,3/7,,,,,,,,,,,,,,,,,,,,,
서울,서울,성북구,국민대,예체능,스포츠산업레저학과,스포츠산업레저학과,,유지(전형내폐지),,,,,,,,,,국민프런티어,2.74,2.74,,,,69,국영탐(2),3/4,,,,,,,,,,,,,,,,,,,,,
충청권,대전,동구,대전대,인문,물류통상학과,물류통상학과,유지,유지,교과면접,5.83,5.83,교과중점,6.63,6.03,,,,,,,,,,69,국수영탐(1) 중 2개,4/6,,,,,,,,,,,,,,,,,,,,,
경상권,부산,사상구,동서대,자연,간호학과,간호학과,유지,유지,고교생활우수자,2.7,2.6,일반계교과,2.2,2,학생부면접,2.8,2.7,학생부종합,4.88,3.98,,,,69,국수영탐(1),3/-,,,,,,,,,,,,,,,,,,,,,
경상권,부산,사하구,동아대,자연,도시공학과,도시공학과,유지,유지,교과성적우수자,4.17,4.17,,,,,,,잠재능력우수자,6.01,5.51,학교생활우수자,5.28,4.76,69,국수영탐(2),-/-,,,,,,,,,,,,,,,,,,,,,
충청권,대전,대덕구,한남대,예체능,패션디자인학과,패션디자인학과,유지,유지,일반,4.18,3.8,,,,,,,창업인재,4.91,4.91,한남인재Ⅰ,4.16,3.78,69,"수영탐(1) 중 2개, 국어",4/6,,,,,,,,,,,,,,,,,,,,,
충청권,충남,천안시,국립공주대,자연,전기전자제어공학부,전기전자제어공학부,유지,유지,교과Ⅰ,4.65,4.53,교과Ⅱ,4.65,4.57,,,,일반,4.64,4.36,,,,68.987,"국영탐(1) 중 2개, 수학",3/-,,,,,,,,,,,,,,,,,,,,,
경상권,부산,남구,국립부경대,인문,국제지역학부,국제지역학부,,,교과성적우수인재,3.55,3.36,일반,,2,,,,학교생활우수인재,4.79,4.12,,,,68.98438,국수영탐(2),3/3,,,,,,,,,,,,,,,,,,,,,
서울,서울,노원구,광운대,인문,국어국문학과,국어국문학과,유지,유지,지역균형,2.73,2.7,,,,,,,광운참빛인재Ⅰ-면접형,3.5,2.84,광운참빛인재Ⅱ-서류형,3.04,2.75,68.97694,국수영탐(2),3/2,,,,,,,,,,,,,,,,,,,,,
서울,서울,노원구,광운대,자연,건축공학과,건축공학과,유지,유지,지역균형,2.26,2.26,,,,,,,광운참빛인재Ⅰ-면접형,3.87,2.94,광운참빛인재Ⅱ-서류형,2.86,2.82,68.97187,국수영탐(2),3/2,,,,,,,,,,,,,,,,,,,,,
서울,서울,노원구,광운대,자연,수학과,수학과,유지,유지,지역균형,2.18,2.15,,,,,,,광운참빛인재Ⅰ-면접형,3.61,2.84,광운참빛인재Ⅱ-서류형,3.11,3.07,68.97181,국수영탐(2),3/2,,,,,,,,,,,,,,,,,,,,,
충청권,세종,세종,고려대(세종),자연,전자·기계융합공학과,전자·기계융합공학과,유지,유지,일반,4.67,3.56,,,,,,,크림슨인재,4.04,3.89,,,,68.90625,국수영탐(2),3/-,,,,,,,,,,,,,,,,,,,,,
전라권,전북,군산시,국립군산대,자연,수산생명의학과,수산생명의학과,유지,유지,일반,4.67,4.27,,,,,,,일반학생,5.9,5.64,,,,68.9,국수영탐(2),4/2,,,,,,,,,,,,,,,,,,,,,
전라권,광주,북구,전남대,인문,불어불문학과,불어불문학과,유지,유지,일반,3.66,3.49,,,,,,,고교생활우수자Ⅰ,4.92,4.64,,,,68.9,국수탐(2),3/3,,,,,,,,,,,,,,,,,,,,,
전라권,광주,북구,전남대,자연,조경학과,조경학과,유지,유지,일반,3.47,3.35,,,,,,,고교생활우수자Ⅰ,4.13,3.69,,,,68.9,국수탐(2),3/2,,,,,,,,,,,,,,,,,,,,,
충청권,충남,태안군,한서대,자연,헬리콥터조종학과,헬리콥터조종학과,유지,유지,학생부교과1,2,1.75,학생부교과2,3.5,2.9,한서인재,3.12,2.62,융합인재,,2.5,,,,68.9,"국수영 중 2개, 탐구(1)",-/-,,,,,,,,,,,,,,,,,,,,,
충청권,충남,아산시,호서대,자연,소방방재학과,소방방재학과,유지,유지,학생부,3.83,3.58,,,,,,,호서인재,4.87,4.64,,,,68.9,"국수영 중 2개, 탐구(1)",3/1,,,,,,,,,,,,,,,,,,,,,
서울,서울,노원구,광운대,자연,화학과,화학과,유지,유지,지역균형,2.02,1.99,,,,,,,광운참빛인재Ⅰ-면접형,3,2.69,광운참빛인재Ⅱ-서류형,2.65,2.21,68.88059,국수영탐(2),3/2,,,,,,,,,,,,,,,,,,,,,
경상권,부산,남구,국립부경대,자연,전기공학부,전기공학부,,,교과성적우수인재,3.07,2.98,일반,2.88,2,,,,학교생활우수인재,3.52,3.42,,,,68.85,국수영탐(2),3/3,,,,,,,,,,,,,,,,,,,,,
충청권,세종,세종,고려대(세종),자연,식품생명공학과,식품생명공학과,유지,유지,일반,3.92,3.77,,,,,,,크림슨인재,3.9,3.74,,,,68.84375,국수영탐(2),3/-,,,,,,,,,,,,,,,,,,,,,
충청권,충북,청주시,청주대,인문,경영학과,경영학과,변경,유지,교과우수,4.38,4.13,담임추천,4.38,3.75,일반,4.5,4.38,,,,,,,68.8395,국수영탐(2) 중 3개,4/4,,,,,,,,,,,,,,,,,,,,,
충청권,세종,세종,고려대(세종),인문,문화유산융합학부,문화유산융합학부,유지,유지,일반,3.88,3.68,,,,,,,크림슨인재,4.02,3.86,,,,68.78125,국수영탐(2),2/-,,,,,,,,,,,,,,,,,,,,,
서울,서울,노원구,광운대,인문,국제학부,국제학부,유지,유지,지역균형,2.63,2.57,,,,,,,광운참빛인재Ⅰ-면접형,3.63,2.99,광운참빛인재Ⅱ-서류형,2.94,2.7,68.75224,국수영탐(2),3/2,,,,,,,,,,,,,,,,,,,,,
경상권,부산,금정구,부산대,인문,아동가족학과,아동가족학과,유지,유지,학생부교과,3.32,3.2,,,,,,,학생부종합,3.18,3.12,,,,68.75,국수영탐(2),3/3,,,,,,,,,,,,,,,,,,,,,
충청권,세종,세종,홍익대(세종),인문,상경학부,상경학부,유지,유지,교과우수자,4.35,4.13,,,,,,,학교생활우수자,4.88,4.75,,,,68.75,"국수 중 1개, 영탐(2)",3/1,,,,,,,,,,,,,,,,,,,,,
충청권,충남,아산시,호서대,자연,반도체공학과,반도체공학과,유지,유지,학생부,4.25,4.08,,,,,,,호서인재,5.14,4.91,,,,68.72,"국수영 중 2개, 탐구(1)",3/1,,,,,,,,,,,,,,,,,,,,,
전라권,전남,목포시,국립목포해양대,인문,해양경찰학부,해양경찰학부,유지,유지,누구나,4.5,4.33,학생부성적우수자,4.9,4.44,,,,,,,,,,68.7,국수영탐(2),3/3,,,,,,,,,,,,,,,,,,,,,
충청권,충북,청주시,청주대,인문,경제통상학과,경제통상학과,변경,유지,교과우수,5.5,5.25,담임추천,5.5,5.5,일반,5.13,4.88,,,,,,,68.673,국수영탐(2) 중 3개,4/4,,,,,,,,,,,,,,,,,,,,,
충청권,충북,청주시,청주대,자연,에너지융합공학과,에너지융합공학과,변경,유지,교과우수,6,5.63,담임추천,6,6,일반,6.25,6,,,,,,,68.673,국수영탐(2) 중 3개,4/4,,,,,,,,,,,,,,,,,,,,,
경상권,부산,금정구,부산가톨릭대,자연,간호학과,간호학과,유지,유지,교과성적우수자,2.2,2.1,,,,,,,가톨릭지도자추천,3.61,3.54,고교학생부,3.69,3.57,68.66667,국수영탐(2),5/1,,,,,,,,,,,,,,,,,,,,,
충청권,충남,천안시,국립공주대,자연,소프트웨어학과,소프트웨어학과,유지,유지,교과Ⅰ,4.31,4.14,,,,,,,일반,4.58,4.45,,,,68.649,"국영탐(1) 중 2개, 수학",2/-,,,,,,,,,,,,,,,,,,,,,
경상권,경남,양산시,부산대,자연,의생명융합공학부,의생명융합공학부,유지,유지,학생부교과,3.54,2.8,,,,,,,학생부종합,2.7,2.35,,,,68.625,국수영탐(2),2/1,,,,,,,,,,,,,,,,,,,,,
경상권,부산,금정구,부산대,인문,지리교육과,지리교육과,유지,유지,학생부교과,3.46,2.59,,,,,,,,,,,,,68.625,국수영탐(2),3/1,,,,,,,,,,,,,,,,,,,,,
경상권,부산,남구,국립부경대,자연,컴퓨터•인공지능공학부,컴퓨터•인공지능공학부,,,교과성적우수인재,3.03,2.85,일반,2.92,2,,,,학교생활우수인재,3.38,3.28,,,,68.61875,국수영탐(2),3/3,,,,,,,,,,,,,,,,,,,,,
경상권,부산,남구,국립부경대,자연,에너지수송시스템공학부,에너지수송시스템공학부,,,교과성적우수인재,3.05,2.9,일반,3.3,3.17,,,,학교생활우수인재,3.97,3.79,,,,68.60938,국수영탐(2),3/4,,,,,,,,,,,,,,,,,,,,,
강원권,강원,강릉시,가톨릭관동대,자연,항공운항전공,항공운항전공,유지,유지,일반,5.95,5.48,,,,,,,,,,,,,68.6,"국수탐(2) 중 2개, 영",5/-,,,,,,,,,,,,,,,,,,,,,
전라권,전남,목포시,국립목포해양대,자연,해양메카트로닉스학부,해양메카트로닉스학부,유지,유지,누구나,4.65,4.52,학생부성적우수자,5.32,4.79,,,,,,,,,,68.6,국수영탐(2),3/2,,,,,,,,,,,,,,,,,,,,,
충청권,충남,천안시,백석대,인문,유아특수교육과,유아특수교육과,유지,유지,백석인재,5.49,5.49,일반,5.67,5.34,,,,창의인재,6.67,4.77,,,,68.6,"국수영 중 2개, 탐구(1)",4/-,,,,,,,,,,,,,,,,,,,,,
충청권,충남,천안시,백석대,자연,첨단IT학부,첨단IT학부,유지,유지,백석인재,5.8,5.44,일반,5.78,5.53,,,,창의인재,6.41,6.02,,,,68.6,"국수영 중 2개, 탐구(1)",4/-,,,,,,,,,,,,,,,,,,,,,
경상권,부산,영도구,국립한국해양대,인문,해운경영학부,해운경영학부,유지,유지,교과성적우수자,3.63,3.57,일반,,,,,,아치해양인재Ⅰ,3.86,3.86,아치해양인재Ⅱ,,,68.56667,국수영탐(2),3/1,,,,,,,,,,,,,,,,,,,,,
경상권,부산,남구,국립부경대,자연,미생물학과,미생물학과,,,교과성적우수인재,3.13,3.05,일반,,3.09,,,,학교생활우수인재,,3.91,,,,68.51563,국수영탐(2),3/3,,,,,,,,,,,,,,,,,,,,,
충청권,충남,아산시,호서대,자연,전자공학과,전자공학과,유지,유지,학생부,5.32,5.32,,,,,,,호서인재,4.66,4.49,,,,68.51,"국수영 중 2개, 탐구(1)",3/1,,,,,,,,,,,,,,,,,,,,,
충청권,충북,청주시,청주대,자연,동물보건복지학과,동물보건복지학과,변경,유지,교과우수,2.5,2.25,담임추천,4,4,일반,3.75,3.63,,,,,,,68.5065,국수영탐(2) 중 3개,4/4,,,,,,,,,,,,,,,,,,,,,
충청권,충북,청주시,청주대,인문,법학과,법학과,변경,유지,교과우수,4.75,4.38,담임추천,5.38,4.38,일반,4,3.63,,,,,,,68.5065,국수영탐(2) 중 3개,4/4,,,,,,,,,,,,,,,,,,,,,
경상권,경남,진주시,경상국립대,자연,소프트웨어공학과,소프트웨어공학과,유지,유지,일반,4.36,4.36,,,,,,,일반,4.36,4.36,,,,68.5,국수영탐(2),5/-,,,,,,,,,,,,,,,,,,,,,
전라권,전북,군산시,국립군산대,인문,법행정경찰학부,법행정경찰학부,유지,유지,일반,5.33,5.05,,,,,,,일반학생,6.32,5.97,,,,68.5,국수영탐(2),3/5,,,,,,,,,,,,,,,,,,,,,
충청권,충남,천안시,남서울대,인문,세무학과,세무학과,유지,유지,교과+면접,4.93,3.93,일반,3.73,3.8,,,,학생부종합 서류형,7.63,6.02,,,,68.5,국수영탐(1) 중 2개,-/-,,,,,,,,,,,,,,,,,,,,,
충청권,충남,천안시,남서울대,자연,컴퓨터소프트웨어학과,컴퓨터소프트웨어학과,유지,유지,교과+면접,4.97,5.13,일반,4.2,3.63,,,,학생부종합 서류형,5.97,5.69,,,,68.5,국수영탐(1) 중 2개,-/-,,,,,,,,,,,,,,,,,,,,,
경상권,경남,창원시,국립창원대,자연,기계공학부 스마트제조융합전공,기계공학부 스마트제조융합전공,유지,유지,학업성적우수자,4.21,3.86,,,,,,,계열적합인재,4.59,4.11,,,,68.5,국수영탐(1),4/-,,,,,,,,,,,,,,,,,,,,,
경상권,경북,경산시,대구가톨릭대,인문,경영학과,경영학과,유지,유지,교과,5.62,4.92,,,,,,,가톨릭지도자추천,5.71,5.71,종합,5.25,5.25,68.45,국수영탐(1) 중 3개,4/5,,,,,,,,,,,,,,,,,,,,,
경상권,경북,경산시,대구가톨릭대,인문,글로벌항공서비스학과,글로벌항공서비스학과,유지,유지,교과,4.76,4.38,,,,,,,종합,5.27,5,,,,68.45,국수영탐(1) 중 3개,4/5,,,,,,,,,,,,,,,,,,,,,
경상권,경북,경산시,대구가톨릭대,인문,문화콘텐츠학과,글로벌문화콘텐츠학과,유지,변경,교과,6.12,5.42,,,,,,,종합,5.53,5.21,,,,68.45,국수영탐(1) 중 3개,4/5,,,,,,,,,,,,,,,,,,,,,
경상권,경북,경산시,대구가톨릭대,인문,영어학과,영어학과,유지,유지,교과,5.27,4.5,,,,,,,종합,6.25,6.25,,,,68.45,국수영탐(1) 중 3개,4/5,,,,,,,,,,,,,,,,,,,,,
경상권,경북,경산시,대구가톨릭대,인문,일어일문학과,일어일문학과,유지,유지,교과,4.95,4.42,,,,,,,종합,5.78,5.42,,,,68.45,국수영탐(1) 중 3개,4/5,,,,,,,,,,,,,,,,,,,,,
경상권,경북,경산시,대구가톨릭대,인문,호텔관광학과,호텔관광학과,유지,유지,교과,5.1,4.67,,,,,,,종합,6.42,6.42,,,,68.45,국수영탐(1) 중 3개,4/5,,,,,,,,,,,,,,,,,,,,,
경상권,경북,경산시,대구가톨릭대,인문,회계세무학과,회계세무학과,유지,유지,교과,5.56,5.21,,,,,,,종합,4.25,4.25,,,,68.45,국수영탐(1) 중 3개,4/5,,,,,,,,,,,,,,,,,,,,,
경상권,경북,경산시,대구대,인문,지리교육과,지리교육과,유지,유지,일반,4.6,3.8,,,,,,,서류,3.93,3.88,,,,68.4,국수영탐(1),4/4,,,,,,,,,,,,,,,,,,,,,
경상권,부산,남구,국립부경대,자연,물리학과,물리학과,,,교과성적우수인재,3.58,3.51,일반,,4.22,,,,학교생활우수인재,,4.23,,,,68.3875,국수영탐(2),3/4,,,,,,,,,,,,,,,,,,,,,
강원권,강원,강릉시,"강원대(강릉,원주)",인문,도시계획•부동산학과,도시계획•부동산학과,유지,유지,해람교과,4.7,4.54,,,,,,,해람인재,6.02,5.68,,,,68.35,국수영탐(1) 중 3개,4/4,,,,,,,,,,,,,,,,,,,,,
강원권,강원,원주시,"강원대(강릉,원주)",자연,AI콘텐츠공학과,멀티미디어공학과,유지,변경,해람교과,4.89,4.49,,,,,,,해람인재,6.09,5.92,,,,68.35,국수영탐(1) 중 3개,4/4,,,,,,,,,,,,,,,,,,,,,
강원권,강원,강릉시,"강원대(강릉,원주)",인문,영어영문학과,영어영문학과,유지,유지,해람교과,5.07,4.77,,,,,,,해람인재,6.03,6.03,,,,68.35,국수영탐(1) 중 3개,4/4,,,,,,,,,,,,,,,,,,,,,
경상권,경남,진주시,경상국립대,인문,회계세무학부(회계학전공/세무학전공),회계세무학부(회계학전공/세무학전공),유지,유지,일반,4.17,3.98,,,,,,,일반,4.17,3.98,,,,68.34375,국수영탐(2),4/-,,,,,,,,,,,,,,,,,,,,,
충청권,충북,청주시,청주대,자연,디지털보안학과,디지털보안학과,변경,유지,교과우수,5.75,4.75,담임추천,6,5.75,일반,4.5,4.63,,,,,,,68.34,국수영탐(2) 중 3개,4/4,,,,,,,,,,,,,,,,,,,,,
충청권,충북,청주시,청주대,자연,조경학과,조경학과,변경,유지,교과우수,4.75,4.38,담임추천,5.63,5,일반,5.38,4.88,,,,,,,68.34,국수영탐(2) 중 3개,4/4,,,,,,,,,,,,,,,,,,,,,
전라권,전북,익산시,원광대,인문,국어교육과,국어교육과,유지,유지,일반,4.55,4.39,,,,,,,학생부종합,4.7,4.57,,,,68.33333,"국수 중 1개, 영탐(1)",3/3,,,,,,,,,,,,,,,,,,,,,
경상권,경북,상주시,경북대,자연,말/특수동물학과,말/특수동물학과,유지,유지,교과우수자,4.42,4.23,,,,,,,,,,,,,68.28571,국수영탐(1),3/2,,,,,,,,,,,,,,,,,,,,,
충청권,세종,세종,고려대(세종),인문,글로벌학부,글로벌학부,유지,유지,일반,3.84,3.74,,,,,,,크림슨인재,5.37,4.5,,,,68.28125,국수영탐(2),3/-,,,,,,,,,,,,,,,,,,,,,
충청권,세종,세종,고려대(세종),인문,공공사회·통일외교학부,공공사회·통일외교학부,유지,유지,일반,4.11,3.89,,,,,,,크림슨인재,4.71,3.81,,,,68.25,국수영탐(2),3/-,,,,,,,,,,,,,,,,,,,,,
경상권,부산,남구,국립부경대,공통,자유전공학부,자유전공학부,,,교과성적우수인재,3.44,3.3,,,,,,,,,,,,,68.25,국수영탐(2),3/3,,,,,,,,,,,,,,,,,,,,,
전라권,광주,동구,조선대,인문,영어영문학과,영어영문학과,유지,유지,일반,6.31,3.56,,,,,,,서류,4.88,6.11,,,,68.25,국수영탐(1),5/4,,,,,,,,,,,,,,,,,,,,,
충청권,세종,세종,고려대(세종),자연,빅데이터사이언스학부,빅데이터사이언스학부,유지,유지,일반,3.96,3.85,,,,,,,크림슨인재,4.06,4.04,,,,68.21875,국수영탐(2),2/-,,,,,,,,,,,,,,,,,,,,,
경상권,부산,남구,국립부경대,자연,융합소재공학부,융합소재공학부,,,교과성적우수인재,3.61,3.49,일반,3.82,3.48,,,,학교생활우수인재,4.04,3.79,,,,68.21875,국수영탐(2),4/4,,,,,,,,,,,,,,,,,,,,,
전라권,전북,전주시,전주대,자연,신소재화학공학과,신소재화학공학과,유지,유지,일반학생(교과),5.31,5.09,,,,,,,일반학생(종합),7.25,7.17,,,,68.2,"국수영 중 2개, 탐구(1)",3/8,,,,,,,,,,,,,,,,,,,,,
경상권,부산,서구,동아대,인문,미디어커뮤니케이션학과,미디어커뮤니케이션학과,유지,유지,교과성적우수자,2.92,2.67,,,,,,,잠재능력우수자,3.73,3.7,학교생활우수자,3.42,3.39,68.17,국수영탐(2),-/-,,,,,,,,,,,,,,,,,,,,,
경상권,부산,사하구,동아대,자연,미래에너지공학전공,미래에너지공학전공,유지,유지,교과성적우수자,4.42,4.08,,,,,,,잠재능력우수자,5.44,4.81,학교생활우수자,5.06,4.93,68.17,국수영탐(2),-/-,,,,,,,,,,,,,,,,,,,,,
경상권,부산,사하구,동아대,공통,자유전공학부,자유전공학부,유지,유지,교과성적우수자,3.67,3.58,,,,,,,,,,,,,68.17,국수영탐(2),-/-,,,,,,,,,,,,,,,,,,,,,
경상권,경북,경산시,영남대,자연,의생명공학과,의생명공학과,,,일반학생,3.52,3.22,,,,,,,잠재능력우수자,4.14,4.03,,,,68.17,국수영탐(2),-/-,,,,,,,,,,,,,,,,,,,,,
서울,서울,노원구,광운대,자연,전자바이오물리학과,전자바이오물리학과,유지,유지,지역균형,2.23,2.03,,,,,,,광운참빛인재Ⅰ-면접형,3.39,2.98,광운참빛인재Ⅱ-서류형,3.64,2.61,68.15328,국수영탐(2),3/2,,,,,,,,,,,,,,,,,,,,,
서울,서울,노원구,광운대,자연,정보융합학부,정보융합학부,유지,유지,지역균형,2.31,2.27,,,,,,,광운참빛인재Ⅰ-면접형,3.61,2.95,광운참빛인재Ⅱ-서류형,3.01,2.66,68.15328,국수영탐(2),3/2,,,,,,,,,,,,,,,,,,,,,
전라권,광주,북구,전남대,자연,화학교육과,화학교육과,유지,유지,일반,3.88,3.22,,,,,,,고교생활우수자Ⅰ,3.8,3.68,,,,68.15,국수탐(2),3/2,,,,,,,,,,,,,,,,,,,,,
제주권,제주,제주시,제주대,자연,컴퓨터교육과,컴퓨터교육과,유지,유지,일반학생,,,,,,,,,소프트웨어인재,,,일반학생,4.29,3.94,68.14,국수영탐(2),4/4,,,,,,,,,,,,,,,,,,,,,
경상권,부산,남구,국립부경대,자연,간호학과,간호학과,,,교과성적우수인재,2.79,2.77,일반,,2,,,,학교생활우수인재,,3.16,,,,68.1375,국수영탐(2),2/3,,,,,,,,,,,,,,,,,,,,,
경상권,부산,영도구,국립한국해양대,자연,기계공학부,기계공학부(냉동공조공학전공),유지,유지,교과성적우수자,3.59,3.52,일반,,,,,,아치해양인재Ⅰ,,,아치해양인재Ⅱ,,,68.1,국수영탐(2),3/3,,,,,,,,,,,,,,,,,,,,,
경상권,경남,진주시,경상국립대,자연,AI정보공학과,AI정보공학과,유지,유지,일반,4,3.78,,,,,,,일반,4,3.78,,,,68.09375,국수영탐(2),6/-,,,,,,,,,,,,,,,,,,,,,
경상권,부산,남구,국립부경대,자연,기계공학부,기계공학부,,,교과성적우수인재,3.26,3.09,일반,3.6,3.44,,,,학교생활우수인재,3.63,3.47,,,,68.07813,국수영탐(2),3/4,,,,,,,,,,,,,,,,,,,,,
경상권,부산,영도구,국립한국해양대,자연,인공지능공학부,인공지능공학부(컴퓨터공학전공),유지,유지,교과성적우수자,3.56,3.34,일반,,,,,,아치해양인재Ⅰ,,,아치해양인재Ⅱ,,,68.06667,국수영탐(2),3/4,,,,,,,,,,,,,,,,,,,,,
강원권,강원,원주시,"강원대(강릉,원주)",자연,기계융합공학부,기계공학과,유지,변경,해람교과,5.14,4.69,,,,,,,해람인재,6.21,6.01,,,,68.017,국수영탐(1) 중 3개,4/4,,,,,,,,,,,,,,,,,,,,,
강원권,강원,원주시,"강원대(강릉,원주)",인문,다문화학과,다문화학과,유지,유지,해람교과,5.67,5.53,,,,,,,해람인재,5.96,5.8,,,,68.017,국수영탐(1) 중 3개,4/4,,,,,,,,,,,,,,,,,,,,,
강원권,강원,강릉시,"강원대(강릉,원주)",자연,수산생명의학과,수산생명의학과,유지,유지,해람교과,4.63,3.71,,,,,,,해람인재,5.18,5.09,,,,68.017,국수영탐(1) 중 3개,4/4,,,,,,,,,,,,,,,,,,,,,
충청권,대전,동구,대전대,자연,응급구조학과,응급구조학과,유지,유지,교과면접,4.17,4,교과중점,4.13,3.88,,,,혜화인재,5.63,5.23,,,,68.002,국수영탐(1) 중 3개,4/4,,,,,,,,,,,,,,,,,,,,,
경상권,경북,상주시,경북대,자연,스마트플랜트공학과,스마트플랜트공학과,유지,유지,교과우수자,6.86,6.1,,,,,,,,,,,,,68,국수영탐(1),3/2,,,,,,,,,,,,,,,,,,,,,
충청권,충남,천안시,남서울대,인문,사회복지학과,사회복지학과,유지,유지,교과+면접,4.33,4.97,일반,3.53,3.77,,,,학생부종합 서류형,5.83,5.53,,,,68,국수영탐(1) 중 2개,-/-,,,,,,,,,,,,,,,,,,,,,
충청권,충남,천안시,남서울대,자연,지능정보통신공학과,지능정보통신공학과,유지,유지,교과+면접,6.1,5.27,일반,5.47,4.83,,,,학생부종합 서류형,6.85,6.25,,,,68,국수영탐(1) 중 2개,3/-,,,,,,,,,,,,,,,,,,,,,
충청권,대전,동구,대전대,자연,컴퓨터공학과,컴퓨터공학과,유지,유지,교과면접,6.5,6,교과중점,6.38,5.88,,,,,,,,,,68,국수영탐(1) 중 2개,4/4,,,,,,,,,,,,,,,,,,,,,
경상권,경북,경산시,영남대,자연,건축학부,건축학부,,,일반학생,4.2,3.98,,,,,,,잠재능력우수자,4.47,4.22,,,,68,국수영탐(2),-/-,,,,,,,,,,,,,,,,,,,,,
경상권,경북,경산시,영남대,인문,경영학과,경영학과,,,일반학생,3.7,3.55,,,,,,,잠재능력우수자,4.31,4.14,,,,68,국수영탐(2),-/-,,,,,,,,,,,,,,,,,,,,,
전라권,전북,전주시,전북대,자연,자연과학계열1,자연과학계열1,유지,유지,일반학생,4.08,3.91,,,,,,,큰사람,4.06,3.78,,,,68,국수탐(2),4/3,,,,,,,,,,,,,,,,,,,,,
강원권,강원,원주시,한라대,자연,전기전자공학과,전기전자공학과,유지,유지,일반학생(교과중심),4.4,3.59,일반학생(면접중심),3.96,3.96,,,,운곡인재,5.09,,,,,68,국수영탐(1) 중 2개,4/4,,,,,,,,,,,,,,,,,,,,,
충청권,충남,천안시,호서대,인문,경영학과,경영학부,유지,변경,학생부,4.15,3.93,,,,,,,호서인재,5.34,5.12,,,,67.94,"국수영 중 2개, 탐구(1)",3/1,,,,,,,,,,,,,,,,,,,,,
충청권,충남,아산시,호서대,자연,빅데이터AI학부,빅데이터AI학부,유지,유지,학생부,5.35,5.12,,,,,,,호서인재,5.86,5.41,,,,67.94,"국수영 중 2개, 탐구(1)",3/1,,,,,,,,,,,,,,,,,,,,,
충청권,충남,아산시,호서대,자연,식품영양학과,식품영양학과,유지,유지,학생부,3.79,3.65,,,,,,,호서인재,4.87,4.61,,,,67.94,"국수영 중 2개, 탐구(1)",3/1,,,,,,,,,,,,,,,,,,,,,
경상권,경남,진주시,경상국립대,인문,지리교육과,지리교육과,유지,유지,일반,3.25,3.22,,,,,,,일반,3.25,3.22,,,,67.9375,국수영탐(2),5/-,,,,,,,,,,,,,,,,,,,,,
경상권,부산,영도구,국립한국해양대,자연,물류시스템공학과,물류시스템공학과,유지,유지,교과성적우수자,3.85,3.71,일반,,,,,,아치해양인재Ⅰ,,,아치해양인재Ⅱ,,,67.93333,국수영탐(2),3/4,,,,,,,,,,,,,,,,,,,,,
경인권,경기,용인시,용인대,자연,바이오생명공학과,바이오생명공학과,,,교과성적우수자 특별,2.3,2.3,일반학생,2.3,2.3,,,,,,,,,,67.929,수영탐(1),4/-,,,,,,,,,,,,,,,,,,,,,
전라권,전북,군산시,국립군산대,인문,경영학부,경영학부,유지,유지,일반,5.95,4.92,,,,,,,일반학생,6.83,6.2,,,,67.9,국수영탐(2),4/6,,,,,,,,,,,,,,,,,,,,,
전라권,전남,목포시,국립목포해양대,자연,조선해양공학과,조선해양공학과,유지,유지,누구나,4.89,5.23,학생부성적우수자,6,6.27,,,,,,,,,,67.9,국수영탐(2),4/4,,,,,,,,,,,,,,,,,,,,,
서울,서울,동작구,총신대,인문,아동학과,아동학과,유지,유지,교과우수자,4,3.7,,,,,,,목회자추천자,4.9,4.5,코람데오인재,4.4,4.2,67.9,"국수 중 1개, 영탐(2)",3/5,,,,,,,,,,,,,,,,,,,,,
경상권,부산,남구,국립부경대,자연,소방공학과,소방공학과,,,교과성적우수인재,3.9,3.8,일반,,3.94,,,,학교생활우수인재,,3.75,,,,67.85938,국수영탐(2),3/4,,,,,,,,,,,,,,,,,,,,,
경상권,경북,경산시,영남대,자연,기계공학부,기계공학부,,,일반학생,4.43,4.27,,,,,,,잠재능력우수자,4.62,4.38,,,,67.83,국수영탐(2),-/-,,,,,,,,,,,,,,,,,,,,,
경상권,경북,경산시,영남대,자연,전공자유선택학부(인문),전공자유선택학부(인문),,,일반학생,4.25,4.12,,,,,,,잠재능력우수자,4.66,4.5,,,,67.83,국수영탐(2),-/-,,,,,,,,,,,,,,,,,,,,,
경상권,경북,경산시,영남대,자연,전공자유선택학부(자연),전공자유선택학부(자연),,,일반학생,4.56,4.4,,,,,,,잠재능력우수자,4.76,4.5,,,,67.83,국수영탐(2),-/-,,,,,,,,,,,,,,,,,,,,,
전라권,광주,북구,전남대,인문,영어영문학과,영어영문학과,유지,유지,일반,3.05,2.84,,,,,,,고교생활우수자Ⅰ,3.64,3.48,,,,67.8,국수탐(2),3/2,,,,,,,,,,,,,,,,,,,,,
전라권,광주,북구,전남대,인문,중어중문학과,중어중문학과,유지,유지,일반,3.68,3.51,,,,,,,고교생활우수자Ⅰ,4.33,4.21,,,,67.8,국수탐(2),3/2,,,,,,,,,,,,,,,,,,,,,
전라권,전북,전주시,전주대,인문,한문교육과,한문교육과,유지,유지,일반학생(교과),6.19,6.07,,,,,,,일반학생(종합),,,,,,67.8,"국수영 중 2개, 탐구(1)",5/4,,,,,,,,,,,,,,,,,,,,,
제주권,제주,제주시,제주대,인문,국어교육과,국어교육과,유지,유지,일반학생,3.34,2.96,,,,,,,일반학생,3.01,2.84,,,,67.8,국수영탐(2),4/4,,,,,,,,,,,,,,,,,,,,,
충청권,충남,아산시,호서대,예체능,문화영상학부,문화영상학부,유지,유지,학생부,3.57,3.42,,,,,,,호서인재,4.64,4.35,,,,67.73,"국수영 중 2개, 탐구(1)",3/1,,,,,,,,,,,,,,,,,,,,,
경상권,경북,상주시,경북대,자연,식물자원학과,식물자원학과,유지,유지,교과우수자,5.45,5.16,,,,,,,,,,,,,67.71429,국수영탐(1),3/2,,,,,,,,,,,,,,,,,,,,,
충청권,충북,청주시,충북대,인문,소비자학과,소비자학과,유지,유지,학생부교과,3.45,3.43,,,,,,,학생부종합Ⅰ,3.6,3.54,학생부종합Ⅱ,3.77,3.7,67.69375,국수영탐(2),-/-,,,,,,,,,,,,,,,,,,,,,
경상권,부산,사하구,동아대,자연,AⅠ학과,AI학과,유지,유지,교과성적우수자,3.92,3.75,,,,,,,잠재능력우수자,4.3,4.01,학교생활우수자,4.45,4.3,67.67,국수영탐(2),-/-,,,,,,,,,,,,,,,,,,,,,
충청권,세종,세종,고려대(세종),자연,지능형반도체공학과,지능형반도체공학과,유지,유지,일반,3.1,3.1,,,,,,,크림슨인재,4.11,3.96,,,,67.65625,국수영탐(2),3/-,,,,,,,,,,,,,,,,,,,,,
경상권,경남,창원시,국립창원대,자연,전자공학과,전자공학과,유지,유지,학업성적우수자,3.81,3.72,,,,,,,계열적합인재,4.58,4.36,,,,67.65,국수영탐(1),4/-,,,,,,,,,,,,,,,,,,,,,
경상권,부산,남구,국립부경대,자연,화학과,화학과,,,교과성적우수인재,3.78,3.46,일반,,3.73,,,,학교생활우수인재,,3.85,,,,67.64063,국수영탐(2),3/4,,,,,,,,,,,,,,,,,,,,,
전라권,전북,군산시,국립군산대,자연,전기공학과,전기공학과,유지,유지,일반,4.75,4.28,,,,,,,일반학생,6.38,5.73,,,,67.6,국수영탐(2),5/2,,,,,,,,,,,,,,,,,,,,,
전라권,전북,전주시,전주대,자연,인공지능학과,인공지능학과,유지,유지,일반학생(교과),6.96,6.18,,,,,,,일반학생(종합),6.47,6.13,,,,67.6,"국수영 중 2개, 탐구(1)",4/4,,,,,,,,,,,,,,,,,,,,,
경상권,경북,상주시,경북대,자연,건설방재공학과,건설방재공학과,유지,유지,교과우수자,5.89,5.65,,,,,,,,,,,,,67.57143,국수영탐(1),3/2,,,,,,,,,,,,,,,,,,,,,
경상권,부산,영도구,국립한국해양대,인문,국제무역경제학부,국제무역경제학부,유지,유지,교과성적우수자,3.72,3.63,일반,,,,,,아치해양인재Ⅰ,3.97,3.97,아치해양인재Ⅱ,,,67.56667,국수영탐(2),3/3,,,,,,,,,,,,,,,,,,,,,
충청권,충남,천안시,호서대,인문,경찰행정학과,법경찰행정학과,유지,변경,학생부,3.63,3.52,,,,,,,호서인재,4.76,4.51,,,,67.55,"국수영 중 2개, 탐구(1)",3/1,,,,,,,,,,,,,,,,,,,,,
충청권,충남,아산시,호서대,자연,화학공학과,화학공학과,유지,유지,학생부,4.11,3.91,,,,,,,호서인재,4.04,4.04,,,,67.55,"국수영 중 2개, 탐구(1)",3/1,,,,,,,,,,,,,,,,,,,,,
충청권,충북,청주시,청주대,인문,관광경영학과,관광경영학과,변경,유지,교과우수,5.13,5.13,담임추천,6,5.13,일반,4.75,5,,,,,,,67.5075,국수영탐(2) 중 3개,4/4,,,,,,,,,,,,,,,,,,,,,
충청권,충북,청주시,청주대,자연,작업치료학과,작업치료학과,유지,유지,일반,3.63,2.75,창의면접,6,4.38,,,,,,,,,,67.5075,국수영탐(2) 중 3개,4/4,,,,,,,,,,,,,,,,,,,,,
충청권,충남,논산시,건양대,인문,특수교육과,특수교육과,유지,유지,일반학생[교과],5.57,5.07,,,,,,,학생부종합,5.59,5.59,,,,67.5,국수영탐(1) 중 2개,5/2,,,,,,,,,,,,,,,,,,,,,
경상권,경북,안동시,국립경국대,자연,스마트모빌리티공학과,스마트모빌리티공학과,유지,유지,일반학생,6.11,6,,,,,,,NUG인재,7.09,7.09,,,,67.5,국수영탐(1) 중 2개,4/1,,,,,,,,,,,,,,,,,,,,,
충청권,충남,천안시,남서울대,자연,건축공학과,건축공학과,유지,유지,교과+면접,5.53,5,일반,4.27,4.17,,,,학생부종합 서류형,6.19,6.01,,,,67.5,국수영탐(1) 중 2개,-/-,,,,,,,,,,,,,,,,,,,,,
충청권,대전,동구,대전대,자연,토목환경공학과,토목환경공학과,유지,유지,교과면접,6,5.5,교과중점,6.22,5.91,,,,,,,,,,67.5,국수영탐(1) 중 2개,4/5,,,,,,,,,,,,,,,,,,,,,
전라권,광주,북구,전남대,인문,사학과,사학과,유지,유지,일반,3.85,3.85,,,,,,,고교생활우수자Ⅰ,4.2,3.74,,,,67.5,국수탐(2),4/1,,,,,,,,,,,,,,,,,,,,,
강원권,강원,원주시,연세대(미래),자연,데이터사이언스학부,데이터사이언스학부,,,교과우수자,4.78,4.33,,,,,,,학교생활우수자,4.93,4.88,,,,67.42857,국수영탐(1),3/3,,,,,,,,,,,,,,,,,,,,,
충청권,대전,서구,목원대,인문,경찰행정학부,경찰행정학부,유지,유지,교과,3.88,3.58,,,,,,,,,,,,,67.4,국수영탐탐한 중 2개,4/1,,,,,,,,,,,,,,,,,,,,,
경상권,부산,남구,국립부경대,자연,스마트모빌리티학과,스마트모빌리티학과,,,교과성적우수인재,3.75,3.6,일반,,2.86,,,,학교생활우수인재,,3.89,,,,67.35938,국수영탐(2),3/4,,,,,,,,,,,,,,,,,,,,,
강원권,강원,강릉시,"강원대(강릉,원주)",인문,경제학과,경제학과,유지,유지,해람교과,4.41,4.36,,,,,,,해람인재,5.45,5.42,,,,67.351,국수영탐(1) 중 3개,4/4,,,,,,,,,,,,,,,,,,,,,
강원권,강원,강릉시,"강원대(강릉,원주)",인문,관광경영학과,관광경영학과,유지,유지,해람교과,4.82,4.6,,,,,,,해람인재,5.4,5.4,,,,67.351,국수영탐(1) 중 3개,4/4,,,,,,,,,,,,,,,,,,,,,
강원권,강원,강릉시,"강원대(강릉,원주)",자연,대기환경과학과,대기환경과학과,유지,유지,해람교과,4.68,4.37,,,,,,,해람인재,5.59,5.57,,,,67.351,국수영탐(1) 중 3개,4/4,,,,,,,,,,,,,,,,,,,,,
강원권,강원,강릉시,"강원대(강릉,원주)",인문,사학과,사학과,유지,유지,해람교과,4.29,4.08,,,,,,,해람인재,4.53,4.37,,,,67.351,국수영탐(1) 중 3개,4/4,,,,,,,,,,,,,,,,,,,,,
강원권,강원,원주시,"강원대(강릉,원주)",자연,산업경영공학과,산업경영공학과,유지,유지,해람교과,4.95,4.85,,,,,,,해람인재,6.89,6.77,,,,67.351,국수영탐(1) 중 3개,4/4,,,,,,,,,,,,,,,,,,,,,
경상권,경북,경산시,대구가톨릭대,자연,건축공학과,건축공학과,유지,유지,교과,5.94,5.46,,,,,,,종합,6.35,5.92,,,,67.35,국수영탐(1) 중 3개,6/3,,,,,,,,,,,,,,,,,,,,,
경상권,경북,경산시,대구가톨릭대,자연,기계공학과,기계공학과,유지,유지,교과,6.43,5.71,,,,,,,종합,5.35,5.25,,,,67.35,국수영탐(1) 중 3개,6/3,,,,,,,,,,,,,,,,,,,,,
경상권,경북,경산시,대구가톨릭대,자연,로봇공학과,로봇공학과,유지,유지,교과,6.47,5.84,,,,,,,종합,6.81,6.46,,,,67.35,국수영탐(1) 중 3개,6/3,,,,,,,,,,,,,,,,,,,,,
경상권,경북,경산시,대구가톨릭대,자연,미래자동차공학과,미래자동차공학과,유지,유지,교과,5.83,5.21,,,,,,,종합,6.68,6.13,,,,67.35,국수영탐(1) 중 3개,6/3,,,,,,,,,,,,,,,,,,,,,
경상권,경북,경산시,대구가톨릭대,자연,반도체전자공학과,반도체전자공학과,유지,유지,교과,5.56,5.38,,,,,,,종합,7.62,7.1,,,,67.35,국수영탐(1) 중 3개,6/3,,,,,,,,,,,,,,,,,,,,,
경상권,경북,경산시,대구가톨릭대,자연,배터리공학과,배터리공학과,유지,유지,교과,5.57,5.17,,,,,,,종합,7.13,6.71,,,,67.35,국수영탐(1) 중 3개,6/3,,,,,,,,,,,,,,,,,,,,,
경상권,경북,경산시,대구가톨릭대,자연,소방방재학과,소방방재학과,유지,유지,교과,4.6,4.05,,,,,,,종합,5.1,4.84,,,,67.35,국수영탐(1) 중 3개,6/3,,,,,,,,,,,,,,,,,,,,,
경상권,경북,경산시,대구가톨릭대,자연,전기공학과,전기공학과,유지,유지,교과,5.02,4.42,,,,,,,종합,4.34,3.96,,,,67.35,국수영탐(1) 중 3개,6/3,,,,,,,,,,,,,,,,,,,,,
전라권,전북,전주시,전북대,자연,환경생명자원계열,환경생명자원계열,유지,유지,일반학생,5.17,4.82,,,,,,,큰사람,4.72,4.69,,,,67.35,국수탐(2),4/3,,,,,,,,,,,,,,,,,,,,,
제주권,제주,제주시,제주대,인문,국어국문학과,국어국문학과,유지,유지,일반학생,5.5,5.1,,,,,,,일반학생,5.1,4.95,,,,67.35,국수영탐(2),4/2,,,,,,,,,,,,,,,,,,,,,
충청권,충북,충주시,국립한국교통대,예체능,스포츠의학과,스포츠의학과,유지,유지,일반,4.81,4.64,,,,,,,,,,,,,67.346,국수영탐(1) 중 3개,5/-,,,,,,,,,,,,,,,,,,,,,
경상권,부산,금정구,부산대,예체능,예술문화영상학과,예술문화영상학과,유지,유지,학생부교과,,,,,,,,,학생부종합,,,,,,67.34375,국수영탐(2),2/2,,,,,,,,,,,,,,,,,,,,,
강원권,강원,원주시,연세대(미래),인문,자율융합계열,자율융합계열,,,교과우수자,4.82,4.54,,,,,,,학교생활우수자,5,4.6,,,,67.33333,국수영탐(1),3/3,,,,,,,,,,,,,,,,,,,,,
경상권,경남,김해시,인제대,자연,물리치료학과,물리치료학과,유지,유지,면접,2.8,2.67,학생부교과,2,1.98,,,,,,,,,,67.33333,국수영탐(2),3/1,,,,,,,,,,,,,,,,,,,,,
경상권,부산,서구,동아대,인문,행정학과,행정학과,유지,유지,교과성적우수자,3.33,3.25,,,,,,,잠재능력우수자,4.69,4.5,학교생활우수자,4.45,4.08,67.33,국수영탐(2),-/-,,,,,,,,,,,,,,,,,,,,,
전라권,전북,전주시,전북대,공통,생활과학계열,생활과학계열,유지,유지,일반학생,4.03,3.92,,,,,,,큰사람,4.4,4.19,,,,67.3,국수탐(2),3/5,,,,,,,,,,,,,,,,,,,,,
경상권,경남,진주시,경상국립대,인문,경영학부,경영학부,유지,유지,일반,3.68,3.56,,,,,,,일반,3.68,3.56,,,,67.28125,국수영탐(2),5/-,,,,,,,,,,,,,,,,,,,,,
경상권,경남,진주시,경상국립대,인문,유아교육과,유아교육과,유지,유지,일반,4.07,3.99,,,,,,,일반,4.07,3.99,,,,67.28125,국수영탐(2),3/-,,,,,,,,,,,,,,,,,,,,,
경상권,부산,영도구,국립한국해양대,자연,해양과학융합학부,"해양과학융합학부(해양생물공학전공, 수산바이오공학전공)",유지,유지,교과성적우수자,3.9,3.85,일반,,,,,,아치해양인재Ⅰ,,,아치해양인재Ⅱ,,,67.26667,국수영탐(2),3/3,,,,,,,,,,,,,,,,,,,,,
경상권,경남,진주시,경상국립대,자연,건축공학부(건축공학전공/건축시스템공학전공),건축공학부(건축공학전공/건축시스템공학전공),유지,유지,일반,4.93,4.71,,,,,,,일반,4.93,4.71,,,,67.25,국수영탐(2),4/-,,,,,,,,,,,,,,,,,,,,,
경상권,경남,진주시,경상국립대,자연,건축학과,건축학과,유지,유지,일반,3.99,3.89,,,,,,,일반,3.99,3.89,,,,67.25,국수영탐(2),6/-,,,,,,,,,,,,,,,,,,,,,
충청권,세종,세종,고려대(세종),자연,인공지능사이버보안학과,인공지능사이버보안학과,유지,유지,일반,3.93,3.81,,,,,,,크림슨인재,4.46,3.98,,,,67.25,국수영탐(2),3/-,,,,,,,,,,,,,,,,,,,,,
충청권,세종,세종,고려대(세종),자연,전자및정보공학과,전자및정보공학과,유지,유지,일반,3.79,3.66,,,,,,,크림슨인재,4.17,3.92,,,,67.25,국수영탐(2),3/-,,,,,,,,,,,,,,,,,,,,,
서울,서울,강서구,강서대,인문,신학과,신학과,유지,유지,교과우수자,4.71,4.71,일반학생,5.89,3,,,,,,,,,,67.2,국수탐(1),5/3,,,,,,,,,,,,,,,,,,,,,
경상권,부산,영도구,국립한국해양대,자연,기계공학부,기계공학부(기계시스템공학전공),유지,유지,교과성적우수자,4.18,4.02,일반,,,,,,아치해양인재Ⅰ,,,아치해양인재Ⅱ,,,67.2,국수영탐(2),3/2,,,,,,,,,,,,,,,,,,,,,
충청권,충남,천안시,백석대,공통,자유전공학부,자유전공학부(인문·자연계열),유지,변경,일반,5.44,4.98,,,,,,,,,,,,,67.2,"국수영 중 2개, 탐구(1)",4/-,,,,,,,,,,,,,,,,,,,,,
충청권,충남,아산시,순천향대,자연,스마트자동차학과,스마트자동차학과,유지,유지,교과면접,3.077,4.942,교과우수자,4.431,4.108,,,,일반학생,5.67,5.33,,,,67.2,"국수영 중 2개, 탐구(1)",4/1,,,,,,,,,,,,,,,,,,,,,
전라권,전북,전주시,전주대,자연,보건관리학과,보건관리학과,유지,유지,일반학생(교과),6.26,5.52,,,,,,,일반학생(종합),7.03,6.63,,,,67.2,"국수영 중 2개, 탐구(1)",4/7,,,,,,,,,,,,,,,,,,,,,
제주권,제주,제주시,제주대,인문,경영학과,경영학과,유지,유지,일반학생,5.12,4.24,,,,,,,일반학생,4.59,4.45,,,,67.2,국수영탐(2),4/3,,,,,,,,,,,,,,,,,,,,,
충청권,충남,아산시,호서대,자연,생명공학과,생명공학과,유지,유지,학생부,4.26,4.09,,,,,,,호서인재,3.14,3.14,,,,67.16,"국수영 중 2개, 탐구(1)",3/1,,,,,,,,,,,,,,,,,,,,,
경상권,부산,남구,국립부경대,자연,나노융합반도체공학부,나노융합반도체공학부,,,교과성적우수인재,3.38,3.22,일반,3.19,2,,,,학교생활우수인재,4.08,3.77,,,,67.125,국수영탐(2),3/3,,,,,,,,,,,,,,,,,,,,,
경상권,부산,남구,국립부경대,자연,생물공학과,생물공학과,,,교과성적우수인재,3.26,3.04,일반,,3.84,,,,학교생활우수인재,,2.69,,,,67.02188,국수영탐(2),4/5,,,,,,,,,,,,,,,,,,,,,
충청권,세종,세종,고려대(세종),인문,표준•지식학과,표준•지식학과,유지,유지,일반,3.87,3.73,,,,,,,크림슨인재,4.6,4.52,,,,67,국수영탐(2),3/-,,,,,,,,,,,,,,,,,,,,,
경상권,부산,남구,국립부경대,인문,국제통상학부,국제통상학부,,,교과성적우수인재,3.12,3,일반,2,2,,,,학교생활우수인재,4.54,4.03,,,,67,국수영탐(2),3/3,,,,,,,,,,,,,,,,,,,,,
충청권,충남,천안시,남서울대,자연,건축학과(5),건축학과(5),유지,유지,교과+면접,3.67,3.9,일반,3.57,3.23,,,,학생부종합 서류형,5.39,4.92,,,,67,국수영탐(1) 중 2개,-/-,,,,,,,,,,,,,,,,,,,,,
충청권,충남,천안시,남서울대,인문,중국학과,중국학과,유지,유지,교과+면접,5.83,5.67,일반,4.2,4.33,,,,학생부종합 서류형,6.89,5.47,,,,67,국수영탐(1) 중 2개,-/-,,,,,,,,,,,,,,,,,,,,,
충청권,대전,동구,대전대,자연,AI소프트웨어학부,AI소프트웨어학부,유지,유지,교과면접,6.17,5.67,교과중점,6.13,5.77,,,,,,,,,,67,국수영탐(1) 중 2개,5/4,,,,,,,,,,,,,,,,,,,,,
충청권,대전,동구,대전대,자연,정보보안학과,정보보안학과,유지,유지,교과면접,5.33,5.33,교과중점,5.79,5.37,,,,,,,,,,67,국수영탐(1) 중 2개,3/5,,,,,,,,,,,,,,,,,,,,,
경상권,경북,경주시,동국대(WISE),인문,조리외식경영학전공,조리외식경영학전공,유지,유지,교과,4.7,4.4,면접,5.4,5.3,,,,참사랑,4.8,4.8,,,,67,국수탐(1) 중 2개,4/2,,,,,,,,,,,,,,,,,,,,,
경상권,경북,경주시,동국대(WISE),자연,컴퓨터공학과,컴퓨터공학과,유지,유지,교과,4.2,3.9,면접,4.5,4.3,,,,참사랑,4.5,4.5,,,,67,국수탐(1) 중 2개,4/2,,,,,,,,,,,,,,,,,,,,,
경상권,부산,서구,동아대,인문,경영정보학과,경영정보학과,유지,유지,교과성적우수자,4,3.83,,,,,,,잠재능력우수자,4.9,4.81,학교생활우수자,4.73,4.65,67,국수영탐(2),-/-,,,,,,,,,,,,,,,,,,,,,
경상권,부산,사하구,동아대,자연,바이오소재공학과,바이오소재공학과,유지,유지,교과성적우수자,4.5,4.5,,,,,,,잠재능력우수자,5.52,5.2,학교생활우수자,5.1,4.63,67,국수영탐(2),-/-,,,,,,,,,,,,,,,,,,,,,
충청권,충남,천안시,백석대,인문,특수교육과,특수교육과,유지,유지,백석인재,4.74,4.67,일반,4.04,3.94,,,,창의인재,5.52,5.27,,,,67,"국수영 중 2개, 탐구(1)",3/-,,,,,,,,,,,,,,,,,,,,,
경상권,부산,금정구,부산가톨릭대,자연,물리치료학과,물리치료학과,유지,유지,교과성적우수자,2.3,2.2,,,,,,,가톨릭지도자추천,3.84,3.84,고교학생부,3.75,3.45,67,국수영탐(2),3/5,,,,,,,,,,,,,,,,,,,,,
전라권,전북,전주시,전주대,인문,사회복지학과,사회복지학과,유지,유지,일반학생(교과),5.42,5.14,,,,,,,일반학생(종합),6.6,6.2,,,,67,"국수영 중 2개, 탐구(1)",4/3,,,,,,,,,,,,,,,,,,,,,
충청권,충남,아산시,호서대,자연,기계공학과,기계공학과,유지,유지,학생부,4.23,4.1,,,,,,,호서인재,5.6,5.58,,,,66.98,"국수영 중 2개, 탐구(1)",3/1,,,,,,,,,,,,,,,,,,,,,
충청권,충남,천안시,호서대,인문,영어영문학과,영어영문학과,유지,유지,학생부,4.54,4.33,,,,,,,호서인재,5.12,4.82,,,,66.98,"국수영 중 2개, 탐구(1)",3/1,,,,,,,,,,,,,,,,,,,,,
충청권,충남,아산시,호서대,자연,전자재료공학과,전자재료공학과,유지,유지,학생부,5.41,5.03,,,,,,,호서인재,5.32,5.32,,,,66.98,"국수영 중 2개, 탐구(1)",3/1,,,,,,,,,,,,,,,,,,,,,
전라권,전남,무안군,국립목포대,자연,반도체공학과,반도체공학과,유지,유지,교과일반,6.81,6.01,,,,,,,종합일반,,6.44,,,,66.9,"국탐(1) 중 1개, 수영",4/-,,,,,,,,,,,,,,,,,,,,,
충청권,충남,금산군,중부대,인문,경찰행정학전공,경찰행정학전공,유지,유지,학교생활우수자,5,4.7,학생부우수자,5.2,4.7,,,,,,,,,,66.9,"국수영 중 2개, 탐(1)한 중 1개",3/-,,,,,,,,,,,,,,,,,,,,,
경상권,경남,창원시,국립창원대,인문,국어국문학과,국어국문학과,유지,유지,학업성적우수자,4.81,4.71,,,,,,,계열적합인재,5.09,4.96,,,,66.9,국수영탐(1),2/-,,,,,,,,,,,,,,,,,,,,,
경상권,경남,진주시,경상국립대,인문,역사교육과,역사교육과,유지,유지,일반,2.97,2.82,,,,,,,,,,,,,66.875,국수영탐(2),5/-,,,,,,,,,,,,,,,,,,,,,
충청권,충북,청주시,청주대,인문,광고홍보학과,광고홍보학과,변경,유지,교과우수,5.25,4.38,담임추천,4.63,4.5,일반,4.25,3.75,,,,,,,66.8415,국수영탐(2) 중 3개,4/4,,,,,,,,,,,,,,,,,,,,,
경상권,경북,경산시,영남대,인문,심리학과,심리학과,,,일반학생,3.61,3.54,,,,,,,잠재능력우수자,4.36,4.12,,,,66.83,국수영탐(2),-/-,,,,,,,,,,,,,,,,,,,,,
경상권,경남,진주시,경상국립대,자연,화학공학과,화학공학과,유지,유지,일반,4.19,4.02,,,,,,,일반,4.19,4.02,,,,66.8125,국수영탐(2),3/-,,,,,,,,,,,,,,,,,,,,,
전라권,광주,북구,전남대,자연,동물자원학부,동물자원학부,유지,유지,일반,3.54,3.15,,,,,,,고교생활우수자Ⅰ,3.76,3.65,,,,66.8,국수탐(2),3/3,,,,,,,,,,,,,,,,,,,,,
전라권,전북,전주시,전주대,인문,법학과,법학과,유지,유지,일반학생(교과),6.41,6.11,,,,,,,일반학생(종합),5.79,5.33,,,,66.8,"국수영 중 2개, 탐구(1)",4/7,,,,,,,,,,,,,,,,,,,,,
충청권,충남,천안시,호서대,인문,유아교육과,유아교육과,유지,유지,학생부,3.6,3.51,,,,,,,호서인재,4.22,4.16,,,,66.77,"국수영 중 2개, 탐구(1)",3/1,,,,,,,,,,,,,,,,,,,,,
강원권,강원,강릉시,가톨릭관동대,자연,컴퓨터교육과,컴퓨터교육과,유지,유지,일반,5.09,4.63,,,,,,,일반,5.48,4.86,,,,66.75,"국수탐(2) 중 2개, 영",4/-,,,,,,,,,,,,,,,,,,,,,
전라권,광주,북구,전남대,자연,고분자융합소재공학부,고분자융합소재공학부,유지,유지,일반,3.46,3.32,,,,,,,고교생활우수자Ⅰ,3.61,3.46,,,,66.75,국수탐(2),3/3,,,,,,,,,,,,,,,,,,,,,
제주권,제주,제주시,제주대,인문,행정학과,행정학과,유지,유지,일반학생,3.85,3.57,,,,,,,일반학생,4.5,4.42,,,,66.75,국수영탐(2),4/2,,,,,,,,,,,,,,,,,,,,,
전라권,광주,동구,조선대,인문,유럽언어문화학부,유럽언어문화학부(독일어문화학전공),유지,유지,일반,,,,,,,,,,,,,,,66.75,국수영탐(1),5/2,,,,,,,,,,,,,,,,,,,,,
전라권,광주,동구,조선대,인문,유럽언어문화학부,유럽언어문화학부(러시아어전공),유지,유지,일반,,,,,,,,,,,,,,,66.75,국수영탐(1),5/2,,,,,,,,,,,,,,,,,,,,,
전라권,광주,동구,조선대,인문,유럽언어문화학부,유럽언어문화학부(스페인중남미전공),유지,유지,일반,6.63,6.33,,,,,,,,,,,,,66.75,국수영탐(1),5/2,,,,,,,,,,,,,,,,,,,,,
경상권,경남,창원시,국립창원대,인문,국제무역학과,국제무역학과,유지,유지,학업성적우수자,4.41,4.33,,,,,,,계열적합인재,4.93,4.76,,,,66.75,국수영탐(1),4/-,,,,,,,,,,,,,,,,,,,,,
경상권,부산,남구,국립부경대,자연,공과대학 자유전공학부,공과대학 자유전공학부,,,교과성적우수인재,3.53,3.43,,,,,,,학교생활우수인재,3.96,3.77,,,,66.7125,국수영탐(2),3/3,,,,,,,,,,,,,,,,,,,,,
제주권,제주,제주시,제주대,예체능,체육교육과,,유지,신설,,,,,,,,,,,,,,,,66.7,국수영탐(2),4/4,,,,,,,,,,,,,,,,,,,,,
경상권,경남,진주시,경상국립대,인문,법학부(법학전공/법조법학전공),법학부(법학전공/법조법학전공),유지,유지,일반,4.17,3.79,,,,,,,일반,4.17,3.79,,,,66.6875,국수영탐(2),4/-,,,,,,,,,,,,,,,,,,,,,
강원권,강원,원주시,"강원대(강릉,원주)",자연,정보통신공학과,정보통신공학과,유지,유지,해람교과,5.26,4.98,,,,,,,해람인재,6.65,6.32,,,,66.685,국수영탐(1) 중 3개,4/4,,,,,,,,,,,,,,,,,,,,,
경상권,울산,남구,울산대,예체능,디자인융합학부,디자인융합학부,유지,유지,일반교과,4.8,4.12,,,,,,,잠재역량,,5.73,,,,66.68068,국수영탐(1)한,3/-,,,,,,,,,,,,,,,,,,,,,
경상권,부산,사하구,동아대,자연,식품생명공학과,식품생명공학과,유지,유지,교과성적우수자,3.83,3.75,,,,,,,잠재능력우수자,5.1,5.07,학교생활우수자,4.23,3.95,66.67,국수영탐(2),-/-,,,,,,,,,,,,,,,,,,,,,
경상권,경북,경산시,영남대,자연,건설시스템공학과,건설시스템공학과,,,일반학생,5.06,4.91,,,,,,,잠재능력우수자,5.19,5.06,,,,66.67,국수영탐(2),-/-,,,,,,,,,,,,,,,,,,,,,
경상권,경북,경산시,영남대,자연,차세대반도체학과,차세대반도체학과,,,일반학생,5.04,4.99,,,,,,,잠재능력우수자,4.72,4.7,,,,66.67,국수영탐(2),-/-,,,,,,,,,,,,,,,,,,,,,
강원권,강원,원주시,경동대,자연,간호학과,간호학과,유지,유지,일반학생,3.64,3.5,자기추천제,3.75,3.48,,,,,,,,,,66.66667,국수영탐(1),3/6,,,,,,,,,,,,,,,,,,,,,
경인권,경기,양주시,경동대,예체능,스포츠마케팅학과,스포츠마케팅학과,유지,유지,일반학생,4.65,4.43,,,,,,,,,,,,,66.66667,국수영탐(1),4/3,,,,,,,,,,,,,,,,,,,,,
충청권,대전,대덕구,한남대,자연,자유전공학부,자유전공학부,유지,유지,일반,4.92,4.72,,,,,,,한남인재Ⅰ,5.48,5.22,,,,66.637,"국영탐(1) 중 2개, 수학",3/4,,,,,,,,,,,,,,,,,,,,,
경상권,경남,밀양시,부산대,자연,바이오환경에너지학과,바이오환경에너지학과,유지,유지,학생부교과,4,3.97,,,,,,,학생부종합,3.46,3.46,,,,66.625,국수영탐(2),3/5,,,,,,,,,,,,,,,,,,,,,
경상권,경남,밀양시,부산대,자연,식품공학과,식품공학과,유지,유지,학생부교과,,,,,,,,,학생부종합,3.53,3.51,,,,66.625,국수영탐(2),4/3,,,,,,,,,,,,,,,,,,,,,
전라권,광주,동구,조선대,자연,항공우주공학과,항공우주공학과,유지,유지,일반,5.45,4.69,,,,,,,서류,6.61,6.61,,,,66.575,국수영탐(1),6/8,,,,,,,,,,,,,,,,,,,,,
경상권,경남,진주시,경상국립대,인문,영어교육과,영어교육과,유지,유지,일반,3.15,3.08,,,,,,,일반,3.15,3.08,,,,66.5625,국수영탐(2),3/-,,,,,,,,,,,,,,,,,,,,,
경상권,대구,달서구,계명대,자연,건축학과,건축학과,유지,유지,면접,5.03,4.77,일반,4.15,4,,,,일반,4.15,4,,,,66.5,국수영탐(2),4/-,,,,,,,,,,,,,,,,,,,,,
경상권,대구,달서구,계명대,인문,경영학과,경영학과,유지,유지,면접,5.03,4.73,일반,4.1,3.86,,,,일반,4.1,3.86,,,,66.5,국수영탐(2),4/-,,,,,,,,,,,,,,,,,,,,,
충청권,충남,천안시,남서울대,인문,호텔경영학과,호텔경영학과,유지,유지,교과+면접,4.87,5.63,일반,4.7,4.13,,,,학생부종합 서류형,6.66,6.31,,,,66.5,국수영탐(1) 중 2개,-/-,,,,,,,,,,,,,,,,,,,,,
충청권,대전,서구,배재대,인문,경영학과,경영학과,유지,유지,교과,6.3,5.6,일반고교과,6.4,5.5,,,,,,,,,,66.5,국수영탐(1) 중 2개,4/3,,,,,,,,,,,,,,,,,,,,,
충청권,대전,서구,배재대,자연,의류패션학과,의류패션학과,유지,유지,교과,4.4,4.2,일반고교과,4.9,4.4,,,,,,,,,,66.5,국수영탐(1) 중 2개,4/3,,,,,,,,,,,,,,,,,,,,,
경상권,경북,경산시,영남대,인문,일어일문학과,일어일문학과,,,일반학생,4.51,4.41,,,,,,,잠재능력우수자,4.92,4.76,,,,66.5,국수영탐(2),-/-,,,,,,,,,,,,,,,,,,,,,
제주권,제주,제주시,제주대,자연,전자공학과,전자공학과,유지,유지,일반학생,5.29,4.85,,,,,,,일반학생,5.29,4.85,,,,66.5,국수영탐(2),4/3,,,,,,,,,,,,,,,,,,,,,
강원권,강원,원주시,한라대,자연,IT소프트웨어학과,IT소프트웨어학과,유지,유지,일반학생(교과중심),5.15,4.93,일반학생(면접중심),5.06,4.06,,,,운곡인재,4.5,,,,,66.5,국수영탐(1) 중 2개,4/4,,,,,,,,,,,,,,,,,,,,,
경상권,부산,남구,국립부경대,자연,식품과학부,식품과학부,,,교과성적우수인재,3.5,3.31,일반,2,2,,,,학교생활우수인재,4.03,3.76,,,,66.47813,국수영탐(2),3/4,,,,,,,,,,,,,,,,,,,,,
전라권,광주,동구,조선대,자연,광기술공학과,광기술공학과,유지,유지,일반,6.86,6.86,,,,,,,서류,7.87,7.67,,,,66.475,국수영탐(1),4/4,,,,,,,,,,,,,,,,,,,,,
전라권,전남,무안군,국립목포대,자연,인공지능공학과,인공지능공학과,유지,유지,교과일반,6.32,6.02,,,,,,,종합일반,,6,,,,66.4,"국탐(1) 중 1개, 수영",4/-,,,,,,,,,,,,,,,,,,,,,
충청권,대전,서구,목원대,인문,금융경제학과,금융경제학과,유지,유지,교과,5.13,4.31,,,,,,,,,,,,,66.4,국수영탐탐한 중 2개,3/5,,,,,,,,,,,,,,,,,,,,,
충청권,대전,서구,목원대,인문,영어학과,영어학과,유지,유지,교과,5,4.25,,,,,,,,,,,,,66.4,국수영탐탐한 중 2개,3/5,,,,,,,,,,,,,,,,,,,,,
전라권,전북,전주시,전주대,자연,기계공학과,기계공학과,유지,유지,일반학생(교과),6.52,6.18,,,,,,,일반학생(종합),6.83,6.61,,,,66.4,"국수영 중 2개, 탐구(1)",4/5,,,,,,,,,,,,,,,,,,,,,
충청권,충남,천안시,호서대,인문,글로벌통상학과,글로벌통상학과,유지,유지,학생부,4.77,4.53,,,,,,,호서인재,5.05,5.04,,,,66.38,"국수영 중 2개, 탐구(1)",3/1,,,,,,,,,,,,,,,,,,,,,
경상권,경남,진주시,경상국립대,자연,전기공학과,전기공학과,유지,유지,일반,3.97,3.86,,,,,,,일반,3.97,3.86,,,,66.375,국수영탐(2),5/-,,,,,,,,,,,,,,,,,,,,,
서울,서울,구로구,서울한영대,인문,상담심리학과,상담심리학과,유지,유지,일반,5.77,5.19,,,,,,,,,,,,,66.375,국영탐(1)한,4/4,,,,,,,,,,,,,,,,,,,,,
경상권,부산,남구,국립부경대,자연,정보융합대학 자유전공학부,정보융합대학 자유전공학부,,,교과성적우수인재,3.63,3.5,,,,,,,,,,,,,66.35625,국수영탐(2),3/3,,,,,,,,,,,,,,,,,,,,,
경상권,경북,경산시,영남대,자연,로봇공학과,로봇공학과,,,일반학생,5.1,4.89,,,,,,,잠재능력우수자,5.26,5.03,,,,66.33,국수영탐(2),-/-,,,,,,,,,,,,,,,,,,,,,
충청권,대전,유성구,충남대,자연,건설공학교육과,건설공학교육과,유지,유지,일반,3.95,3.91,,,,,,,학생부종합Ⅰ,4.3,4.27,,,,66.3,국수탐(2),1/1,,,,,,,,,,,,,,,,,,,,,
경상권,경남,진주시,경상국립대,인문,심리학과,심리학과,유지,유지,일반,3.43,3.35,,,,,,,일반,3.43,3.35,,,,66.21875,국수영탐(2),4/-,,,,,,,,,,,,,,,,,,,,,
전라권,전남,무안군,국립목포대,자연,컴퓨터학부,컴퓨터학부,유지,유지,교과일반,5.66,5.05,,,,,,,종합일반,6.3,6.01,,,,66.2,"국탐(1) 중 1개, 수영",5/-,,,,,,,,,,,,,,,,,,,,,
충청권,충남,천안시,나사렛대,자연,응급구조학과,응급구조학과,,,일반학생,4.053,3.65,,,,,,,창의융합인재,5.183,5.15,,,,66.2,"국수영 중 2개, 탐구(1)",3/-,,,,,,,,,,,,,,,,,,,,,
충청권,충남,천안시,호서대,인문,디지털금융경영학과,디지털금융경영학과,유지,유지,학생부,5,4.86,,,,,,,호서인재,6.18,6.18,,,,66.2,"국수영 중 2개, 탐구(1)",3/1,,,,,,,,,,,,,,,,,,,,,
충청권,충남,천안시,호서대,인문,사회복지학부,사회복지학부,유지,유지,학생부,4.24,4.13,,,,,,,호서인재,5.11,4.85,,,,66.2,"국수영 중 2개, 탐구(1)",3/1,,,,,,,,,,,,,,,,,,,,,
경상권,경남,밀양시,부산대,자연,바이오산업기계공학과,바이오산업기계공학과,유지,유지,학생부교과,4.21,3.78,,,,,,,학생부종합,3.93,3.81,,,,66.1875,국수영탐(2),5/2,,,,,,,,,,,,,,,,,,,,,
충청권,충북,청주시,청주대,인문,무역학과,무역학과,변경,유지,교과우수,5,4.88,담임추천,5.5,5.5,일반,5,4.63,,,,,,,66.1755,국수영탐(2) 중 3개,4/4,,,,,,,,,,,,,,,,,,,,,
전라권,광주,동구,조선대,인문,아랍어전공,아랍어전공,유지,유지,일반,6.84,6.84,,,,,,,서류,,,,,,66.175,국수영탐(1),4/5,,,,,,,,,,,,,,,,,,,,,
전라권,광주,동구,조선대,인문,아시아언어문화학부,아시아언어문화학부(중국어문화학전공),유지,유지,일반,6.41,6.7,,,,,,,서류,7.52,5.69,,,,66.175,국수영탐(1),4/5,,,,,,,,,,,,,,,,,,,,,
전라권,광주,동구,조선대,인문,아시아언어문화학부,아시아언어문화학부(철학전공),유지,유지,일반,7.15,5.77,,,,,,,,,,,,,66.175,국수영탐(1),4/5,,,,,,,,,,,,,,,,,,,,,
전라권,광주,동구,조선대,인문,아시아언어문화학부,아시아언어문화학부(중국어문화학전공),유지,유지,일반,6.41,6.7,,,,,,,서류,7.52,5.69,,,,66.175,국수영탐(1),4/5,,,,,,,,,,,,,,,,,,,,,
경상권,경북,경산시,영남대,인문,영어교육과,영어교육과,,,일반학생,3.39,3.09,,,,,,,잠재능력우수자,3.63,3.56,,,,66.17,국수영탐(2),-/-,,,,,,,,,,,,,,,,,,,,,
경상권,부산,남구,경성대,예체능,영상애니메이션학부,영상애니메이션학부,유지,유지,일반계고교과,3,2.7,일반계고면접,3.3,3.2,,,,학교생활우수자,3.34,3.05,,,,66.16667,국수영탐(2),4/-,,,,,,,,,,,,,,,,,,,,,
경상권,경남,진주시,경상국립대,자연,화학교육과,화학교육과,유지,유지,일반,,,,,,,,,,,,,,,66.15625,국수영탐(2),4/-,,,,,,,,,,,,,,,,,,,,,
경상권,부산,금정구,부산대,인문,독어독문학과,독어독문학과,유지,유지,학생부교과,3.24,3.1,,,,,,,학생부종합,3.48,3.25,,,,66.125,국수영탐(2),3/5,,,,,,,,,,,,,,,,,,,,,
전라권,전북,군산시,국립군산대,자연,자율전공학부,조선공학과,유지,변경,일반,,,,,,,,,일반학생,,,,,,66.1,국수영탐(2),4/3,,,,,,,,,,,,,,,,,,,,,
전라권,전북,군산시,국립군산대,자연,전자공학과,전자공학과,유지,유지,일반,6.2,5.81,,,,,,,일반학생,5.92,5.8,,,,66.1,국수영탐(2),4/3,,,,,,,,,,,,,,,,,,,,,
전라권,전북,군산시,국립군산대,자연,조선공학과,조선공학과,유지,유지,일반,,,,,,,,,일반학생,,,,,,66.1,국수영탐(2),4/3,,,,,,,,,,,,,,,,,,,,,
경인권,경기,용인시,한국외대,인문,사학과,사학과,유지,유지,학교장추천,192.96,194.14,,,,,,,학생부종합(면접형),4.02,3.73,학생부종합(서류형),3.24,3.13,66.1,국수영탐(2),3/2,,,,,,,,,,,,,,,,,,,,,
경상권,울산,남구,울산대,인문,경영경제융합학부,경영경제융합학부,유지,유지,일반교과,4.3,3.96,,,,,,,잠재역량,,6.02,,,,66.09409,국수영탐(1)한,6/3,,,,,,,,,,,,,,,,,,,,,
충청권,충남,아산시,호서대,자연,건축토목공학부,건축토목공학부,유지,유지,학생부,4.69,4.54,,,,,,,호서인재,5.17,4.87,,,,66.08,"국수영 중 2개, 탐구(1)",3/1,,,,,,,,,,,,,,,,,,,,,
충청권,충남,아산시,호서대,자연,지능로봇학과,지능로봇학과,유지,유지,학생부,5.43,5.18,,,,,,,호서인재,5.63,5.59,,,,66.08,"국수영 중 2개, 탐구(1)",3/1,,,,,,,,,,,,,,,,,,,,,
충청권,세종,세종,고려대(세종),자연,컴퓨터소프트웨어학과,컴퓨터융합소프트웨어학과,유지,변경,일반,3.43,3.25,,,,,,,크림슨인재,3.64,3.46,,,,66.0625,국수영탐(2),1/-,,,,,,,,,,,,,,,,,,,,,
강원권,강원,강릉시,"강원대(강릉,원주)",인문,무역학과,무역학과,유지,유지,해람교과,4.85,4.71,,,,,,,해람인재,5.63,5.49,,,,66.019,국수영탐(1) 중 3개,4/4,,,,,,,,,,,,,,,,,,,,,
강원권,강원,강릉시,"강원대(강릉,원주)",자연,식품영양학과,식품영양학과,유지,유지,해람교과,4.24,3.6,,,,,,,해람인재,5.17,4.83,,,,66.019,국수영탐(1) 중 3개,4/4,,,,,,,,,,,,,,,,,,,,,
강원권,강원,강릉시,"강원대(강릉,원주)",자연,신소재·생명화학공학부,신소재·생명화학공학부,유지,유지,해람교과,5.54,5.22,,,,,,,해람인재,6.37,6.12,,,,66.019,국수영탐(1) 중 3개,4/4,,,,,,,,,,,,,,,,,,,,,
강원권,강원,강릉시,"강원대(강릉,원주)",공통,자유전공학부,자유전공학부,신설,변경,해람교과,4.93,4.69,,,,,,,해람인재,5.71,5.66,,,,66.019,국수영탐(1) 중 3개,4/4,,,,,,,,,,,,,,,,,,,,,
경인권,경기,양주시,경동대,자연,건설시스템공학과,건설시스템공학과,유지,유지,일반학생,5.84,5.6,,,,,,,,,,,,,66,국수영탐(1),5/5,,,,,,,,,,,,,,,,,,,,,
충청권,세종,세종,고려대(세종),자연,응용수리과학부,응용수리과학부,유지,유지,일반,2.81,2.81,,,,,,,크림슨인재,4.06,3.99,,,,66,국수영탐(2),3/-,,,,,,,,,,,,,,,,,,,,,
충청권,충남,천안시,남서울대,자연,전자공학과,전자공학과,유지,유지,교과+면접,4.87,5.1,일반,3.93,3.97,,,,학생부종합 서류형,6.56,6.2,,,,66,국수영탐(1) 중 2개,3/-,,,,,,,,,,,,,,,,,,,,,
충청권,충남,천안시,남서울대,인문,휴먼케어학과,휴먼케어학과,유지,유지,교과+면접,5.47,5.83,일반,5.3,4.93,,,,학생부종합 서류형,6.59,6.08,,,,66,국수영탐(1) 중 2개,-/-,,,,,,,,,,,,,,,,,,,,,
경상권,경북,경주시,동국대(WISE),자연,수학교육과,수학교육과,유지,유지,교과,3.7,3.2,면접,4.1,4.1,,,,참사랑,,,,,,66,국수탐(1) 중 2개,4/2,,,,,,,,,,,,,,,,,,,,,
경상권,경북,경주시,동국대(WISE),인문,회계세무학과,회계세무학과,유지,유지,교과,4.1,3.9,면접,4.3,4.3,,,,참사랑,,,,,,66,국수탐(1) 중 2개,4/2,,,,,,,,,,,,,,,,,,,,,
경상권,부산,사하구,동아대,자연,건축공학과,건축공학과,유지,유지,교과성적우수자,4.25,3.75,,,,,,,잠재능력우수자,4.25,4.15,학교생활우수자,4.47,4.36,66,국수영탐(2),-/-,,,,,,,,,,,,,,,,,,,,,
충청권,충북,청주시,서원대,자연,생물교육과,생물교육과,유지,유지,일반,4.3,3.5,,,,,,,,,,,,,66,"국수탐(1) 중 2개, 영어",4/5,,,,,,,,,,,,,,,,,,,,,
전라권,전북,전주시,전주대,자연,건축공학과,건축공학과,유지,유지,일반학생(교과),7.08,6.44,,,,,,,일반학생(종합),6.44,6.08,,,,66,"국수영 중 2개, 탐구(1)",3/6,,,,,,,,,,,,,,,,,,,,,
제주권,제주,제주시,제주대,인문,회계학과,회계학과,유지,유지,일반학생,4.67,3.99,,,,,,,일반학생,5.1,4.94,,,,65.925,국수영탐(2),4/4,,,,,,,,,,,,,,,,,,,,,
전라권,광주,동구,조선대,자연,물리교육과,물리교육과,유지,유지,일반,,,,,,,,,서류,7.23,4.89,,,,65.85,국수영탐(1),3/5,,,,,,,,,,,,,,,,,,,,,
경상권,경남,진주시,경상국립대,자연,미래자동차공학과,미래자동차공학과,유지,유지,일반,4.96,4.67,,,,,,,일반,4.96,4.67,,,,65.84375,국수영탐(2),4/-,,,,,,,,,,,,,,,,,,,,,
충청권,충북,청주시,청주대,자연,환경공학과,환경공학과,변경,유지,교과우수,4.5,4.75,담임추천,5.63,5.63,일반,4.63,4,,,,,,,65.8425,국수영탐(2) 중 3개,4/4,,,,,,,,,,,,,,,,,,,,,
경상권,경북,경산시,영남대,자연,화학공학부,화학공학부,,,일반학생,4.31,4.11,,,,,,,잠재능력우수자,4.52,4.37,,,,65.83,국수영탐(2),-/-,,,,,,,,,,,,,,,,,,,,,
경상권,경남,진주시,경상국립대,인문,행정학과,행정학과,유지,유지,일반,4.11,3.93,,,,,,,일반,4.11,3.93,,,,65.8125,국수영탐(2),4/-,,,,,,,,,,,,,,,,,,,,,
경상권,경남,밀양시,부산대,자연,조경학과,조경학과,유지,유지,학생부교과,4.26,4.17,,,,,,,학생부종합,4.23,4.15,,,,65.8125,국수영탐(2),3/3,,,,,,,,,,,,,,,,,,,,,
전라권,전북,군산시,국립군산대,자연,의류학부,의류학부,유지,변경,일반,5.58,5.41,,,,,,,일반학생,6.23,6.11,,,,65.8,국수영탐(2),4/5,,,,,,,,,,,,,,,,,,,,,
전라권,전남,무안군,국립목포대,자연,에너지화학공학과,에너지화학공학과,유지,유지,교과일반,4.89,4.13,,,,,,,종합일반,,,,,,65.8,"국탐(1) 중 1개, 수영",6/-,,,,,,,,,,,,,,,,,,,,,
충청권,대전,서구,목원대,자연,AI응용학과,AI응용학과,유지,유지,교과,4.75,4.52,,,,,,,,,,,,,65.8,국수영탐탐한 중 2개,4/3,,,,,,,,,,,,,,,,,,,,,
충청권,대전,서구,목원대,인문,경영학부,경영학부,유지,유지,교과,4.75,4.32,,,,,,,학생부종합,5.5,4.44,,,,65.8,국수영탐탐한 중 2개,4/3,,,,,,,,,,,,,,,,,,,,,
충청권,대전,서구,목원대,자연,보건의료행정학과,보건의료행정학과,유지,유지,교과,4.75,4.17,,,,,,,,,,,,,65.8,국수영탐탐한 중 2개,4/3,,,,,,,,,,,,,,,,,,,,,
충청권,대전,서구,목원대,자연,전기전자공학과,전기전자공학과,유지,유지,교과,4.5,3.94,,,,,,,,,,,,,65.8,국수영탐탐한 중 2개,4/3,,,,,,,,,,,,,,,,,,,,,
충청권,대전,서구,목원대,자연,컴퓨터융합학부,컴퓨터공학과,유지,유지,교과,4.38,4.15,,,,,,,,,,,,,65.8,국수영탐탐한 중 2개,4/3,,,,,,,,,,,,,,,,,,,,,
전라권,전북,전주시,전북대,자연,과학교육학부,과학교육학부,유지,유지,일반학생,3.46,3.34,,,,,,,큰사람,3.84,3.52,,,,65.8,국수탐(2),3/2,,,,,,,,,,,,,,,,,,,,,
경인권,경기,평택시,한경국립대,예체능,귀금속보석공예전공,귀금속보석공예전공,유지,유지,일반P,4.12,4.1,,,,,,,,,,,,,65.8,"국수영 중 2개, 탐구(1)",4/6,,,,,,,,,,,,,,,,,,,,,
충청권,충남,서산시,한서대,인문,인문사회전공자율학과,전공자율선택(인문사회계열),유지,변경,학생부교과1,5.5,4.5,학생부교과2,5.5,4.7,,,,,,,,,,65.8,"국수영 중 2개, 탐구(1)",-/-,,,,,,,,,,,,,,,,,,,,,
전라권,광주,동구,조선대,자연,산업공학과,산업공학과,유지,유지,일반,6.74,6.4,,,,,,,서류,7.64,6.55,,,,65.775,국수영탐(1),4/5,,,,,,,,,,,,,,,,,,,,,
경상권,대구,달서구,계명대,인문,Keimyung Adams College,국제경영학과(IB),유지,변경,면접,5.92,5.92,일반,4.09,3.7,,,,일반,4.09,3.7,,,,65.75,국수영탐(2),5/-,,,,,,,,,,,,,,,,,,,,,
경상권,대구,달서구,계명대,자연,간호학과,간호학과,유지,유지,면접,2.5,2.24,일반,2.5,2.5,,,,일반,2.5,2.5,,,,65.75,국수영탐(2),5/-,,,,,,,,,,,,,,,,,,,,,
경상권,경남,진주시,경상국립대,자연,의류학과,의류학과,유지,유지,일반,4.56,2.56,,,,,,,일반,4.56,2.56,,,,65.71875,국수영탐(2),4/-,,,,,,,,,,,,,,,,,,,,,
경상권,울산,남구,울산대,인문,글로벌인문학부,글로벌인문학부,유지,유지,일반교과,4.9,4.49,,,,,,,잠재역량,,6.25,,,,65.7027,국수영탐(1)한,4/4,,,,,,,,,,,,,,,,,,,,,
서울,서울,노원구,한국성서대,인문,영유아보육학과,영유아보육학과,유지,유지,교과성적우수자,5.1,4.42,목회자추천,5.11,5.08,일반학생,5.57,5.19,,,,,,,65.7,국영탐(1),4/4,,,,,,,,,,,,,,,,,,,,,
충청권,충남,아산시,호서대,자연,환경공학과,환경공학과,유지,유지,학생부,5.15,4.79,,,,,,,호서인재,4.5,3.77,,,,65.69,"국수영 중 2개, 탐구(1)",3/1,,,,,,,,,,,,,,,,,,,,,
경상권,경북,경산시,경일대,자연,응급구조학과,응급구조학과,유지,유지,면접,4.52,,일반,3.27,,,,,학생부종합,4.79,,,,,65.687,국수영탐(1) 중 3개,4/2,,,,,,,,,,,,,,,,,,,,,
경상권,경북,경산시,영남대,자연,물리학과,물리학과,,,일반학생,4.95,4.57,,,,,,,잠재능력우수자,5.73,5.13,,,,65.67,국수영탐(2),-/-,,,,,,,,,,,,,,,,,,,,,
경상권,경북,경산시,영남대,자연,생명과학과,생명과학과,,,일반학생,4.39,4.14,,,,,,,잠재능력우수자,4.38,4.25,,,,65.67,국수영탐(2),-/-,,,,,,,,,,,,,,,,,,,,,
경상권,경북,경산시,영남대,자연,신소재공학부,신소재공학부,,,일반학생,4.78,4.66,,,,,,,잠재능력우수자,5.34,5.04,,,,65.67,국수영탐(2),-/-,,,,,,,,,,,,,,,,,,,,,
충청권,대전,동구,우송대,예체능,테크노미디어융합학부 글로벌미디어영상학과,테크노미디어융합학부 글로벌미디어영상학과,유지,유지,교과중심,7,4.9,면접,6.666667,6.166667,우송인재,6.3,5.3,서류형,,6.2535,,,,65.66,국수영탐(1) 중 2개,-/-,,,,,,,,,,,,,,,,,,,,,
경상권,부산,남구,국립부경대,자연,수산과학대학 자유전공학부,수산과학대학 자유전공학부,,,교과성적우수인재,4.04,3.75,,,,,,,학교생활우수인재,3.86,3.76,,,,65.65,국수영탐(2),3/3,,,,,,,,,,,,,,,,,,,,,
경상권,대구,달서구,계명대,인문,영어교육과,영어교육과,유지,유지,면접,4.52,4.52,일반,3.43,3.36,,,,일반,3.43,3.36,,,,65.625,국수영탐(2),3/-,,,,,,,,,,,,,,,,,,,,,
경상권,부산,남구,국립부경대,인문,영어영문학부,영어영문학부,,,교과성적우수인재,3.34,3.27,일반,2,2,,,,학교생활우수인재,3.9,3.76,,,,65.61875,국수영탐(2),2/2,,,,,,,,,,,,,,,,,,,,,
제주권,제주,제주시,제주대,자연,전기공학과,전기공학과,유지,유지,일반학생,4.54,4.34,,,,,,,일반학생,,5.21,,,,65.605,국수영탐(2),4/4,,,,,,,,,,,,,,,,,,,,,
경상권,경북,경산시,대구가톨릭대,자연,보건관리학과,보건안전학과,유지,변경,교과,5.64,5.13,,,,,,,종합,6.02,5.59,,,,65.6,국수영탐(1) 중 3개,5/4,,,,,,,,,,,,,,,,,,,,,
경상권,경북,경산시,대구가톨릭대,인문,보건의료경영학과,국제의료경영학과,유지,변경,교과,4.32,3.75,,,,,,,종합,5.55,5.3,,,,65.6,국수영탐(1) 중 3개,5/4,,,,,,,,,,,,,,,,,,,,,
경상권,경북,경산시,대구가톨릭대,자연,식품영양학과,식품영양학과,유지,유지,교과,3.99,3.38,,,,,,,종합,5.2,5.05,,,,65.6,국수영탐(1) 중 3개,5/4,,,,,,,,,,,,,,,,,,,,,
경상권,경북,경산시,대구가톨릭대,자연,안경광학과,안경광학과,유지,유지,교과,6.35,5.42,,,,,,,종합,5.34,4.96,,,,65.6,국수영탐(1) 중 3개,5/4,,,,,,,,,,,,,,,,,,,,,
경상권,경북,경산시,대구가톨릭대,자연,언어청각치료학과,언어청각치료학과,유지,유지,교과,4.33,3.88,,,,,,,종합,5.22,4.75,,,,65.6,국수영탐(1) 중 3개,5/4,,,,,,,,,,,,,,,,,,,,,
경상권,경북,경산시,대구가톨릭대,자연,외식조리제과제빵학과,외식조리제과제빵학과,유지,유지,교과,4.78,4.08,,,,,,,종합,5.03,4.71,,,,65.6,국수영탐(1) 중 3개,5/4,,,,,,,,,,,,,,,,,,,,,
경상권,경북,경산시,대구가톨릭대,자연,원예•식품학과,원예•식품학과,폐지,폐지,교과,6.84,6.57,,,,,,,종합,7.33,7.13,,,,65.6,국수영탐(1) 중 3개,5/4,,,,,,,,,,,,,,,,,,,,,
경상권,경북,경산시,대구가톨릭대,자연,의료재활학과,의료재활학과,유지,유지,교과,4.41,4.13,,,,,,,,,,,,,65.6,국수영탐(1) 중 3개,5/4,,,,,,,,,,,,,,,,,,,,,
경상권,경북,경산시,대구가톨릭대,자연,제약공학과,제약공학과,유지,유지,교과,4.96,4.54,,,,,,,종합,4.98,4.75,,,,65.6,국수영탐(1) 중 3개,5/4,,,,,,,,,,,,,,,,,,,,,
충청권,충북,청주시,서원대,인문,경찰행정학부,경찰행정학부,유지,유지,인문계고,4.2,3.9,일반,3.9,3.7,창의면접,5.7,4.7,,,,,,,65.6,"국수탐(1) 중 2개, 영어",4/5,,,,,,,,,,,,,,,,,,,,,
경상권,부산,금정구,부산대,인문,노어노문학과,노어노문학과,유지,유지,학생부교과,3.4,3.33,,,,,,,학생부종합,3.84,3.84,,,,65.59375,국수영탐(2),3/1,,,,,,,,,,,,,,,,,,,,,
제주권,제주,제주시,제주대,인문,영어영문학과,영어영문학과,유지,유지,일반학생,3.72,3.49,,,,,,,일반학생,,4.39,,,,65.54,국수영탐(2),4/3,,,,,,,,,,,,,,,,,,,,,
경상권,경북,안동시,국립경국대,인문,사회복지·상담학부,사회복지·상담학부,유지,유지,일반학생,5.34,4.9,,,,,,,NUG인재,5.8,5.5,,,,65.5,국수영탐(1) 중 2개,5/2,,,,,,,,,,,,,,,,,,,,,
전라권,전남,무안군,국립목포대,인문,경제무역학부,경제무역학부,유지,유지,교과일반,7.08,6.65,,,,,,,종합일반,7.21,6.64,,,,65.5,"수탐(1) 중 1개, 국영",3/-,,,,,,,,,,,,,,,,,,,,,
충청권,충남,천안시,남서울대,인문,광고홍보학과,광고홍보학과,유지,유지,교과+면접,3.87,3.57,일반,3.63,3.37,,,,학생부종합 서류형,5.68,5.12,,,,65.5,국수영탐(1) 중 2개,4/-,,,,,,,,,,,,,,,,,,,,,
충청권,충남,천안시,남서울대,자연,드론공간정보공학과,드론공간정보공학과,유지,유지,교과+면접,6,5.4,일반,4.83,4.67,,,,학생부종합 서류형,7,6.53,,,,65.5,국수영탐(1) 중 2개,-/-,,,,,,,,,,,,,,,,,,,,,
충청권,대전,서구,배재대,자연,전기전자공학과,전기전자공학과,유지,유지,교과,5.5,5.1,일반고교과,6.6,5.8,,,,,,,,,,65.5,국수영탐(1) 중 2개,4/4,,,,,,,,,,,,,,,,,,,,,
충청권,대전,서구,배재대,자연,조경학과,조경학과,유지,유지,교과,5.4,5.1,일반고교과,5.8,5.7,,,,,,,,,,65.5,국수영탐(1) 중 2개,3/5,,,,,,,,,,,,,,,,,,,,,
충청권,대전,서구,배재대,인문,항공서비스학과,항공서비스학과,유지,유지,교과,4.4,4.3,항공인재,4.4,3.3,,,,,,,,,,65.5,국수영탐(1) 중 2개,4/4,,,,,,,,,,,,,,,,,,,,,
경상권,부산,영도구,국립한국해양대,자연,해양건축공학과,해양건축공학과,유지,유지,교과성적우수자,4.6,4.17,일반,,,,,,아치해양인재Ⅰ,,,아치해양인재Ⅱ,,,65.46667,국수영탐(2),4/2,,,,,,,,,,,,,,,,,,,,,
경상권,부산,남구,국립부경대,자연,데이터정보과학부,데이터정보과학부,,,교과성적우수인재,4.08,3.84,일반,,2.25,,,,학교생활우수인재,3.69,3.68,,,,65.45313,국수영탐(2),3/3,,,,,,,,,,,,,,,,,,,,,
경인권,경기,고양시,중부대,인문,엔터테인먼트학전공,엔터테인먼트학전공,유지,유지,학교생활우수자,3.4,3,학생부우수자,3.4,3.1,,,,,,,,,,65.45,"국수영 중 2개, 탐(1)한 중 1개",2/-,,,,,,,,,,,,,,,,,,,,,
경상권,부산,남구,국립부경대,자연,의공학전공,의공학전공,,,교과성적우수인재,4.33,4.1,일반,,4.07,,,,학교생활우수인재,,3.45,,,,65.40625,국수영탐(2),4/3,,,,,,,,,,,,,,,,,,,,,
경상권,부산,사상구,신라대,자연,컴퓨터교육과,컴퓨터교육과,유지,유지,면접우수자,3,3,일반고교과,3.4,3.4,,,,학생부종합Ⅱ,5.3,5.3,,,,65.33333,국수영탐(1),1/-,,,,,,,,,,,,,,,,,,,,,
전라권,전북,익산시,원광대,자연,응급구조학과,응급구조학과,유지,유지,일반,3.96,3.67,,,,,,,학생부종합,5.1,4.83,,,,65.33333,"국수 중 1개, 영탐(1)",4/2,,,,,,,,,,,,,,,,,,,,,
경상권,경북,경산시,영남대,자연,정보통신공학전공,정보통신공학전공,,,일반학생,4.89,4.62,,,,,,,잠재능력우수자,4.96,4.85,,,,65.33,국수영탐(2),-/-,,,,,,,,,,,,,,,,,,,,,
충청권,충남,아산시,호서대,자연,전기시스템공학과,시스템제어공학과,유지,변경,학생부,5.97,5.67,,,,,,,호서인재,,,,,,65.3,"국수영 중 2개, 탐구(1)",3/1,,,,,,,,,,,,,,,,,,,,,
충청권,충남,천안시,호서대,인문,청소년문화•상담학과,청소년문화•상담학과,유지,유지,학생부,3.62,3.53,,,,,,,호서인재,4.63,4.49,,,,65.3,"국수영 중 2개, 탐구(1)",3/1,,,,,,,,,,,,,,,,,,,,,
충청권,충남,아산시,호서대,자연,컴퓨터공학과,컴퓨터공학부,유지,변경,학생부,4.36,4.14,,,,,,,AI?SW인재,4.36,4.14,호서인재,5.34,4.97,65.3,"국수영 중 2개, 탐구(1)",3/1,,,,,,,,,,,,,,,,,,,,,
경상권,부산,남구,국립부경대,자연,환경해양대학 자유전공학부,환경해양대학 자유전공학부,,,교과성적우수인재,3.79,3.71,,,,,,,학교생활우수인재,4.56,4.5,,,,65.28125,국수영탐(2),3/4,,,,,,,,,,,,,,,,,,,,,
경상권,대구,달서구,계명대,인문,경찰행정학과,경찰행정학과,유지,유지,면접,3.07,2.77,일반,3.03,2.91,,,,일반,3.03,2.91,,,,65.25,국수영탐(2),4/-,,,,,,,,,,,,,,,,,,,,,
충청권,대전,동구,우송대,자연,보건의료경영학과,보건의료경영학과,유지,유지,교과중심,6.8,5.3,면접,6,5.708333,,,,,,,,,,65.24,국수영탐(1) 중 2개,-/-,,,,,,,,,,,,,,,,,,,,,
충청권,충북,제천시,세명대,자연,간호학과,간호학과,유지,유지,면접우수자,3.67,,일반,3.23,,,,,SMU의료인재,,3.93,,,,65.2,"국수탐탐 중 2개, 영한 중 1개",4/2,,,,,,,,,,,,,,,,,,,,,
경상권,경남,창원시,국립창원대,인문,글로벌비즈니스학부,글로벌비즈니스학부,유지,유지,학업성적우수자,4.72,4.63,,,,,,,계열적합인재,5.59,5.38,,,,65.2,국수영탐(1),4/-,,,,,,,,,,,,,,,,,,,,,
경상권,부산,남구,국립부경대,자연,건축공학과,건축공학과,,,교과성적우수인재,3.32,3.21,일반,,3.7,,,,학교생활우수인재,,4.21,,,,65.1875,국수영탐(2),4/3,,,,,,,,,,,,,,,,,,,,,
경상권,경북,경산시,영남대,자연,도시공학과,도시공학과,,,일반학생,4.98,4.85,,,,,,,잠재능력우수자,5.8,5.18,,,,65.17,국수영탐(2),-/-,,,,,,,,,,,,,,,,,,,,,
경상권,부산,남구,국립부경대,인문,경영학부,경영학부,,,교과성적우수인재,2.91,2.75,일반,2,2,,,,학교생활우수인재,3.32,3.14,,,,65.15,국수영탐(2),2/3,,,,,,,,,,,,,,,,,,,,,
경상권,경남,진주시,경상국립대,인문,국제통상학과,국제통상학과,유지,유지,일반,4.32,4.19,,,,,,,일반,4.32,4.19,,,,65.125,국수영탐(2),4/-,,,,,,,,,,,,,,,,,,,,,
전라권,광주,동구,조선대,인문,역사문화학과,역사문화학과,유지,유지,일반,4.82,4.94,,,,,,,서류,6,6.39,,,,65.125,국수영탐(1),4/1,,,,,,,,,,,,,,,,,,,,,
충청권,충북,청주시,가톨릭꽃동네대,자연,간호학과,간호학과,유지,유지,일반학생,3.6,3.6,휴먼리더면접,4.8,4.63,,,,,,,,,,65.05,"국수 중 1개, 영탐(2)",3/-,,,,,,,,,,,,,,,,,,,,,
경상권,경북,경산시,경일대,예체능,스포츠재활의학과,스포츠재활의학과,유지,유지,일반,4.15,,,,,,,,,,,,,,65.021,국수영탐(1) 중 3개,4/2,,,,,,,,,,,,,,,,,,,,,
강원권,강원,강릉시,"강원대(강릉,원주)",인문,국어국문학과,국어국문학과,유지,유지,해람교과,4.52,4.38,,,,,,,해람인재,5.67,5.38,,,,65.02,국수영탐(1) 중 3개,4/4,,,,,,,,,,,,,,,,,,,,,
강원권,강원,강릉시,"강원대(강릉,원주)",자연,데이터사이언스학과,데이터사이언스학과,유지,유지,해람교과,5.45,5.09,,,,,,,해람인재,6.07,6.07,,,,65.02,국수영탐(1) 중 3개,4/4,,,,,,,,,,,,,,,,,,,,,
강원권,강원,원주시,경동대,자연,안경광학과,안경광학과,유지,폐지,일반학생,5.05,4.77,,,,,,,,,,,,,65,국수영탐(1),6/3,,,,,,,,,,,,,,,,,,,,,
충청권,충남,천안시,남서울대,인문,글로벌무역학과,글로벌무역학과,유지,유지,교과+면접,4.5,5.4,일반,4.6,4,,,,학생부종합 서류형,6.45,6.28,,,,65,국수영탐(1) 중 2개,-/-,,,,,,,,,,,,,,,,,,,,,
충청권,대전,동구,대전대,인문,상담학과,상담학과,유지,유지,교과면접,5.17,5,교과중점,5.64,5.25,,,,,,,,,,65,국수영탐(1) 중 2개,4/4,,,,,,,,,,,,,,,,,,,,,
경상권,경북,경주시,동국대(WISE),자연,바이오·화학융합학부,바이오제약공학과,유지,변경,교과,4.1,3.8,면접,5.2,5.2,,,,참사랑,3.7,3.3,,,,65,국수탐(1) 중 2개,4/2,,,,,,,,,,,,,,,,,,,,,
경상권,경북,경주시,동국대(WISE),자연,전자·정보통신공학과,전자·정보통신공학과,유지,유지,교과,4.8,4.6,면접,4.2,3.8,,,,참사랑,,,,,,65,국수탐(1) 중 2개,4/2,,,,,,,,,,,,,,,,,,,,,
경상권,부산,사하구,동아대,자연,기계공학과,기계공학과,유지,유지,교과성적우수자,4.08,3.92,,,,,,,잠재능력우수자,5.21,5.02,학교생활우수자,4.84,4.59,65,국수영탐(2),-/-,,,,,,,,,,,,,,,,,,,,,
충청권,충남,천안시,백석대,예체능,특수체육교육과,특수체육교육과,유지,유지,,,,,,,,,,창의인재,4.83,4.33,,,,65,"국수영 중 2개, 탐구(1)",4/-,,,,,,,,,,,,,,,,,,,,,
경상권,부산,금정구,부산외대,인문,항공서비스전공,항공서비스전공,유지,유지,교과면접,4.5,4.1,일반고교과,3,2.6,,,,학생부서류,4.4,4.4,,,,65,국수영탐(2),4/4,,,,,,,,,,,,,,,,,,,,,
전라권,전북,익산시,원광대,자연,공학3계열,컴퓨터•소프트웨어공학과,유지,변경,일반,6.01,5.14,,,,,,,학생부종합,6.44,5.97,,,,65,"국수 중 1개, 영탐(1)",4/4,,,,,,,,,,,,,,,,,,,,,
충청권,충북,영동군,유원대,자연,치위생학과,치위생학과,유지,유지,유원교과,3.8,3.5,유원면접,4.4,4,,,,,,,,,,65,국수영탐(1) 중 2개,-/-,,,,,,,,,,,,,,,,,,,,,
전라권,전북,전주시,전주대,인문,관광경영학과,관광경영학과,유지,유지,일반학생(교과),6.91,6.49,,,,,,,일반학생(종합),7.11,6.23,,,,65,"국수영 중 2개, 탐구(1)",5/4,,,,,,,,,,,,,,,,,,,,,
충청권,대전,유성구,한남대,자연,식품영양학과,식품영양학과,유지,유지,일반,4.83,4.6,,,,,,,한남인재Ⅰ,5.31,4.79,,,,64.975,"국영탐(1) 중 2개, 수학",4/5,,,,,,,,,,,,,,,,,,,,,
경상권,경북,영주시,동양대,자연,철도관제학과,철도운전관제학과,유지,변경,일반Ⅰ,5.8,4.7,,,,,,,,,,,,,64.95,"국수영 중 2개, 탐구(1)",4/3,,,,,,,,,,,,,,,,,,,,,
경상권,경남,밀양시,부산대,자연,응용생명융합학부,동물생명자원과학과,유지,변경,학생부교과,,,,,,,,,학생부종합,3.7,3.24,,,,64.9375,국수영탐(2),2/3,,,,,,,,,,,,,,,,,,,,,
경상권,부산,남구,국립부경대,인문,일어일문학부,일어일문학부,,,교과성적우수인재,3.77,3.69,일반,2.93,2.25,,,,학교생활우수인재,4.11,4,,,,64.9125,국수영탐(2),3/2,,,,,,,,,,,,,,,,,,,,,
전라권,전남,무안군,초당대,자연,항공운항학과,항공운항학과,유지,유지,일반학생,4.5,4.02,,,,,,,,,,,,,64.9,"국수영 중 2개, 탐구(1)",5/7,,,,,,,,,,,,,,,,,,,,,
충청권,세종,세종,홍익대(세종),자연,건축공학부,건축공학부,유지,유지,교과우수자,4.15,3.79,,,,,,,학교생활우수자,3.91,3.51,,,,64.88235,국수영탐(2),3/2,,,,,,,,,,,,,,,,,,,,,
경상권,부산,영도구,국립한국해양대,자연,전자전기정보공학부,전자전기정보공학부(전기전자공학전공),유지,유지,교과성적우수자,3.84,3.69,일반,,,,,,아치해양인재Ⅰ,,,아치해양인재Ⅱ,,,64.83333,국수영탐(2),3/2,,,,,,,,,,,,,,,,,,,,,
경상권,경북,경산시,영남대,인문,경제금융학부,경제금융학부,,,일반학생,4.58,4.41,,,,,,,잠재능력우수자,5.06,4.83,,,,64.83,국수영탐(2),-/-,,,,,,,,,,,,,,,,,,,,,
경상권,부산,영도구,국립한국해양대,인문,국제관계학과,국제관계학과,유지,유지,교과성적우수자,3.87,3.75,일반,,,,,,아치해양인재Ⅰ,3.17,2.61,아치해양인재Ⅱ,,,64.8,국수영탐(2),3/3,,,,,,,,,,,,,,,,,,,,,
경상권,경남,창원시,국립창원대,인문,미디어커뮤니케이션학과,미디어커뮤니케이션학과,유지,유지,학업성적우수자,3.73,3.58,,,,,,,계열적합인재,4.14,3.61,,,,64.8,국수영탐(1),4/-,,,,,,,,,,,,,,,,,,,,,
제주권,제주,제주시,제주대,자연,인공지능학과,인공지능학과,유지,유지,일반학생,4.5,4.3,,,,,,,소프트웨어인재,,,일반학생,,5.32,64.79,국수영탐(2),4/3,,,,,,,,,,,,,,,,,,,,,
충청권,충남,아산시,호서대,자연,게임소프트웨어학과,게임소프트웨어학과,유지,유지,학생부,4.27,3.76,,,,,,,호서인재,5.33,5.05,,,,64.79,"국수영 중 2개, 탐구(1)",3/1,,,,,,,,,,,,,,,,,,,,,
경상권,경남,창원시,경남대,인문,교육학과,교육학과,유지,유지,일반,3.8,3.2,,,,,,,일반,3.8,3.2,,,,64.75,국수영탐(1),4/2,,,,,,,,,,,,,,,,,,,,,
경상권,경남,창원시,경남대,자연,전기공학과,전기공학과,폐지,유지,일반면접,5.3,5.3,일반,4.9,4.6,,,,일반,2.9,2.4,,,,64.75,국수영탐(1),4/2,,,,,,,,,,,,,,,,,,,,,
제주권,제주,제주시,제주대,자연,물리교육전공,물리교육전공,유지,유지,일반학생,,,,,,,,,일반학생,5.48,5.29,,,,64.75,국수영탐(2),5/3,,,,,,,,,,,,,,,,,,,,,
충청권,충남,공주시,국립공주대,예체능,음악교육과,음악교육과,유지,유지,교과Ⅰ,3.3,3.2,,,,,,,,,,,,,64.69,국수영탐(1) 중 3개,3/-,,,,,,,,,,,,,,,,,,,,,
강원권,강원,강릉시,"강원대(강릉,원주)",자연,건설환경공학과,스마트인프라공학부,유지,변경,해람교과,4.98,4.9,,,,,,,해람인재,5.85,5.82,,,,64.687,국수영탐(1) 중 3개,4/4,,,,,,,,,,,,,,,,,,,,,
강원권,강원,강릉시,"강원대(강릉,원주)",예체능,조형예술•디자인학과,조형예술•디자인학과,유지,유지,해람교과,3.83,3.76,,,,,,,해람인재,5.97,5.97,,,,64.687,국수영탐(1) 중 3개,4/4,,,,,,,,,,,,,,,,,,,,,
경상권,경북,경산시,영남대,인문,역사학과,역사학과,,,일반학생,4.68,4.37,,,,,,,잠재능력우수자,4.79,4.74,,,,64.67,국수영탐(2),-/-,,,,,,,,,,,,,,,,,,,,,
경상권,부산,남구,국립부경대,인문,인문사회과학대학 자유전공학부,인문사회과학대학 자유전공학부,,,,,,,,,,,,학교생활우수인재,4.12,3.76,,,,64.63125,국수영탐(2),3/3,,,,,,,,,,,,,,,,,,,,,
경상권,대구,달서구,계명대,인문,교육학과,교육학과,유지,유지,일반,3.84,3.84,,,,,,,일반,3.84,3.84,,,,64.625,국수영탐(2),5/-,,,,,,,,,,,,,,,,,,,,,
강원권,강원,원주시,상지대,인문,미디어영상광고학과,미디어영상광고학과,유지,유지,교과일반,5.67,4.91,,,,,,,종합일반,5.25,5.25,,,,64.6,국수영탐(2) 중 2개,4/1,,,,,,,,,,,,,,,,,,,,,
전라권,전북,전주시,전주대,예체능,예술심리치료학과,예술심리치료학과,유지,유지,일반학생(교과),6.77,6.21,,,,,,,일반학생(종합),,,,,,64.6,"국수영 중 2개, 탐구(1)",5/5,,,,,,,,,,,,,,,,,,,,,
경상권,경남,진주시,경상국립대,자연,토목공학과,토목공학과,유지,유지,일반,4.37,3.91,,,,,,,일반,4.37,3.91,,,,64.59375,국수영탐(2),3/-,,,,,,,,,,,,,,,,,,,,,
경상권,부산,남구,국립부경대,자연,해양공학과,해양공학과,,,교과성적우수인재,3.74,3.59,일반,,3.93,,,,학교생활우수인재,,4.28,,,,64.57813,국수영탐(2),3/4,,,,,,,,,,,,,,,,,,,,,
경상권,부산,남구,국립부경대,인문,행정복지학부,행정복지학부,,,교과성적우수인재,3.25,3.07,일반,2.7,2.5,,,,학교생활우수인재,3.39,3.24,,,,64.5625,국수영탐(2),3/3,,,,,,,,,,,,,,,,,,,,,
전라권,전북,전주시,전북대,자연,공학계열 2,공학계열 2,유지,유지,일반학생,4.06,3.7,,,,,,,SW인재,4.09,4.07,큰사람,3.9,3.74,64.55,국수탐(2),3/2,,,,,,,,,,,,,,,,,,,,,
충청권,충북,청주시,청주대,자연,전기제어공학과,전기제어공학과,변경,유지,교과우수,5.13,4.5,담임추천,5.13,4.75,일반,5,4.25,,,,,,,64.5105,국수영탐(2) 중 3개,4/4,,,,,,,,,,,,,,,,,,,,,
경상권,경남,창원시,경남대,인문,경찰학부,경찰학부,유지,유지,일반면접,4.8,4.8,일반,4,3.8,,,,일반,4,3.8,,,,64.5,국수영탐(1),4/2,,,,,,,,,,,,,,,,,,,,,
전라권,전남,무안군,국립목포대,인문,경영학부,경영학부,유지,유지,교과일반,6.26,5.64,,,,,,,종합일반,6.82,6.49,,,,64.5,"수탐(1) 중 1개, 국영",3/-,,,,,,,,,,,,,,,,,,,,,
전라권,전남,무안군,국립목포대,인문,국어국문·문예창작학부,국어국문·문예창작학부,유지,유지,교과일반,6.27,5.89,,,,,,,종합일반,,6.49,,,,64.5,"수탐(1) 중 1개, 국영",4/-,,,,,,,,,,,,,,,,,,,,,
경상권,부산,남구,국립부경대,자연,시스템경영•안전공학부,시스템경영•안전공학부,,,교과성적우수인재,3.96,3.77,일반,3.73,3.65,,,,학교생활우수인재,4.42,4.19,,,,64.5,국수영탐(2),3/3,,,,,,,,,,,,,,,,,,,,,
충청권,충남,천안시,남서울대,자연,가상현실학과,가상현실학과,유지,유지,교과+면접,6.57,5.23,일반,5.13,4.17,,,,학생부종합 서류형,7.21,7.09,,,,64.5,국수영탐(1) 중 2개,-/-,,,,,,,,,,,,,,,,,,,,,
충청권,충남,천안시,남서울대,자연,스마트팜학과,스마트팜학과,유지,유지,교과+면접,5.33,4.03,일반,3.93,4.03,,,,학생부종합 서류형,6.16,5.63,,,,64.5,국수영탐(1) 중 2개,3/-,,,,,,,,,,,,,,,,,,,,,
경상권,부산,사하구,동아대,인문,교육학과,교육학과,유지,유지,교과성적우수자,4.08,3.75,,,,,,,잠재능력우수자,3.79,3.73,학교생활우수자,3.81,3.74,64.5,국수영탐(2),-/-,,,,,,,,,,,,,,,,,,,,,
경상권,부산,사하구,동아대,인문,역사고고미술사학과,고고미술사학전공,유지,변경,교과성적우수자,4.58,4.5,,,,,,,잠재능력우수자,5.28,4.59,학교생활우수자,4.18,4.07,64.5,국수영탐(2),-/-,,,,,,,,,,,,,,,,,,,,,
경상권,부산,부산진구,동의대,자연,물리치료학과,물리치료학과,유지,유지,일반고교과,2.66,2.58,,,,,,,학교생활우수자(면접),4.3,3.9,,,,64.5,국수영탐(2),5/5,,,,,,,,,,,,,,,,,,,,,
경상권,경북,경산시,영남대,자연,산림자원학과,산림자원학과,,,일반학생,5.26,5.17,,,,,,,잠재능력우수자,5.21,5.12,,,,64.5,국수영탐(2),-/-,,,,,,,,,,,,,,,,,,,,,
강원권,강원,원주시,한라대,자연,컴퓨터공학과,컴퓨터공학과,유지,유지,일반학생(교과중심),4.41,3.85,일반학생(면접중심),6.67,6.67,,,,운곡인재,4.86,,,,,64.5,국수영탐(1) 중 2개,4/3,,,,,,,,,,,,,,,,,,,,,
제주권,제주,제주시,제주대,인문,사학과,사학과,유지,유지,일반학생,4.74,4.32,,,,,,,일반학생,,4.9,,,,64.48,국수영탐(2),4/2,,,,,,,,,,,,,,,,,,,,,
경상권,부산,남구,국립부경대,인문,사회계열,사회계열,,,교과성적우수인재,3.43,2.99,일반,,2.25,,,,학교생활우수인재,,,,,,64.46875,국수영탐(2),3/2,,,,,,,,,,,,,,,,,,,,,
충청권,세종,세종,홍익대(세종),자연,게임학부 게임소프트웨어전공(공학계),게임학부 게임소프트웨어전공(공학계),유지,유지,교과우수자,3.93,4.08,,,,,,,학교생활우수자,4.06,3.7,,,,64.41176,국수영탐(2),4/3,,,,,,,,,,,,,,,,,,,,,
전라권,전남,무안군,국립목포대,자연,기계조선해양공학부,기계조선해양공학부,유지,유지,교과일반,6.25,5.66,,,,,,,종합일반,7.25,6.6,,,,64.4,"국탐(1) 중 1개, 수영",5/-,,,,,,,,,,,,,,,,,,,,,
경상권,경남,진주시,경상국립대,자연,정보통계학과,정보통계학과,유지,유지,일반,,,,,,,,,일반,,,,,,64.375,국수영탐(2),5/-,,,,,,,,,,,,,,,,,,,,,
경상권,경남,밀양시,부산대,자연,IT응용공학과,IT응용공학과,유지,유지,학생부교과,3.63,3.32,,,,,,,학생부종합,3.46,3.33,,,,64.375,국수영탐(2),3/3,,,,,,,,,,,,,,,,,,,,,
강원권,강원,강릉시,"강원대(강릉,원주)",자연,생명과학과,생물학과,유지,유지,해람교과,4.76,4.74,,,,,,,해람인재,5,5,,,,64.354,국수영탐(1) 중 3개,4/4,,,,,,,,,,,,,,,,,,,,,
전라권,전북,익산시,원광대,자연,건축학과(5년제),건축학과,유지,유지,일반,4.8,4.55,,,,,,,학생부종합,5.3,5.07,,,,64.33333,"국수 중 1개, 영탐(1)",3/3,,,,,,,,,,,,,,,,,,,,,
경상권,부산,사하구,동아대,자연,전자공학과,전자공학과,유지,유지,교과성적우수자,3.92,3.58,,,,,,,잠재능력우수자,4.95,4.81,학교생활우수자,4.93,4.49,64.33,국수영탐(2),-/-,,,,,,,,,,,,,,,,,,,,,
경상권,부산,서구,동아대,인문,정치외교학전공,정치외교학전공,유지,유지,교과성적우수자,3.33,3.25,,,,,,,잠재능력우수자,4.01,3.93,학교생활우수자,3.74,3.52,64.33,국수영탐(2),-/-,,,,,,,,,,,,,,,,,,,,,
경상권,경북,경산시,영남대,인문,국어국문학과,국어국문학과,,,일반학생,4.64,4.23,,,,,,,잠재능력우수자,5,4.5,,,,64.33,국수영탐(2),-/-,,,,,,,,,,,,,,,,,,,,,
경상권,경북,경산시,영남대,인문,회계세무학과,회계세무학과,,,일반학생,4.39,4.22,,,,,,,잠재능력우수자,4,3.81,,,,64.33,국수영탐(2),-/-,,,,,,,,,,,,,,,,,,,,,
강원권,강원,원주시,연세대(미래),자연,디지털헬스케어학부,디지털헬스케어학부,,,교과우수자,4.49,4.27,,,,,,,학교생활우수자,4.85,4.48,,,,64.28571,국수영탐(1),3/3,,,,,,,,,,,,,,,,,,,,,
경상권,경남,창원시,경남대,인문,일어교육과,일어교육과,유지,유지,일반,4.1,3.7,,,,,,,일반,4.1,3.7,,,,64.25,국수영탐(1),4/2,,,,,,,,,,,,,,,,,,,,,
전라권,광주,남구,광주대,자연,간호학과,간호학과,유지,유지,일반학생,4.63,4.5,,,,,,,,,,,,,64.23192,국수영탐(1),5/3,,,,,,,,,,,,,,,,,,,,,
제주권,제주,제주시,제주대,인문,무역학과,무역학과,유지,유지,일반학생,5.35,5.11,,,,,,,일반학생,5.35,5.11,,,,64.23,국수영탐(2),4/3,,,,,,,,,,,,,,,,,,,,,
충청권,충남,아산시,순천향대,자연,스포츠의학과,스포츠의학과,유지,유지,,,,,,,,,,일반학생,4.28,4.28,,,,64.2,"국수영 중 2개, 탐구(1)",4/5,,,,,,,,,,,,,,,,,,,,,
제주권,제주,제주시,제주대,인문,정치외교학과,정치외교학과,유지,유지,일반학생,5.46,5.15,,,,,,,일반학생,5.99,5.55,,,,64.19,국수영탐(2),4/3,,,,,,,,,,,,,,,,,,,,,
경상권,부산,서구,동아대,인문,금융학과,금융학과,유지,유지,교과성적우수자,4,3.83,,,,,,,잠재능력우수자,5.22,4.68,학교생활우수자,4.89,4.71,64.17,국수영탐(2),-/-,,,,,,,,,,,,,,,,,,,,,
경상권,부산,사하구,동아대,자연,화학과,화학과,유지,유지,교과성적우수자,4.67,4.58,,,,,,,잠재능력우수자,5.62,5.31,학교생활우수자,5.19,5.13,64.17,국수영탐(2),-/-,,,,,,,,,,,,,,,,,,,,,
경상권,경북,경산시,영남대,자연,미래자동차공학과,미래자동차공학과,,,일반학생,5.29,5.18,,,,,,,잠재능력우수자,5.52,5.43,,,,64.17,국수영탐(2),-/-,,,,,,,,,,,,,,,,,,,,,
경상권,부산,사상구,동서대,예체능,디자인학부,디자인학부,유지,유지,고교생활우수자,5.2,4.4,일반계교과,3.3,2.6,학생부면접,4.2,4.2,학생부종합,5.97,4.89,,,,64.16667,국수영탐(1),4/-,,,,,,,,,,,,,,,,,,,,,
강원권,강원,강릉시,가톨릭관동대,인문,영어교육과,영어교육과,유지,유지,일반,4.47,4.14,,,,,,,일반,5.65,5.42,,,,64.15,"국수탐(2) 중 2개, 영",4/-,,,,,,,,,,,,,,,,,,,,,
경상권,경남,창원시,국립창원대,자연,컴퓨터공학과,컴퓨터공학과,유지,유지,학업성적우수자,3.74,3.68,,,,,,,계열적합인재,4.06,4,,,,64.15,국수영탐(1),4/-,,,,,,,,,,,,,,,,,,,,,
경상권,경북,경산시,대구가톨릭대,자연,AI빅데이터공학과,AI빅데이터공학과,유지,유지,교과,6.11,5.63,,,,,,,SW,7.08,6.75,,,,64.1,국수영탐(1) 중 3개,5/5,,,,,,,,,,,,,,,,,,,,,
경상권,경북,경산시,대구가톨릭대,자연,소프트웨어융합학과,소프트웨어융합학과,유지,유지,교과,5.6,5.34,,,,,,,SW,6.6,6.5,종합,6,6,64.1,국수영탐(1) 중 3개,5/5,,,,,,,,,,,,,,,,,,,,,
경상권,경북,경산시,대구가톨릭대,자연,컴퓨터소프트웨어학부,컴퓨터소프트웨어학부,유지,유지,교과,6,5.17,,,,,,,SW,5.87,5.5,가톨릭지도자추천,5.89,5.71,64.1,국수영탐(1) 중 3개,5/5,,,,,,,,,,,,,,,,,,,,,
전라권,전북,전주시,전북대,인문,본부 융합자율전공학부 2(특성화캠퍼스),본부 융합자율전공학부 2(특성화캠퍼스),유지,유지,일반학생,5.19,4.7,,,,,,,,,,,,,64.1,국수탐(2),2/3,,,,,,,,,,,,,,,,,,,,,
강원권,강원,강릉시,"강원대(강릉,원주)",자연,화학신소재학과,화학신소재학과,유지,유지,해람교과,4.98,4.57,,,,,,,해람인재,5.63,5.43,,,,64.021,국수영탐(1) 중 3개,4/4,,,,,,,,,,,,,,,,,,,,,
경상권,경북,안동시,국립경국대,인문,유아교육과,유아교육과,유지,유지,일반학생,5.03,4.86,,,,,,,일반학생,7.12,5.7,,,,64,국수영탐(1) 중 2개,6/8,,,,,,,,,,,,,,,,,,,,,
전라권,전북,군산시,국립군산대,자연,자율전공학부,자율전공학부,유지,유지,일반,6.24,5.94,,,,,,,,,,,,,64,국수영탐(2),5/4,,,,,,,,,,,,,,,,,,,,,
충청권,충남,천안시,남서울대,인문,아동복지학과,아동복지학과,유지,유지,교과+면접,5.1,4.9,일반,2.23,4.33,,,,학생부종합 서류형,6.22,5.95,,,,64,국수영탐(1) 중 2개,-/-,,,,,,,,,,,,,,,,,,,,,
충청권,대전,동구,대전대,자연,화장품학과,화장품학과,유지,유지,교과면접,6.33,6.33,교과중점,5.25,5,,,,,,,,,,64,국수영탐(1) 중 2개,5/2,,,,,,,,,,,,,,,,,,,,,
충청권,대전,서구,목원대,인문,역사학과,역사학과,유지,유지,교과,3.75,3.36,,,,,,,학생부종합,3.75,2.79,,,,64,국수영탐탐한 중 2개,5/4,,,,,,,,,,,,,,,,,,,,,
경상권,경북,경산시,영남대,자연,생명공학과,생명공학과,,,일반학생,4.06,3.85,,,,,,,잠재능력우수자,4.09,3.89,,,,64,국수영탐(2),-/-,,,,,,,,,,,,,,,,,,,,,
경상권,부산,남구,국립부경대,자연,수산생명과학부,수산생명과학부,,,교과성적우수인재,3.65,3.44,일반,3.72,3.58,,,,학교생활우수인재,4,3.68,,,,63.96875,국수영탐(2),3/2,,,,,,,,,,,,,,,,,,,,,
경상권,부산,남구,국립부경대,자연,환경공학전공,환경공학전공,,,교과성적우수인재,3.42,3.29,일반,,3.86,,,,학교생활우수인재,,3.4,,,,63.92188,국수영탐(2),3/4,,,,,,,,,,,,,,,,,,,,,
제주권,제주,제주시,제주대,인문,경제학과,경제학과,유지,유지,일반학생,5.14,4.3,,,,,,,일반학생,,5.48,,,,63.89,국수영탐(2),4/4,,,,,,,,,,,,,,,,,,,,,
충청권,세종,세종,홍익대(세종),자연,전자전기융합공학과,전자전기융합공학과,유지,유지,교과우수자,4.56,4.51,,,,,,,학교생활우수자,4.73,4.73,,,,63.88235,국수영탐(2),3/1,,,,,,,,,,,,,,,,,,,,,
경상권,경북,상주시,경북대,공통,자율미래인재학부,자율미래인재학부,유지,유지,교과우수자,6.6,5.96,,,,,,,,,,,,,63.85714,국수영탐(2),3/2,,,,,,,,,,,,,,,,,,,,,
충청권,충북,청주시,청주대,인문,호텔외식경영학과,호텔외식경영학과,변경,유지,교과우수,5.5,5.38,담임추천,5.5,4.5,일반,4.38,3.5,,,,,,,63.8445,국수영탐(2) 중 3개,4/4,,,,,,,,,,,,,,,,,,,,,
경상권,경남,진주시,경상국립대,인문,경영정보학과,경영정보학과,유지,유지,일반,4.13,4.07,,,,,,,일반,4.13,4.07,,,,63.8125,국수영탐(2),3/-,,,,,,,,,,,,,,,,,,,,,
강원권,강원,강릉시,가톨릭관동대,인문,항공교통물류전공,항공교통물류전공,유지,유지,일반,6.21,5.92,,,,,,,,,,,,,63.8,"국수탐(2) 중 2개, 영",5/-,,,,,,,,,,,,,,,,,,,,,
전라권,전북,군산시,국립군산대,자연,건축공학부,건축공학부,유지,유지,일반,6.8,6.57,,,,,,,일반학생,6.08,5.98,,,,63.8,국수영탐(2),3/4,,,,,,,,,,,,,,,,,,,,,
전라권,전북,전주시,전주대,인문,중등특수교육과,중등특수교육과,유지,유지,일반학생(교과),5.6,5.06,,,,,,,일반학생(종합),5.85,5.11,,,,63.8,"국수영 중 2개, 탐구(1)",6/6,,,,,,,,,,,,,,,,,,,,,
전라권,전북,전주시,전주대,인문,행정학과,행정학과,유지,유지,일반학생(교과),6.82,6.02,,,,,,,일반학생(종합),7.05,6.87,,,,63.8,"국수영 중 2개, 탐구(1)",4/2,,,,,,,,,,,,,,,,,,,,,
제주권,제주,제주시,제주대,인문,언론홍보학과,언론홍보학과,유지,유지,일반학생,4.36,3.74,,,,,,,일반학생,4.41,4.26,,,,63.7,국수영탐(2),5/3,,,,,,,,,,,,,,,,,,,,,
경상권,부산,서구,동아대,인문,일본학과,일본학과,유지,유지,교과성적우수자,3.42,3.33,,,,,,,잠재능력우수자,4.46,4.26,학교생활우수자,4.94,4.23,63.67,국수영탐(2),-/-,,,,,,,,,,,,,,,,,,,,,
경상권,부산,사하구,동아대,인문,한국어문학과,한국어문학과,유지,유지,교과성적우수자,3.92,3.83,,,,,,,잠재능력우수자,5.09,5.01,학교생활우수자,4.62,4.43,63.67,국수영탐(2),-/-,,,,,,,,,,,,,,,,,,,,,
경상권,경북,경산시,영남대,인문,철학과,철학과,,,일반학생,5.42,5.2,,,,,,,잠재능력우수자,5.75,5.34,,,,63.67,국수영탐(2),-/-,,,,,,,,,,,,,,,,,,,,,
전라권,전남,영암시,세한대,자연,기술교육과,기술교육과,유지,유지,일반학생,3,3,,,,,,,,,,,,,63.66667,국수영탐(1),3/-,,,,,,,,,,,,,,,,,,,,,
경상권,대구,남구,계명대,예체능,패션마케팅학과,패션마케팅학과,유지,유지,면접,4.64,4.51,일반,4.55,4.52,,,,일반,4.55,4.52,,,,63.625,국수영탐(2),4/-,,,,,,,,,,,,,,,,,,,,,
충청권,충남,천안시,호서대,인문,중국학과,중국학과,유지,유지,학생부,4.82,4.71,,,,,,,호서인재,5.28,5.19,,,,63.62,"국수영 중 2개, 탐구(1)",3/1,,,,,,,,,,,,,,,,,,,,,
충청권,충남,천안시,호서대,인문,한국언어문화학과,한국언어문화학과,유지,유지,학생부,4.65,4.41,,,,,,,호서인재,5.11,5.11,,,,63.62,"국수영 중 2개, 탐구(1)",3/1,,,,,,,,,,,,,,,,,,,,,
전라권,전남,무안군,국립목포대,예체능,체육학과,체육학과,유지,유지,교과일반,3.88,3.79,,,,,,,종합일반,4.96,4.56,,,,63.6,"수탐(1) 중 1개, 국영",4/-,,,,,,,,,,,,,,,,,,,,,
전라권,전북,전주시,전북대,인문,사회과교육학부,사회과교육학부,유지,유지,일반학생,3.01,2.91,,,,,,,큰사람,3.17,2.86,,,,63.55,국수탐(2),1/3,,,,,,,,,,,,,,,,,,,,,
전라권,전북,전주시,전북대,인문,사회과학계열,사회과학계열,유지,유지,일반학생,3.55,3.51,,,,,,,큰사람,3.72,3.54,,,,63.55,국수탐(2),1/3,,,,,,,,,,,,,,,,,,,,,
경상권,경남,진주시,경상국립대,자연,도시공학과,도시공학과,유지,유지,일반,3.92,3.78,,,,,,,일반,3.92,3.78,,,,63.53125,국수영탐(2),4/-,,,,,,,,,,,,,,,,,,,,,
충청권,충북,청주시,청주대,인문,의료경영학과,의료경영학과,변경,유지,교과우수,4.63,4.75,담임추천,4.5,4.5,일반,4.38,4.13,,,,,,,63.5115,국수영탐(2) 중 3개,4/4,,,,,,,,,,,,,,,,,,,,,
경상권,부산,영도구,국립한국해양대,자연,조선해양시스템공학부,조선해양시스템공학부,유지,유지,교과성적우수자,4.47,4.35,일반,,,,,,아치해양인재Ⅰ,,,아치해양인재Ⅱ,,,63.5,국수영탐(2),3/3,,,,,,,,,,,,,,,,,,,,,
충청권,충남,천안시,남서울대,예체능,스포츠건강관리학과,스포츠건강관리학과,유지,유지,,,,,,,,,,학생부종합 면접형,6.41,5.76,,,,63.5,국수영탐(1) 중 2개,4/-,,,,,,,,,,,,,,,,,,,,,
경상권,경북,경산시,영남대,인문,식품경제외식학과,식품경제외식학과,,,일반학생,4.79,4.69,,,,,,,잠재능력우수자,5.02,4.89,,,,63.5,국수영탐(2),-/-,,,,,,,,,,,,,,,,,,,,,
충청권,충북,영동군,유원대,자연,간호학과,간호학과,유지,유지,유원면접,4.4,3.6,,,,,,,,,,,,,63.5,국수영탐(1) 중 2개,-/-,,,,,,,,,,,,,,,,,,,,,
전라권,광주,북구,전남대,자연,가정교육과,가정교육과,유지,유지,일반,,3.62,,,,,,,고교생활우수자Ⅰ,3.92,3.84,,,,63.5,국수탐(2),4/2,,,,,,,,,,,,,,,,,,,,,
강원권,강원,원주시,한라대,자연,소방안전학과,소방안전학과,유지,유지,일반학생(교과중심),4.75,4.71,일반학생(면접중심),4.14,4.84,,,,운곡인재,5.04,,,,,63.5,국수영탐(1) 중 2개,3/3,,,,,,,,,,,,,,,,,,,,,
경상권,경남,진주시,경상국립대,인문,일어교육과,일어교육과,유지,유지,일반,3.16,3.16,,,,,,,일반,3.16,3.16,,,,63.46875,국수영탐(2),4/-,,,,,,,,,,,,,,,,,,,,,
제주권,제주,제주시,제주대,인문,사회학과,사회학과,유지,유지,일반학생,5.54,4.9,,,,,,,일반학생,4.71,4.65,,,,63.46,국수영탐(2),4/4,,,,,,,,,,,,,,,,,,,,,
경상권,경북,김천시,김천대,자연,물리치료학과,물리치료학과,,,일반교과,3.84,3.73,일반면접,4.46,5.49,,,,,,,,,,63.4,"국수 중 1개, 영탐(1)",4/4,,,,,,,,,,,,,,,,,,,,,
경상권,경남,진주시,경상국립대,자연,신소재공학부 고분자공학전공,나노·신소재공학부 고분자공학전공,유지,변경,일반,4.38,4.27,,,,,,,일반,4.38,4.27,,,,63.375,국수영탐(2),3/-,,,,,,,,,,,,,,,,,,,,,
경상권,대구,달서구,계명대,인문,한문교육과,한문교육과,유지,유지,일반,5.31,5.28,,,,,,,일반,5.31,5.28,,,,63.375,국수영탐(2),4/-,,,,,,,,,,,,,,,,,,,,,
경상권,경남,밀양시,부산대,자연,원예생명과학과,원예생명과학과,유지,유지,학생부교과,,,,,,,,,학생부종합,4.67,4.67,,,,63.375,국수영탐(2),3/1,,,,,,,,,,,,,,,,,,,,,
강원권,강원,원주시,"강원대(강릉,원주)",자연,기계융합공학부,자동차공학과,유지,폐지,해람교과,5.18,5.05,,,,,,,해람인재,6.29,6.21,,,,63.355,국수영탐(1) 중 3개,4/4,,,,,,,,,,,,,,,,,,,,,
강원권,강원,강릉시,"강원대(강릉,원주)",인문,철학과,철학과,유지,유지,해람교과,4.09,3.85,,,,,,,해람인재,5.97,5.9,,,,63.355,국수영탐(1) 중 3개,4/4,,,,,,,,,,,,,,,,,,,,,
경상권,부산,영도구,국립한국해양대,자연,전자전기정보공학부,전자전기정보공학부(데이터사이언스전공),유지,유지,교과성적우수자,4.52,4.43,일반,,,,,,아치해양인재Ⅰ,,,아치해양인재Ⅱ,,,63.3,국수영탐(2),3/5,,,,,,,,,,,,,,,,,,,,,
경상권,경북,상주시,경북대,자연,환경안전공학과,환경안전공학과,유지,유지,교과우수자,6.07,5.92,,,,,,,,,,,,,63.28571,국수영탐(1),3/2,,,,,,,,,,,,,,,,,,,,,
경상권,경남,창원시,경남대,예체능,스포츠과학부 스포츠재활학전공,스포츠과학부 스포츠재활학전공,유지,유지,일반면접,5.6,5.1,일반,3.9,3.6,,,,,,,,,,63.25,국수영탐(1),4/2,,,,,,,,,,,,,,,,,,,,,
경상권,경남,진주시,경상국립대,인문,사회학과,사회학과,유지,유지,일반,4.72,4.46,,,,,,,일반,4.72,4.46,,,,63.25,국수영탐(2),4/-,,,,,,,,,,,,,,,,,,,,,
경상권,부산,남구,국립부경대,자연,자연과학대학자유전공학부,자연과학대학자유전공학부,,,,,,,,,,,,학교생활우수인재,3.96,3.83,,,,63.25,국수영탐(2),4/4,,,,,,,,,,,,,,,,,,,,,
충청권,세종,세종,홍익대(세종),자연,조선해양모빌리티공학과,조선해양공학과,유지,변경,교과우수자,5.09,4.98,,,,,,,학교생활우수자,5.23,5.13,,,,63.23529,국수영탐(2),4/2,,,,,,,,,,,,,,,,,,,,,
전라권,전북,군산시,국립군산대,자연,해양경찰학부,해양경찰학부,유지,유지,일반,4.66,4.14,,,,,,,일반학생,5.45,5.36,,,,63.2,국수영탐(2),4/2,,,,,,,,,,,,,,,,,,,,,
전라권,전북,전주시,전북대,자연,공학계열 1,공학계열 1,유지,유지,일반학생,3.82,3.65,,,,,,,큰사람,3.96,3.85,,,,63.2,국수탐(2),2/3,,,,,,,,,,,,,,,,,,,,,
경상권,경남,밀양시,부산대,자연,응용생명융합학부,식물생명과학과,유지,변경,학생부교과,,,,,,,,,학생부종합,4.19,3.9,,,,63.1875,국수영탐(2),4/1,,,,,,,,,,,,,,,,,,,,,
경상권,부산,서구,동아대,인문,관광경영학과,관광경영학과,유지,유지,교과성적우수자,3.92,3.67,,,,,,,잠재능력우수자,4.59,4.44,학교생활우수자,4.53,4.41,63.17,국수영탐(2),-/-,,,,,,,,,,,,,,,,,,,,,
경상권,부산,사하구,동아대,자연,컴퓨터공학과,컴퓨터공학과,유지,유지,교과성적우수자,4.5,4.08,,,,,,,잠재능력우수자,3.95,3.62,학교생활우수자,3.8,3.72,63.17,국수영탐(2),-/-,,,,,,,,,,,,,,,,,,,,,
경상권,경북,경산시,영남대,자연,식품공학과,식품공학과,,,일반학생,4.2,4.09,,,,,,,잠재능력우수자,4.4,4.31,,,,63.17,국수영탐(2),-/-,,,,,,,,,,,,,,,,,,,,,
경상권,경북,경산시,영남대,자연,원예생명과학과,원예생명과학과,,,일반학생,5.11,4.89,,,,,,,잠재능력우수자,5.07,4.97,,,,63.17,국수영탐(2),-/-,,,,,,,,,,,,,,,,,,,,,
경상권,부산,부산진구,동의대,자연,임상병리학과,임상병리학과,유지,유지,일반고교과,3.41,3.33,,,,,,,학교생활우수자(면접),5.33,5.33,,,,63.16667,국수영탐(2),4/4,,,,,,,,,,,,,,,,,,,,,
경상권,경북,상주시,경북대,자연,자동차공학과,자동차공학부,유지,변경,교과우수자,5.56,5.23,,,,,,,,,,,,,63.14286,국수영탐(1),3/2,,,,,,,,,,,,,,,,,,,,,
충청권,세종,세종,고려대(세종),자연,디지털헬스케어공학과,디지털헬스케어공학과,유지,유지,일반,3.74,3.74,,,,,,,크림슨인재,4.21,4.04,,,,63.09375,국수영탐(2),2/-,,,,,,,,,,,,,,,,,,,,,
경상권,경남,진주시,경상국립대,자연,제어로봇공학과,제어로봇공학과,유지,유지,일반,4.9,4.84,,,,,,,일반,4.9,4.84,,,,63.0625,국수영탐(2),4/-,,,,,,,,,,,,,,,,,,,,,
경상권,경남,진주시,경상국립대,자연,기계융합공학과,기계융합공학과,유지,유지,일반,4.73,4.65,,,,,,,일반,4.73,4.65,,,,63.03125,국수영탐(2),3/-,,,,,,,,,,,,,,,,,,,,,
전라권,광주,동구,조선대,자연,선박해양공학과,선박해양공학과,유지,유지,일반,7.06,6.22,,,,,,,서류,8.48,8.21,,,,63.025,국수영탐(1),4/7,,,,,,,,,,,,,,,,,,,,,
강원권,강원,강릉시,"강원대(강릉,원주)",자연,해양융합과학과,해양바이오식품학과,유지,변경,해람교과,5.6,5.09,,,,,,,해람인재,6.42,6.3,,,,63.022,국수영탐(1) 중 3개,4/4,,,,,,,,,,,,,,,,,,,,,
전라권,광주,광산구,광주여대,자연,물리치료학과,물리치료학과,유지,유지,일반학생Ⅰ,5.85,5.71,일반학생Ⅱ,5.81,5.59,,,,,,,,,,63,국수영탐(1),4/4,,,,,,,,,,,,,,,,,,,,,
경상권,경북,안동시,국립경국대,자연,건설·환경·건축공학부,건설·환경·건축공학부,유지,유지,일반학생,5.87,4.93,,,,,,,,,,,,,63,국수영탐(1) 중 2개,4/6,,,,,,,,,,,,,,,,,,,,,
경상권,경북,안동시,국립경국대,자연,건설시스템공학전공,건설시스템공학전공,변경,유지,,,,,,,,,,NUG인재,5.5,5.5,,,,63,국수영탐(1) 중 2개,4/6,,,,,,,,,,,,,,,,,,,,,
경상권,경북,안동시,국립경국대,자연,건축공학전공,건축공학전공,변경,유지,,,,,,,,,,NUG인재,5.15,5.15,,,,63,국수영탐(1) 중 2개,4/6,,,,,,,,,,,,,,,,,,,,,
경상권,경북,안동시,국립경국대,자연,기계공학전공,기계공학전공,변경,유지,,,,,,,,,,NUG인재,4.45,4.45,,,,63,국수영탐(1) 중 2개,4/6,,,,,,,,,,,,,,,,,,,,,
경상권,경북,안동시,국립경국대,자연,디지털ICT공학전공,디지털ICT공학전공,변경,유지,,,,,,,,,,NUG인재,,,,,,63,국수영탐(1) 중 2개,4/6,,,,,,,,,,,,,,,,,,,,,
경상권,경북,안동시,국립경국대,자연,로봇공학전공,로봇공학전공,변경,유지,,,,,,,,,,NUG인재,4.65,4.65,,,,63,국수영탐(1) 중 2개,4/6,,,,,,,,,,,,,,,,,,,,,
경상권,경북,안동시,국립경국대,자연,바이오생명공학부,바이오생명공학부,유지,유지,일반학생,5.12,4.38,,,,,,,,,,,,,63,국수영탐(1) 중 2개,4/6,,,,,,,,,,,,,,,,,,,,,
경상권,경북,안동시,국립경국대,자연,반도체신소재공학전공,반도체신소재공학전공,변경,유지,,,,,,,,,,NUG인재,5.17,5.17,,,,63,국수영탐(1) 중 2개,4/6,,,,,,,,,,,,,,,,,,,,,
경상권,경북,안동시,국립경국대,자연,백신생명공학전공,백신생명공학전공,변경,유지,,,,,,,,,,NUG인재,5.01,4.05,,,,63,국수영탐(1) 중 2개,4/6,,,,,,,,,,,,,,,,,,,,,
경상권,경북,안동시,국립경국대,자연,산림과학전공,산림과학전공,변경,유지,,,,,,,,,,NUG인재,5.27,4.96,,,,63,국수영탐(1) 중 2개,4/6,,,,,,,,,,,,,,,,,,,,,
경상권,경북,안동시,국립경국대,자연,생명과학전공,생명과학전공,변경,유지,,,,,,,,,,NUG인재,6.21,6.21,,,,63,국수영탐(1) 중 2개,4/6,,,,,,,,,,,,,,,,,,,,,
경상권,경북,안동시,국립경국대,자연,스마트그린학부,바이오생명공학부,유지,변경,일반학생,5.12,4.38,,,,,,,,,,,,,63,국수영탐(1) 중 2개,4/6,,,,,,,,,,,,,,,,,,,,,
경상권,경북,안동시,국립경국대,자연,스마트모빌리티공학과,스마트모빌리티공학과,변경,유지,일반학생,6.11,6,,,,,,,NUG인재,7.09,7.09,,,,63,국수영탐(1) 중 2개,4/6,,,,,,,,,,,,,,,,,,,,,
경상권,경북,안동시,국립경국대,자연,스마트센서공학전공,스마트센서공학전공,변경,유지,,,,,,,,,,NUG인재,,,,,,63,국수영탐(1) 중 2개,4/6,,,,,,,,,,,,,,,,,,,,,
경상권,경북,안동시,국립경국대,자연,스마트원예과학전공,스마트원예과학전공,변경,유지,,,,,,,,,,NUG인재,5.6,3.69,,,,63,국수영탐(1) 중 2개,4/6,,,,,,,,,,,,,,,,,,,,,
경상권,경북,안동시,국립경국대,자연,식물의학전공,식물의학전공,변경,유지,,,,,,,,,,NUG인재,3.4,3.4,,,,63,국수영탐(1) 중 2개,4/6,,,,,,,,,,,,,,,,,,,,,
경상권,경북,안동시,국립경국대,자연,식품생명공학전공,식품생명공학전공,변경,유지,,,,,,,,,,NUG인재,3.35,3.35,,,,63,국수영탐(1) 중 2개,4/6,,,,,,,,,,,,,,,,,,,,,
경상권,경북,안동시,국립경국대,자연,신소재에너지공학전공,신소재에너지공학전공,변경,유지,,,,,,,,,,NUG인재,,,,,,63,국수영탐(1) 중 2개,4/6,,,,,,,,,,,,,,,,,,,,,
경상권,경북,안동시,국립경국대,자연,전기·신소재공학부,전기·신소재공학부,유지,유지,일반학생,5.5,5,,,,,,,,,,,,,63,국수영탐(1) 중 2개,4/6,,,,,,,,,,,,,,,,,,,,,
경상권,경북,안동시,국립경국대,자연,전기에너지공학전공,전기에너지공학전공,변경,유지,,,,,,,,,,NUG인재,5.57,5.57,,,,63,국수영탐(1) 중 2개,4/6,,,,,,,,,,,,,,,,,,,,,
경상권,경북,안동시,국립경국대,자연,전자·기계공학부,전자·기계공학부,유지,유지,일반학생,5.5,4.91,,,,,,,,,,,,,63,국수영탐(1) 중 2개,4/6,,,,,,,,,,,,,,,,,,,,,
경상권,경북,안동시,국립경국대,자연,전자공학전공,전자공학전공,변경,유지,,,,,,,,,,NUG인재,5.29,5.29,,,,63,국수영탐(1) 중 2개,4/6,,,,,,,,,,,,,,,,,,,,,
경상권,경북,안동시,국립경국대,자연,지구환경과학전공,지구환경과학전공,변경,유지,,,,,,,,,,NUG인재,5.05,5.05,,,,63,국수영탐(1) 중 2개,4/6,,,,,,,,,,,,,,,,,,,,,
경상권,경북,안동시,국립경국대,자연,화학생명공학전공,화학생명공학전공,변경,유지,,,,,,,,,,NUG인재,,,,,,63,국수영탐(1) 중 2개,4/6,,,,,,,,,,,,,,,,,,,,,
경상권,경북,안동시,국립경국대,자연,환경공학전공,환경공학전공,변경,유지,,,,,,,,,,NUG인재,,,,,,63,국수영탐(1) 중 2개,4/6,,,,,,,,,,,,,,,,,,,,,
충청권,대전,동구,대전대,자연,재난안전공학과,재난안전공학과,유지,유지,교과면접,6.33,6.17,교과중점,6.75,6.64,,,,,,,,,,63,국수영탐(1) 중 2개,6/4,,,,,,,,,,,,,,,,,,,,,
충청권,대전,동구,대전대,자연,정보통신공학과,정보통신공학과,유지,유지,교과면접,7.67,6,교과중점,6.75,6.49,,,,,,,,,,63,국수영탐(1) 중 2개,4/4,,,,,,,,,,,,,,,,,,,,,
경상권,부산,사하구,동아대,자연,바이오메디컬학과,바이오메디컬학과,유지,유지,교과성적우수자,3.75,3.58,,,,,,,잠재능력우수자,4.55,4.5,학교생활우수자,4.37,4.27,63,국수영탐(2),-/-,,,,,,,,,,,,,,,,,,,,,
충청권,대전,서구,배재대,예체능,디자인학부(산업디자인),디자인학부(산업디자인),유지,유지,교과,4.6,4.3,,,,,,,,,,,,,63,국수영탐(1) 중 2개,3/4,,,,,,,,,,,,,,,,,,,,,
전라권,전북,익산시,원광대,인문,영어교육과,영어교육과,유지,유지,일반,4.2,3.98,,,,,,,학생부종합,5.4,5.18,,,,63,"국수 중 1개, 영탐(1)",2/3,,,,,,,,,,,,,,,,,,,,,
전라권,전북,전주시,전주대,자연,재활학과,재활학과,유지,유지,일반학생(교과),6.33,5.95,,,,,,,일반학생(종합),7.16,6.58,,,,63,"국수영 중 2개, 탐구(1)",5/6,,,,,,,,,,,,,,,,,,,,,
강원권,강원,원주시,한라대,자연,기계자동차공학부,기계자동차공학과,유지,변경,일반학생(교과중심),5.08,4.54,일반학생(면접중심),6.83,5.8,,,,운곡인재,5.25,,,,,63,국수영탐(1) 중 2개,4/6,,,,,,,,,,,,,,,,,,,,,
전라권,전북,군산시,국립군산대,자연,식품생명과학부,식품영양학과,유지,변경,일반,6.03,5.58,,,,,,,일반학생,5.89,5.59,,,,62.9,국수영탐(2),3/2,,,,,,,,,,,,,,,,,,,,,
전라권,전북,군산시,국립군산대,인문,회계학부,회계학부,유지,변경,일반,5.87,4.85,,,,,,,일반학생,6.57,5.96,,,,62.9,국수영탐(2),3/5,,,,,,,,,,,,,,,,,,,,,
경상권,경남,진주시,경상국립대,인문,미디어커뮤니케이션학과,미디어커뮤니케이션학과,유지,유지,일반,3.79,3.71,,,,,,,일반,3.79,3.71,,,,62.84375,국수영탐(2),2/-,,,,,,,,,,,,,,,,,,,,,
경상권,경남,밀양시,부산대,인문,식품자원경제학과,식품자원경제학과,유지,유지,학생부교과,,,,,,,,,학생부종합,,,,,,62.84375,국수영탐(2),3/1,,,,,,,,,,,,,,,,,,,,,
충청권,충남,아산시,호서대,자연,안전공학과,안전공학과,유지,유지,학생부,5.26,5.09,,,,,,,호서인재,6.91,6.91,,,,62.78,"국수영 중 2개, 탐구(1)",3/1,,,,,,,,,,,,,,,,,,,,,
경상권,대구,달서구,계명대,자연,생명과학과,생명과학과,유지,유지,일반,5.3,5.05,,,,,,,일반,5.3,5.05,,,,62.75,국수영탐(2),5/-,,,,,,,,,,,,,,,,,,,,,
경상권,대구,북구,경북대,자연,통계학과,통계학과,유지,유지,교과우수자,2.79,2.69,,,,,,,일반학생,3.55,3.24,,,,62.71429,국수영탐(2),2/1,,,,,,,,,,,,,,,,,,,,,
경상권,경북,경산시,영남대,인문,유아교육과,유아교육과,,,일반학생,4.16,4.15,,,,,,,잠재능력우수자,4.44,4.4,,,,62.67,국수영탐(2),-/-,,,,,,,,,,,,,,,,,,,,,
강원권,강원,원주시,경동대,자연,물리치료학과,물리치료학과,유지,유지,일반학생,3.68,3.58,,,,,,,,,,,,,62.66667,국수영탐(1),4/3,,,,,,,,,,,,,,,,,,,,,
경상권,경남,창원시,국립창원대,자연,스마트그린공학부 환경에너지공학전공,스마트그린공학부 환경에너지공학전공,유지,유지,학업성적우수자,5.32,5.19,,,,,,,계열적합인재,5.59,5.28,,,,62.65,국수영탐(1),4/-,,,,,,,,,,,,,,,,,,,,,
경상권,경남,창원시,국립창원대,인문,중국학과,중국학과,유지,유지,학업성적우수자,5.81,5.48,,,,,,,계열적합인재,6.48,6.21,,,,62.65,국수영탐(1),3/-,,,,,,,,,,,,,,,,,,,,,
경상권,경남,창원시,국립창원대,자연,정보통신공학과,정보통신공학과,유지,유지,학업성적우수자,3.42,3.24,,,,,,,,,,,,,62.65,국수영탐(1),4/-,,,,,,,,,,,,,,,,,,,,,
충청권,대전,대덕구,한남대,자연,컴퓨터공학과,컴퓨터공학과,유지,유지,일반,4.67,4.46,,,,,,,한남인재Ⅰ,4.93,4.86,한남인재Ⅱ,4.79,4.5,62.635,"국영탐(1) 중 2개, 수학",5/2,,,,,,,,,,,,,,,,,,,,,
경상권,대구,달서구,계명대,자연,산업공학과,산업공학과,유지,유지,일반,6.43,6.38,,,,,,,일반,6.43,6.38,,,,62.625,국수영탐(2),4/-,,,,,,,,,,,,,,,,,,,,,
전라권,전북,군산시,국립군산대,자연,화학공학과,화학공학과,유지,유지,일반,5.47,4.84,,,,,,,일반학생,4.84,4.84,,,,62.6,국수영탐(2),4/4,,,,,,,,,,,,,,,,,,,,,
전라권,전남,무안군,국립목포대,공통,도시계획및조경학부,도시계획및조경학부,유지,유지,교과일반,6.21,5.93,,,,,,,종합일반,6.72,6.17,,,,62.6,"국탐(1) 중 1개, 수영",4/-,,,,,,,,,,,,,,,,,,,,,
충청권,대전,서구,목원대,자연,건축학부,건축학부,유지,유지,교과,4.25,3.9,,,,,,,,,,,,,62.6,국수영탐탐한 중 2개,6/3,,,,,,,,,,,,,,,,,,,,,
충청권,대전,서구,목원대,인문,부동산금융보험학과,부동산금융보험학과,유지,유지,교과,4.38,4.36,,,,,,,,,,,,,62.6,국수영탐탐한 중 2개,6/4,,,,,,,,,,,,,,,,,,,,,
충청권,대전,서구,목원대,자연,소방방재학과,소방방재학과,유지,유지,교과,4.25,4.04,,,,,,,,,,,,,62.6,국수영탐탐한 중 2개,6/3,,,,,,,,,,,,,,,,,,,,,
충청권,대전,서구,목원대,인문,신학과,신학과,유지,유지,교과,4,3.81,,,,,,,,,,,,,62.6,국수영탐탐한 중 2개,6/4,,,,,,,,,,,,,,,,,,,,,
충청권,대전,서구,목원대,인문,항공호텔관광경영학과,항공호텔관광경영학과,유지,유지,교과,4.75,4.34,,,,,,,,,,,,,62.6,국수영탐탐한 중 2개,6/4,,,,,,,,,,,,,,,,,,,,,
전라권,전북,전주시,전주대,자연,기계자동차공학과,기계자동차공학과,유지,유지,일반학생(교과),6.82,6.12,,,,,,,일반학생(종합),7.11,6.81,,,,62.6,"국수영 중 2개, 탐구(1)",4/4,,,,,,,,,,,,,,,,,,,,,
전라권,전북,전주시,전주대,자연,기계자동차융합공학부,기계자동차공학과,유지,변경,일반학생(교과),6.82,6.12,,,,,,,일반학생(종합),7.11,6.81,,,,62.6,"국수영 중 2개, 탐구(1)",4/4,,,,,,,,,,,,,,,,,,,,,
경상권,경남,진주시,경상국립대,자연,반도체공학과,반도체공학과,유지,유지,일반,5.79,5.42,,,,,,,일반,5.79,5.42,,,,62.59375,국수영탐(2),4/-,,,,,,,,,,,,,,,,,,,,,
경상권,경남,진주시,경상국립대,인문,사회복지학부,사회복지학부,유지,유지,일반,4.58,4.48,,,,,,,일반,4.58,4.48,,,,62.59375,국수영탐(2),4/-,,,,,,,,,,,,,,,,,,,,,
경상권,경북,상주시,경북대,자연,섬유패션디자인학부 섬유공학전공,섬유패션디자인학부 섬유공학전공,유지,유지,교과우수자,6.05,5.55,,,,,,,,,,,,,62.57143,국수영탐(1),3/2,,,,,,,,,,,,,,,,,,,,,
전라권,전북,군산시,국립군산대,자연,신소재공학과,신소재공학과,유지,유지,일반,6.1,6.07,,,,,,,일반학생,3.54,3.54,,,,62.5,국수영탐(2),4/3,,,,,,,,,,,,,,,,,,,,,
경상권,경북,경산시,대구가톨릭대,예체능,체육교육과,체육교육과,유지,유지,교과,2.48,2.42,,,,,,,,,,,,,62.5,국수영탐(1),3/5,,,,,,,,,,,,,,,,,,,,,
경상권,경북,경산시,대구대,예체능,실내건축디자인학과,실내건축디자인학과,유지,유지,일반,5.9,4.8,,,,,,,서류,6.13,5.56,,,,62.5,국영탐(1),4/3,,,,,,,,,,,,,,,,,,,,,
경상권,부산,서구,동아대,인문,국제무역학과,국제무역학과,유지,유지,교과성적우수자,3.67,3.5,,,,,,,잠재능력우수자,4.76,4.49,학교생활우수자,4.79,4.6,62.5,국수영탐(2),-/-,,,,,,,,,,,,,,,,,,,,,
경상권,경남,진주시,경상국립대,자연,수학물리학부(수학전공/물리전공),수학물리학부(수학전공/물리전공),유지,유지,일반,5.2,4.78,,,,,,,일반,5.2,4.78,,,,62.4375,국수영탐(2),5/-,,,,,,,,,,,,,,,,,,,,,
충청권,충남,아산시,호서대,자연,정보통신공학과,정보통신공학부,유지,유지,학생부,5.68,5.4,,,,,,,호서인재,6.77,5.93,,,,62.41,"국수영 중 2개, 탐구(1)",3/1,,,,,,,,,,,,,,,,,,,,,
전라권,전북,군산시,국립군산대,자연,기관공학과,기관공학과,유지,유지,일반,5.27,5.18,,,,,,,일반학생,5.41,5.41,,,,62.4,국수영탐(2),5/1,,,,,,,,,,,,,,,,,,,,,
전라권,전북,군산시,국립군산대,자연,토목공학과,토목공학과,유지,유지,일반,6.49,5.9,,,,,,,일반학생,6.29,5.91,,,,62.4,국수영탐(2),5/3,,,,,,,,,,,,,,,,,,,,,
경인권,경기,성남시,을지대,인문,인문사회계열학부,인문사회계열학부,유지,유지,지역균형,4.09,3.91,,,,,,,EU미래인재,4.25,3.99,EU자기추천,4.15,3.7,62.4,"수탐(2) 중 1개, 국영",3/1,,,,,,,,,,,,,,,,,,,,,
전라권,전북,전주시,전주대,자연,컴퓨터공학과,컴퓨터공학과,유지,유지,일반학생(교과),6.09,5.71,,,,,,,일반학생(종합),6.11,5.57,,,,62.4,"국수영 중 2개, 탐구(1)",5/5,,,,,,,,,,,,,,,,,,,,,
경상권,부산,남구,국립부경대,자연,해양학전공,해양학전공,,,교과성적우수인재,3.83,3.45,일반,,4.19,,,,학교생활우수인재,,3.82,,,,62.39375,국수영탐(2),3/4,,,,,,,,,,,,,,,,,,,,,
경상권,경남,진주시,경상국립대,인문,철학과,철학과,유지,유지,일반,4.82,4.48,,,,,,,일반,4.82,4.48,,,,62.375,국수영탐(2),4/-,,,,,,,,,,,,,,,,,,,,,
경상권,대구,달서구,계명대,인문,문헌정보학과,문헌정보학과,유지,유지,일반,3.8,3.59,,,,,,,일반,3.8,3.59,,,,62.375,국수영탐(2),5/-,,,,,,,,,,,,,,,,,,,,,
강원권,강원,강릉시,"강원대(강릉,원주)",인문,일본학과,일본학과,유지,유지,해람교과,3.93,3.67,,,,,,,해람인재,5.05,5,,,,62.356,국수영탐(1) 중 3개,4/4,,,,,,,,,,,,,,,,,,,,,
경상권,경남,창원시,국립창원대,인문,행정학과,행정학과,유지,유지,학업성적우수자,3.86,3.58,,,,,,,,,,,,,62.35,국수영탐(1),4/-,,,,,,,,,,,,,,,,,,,,,
경상권,경북,경산시,영남대,인문,글로벌교육학부,글로벌교육학부,,,일반학생,4.93,4.8,,,,,,,잠재능력우수자,5.42,5.41,,,,62.33,국수영탐(2),-/-,,,,,,,,,,,,,,,,,,,,,
경상권,경북,경산시,영남대,자연,조경학과,조경학과,,,일반학생,4.89,4.62,,,,,,,잠재능력우수자,4.98,4.93,,,,62.33,국수영탐(2),-/-,,,,,,,,,,,,,,,,,,,,,
경상권,경북,경산시,영남대,자연,통계학과,통계학과,,,일반학생,4.57,4.27,,,,,,,잠재능력우수자,5.08,4.73,,,,62.33,국수영탐(2),-/-,,,,,,,,,,,,,,,,,,,,,
경상권,경북,경산시,영남대,자연,파이버시스템공학과,파이버시스템공학과,,,일반학생,5.55,5.52,,,,,,,잠재능력우수자,5.62,5.5,,,,62.33,국수영탐(2),-/-,,,,,,,,,,,,,,,,,,,,,
경상권,부산,남구,국립부경대,자연,해양생산시스템관리학부,해양생산시스템관리학부,,,교과성적우수인재,4.09,3.85,일반,,4.08,,,,학교생활우수인재,4.39,4.23,,,,62.31875,국수영탐(2),3/4,,,,,,,,,,,,,,,,,,,,,
전라권,전북,군산시,국립군산대,자연,기계공학부,기계공학부,유지,변경,일반,6.44,5.94,,,,,,,일반학생,7.11,7.02,,,,62.3,국수영탐(2),4/5,,,,,,,,,,,,,,,,,,,,,
경상권,경북,상주시,경북대,자연,식품외식산업학과,식품외식산업학과,유지,유지,교과우수자,5.88,5.61,,,,,,,,,,,,,62.28571,국수영탐(1),3/2,,,,,,,,,,,,,,,,,,,,,
경상권,경북,상주시,경북대,자연,정밀기계공학과,정밀기계공학과,유지,유지,교과우수자,5.67,5.45,,,,,,,,,,,,,62.28571,국수영탐(1),3/2,,,,,,,,,,,,,,,,,,,,,
서울,서울,은평구,서울기독대,인문,글로벌휴먼경영,글로벌휴먼경영,유지,유지,SCU인재,,,일반,,,,,,,,,,,,62.28571,국영탐(1),4/4,,,,,,,,,,,,,,,,,,,,,
경상권,경남,창원시,경남대,예체능,체육교육과,체육교육과,유지,유지,체육교육과,3.1,2.9,,,,,,,,,,,,,62.25,국수영탐(1),4/2,,,,,,,,,,,,,,,,,,,,,
경상권,부산,남구,국립부경대,자연,환경대기과학전공,환경대기과학전공,,,교과성적우수인재,3.57,3.43,일반,,3.84,,,,학교생활우수인재,,3.65,,,,62.25,국수영탐(2),3/3,,,,,,,,,,,,,,,,,,,,,
경상권,경남,진주시,경상국립대,예체능,디자인비즈니스학과,디자인비즈니스학과,유지,유지,일반,4.1,3.89,,,,,,,일반,4.1,3.89,,,,62.21429,국영탐(2),4/-,,,,,,,,,,,,,,,,,,,,,
전라권,전북,전주시,전주대,자연,식품영양학과,환경생명과학과,유지,변경,일반학생(교과),6.73,6.11,,,,,,,일반학생(종합),4.99,4.93,,,,62.2,"국수영 중 2개, 탐구(1)",4/2,,,,,,,,,,,,,,,,,,,,,
전라권,전북,전주시,전주대,자연,정보통신공학과,정보통신공학과,유지,유지,일반학생(교과),7.52,7.22,,,,,,,일반학생(종합),7.77,7.71,,,,62.2,"국수영 중 2개, 탐구(1)",4/3,,,,,,,,,,,,,,,,,,,,,
경상권,경남,진주시,경상국립대,자연,해양경찰시스템학과,해양경찰시스템학과,유지,유지,일반,4.79,4.62,,,,,,,일반,4.79,4.62,,,,62.1875,국수영탐(2),4/-,,,,,,,,,,,,,,,,,,,,,
경상권,부산,금정구,부산대,자연,유기소재시스템공학과,유기소재시스템공학과,유지,유지,학생부교과,2.68,2.64,,,,,,,학생부종합,2.91,2.8,,,,62.1875,국수영탐(2),3/1,,,,,,,,,,,,,,,,,,,,,
충청권,세종,세종,홍익대(세종),자연,AI기계융합공학과,기계정보공학과,유지,변경,교과우수자,4.48,4.44,,,,,,,학교생활우수자,4.62,4.69,,,,62.17647,국수영탐(2),3/3,,,,,,,,,,,,,,,,,,,,,
경상권,부산,남구,국립부경대,자연,고분자•화학소재공학부,고분자•화학소재공학부,,,교과성적우수인재,3.62,3.37,일반,4,3.86,,,,학교생활우수인재,4.11,4.04,,,,62.17188,국수영탐(2),4/3,,,,,,,,,,,,,,,,,,,,,
경상권,부산,서구,동아대,인문,경제학과,경제학과,유지,유지,교과성적우수자,3.92,3.67,,,,,,,잠재능력우수자,5.18,4.95,학교생활우수자,4.78,4.66,62.17,국수영탐(2),-/-,,,,,,,,,,,,,,,,,,,,,
경상권,부산,사하구,동아대,자연,신소재공학과,신소재공학과,유지,유지,교과성적우수자,4.42,4.33,,,,,,,잠재능력우수자,5.35,5.2,학교생활우수자,4.88,4.7,62.17,국수영탐(2),-/-,,,,,,,,,,,,,,,,,,,,,
경상권,경북,경산시,영남대,자연,주거환경학과,주거환경학과,,,일반학생,5.1,4.83,,,,,,,잠재능력우수자,5.47,5.45,,,,62.17,국수영탐(2),-/-,,,,,,,,,,,,,,,,,,,,,
제주권,제주,제주시,제주대,자연,해양산업경찰학과,해양산업경찰학과,유지,유지,일반학생,4.8,4.65,,,,,,,일반학생,,4.43,,,,62.14,국수영탐(2),4/4,,,,,,,,,,,,,,,,,,,,,
경상권,경남,밀양시,부산대,자연,바이오소재과학과,바이오소재과학과,유지,유지,학생부교과,3.66,3.56,,,,,,,학생부종합,3.37,3.27,,,,62.0625,국수영탐(2),3/3,,,,,,,,,,,,,,,,,,,,,
제주권,제주,제주시,제주대,자연,건축공학과,건축공학과,유지,유지,일반학생,4.67,4.55,,,,,,,일반학생,,5.43,,,,62.05,국수영탐(2),4/6,,,,,,,,,,,,,,,,,,,,,
경인권,경기,양주시,경동대,자연,건축공학과,건축공학과,유지,유지,일반학생,4.87,4.52,,,,,,,,,,,,,62,국수영탐(1),3/3,,,,,,,,,,,,,,,,,,,,,
경상권,경북,상주시,경북대,자연,축산학과,축산학과,유지,유지,교과우수자,5.38,5.18,,,,,,,,,,,,,62,국수영탐(1),4/3,,,,,,,,,,,,,,,,,,,,,
전라권,전남,무안군,국립목포대,자연,환경교육과,환경교육과,유지,유지,교과일반,6.45,6.07,,,,,,,,,,,,,62,"국탐(1) 중 1개, 수영",2/-,,,,,,,,,,,,,,,,,,,,,
경상권,경북,경주시,동국대(WISE),인문,명상심리상담학과,명상심리상담학과,유지,유지,교과,5.3,4.5,면접,4.9,4.9,불교추천인재,,,참사랑,,,,,,62,국수탐(1) 중 2개,4/2,,,,,,,,,,,,,,,,,,,,,
경상권,경북,경주시,동국대(WISE),인문,정보경영학과,정보경영학과,유지,유지,교과,4.2,4.2,면접,,,,,,참사랑,,,,,,62,국수탐(1) 중 2개,4/2,,,,,,,,,,,,,,,,,,,,,
충청권,대전,서구,배재대,인문,IT경영정보학과,IT경영정보학과,유지,유지,교과,6.7,6.2,,,,,,,,,,,,,62,국수영탐(1) 중 2개,4/2,,,,,,,,,,,,,,,,,,,,,
충청권,대전,서구,배재대,자연,생명공학과,생명공학과,유지,유지,교과,5.1,4.5,,,,,,,,,,,,,62,국수영탐(1) 중 2개,4/2,,,,,,,,,,,,,,,,,,,,,
충청권,대전,서구,배재대,자연,외식조리학과,외식조리학과,유지,유지,교과,3.8,3.8,일반고교과,4.4,4.4,,,,서류100,5.3,5.1,,,,62,국수영탐(1) 중 2개,4/2,,,,,,,,,,,,,,,,,,,,,
충청권,대전,서구,배재대,자연,철도건설공학과,철도건설공학과,유지,유지,교과,6.9,5.8,일반고교과,6.9,6.9,,,,,,,,,,62,국수영탐(1) 중 2개,4/7,,,,,,,,,,,,,,,,,,,,,
경상권,부산,사상구,신라대,자연,항공정비학과,항공정비학과,유지,유지,면접우수자,3.9,3.9,일반고교과,4.2,3.8,,,,학생부종합Ⅰ,5.4,5.4,,,,62,국수영탐(1),5/-,,,,,,,,,,,,,,,,,,,,,
경상권,경북,경산시,영남대,인문,문화인류학과,문화인류학과,,,일반학생,5.08,4.55,,,,,,,잠재능력우수자,5.48,5.26,,,,62,국수영탐(2),-/-,,,,,,,,,,,,,,,,,,,,,
경상권,경북,경산시,영남대,인문,영어영문학과,영어영문학과,,,일반학생,4.45,4.36,,,,,,,잠재능력우수자,4.7,4.5,,,,62,국수영탐(2),-/-,,,,,,,,,,,,,,,,,,,,,
전라권,전북,전주시,전주대,인문,인문콘텐츠대학,인문콘텐츠대학,유지,변경,일반학생(교과),7.5,6.5,,,,,,,일반학생(종합),6.61,5.89,,,,62,"국수영 중 2개, 탐구(1)",5/2,,,,,,,,,,,,,,,,,,,,,
경상권,경남,창원시,국립창원대,자연,지능로봇융합공학과,지능로봇융합공학과,유지,유지,학업성적우수자,4.86,4.67,,,,,,,계열적합인재,5.04,4.9,,,,62,국수영탐(1),3/-,,,,,,,,,,,,,,,,,,,,,
경상권,경남,창원시,국립창원대,자연,건축학부 건축학전공,건축학부 건축학전공,유지,유지,학업성적우수자,4.04,4,,,,,,,,,,,,,61.95,국수영탐(1),3/-,,,,,,,,,,,,,,,,,,,,,
충청권,세종,세종,고려대(세종),자연,생명정보공학과,생명정보공학과,유지,유지,일반,3.8,3.72,,,,,,,크림슨인재,3.76,3.52,,,,61.9375,국수영탐(2),1/-,,,,,,,,,,,,,,,,,,,,,
경상권,경북,경산시,대구대,인문,문헌정보학과,문헌정보학과,유지,유지,일반,5.7,4.7,,,,,,,서류,5.86,5.5,,,,61.9,국수영탐(1),4/3,,,,,,,,,,,,,,,,,,,,,
경상권,경북,경산시,대구대,인문,미디어커뮤니케이션학부,미디어커뮤니케이션학부,유지,유지,일반,5.7,4.9,,,,,,,서류,5.62,5.45,,,,61.9,국수영탐(1),4/3,,,,,,,,,,,,,,,,,,,,,
경상권,경북,경산시,대구대,인문,심리학과,심리학과,유지,유지,일반,4.9,4,,,,,,,서류,5.06,4.88,,,,61.9,국수영탐(1),4/3,,,,,,,,,,,,,,,,,,,,,
경상권,경북,경산시,대구대,인문,아동가정복지학과,아동가정복지학과,유지,유지,일반,6.5,6,,,,,,,서류,6.8,6.25,,,,61.9,국수영탐(1),4/3,,,,,,,,,,,,,,,,,,,,,
경상권,경북,경산시,대구대,인문,청소년상담복지학과,청소년상담복지학과,유지,유지,일반,6.9,5.6,,,,,,,서류,5.92,5.92,,,,61.9,국수영탐(1),4/3,,,,,,,,,,,,,,,,,,,,,
경상권,경북,경산시,대구대,인문,평생교육실버복지학과,평생교육실버복지학과,유지,유지,일반,7.4,5.8,,,,,,,서류,6.4,6.11,,,,61.9,국수영탐(1),4/3,,,,,,,,,,,,,,,,,,,,,
경상권,부산,영도구,국립한국해양대,자연,전자전기정보공학부,전자전기정보공학부(전파모빌리티융합공학전공),유지,유지,교과성적우수자,4.97,4.75,일반,,,,,,아치해양인재Ⅰ,,,아치해양인재Ⅱ,,,61.86667,국수영탐(2),2/3,,,,,,,,,,,,,,,,,,,,,
경상권,경남,창원시,국립창원대,인문,독어독문학과,독어독문학과,유지,유지,학업성적우수자,4.73,4.47,,,,,,,계열적합인재,5.61,5.33,,,,61.85,국수영탐(1),2/-,,,,,,,,,,,,,,,,,,,,,
경상권,부산,영도구,국립한국해양대,인문,해양행정학과,해양행정학과,유지,유지,교과성적우수자,3.79,3.68,일반,,,,,,아치해양인재Ⅰ,,,아치해양인재Ⅱ,,,61.83333,국수영탐(2),2/2,,,,,,,,,,,,,,,,,,,,,
경상권,부산,부산진구,동의대,자연,치위생학과,치위생학과,유지,유지,일반고교과,3.41,3.33,,,,,,,학교생활우수자(면접),5.09,4.95,,,,61.83333,국수영탐(2),4/6,,,,,,,,,,,,,,,,,,,,,
경상권,경북,경산시,영남대,자연,의류패션학과,의류패션학과,,,일반학생,4.78,4.63,,,,,,,잠재능력우수자,4.85,4.62,,,,61.83,국수영탐(2),-/-,,,,,,,,,,,,,,,,,,,,,
제주권,제주,제주시,제주대,인문,관광경영학과,관광경영학과,유지,유지,일반학생,4.9,4.77,,,,,,,일반학생,5.52,5.45,,,,61.82,국수영탐(2),4/5,,,,,,,,,,,,,,,,,,,,,
충청권,충남,천안시,백석대,인문,기독교학부,기독교학부,유지,유지,백석인재,3.53,3.53,일반,5.98,5.37,,,,창의인재,5.06,5.06,,,,61.8,"국수영 중 2개, 탐구(1)",4/-,,,,,,,,,,,,,,,,,,,,,
충청권,세종,세종,홍익대(세종),자연,세종캠퍼스자율전공(자연·예능),세종캠퍼스자율전공(자연·예능),유지,유지,교과우수자,4.08,3.75,,,,,,,학교생활우수자,3.89,3.23,,,,61.76471,국수영탐(2),3/2,,,,,,,,,,,,,,,,,,,,,
충청권,세종,세종,홍익대(세종),자연,소프트웨어융합학과,소프트웨어융합학과,유지,유지,교과우수자,4.69,4.31,,,,,,,학교생활우수자,4.35,3.97,,,,61.76471,국수영탐(2),3/3,,,,,,,,,,,,,,,,,,,,,
경상권,부산,남구,국립부경대,자연,응용수학과,응용수학과,,,교과성적우수인재,3.46,3.44,일반,,2.5,,,,학교생활우수인재,,4.21,,,,61.74375,국수영탐(2),4/4,,,,,,,,,,,,,,,,,,,,,
경상권,부산,남구,국립부경대,자연,토목공학전공,토목공학전공,,,교과성적우수인재,3.65,3.47,일반,4.09,3.95,,,,학교생활우수인재,4.27,4.1,,,,61.74375,국수영탐(2),3/3,,,,,,,,,,,,,,,,,,,,,
경상권,경북,상주시,경북대,자연,곤충생명과학과,곤충생명과학과,유지,유지,교과우수자,5.4,5.02,,,,,,,,,,,,,61.71429,국수영탐(1),3/2,,,,,,,,,,,,,,,,,,,,,
전라권,전북,군산시,국립군산대,자연,생명과학과,생명과학과,유지,유지,일반,5.7,5.67,,,,,,,일반학생,5.7,5.67,,,,61.7,국수영탐(2),4/6,,,,,,,,,,,,,,,,,,,,,
제주권,제주,제주시,제주대,자연,식물자원환경전공,식물자원환경전공,유지,유지,일반학생,4.86,4.71,,,,,,,일반학생,,5.64,,,,61.675,국수영탐(2),4/4,,,,,,,,,,,,,,,,,,,,,
강원권,강원,강릉시,"강원대(강릉,원주)",인문,법률정책학과,법학과,유지,변경,해람교과,4.16,3.62,,,,,,,해람인재,5.97,5.61,,,,61.675,국수영탐(1) 중 3개,6/4,,,,,,,,,,,,,,,,,,,,,
경상권,부산,사하구,동아대,자연,반도체학과,반도체학과,유지,유지,교과성적우수자,4.83,4.33,,,,,,,잠재능력우수자,5.19,5.18,학교생활우수자,5.33,5.22,61.67,국수영탐(2),-/-,,,,,,,,,,,,,,,,,,,,,
경상권,경북,경산시,영남대,인문,휴먼서비스학과,휴먼서비스학과,,,일반학생,4.62,4.53,,,,,,,잠재능력우수자,4.83,4.6,,,,61.67,국수영탐(2),-/-,,,,,,,,,,,,,,,,,,,,,
경상권,부산,남구,경성대,자연,건축학과,건축학과,유지,유지,일반계고교과,3.7,3.6,일반계고면접,4,4,,,,학교생활우수자,6,5.41,,,,61.66667,국수영탐(2),4/-,,,,,,,,,,,,,,,,,,,,,
전라권,전북,익산시,원광대,자연,공학2계열,화학공학과,유지,변경,일반,5.17,5,,,,,,,학생부종합,6.37,5.95,,,,61.66667,"국수 중 1개, 영탐(1)",5/4,,,,,,,,,,,,,,,,,,,,,
충청권,대전,대덕구,한남대,인문,국어국문·창작학과,국어국문·창작학과,유지,유지,일반,5.02,4.42,,,,,,,한남인재Ⅰ,5.4,5,,,,61.66667,"수영탐(1) 중 2개, 국어",4/5,,,,,,,,,,,,,,,,,,,,,
전라권,전북,전주시,전북대,공통,농업생명과학계열,농업생명과학계열,유지,유지,일반학생,4.28,4.14,,,,,,,큰사람,4.43,4.25,,,,61.65,국수탐(2),3/2,,,,,,,,,,,,,,,,,,,,,
경상권,경남,창원시,국립창원대,인문,사회복지학과,사회복지학과,유지,유지,학업성적우수자,4.1,3.97,,,,,,,계열적합인재,4.37,3.97,,,,61.65,국수영탐(1),3/-,,,,,,,,,,,,,,,,,,,,,
제주권,제주,제주시,제주대,자연,생명공학부,생명공학부,유지,유지,일반학생,5.21,4.97,,,,,,,일반학생,4.69,4.46,,,,61.615,국수영탐(2),4/4,,,,,,,,,,,,,,,,,,,,,
제주권,제주,제주시,제주대,인문,일어일문학과,일어일문학과,유지,유지,일반학생,5.06,4.77,,,,,,,일반학생,,5.05,,,,61.55,국수영탐(2),4/4,,,,,,,,,,,,,,,,,,,,,
충청권,세종,세종,고려대(세종),자연,환경시스템공학과,환경시스템공학과,유지,유지,일반,4,3.9,,,,,,,크림슨인재,3.71,3.63,,,,61.5,국수영탐(2),2/-,,,,,,,,,,,,,,,,,,,,,
경상권,부산,영도구,국립한국해양대,자연,해양공학과,해양공학과,유지,유지,교과성적우수자,4.68,4.57,일반,,,,,,아치해양인재Ⅰ,,,아치해양인재Ⅱ,,,61.5,국수영탐(2),3/3,,,,,,,,,,,,,,,,,,,,,
충청권,대전,동구,대전대,인문,사회복지학과,사회복지학과,유지,유지,교과면접,5.67,5.5,교과중점,4.89,4.63,,,,,,,,,,61.5,국수영탐(1) 중 2개,5/5,,,,,,,,,,,,,,,,,,,,,
경상권,경북,경주시,동국대(WISE),자연,자동차소재부품공학전공,자동차소재부품공학전공,유지,유지,,,,,,,,,,참사랑,,,,,,61.5,국수탐(1) 중 2개,4/2,,,,,,,,,,,,,,,,,,,,,
경상권,부산,사하구,동아대,자연,산업경영공학과,산업경영공학과,유지,유지,교과성적우수자,4.58,4.17,,,,,,,잠재능력우수자,6.05,5.73,학교생활우수자,5.41,5.18,61.5,국수영탐(2),-/-,,,,,,,,,,,,,,,,,,,,,
충청권,대전,서구,배재대,인문,글로벌비즈니스학과,글로벌비즈니스학과,유지,유지,교과,6.5,6.3,,,,,,,,,,,,,61.5,국수영탐(1) 중 2개,5/5,,,,,,,,,,,,,,,,,,,,,
충청권,대전,서구,배재대,인문,자율전공학부,자율전공학부,유지,유지,교과,6.1,5.3,,,,,,,,,,,,,61.5,국수영탐(1) 중 2개,5/6,,,,,,,,,,,,,,,,,,,,,
서울,서울,구로구,서울한영대,인문,재활복지학과,재활복지학과,유지,유지,일반,6.53,6.02,,,,,,,,,,,,,61.5,국영탐(1)한,3/2,,,,,,,,,,,,,,,,,,,,,
충청권,충북,제천시,세명대,인문,미디어콘텐츠창작학과,미디어콘텐츠창작학과,유지,유지,면접우수자,6.2,,일반,5.4,,,,,,,,,,,61.5,국수탐탐 중 2개,4/2,,,,,,,,,,,,,,,,,,,,,
강원권,강원,원주시,한라대,자연,AI정보보안학과,AI정보보안학과,유지,유지,일반학생(교과중심),4.45,4.3,일반학생(면접중심),4.8,4.8,,,,운곡인재,5.37,,,,,61.5,국수영탐(1) 중 2개,4/5,,,,,,,,,,,,,,,,,,,,,
강원권,강원,원주시,한라대,인문,경찰행정학과,경찰행정학과,유지,유지,일반학생(교과중심),3.05,2.66,일반학생(면접중심),3.61,3.95,,,,운곡인재,4.28,,,,,61.5,국수영탐(1) 중 2개,5/4,,,,,,,,,,,,,,,,,,,,,
충청권,충남,서산시,한서대,자연,수산생명의학과,수산생명의학과,유지,유지,학생부교과1,6,5.75,한서인재,,,,,,,,,,,,61.5,"국수영 중 2개, 탐구(1)",-/-,,,,,,,,,,,,,,,,,,,,,
제주권,제주,제주시,제주대,자연,생활환경복지학과,생활환경복지학부,유지,변경,일반학생,4.66,4.32,,,,,,,일반학생,4.74,4.57,,,,61.48,국수영탐(2),4/3,,,,,,,,,,,,,,,,,,,,,
경상권,경북,상주시,경북대,자연,치위생학과,치위생학과,유지,유지,교과우수자,4,3.84,,,,,,,일반학생,5,4.85,,,,61.42857,국수영탐(2),5/4,,,,,,,,,,,,,,,,,,,,,
충청권,충남,아산시,호서대,자연,미래자동차공학과,미래자동차공학과,유지,유지,학생부,4.63,4.41,,,,,,,호서인재,5.65,5.35,,,,61.39,"국수영 중 2개, 탐구(1)",3/1,,,,,,,,,,,,,,,,,,,,,
경상권,대구,달서구,계명대,자연,토목공학과,토목공학과,유지,유지,일반,5.99,5.76,,,,,,,일반,5.99,5.76,,,,61.375,국수영탐(2),3/-,,,,,,,,,,,,,,,,,,,,,
경상권,경남,진주시,경상국립대,자연,컴퓨터공학부(컴퓨터학전공/ICT융합전공),컴퓨터공학부(컴퓨터학전공/ICT융합전공),유지,유지,일반,3.64,3.44,,,,,,,일반,3.64,3.44,,,,61.34375,국수영탐(2),4/-,,,,,,,,,,,,,,,,,,,,,
경상권,부산,해운대구,동서대,예체능,영화과,영화과,유지,유지,고교생활우수자,3.4,3.4,일반계교과,3,2.6,,,,,,,,,,61.33333,국수영탐(1),4/-,,,,,,,,,,,,,,,,,,,,,
경상권,부산,부산진구,동의대,인문,경찰행정학과,경찰행정학과,유지,유지,일반고교과,3.25,3.16,,,,,,,학교생활우수자(면접),5.34,5.34,,,,61.33333,국수영탐(2),3/4,,,,,,,,,,,,,,,,,,,,,
경상권,부산,부산진구,동의대,자연,방사선학과,방사선학과,유지,유지,일반고교과,3.16,2.91,,,,,,,학교생활우수자(면접),5.1,4.56,,,,61.33333,국수영탐(2),3/2,,,,,,,,,,,,,,,,,,,,,
경상권,경북,경산시,영남대,인문,국제개발새마을학과,국제개발새마을학과,,,일반학생,5.29,5.25,,,,,,,잠재능력우수자,5.54,5.31,,,,61.33,국수영탐(2),-/-,,,,,,,,,,,,,,,,,,,,,
경상권,경북,경산시,영남대,인문,무역학부,무역학부,,,일반학생,4.71,4.55,,,,,,,잠재능력우수자,5.41,5.14,,,,61.33,국수영탐(2),-/-,,,,,,,,,,,,,,,,,,,,,
경상권,경북,경산시,영남대,인문,사회학과,사회학과,,,일반학생,4.61,4.54,,,,,,,잠재능력우수자,4.8,4.62,,,,61.33,국수영탐(2),-/-,,,,,,,,,,,,,,,,,,,,,
경상권,경남,창원시,국립창원대,인문,사학과,사학과,유지,유지,학업성적우수자,4.9,4.33,,,,,,,계열적합인재,5.48,5.1,,,,61.3,국수영탐(1),4/-,,,,,,,,,,,,,,,,,,,,,
경상권,경남,진주시,경상국립대,인문,아동가족학과,아동가족학과,유지,유지,일반,4.59,4.38,,,,,,,일반,4.59,4.38,,,,61.28125,국수영탐(2),5/-,,,,,,,,,,,,,,,,,,,,,
경상권,경남,창원시,경남대,자연,건축학부,건축학부,유지,유지,일반면접,4.7,4.7,일반,4.9,4.2,,,,일반,,,,,,61.25,국수영탐(1),4/2,,,,,,,,,,,,,,,,,,,,,
전라권,전남,목포시,국립목포해양대,인문,해군사관학부(남),해군사관학부(남),유지,유지,누구나,5.08,5.08,학생부성적우수자,4.92,4.95,,,,,,,,,,61.2,국수영탐(2),2/3,,,,,,,,,,,,,,,,,,,,,
강원권,강원,원주시,상지대,인문,경영학과,경영학과,유지,유지,교과일반,5.04,4.59,,,,,,,종합일반,4.73,4.64,,,,61.2,국수영탐(2) 중 2개,4/1,,,,,,,,,,,,,,,,,,,,,
경상권,경남,창원시,국립창원대,인문,회계학과,회계학과,유지,유지,학업성적우수자,4.05,3.93,,,,,,,,,,,,,61.2,국수영탐(1),4/-,,,,,,,,,,,,,,,,,,,,,
경상권,경북,경산시,영남대,자연,화학과,화학과,,,일반학생,5.01,4.69,,,,,,,잠재능력우수자,5.41,5.31,,,,61.17,국수영탐(2),-/-,,,,,,,,,,,,,,,,,,,,,
경상권,경남,진주시,경상국립대,인문,정치외교학과,정치외교학과,유지,유지,일반,4.55,4.21,,,,,,,일반,4.55,4.21,,,,61.15625,국수영탐(2),3/-,,,,,,,,,,,,,,,,,,,,,
경상권,대구,달서구,계명대,자연,수학과,수학과,유지,유지,일반,6,4.43,,,,,,,일반,6,4.43,,,,61.125,국수영탐(2),5/-,,,,,,,,,,,,,,,,,,,,,
제주권,제주,제주시,제주대,자연,바이오메디컬정보학과,바이오메디컬정보학과,유지,유지,일반학생,6.14,6.08,,,,,,,일반학생,5.25,4.85,,,,61.12,국수영탐(2),4/4,,,,,,,,,,,,,,,,,,,,,
경상권,부산,영도구,국립한국해양대,자연,해양과학융합학부,해양과학융합학부(해양환경학전공),유지,유지,교과성적우수자,3.96,3.92,일반,,,,,,아치해양인재Ⅰ,,,아치해양인재Ⅱ,,,61.1,국수영탐(2),2/2,,,,,,,,,,,,,,,,,,,,,
충청권,충북,청주시,충북대,인문,교육학과,교육학과,유지,유지,학생부교과,3.24,3.13,,,,,,,학생부종합Ⅰ,2.95,2.84,,,,61.0875,국수영탐(2),-/-,,,,,,,,,,,,,,,,,,,,,
제주권,제주,제주시,제주대,자연,기계시스템공학과,기계시스템공학과,유지,유지,일반학생,5.75,5.56,,,,,,,일반학생,5.86,5.83,,,,61.08,국수영탐(2),5/3,,,,,,,,,,,,,,,,,,,,,
경상권,경남,창원시,경남대,인문,국어교육과,국어교육과,유지,유지,일반,3.2,2.9,,,,,,,일반,3.2,2.9,,,,61,국수영탐(1),4/2,,,,,,,,,,,,,,,,,,,,,
경상권,경북,안동시,국립경국대,자연,IT융합공학부,컴퓨터·소프트웨어공학부,유지,변경,일반학생,5.07,4.36,,,,,,,,,,,,,61,국수영탐(1) 중 2개,5/4,,,,,,,,,,,,,,,,,,,,,
경상권,경북,안동시,국립경국대,인문,경영학부,사회과학부,유지,변경,일반학생,5.24,4.48,,,,,,,,,,,,,61,국수영탐(1) 중 2개,5/4,,,,,,,,,,,,,,,,,,,,,
경상권,경북,안동시,국립경국대,인문,경영학전공,경영학전공,변경,유지,,,,,,,,,,NUG인재,5.53,5.28,,,,61,국수영탐(1) 중 2개,5/4,,,,,,,,,,,,,,,,,,,,,
경상권,경북,안동시,국립경국대,인문,경제학전공,경제학전공,변경,유지,,,,,,,,,,NUG인재,5.44,5.44,,,,61,국수영탐(1) 중 2개,5/4,,,,,,,,,,,,,,,,,,,,,
경상권,경북,안동시,국립경국대,인문,관광경영학전공,문화관광학전공,변경,변경,,,,,,,,,,NUG인재,7.05,7.05,,,,61,국수영탐(1) 중 2개,5/4,,,,,,,,,,,,,,,,,,,,,
경상권,경북,안동시,국립경국대,인문,국어국문학전공,국어국문학전공,변경,유지,,,,,,,,,,NUG인재,5.25,5.25,,,,61,국수영탐(1) 중 2개,5/4,,,,,,,,,,,,,,,,,,,,,
경상권,경북,안동시,국립경국대,자연,데이터과학전공,데이터과학전공,변경,유지,,,,,,,,,,NUG인재,,,,,,61,국수영탐(1) 중 2개,5/4,,,,,,,,,,,,,,,,,,,,,
경상권,경북,안동시,국립경국대,인문,무역학전공,무역학전공,변경,유지,,,,,,,,,,NUG인재,4.99,4.99,,,,61,국수영탐(1) 중 2개,5/4,,,,,,,,,,,,,,,,,,,,,
경상권,경북,안동시,국립경국대,인문,문화유산학전공,문화유산학전공,변경,유지,,,,,,,,,,NUG인재,5.55,5.55,,,,61,국수영탐(1) 중 2개,5/4,,,,,,,,,,,,,,,,,,,,,
경상권,경북,안동시,국립경국대,인문,미디어문화커뮤니케이션학전공,미디어문화커뮤니케이션학전공,변경,유지,,,,,,,,,,NUG인재,6.05,5.93,,,,61,국수영탐(1) 중 2개,5/4,,,,,,,,,,,,,,,,,,,,,
경상권,경북,안동시,국립경국대,인문,법?행정?경제학부,사회과학부,유지,변경,일반학생,5.24,4.48,,,,,,,,,,,,,61,국수영탐(1) 중 2개,5/4,,,,,,,,,,,,,,,,,,,,,
경상권,경북,안동시,국립경국대,인문,법학전공,법학전공,변경,유지,,,,,,,,,,NUG인재,6,6,,,,61,국수영탐(1) 중 2개,5/4,,,,,,,,,,,,,,,,,,,,,
경상권,경북,안동시,국립경국대,인문,사학전공,사학전공,변경,유지,,,,,,,,,,NUG인재,5.56,5.26,,,,61,국수영탐(1) 중 2개,5/4,,,,,,,,,,,,,,,,,,,,,
경상권,경북,안동시,국립경국대,자연,소프트웨어융합전공,소프트웨어융합전공,변경,유지,,,,,,,,,,NUG인재,5.65,5.55,,,,61,국수영탐(1) 중 2개,5/4,,,,,,,,,,,,,,,,,,,,,
경상권,경북,안동시,국립경국대,인문,인문·문화학부,인문·문화학부,유지,유지,일반학생,4.98,4.5,,,,,,,,,,,,,61,국수영탐(1) 중 2개,5/4,,,,,,,,,,,,,,,,,,,,,
경상권,경북,안동시,국립경국대,공통,자유전공학부,자유전공학부,유지,유지,일반학생,5.96,5.56,,,,,,,NUG인재,7.23,5.68,,,,61,국수영탐(1) 중 2개,5/4,,,,,,,,,,,,,,,,,,,,,
경상권,경북,안동시,국립경국대,인문,중국어문·문화학전공,중국어문·문화학전공,변경,유지,,,,,,,,,,NUG인재,5.62,5.62,,,,61,국수영탐(1) 중 2개,5/4,,,,,,,,,,,,,,,,,,,,,
경상권,경북,안동시,국립경국대,자연,컴퓨터공학전공,컴퓨터공학전공,변경,유지,,,,,,,,,,NUG인재,5.62,5.62,,,,61,국수영탐(1) 중 2개,5/4,,,,,,,,,,,,,,,,,,,,,
경상권,경북,안동시,국립경국대,예체능,패션·예술·체육학부(체육학전공 제외),공연예술음악학전공,유지,변경,일반학생,7.46,7.46,,,,,,,,,,,,,61,국수영탐(1) 중 2개,5/4,,,,,,,,,,,,,,,,,,,,,
경상권,경북,안동시,국립경국대,예체능,패션·예술·체육학부(체육학전공 제외),미술학전공,유지,변경,일반학생,5.02,4.61,,,,,,,,,,,,,61,국수영탐(1) 중 2개,5/4,,,,,,,,,,,,,,,,,,,,,
경상권,경북,안동시,국립경국대,자연,패션·예술·체육학부(체육학전공 제외),패션라이프스타일학전공,유지,변경,일반학생,6.19,5.68,,,,,,,NUG인재,5.33,5.33,,,,61,국수영탐(1) 중 2개,5/4,,,,,,,,,,,,,,,,,,,,,
경상권,경북,안동시,국립경국대,자연,패션라이프스타일학전공,패션라이프스타일학전공,변경,유지,일반학생,6.19,5.68,,,,,,,NUG인재,5.33,5.33,,,,61,국수영탐(1) 중 2개,5/4,,,,,,,,,,,,,,,,,,,,,
경상권,경북,안동시,국립경국대,인문,한자문화콘텐츠학전공,한자문화콘텐츠학전공,변경,유지,,,,,,,,,,NUG인재,,,,,,61,국수영탐(1) 중 2개,5/4,,,,,,,,,,,,,,,,,,,,,
경상권,경북,안동시,국립경국대,인문,행정학전공,행정학전공,변경,유지,,,,,,,,,,NUG인재,4.95,4.88,,,,61,국수영탐(1) 중 2개,5/4,,,,,,,,,,,,,,,,,,,,,
경상권,경북,안동시,국립경국대,인문,회계세무학전공,회계세무학전공,변경,유지,,,,,,,,,,NUG인재,5.76,5.76,,,,61,국수영탐(1) 중 2개,5/4,,,,,,,,,,,,,,,,,,,,,
경상권,부산,영도구,국립한국해양대,자연,환경공학과,환경공학과,유지,유지,교과성적우수자,4.21,3.95,일반,,,,,,아치해양인재Ⅰ,,,아치해양인재Ⅱ,,,61,국수영탐(2),3/1,,,,,,,,,,,,,,,,,,,,,
경상권,부산,사하구,동아대,자연,패션디자인학과,패션디자인학과,유지,유지,교과성적우수자,4.08,3.75,,,,,,,잠재능력우수자,4.43,4.29,학교생활우수자,4.16,3.83,61,국수영탐(2),-/-,,,,,,,,,,,,,,,,,,,,,
경상권,부산,사하구,동아대,자연,화학공학과,화학공학과,유지,유지,교과성적우수자,4,3.92,,,,,,,잠재능력우수자,4.66,4.42,학교생활우수자,4.52,4.36,61,국수영탐(2),-/-,,,,,,,,,,,,,,,,,,,,,
충청권,충북,제천시,세명대,인문,경영학과,경영학과,유지,유지,일반,5.8,,,,,,,,,,,,,,61,국수탐탐 중 2개,5/3,,,,,,,,,,,,,,,,,,,,,
경상권,경남,창원시,국립창원대,자연,식품영양학과,식품영양학과,유지,유지,학업성적우수자,3,2.72,,,,,,,계열적합인재,5.21,4.93,,,,61,국수영탐(1),3/-,,,,,,,,,,,,,,,,,,,,,
경상권,경남,진주시,경상국립대,인문,스마트유통물류학과,스마트유통물류학과,유지,유지,일반,4.63,4.44,,,,,,,일반,4.63,4.44,,,,60.96875,국수영탐(2),4/-,,,,,,,,,,,,,,,,,,,,,
경상권,부산,영도구,국립한국해양대,자연,인공지능공학부,인공지능공학부(지능제어시스템공학전공),유지,유지,교과성적우수자,4.53,4.5,일반,,,,,,아치해양인재Ⅰ,,,아치해양인재Ⅱ,,,60.96667,국수영탐(2),2/1,,,,,,,,,,,,,,,,,,,,,
충청권,세종,세종,홍익대(세종),자연,나노반도체공학과,나노신소재학과,유지,변경,교과우수자,4.52,4.42,,,,,,,학교생활우수자,4.51,5.36,,,,60.94118,국수영탐(2),3/2,,,,,,,,,,,,,,,,,,,,,
제주권,제주,제주시,제주대,자연,토목공학과,토목공학과,유지,유지,일반학생,5.68,5.51,,,,,,,일반학생,,,,,,60.92,국수영탐(2),4/3,,,,,,,,,,,,,,,,,,,,,
경상권,경북,경산시,대구대,예체능,게임학과,게임학과,유지,유지,일반,6.8,5.4,,,,,,,서류,6.2,5.66,,,,60.9,국영탐(1),5/4,,,,,,,,,,,,,,,,,,,,,
경상권,경남,창원시,국립창원대,자연,신소재공학부,신소재공학부,유지,유지,학업성적우수자,4.96,4.72,,,,,,,계열적합인재,5.54,4.87,,,,60.9,국수영탐(1),4/-,,,,,,,,,,,,,,,,,,,,,
경상권,부산,사하구,동아대,인문,철학생명의료윤리학과,철학생명의료윤리학과,유지,유지,교과성적우수자,4.5,4.42,,,,,,,잠재능력우수자,5.22,5.14,학교생활우수자,5.28,5.19,60.83,국수영탐(2),-/-,,,,,,,,,,,,,,,,,,,,,
경상권,경남,밀양시,부산대,자연,생명환경화학과,생명환경화학과,유지,유지,학생부교과,,,,,,,,,학생부종합,3.41,3.16,,,,60.8125,국수영탐(2),3/1,,,,,,,,,,,,,,,,,,,,,
충청권,충북,제천시,세명대,자연,임상병리학과,임상병리학과,유지,유지,면접우수자,4.9,,일반,4.4,,,,,SMU의료인재,,4.4,,,,60.8,"국수탐탐 중 2개, 영한 중 1개",5/5,,,,,,,,,,,,,,,,,,,,,
전라권,전북,전주시,전주대,인문,호텔경영학과,호텔경영학과,유지,유지,일반학생(교과),6.21,5.67,,,,,,,일반학생(종합),7.39,6.45,,,,60.8,"국수영 중 2개, 탐구(1)",6/4,,,,,,,,,,,,,,,,,,,,,
경상권,부산,남구,국립부경대,자연,환경지질과학전공,환경지질과학전공,,,교과성적우수인재,3.83,3.69,일반,,3.88,,,,학교생활우수인재,,4.27,,,,60.79688,국수영탐(2),3/3,,,,,,,,,,,,,,,,,,,,,
제주권,제주,제주시,제주대,자연,산업응용경제학과,산업응용경제학과,유지,유지,일반학생,5.93,5.73,,,,,,,일반학생,,5.65,,,,60.76,국수영탐(2),4/4,,,,,,,,,,,,,,,,,,,,,
경상권,경남,진주시,경상국립대,인문,인문사회자율전공,인문사회자율전공,유지,폐지,일반,4.63,4.48,,,,,,,,,,,,,60.75,국수영탐(2),4/-,,,,,,,,,,,,,,,,,,,,,
경상권,경남,진주시,경상국립대,공통,자율전공학부,인문사회자율전공,유지,신설,일반,4.63,4.48,,,,,,,,,,,,,60.75,국수영탐(2),4/-,,,,,,,,,,,,,,,,,,,,,
충청권,세종,세종,대전가톨릭대,인문,신학과,신학과,유지,유지,"성요셉:성직지망자,수도회허원자",,,일반,,,,,,,,,,,,60.73783,국수영탐(2),4/1,,,,,,,,,,,,,,,,,,,,,
충청권,세종,세종,대전가톨릭대,인문,신학과,신학과,유지,유지,"성요셉:성직지망자,수도회허원자",,,일반,,,,,,,,,,,,60.73783,국수영탐(2),4/1,,,,,,,,,,,,,,,,,,,,,
경상권,경남,진주시,경상국립대,자연,조경학과,조경학과,유지,유지,일반,4.99,4.62,,,,,,,일반,4.99,4.62,,,,60.71875,국수영탐(2),3/-,,,,,,,,,,,,,,,,,,,,,
경상권,경남,진주시,경상국립대,자연,산업시스템공학부(산업공학전공/산업정보공학전공),산업시스템공학부(산업공학전공/산업정보공학전공),유지,유지,일반,4.68,4.44,,,,,,,일반,4.68,4.44,,,,60.6875,국수영탐(2),4/-,,,,,,,,,,,,,,,,,,,,,
경상권,부산,서구,동아대,인문,사회복지학과,사회복지학과,유지,유지,교과성적우수자,3.25,3.17,,,,,,,잠재능력우수자,4.3,4.14,학교생활우수자,3.87,3.77,60.67,국수영탐(2),-/-,,,,,,,,,,,,,,,,,,,,,
경인권,경기,양주시,경동대,자연,보건행정학과,보건행정학과,유지,유지,일반학생,4.55,4.45,,,,,,,,,,,,,60.66667,국수영탐(1),5/3,,,,,,,,,,,,,,,,,,,,,
전라권,전북,익산시,원광대,자연,공학2계열,전자공학과,유지,변경,일반,5.35,5.27,,,,,,,학생부종합,6.02,6.02,,,,60.66667,"국수 중 1개, 영탐(1)",4/5,,,,,,,,,,,,,,,,,,,,,
경상권,경남,김해시,인제대,자연,의생명보건계열,응급구조학과,유지,변경,면접,3.6,3.25,학생부교과,3.33,3,,,,,,,,,,60.66667,국수영탐(2),4/4,,,,,,,,,,,,,,,,,,,,,
강원권,강원,강릉시,가톨릭관동대,자연,건축공학전공,건축공학전공,유지,유지,일반,5.96,5.96,,,,,,,,,,,,,60.6,"국수탐(2) 중 2개, 영",5/-,,,,,,,,,,,,,,,,,,,,,
경상권,경북,상주시,경북대,자연,소프트웨어학과,소프트웨어학과,유지,유지,교과우수자,4.26,4.1,,,,,,,일반학생,5.7,5.46,,,,60.57143,국수영탐(1),5/1,,,,,,,,,,,,,,,,,,,,,
경상권,경남,창원시,국립창원대,자연,스마트그린공학부 건설시스템공학전공,스마트그린공학부 건설시스템공학전공,유지,유지,학업성적우수자,5.43,5.38,,,,,,,,,,,,,60.55,국수영탐(1),5/-,,,,,,,,,,,,,,,,,,,,,
경상권,경남,진주시,경상국립대,자연,동물생명융합학부,동물생명융합학부,유지,유지,일반,4.4,4.32,,,,,,,일반,4.4,4.32,,,,60.53125,국수영탐(2),5/-,,,,,,,,,,,,,,,,,,,,,
경상권,부산,남구,경성대,인문,광고홍보학과,광고홍보학과,유지,유지,일반계고교과,3.7,3.4,일반계고면접,4.3,4.3,,,,학교생활우수자,5.38,5.18,,,,60.5,국수영탐(2),5/-,,,,,,,,,,,,,,,,,,,,,
경상권,경북,경산시,대구한의대,자연,임상병리학과,임상병리학과,유지,유지,일반,3.54,3.11,,,,,,,일반,4.24,3.86,,,,60.5,국수영탐(1),3/3,,,,,,,,,,,,,,,,,,,,,
충청권,대전,서구,배재대,인문,국어국문한국어교육학과,국어국문한국어교육학과,유지,유지,교과,5.2,4.7,,,,,,,,,,,,,60.5,국수영탐(1) 중 2개,4/6,,,,,,,,,,,,,,,,,,,,,
충청권,대전,서구,배재대,인문,행정학과,행정학과(일반행정/소방행정),유지,변경,교과,,,일반고교과,5.6,5.2,,,,,,,,,,60.5,국수영탐(1) 중 2개,4/5,,,,,,,,,,,,,,,,,,,,,
경상권,경북,경산시,영남대,자연,식품영양학과,식품영양학과,,,일반학생,4.47,4.19,,,,,,,잠재능력우수자,4.67,4.63,,,,60.5,국수영탐(2),-/-,,,,,,,,,,,,,,,,,,,,,
경상권,경북,경산시,영남대,인문,한문교육과,한문교육과,,,일반학생,4.57,4.54,,,,,,,잠재능력우수자,4.91,4.91,,,,60.5,국수영탐(2),-/-,,,,,,,,,,,,,,,,,,,,,
전라권,전북,전주시,전북대,자연,자연과학계열2,자연과학계열2,유지,유지,일반학생,4.68,4.54,,,,,,,큰사람,4.52,4.3,,,,60.5,국수탐(2),2/3,,,,,,,,,,,,,,,,,,,,,
제주권,제주,제주시,제주대,인문,경영정보학과,경영정보학과,유지,유지,일반학생,5.93,5.7,,,,,,,소프트웨어인재,,,일반학생,4.94,4.7,60.49,국수영탐(2),3/4,,,,,,,,,,,,,,,,,,,,,
충청권,충북,괴산군,중원대,자연,간호학과,간호학과,유지,유지,일반Ⅰ,3.38,3.25,일반Ⅱ,3.43,3,,,,학생부종합,,,,,,60.4762,국수영탐(1) 중 3개,3/-,,,,,,,,,,,,,,,,,,,,,
경상권,경남,진주시,경상국립대,자연,환경산림과학부(산림환경자원학전공/산림융복합학전공),환경산림과학부(산림환경자원학전공/산림융복합학전공),유지,유지,일반,4.9,4.72,,,,,,,일반,4.9,4.72,,,,60.40625,국수영탐(2),5/-,,,,,,,,,,,,,,,,,,,,,
전라권,전남,무안군,국립목포대,인문,인문콘텐츠학부,인문콘텐츠학부,유지,유지,교과일반,5.92,5.7,,,,,,,종합일반,6.86,6.57,,,,60.4,"수탐(1) 중 1개, 국영",4/-,,,,,,,,,,,,,,,,,,,,,
경상권,경남,김해시,가야대,자연,물리치료학과,물리치료학과,유지,유지,가야인재,4.25,4.03,일반학생,2.63,2.63,,,,,,,,,,60.33333,"국수영 중 2개, 탐(1)",-/3,,,,,,,,,,,,,,,,,,,,,
전라권,전북,군산시,국립군산대,인문,영어영문학과,영어영문학과,유지,유지,일반,6.49,5.45,,,,,,,일반학생,7.14,5.66,,,,60.3,국수영탐(2),4/4,,,,,,,,,,,,,,,,,,,,,
경상권,경북,경산시,대구대,예체능,뷰티학부,뷰티스타일학과,유지,변경,일반,6.2,5,,,,,,,서류,7,6.84,,,,60.3,국영탐(1),4/3,,,,,,,,,,,,,,,,,,,,,
경상권,경북,경산시,대구대,예체능,산업디자인학과,산업디자인학과,유지,유지,일반,6,4.9,,,,,,,서류,6.65,5.66,,,,60.3,국영탐(1),4/3,,,,,,,,,,,,,,,,,,,,,
경상권,경북,경산시,대구대,예체능,시각디자인융합학부(서비스마케팅디자인전공),시각디자인융합학부(서비스마케팅디자인전공),유지,유지,일반,6.2,5.4,,,,,,,서류,7.62,6.87,,,,60.3,국영탐(1),4/3,,,,,,,,,,,,,,,,,,,,,
경상권,경북,경산시,대구대,예체능,패션디자인학과,패션디자인학과,유지,유지,일반,5.7,4.4,,,,,,,서류,5.54,5.54,,,,60.3,국영탐(1),4/3,,,,,,,,,,,,,,,,,,,,,
제주권,제주,제주시,제주대,공통,자유전공,자유전공,유지,유지,일반학생,3.85,3.45,,,,,,,일반학생,5.42,4.86,,,,60.275,국수영탐(2),4/3,,,,,,,,,,,,,,,,,,,,,
제주권,제주,제주시,제주대,자연,물리학과,물리학과,유지,유지,일반학생,6.29,6.26,,,,,,,일반학생,6.29,6.26,,,,60.265,국수영탐(2),4/4,,,,,,,,,,,,,,,,,,,,,
경상권,대구,달서구,계명대,자연,화학과,화학과,유지,유지,일반,5.66,5.51,,,,,,,일반,5.66,5.51,,,,60.25,국수영탐(2),5/-,,,,,,,,,,,,,,,,,,,,,
경상권,부산,영도구,국립한국해양대,자연,해양신소재융합공학과,해양신소재융합공학과,유지,유지,교과성적우수자,4.43,4.41,일반,,,,,,아치해양인재Ⅰ,,,아치해양인재Ⅱ,,,60.23333,국수영탐(2),2/3,,,,,,,,,,,,,,,,,,,,,
제주권,제주,제주시,제주대,자연,식품영양학과,식품영양학과,유지,유지,일반학생,5,4.72,,,,,,,일반학생,,4.75,,,,60.19,국수영탐(2),4/3,,,,,,,,,,,,,,,,,,,,,
경상권,경남,진주시,경상국립대,인문,영어영문학부 영어전공,영어영문학부 영어전공,유지,유지,일반,3.99,3.78,,,,,,,일반,3.99,3.78,,,,60.15625,국수영탐(2),5/-,,,,,,,,,,,,,,,,,,,,,
경상권,경남,진주시,경상국립대,자연,생명과학부,생명과학부,유지,유지,일반,4.53,4.4,,,,,,,일반,4.53,4.4,,,,60.125,국수영탐(2),4/-,,,,,,,,,,,,,,,,,,,,,
경상권,경남,진주시,경상국립대,자연,기계시스템공학과,기계시스템공학과,유지,유지,일반,5.75,5.59,,,,,,,일반,5.75,5.59,,,,60.0625,국수영탐(2),4/-,,,,,,,,,,,,,,,,,,,,,
경상권,경남,진주시,경상국립대,자연,신소재공학부 금속재료공학전공,나노·신소재공학부 금속재료공학전공,유지,변경,일반,5,4.99,,,,,,,일반,5,4.99,,,,60.03125,국수영탐(2),3/-,,,,,,,,,,,,,,,,,,,,,
경상권,부산,남구,경성대,인문,심리학과,심리학과,유지,유지,일반계고교과,3.6,3.5,일반계고면접,4.3,4.3,,,,학교생활우수자,5.6,5.34,,,,60,국수영탐(2),3/-,,,,,,,,,,,,,,,,,,,,,
경상권,대구,달서구,계명대,자연,게임소프트웨어학과,게임소프트웨어학과,유지,유지,일반,5.07,4.92,,,,,,,일반,5.07,4.92,,,,60,국수영탐(2),4/-,,,,,,,,,,,,,,,,,,,,,
경상권,경북,경주시,동국대(WISE),인문,고고미술사학과,고고미술사학과,유지,유지,교과,3.5,3.1,면접,3.9,1.7,,,,참사랑,4.1,4,,,,60,국수탐(1) 중 2개,4/2,,,,,,,,,,,,,,,,,,,,,
경상권,경북,경주시,동국대(WISE),인문,불교문화콘텐츠전공,불교문화콘텐츠전공,유지,유지,교과,4.7,4.6,불교추천인재,4.3,4.3,,,,참사랑,4.9,4.6,,,,60,국수탐(1) 중 2개,4/2,,,,,,,,,,,,,,,,,,,,,
경상권,부산,사하구,동아대,자연,식품영양학과,식품영양학과,유지,유지,교과성적우수자,3.83,3.75,,,,,,,잠재능력우수자,4.43,4.38,학교생활우수자,3.98,3.81,60,국수영탐(2),-/-,,,,,,,,,,,,,,,,,,,,,
경상권,부산,서구,동아대,인문,영미학과,영미학과,유지,유지,교과성적우수자,3.83,3.75,,,,,,,잠재능력우수자,4.9,4.7,학교생활우수자,4.58,4.37,60,국수영탐(2),-/-,,,,,,,,,,,,,,,,,,,,,
전라권,전남,나주시,동신대,자연,물리치료학과,물리치료학과,유지,유지,일반,6.09,5.92,,,,,,,,,,,,,59.9984,국수영탐(1)한,4/1,,,,,,,,,,,,,,,,,,,,,
제주권,제주,제주시,제주대,자연,생물학과,생물학과,유지,유지,일반학생,5.48,5.42,,,,,,,일반학생,,4.48,,,,59.88,국수영탐(2),4/4,,,,,,,,,,,,,,,,,,,,,
경상권,대구,달서구,계명대,자연,컴퓨터공학과,컴퓨터공학과,유지,유지,면접,4.64,4.6,일반,4.67,3.99,,,,일반,4.67,3.99,,,,59.875,국수영탐(2),6/-,,,,,,,,,,,,,,,,,,,,,
경인권,경기,고양시,중부대,자연,정보보호학전공,정보보호학전공,유지,유지,학교생활우수자,3.6,3.3,학생부우수자,3.2,3,,,,,,,,,,59.85,"국수영 중 2개, 탐(1)한 중 1개",2/3,,,,,,,,,,,,,,,,,,,,,
충청권,충남,홍성군,청운대,인문,자율전공학부,자율전공학부,유지,유지,일반,4.93,4.6,,,,,,,,,,,,,59.84,"국수영 중 2개, 탐구(1)",-/-,,,,,,,,,,,,,,,,,,,,,
충청권,충남,천안시,나사렛대,인문,특수교육과,특수교육과,,,일반학생,4.73,4.408,,,,,,,창의융합인재,4.829,4.524,,,,59.8,"국수영 중 2개, 탐구(1)",4/-,,,,,,,,,,,,,,,,,,,,,
전라권,전북,전주시,전주대,인문,경영대학,경영대학,유지,변경,일반학생(교과),7.22,6.52,,,,,,,일반학생(종합),7.36,6.56,,,,59.8,"국수영 중 2개, 탐구(1)",-/-,,,,,,,,,,,,,,,,,,,,,
제주권,제주,제주시,제주대,자연,식품생명공학과,식품생명공학과,유지,유지,일반학생,5.16,5.14,,,,,,,일반학생,,5.52,,,,59.785,국수영탐(2),4/3,,,,,,,,,,,,,,,,,,,,,
경상권,경남,진주시,경상국립대,자연,농학과,농학과,유지,유지,일반,4.6,4.32,,,,,,,일반,4.6,4.32,,,,59.78125,국수영탐(2),5/-,,,,,,,,,,,,,,,,,,,,,
경상권,부산,영도구,국립한국해양대,인문,동아시아학과,동아시아학과,유지,유지,교과성적우수자,4.28,4.09,일반,,,,,,아치해양인재Ⅰ,,,아치해양인재Ⅱ,,,59.76667,국수영탐(2),2/4,,,,,,,,,,,,,,,,,,,,,
경상권,대구,달서구,계명대,인문,유아교육과,유아교육과,유지,유지,면접,4.56,4.56,일반,4.22,3.58,,,,일반,4.22,3.58,,,,59.75,국수영탐(2),5/-,,,,,,,,,,,,,,,,,,,,,
전라권,전북,군산시,국립군산대,자연,컴퓨터소프트웨어특성화대학,컴퓨터소프트웨어특성화대학,유지,유지,일반,6.57,5.99,,,,,,,일반학생,7.34,6.97,,,,59.7,국수영탐(2),5/5,,,,,,,,,,,,,,,,,,,,,
경상권,경북,경산시,경일대,인문,경찰행정학과,경찰행정학과,유지,유지,면접,4.82,,일반,3.88,,,,,학생부종합,5.83,,,,,59.693,국수영탐(1) 중 3개,4/2,,,,,,,,,,,,,,,,,,,,,
경상권,경북,경산시,경일대,자연,기계공학전공,기계전기융합학부 기계자동차전공,유지,변경,면접,,,일반,5.29,,,,,,,,,,,59.693,국수영탐(1) 중 3개,4/2,,,,,,,,,,,,,,,,,,,,,
경상권,부산,사하구,동아대,자연,응용생물공학과,응용생물공학과,유지,유지,교과성적우수자,4.08,4,,,,,,,잠재능력우수자,4.71,4.44,학교생활우수자,4.82,4.71,59.67,국수영탐(2),-/-,,,,,,,,,,,,,,,,,,,,,
경상권,경남,진주시,경상국립대,자연,지역시스템공학과,지역시스템공학과,유지,유지,일반,4.55,4.51,,,,,,,일반,4.55,4.51,,,,59.65625,국수영탐(2),4/-,,,,,,,,,,,,,,,,,,,,,
충청권,세종,세종,홍익대(세종),자연,바이오화학융합공학과,바이오화학공학과,유지,변경,교과우수자,4.56,4.28,,,,,,,학교생활우수자,5.08,4.97,,,,59.64706,국수영탐(2),3/1,,,,,,,,,,,,,,,,,,,,,
충청권,충북,청주시,서원대,인문,소방행정학과,소방행정학과,유지,유지,인문계고,4.6,4.4,일반,4.4,4,창의면접,5.5,4.9,,,,,,,59.6,"국수탐(1) 중 2개, 영어",4/6,,,,,,,,,,,,,,,,,,,,,
충청권,세종,세종,홍익대(세종),자연,AID융합과학기술대학자율전공,과학기술대학자율전공,유지,변경,교과우수자,4.27,4.18,,,,,,,학교생활우수자,3.85,3.47,,,,59.52941,국수영탐(2),3/2,,,,,,,,,,,,,,,,,,,,,
충청권,대전,동구,대전대,인문,혜화리버럴아츠칼리지,혜화리버럴아츠칼리지,유지,유지,교과면접,7.17,5.17,교과중점,5.75,5.46,,,,,,,,,,59.5,국수영탐(1) 중 2개,6/1,,,,,,,,,,,,,,,,,,,,,
경상권,부산,사하구,동아대,자연,조선해양공학과,조선해양공학과,유지,유지,교과성적우수자,4.67,4.58,,,,,,,잠재능력우수자,5.53,5.44,학교생활우수자,5.31,5.11,59.5,국수영탐(2),-/-,,,,,,,,,,,,,,,,,,,,,
충청권,대전,서구,배재대,인문,관광경영학과,관광경영학과,유지,유지,교과,6.1,5.2,,,,,,,,,,,,,59.5,국수영탐(1) 중 2개,4/5,,,,,,,,,,,,,,,,,,,,,
강원권,강원,원주시,한라대,자연,도시인프라공학과,도시인프라공학과,유지,유지,일반학생(교과중심),5.63,5.48,,,,,,,운곡인재,4.93,,,,,59.5,국수영탐(1) 중 2개,4/4,,,,,,,,,,,,,,,,,,,,,
강원권,강원,원주시,한라대,자연,미래모빌리티공학과,미래모빌리티공학과,유지,유지,일반학생(교과중심),3.78,3.58,일반학생(면접중심),4.76,4.76,,,,운곡인재,4.7,,,,,59.5,국수영탐(1) 중 2개,5/1,,,,,,,,,,,,,,,,,,,,,
충청권,대전,서구,목원대,자연,도시공학과,도시공학과,유지,유지,교과,4.25,4.02,,,,,,,,,,,,,59.4,국수영탐탐한 중 2개,4/4,,,,,,,,,,,,,,,,,,,,,
충청권,대전,서구,목원대,자연,생물산업학부,생물산업학부,유지,유지,교과,4.38,4,,,,,,,,,,,,,59.4,국수영탐탐한 중 2개,4/4,,,,,,,,,,,,,,,,,,,,,
전라권,전북,전주시,전주대,자연,토목환경공학과,토목환경공학과,유지,유지,일반학생(교과),6.79,6.13,,,,,,,일반학생(종합),6.26,5.82,,,,59.4,"국수영 중 2개, 탐구(1)",4/3,,,,,,,,,,,,,,,,,,,,,
경상권,경북,경산시,경일대,자연,건축디자인과(5년제),건축디자인과(5년제),유지,유지,면접,5.2,,일반,4.27,,,,,,,,,,,59.36,국수영탐(1) 중 3개,4/2,,,,,,,,,,,,,,,,,,,,,
경상권,경북,경산시,경일대,자연,건축학과(5년제),건축디자인과(5년제),유지,변경,면접,5.2,,일반,4.27,,,,,,,,,,,59.36,국수영탐(1) 중 3개,4/2,,,,,,,,,,,,,,,,,,,,,
경상권,경남,진주시,경상국립대,자연,식품영양학과,식품영양학과,유지,유지,일반,4.65,4.54,,,,,,,일반,4.65,4.54,,,,59.34375,국수영탐(2),3/-,,,,,,,,,,,,,,,,,,,,,
전라권,전북,익산시,원광대,자연,수학교육과,수학교육과,유지,유지,일반,4.84,3.79,,,,,,,학생부종합,4.88,4.88,,,,59.33333,"국수 중 1개, 영탐(1)",4/6,,,,,,,,,,,,,,,,,,,,,
경인권,경기,화성시,화성의과학대,자연,의생명과학과,의생명과학과,유지,유지,일반,3.67,3.39,,,,,,,,,,,,,59.33333,"국수영 중 2개, 탐(1)",5/5,,,,,,,,,,,,,,,,,,,,,
경상권,경남,창원시,국립창원대,인문,철학과,철학과,유지,유지,학업성적우수자,5.52,5.44,,,,,,,계열적합인재,6.07,5.74,,,,59.3,국수영탐(1),3/-,,,,,,,,,,,,,,,,,,,,,
경상권,경남,창원시,국립창원대,자연,산업시스템공학과,산업시스템공학과,유지,유지,학업성적우수자,4.29,4.19,,,,,,,,,,,,,59.3,국수영탐(1),4/-,,,,,,,,,,,,,,,,,,,,,
경상권,대구,달서구,계명대,인문,언론영상학과,언론영상학과,유지,유지,면접,4.67,4.56,일반,4.13,3.97,,,,일반,4.13,3.97,,,,59.25,국수영탐(2),6/-,,,,,,,,,,,,,,,,,,,,,
경상권,경남,진주시,경상국립대,인문,국어국문학과,국어국문학과,유지,유지,일반,4.11,3.99,,,,,,,일반,4.11,3.99,,,,59.21875,국수영탐(2),5/-,,,,,,,,,,,,,,,,,,,,,
전라권,전북,군산시,국립군산대,자연,해양생물자원학과,해양생물자원학과,유지,유지,일반,6.34,6.15,,,,,,,일반학생,6.52,5.77,,,,59.2,국수영탐(2),5/6,,,,,,,,,,,,,,,,,,,,,
경상권,부산,영도구,국립한국해양대,자연,전자전기정보공학부,전자전기정보공학부(나노반도체공학전공),유지,유지,교과성적우수자,4.23,4.2,일반,,,,,,아치해양인재Ⅰ,,,아치해양인재Ⅱ,,,59.2,국수영탐(2),2/5,,,,,,,,,,,,,,,,,,,,,
강원권,강원,원주시,상지대,인문,문화콘텐츠학과,문화콘텐츠학과,유지,유지,교과일반,6.07,5.49,,,,,,,종합일반,4,5.17,,,,59.2,국수영탐(2) 중 2개,4/6,,,,,,,,,,,,,,,,,,,,,
강원권,강원,원주시,상지대,자연,컴퓨터공학과,컴퓨터공학과,유지,유지,교과일반,6.13,5.26,,,,,,,,,,,,,59.2,국수영탐(2) 중 2개,4/3,,,,,,,,,,,,,,,,,,,,,
충청권,충남,서산시,한서대,자연,신소재화학공학과,신소재화학공학과,유지,유지,학생부교과1,5.37,4.87,,,,,,,,,,,,,59.2,"국수영 중 2개, 탐구(1)",-/-,,,,,,,,,,,,,,,,,,,,,
강원권,강원,원주시,"강원대(강릉,원주)",인문,유아교육과,유아교육과,유지,유지,해람교과,4.42,4.26,,,,,,,해람인재,5.53,5.36,,,,59.185,국수영탐(1) 중 3개,5/4,,,,,,,,,,,,,,,,,,,,,
경상권,부산,사하구,동아대,자연,스마트그린자원학과,스마트그린자원학과,유지,변경,교과성적우수자,4.83,4.67,,,,,,,잠재능력우수자,5.29,5.16,학교생활우수자,5.4,4.99,59.17,국수영탐(2),-/-,,,,,,,,,,,,,,,,,,,,,
경상권,대구,달서구,계명대,인문,광고홍보학과,광고홍보학과,유지,유지,면접,4.82,4.71,일반,4.55,4.5,,,,일반,4.55,4.5,,,,59.125,국수영탐(2),5/-,,,,,,,,,,,,,,,,,,,,,
경상권,경남,창원시,국립창원대,인문,영어영문학과,영어영문학과,유지,유지,학업성적우수자,4.54,4.34,,,,,,,계열적합인재,5.1,4.93,,,,59.05,국수영탐(1),4/-,,,,,,,,,,,,,,,,,,,,,
경인권,경기,양주시,경동대,인문,경찰학과,경찰학과,유지,유지,일반학생,4.26,4.05,,,,,,,,,,,,,59,국수영탐(1),2/2,,,,,,,,,,,,,,,,,,,,,
경상권,대구,달서구,계명대,인문,사회학과,사회학과,유지,유지,일반,5.23,5.14,,,,,,,일반,5.23,5.14,,,,59,국수영탐(2),4/-,,,,,,,,,,,,,,,,,,,,,
충청권,충남,천안시,남서울대,자연,빅데이터경영공학과,빅데이터경영공학과,유지,유지,교과+면접,6.3,5.63,일반,4.43,4.43,,,,학생부종합 서류형,7.93,7.85,,,,59,국수영탐(1) 중 2개,4/-,,,,,,,,,,,,,,,,,,,,,
경상권,경북,경주시,동국대(WISE),인문,경영학과,경영학과,유지,유지,교과,4.8,4.4,면접,4.9,4.6,불교추천인재,,,참사랑,4,3.2,,,,59,국수탐(1) 중 2개,4/2,,,,,,,,,,,,,,,,,,,,,
경상권,경북,경주시,동국대(WISE),인문,국사학과,국사학과,유지,유지,교과,3.5,3.1,면접,4.8,4.4,,,,참사랑,3.5,3.5,,,,59,국수탐(1) 중 2개,4/2,,,,,,,,,,,,,,,,,,,,,
경상권,경북,경주시,동국대(WISE),자연,원자력·에너지·전기공학과,에너지•전기공학과,유지,변경,교과,4.9,4.5,면접,5.1,4.9,,,,참사랑,,,,,,59,국수탐(1) 중 2개,4/2,,,,,,,,,,,,,,,,,,,,,
충청권,대전,서구,배재대,자연,소프트웨어공학부(컴퓨터공학),소프트웨어공학부(컴퓨터공학),유지,유지,교과,6.2,5.2,일반고교과,5.9,5.4,,,,,,,,,,59,국수영탐(1) 중 2개,4/6,,,,,,,,,,,,,,,,,,,,,
충청권,대전,서구,배재대,인문,호텔항공경영학과,호텔항공경영학과,유지,유지,교과,5.5,5.5,일반고교과,6.2,5.4,,,,,,,,,,59,국수영탐(1) 중 2개,4/6,,,,,,,,,,,,,,,,,,,,,
경상권,부산,사상구,신라대,인문,국어교육과,국어교육과,유지,유지,면접우수자,3.3,2.2,일반고교과,3.4,3.1,,,,학생부종합Ⅱ,6.2,6.2,,,,59,국수영탐(1),3/-,,,,,,,,,,,,,,,,,,,,,
전라권,전북,군산시,국립군산대,자연,공간디자인융합기술학부,공간디자인융합기술학부,유지,유지,일반,6.21,5.3,,,,,,,일반학생,6.35,6.33,,,,58.9,국수영탐(2),5/4,,,,,,,,,,,,,,,,,,,,,
제주권,제주,제주시,제주대,인문,관광개발학과,관광개발학과,유지,유지,일반학생,5.47,5.14,,,,,,,일반학생,5.85,5.67,,,,58.895,국수영탐(2),4/4,,,,,,,,,,,,,,,,,,,,,
경상권,대구,달서구,계명대,인문,심리학과,심리학과,유지,유지,면접,4.7,4.24,일반,3.85,3.66,,,,일반,3.85,3.66,,,,58.875,국수영탐(2),4/-,,,,,,,,,,,,,,,,,,,,,
경상권,부산,남구,경성대,자연,실내건축학과,실내건축학과,유지,유지,일반계고교과,3.2,3.1,일반계고면접,4.4,4.4,,,,학교생활우수자,5.69,5.5,,,,58.83333,국수영탐(2),6/-,,,,,,,,,,,,,,,,,,,,,
강원권,강원,원주시,상지대,인문,자유전공학부,자유전공학부,유지,유지,교과일반,6.28,5.28,,,,,,,종합일반,6.44,5.02,,,,58.8,국수영탐(2) 중 2개,4/7,,,,,,,,,,,,,,,,,,,,,
강원권,강원,원주시,상지대,자연,전기전자공학과,전기전자공학과,유지,유지,교과일반,6.2,5.26,,,,,,,,,,,,,58.8,국수영탐(2) 중 2개,4/6,,,,,,,,,,,,,,,,,,,,,
경상권,경북,경산시,영남대,인문,중국언어문화학과,중국언어문화학과,,,일반학생,4.85,4.78,,,,,,,잠재능력우수자,5.68,4.96,,,,58.67,국수영탐(2),-/-,,,,,,,,,,,,,,,,,,,,,
경상권,경북,경산시,영남대,자연,환경공학과,환경공학과,,,일반학생,4.76,4.64,,,,,,,잠재능력우수자,5.2,4.87,,,,58.67,국수영탐(2),-/-,,,,,,,,,,,,,,,,,,,,,
경인권,경기,양주시,경동대,자연,호텔조리학과,호텔조리학과,유지,유지,일반학생,4.77,4.57,,,,,,,,,,,,,58.66667,국수영탐(1),4/4,,,,,,,,,,,,,,,,,,,,,
전라권,전북,익산시,원광대,자연,식품영양학과,식품영양학과,유지,유지,일반,5.17,4.48,,,,,,,학생부종합,6,5.77,,,,58.66667,"국수 중 1개, 영탐(1)",4/4,,,,,,,,,,,,,,,,,,,,,
전라권,전북,익산시,원광대,인문,창의문화융합계열,창의문화융합계열,유지,변경,일반,5.59,4.93,,,,,,,학생부종합,6.61,6.24,,,,58.66667,"국수 중 1개, 영탐(1)",6/3,,,,,,,,,,,,,,,,,,,,,
경상권,대구,달서구,계명대,자연,식품영양학과,식품영양학과,유지,유지,일반,4.77,4.72,,,,,,,일반,4.77,4.72,,,,58.625,국수영탐(2),4/-,,,,,,,,,,,,,,,,,,,,,
경상권,경북,경산시,대구대,자연,언어치료학과,언어치료학과,유지,유지,일반,5.7,4.4,,,,,,,서류,5.44,5.25,,,,58.6,국수영탐(1),4/4,,,,,,,,,,,,,,,,,,,,,
경상권,경북,경산시,대구대,자연,의료재활학과,의료재활학과,유지,유지,일반,6.2,5.4,,,,,,,,,,,,,58.6,국수영탐(1),4/4,,,,,,,,,,,,,,,,,,,,,
경상권,경북,경산시,대구대,자연,재활건강증진학과,재활건강증진학과,유지,유지,일반,6.3,5,,,,,,,서류,6.45,5.39,,,,58.6,국수영탐(1),4/4,,,,,,,,,,,,,,,,,,,,,
경상권,경북,경산시,대구대,자연,재활상담심리치료학과,재활상담학과,유지,변경,일반,6.6,5.3,,,,,,,서류,7.35,6.94,,,,58.6,국수영탐(1),4/4,,,,,,,,,,,,,,,,,,,,,
경상권,경북,경산시,대구대,자연,재활상담심리치료학과,재활심리학과,유지,변경,일반,6.6,5.3,,,,,,,서류,7.35,6.94,,,,58.6,국수영탐(1),4/4,,,,,,,,,,,,,,,,,,,,,
경상권,경남,진주시,경상국립대,인문,독어독문학과,독어독문학과,유지,유지,일반,4.96,4.68,,,,,,,일반,4.96,4.68,,,,58.59375,국수영탐(2),4/-,,,,,,,,,,,,,,,,,,,,,
경상권,경남,진주시,경상국립대,자연,환경재료과학과,환경재료과학과,유지,유지,일반,5,4.83,,,,,,,일반,5,4.83,,,,58.53125,국수영탐(2),5/-,,,,,,,,,,,,,,,,,,,,,
강원권,강원,원주시,"강원대(강릉,원주)",인문,사회복지학과,사회복지학과,유지,유지,해람교과,4.2,4.02,,,,,,,해람인재,5.18,4.93,,,,58.519,국수영탐(1) 중 3개,5/4,,,,,,,,,,,,,,,,,,,,,
강원권,강원,강릉시,"강원대(강릉,원주)",자연,수학물리학부,수학물리학부,유지,유지,해람교과,5.35,4.73,,,,,,,해람인재,6.1,5.56,,,,58.519,국수영탐(1) 중 3개,5/4,,,,,,,,,,,,,,,,,,,,,
경상권,경남,진주시,경상국립대,자연,메카트로닉스공학부(메카트로닉스전공/스마트전력공학전공),메카트로닉스공학부(메카트로닉스전공/스마트전력공학전공),유지,유지,일반,4.84,4.8,,,,,,,일반,4.84,4.8,,,,58.5,국수영탐(2),4/-,,,,,,,,,,,,,,,,,,,,,
경상권,대구,달서구,계명대,인문,정치외교학과,정치외교학과,유지,유지,일반,5.66,5.42,,,,,,,일반,5.66,5.42,,,,58.5,국수영탐(2),5/-,,,,,,,,,,,,,,,,,,,,,
경상권,부산,사하구,동아대,자연,정보수학과,정보수학과,유지,유지,교과성적우수자,4.5,4.42,,,,,,,잠재능력우수자,5.65,5.51,학교생활우수자,5.57,5.12,58.5,국수영탐(2),-/-,,,,,,,,,,,,,,,,,,,,,
경상권,부산,사하구,동아대,자연,환경안전전공,환경안전전공,유지,유지,교과성적우수자,4.58,4.33,,,,,,,잠재능력우수자,5.49,5.43,학교생활우수자,4.93,4.66,58.5,국수영탐(2),-/-,,,,,,,,,,,,,,,,,,,,,
충청권,대전,서구,배재대,자연,소프트웨어공학부(소프트웨어학),소프트웨어공학부(소프트웨어학),유지,유지,교과,6.2,5.4,일반고교과,6.3,6.3,,,,,,,,,,58.5,국수영탐(1) 중 2개,4/5,,,,,,,,,,,,,,,,,,,,,
충청권,대전,서구,배재대,자연,식품영양학과,식품영양학과,유지,유지,교과,5.4,5,일반고교과,5.4,5.1,,,,,,,,,,58.5,국수영탐(1) 중 2개,4/6,,,,,,,,,,,,,,,,,,,,,
경상권,대구,달서구,계명대,인문,스페인어중남미학과,스페인어중남미학과,유지,유지,일반,5.48,5.3,,,,,,,일반,5.48,5.3,,,,58.375,국수영탐(2),5/-,,,,,,,,,,,,,,,,,,,,,
경상권,대구,달서구,계명대,예체능,스포츠마케팅학과,스포츠마케팅학과,유지,유지,면접,4.74,4.71,일반,4.34,4.32,,,,일반,4.34,4.32,,,,58.375,국수영탐(2),3/-,,,,,,,,,,,,,,,,,,,,,
제주권,제주,제주시,제주대,자연,수학과,수학과,유지,유지,일반학생,5.86,4.94,,,,,,,일반학생,6.45,6.38,,,,58.35,국수영탐(2),5/4,,,,,,,,,,,,,,,,,,,,,
경상권,경남,진주시,경상국립대,자연,인테리어재료공학과,인테리어재료공학과,유지,유지,일반,5.08,4.95,,,,,,,일반,5.08,4.95,,,,58.34375,국수영탐(2),4/-,,,,,,,,,,,,,,,,,,,,,
경상권,부산,사상구,동서대,자연,임상병리학과,임상병리학과,유지,유지,고교생활우수자,3.3,3.3,일반계교과,3.2,3,학생부면접,3.4,3.4,학생부종합,5.38,5.21,,,,58.33333,국수영탐(1),4/-,,,,,,,,,,,,,,,,,,,,,
경상권,부산,사상구,신라대,자연,간호학과,간호학과,유지,유지,면접우수자,3.2,1.9,일반고교과,1.9,1.6,,,,학생부종합Ⅰ,3,2.8,학생부종합Ⅱ,3,2.8,58.33333,국수영탐(1),2/-,,,,,,,,,,,,,,,,,,,,,
경상권,부산,서구,동아대,인문,사회학전공,사회학전공,유지,유지,교과성적우수자,3.92,3.75,,,,,,,잠재능력우수자,4.51,4.39,학교생활우수자,4.66,4.46,58.33,국수영탐(2),-/-,,,,,,,,,,,,,,,,,,,,,
경상권,경남,창원시,경남대,자연,스마트기계융합공학전공,스마트기계융합공학전공,유지,유지,일반면접,,,일반,5.3,4.7,,,,,,,,,,58.25,국수영탐(1),4/2,,,,,,,,,,,,,,,,,,,,,
경상권,경남,진주시,경상국립대,인문,러시아학과,러시아학과,유지,유지,일반,4.77,4.66,,,,,,,일반,4.77,4.66,,,,58.25,국수영탐(2),5/-,,,,,,,,,,,,,,,,,,,,,
충청권,충남,천안시,나사렛대,인문,중등특수교육과,중등특수교육과,,,일반학생,4.54,4.142,,,,,,,창의융합인재,4.372,4.372,,,,58.2,"국수영 중 2개, 탐구(1)",3/-,,,,,,,,,,,,,,,,,,,,,
제주권,제주,제주시,제주대,인문,중어중문학과,중어중문학과,유지,유지,일반학생,5.59,5.55,,,,,,,일반학생,,4.59,,,,58.2,국수영탐(2),4/3,,,,,,,,,,,,,,,,,,,,,
경상권,부산,서구,동아대,인문,중국학과,중국학과,유지,유지,교과성적우수자,4.25,4.17,,,,,,,잠재능력우수자,5.79,5.64,학교생활우수자,5.6,5.13,58.17,국수영탐(2),-/-,,,,,,,,,,,,,,,,,,,,,
제주권,제주,제주시,제주대,자연,환경공학과,환경공학과,유지,유지,일반학생,5.22,5.04,,,,,,,일반학생,,5.02,,,,58.17,국수영탐(2),4/4,,,,,,,,,,,,,,,,,,,,,
전라권,전남,여수시,전남대,인문,국제학부(일본학전공),국제학부(일본학전공),유지,유지,일반,6.46,5.95,,,,,,,고교생활우수자Ⅱ,5.92,5.5,,,,58.15,국수탐(2),4/3,,,,,,,,,,,,,,,,,,,,,
경상권,경남,창원시,국립창원대,인문,특수교육과,특수교육과,유지,유지,학업성적우수자,3.87,3.86,,,,,,,계열적합인재,4.37,4.07,,,,58.15,국수영탐(1),4/-,,,,,,,,,,,,,,,,,,,,,
경상권,경남,창원시,국립창원대,인문,사회학과,사회학과,유지,유지,학업성적우수자,4.35,4.27,,,,,,,계열적합인재,5.09,4.66,,,,58.05,국수영탐(1),5/-,,,,,,,,,,,,,,,,,,,,,
경상권,경남,진주시,경상국립대,인문,식품자원경제학과,식품자원경제학과,유지,유지,일반,4.33,4.09,,,,,,,일반,4.33,4.09,,,,58.03125,국수영탐(2),6/-,,,,,,,,,,,,,,,,,,,,,
경상권,경북,경산시,경일대,인문,부동산지적학과,부동산지적학과,유지,유지,면접,4.63,,일반,3.79,,,,,학생부종합,4.58,,,,,58.028,국수영탐(1) 중 3개,4/2,,,,,,,,,,,,,,,,,,,,,
충청권,대전,동구,대전대,인문,법·행정학부,법·행정학부,유지,유지,교과면접,6,5.46,교과중점,5.92,5.47,,,,,,,,,,58,국수영탐(1) 중 2개,5/4,,,,,,,,,,,,,,,,,,,,,
경상권,경북,경주시,동국대(WISE),인문,영어영문학과,영어영문학과,유지,유지,교과,3.6,3.3,면접,,,,,,참사랑,,,,,,58,국수탐(1) 중 2개,4/2,,,,,,,,,,,,,,,,,,,,,
경상권,경북,경주시,동국대(WISE),인문,웹문예학과,웹문예학과,유지,유지,교과,3.9,3.6,면접,4.2,4.1,,,,참사랑,3.9,3.9,,,,58,국수탐(1) 중 2개,4/2,,,,,,,,,,,,,,,,,,,,,
경상권,경북,경주시,동국대(WISE),인문,유아교육과,유아교육과,유지,유지,교과,3.5,2.9,면접,4.2,4.1,불교추천인재,,,참사랑,4.4,4.4,,,,58,국수탐(1) 중 2개,4/2,,,,,,,,,,,,,,,,,,,,,
충청권,대전,서구,목원대,예체능,스포츠건강관리학과,스포츠건강관리학과,유지,유지,교과,3.63,3.46,,,,,,,,,,,,,58,국수영탐탐한 중 2개,5/5,,,,,,,,,,,,,,,,,,,,,
충청권,대전,서구,배재대,자연,원예산림학과,원예산림학과,유지,유지,교과,5.1,4.7,일반고교과,5.5,5.5,,,,,,,,,,58,국수영탐(1) 중 2개,4/5,,,,,,,,,,,,,,,,,,,,,
경상권,부산,사상구,신라대,인문,역사교육과,역사교육과,유지,유지,면접우수자,2.9,2.9,일반고교과,2.7,2.4,,,,학생부종합Ⅱ,4.4,4.4,,,,58,국수영탐(1),4/-,,,,,,,,,,,,,,,,,,,,,
전라권,전북,익산시,원광대,인문,경영계열,경영학과,유지,변경,일반,5.97,5.49,,,,,,,학생부종합,6.68,5.69,,,,58,"국수 중 1개, 영탐(1)",4/4,,,,,,,,,,,,,,,,,,,,,
제주권,제주,제주시,제주대,인문,철학과,철학과,유지,유지,일반학생,4.87,4.53,,,,,,,일반학생,,5.31,,,,57.99,국수영탐(2),4/3,,,,,,,,,,,,,,,,,,,,,
전라권,전북,군산시,국립군산대,인문,금융부동산경제학과,금융부동산경제학과,유지,유지,일반,6.67,6.47,,,,,,,일반학생,5.28,5.28,,,,57.9,국수영탐(2),4/3,,,,,,,,,,,,,,,,,,,,,
전라권,전북,군산시,국립군산대,자연,식품생명과학부,식품생명공학과,유지,변경,일반,6.11,5.52,,,,,,,일반학생,,,,,,57.9,국수영탐(2),5/6,,,,,,,,,,,,,,,,,,,,,
경상권,경북,경산시,대구대,공통,자유전공학부,자유전공학부,유지,유지,일반,6.7,5.8,,,,,,,서류,7.33,6.7,,,,57.9,국수영탐(1),5/6,,,,,,,,,,,,,,,,,,,,,
제주권,제주,제주시,제주대,자연,데이터사이언스학과,데이터사이언스학과,유지,유지,일반학생,4.57,4.36,,,,,,,소프트웨어인재,6.04,5.65,일반학생,5.65,5.5,57.9,국수영탐(2),5/4,,,,,,,,,,,,,,,,,,,,,
경상권,부산,사하구,동아대,자연,조경학과,조경학과,유지,유지,교과성적우수자,3.67,3.58,,,,,,,잠재능력우수자,4.82,4.71,학교생활우수자,4.8,4.71,57.83,국수영탐(2),-/-,,,,,,,,,,,,,,,,,,,,,
경상권,경북,영주시,동양대,자연,철도전기신호학과,철도운전•전기신호학과,유지,변경,일반Ⅰ,6,4.1,,,,,,,,,,,,,57.8,"국수영 중 2개, 탐구(1)",4/3,,,,,,,,,,,,,,,,,,,,,
경인권,경기,고양시,중부대,자연,게임소프트웨어전공,게임소프트웨어전공,유지,유지,학교생활우수자,3.5,3.2,학생부우수자,3,2.8,,,,,,,,,,57.75,"국수영 중 2개, 탐(1)한 중 1개",2/1,,,,,,,,,,,,,,,,,,,,,
경상권,경남,진주시,경상국립대,인문,불어불문학과,불어불문학과,유지,유지,일반,5,4.85,,,,,,,일반,5,4.85,,,,57.71875,국수영탐(2),4/-,,,,,,,,,,,,,,,,,,,,,
경상권,부산,남구,경성대,자연,제약공학과,제약공학과,유지,유지,일반계고교과,3.9,3.7,일반계고면접,4.4,4.4,,,,학교생활우수자,5.9,5.33,,,,57.66667,국수영탐(2),4/-,,,,,,,,,,,,,,,,,,,,,
경상권,부산,영도구,국립한국해양대,자연,에너지자원공학과,에너지자원공학과,유지,유지,교과성적우수자,4.33,4.24,일반,,,,,,아치해양인재Ⅰ,,,아치해양인재Ⅱ,,,57.66667,국수영탐(2),3/2,,,,,,,,,,,,,,,,,,,,,
전라권,전북,익산시,원광대,인문,경제금융·회계세무계열,경제금융학과,유지,변경,일반,5.83,5.7,,,,,,,학생부종합,6.69,6.69,,,,57.66667,"국수 중 1개, 영탐(1)",3/4,,,,,,,,,,,,,,,,,,,,,
전라권,전북,익산시,원광대,인문,보건행정학과,복지•보건학부,유지,변경,일반,4.84,4.72,,,,,,,학생부종합,6.69,6.11,,,,57.66667,"국수 중 1개, 영탐(1)",3/5,,,,,,,,,,,,,,,,,,,,,
제주권,제주,제주시,제주대,자연,지구해양과학과,지구해양과학과,유지,유지,일반학생,5.81,5.63,,,,,,,일반학생,,5.29,,,,57.66,국수영탐(2),5/4,,,,,,,,,,,,,,,,,,,,,
제주권,제주,제주시,제주대,자연,화학·코스메틱스학과,화학·코스메틱스학과,유지,유지,일반학생,5.83,5.54,,,,,,,일반학생,,5.03,,,,57.65,국수영탐(2),4/4,,,,,,,,,,,,,,,,,,,,,
경인권,경기,성남시,을지대,자연,간호학과,간호학과,유지,유지,지역균형,2.22,2.19,,,,,,,EU미래인재,2.7,2.57,EU자기추천,2.8,2.8,57.6,"국탐(2) 중 1개, 수영",2/2,,,,,,,,,,,,,,,,,,,,,
전라권,광주,광산구,남부대,자연,간호학과,간호학과,,,일반학생,6.4,6.06,,,,,,,,,,,,,57.57894,국수영탐(1)한,4/4,,,,,,,,,,,,,,,,,,,,,
경상권,경남,창원시,경남대,인문,영어교육과,영어교육과,유지,유지,일반,3.3,3.2,,,,,,,일반,3.3,3.2,,,,57.5,국수영탐(1),4/2,,,,,,,,,,,,,,,,,,,,,
경상권,경남,진주시,경상국립대,인문,사학과,사학과,유지,유지,일반,3.67,3.61,,,,,,,일반,3.67,3.61,,,,57.5,국수영탐(2),4/-,,,,,,,,,,,,,,,,,,,,,
경상권,경북,안동시,국립경국대,자연,공공수요인재대학,공공수요인재대학,유지,유지,일반학생,5.98,5.66,,,,,,,,,,,,,57.5,국수영탐(1) 중 2개,5/3,,,,,,,,,,,,,,,,,,,,,
경상권,경북,안동시,국립경국대,자연,동물생명공학과,동물생명공학과,변경,유지,,,,,,,,,,NUG인재,5.3,5.3,,,,57.5,국수영탐(1) 중 2개,5/3,,,,,,,,,,,,,,,,,,,,,
경상권,경북,안동시,국립경국대,자연,모빌리티디자인공학과,모빌리티디자인공학과,변경,유지,,,,,,,,,,NUG인재,3.51,3.51,,,,57.5,국수영탐(1) 중 2개,5/3,,,,,,,,,,,,,,,,,,,,,
경상권,경북,안동시,국립경국대,자연,소방방재학과,소방방재학과,변경,유지,,,,,,,,,,NUG인재,5.88,5.68,,,,57.5,국수영탐(1) 중 2개,5/3,,,,,,,,,,,,,,,,,,,,,
경상권,경북,안동시,국립경국대,자연,응급구조학과,응급구조학과,변경,유지,,,,,,,,,,NUG인재,5.58,5.58,,,,57.5,국수영탐(1) 중 2개,5/3,,,,,,,,,,,,,,,,,,,,,
강원권,강원,원주시,상지대,인문,사회복지학과,사회복지학과,유지,유지,교과일반,4.59,4.43,,,,,,,종합일반,4.57,5.52,,,,57.5,국수영탐(2) 중 2개,4/5,,,,,,,,,,,,,,,,,,,,,
강원권,강원,원주시,한라대,인문,문화관광경영학과,문화관광경영학과,유지,유지,일반학생(교과중심),5.78,5.76,,,,,,,운곡인재,6.82,,,,,57.5,국수영탐(1) 중 2개,5/3,,,,,,,,,,,,,,,,,,,,,
강원권,강원,원주시,상지대,자연,소프트웨어학과,소프트웨어학과,유지,유지,교과일반,6.1,6.1,,,,,,,,,,,,,57.4,국수영탐(2) 중 2개,4/6,,,,,,,,,,,,,,,,,,,,,
충청권,충남,금산군,중부대,인문,항공서비스학전공,항공서비스학전공,유지,유지,학교생활우수자(항공서비스),3.5,3.1,학생부우수자,2.3,2.1,,,,,,,,,,57.4,"국수영 중 2개, 탐(1)한 중 1개",2/4,,,,,,,,,,,,,,,,,,,,,
강원권,강원,강릉시,가톨릭관동대,인문,행정학전공,행정학전공,유지,유지,일반,5.89,5.72,,,,,,,,,,,,,57.35,"국수탐(2) 중 2개, 영",4/-,,,,,,,,,,,,,,,,,,,,,
전라권,전남,여수시,전남대,자연,수산생명의학과,수산생명의학과,유지,유지,일반,5.3,4.63,,,,,,,고교생활우수자Ⅱ,4.56,4.54,,,,57.35,국수탐(2),4/3,,,,,,,,,,,,,,,,,,,,,
경상권,부산,남구,동명대,자연,간호학과,간호학과,유지,유지,면접,3.25,2.93,일반고교과,2.63,2.44,,,,,,,,,,57.33333,국수영탐(1),2/-,,,,,,,,,,,,,,,,,,,,,
충청권,대전,대덕구,한남대,인문,기독교학과,기독교학과,유지,유지,일반,4.48,4.48,,,,,,,한남인재Ⅰ,5.43,5.2,,,,57.33333,"수영탐(1) 중 2개, 국어",6/4,,,,,,,,,,,,,,,,,,,,,
경상권,부산,서구,동아대,인문,글로벌비즈니스학과,글로벌비즈니스학과,유지,유지,교과성적우수자,3.92,3.58,,,,,,,잠재능력우수자,4.83,4.81,학교생활우수자,4.86,4.74,57.33,국수영탐(2),-/-,,,,,,,,,,,,,,,,,,,,,
경상권,경남,창원시,경남대,자연,물리치료학과,물리치료학과,유지,유지,일반면접,3.5,3.5,일반,3.2,3,,,,일반,3.2,3,,,,57.25,국수영탐(1),4/2,,,,,,,,,,,,,,,,,,,,,
경상권,부산,금정구,부산대,예체능,스포츠과학과,스포츠과학과,유지,유지,학생부교과,4.36,3.75,,,,,,,,,,,,,57.25,국영탐(2),3/2,,,,,,,,,,,,,,,,,,,,,
제주권,제주,제주시,제주대,자연,수산생명의학과,수산생명의학과,유지,유지,일반학생,4.24,4.22,,,,,,,일반학생,,3.92,,,,57.23,국수영탐(2),4/3,,,,,,,,,,,,,,,,,,,,,
전라권,전남,나주시,동신대,자연,간호학과,간호학과,유지,유지,일반,5.71,5.36,,,,,,,,,,,,,57.2218,국수영탐(1)한,4/2,,,,,,,,,,,,,,,,,,,,,
경상권,경남,진주시,경상국립대,자연,원예과학부,원예과학부,유지,유지,일반,5.34,5,,,,,,,,,,,,,57.21875,국수영탐(2),4/-,,,,,,,,,,,,,,,,,,,,,
전라권,전북,군산시,국립군산대,인문,국제물류학과,국제물류학과,유지,유지,일반,6.89,6.47,,,,,,,일반학생,6.42,6.37,,,,57.2,국수영탐(2),2/6,,,,,,,,,,,,,,,,,,,,,
전라권,전북,군산시,국립군산대,자연,첨단과학기술학부,첨단과학기술학부,유지,변경,일반,7.26,7.09,,,,,,,일반학생,8.14,7.39,,,,57.2,국수영탐(2),6/5,,,,,,,,,,,,,,,,,,,,,
전라권,전북,군산시,국립군산대,자연,해양생명과학과,해양생명과학과,유지,유지,일반,5.25,4.92,,,,,,,일반학생,,7.45,,,,57.2,국수영탐(2),5/4,,,,,,,,,,,,,,,,,,,,,
경인권,경기,부천시,서울신학대,인문,신학과,신학과,유지,유지,교과성적,3.03,3.03,기독교,4.78,4.45,,,,H+인재,6.14,6.11,,,,57.2,"국수탐(1) 중 2개, 영어",3/2,,,,,,,,,,,,,,,,,,,,,
경상권,경남,창원시,국립창원대,자연,건축학부 건축공학전공,건축학부 건축공학전공,유지,유지,학업성적우수자,5.6,4.86,,,,,,,,,,,,,57.2,국수영탐(1),5/-,,,,,,,,,,,,,,,,,,,,,
강원권,강원,강릉시,"강원대(강릉,원주)",자연,해양융합과학과,해양생태환경학과,유지,변경,해람교과,5.41,5.07,,,,,,,해람인재,6.14,5.61,,,,57.187,국수영탐(1) 중 3개,5/4,,,,,,,,,,,,,,,,,,,,,
경상권,경북,경산시,영남대,자연,수학과,수학과,,,일반학생,5.43,5.28,,,,,,,잠재능력우수자,5.36,5.06,,,,57.17,국수영탐(2),-/-,,,,,,,,,,,,,,,,,,,,,
제주권,제주,제주시,제주대,인문,독일학과,독일학과,유지,유지,일반학생,5.22,4.99,,,,,,,일반학생,,5.94,,,,57.12,국수영탐(2),4/4,,,,,,,,,,,,,,,,,,,,,
경상권,부산,남구,경성대,자연,동물보건생명과학과,동물보건생명과학과,유지,유지,일반계고교과,3.5,3.5,일반계고면접,4.2,4.2,,,,학교생활우수자,5.5,5.47,,,,57,국수영탐(2),3/-,,,,,,,,,,,,,,,,,,,,,
경상권,부산,사상구,동서대,예체능,방송영상학과,방송영상학과,유지,유지,고교생활우수자,4.1,3.8,일반계교과,4,3.9,학생부면접,4.4,4.4,학생부종합,6.92,4.75,,,,57,국수영탐(1),4/-,,,,,,,,,,,,,,,,,,,,,
전라권,전북,익산시,원광대,자연,공학1계열,건축공학과,유지,변경,일반,6.11,5.82,,,,,,,학생부종합,6.6,6.49,,,,57,"국수 중 1개, 영탐(1)",3/6,,,,,,,,,,,,,,,,,,,,,
전라권,전북,익산시,원광대,예체능,디자인융합계열,디자인융합계열,유지,변경,일반,4.48,3.97,,,,,,,학생부종합,5.89,5.16,,,,57,"국수 중 1개, 영탐(1)",2/2,,,,,,,,,,,,,,,,,,,,,
경상권,대구,달서구,계명대,자연,전기공학과,전기공학과,유지,유지,일반,5.47,5.24,,,,,,,일반,5.47,5.24,,,,56.875,국수영탐(2),5/-,,,,,,,,,,,,,,,,,,,,,
강원권,강원,강릉시,"강원대(강릉,원주)",예체능,패션디자인학과,패션디자인학과,유지,유지,해람교과,4.98,4.18,,,,,,,해람인재,5,4.89,,,,56.854,국수영탐(1) 중 3개,5/4,,,,,,,,,,,,,,,,,,,,,
경상권,부산,남구,경성대,인문,미디어커뮤니케이션학과,미디어커뮤니케이션학과,유지,유지,일반계고교과,3.1,2.9,일반계고면접,3.6,3.6,,,,학교생활우수자,4.62,4.38,,,,56.83333,국수영탐(2),3/-,,,,,,,,,,,,,,,,,,,,,
경상권,경남,진주시,경상국립대,자연,스마트농산업학과,스마트농산업학과,유지,유지,일반,5.03,4.9,,,,,,,일반,5.03,4.9,,,,56.8125,국수영탐(2),4/-,,,,,,,,,,,,,,,,,,,,,
전라권,전북,군산시,국립군산대,자연,첨단에너지대학,이차전지·에너지학부,유지,변경,일반,7.35,6.54,,,,,,,일반학생,6.41,6.16,,,,56.8,국수영탐(2),5/2,,,,,,,,,,,,,,,,,,,,,
경상권,경남,진주시,경상국립대,자연,신소재공학부 세라믹공학전공,나노·신소재공학부 세라믹공학전공,유지,변경,일반,4.9,4.63,,,,,,,일반,4.9,4.63,,,,56.78125,국수영탐(2),4/-,,,,,,,,,,,,,,,,,,,,,
경상권,경남,진주시,경상국립대,자연,에너지공학과,에너지공학과,유지,유지,일반,4.64,4.55,,,,,,,일반,4.64,4.55,,,,56.75,국수영탐(2),4/-,,,,,,,,,,,,,,,,,,,,,
경인권,경기,성남시,을지대,자연,방사선학과,방사선학과,유지,유지,지역균형,2.6,2.59,,,,,,,EU미래인재,2.98,2.99,EU자기추천,3.21,3.13,56.7,"국탐(2) 중 1개, 수영",2/4,,,,,,,,,,,,,,,,,,,,,
경상권,부산,남구,경성대,자연,식품생명공학과,식품생명공학과,유지,유지,일반계고교과,4.5,4.4,일반계고면접,4.9,4.9,,,,학교생활우수자,6.37,5.83,,,,56.66667,국수영탐(2),3/-,,,,,,,,,,,,,,,,,,,,,
경상권,경남,진주시,경상국립대,자연,화학과,화학과,유지,유지,일반,4.68,4.48,,,,,,,일반,4.68,4.48,,,,56.65625,국수영탐(2),4/-,,,,,,,,,,,,,,,,,,,,,
전라권,전남,나주시,동신대,자연,산림조경학과,산림조경학과,유지,유지,면접,7.34,7.34,일반,6.31,6.19,,,,,,,,,,56.6112,국수영탐(1)한,5/1,,,,,,,,,,,,,,,,,,,,,
강원권,강원,원주시,상지대,인문,국제경영학과,국제경영학과,유지,유지,교과일반,6.61,5.5,,,,,,,종합일반,,,,,,56.6,국수영탐(2) 중 2개,4/4,,,,,,,,,,,,,,,,,,,,,
충청권,충남,아산시,호서대,자연,동물보건복지학과,동물보건복지학과,유지,유지,학생부,3.27,3.18,,,,,,,호서인재,4.52,4.26,,,,56.59,"국수영 중 2개, 탐구(1)",3/1,,,,,,,,,,,,,,,,,,,,,
경상권,부산,사상구,동서대,인문,경찰학과,경찰학과,유지,유지,고교생활우수자,4,4,일반계교과,3.6,3.4,학생부면접,4.1,4,학생부종합,5.94,5.31,,,,56.58333,국수영탐(1),4/-,,,,,,,,,,,,,,,,,,,,,
강원권,강원,강릉시,"강원대(강릉,원주)",자연,식물생명과학과,식물생명과학과,유지,유지,해람교과,5.02,4.46,,,,,,,해람인재,6.15,5.4,,,,56.521,국수영탐(1) 중 3개,5/4,,,,,,,,,,,,,,,,,,,,,
강원권,강원,강릉시,"강원대(강릉,원주)",인문,중어중문학과,중어중문학과,유지,유지,해람교과,5.14,4.9,,,,,,,해람인재,5.97,5.8,,,,56.521,국수영탐(1) 중 3개,5/4,,,,,,,,,,,,,,,,,,,,,
강원권,강원,강릉시,"강원대(강릉,원주)",자연,환경조경학과,환경조경학과,유지,유지,해람교과,4.18,4.04,,,,,,,해람인재,5.23,4.47,,,,56.521,국수영탐(1) 중 3개,5/4,,,,,,,,,,,,,,,,,,,,,
제주권,제주,제주시,제주대,자연,원자력공학과,원자력공학과,유지,유지,일반학생,5.81,5.51,,,,,,,일반학생,,,,,,56.52,국수영탐(2),4/4,,,,,,,,,,,,,,,,,,,,,
충청권,충북,청주시,청주대,자연,수학교육과,수학교육과,변경,유지,교과우수,3.75,3.63,담임추천,5,3.63,일반,3.63,3,,,,,,,56.5185,국수영탐(2) 중 3개,4/4,,,,,,,,,,,,,,,,,,,,,
경상권,경북,경주시,동국대(WISE),인문,호텔관광경영학전공,호텔관광경영학전공,유지,유지,면접,4.7,3.2,,,,,,,,,,,,,56.5,국수탐(1) 중 2개,4/2,,,,,,,,,,,,,,,,,,,,,
경상권,경남,진주시,경상국립대,인문,한문학과,한문학과,유지,유지,일반,5.11,4.88,,,,,,,일반,5.11,4.88,,,,56.46875,국수영탐(2),4/-,,,,,,,,,,,,,,,,,,,,,
경상권,울산,남구,울산대,인문,공공인재학부,공공인재학부,유지,유지,일반교과,4.1,3.74,,,,,,,잠재역량,,5.52,,,,56.44745,국수영탐(1)한,2/4,,,,,,,,,,,,,,,,,,,,,
경상권,대구,달서구,계명대,인문,국어국문학과,국어국문학과,유지,유지,일반,5.7,5.05,,,,,,,일반,5.7,5.05,,,,56.375,국수영탐(2),4/-,,,,,,,,,,,,,,,,,,,,,
경상권,대구,달서구,계명대,자연,환경공학과,환경공학과,유지,유지,일반,5.68,5.36,,,,,,,일반,5.68,5.36,,,,56.375,국수영탐(2),5/-,,,,,,,,,,,,,,,,,,,,,
전라권,전남,목포시,국립목포해양대,자연,환경생명공학과,환경생명공학과,유지,유지,누구나,5.36,4.17,학생부성적우수자,5.71,5.31,,,,,,,,,,56.35,국수영탐(2),3/6,,,,,,,,,,,,,,,,,,,,,
전라권,전북,익산시,원광대,인문,경찰·공공행정계열,행정공공기관학과,유지,변경,일반,4.88,4.74,,,,,,,학생부종합,6.54,5.91,,,,56.33333,"국수 중 1개, 영탐(1)",4/4,,,,,,,,,,,,,,,,,,,,,
경상권,경남,진주시,경상국립대,자연,식품공학부,식품공학부,유지,유지,일반,4.45,4.23,,,,,,,,,,,,,56.3125,국수영탐(2),2/-,,,,,,,,,,,,,,,,,,,,,
서울,서울,노원구,한국성서대,인문,성서학과,성서학과,유지,유지,교과성적우수자,5.38,4.17,목회자추천,5.62,5.35,일반학생,5.61,5.13,,,,,,,56.3,국영탐(1),4/3,,,,,,,,,,,,,,,,,,,,,
서울,서울,송파구,한국체대,예체능,스포츠산업학과,스포츠산업학과,유지,유지,교과성적우수자,2.92,2.75,,,,,,,,,,,,,56.3,"국수영 중 2개, 탐(1)",3/4,,,,,,,,,,,,,,,,,,,,,
경상권,부산,영도구,국립한국해양대,자연,토목공학과,토목공학과,유지,유지,교과성적우수자,4.9,4.72,일반,,,,,,아치해양인재Ⅰ,,,아치해양인재Ⅱ,,,56.26667,국수영탐(2),2/2,,,,,,,,,,,,,,,,,,,,,
전라권,전북,군산시,국립군산대,인문,역사학과,역사학과,유지,유지,일반,4.82,4.26,,,,,,,일반학생,5.84,4.74,,,,56.2,국수영탐(2),6/3,,,,,,,,,,,,,,,,,,,,,
전라권,전북,군산시,국립군산대,인문,무역학과,무역학과,유지,유지,일반,7.15,5.73,,,,,,,일반학생,5.47,5.47,,,,56.1,국수영탐(2),5/1,,,,,,,,,,,,,,,,,,,,,
제주권,제주,제주시,제주대,자연,해양생명과학과,해양생명과학과,유지,유지,일반학생,4.51,4.4,,,,,,,일반학생,4.83,4.45,,,,56.09,국수영탐(2),4/3,,,,,,,,,,,,,,,,,,,,,
경상권,대구,달서구,계명대,인문,Keimyung Adams College,국제관계학과(IR),유지,변경,면접,,,일반,,,,,,일반,,,,,,56,국수영탐(2),4/-,,,,,,,,,,,,,,,,,,,,,
경상권,대구,달서구,계명대,자연,건축공학과,건축공학과,유지,유지,일반,5.8,5.7,,,,,,,일반,5.8,5.7,,,,56,국수영탐(2),4/-,,,,,,,,,,,,,,,,,,,,,
경상권,대구,달서구,계명대,인문,사학과,사학과,유지,유지,일반,4.84,4.67,,,,,,,일반,4.84,4.67,,,,56,국수영탐(2),4/-,,,,,,,,,,,,,,,,,,,,,
경상권,경북,김천시,김천대,자연,간호학과,간호학과,,,일반교과,3.91,3.67,일반면접,4.43,5.23,,,,,,,,,,56,"국수 중 1개, 영탐(1)",2/5,,,,,,,,,,,,,,,,,,,,,
경상권,부산,사하구,동아대,자연,건설시스템공학과,건설시스템공학과,유지,유지,교과성적우수자,4.67,4.58,,,,,,,잠재능력우수자,5.33,5.32,학교생활우수자,5.51,5.28,56,국수영탐(2),-/-,,,,,,,,,,,,,,,,,,,,,
충청권,대전,서구,배재대,자연,스마트배터리학과,스마트배터리학과,유지,유지,교과,6.5,6.3,,,,,,,,,,,,,56,국수영탐(1) 중 2개,4/5,,,,,,,,,,,,,,,,,,,,,
강원권,강원,원주시,상지대,자연,조경산림학과,조경산림학과,유지,유지,교과일반,4.88,4.5,,,,,,,,,,,,,56,국수영탐(2) 중 2개,4/8,,,,,,,,,,,,,,,,,,,,,
전라권,전북,전주시,전주대,자연,스마트미디어학과,스마트미디어학과,유지,유지,일반학생(교과),7.25,6.59,,,,,,,일반학생(종합),6.55,5.83,,,,56,"국수영 중 2개, 탐구(1)",4/7,,,,,,,,,,,,,,,,,,,,,
전라권,전남,무안군,초당대,자연,간호학과,간호학과,유지,유지,일반학생,5.38,4.93,,,,,,,,,,,,,56,"국수영 중 2개, 탐구(1)",5/2,,,,,,,,,,,,,,,,,,,,,
경상권,경남,창원시,국립창원대,자연,스마트오션모빌리티공학과,스마트오션모빌리티공학과,유지,유지,학업성적우수자,5.96,5.74,,,,,,,,,,,,,56,국수영탐(1),4/-,,,,,,,,,,,,,,,,,,,,,
제주권,제주,제주시,제주대,자연,해양시스템공학과,해양시스템공학과,유지,유지,일반학생,5.48,5.46,,,,,,,일반학생,,6.68,,,,55.985,국수영탐(2),4/4,,,,,,,,,,,,,,,,,,,,,
경인권,경기,의정부시,을지대,자연,간호학과(의정부),간호학과(의정부),유지,유지,지역균형,2.33,2.26,,,,,,,EU미래인재,2.54,2.54,EU자기추천,2.71,3.36,55.95,"국탐(2) 중 1개, 수영",2/3,,,,,,,,,,,,,,,,,,,,,
경상권,경남,진주시,경상국립대,인문,영어영문학부 영어영문학전공,영어영문학부 영어영문학전공,유지,유지,일반,3.93,3.67,,,,,,,일반,3.93,3.67,,,,55.9375,국수영탐(2),4/-,,,,,,,,,,,,,,,,,,,,,
전라권,전남,여수시,전남대,공통,창의융합학부,창의융합학부,유지,유지,일반,4.92,4.76,,,,,,,고교생활우수자Ⅱ,5.01,4.89,,,,55.9,국수탐(2),3/2,,,,,,,,,,,,,,,,,,,,,
경상권,대구,달서구,계명대,인문,국어교육과,국어교육과,유지,유지,면접,4.44,4.44,일반,3.63,3.63,,,,일반,3.63,3.63,,,,55.875,국수영탐(2),4/-,,,,,,,,,,,,,,,,,,,,,
경상권,경북,경산시,대구대,인문,경찰학부(자치경찰학전공),경찰학부(자치경찰학전공),유지,유지,일반,5.3,4.7,,,,,,,서류,5.34,5.06,,,,55.8,국수영탐(1),5/4,,,,,,,,,,,,,,,,,,,,,
경상권,경북,경산시,대구대,인문,공공안전학부(공직법무전공),공공안전학부(공직법무전공),유지,유지,일반,7.1,5.8,,,,,,,서류,7.15,6.96,,,,55.8,국수영탐(1),5/4,,,,,,,,,,,,,,,,,,,,,
경상권,경북,경산시,대구대,인문,공공안전학부(소방·행정학전공),공공안전학부(소방·행정학전공),유지,유지,일반,6.9,5.7,,,,,,,서류,5.89,5.5,,,,55.8,국수영탐(1),5/4,,,,,,,,,,,,,,,,,,,,,
경상권,경북,경산시,대구대,인문,국방군사학과,국방군사학과,유지,유지,일반,7.3,6,,,,,,,서류,7.01,6.48,,,,55.8,국수영탐(1),5/4,,,,,,,,,,,,,,,,,,,,,
경상권,경북,경산시,대구대,인문,부동산•지적학과,부동산•지적학과,유지,유지,일반,6.6,5.1,,,,,,,서류,6.79,5.66,,,,55.8,국수영탐(1),5/4,,,,,,,,,,,,,,,,,,,,,
강원권,강원,원주시,상지대,인문,유아교육학과,유아교육학과,유지,유지,교과일반,5.42,4.71,,,,,,,종합일반,5.78,5.68,,,,55.8,국수영탐(2) 중 2개,5/6,,,,,,,,,,,,,,,,,,,,,
경상권,대구,달서구,계명대,인문,영어영문학과,영어영문학과,유지,유지,면접,5.68,5.67,일반,5.16,4.91,,,,일반,5.16,4.91,,,,55.75,국수영탐(2),4/-,,,,,,,,,,,,,,,,,,,,,
전라권,전남,여수시,전남대,인문,문화관광경영학과,문화관광경영학과,유지,유지,일반,6.46,6.13,,,,,,,고교생활우수자Ⅱ,6.29,4.95,,,,55.7,국수탐(2),3/2,,,,,,,,,,,,,,,,,,,,,
충청권,충남,서산시,한서대,자연,작업치료학과,작업치료학과,유지,유지,학생부교과1,4.75,4.62,학생부교과2,5.7,5.4,한서인재,,,융합인재,,,,,,55.7,"국수영 중 2개, 탐구(1)",-/-,,,,,,,,,,,,,,,,,,,,,
경상권,경남,창원시,경남대,인문,군사학과,군사학과,유지,유지,군사학과,4.9,3.6,일반면접,4.2,3.7,,,,,,,,,,55.696,국수영탐(1) 중 3개,4/2,,,,,,,,,,,,,,,,,,,,,
경인권,경기,양주시,경동대,인문,행정학과,행정학과,유지,유지,일반학생,4.8,4.53,,,,,,,,,,,,,55.66667,국수영탐(1),4/3,,,,,,,,,,,,,,,,,,,,,
경인권,경기,고양시,중부대,자연,건축학전공,건축학전공,유지,유지,학교생활우수자,3.5,3.3,학생부우수자,3.2,3.1,,,,,,,,,,55.65,"국수영 중 2개, 탐(1)한 중 1개",2/3,,,,,,,,,,,,,,,,,,,,,
경상권,대구,달서구,계명대,인문,일본어일본학과,일본어일본학과,유지,유지,면접,5.37,5.32,일반,4.84,4.8,,,,일반,4.84,4.8,,,,55.625,국수영탐(2),4/-,,,,,,,,,,,,,,,,,,,,,
충청권,충남,천안시,호서대,인문,기독교학과,기독교학과,유지,유지,학생부,5.86,5.85,,,,,,,호서인재,,6.5,,,,55.6,"국수영 중 2개, 탐구(1)",3/1,,,,,,,,,,,,,,,,,,,,,
경상권,경남,창원시,국립창원대,자연,의류학과,의류학과,유지,유지,학업성적우수자,3.93,3.88,,,,,,,계열적합인재,5.68,5.52,,,,55.6,국수영탐(1),4/-,,,,,,,,,,,,,,,,,,,,,
강원권,강원,강릉시,"강원대(강릉,원주)",자연,해양융합과학과,해양생명과학과,유지,변경,해람교과,5.49,5.37,,,,,,,해람인재,5.97,5.77,,,,55.522,국수영탐(1) 중 3개,5/4,,,,,,,,,,,,,,,,,,,,,
경상권,경북,경주시,동국대(WISE),인문,글로컬인재학부,글로컬인재학부,유지,유지,교과,4.9,4.7,면접,5.7,5.5,불교추천인재,,,참사랑,4.9,4.5,,,,55.5,국수탐(1) 중 2개,4/2,,,,,,,,,,,,,,,,,,,,,
경상권,경북,경주시,동국대(WISE),자연,조경·정원디자인학과,조경•정원디자인학부,유지,변경,교과,4.2,4.1,면접,5.1,4.4,,,,참사랑,5.3,5.1,,,,55.5,국수탐(1) 중 2개,4/2,,,,,,,,,,,,,,,,,,,,,
경인권,경기,성남시,을지대,자연,임상병리학과,임상병리학과,유지,유지,지역균형,2.88,2.7,,,,,,,EU미래인재,3.28,3.18,EU자기추천,3.44,3.04,55.5,"국탐(2) 중 1개, 수영",3/2,,,,,,,,,,,,,,,,,,,,,
경상권,경남,진주시,경상국립대,자연,축산과학부,축산과학부,유지,유지,일반,5,4.89,,,,,,,일반,5,4.89,,,,55.46875,국수영탐(2),4/-,,,,,,,,,,,,,,,,,,,,,
경상권,부산,남구,국립부경대,예체능,해양스포츠전공,해양스포츠전공,,,교과성적우수인재,,3.12,,,,,,,,,,,,,55.46154,국영탐(2),4/4,,,,,,,,,,,,,,,,,,,,,
제주권,제주,제주시,제주대,자연,원예과학전공,원예과학전공,유지,유지,일반학생,4.67,4.53,,,,,,,일반학생,4.67,4.53,,,,55.42,국수영탐(2),4/5,,,,,,,,,,,,,,,,,,,,,
강원권,강원,원주시,상지대,자연,소방공학과,소방공학과,유지,유지,교과일반,5.72,5.36,,,,,,,종합일반,,,,,,55.4,국수영탐(2) 중 2개,4/2,,,,,,,,,,,,,,,,,,,,,
전라권,전북,전주시,전주대,자연,데이터사이언스학과,데이터공학과,유지,변경,일반학생(교과),7.5,6.84,,,,,,,일반학생(종합),,,,,,55.4,"국수영 중 2개, 탐구(1)",5/2,,,,,,,,,,,,,,,,,,,,,
경상권,경남,창원시,경남대,인문,군사학과,군사학과,유지,유지,군사학과,4.9,3.6,일반면접,4.2,3.7,,,,,,,,,,55.358,국수영탐(1) 중 3개,5/4,,,,,,,,,,,,,,,,,,,,,
경인권,경기,양주시,경동대,인문,경영학과,경영학과,유지,유지,일반학생,4.6,4.22,,,,,,,,,,,,,55.33333,국수영탐(1),4/5,,,,,,,,,,,,,,,,,,,,,
경인권,경기,화성시,화성의과학대,자연,데이터사이언스학과,데이터사이언스학과,유지,유지,일반,4.72,4.5,,,,,,,,,,,,,55.33333,"국수영 중 2개, 탐(1)",3/5,,,,,,,,,,,,,,,,,,,,,
전라권,전북,완주군,우석대,자연,간호학과,간호학과,,,교과중심,3.5,3.4,면접중심,4.19,4.19,,,,,,,,,,55.3,"국수영 중 2개, 탐구(1)",5/6,,,,,,,,,,,,,,,,,,,,,
경인권,경기,고양시,중부대,자연,전기전자공학전공,전기전자공학전공,유지,유지,학교생활우수자,3.5,3.4,학생부우수자,3.4,3.2,,,,,,,,,,55.3,"국수영 중 2개, 탐(1)한 중 1개",3/2,,,,,,,,,,,,,,,,,,,,,
충청권,대전,유성구,한남대,자연,화학공학과,화학공학과,유지,유지,일반,5.41,5.26,,,,,,,한남인재Ⅰ,6.02,5.71,,,,55.281,"국영탐(1) 중 2개, 수학",3/2,,,,,,,,,,,,,,,,,,,,,
전라권,광주,남구,광주대,자연,작업치료학과,작업치료학과,유지,유지,일반학생,7.25,6.31,,,,,,,,,,,,,55.20579,국수영탐(1),5/3,,,,,,,,,,,,,,,,,,,,,
충청권,대전,유성구,국립한밭대,자연,자율전공학부,자율전공학부,유지,유지,일반,4.25,4.33,,,,,,,,,,,,,55.2,"국영탐(1) 중 2개, 수학",3/-,,,,,,,,,,,,,,,,,,,,,
강원권,강원,원주시,상지대,인문,호텔항공관광경영학과,호텔항공관광경영학과,유지,유지,교과일반,5.61,5.55,,,,,,,종합일반,6.11,6.11,,,,55.2,국수영탐(2) 중 2개,4/6,,,,,,,,,,,,,,,,,,,,,
충청권,충남,서산시,한서대,자연,의료재활학과,의료재활학과,유지,유지,학생부교과1,5.62,5.5,학생부교과2,,,,,,,,,,,,55.1,"국수영 중 2개, 탐구(1)",-/-,,,,,,,,,,,,,,,,,,,,,
경상권,부산,남구,경성대,예체능,미디어콘텐츠학과,미디어콘텐츠학과,유지,유지,일반계고교과,3.7,3.6,일반계고면접,4.1,3.8,,,,학교생활우수자,5.14,4.4,,,,55,국수영탐(2),2/-,,,,,,,,,,,,,,,,,,,,,
전라권,광주,광산구,광주여대,자연,치위생학과,치위생학과,유지,유지,일반학생Ⅰ,,,일반학생Ⅱ,6.69,6.26,,,,,,,,,,55,국수영탐(1),-/-,,,,,,,,,,,,,,,,,,,,,
전라권,전북,군산시,국립군산대,자연,수학과,수학과,유지,유지,일반,7.06,7.01,,,,,,,일반학생,5.85,5.85,,,,55,국수영탐(2),4/1,,,,,,,,,,,,,,,,,,,,,
전라권,전북,익산시,원광대,자연,공학2계열,전기공학과,유지,변경,일반,5.56,5.33,,,,,,,학생부종합,6.05,5.82,,,,55,"국수 중 1개, 영탐(1)",3/1,,,,,,,,,,,,,,,,,,,,,
충청권,충남,서산시,한서대,예체능,공간디자인학과,공간디자인학과,유지,유지,학생부교과1,,,,,,,,,,,,,,,55,"국수영 중 1개, 탐구(1)",-/-,,,,,,,,,,,,,,,,,,,,,
충청권,충남,서산시,한서대,예체능,시각디자인학과,시각디자인학과,유지,유지,학생부교과1,,,,,,,,,,,,,,,55,"국수영 중 1개, 탐구(1)",-/-,,,,,,,,,,,,,,,,,,,,,
경인권,경기,고양시,중부대,자연,스마트모빌리티공학전공,스마트모빌리티공학전공,유지,유지,학교생활우수자,4.5,4.2,학생부우수자,3.7,3.5,,,,,,,,,,54.95,"국수영 중 2개, 탐(1)한 중 1개",4/2,,,,,,,,,,,,,,,,,,,,,
전라권,전북,군산시,국립군산대,자연,해양건설공학과,해양건설공학과,유지,유지,일반,7.38,7.11,,,,,,,일반학생,,,,,,54.9,국수영탐(2),5/4,,,,,,,,,,,,,,,,,,,,,
경상권,대구,달서구,계명대,인문,경영빅데이터학과,경영빅데이터학과,유지,유지,일반,5.81,5.46,,,,,,,일반,5.81,5.46,,,,54.875,국수영탐(2),5/-,,,,,,,,,,,,,,,,,,,,,
경상권,대구,달서구,계명대,인문,경영정보학과,경영정보학과,유지,유지,일반,5.19,5.05,,,,,,,일반,5.19,5.05,,,,54.875,국수영탐(2),5/-,,,,,,,,,,,,,,,,,,,,,
경상권,경남,창원시,국립창원대,자연,통계학과,통계학과,유지,유지,학업성적우수자,5.4,5.07,,,,,,,,,,,,,54.85,국수영탐(1),4/-,,,,,,,,,,,,,,,,,,,,,
경상권,부산,부산진구,동의대,인문,법학과,법학과,유지,유지,일반고교과,4,3.91,,,,,,,학교생활우수자(면접),6.13,6.13,,,,54.83333,국수영탐(2),2/3,,,,,,,,,,,,,,,,,,,,,
경상권,경남,진주시,경상국립대,자연,항노화신소재과학과,항노화신소재과학과,유지,유지,일반,4.95,4.65,,,,,,,일반,4.95,4.65,,,,54.8125,국수영탐(2),3/-,,,,,,,,,,,,,,,,,,,,,
강원권,강원,강릉시,가톨릭관동대,인문,경영학전공,경영학전공,유지,유지,일반,5.79,5.24,,,,,,,,,,,,,54.8,"국수탐(2) 중 2개, 영",5/-,,,,,,,,,,,,,,,,,,,,,
경상권,경남,창원시,경남대,인문,문화유산복원예술학과,문화유산복원예술학과,유지,유지,일반면접,6.3,5.5,일반,4.1,2.9,,,,,,,,,,54.75,국수영탐(1),4/2,,,,,,,,,,,,,,,,,,,,,
서울,서울,구로구,서울한영대,인문,아동보육학과,아동보육학과,유지,유지,일반,7.63,6.2,,,,,,,,,,,,,54.75,국영탐(1)한,4/2,,,,,,,,,,,,,,,,,,,,,
경상권,부산,부산진구,동의대,자연,전기공학과,전기공학과,유지,유지,일반고교과,5.08,4.66,,,,,,,학교생활우수자(면접),6.39,6.39,,,,54.66667,국수영탐(2),4/4,,,,,,,,,,,,,,,,,,,,,
경인권,경기,화성시,화성의과학대,자연,간호학과,간호학과,유지,유지,일반,2.78,2.67,,,,,,,,,,,,,54.66667,"국수영 중 2개, 탐(1)",3/2,,,,,,,,,,,,,,,,,,,,,
전라권,전북,군산시,국립군산대,인문,철학과,철학과,유지,유지,일반,5.86,5.74,,,,,,,일반학생,5.13,5.13,,,,54.6,국수영탐(2),4/3,,,,,,,,,,,,,,,,,,,,,
경인권,경기,성남시,을지대,자연,응급구조학과,응급구조학과,유지,유지,지역균형,3.1,3.02,,,,,,,EU미래인재,3,3.34,EU자기추천,3.38,3.72,54.6,"국탐(2) 중 1개, 수영",3/3,,,,,,,,,,,,,,,,,,,,,
전라권,전북,전주시,전주대,예체능,운동처방학과,운동처방학과,유지,유지,일반학생(교과),5.85,5.43,,,,,,,일반학생(종합),5.66,5.32,,,,54.6,"국수영 중 2개, 탐구(1)",4/6,,,,,,,,,,,,,,,,,,,,,
경상권,경남,진주시,경상국립대,자연,생물산업기계공학과,생물산업기계공학과,유지,유지,일반,5.23,5.14,,,,,,,일반,5.23,5.14,,,,54.59375,국수영탐(2),2/-,,,,,,,,,,,,,,,,,,,,,
경상권,부산,남구,경성대,자연,전기공학과,전기공학과,유지,유지,일반계고교과,4.2,4,일반계고면접,4.9,4.9,,,,학교생활우수자,6.06,5.29,,,,54.5,국수영탐(2),3/-,,,,,,,,,,,,,,,,,,,,,
전라권,전북,군산시,국립군산대,인문,국어국문학과,국어국문학과,유지,유지,일반,6.25,5.81,,,,,,,일반학생,5.65,5.65,,,,54.5,국수영탐(2),5/6,,,,,,,,,,,,,,,,,,,,,
경상권,경북,경산시,대구대,자연,건축공학과,건축공학과,유지,유지,일반,6.9,5.7,,,,,,,서류,6.85,6.27,,,,54.5,국수영탐(1),5/5,,,,,,,,,,,,,,,,,,,,,
경상권,경북,경산시,대구대,자연,기계자동차공학부,기계자동차공학부,유지,유지,일반,7,5.8,,,,,,,서류,6.73,6.64,,,,54.5,국수영탐(1),5/5,,,,,,,,,,,,,,,,,,,,,
경상권,경북,경산시,대구대,자연,소방안전방재학과,소방안전방재학과,유지,유지,일반,6.9,5.8,,,,,,,서류,5.81,5.8,,,,54.5,국수영탐(1),5/5,,,,,,,,,,,,,,,,,,,,,
경상권,경북,경산시,대구대,자연,식품영양학과,식품영양학과,유지,유지,일반,6.1,5.2,,,,,,,서류,5.92,5.61,,,,54.5,국수영탐(1),5/5,,,,,,,,,,,,,,,,,,,,,
경상권,경북,경산시,대구대,자연,전자전기공학부(반도체전자공학전공),전자전기공학부(반도체전자공학전공),유지,유지,일반,6.3,5,,,,,,,서류,6.87,6.54,,,,54.5,국수영탐(1),5/5,,,,,,,,,,,,,,,,,,,,,
경상권,경북,경산시,대구대,자연,전자전기공학부(전기공학전공),전자전기공학부(전기공학전공),유지,유지,일반,6.5,5,,,,,,,서류,7.29,6.28,,,,54.5,국수영탐(1),5/5,,,,,,,,,,,,,,,,,,,,,
경상권,경북,경산시,대구대,자연,조경산림정원학과,조경•정원디자인학과,유지,변경,일반,6.6,5.7,,,,,,,서류,6.52,6.52,,,,54.5,국수영탐(1),5/5,,,,,,,,,,,,,,,,,,,,,
경상권,경북,경산시,대구대,자연,친환경에너지학과,에너지배터리학과,유지,변경,일반,7.2,6.7,,,,,,,,,,,,,54.5,국수영탐(1),5/5,,,,,,,,,,,,,,,,,,,,,
경상권,경북,경산시,대구대,자연,컴퓨터정보공학부(사이버보안전공),컴퓨터정보공학부(사이버보안전공),유지,유지,일반,6.4,5.5,,,,,,,서류,7.38,7.03,,,,54.5,국수영탐(1),5/5,,,,,,,,,,,,,,,,,,,,,
경상권,경북,경산시,대구대,자연,컴퓨터정보공학부(컴퓨터공학전공),컴퓨터정보공학부(컴퓨터공학전공),유지,유지,일반,6,4.9,,,,,,,서류,5.84,5.68,,,,54.5,국수영탐(1),5/5,,,,,,,,,,,,,,,,,,,,,
경상권,경북,경산시,대구대,자연,컴퓨터정보공학부(컴퓨터소프트웨어전공),컴퓨터정보공학부(컴퓨터소프트웨어전공),유지,유지,일반,6.7,5.3,,,,,,,서류,6.93,6.52,,,,54.5,국수영탐(1),5/5,,,,,,,,,,,,,,,,,,,,,
충청권,대전,서구,배재대,자연,소프트웨어공학부(정보보안학),소프트웨어공학부(정보보안학),유지,유지,교과,6.1,5.1,일반고교과,6.7,6.7,,,,,,,,,,54.5,국수영탐(1) 중 2개,4/7,,,,,,,,,,,,,,,,,,,,,
전라권,전남,여수시,전남대,자연,기관시스템공학과,기관시스템공학과,유지,유지,일반,6.79,5.82,,,,,,,고교생활우수자Ⅱ,,,,,,54.45,국수탐(2),3/2,,,,,,,,,,,,,,,,,,,,,
전라권,전남,목포시,국립목포해양대,자연,컴퓨터공학과,컴퓨터공학과,유지,유지,누구나,6.46,6.18,학생부성적우수자,6.54,6.37,,,,,,,,,,54.4,국수영탐(2),5/4,,,,,,,,,,,,,,,,,,,,,
충청권,충북,충주시,국립한국교통대,자연,전자공학과,전자공학과,유지,유지,일반,4.45,4.23,,,,,,,나비인재Ⅱ,4.92,4.56,,,,54.364,국수영탐(1) 중 3개,4/-,,,,,,,,,,,,,,,,,,,,,
충청권,충북,청주시,청주대,인문,군사학과(남),군사학과(남),유지,변경,군사학과,5.88,4.88,,,,,,,,,,,,,54.344,국수영탐(1) 중 3개,8/8,,,,,,,,,,,,,,,,,,,,,
경인권,경기,양주시,경동대,자연,외식사업학과,외식사업학과,유지,유지,일반학생,5.23,4.99,,,,,,,,,,,,,54.33333,국수영탐(1),3/5,,,,,,,,,,,,,,,,,,,,,
경상권,경남,김해시,인제대,자연,작업치료학과,작업치료학과,유지,유지,면접,4.29,3.88,학생부교과,3.89,3.62,,,,,,,,,,54.33333,국수영탐(2),3/3,,,,,,,,,,,,,,,,,,,,,
제주권,제주,제주시,제주대,자연,통신공학과,통신공학과,유지,유지,일반학생,6,5.95,,,,,,,일반학생,,5.78,,,,54.31,국수영탐(2),5/4,,,,,,,,,,,,,,,,,,,,,
경인권,경기,성남시,을지대,자연,첨단학부,첨단학부,유지,유지,지역균형,4.14,4.14,,,,,,,EU미래인재,4.6,4.6,EU자기추천,4.43,4.43,54.3,"국탐(2) 중 1개, 수영",2/2,,,,,,,,,,,,,,,,,,,,,
서울,서울,마포구,서강대,인문,사회과학부,사회과학부,유지,유지,지역균형,1.68,1.53,,,,,,,,,,,,,54.2361,국수탐(2),1/1,,,,,,,,,,,,,,,,,,,,,
서울,서울,마포구,서강대,인문,사회학과,사회학과,유지,유지,,,,,,,,,,일반,2.99,2.91,,,,54.2361,국수탐(2),1/1,,,,,,,,,,,,,,,,,,,,,
서울,서울,마포구,서강대,인문,심리학과,심리학과,유지,유지,,,,,,,,,,일반,3.49,2.16,,,,54.2361,국수탐(2),1/1,,,,,,,,,,,,,,,,,,,,,
전라권,전남,무안군,국립목포대,인문,관광학과,관광학과,유지,유지,교과일반,6.28,5.88,,,,,,,종합일반,,7.69,,,,54.2,"수탐(1) 중 1개, 국영",4/-,,,,,,,,,,,,,,,,,,,,,
경상권,경남,김해시,인제대,자연,의생명보건계열,의생명공학과,유지,변경,면접,4.08,4.08,학생부교과,4.47,4.41,,,,,,,,,,54.16667,국수영탐(2),5/5,,,,,,,,,,,,,,,,,,,,,
경상권,경남,김해시,인제대,자연,혁신신약·제약공학계열,제약공학과,유지,신설,면접,4.19,4,학생부교과,3.68,3.51,,,,,,,,,,54.16667,국수영탐(2),3/3,,,,,,,,,,,,,,,,,,,,,
전라권,전북,군산시,국립군산대,자연,환경공학과,환경공학과,유지,유지,일반,5.6,5.6,,,,,,,일반학생,6.65,6.21,,,,54.1,국수영탐(2),4/2,,,,,,,,,,,,,,,,,,,,,
경상권,경남,진주시,경상국립대,자연,식물의학과,식물의학과,유지,유지,일반,4.09,3.48,,,,,,,일반,4.09,3.48,,,,54.0625,국수영탐(2),4/-,,,,,,,,,,,,,,,,,,,,,
충청권,충남,논산시,금강대,인문,프라마나(인문과학)학부,프라마나(인문과학)학부,,,금강인재추천,,,일반,5.45,5.38,,,,,,,,,,54.05,"국수영 중 2개, 탐구(1)",5/6,,,,,,,,,,,,,,,,,,,,,
경상권,경북,경산시,경일대,자연,건축토목공학과,건축토목공학과,유지,유지,면접,4.49,,일반,5.02,,,,,,,,,,,54.032,국수영탐(1) 중 3개,4/2,,,,,,,,,,,,,,,,,,,,,
경상권,대구,달서구,계명대,자연,교통공학과,교통공학과,유지,유지,일반,5.77,5.64,,,,,,,일반,5.77,5.64,,,,54,국수영탐(2),5/-,,,,,,,,,,,,,,,,,,,,,
전라권,광주,광산구,광주여대,자연,간호학과,간호학과,유지,유지,일반학생Ⅰ,5.8,5.49,일반학생Ⅱ,5.73,5.49,,,,,,,,,,54,국수영탐(1),3/4,,,,,,,,,,,,,,,,,,,,,
경상권,부산,남구,동명대,자연,실내건축학과,실내건축학과,유지,유지,면접,,,일반고교과,5.25,4.77,,,,창의인재,,,,,,54,국수영탐(1),4/-,,,,,,,,,,,,,,,,,,,,,
경상권,경북,영주시,동양대,자연,철도운전제어학과,철도운전제어학과,유지,유지,일반Ⅰ,5.3,3.8,,,,,,,,,,,,,54,"국수영 중 2개, 탐구(1)",4/3,,,,,,,,,,,,,,,,,,,,,
충청권,대전,서구,배재대,인문,심리상담학과,심리상담학과,유지,유지,교과,4.1,4.1,,,,,,,,,,,,,54,국수영탐(1) 중 2개,4/8,,,,,,,,,,,,,,,,,,,,,
경인권,경기,성남시,을지대,자연,안경광학과,안경광학과,유지,유지,지역균형,3.1,3.02,,,,,,,EU미래인재,3.49,3.52,EU자기추천,5.14,5.14,54,"국탐(2) 중 1개, 수영",3/6,,,,,,,,,,,,,,,,,,,,,
전라권,전남,무안군,국립목포대,자연,패션의류학과,패션의류학과,유지,유지,교과일반,6.29,5.98,,,,,,,종합일반,6.28,6.44,,,,53.9,"국탐(1) 중 1개, 수영",5/-,,,,,,,,,,,,,,,,,,,,,
경상권,경북,경산시,대구대,인문,문화콘텐츠학부,문화예술학부,유지,변경,일반,7.3,6.3,,,,,,,서류,7.03,6.52,,,,53.9,국수영탐(1),5/5,,,,,,,,,,,,,,,,,,,,,
경인권,경기,고양시,중부대,인문,국제통상학전공,국제통상학전공,유지,유지,학교생활우수자,3.4,3.4,학생부우수자,3,3,,,,,,,,,,53.9,"국수영 중 2개, 탐(1)한 중 1개",3/3,,,,,,,,,,,,,,,,,,,,,
경인권,경기,고양시,중부대,자연,인공지능전공,인공지능전공,유지,유지,학교생활우수자,4.4,3.8,학생부우수자,3.7,3,,,,,,,,,,53.9,"국수영 중 2개, 탐(1)한 중 1개",3/1,,,,,,,,,,,,,,,,,,,,,
경상권,대구,달서구,계명대,자연,도시계획학과,도시계획학과,유지,유지,일반,5.7,5.46,,,,,,,일반,5.7,5.46,,,,53.875,국수영탐(2),4/-,,,,,,,,,,,,,,,,,,,,,
경상권,부산,사하구,동아대,인문,아동학과,아동학과,유지,유지,교과성적우수자,3.75,3.67,,,,,,,잠재능력우수자,4.76,4.6,학교생활우수자,4.28,4.04,53.83,국수영탐(2),-/-,,,,,,,,,,,,,,,,,,,,,
강원권,강원,원주시,상지대,자연,동물자원학과,동물자원학과,유지,유지,교과일반,5.21,4.79,,,,,,,종합일반,4.77,4.77,,,,53.8,국수영탐(2) 중 2개,5/3,,,,,,,,,,,,,,,,,,,,,
경상권,대구,달서구,계명대,인문,러시아중앙아시아학과,러시아중앙아시아학과,유지,유지,일반,5.77,5.38,,,,,,,일반,5.77,5.38,,,,53.75,국수영탐(2),4/-,,,,,,,,,,,,,,,,,,,,,
경상권,대구,달서구,계명대,자연,생태조경학과,생태조경학과,유지,유지,일반,5.67,5.57,,,,,,,일반,5.67,5.57,,,,53.75,국수영탐(2),5/-,,,,,,,,,,,,,,,,,,,,,
경상권,대구,달서구,계명대,예체능,실버스포츠복지학과,실버스포츠복지학과,유지,유지,일반,5.37,5.24,,,,,,,일반,5.37,5.24,,,,53.75,국수영탐(2),4/-,,,,,,,,,,,,,,,,,,,,,
경상권,대구,달서구,계명대,인문,철학과,철학과,유지,유지,일반,6.06,5.76,,,,,,,일반,6.06,5.76,,,,53.75,국수영탐(2),5/-,,,,,,,,,,,,,,,,,,,,,
경상권,경남,진주시,경상국립대,자연,환경공학과,환경공학과,유지,유지,일반,4.78,4.67,,,,,,,일반,4.78,4.67,,,,53.71875,국수영탐(2),3/-,,,,,,,,,,,,,,,,,,,,,
경상권,경북,경산시,경일대,예체능,게임콘텐츠학과,게임콘텐츠학과,유지,유지,면접,4.22,,일반,3.89,,,,,,,,,,,53.699,국수영탐(1) 중 3개,4/2,,,,,,,,,,,,,,,,,,,,,
전라권,광주,남구,광주대,자연,AI소프트웨어학과,AI소프트웨어학과,유지,유지,일반학생,6.25,4.56,,,,,,,,,,,,,53.6953,국수영탐(1),5/3,,,,,,,,,,,,,,,,,,,,,
전라권,광주,남구,광주대,자연,기계자동차공학과,기계자동차공학부,유지,변경,일반학생,6.38,6.06,,,,,,,,,,,,,53.6953,국수영탐(1),5/3,,,,,,,,,,,,,,,,,,,,,
전라권,광주,남구,광주대,자연,전기공학과,전기공학과,유지,유지,일반학생,7.13,6.38,,,,,,,,,,,,,53.6953,국수영탐(1),5/3,,,,,,,,,,,,,,,,,,,,,
전라권,광주,남구,광주대,자연,컴퓨터공학과,컴퓨터공학과,유지,유지,일반학생,6.13,5,,,,,,,,,,,,,53.6953,국수영탐(1),5/3,,,,,,,,,,,,,,,,,,,,,
전라권,광주,남구,광주대,자연,토목공학과,토목공학과,유지,유지,일반학생,7.31,6.94,,,,,,,,,,,,,53.6953,국수영탐(1),5/3,,,,,,,,,,,,,,,,,,,,,
경인권,경기,양주시,경동대,예체능,디자인학과,디자인학과,유지,유지,일반학생,4.19,3.8,,,,,,,,,,,,,53.66667,국수영탐(1),5/2,,,,,,,,,,,,,,,,,,,,,
경상권,부산,사상구,동서대,자연,건축학과,건축학과,유지,유지,고교생활우수자,4.6,4.4,일반계교과,4.7,4.3,학생부면접,4.7,3.4,학생부종합,7.89,6.93,,,,53.66667,국수영탐(1),4/-,,,,,,,,,,,,,,,,,,,,,
전라권,전북,익산시,원광대,자연,그린바이오계열,농생명·바이오계열,유지,변경,일반,4.37,4.06,,,,,,,학생부종합,6.16,5.51,,,,53.66667,"국수 중 1개, 영탐(1)",5/5,,,,,,,,,,,,,,,,,,,,,
전라권,전북,익산시,원광대,자연,스마트농업계열,농생명·바이오계열,유지,변경,일반,4.37,4.06,,,,,,,학생부종합,6.16,5.51,,,,53.66667,"국수 중 1개, 영탐(1)",5/5,,,,,,,,,,,,,,,,,,,,,
전라권,전북,익산시,원광대,자연,푸드테크계열,농생명·바이오계열,유지,변경,일반,4.37,4.06,,,,,,,학생부종합,6.16,5.51,,,,53.66667,"국수 중 1개, 영탐(1)",5/5,,,,,,,,,,,,,,,,,,,,,
경인권,경기,고양시,중부대,자연,동물보건학과,반려동물보건학과,유지,변경,학생부우수자,3,2.9,,,,,,,,,,,,,53.55,"국수영 중 2개, 탐(1)한 중 1개",2/2,,,,,,,,,,,,,,,,,,,,,
제주권,제주,제주시,제주대,자연,패션의류학과,패션의류학과,유지,유지,일반학생,4.53,4.07,,,,,,,일반학생,5.43,5.19,,,,53.535,국수영탐(2),4/4,,,,,,,,,,,,,,,,,,,,,
충청권,대전,서구,배재대,자연,소프트웨어공학부(게임공학),소프트웨어공학부(게임공학),유지,유지,교과,5.6,5.2,일반고교과,5.5,5.1,,,,,,,,,,53.5,국수영탐(1) 중 2개,4/7,,,,,,,,,,,,,,,,,,,,,
충청권,충남,아산시,호서대,자연,제약공학과,제약공학과,유지,유지,학생부,4.26,4.01,,,,,,,호서인재,5.2,5.2,,,,53.41,"국수영 중 2개, 탐구(1)",3/1,,,,,,,,,,,,,,,,,,,,,
전라권,전북,군산시,국립군산대,인문,중어중문학과,중어중문학과,유지,유지,일반,5.3,5.26,,,,,,,일반학생,6.4,6.4,,,,53.4,국수영탐(2),4/2,,,,,,,,,,,,,,,,,,,,,
경상권,대구,달서구,계명대,자연,공중보건학과,공중보건학과,유지,유지,일반,5.49,5.17,,,,,,,일반,5.49,5.17,,,,53.375,국수영탐(2),5/-,,,,,,,,,,,,,,,,,,,,,
경상권,경남,진주시,경상국립대,인문,중어중문학과,중어중문학과,유지,유지,일반,4.78,4.61,,,,,,,일반,4.78,4.61,,,,53.34375,국수영탐(2),4/-,,,,,,,,,,,,,,,,,,,,,
경상권,부산,금정구,부산가톨릭대,자연,치기공학과,치기공학과,유지,유지,교과성적우수자,3.9,3.6,,,,,,,가톨릭지도자추천,5.68,5.68,고교학생부,5.55,5.07,53.33333,국수영탐(2),4/3,,,,,,,,,,,,,,,,,,,,,
경상권,경남,양산시,영산대,자연,물리치료학과,물리치료학과,,,교과,2.45,2,"면접(일반고,특성화고)",3.99,3.64,일반계고,2.98,2.8,,,,,,,53.33333,국수영탐(1),5/7,,,,,,,,,,,,,,,,,,,,,
경상권,부산,사하구,동아대,자연,건강관리학과,건강관리학과,유지,유지,교과성적우수자,4,3.83,,,,,,,잠재능력우수자,5.02,4.86,학교생활우수자,4.63,4.5,53.33,국수영탐(2),-/-,,,,,,,,,,,,,,,,,,,,,
경상권,경북,상주시,경북대,예체능,체육학부(체육학전공),체육학부(체육학전공),유지,유지,교과우수자,5.46,5.25,,,,,,,일반학생,6.28,5.97,,,,53.25,국영탐(2),2/3,,,,,,,,,,,,,,,,,,,,,
경상권,대구,달서구,계명대,자연,자동차공학과,자동차공학과,유지,유지,일반,6.01,5.87,,,,,,,일반,6.01,5.87,,,,53.25,국수영탐(2),5/-,,,,,,,,,,,,,,,,,,,,,
경상권,경남,진주시,경상국립대,자연,건설시스템공학과,건설시스템공학과,유지,유지,일반,5.11,4.96,,,,,,,일반,5.11,4.96,,,,53.1875,국수영탐(2),5/-,,,,,,,,,,,,,,,,,,,,,
경상권,대구,달서구,계명대,인문,문예창작학과,문예창작학과,유지,유지,일반,4.42,4.38,,,,,,,일반,4.42,4.38,,,,53.125,국수영탐(2),4/-,,,,,,,,,,,,,,,,,,,,,
전라권,전북,군산시,국립군산대,자연,벤처창업학과,벤처창업학과,유지,유지,일반,5.5,5.5,,,,,,,일반학생,5.35,5.35,,,,53,국수영탐(2),5/4,,,,,,,,,,,,,,,,,,,,,
전라권,전북,군산시,국립군산대,자연,해양수산공공인재학과,해양수산공공인재학과,유지,유지,일반,5.29,5.14,,,,,,,일반학생,6.47,6.06,,,,53,국수영탐(2),4/5,,,,,,,,,,,,,,,,,,,,,
전라권,전남,무안군,국립목포대,자연,식품•제약공학부,식품•제약공학부,유지,유지,교과일반,6.2,5.58,,,,,,,종합일반,7.08,6.43,,,,53,"국탐(1) 중 1개, 수영",5/-,,,,,,,,,,,,,,,,,,,,,
경상권,경북,경주시,동국대(WISE),예체능,뷰티아트산업학과,뷰티메디컬학과,유지,유지,교과,5.8,5,면접,5.3,5.2,,,,참사랑,,,,,,53,국수탐(1) 중 2개,4/2,,,,,,,,,,,,,,,,,,,,,
경상권,경북,경주시,동국대(WISE),인문,사회복지학과,사회복지학과,유지,유지,교과,4.7,4.5,면접,4.3,4.3,,,,참사랑,,,,,,53,국수탐(1) 중 2개,4/2,,,,,,,,,,,,,,,,,,,,,
경인권,경기,의정부시,신한대,인문,경영대학(자율전공),경영대학(자율전공),유지,유지,일반,2.8,3.7,학생부우수자,2.6,2.4,,,,신한국인,4.58,4.32,,,,53,"국수한 중 2개, 남은 중 1개",2/2,,,,,,,,,,,,,,,,,,,,,
충청권,충남,홍성군,청운대,예체능,공간디자인학과,공간디자인학과,유지,유지,일반,5.67,5.4,,,,,,,,,,,,,53,"국수영 중 2개, 탐구(1)",-/-,,,,,,,,,,,,,,,,,,,,,
충청권,충남,홍성군,청운대,자연,식품영양학과,식품영양학과,유지,유지,일반,5.73,5.2,,,,,,,,,,,,,53,"국수영 중 2개, 탐구(1)",-/-,,,,,,,,,,,,,,,,,,,,,
강원권,강원,원주시,한라대,인문,사회복지학과,사회복지학과,유지,유지,일반학생(교과중심),4.73,4.25,일반학생(면접중심),5.33,6.27,,,,운곡인재,4.7,,,,,53,국수영탐(1) 중 2개,5/4,,,,,,,,,,,,,,,,,,,,,
경상권,대구,달서구,계명대,자연,신소재공학과,신소재공학과,유지,유지,일반,5.33,5.06,,,,,,,일반,5.33,5.06,,,,52.875,국수영탐(2),5/-,,,,,,,,,,,,,,,,,,,,,
경상권,대구,달서구,계명대,자연,통계학과,통계학과,유지,유지,일반,5.87,5.16,,,,,,,일반,5.87,5.16,,,,52.875,국수영탐(2),5/-,,,,,,,,,,,,,,,,,,,,,
경상권,대구,달서구,계명대,자연,화학공학과,화학공학과,유지,유지,면접,5.23,5.05,일반,5.36,5.1,,,,일반,5.36,5.1,,,,52.875,국수영탐(2),4/-,,,,,,,,,,,,,,,,,,,,,
충청권,충북,청주시,서원대,인문,유아교육과,유아교육과,유지,유지,일반,4.5,3.7,,,,,,,,,,,,,52.8,"국수탐(1) 중 2개, 영어",4/4,,,,,,,,,,,,,,,,,,,,,
경상권,경남,창원시,경남대,인문,심리학과,심리학과,유지,유지,일반면접,6.1,5,일반,4.5,4.2,,,,일반,4.5,4.2,,,,52.75,국수영탐(1),4/2,,,,,,,,,,,,,,,,,,,,,
경상권,경남,창원시,경남대,자연,인공지능학과,인공지능학과,유지,유지,일반,5.7,4.8,,,,,,,일반,2.9,2.4,,,,52.75,국수영탐(1),4/2,,,,,,,,,,,,,,,,,,,,,
경상권,경북,상주시,경북대,예체능,체육학부(건강운동관리전공),체육학부(건강운동관리전공),유지,유지,교과우수자,5.1,4.61,,,,,,,일반학생,5.75,5.71,,,,52.75,국영탐(2),2/3,,,,,,,,,,,,,,,,,,,,,
경상권,경북,경산시,대구대,자연,동물자원학과,동물자원학과,유지,유지,일반,6.9,5.7,,,,,,,서류,7.06,6.8,,,,52.7,국수영탐(1),5/5,,,,,,,,,,,,,,,,,,,,,
경상권,경북,경산시,대구대,자연,반려동물산업학과,반려동물산업학과,유지,유지,일반,6.3,5.1,,,,,,,서류,5.54,5.54,,,,52.7,국수영탐(1),5/5,,,,,,,,,,,,,,,,,,,,,
경상권,경북,경산시,대구대,자연,보건의료학과,보건의료정보학과,유지,변경,일반,6.8,5.7,,,,,,,서류,6.71,5.79,,,,52.7,국수영탐(1),5/5,,,,,,,,,,,,,,,,,,,,,
경상권,경북,경산시,대구대,자연,스마트원예학과,스마트원예학과,유지,유지,일반,7,5.8,,,,,,,서류,6.21,5.7,,,,52.7,국수영탐(1),5/5,,,,,,,,,,,,,,,,,,,,,
경상권,경북,경산시,대구대,자연,식품가공학과,식품가공외식학과,유지,변경,일반,6.5,5.2,,,,,,,서류,6.29,6.29,,,,52.7,국수영탐(1),5/5,,,,,,,,,,,,,,,,,,,,,
경상권,경북,경산시,대구대,자연,응급구조학과,응급구조학과,유지,유지,일반,5,4.3,,,,,,,서류,5.35,5.35,,,,52.7,국수영탐(1),5/5,,,,,,,,,,,,,,,,,,,,,
서울,서울,송파구,한국체대,예체능,사회체육학과,사회체육학과,유지,유지,교과성적우수자,2.99,2.97,,,,,,,,,,,,,52.7,"국수영 중 2개, 탐(1)",5/4,,,,,,,,,,,,,,,,,,,,,
전라권,전북,익산시,원광대,인문,군사학과(남),군사학과,유지,유지,군사학과,5.57,4.78,,,,,,,,,,,,,52.699,국수영탐(1) 중 3개,4/3,,,,,,,,,,,,,,,,,,,,,
전라권,전북,익산시,원광대,인문,군사학과(여),군사학과,유지,유지,군사학과,5.57,4.78,,,,,,,,,,,,,52.699,국수영탐(1) 중 3개,4/3,,,,,,,,,,,,,,,,,,,,,
강원권,강원,원주시,경동대,자연,응급구조학과,응급구조학과,유지,유지,일반학생,4.36,4.19,,,,,,,,,,,,,52.66667,국수영탐(1),4/2,,,,,,,,,,,,,,,,,,,,,
충청권,충남,홍성군,청운대,인문,사회복지학과,사회복지학과,유지,유지,일반,5.93,5.8,,,,,,,,,,,,,52.6,"국수영 중 2개, 탐구(1)",-/-,,,,,,,,,,,,,,,,,,,,,
경상권,부산,영도구,국립한국해양대,예체능,해양스포츠과학과,해양스포츠과학과,유지,유지,교과성적우수자,3.1,3.75,,,,,,,,,,,,,52.5,국영탐(2),3/6,,,,,,,,,,,,,,,,,,,,,
경상권,경북,경주시,동국대(WISE),인문,중어중문학과,중어중문학과,유지,유지,교과,4.1,3.8,면접,5.3,4.4,,,,참사랑,,,,,,52.5,국수탐(1) 중 2개,4/2,,,,,,,,,,,,,,,,,,,,,
충청권,충남,서산시,한서대,인문,사회복지학과,사회복지학과,유지,유지,학생부교과1,5.75,5.37,한서인재,,,,,,융합인재,,,,,,52.4,"국수영 중 2개, 탐구(1)",-/-,,,,,,,,,,,,,,,,,,,,,
경상권,경북,경산시,경일대,자연,소방방재학부,소방방재학부,유지,유지,면접,4.95,,일반,4.5,,,,,학생부종합,4.06,,,,,52.367,국수영탐(1) 중 3개,4/2,,,,,,,,,,,,,,,,,,,,,
경상권,대구,달서구,계명대,자연,로봇공학과,로봇공학과,유지,유지,일반,5.89,5.66,,,,,,,일반,5.89,5.66,,,,52.25,국수영탐(2),6/-,,,,,,,,,,,,,,,,,,,,,
경상권,경북,영주시,동양대,자연,철도건설안전공학과,철도건설안전공학과,유지,유지,일반Ⅰ,5.7,5.7,,,,,,,,,,,,,52.25,"국수영 중 2개, 탐구(1)",4/3,,,,,,,,,,,,,,,,,,,,,
전라권,전남,목포시,국립목포해양대,자연,해양건설공학과,해양건설공학과,유지,유지,누구나,5.61,5.65,학생부성적우수자,7.37,6.72,,,,,,,,,,52.2,국수영탐(2),3/6,,,,,,,,,,,,,,,,,,,,,
경상권,부산,부산진구,동의대,인문,국제관광경영학과,국제관광경영학과,유지,유지,일반고교과,5.25,5,,,,,,,학교생활우수자(면접),6,6,,,,52.16667,국수영탐(2),5/2,,,,,,,,,,,,,,,,,,,,,
경상권,부산,금정구,부산가톨릭대,공통,자율전공학부,자율전공학부,유지,유지,교과성적우수자,3.8,3.5,,,,,,,,,,,,,52.16667,국수영탐(2),3/5,,,,,,,,,,,,,,,,,,,,,
충청권,충남,금산군,중부대,자연,간호학과,간호학과,유지,유지,학교생활우수자,3.8,3.8,학생부우수자,3.7,3.5,,,,,,,,,,52.15,"국수영 중 2개, 탐(1)한 중 1개",3/2,,,,,,,,,,,,,,,,,,,,,
경상권,부산,사상구,동서대,예체능,패션디자인학과,패션디자인학과,유지,유지,고교생활우수자,4.4,4.3,일반계교과,4.7,4.2,학생부면접,4.4,4.4,학생부종합,6.22,5.49,,,,52,국수영탐(1),4/-,,,,,,,,,,,,,,,,,,,,,
강원권,강원,원주시,상지대,자연,스마트팜생명과학과,스마트팜생명과학과,유지,유지,교과일반,5.35,4.79,,,,,,,,,,,,,52,국수영탐(2) 중 2개,5/5,,,,,,,,,,,,,,,,,,,,,
경인권,경기,화성시,화성의과학대,예체능,라이프스타일테크학과,미래디자인학부,유지,유지,일반,4.28,4.28,,,,,,,,,,,,,52,"국수영 중 2개, 탐(1)",4/5,,,,,,,,,,,,,,,,,,,,,
경인권,경기,화성시,화성의과학대,인문,서비스디자인학과,미래디자인학부,유지,유지,일반,4.28,4.28,,,,,,,,,,,,,52,"국수영 중 2개, 탐(1)",4/5,,,,,,,,,,,,,,,,,,,,,
경인권,경기,화성시,화성의과학대,인문,의료경영학과,의료경영학과,유지,유지,일반,5.17,5.17,,,,,,,,,,,,,52,"국수영 중 2개, 탐(1)",4/4,,,,,,,,,,,,,,,,,,,,,
경상권,대구,달서구,계명대,인문,행정학과,행정학과,유지,유지,면접,5.24,4.72,일반,4.72,4.59,,,,일반,4.72,4.59,,,,51.875,국수영탐(2),4/-,,,,,,,,,,,,,,,,,,,,,
강원권,강원,강릉시,가톨릭관동대,인문,사회복지학전공,사회복지학전공,유지,유지,일반,5.4,5.25,,,,,,,일반,6.55,5.33,,,,51.85,"국수탐(2) 중 2개, 영",6/-,,,,,,,,,,,,,,,,,,,,,
경상권,부산,남구,경성대,인문,외식서비스경영학전공,외식서비스경영학전공,유지,유지,일반계고교과,3.8,3.8,일반계고면접,5,5,,,,학교생활우수자,6.39,6.13,,,,51.83333,국수영탐(2),5/-,,,,,,,,,,,,,,,,,,,,,
경상권,부산,부산진구,동의대,인문,행정학과,행정학과,유지,유지,일반고교과,4.58,4.16,,,,,,,학교생활우수자(면접),6.16,6.16,,,,51.83333,국수영탐(2),3/3,,,,,,,,,,,,,,,,,,,,,
전라권,광주,남구,광주대,자연,건축공학과,건축학부,유지,변경,일반학생,6.06,5.69,,,,,,,,,,,,,51.81639,국수영탐(1),5/3,,,,,,,,,,,,,,,,,,,,,
전라권,광주,남구,광주대,자연,건축학과,건축학부,유지,유지,일반학생,6.06,5.69,,,,,,,,,,,,,51.81639,국수영탐(1),5/3,,,,,,,,,,,,,,,,,,,,,
경상권,부산,남구,경성대,인문,경찰행정학과,경찰행정학과,유지,유지,일반계고교과,3.5,3.3,일반계고면접,4,4,,,,학교생활우수자,5.29,5.21,,,,51.66667,국수영탐(2),4/-,,,,,,,,,,,,,,,,,,,,,
전라권,전북,군산시,국립군산대,인문,아동학부,아동학부,유지,변경,일반,5.88,5.29,,,,,,,일반학생,6.5,6.17,,,,51.6,국수영탐(2),4/3,,,,,,,,,,,,,,,,,,,,,
강원권,강원,원주시,상지대,자연,건설환경공학과,건설환경공학과,유지,유지,교과일반,5.85,5.55,,,,,,,,,,,,,51.6,국수영탐(2) 중 2개,5/5,,,,,,,,,,,,,,,,,,,,,
충청권,충북,청주시,서원대,자연,제약공학과,제약공학과,유지,유지,인문계고,6.1,5.4,일반,5.8,5,,,,,,,,,,51.6,"국수탐(1) 중 2개, 영어",4/4,,,,,,,,,,,,,,,,,,,,,
경상권,부산,남구,경성대,자연,환경공학과,환경공학과,유지,유지,일반계고교과,5.1,4.5,일반계고면접,5,4.5,,,,학교생활우수자,6.4,5.94,,,,51.5,국수영탐(2),4/-,,,,,,,,,,,,,,,,,,,,,
경상권,부산,사상구,동서대,자연,치위생학과,치위생학과,유지,유지,고교생활우수자,3.9,3.4,일반계교과,3.2,3.2,학생부면접,4.3,3.8,학생부종합,5.89,5.51,,,,51.5,국수영탐(1),5/-,,,,,,,,,,,,,,,,,,,,,
경상권,경남,김해시,인제대,자연,공학계열,반도체·전자공학부,유지,변경,면접,5.44,5.44,학생부교과,5.5,5.21,,,,,,,,,,51.5,국수영탐(2),5/5,,,,,,,,,,,,,,,,,,,,,
경상권,경남,김해시,인제대,인문,사회과학계열,법학과,유지,변경,학생부교과,5.58,5.12,,,,,,,,,,,,,51.5,국수영탐(2),4/3,,,,,,,,,,,,,,,,,,,,,
경상권,경남,김해시,인제대,공통,자유전공학부,자유전공학부,유지,유지,면접,6.11,5.74,학생부교과,5.11,4.89,,,,,,,,,,51.5,국수영탐(2),5/5,,,,,,,,,,,,,,,,,,,,,
강원권,강원,원주시,한라대,인문,경영학과,경영학과,유지,유지,일반학생(교과중심),4.35,4.2,,,,,,,운곡인재,4.23,,,,,51.5,국수영탐(1) 중 2개,4/6,,,,,,,,,,,,,,,,,,,,,
경상권,대구,달서구,계명대,인문,독일유럽학과,독일유럽학과,유지,유지,일반,5.9,5.54,,,,,,,일반,5.9,5.54,,,,51.375,국수영탐(2),5/-,,,,,,,,,,,,,,,,,,,,,
충청권,대전,동구,대전대,인문,군사학과(남),군사학과(남),유지,유지,군사학과,5.5,4.97,,,,,,,,,,,,,51.342,국수영탐(1) 중 3개,5/5,,,,,,,,,,,,,,,,,,,,,
경상권,경남,양산시,영산대,자연,간호학과,간호학과,,,"면접(일반고,특성화고)",3.79,3.57,일반계고,3.28,3.13,,,,,,,,,,51.33333,국수영탐(1),4/2,,,,,,,,,,,,,,,,,,,,,
경상권,대구,달서구,계명대,자연,전자공학과,전자공학과,유지,유지,일반,5.23,5.05,,,,,,,일반,5.23,5.05,,,,51.25,국수영탐(2),5/-,,,,,,,,,,,,,,,,,,,,,
경상권,대구,달서구,계명대,자연,디지펜게임공학과,디지펜게임공학과,유지,유지,면접,5.24,5.24,일반,4.22,4.08,,,,일반,4.22,4.08,,,,51.125,국수영탐(2),5/-,,,,,,,,,,,,,,,,,,,,,
경상권,경북,경산시,대구대,인문,경영학부,경영학부,유지,유지,일반,7.2,5.7,,,,,,,서류,7.28,6.66,,,,51.1,국수영탐(1),5/5,,,,,,,,,,,,,,,,,,,,,
경상권,경북,경산시,대구대,인문,경제금융통상학과,경제금융통상학과,유지,유지,일반,7.4,5.8,,,,,,,서류,7.45,6.77,,,,51.1,국수영탐(1),5/5,,,,,,,,,,,,,,,,,,,,,
경상권,경북,경산시,대구대,인문,일본어일본학과,일본어일본학과,유지,유지,일반,6.8,5.6,,,,,,,서류,6.05,6.05,,,,51.1,국수영탐(1),5/5,,,,,,,,,,,,,,,,,,,,,
경상권,경북,경산시,대구대,인문,호텔관광경영학부,호텔관광경영학부,유지,유지,일반,7.2,5.9,,,,,,,서류,7.13,6.08,,,,51.1,국수영탐(1),5/5,,,,,,,,,,,,,,,,,,,,,
경상권,경남,창원시,국립창원대,인문,일어일문학과,일어일문학과,유지,유지,학업성적우수자,3.18,1.92,,,,,,,계열적합인재,4.8,4.75,,,,51.05,국수영탐(1),4/-,,,,,,,,,,,,,,,,,,,,,
경상권,경남,창원시,경남대,자연,식품영양학과,식품영양학과,유지,유지,일반면접,6.5,6.5,일반,5.1,3.9,,,,일반,2.9,2.4,,,,51,국수영탐(1),4/2,,,,,,,,,,,,,,,,,,,,,
경상권,부산,남구,경성대,자연,전자공학과,전자공학과,유지,유지,일반계고교과,4.4,4.2,일반계고면접,4.6,4.6,,,,학교생활우수자,5.83,5.4,,,,51,국수영탐(2),4/-,,,,,,,,,,,,,,,,,,,,,
충청권,세종,세종,고려대(세종),예체능,국제스포츠학부,국제스포츠학부,유지,유지,일반,3.94,3.83,,,,,,,크림슨인재,3.6,3.52,,,,51,국수영탐(2),4/-,,,,,,,,,,,,,,,,,,,,,
경인권,경기,포천시,대진대,자연,IT기계공학과,IT기계공학과,유지,유지,학교장추천,3.42,3.23,학생부우수자,3.84,3.69,,,,윈윈대진,5.44,5.39,,,,51,"국수영 중 1개, 남은+탐(1)한 중 1개",2/2,,,,,,,,,,,,,,,,,,,,,
경인권,경기,포천시,대진대,인문,경영학과,경영학과,유지,유지,학교장추천,3.09,2.75,학생부우수자,3.23,3,,,,윈윈대진,4.76,4.56,,,,51,"국수영 중 1개, 남은+탐(1)한 중 1개",2/3,,,,,,,,,,,,,,,,,,,,,
경인권,경기,포천시,대진대,자연,공학자율학부,공학자율학부,유지,유지,학교장추천,4.45,4.07,학생부우수자,4.48,4.28,,,,윈윈대진,5.98,5.83,,,,51,"국수영 중 1개, 남은+탐(1)한 중 1개",2/2,,,,,,,,,,,,,,,,,,,,,
경인권,경기,포천시,대진대,인문,국제학부(중국학전공),국제학부(중국학전공),유지,유지,학교장추천,4.8,4.1,학생부우수자,4.09,3.77,,,,윈윈대진,6.25,5.51,,,,51,"국수영 중 1개, 남은+탐(1)한 중 1개",2/4,,,,,,,,,,,,,,,,,,,,,
경상권,경북,경주시,동국대(WISE),인문,항공서비스무역학과,항공서비스무역학과,유지,유지,교과,5.4,4.4,면접,4.6,3.8,,,,참사랑,,,,,,51,국수탐(1) 중 2개,4/2,,,,,,,,,,,,,,,,,,,,,
충청권,대전,서구,배재대,예체능,디자인학부(커뮤니케이션디자인),디자인학부(커뮤니케이션디자인),유지,유지,교과,4.6,4.3,,,,,,,,,,,,,51,국수영탐(1) 중 2개,5/5,,,,,,,,,,,,,,,,,,,,,
전라권,전북,익산시,원광대,자연,가정교육과,가정교육과,유지,유지,일반,3.8,3.42,,,,,,,학생부종합,6.07,5.65,,,,51,"국수 중 1개, 영탐(1)",4/5,,,,,,,,,,,,,,,,,,,,,
전라권,전북,익산시,원광대,인문,중등특수교육과,중등특수교육과,유지,유지,일반,5.21,5.08,,,,,,,학생부종합,5.48,5.45,,,,51,"국수 중 1개, 영탐(1)",5/3,,,,,,,,,,,,,,,,,,,,,
제주권,제주,제주시,제주대,인문,행정학과[야],행정학과[야],유지,유지,일반학생,2.53,2.13,,,,,,,일반학생,,,,,,51,국수영탐(2),5/4,,,,,,,,,,,,,,,,,,,,,
전라권,광주,남구,광주대,인문,경영학과,경영학과,유지,유지,일반학생,6.81,4.13,,,,,,,,,,,,,50.89536,국수영탐(1),5/3,,,,,,,,,,,,,,,,,,,,,
전라권,광주,남구,광주대,인문,경찰행정학과,경찰행정학과,유지,유지,일반학생,5.75,5.5,,,,,,,,,,,,,50.89536,국수영탐(1),5/3,,,,,,,,,,,,,,,,,,,,,
전라권,광주,남구,광주대,인문,도시·부동산학과,도시·부동산학과,유지,유지,일반학생,5.88,5.5,,,,,,,,,,,,,50.89536,국수영탐(1),5/3,,,,,,,,,,,,,,,,,,,,,
전라권,광주,남구,광주대,인문,무역유통학과,무역유통학과,유지,유지,일반학생,5.75,5.75,,,,,,,,,,,,,50.89536,국수영탐(1),5/3,,,,,,,,,,,,,,,,,,,,,
전라권,광주,남구,광주대,인문,문헌정보학과,문헌정보학과,유지,유지,일반학생,6.06,5.44,,,,,,,,,,,,,50.89536,국수영탐(1),5/3,,,,,,,,,,,,,,,,,,,,,
전라권,광주,남구,광주대,인문,사이버보안경찰학과,사이버보안경찰학과,유지,폐지,일반학생,7.13,6.88,,,,,,,,,,,,,50.89536,국수영탐(1),5/3,,,,,,,,,,,,,,,,,,,,,
전라권,광주,남구,광주대,인문,소방행정학과,소방행정학과,유지,유지,일반학생,6.44,5.81,,,,,,,,,,,,,50.89536,국수영탐(1),5/3,,,,,,,,,,,,,,,,,,,,,
전라권,광주,남구,광주대,인문,심리학과,심리학과,유지,유지,일반학생,5.75,5.31,,,,,,,,,,,,,50.89536,국수영탐(1),5/3,,,,,,,,,,,,,,,,,,,,,
전라권,광주,남구,광주대,인문,아동학과,아동학과,유지,폐지,일반학생,7.63,7.63,,,,,,,,,,,,,50.89536,국수영탐(1),5/3,,,,,,,,,,,,,,,,,,,,,
전라권,광주,남구,광주대,인문,청소년상담·평생교육학과,청소년상담·평생교육학과,유지,유지,일반학생,5.69,5.44,,,,,,,,,,,,,50.89536,국수영탐(1),5/3,,,,,,,,,,,,,,,,,,,,,
전라권,광주,남구,광주대,인문,회계세무학과,회계세무학과,유지,유지,일반학생,5.5,5.44,,,,,,,,,,,,,50.89536,국수영탐(1),5/3,,,,,,,,,,,,,,,,,,,,,
전라권,광주,남구,광주대,인문,유아교육과,유아교육과,유지,유지,일반학생,6.38,5.88,,,,,,,,,,,,,50.85852,국수영탐(1),5/3,,,,,,,,,,,,,,,,,,,,,
경상권,대구,달서구,계명대,인문,사회복지학과,사회복지학과,유지,유지,면접,5.29,5,일반,4.85,4.8,,,,일반,4.85,4.8,,,,50.75,국수영탐(2),5/-,,,,,,,,,,,,,,,,,,,,,
경상권,경북,경산시,경일대,예체능,스포츠복지학과,노인체육복지학과,유지,변경,면접,4.83,,,,,,,,학생부종합,5.67,,,,,50.702,국수영탐(1) 중 3개,4/2,,,,,,,,,,,,,,,,,,,,,
경상권,경남,진주시,경상국립대,자연,스마트에너지기계공학과,스마트에너지기계공학과,유지,유지,일반,7.1,6.39,,,,,,,,,,,,,50.6875,국수영탐(2),4/-,,,,,,,,,,,,,,,,,,,,,
경인권,경기,양주시,경동대,자연,건축디자인학과,건축디자인학과,유지,유지,일반학생,5.38,5.16,,,,,,,,,,,,,50.66667,국수영탐(1),4/1,,,,,,,,,,,,,,,,,,,,,
강원권,강원,원주시,경동대,자연,임상병리학과,임상병리학과,유지,유지,일반학생,4.45,4.26,,,,,,,,,,,,,50.66667,국수영탐(1),2/4,,,,,,,,,,,,,,,,,,,,,
경상권,경남,진주시,경상국립대,예체능,스포츠헬스케어학과,휴먼헬스케어학과,유지,변경,일반,5.5,5.09,,,,,,,,,,,,,50.64286,국영탐(2),4/-,,,,,,,,,,,,,,,,,,,,,
충청권,충남,천안시,나사렛대,자연,IT인공지능학부,IT인공지능학부,,,일반학생,6.575,5.81,,,,,,,창의융합인재,,,,,,50.6,"국수영 중 2개, 탐구(1)",5/-,,,,,,,,,,,,,,,,,,,,,
충청권,충남,천안시,나사렛대,인문,경영학과,경영학과,,,일반학생,5.931,5.525,,,,,,,,,,,,,50.6,"국수영 중 2개, 탐구(1)",5/-,,,,,,,,,,,,,,,,,,,,,
충청권,충남,천안시,나사렛대,인문,경찰행정학부(경찰행정학전공/공공행정학전공),경찰행정학부(경찰행정학전공/공공행정학전공),,,일반학생,5.044,4.863,,,,,,,창의융합인재,5.725,5.679,,,,50.6,"국수영 중 2개, 탐구(1)",5/-,,,,,,,,,,,,,,,,,,,,,
충청권,충남,천안시,나사렛대,,글로벌비즈니스학과,글로벌비즈니스학과,,폐지,,,,,,,,,,창의융합인재,,,,,,50.6,"국수영 중 2개, 탐구(1)",5/-,,,,,,,,,,,,,,,,,,,,,
충청권,충남,천안시,나사렛대,인문,금융부동산학과,금융부동산학과,,,일반학생,6.163,6.033,,,,,,,창의융합인재,,,,,,50.6,"국수영 중 2개, 탐구(1)",5/-,,,,,,,,,,,,,,,,,,,,,
충청권,충남,천안시,나사렛대,인문,기독교학부,기독교학부,,,일반학생,6.95,5.946,,,,,,,창의융합인재,6.502,6.502,,,,50.6,"국수영 중 2개, 탐구(1)",5/-,,,,,,,,,,,,,,,,,,,,,
충청권,충남,천안시,나사렛대,자연,방송시각영상디자인학부(방송미디어트랙/시각영상디자인트랙),방송시각영상디자인학부(방송미디어트랙/시각영상디자인트랙),,,일반학생,5.281,5.005,,,,,,,창의융합인재,5.646,5.539,,,,50.6,"국수영 중 2개, 탐구(1)",5/-,,,,,,,,,,,,,,,,,,,,,
충청권,충남,천안시,나사렛대,인문,사회복지학부,사회복지학부,,,일반학생,5.458,5.173,,,,,,,창의융합인재,5.846,5.637,,,,50.6,"국수영 중 2개, 탐구(1)",5/-,,,,,,,,,,,,,,,,,,,,,
충청권,충남,천안시,나사렛대,인문,상담심리학과,상담심리학과,,,일반학생,4.92,4.683,,,,,,,창의융합인재,5.491,5.107,,,,50.6,"국수영 중 2개, 탐구(1)",5/-,,,,,,,,,,,,,,,,,,,,,
충청권,충남,천안시,나사렛대,인문,아동심리교육학과,아동심리교육학과,,,일반학생,5.595,5.29,,,,,,,창의융합인재,5.633,5.633,,,,50.6,"국수영 중 2개, 탐구(1)",5/-,,,,,,,,,,,,,,,,,,,,,
충청권,충남,천안시,나사렛대,인문,언어치료학과,언어치료학과,,,일반학생,4.742,4.42,,,,,,,창의융합인재,4.95,4.607,,,,50.6,"국수영 중 2개, 탐구(1)",5/-,,,,,,,,,,,,,,,,,,,,,
충청권,충남,천안시,나사렛대,자연,재활의료공학과,재활의료공학과,,,일반학생,5.526,5.311,,,,,,,,,,,,,50.6,"국수영 중 2개, 탐구(1)",5/-,,,,,,,,,,,,,,,,,,,,,
충청권,충남,천안시,나사렛대,인문,항공호텔관광경영학과,항공호텔관광경영학과,,,일반학생,6.276,6,,,,,,,,,,,,,50.6,"국수영 중 2개, 탐구(1)",5/-,,,,,,,,,,,,,,,,,,,,,
충청권,충남,천안시,나사렛대,인문,휴먼재활학부(인간재활학전공/수어통역교육전공),휴먼재활학부(인간재활학전공/수어통역교육전공),,,일반학생,6.467,5.992,,,,,,,창의융합인재,5.937,5.937,,,,50.6,"국수영 중 2개, 탐구(1)",5/-,,,,,,,,,,,,,,,,,,,,,
제주권,제주,제주시,제주대,자연,화공그린에너지학과,화공그린에너지학과,유지,유지,일반학생,5.37,5.19,,,,,,,일반학생,5.37,5.19,,,,50.59,국수영탐(2),5/5,,,,,,,,,,,,,,,,,,,,,
전라권,전남,나주시,동신대,자연,방사선학과,방사선학과,유지,유지,면접,6,5.61,일반,6.05,5.35,,,,,,,,,,50.5532,국수영탐(1)한,4/2,,,,,,,,,,,,,,,,,,,,,
경상권,부산,남구,경성대,자연,도시계획학과,도시계획학과,유지,유지,일반계고교과,5.2,4.9,일반계고면접,5.1,5.1,,,,학교생활우수자,6.31,5.06,,,,50.5,국수영탐(2),3/-,,,,,,,,,,,,,,,,,,,,,
경상권,부산,남구,경성대,인문,문헌정보학과,문헌정보학과,유지,유지,일반계고교과,3.4,3.2,일반계고면접,4.1,3.8,,,,학교생활우수자,5.75,4.94,,,,50.5,국수영탐(2),3/-,,,,,,,,,,,,,,,,,,,,,
경상권,대구,달서구,계명대,공통,자율전공부,자율전공부,유지,유지,면접,4.58,4.5,일반,3.93,3.82,,,,일반,3.93,3.82,,,,50.5,국수영탐(2),5/-,,,,,,,,,,,,,,,,,,,,,
경상권,경남,진주시,경상국립대,자연,지질과학과,지질과학과,유지,유지,일반,4.84,4.71,,,,,,,일반,4.84,4.71,,,,50.40625,국수영탐(2),4/-,,,,,,,,,,,,,,,,,,,,,
경상권,경북,경산시,대구한의대,자연,반려동물보건학과,반려동물보건학과,유지,유지,면접,2.9,2.69,일반,4.75,4.19,,,,일반,5.3,5.2,,,,50.4,국수영탐(1),6/6,,,,,,,,,,,,,,,,,,,,,
충청권,충남,천안시,백석대,예체능,스포츠과학부,스포츠과학부,유지,유지,,,,,,,,,,창의인재,3.37,3.37,,,,50.4,"국수영 중 2개, 탐구(1)",5/-,,,,,,,,,,,,,,,,,,,,,
경상권,경남,진주시,경상국립대,인문,해양수산경영학과,해양수산경영학과,유지,유지,일반,6.16,5.83,,,,,,,일반,6.16,5.83,,,,50.34375,국수영탐(2),5/-,,,,,,,,,,,,,,,,,,,,,
경인권,경기,양주시,경동대,인문,사회복지학과,사회복지학과,유지,유지,일반학생,4.37,4.21,,,,,,,,,,,,,50.33333,국수영탐(1),4/2,,,,,,,,,,,,,,,,,,,,,
경상권,부산,사상구,동서대,자연,식품영양학과,식품영양학과,유지,유지,고교생활우수자,4.2,4.2,일반계교과,4.6,4.3,학생부면접,4.4,4.1,학생부종합,6.54,6.54,,,,50.33333,국수영탐(1),5/-,,,,,,,,,,,,,,,,,,,,,
경상권,경남,김해시,인제대,인문,사회과학계열,보건행정학과,유지,변경,면접,3.08,3.08,학생부교과,4.22,3.82,,,,,,,,,,50.33333,국수영탐(2),4/1,,,,,,,,,,,,,,,,,,,,,
경상권,경남,창원시,경남대,자연,기계공학부,기계공학부,유지,유지,일반면접,,,일반,4.6,4,,,,일반,,,,,,50.25,국수영탐(1),4/2,,,,,,,,,,,,,,,,,,,,,
전라권,전남,여수시,전남대,인문,국제학부(영어학전공),국제학부(영어학전공),유지,유지,일반,5.53,4.87,,,,,,,고교생활우수자Ⅱ,,5.58,,,,50.05,국수탐(2),4/4,,,,,,,,,,,,,,,,,,,,,
경상권,부산,남구,경성대,자연,물리치료학과,물리치료학과,유지,유지,일반계고교과,2.6,2.4,일반계고면접,3.1,3,,,,학교생활우수자,4.39,4.13,,,,50,국수영탐(2),4/-,,,,,,,,,,,,,,,,,,,,,
경상권,대구,달서구,계명대,인문,국제통상학과,국제통상학과,유지,유지,면접,6.08,5.99,일반,5.86,5.67,,,,일반,5.86,5.67,,,,50,국수영탐(2),6/-,,,,,,,,,,,,,,,,,,,,,
충청권,충남,천안시,나사렛대,인문,유아특수교육과,유아특수교육과,,,일반학생,4.663,4.256,,,,,,,창의융합인재,5.713,5.538,,,,50,"국수영 중 2개, 탐구(1)",4/-,,,,,,,,,,,,,,,,,,,,,
충청권,충북,제천시,세명대,인문,동물보건학과,동물보건학과,유지,유지,면접우수자,5.8,,일반,5,,,,,SMU의료인재,,,,,,50,국수탐탐 중 2개,4/4,,,,,,,,,,,,,,,,,,,,,
전라권,전북,익산시,원광대,자연,공학1계열,도시공학과,유지,변경,일반,5.54,5.48,,,,,,,학생부종합,6.38,5.88,,,,50,"국수 중 1개, 영탐(1)",4/7,,,,,,,,,,,,,,,,,,,,,
강원권,강원,원주시,한라대,예체능,영상제작학과,영상제작학과,유지,유지,일반학생(교과중심),5.15,4.78,,,,,,,운곡인재,5.13,,,,,50,국수영탐(1) 중 2개,5/7,,,,,,,,,,,,,,,,,,,,,
경상권,부산,남구,경성대,자연,간호학과,간호학과,유지,유지,일반계고교과,2.7,2.6,,,,,,,학교생활우수자,4,3.97,,,,49.83333,국수영탐(2),3/-,,,,,,,,,,,,,,,,,,,,,
경상권,부산,남구,경성대,자연,신소재에너지공학과,신소재공학과,유지,변경,일반계고교과,5,4.9,일반계고면접,5.1,4.9,,,,학교생활우수자,6.42,6.32,,,,49.83333,국수영탐(2),4/-,,,,,,,,,,,,,,,,,,,,,
경상권,부산,부산진구,동의대,자연,전자공학과,전자공학과,유지,유지,일반고교과,4.75,4.16,,,,,,,학교생활우수자(면접),4.93,4.88,,,,49.83333,국수영탐(2),5/2,,,,,,,,,,,,,,,,,,,,,
충청권,충남,당진시,세한대,자연,항공운항학과,항공운항학과,유지,유지,일반학생,5.3,4.1,,,,,,,,,,,,,49.66667,국수영탐(1),5/-,,,,,,,,,,,,,,,,,,,,,
경상권,경남,김해시,인제대,자연,의생명보건계열,보건안전공학과,유지,변경,면접,5.29,4.19,학생부교과,4.43,4.03,,,,,,,,,,49.66667,국수영탐(2),3/5,,,,,,,,,,,,,,,,,,,,,
충청권,충남,금산군,중부대,예체능,스포츠건강관리학전공,스포츠건강관리학전공,유지,유지,학생부우수자,3.1,3.1,,,,,,,,,,,,,49.55,"국수영 중 2개, 탐(1)한 중 1개",5/-,,,,,,,,,,,,,,,,,,,,,
충청권,충북,청주시,청주대,인문,국어교육과,국어교육과,변경,유지,교과우수,4.63,4.63,담임추천,4.63,4.63,일반,4,3,,,,,,,49.5255,국수영탐(2) 중 3개,4/4,,,,,,,,,,,,,,,,,,,,,
경상권,경남,창원시,경남대,인문,법학과,법학과,유지,유지,일반면접,,,일반,4.9,4.2,,,,일반,4,3.4,,,,49.5,국수영탐(1),4/2,,,,,,,,,,,,,,,,,,,,,
경상권,부산,남구,경성대,자연,산업경영공학과,산업경영공학과,유지,유지,일반계고교과,5.4,5,일반계고면접,5.4,5.4,,,,학교생활우수자,6.83,6.26,,,,49.5,국수영탐(2),5/-,,,,,,,,,,,,,,,,,,,,,
충청권,충북,제천시,세명대,자연,재난안전학과,재난안전학과,유지,유지,일반,7.09,,,,,,,,,,,,,,49.5,국수탐탐 중 2개,5/6,,,,,,,,,,,,,,,,,,,,,
강원권,강원,원주시,한라대,예체능,스포츠학과,스포츠학과,유지,유지,일반학생(교과중심),3.7,3.11,일반학생(면접중심),4.43,5.3,,,,운곡인재,5.36,,,,,49.5,국수영탐(1) 중 2개,5/4,,,,,,,,,,,,,,,,,,,,,
경상권,경북,영주시,동양대,자연,스마트기계공학과,스마트기계공학과,유지,유지,일반Ⅰ,6,4.5,,,,,,,,,,,,,49.45,"국수영 중 2개, 탐구(1)",4/3,,,,,,,,,,,,,,,,,,,,,
전라권,광주,남구,송원대,자연,치위생학과,치위생학과,유지,유지,학생부우수자-일반,7,6,,,,,,,,,,,,,49.42787,국수영,4/3,,,,,,,,,,,,,,,,,,,,,
경상권,대구,달서구,계명대,자연,기계공학과,기계공학과,유지,유지,면접,5.42,5.4,일반,5.54,5.32,,,,일반,5.54,5.32,,,,49.375,국수영탐(2),5/-,,,,,,,,,,,,,,,,,,,,,
경상권,부산,부산진구,동의대,자연,식품영양학과,식품영양학과,유지,유지,일반고교과,4.58,4.33,,,,,,,학교생활우수자(면접),7.65,6.72,,,,49.33333,국수영탐(2),3/1,,,,,,,,,,,,,,,,,,,,,
전라권,전북,익산시,원광대,자연,공학3계열,게임콘텐츠학과,유지,변경,일반,5.61,5.53,,,,,,,학생부종합,6.52,6.25,,,,49.33333,"국수 중 1개, 영탐(1)",4/2,,,,,,,,,,,,,,,,,,,,,
경상권,경남,창원시,경남대,자연,수학교육과,수학교육과,유지,유지,일반,2.9,2.4,,,,,,,일반,2.9,2.4,,,,49.25,국수영탐(1),4/2,,,,,,,,,,,,,,,,,,,,,
강원권,강원,강릉시,가톨릭관동대,인문,미디어콘텐츠전공,콘텐츠제작전공,유지,변경,일반,5.72,5.61,,,,,,,,,,,,,49.2,"국수탐(2) 중 2개, 영",5/-,,,,,,,,,,,,,,,,,,,,,
전라권,전남,무안군,국립목포대,자연,건축•토목•환경공학부,건축•토목•환경공학부,유지,유지,교과일반,6.04,5.48,,,,,,,종합일반,6.47,6.08,,,,49.2,"국탐(1) 중 1개, 수영",5/-,,,,,,,,,,,,,,,,,,,,,
경인권,경기,포천시,대진대,자연,AI융합학부(컴퓨터공학전공),AI융합학부(컴퓨터공학전공),유지,유지,학교장추천,2.73,2.66,학생부우수자,3.22,3.13,,,,윈윈대진,5.04,4.92,,,,49.2,"국수영 중 1개, 남은+탐(1)한 중 1개",-/1,,,,,,,,,,,,,,,,,,,,,
경상권,부산,남구,경성대,자연,기계자동차공학과,기계자동차공학과,유지,유지,일반계고교과,4.3,4.2,일반계고면접,5.2,5,,,,학교생활우수자,6.5,6.34,,,,49.16667,국수영탐(2),4/-,,,,,,,,,,,,,,,,,,,,,
경상권,대구,달서구,계명대,인문,법학과,법학과,유지,유지,면접,4.82,4.75,일반,4.34,4.18,,,,일반,4.34,4.18,,,,49.125,국수영탐(2),6/-,,,,,,,,,,,,,,,,,,,,,
경인권,경기,양주시,경동대,자연,소프트웨어융합보안학과,소프트웨어학과,유지,변경,일반학생,5.17,4.84,,,,,,,,,,,,,49,국수영탐(1),4/4,,,,,,,,,,,,,,,,,,,,,
강원권,강원,원주시,경동대,자연,치위생학과,치위생학과,유지,유지,일반학생,4.98,4.59,,,,,,,,,,,,,49,국수영탐(1),5/5,,,,,,,,,,,,,,,,,,,,,
경상권,대구,달서구,계명대,인문,중국어중국학과,중국어중국학과,유지,유지,면접,5.69,5.64,일반,6.08,5.86,,,,일반,6.08,5.86,,,,49,국수영탐(2),6/-,,,,,,,,,,,,,,,,,,,,,
경인권,경기,의정부시,신한대,인문,사회과학대학(자율전공),사회과학대학(자율전공),유지,유지,일반,3.5,3.9,학생부우수자,3,2.8,,,,신한국인,4.41,4.19,,,,49,"국수한 중 2개, 남은 중 1개",2/1,,,,,,,,,,,,,,,,,,,,,
강원권,강원,원주시,한라대,인문,호텔항공외식경영학과,호텔항공외식경영학과,유지,유지,일반학생(교과중심),5,4.21,일반학생(면접중심),5.1,5.1,,,,운곡인재,4.74,,,,,49,국수영탐(1) 중 2개,5/6,,,,,,,,,,,,,,,,,,,,,
경인권,경기,화성시,화성의과학대,인문,의료심리학과,의료심리학과,유지,유지,일반,6.46,4.89,,,,,,,,,,,,,49,"국수영 중 2개, 탐(1)",4/3,,,,,,,,,,,,,,,,,,,,,
경상권,부산,부산진구,동의대,인문,심리학과,심리학과,유지,유지,일반고교과,3.91,3.66,,,,,,,학교생활우수자(면접),6.61,6.61,,,,48.83333,국수영탐(2),3/2,,,,,,,,,,,,,,,,,,,,,
경상권,대구,달서구,계명대,자연,모빌리티소프트웨어학과,모빌리티소프트웨어학과,유지,유지,일반,5.88,5.7,,,,,,,일반,5.83,5.75,,,,48.75,국수영탐(2),5/-,,,,,,,,,,,,,,,,,,,,,
경상권,대구,달서구,계명대,인문,한국어교육과,한국어교육과,유지,유지,일반,6.09,5.31,,,,,,,일반,6.09,5.31,,,,48.75,국수영탐(2),4/-,,,,,,,,,,,,,,,,,,,,,
경상권,부산,남구,경성대,인문,사회복지학과,사회복지학과,유지,유지,일반계고교과,4.7,4.3,일반계고면접,4.2,4.2,,,,학교생활우수자,5.43,5.22,,,,48.66667,국수영탐(2),4/-,,,,,,,,,,,,,,,,,,,,,
경상권,부산,사상구,신라대,자연,항공운항학과,항공운항학과,유지,유지,면접우수자,4.3,3.9,일반고교과,3.5,3.2,,,,학생부종합Ⅱ,5.6,5.6,,,,48.66667,국수영탐(1),3/-,,,,,,,,,,,,,,,,,,,,,
경인권,경기,고양시,중부대,자연,토목공학전공,토목공학전공,유지,유지,학교생활우수자,4.3,4.3,학생부우수자,4.3,4.1,,,,,,,,,,48.65,"국수영 중 2개, 탐(1)한 중 1개",4/1,,,,,,,,,,,,,,,,,,,,,
경인권,경기,포천시,대진대,자연,간호학과,간호학과,유지,유지,학교장추천,2.09,1.95,학생부우수자,2.27,2.22,,,,윈윈대진,3.69,3.53,,,,48.6,"국수영 중 1개, 남은+탐(1)한 중 1개",-/1,,,,,,,,,,,,,,,,,,,,,
경상권,부산,사상구,동서대,자연,디지털금융학과,디지털금융학과,유지,유지,일반계교과,4.1,3.9,,,,,,,,,,,,,48.55333,국수영탐(1),4/-,,,,,,,,,,,,,,,,,,,,,
강원권,강원,강릉시,가톨릭관동대,자연,의생명과학전공,의생명과학전공,유지,유지,일반,5.51,5.51,,,,,,,,,,,,,48.55,"국수탐(2) 중 2개, 영",4/-,,,,,,,,,,,,,,,,,,,,,
경상권,대구,달서구,계명대,자연,식품가공학과,식품가공학과,유지,유지,일반,5.49,5.27,,,,,,,일반,5.49,5.27,,,,48.5,국수영탐(2),5/-,,,,,,,,,,,,,,,,,,,,,
충청권,대전,서구,배재대,인문,미디어콘텐츠학과,미디어콘텐츠학과,유지,유지,교과,4.3,4.2,일반고교과,4.1,4.1,,,,,,,,,,48.5,국수영탐(1) 중 2개,5/6,,,,,,,,,,,,,,,,,,,,,
충청권,충북,제천시,세명대,자연,건축학과,건축학과,유지,유지,일반,6.2,,,,,,,,,,,,,,48.5,국수탐탐 중 2개,4/5,,,,,,,,,,,,,,,,,,,,,
충청권,충북,제천시,세명대,인문,법학과,법학과,유지,유지,일반,5.4,,,,,,,,,,,,,,48.5,국수탐탐 중 2개,5/4,,,,,,,,,,,,,,,,,,,,,
충청권,충북,제천시,세명대,자연,보건안전학과,보건안전학과,유지,유지,일반,5.7,,,,,,,,,,,,,,48.5,국수탐탐 중 2개,5/4,,,,,,,,,,,,,,,,,,,,,
충청권,충남,서산시,한서대,예체능,문화유산보존학과,문화재보존학과,유지,변경,학생부교과1,,,,,,,,,,,,,,,48.5,"국수영 중 1개, 탐구(1)",-/-,,,,,,,,,,,,,,,,,,,,,
전라권,광주,광산구,남부대,자연,방사선학과,방사선학과,,,일반학생,6.69,6.31,,,,,,,,,,,,,48.47305,국수영탐(1)한,5/3,,,,,,,,,,,,,,,,,,,,,
충청권,충북,청주시,서원대,자연,컴퓨터공학과,컴퓨터공학과,유지,유지,인문계고,,,일반,5.7,5.2,,,,,,,,,,48.4,"국수탐(1) 중 2개, 영어",5/5,,,,,,,,,,,,,,,,,,,,,
충청권,충남,아산시,순천향대,자연,스포츠과학과,스포츠과학과,유지,유지,,,,,,,,,,일반학생,4.35,4.04,,,,48.4,"국수영 중 2개, 탐구(1)",4/5,,,,,,,,,,,,,,,,,,,,,
경상권,경북,경산시,경일대,자연,자율전공학부,자율전공학부,유지,유지,면접,5.6,,일반,4.19,,,,,학생부종합,,,,,,48.371,국수영탐(1) 중 3개,4/2,,,,,,,,,,,,,,,,,,,,,
경인권,경기,양주시,경동대,인문,호텔관광경영학과,호텔관광경영학과,유지,유지,일반학생,4.73,4.55,,,,,,,,,,,,,48.33333,국수영탐(1),4/3,,,,,,,,,,,,,,,,,,,,,
전라권,전북,익산시,원광대,자연,작업치료학과,작업치료학과,유지,유지,일반,4.66,3.92,,,,,,,학생부종합,5.84,5.66,,,,48.33333,국수영탐(2),2/1,,,,,,,,,,,,,,,,,,,,,
전라권,전북,익산시,원광대,인문,한문교육과,한문교육과,유지,유지,일반,4.35,4.14,,,,,,,학생부종합,5.68,5.42,,,,48.33333,"국수 중 1개, 영탐(1)",4/6,,,,,,,,,,,,,,,,,,,,,
강원권,강원,강릉시,가톨릭관동대,예체능,CG디자인전공,CG디자인전공,유지,유지,일반,5.61,5.05,,,,,,,,,,,,,48.25,"국수탐(2) 중 2개, 영",6/-,,,,,,,,,,,,,,,,,,,,,
경상권,대구,달서구,계명대,자연,의용공학과,의용공학과,유지,유지,일반,6.38,6.23,,,,,,,일반,6.38,6.23,,,,48.25,국수영탐(2),5/-,,,,,,,,,,,,,,,,,,,,,
제주권,제주,제주시,제주대,인문,경영학과[야],경영학과[야],변경,유지,일반학생,3.18,2.94,,,,,,,일반학생,,3.19,,,,48.22,국수영탐(2),4/4,,,,,,,,,,,,,,,,,,,,,
경상권,경남,김해시,인제대,자연,공학계열,소방방재학과,유지,변경,면접,4.9,4.9,학생부교과,4.86,4.69,,,,,,,,,,48.16667,국수영탐(2),4/5,,,,,,,,,,,,,,,,,,,,,
경상권,경남,김해시,인제대,자연,미디어?콘텐츠계열,미디어커뮤니케이션학과,유지,변경,면접,5.81,4.94,학생부교과,4.43,4.26,,,,,,,,,,48.16667,국수영탐(2),4/5,,,,,,,,,,,,,,,,,,,,,
경상권,경남,김해시,인제대,자연,컴퓨터·AI계열,컴퓨터공학과,유지,유지,면접,3.92,3.92,학생부교과,4.83,4.17,,,,,,,,,,48.16667,국수영탐(2),4/5,,,,,,,,,,,,,,,,,,,,,
강원권,강원,강릉시,가톨릭관동대,자연,항공정비학전공,항공정비학전공,유지,유지,일반,6.64,5.47,,,,,,,일반,6.34,5.89,,,,48.15,"국수탐(2) 중 2개, 영",4/-,,,,,,,,,,,,,,,,,,,,,
경상권,부산,사상구,동서대,자연,작업치료학과,작업치료학과,유지,유지,고교생활우수자,4.3,4,일반계교과,3.9,3.8,학생부면접,4.8,4.3,학생부종합,7.15,6.23,,,,48.11,국수영탐(1),4/-,,,,,,,,,,,,,,,,,,,,,
경상권,부산,남구,경성대,인문,경제금융물류학부,경제금융물류학부,유지,유지,일반계고교과,4.6,4.5,일반계고면접,6,5.7,,,,학교생활우수자,6.45,6.18,,,,48,국수영탐(2),4/-,,,,,,,,,,,,,,,,,,,,,
경인권,경기,포천시,대진대,자연,AI융합학부(AI빅데이터전공),AI융합학부(AI빅데이터전공),유지,유지,학교장추천,3.42,3.16,학생부우수자,3.82,3.71,,,,윈윈대진,5.67,5.55,,,,48,"국수영 중 1개, 남은+탐(1)한 중 1개",3/2,,,,,,,,,,,,,,,,,,,,,
경인권,경기,포천시,대진대,자연,AI융합학부(스마트모빌리티전공),AI융합학부(스마트모빌리티전공),유지,유지,학교장추천,3.68,3.58,학생부우수자,4.3,4.03,,,,윈윈대진,6.34,6.09,,,,48,"국수영 중 1개, 남은+탐(1)한 중 1개",3/3,,,,,,,,,,,,,,,,,,,,,
경인권,경기,포천시,대진대,자연,건축공학과,건축공학과,유지,유지,학교장추천,3.31,3.1,학생부우수자,4.11,3.97,,,,윈윈대진,5.12,5.07,,,,48,"국수영 중 1개, 남은+탐(1)한 중 1개",3/1,,,,,,,,,,,,,,,,,,,,,
경인권,경기,포천시,대진대,인문,공공인재법학과,공공인재법학과,유지,유지,학교장추천,2.78,2.64,학생부우수자,4.02,3.76,,,,윈윈대진,5.33,5.24,,,,48,"국수영 중 1개, 남은+탐(1)한 중 1개",3/3,,,,,,,,,,,,,,,,,,,,,
경인권,경기,포천시,대진대,자연,공학자율학부,공학자율학부,유지,유지,학교장추천,4.45,4.07,학생부우수자,4.48,4.28,,,,윈윈대진,5.98,5.83,,,,48,"국수영 중 1개, 남은+탐(1)한 중 1개",3/2,,,,,,,,,,,,,,,,,,,,,
경인권,경기,포천시,대진대,자연,공학자율학부,공학자율학부,유지,유지,학교장추천,4.45,4.07,학생부우수자,4.48,4.28,,,,윈윈대진,5.98,5.83,,,,48,"국수영 중 1개, 남은+탐(1)한 중 1개",3/1,,,,,,,,,,,,,,,,,,,,,
경인권,경기,포천시,대진대,인문,국제통상학과,국제통상학과,유지,유지,학교장추천,3.42,3.36,학생부우수자,4.73,4.5,,,,윈윈대진,5.9,5.74,,,,48,"국수영 중 1개, 남은+탐(1)한 중 1개",3/3,,,,,,,,,,,,,,,,,,,,,
경인권,경기,포천시,대진대,인문,국제학부(국제지역학전공),국제학부(국제지역학전공),유지,유지,학교장추천,4.25,3.55,학생부우수자,4.19,3.59,,,,윈윈대진,5.46,4.83,,,,48,"국수영 중 1개, 남은+탐(1)한 중 1개",3/3,,,,,,,,,,,,,,,,,,,,,
경인권,경기,포천시,대진대,인문,글로벌경제학과,글로벌경제학과,유지,유지,학교장추천,3.35,3.32,학생부우수자,3.88,3.68,,,,윈윈대진,5.4,5.33,,,,48,"국수영 중 1개, 남은+탐(1)한 중 1개",3/2,,,,,,,,,,,,,,,,,,,,,
경인권,경기,포천시,대진대,인문,문예콘텐츠창작학과,문예콘텐츠창작학과,유지,유지,학교장추천,4.06,4.02,학생부우수자,4.14,3.88,,,,윈윈대진,5.19,5.05,,,,48,"국수영 중 1개, 남은+탐(1)한 중 1개",3/3,,,,,,,,,,,,,,,,,,,,,
경인권,경기,포천시,대진대,인문,문헌정보학과,문헌정보학과,유지,유지,학교장추천,2.63,2.55,학생부우수자,3.28,3.22,,,,윈윈대진,4.88,4.63,,,,48,"국수영 중 1개, 남은+탐(1)한 중 1개",3/2,,,,,,,,,,,,,,,,,,,,,
경인권,경기,포천시,대진대,인문,미디어커뮤니케이션학과,미디어커뮤니케이션학과,유지,유지,학교장추천,2.46,2.34,학생부우수자,3.14,3.07,,,,윈윈대진,4.63,4.58,,,,48,"국수영 중 1개, 남은+탐(1)한 중 1개",3/3,,,,,,,,,,,,,,,,,,,,,
경인권,경기,포천시,대진대,자연,보건경영학과,보건경영학과,유지,유지,학교장추천,4.26,3.9,학생부우수자,3.7,3.51,,,,윈윈대진,5.28,4.95,,,,48,"국수영 중 1개, 남은+탐(1)한 중 1개",3/2,,,,,,,,,,,,,,,,,,,,,
경인권,경기,포천시,대진대,인문,사회복지학과,사회복지학과,유지,유지,학교장추천,3.06,3.04,학생부우수자,3.29,3.18,,,,윈윈대진,4.87,4.85,,,,48,"국수영 중 1개, 남은+탐(1)한 중 1개",3/3,,,,,,,,,,,,,,,,,,,,,
경인권,경기,포천시,대진대,자연,스마트융합보안학과,스마트융합보안학과,유지,유지,학교장추천,4.76,4.26,학생부우수자,4.09,3.86,,,,윈윈대진,5.58,5.53,,,,48,"국수영 중 1개, 남은+탐(1)한 중 1개",3/3,,,,,,,,,,,,,,,,,,,,,
경인권,경기,포천시,대진대,인문,역사·문화콘텐츠학과,역사·문화콘텐츠학과,유지,유지,학교장추천,2.83,2.71,학생부우수자,3.76,3.53,,,,윈윈대진,4.91,4.65,,,,48,"국수영 중 1개, 남은+탐(1)한 중 1개",3/3,,,,,,,,,,,,,,,,,,,,,
경인권,경기,포천시,대진대,공통,자율전공학부,자율전공학부,유지,유지,학교장추천,3.83,3.61,학생부우수자,4.22,4.13,,,,윈윈대진,5.2,5.18,,,,48,"국수영 중 1개, 남은+탐(1)한 중 1개",3/2,,,,,,,,,,,,,,,,,,,,,
경인권,경기,포천시,대진대,자연,전기공학과,"에너지공학부(전기공학전공, 화학공학전공)",유지,변경,학교장추천,3.51,3.31,학생부우수자,4.07,3.43,,,,윈윈대진,5.88,5.4,,,,48,"국수영 중 1개, 남은+탐(1)한 중 1개",3/2,,,,,,,,,,,,,,,,,,,,,
경인권,경기,포천시,대진대,인문,행정정보학과,행정정보학과,유지,유지,학교장추천,3.64,3.53,학생부우수자,4.13,3.98,,,,윈윈대진,5.51,5.32,,,,48,"국수영 중 1개, 남은+탐(1)한 중 1개",3/3,,,,,,,,,,,,,,,,,,,,,
경인권,경기,포천시,대진대,자연,화학공학과,"에너지공학부(전기공학전공, 화학공학전공)",유지,변경,학교장추천,3.51,3.31,학생부우수자,4.07,3.43,,,,윈윈대진,5.88,5.4,,,,48,"국수영 중 1개, 남은+탐(1)한 중 1개",3/2,,,,,,,,,,,,,,,,,,,,,
경상권,부산,부산진구,동의대,인문,유아교육과,유아교육과,유지,유지,일반고교과,3.91,3.83,,,,,,,학교생활우수자(면접),5.6,5.6,,,,48,국수영탐(2),5/6,,,,,,,,,,,,,,,,,,,,,
충청권,충북,청주시,서원대,인문,사회복지학부,사회복지학부,유지,유지,인문계고,5.9,5.2,일반,5.8,5,창의면접,6.9,5.7,,,,,,,48,"국수탐(1) 중 2개, 영어",4/5,,,,,,,,,,,,,,,,,,,,,
충청권,충북,제천시,세명대,자연,바이오제약산업학부,바이오제약산업학부,유지,유지,일반,5.3,,,,,,,,,,,,,,48,국수탐탐 중 2개,5/5,,,,,,,,,,,,,,,,,,,,,
충청권,충북,제천시,세명대,자연,작업치료학과,작업치료학과,유지,유지,일반,5.5,,,,,,,,SMU의료인재,,5.6,,,,48,"국수탐탐 중 2개, 영한 중 1개",5/4,,,,,,,,,,,,,,,,,,,,,
강원권,강원,강릉시,가톨릭관동대,자연,건축학전공(5년제),건축학전공(5년제),유지,유지,일반,5.4,4.96,,,,,,,,,,,,,47.85,"국수탐(2) 중 2개, 영",6/-,,,,,,,,,,,,,,,,,,,,,
경상권,부산,부산진구,동의대,인문,호텔•컨벤션경영학과,호텔•컨벤션경영학과,유지,유지,일반고교과,5,4.66,,,,,,,학교생활우수자(면접),6.63,6.63,,,,47.83333,국수영탐(2),5/7,,,,,,,,,,,,,,,,,,,,,
경상권,경남,김해시,인제대,자연,의생명보건계열,의생명보건계열,유지,변경,학생부교과,5.65,5.11,,,,,,,,,,,,,47.83333,국수영탐(2),4/5,,,,,,,,,,,,,,,,,,,,,
전라권,광주,남구,광주대,인문,문예창작과,문예창작과,유지,유지,일반학생,6.56,5.31,,,,,,,,,,,,,47.81111,국수영탐(1),6/4,,,,,,,,,,,,,,,,,,,,,
전라권,광주,남구,광주대,인문,항공서비스학과,항공서비스학과,유지,유지,일반학생,6.94,5.13,,,,,,,,,,,,,47.81111,국수영탐(1),6/4,,,,,,,,,,,,,,,,,,,,,
전라권,광주,남구,광주대,인문,호텔외식조리학과,호텔조리제과제빵학과,유지,유지,일반학생,6.63,6.13,,,,,,,,,,,,,47.81111,국수영탐(1),6/4,,,,,,,,,,,,,,,,,,,,,
경상권,경남,창원시,경남대,자연,가정교육과,가정교육과,유지,유지,일반,4.6,3.6,,,,,,,일반,4.6,3.6,,,,47.75,국수영탐(1),4/2,,,,,,,,,,,,,,,,,,,,,
충청권,충북,괴산군,중원대,자연,임상병리학과,임상병리학과,유지,유지,일반Ⅰ,4.55,4,일반Ⅱ,6.7,4.55,,,,,,,,,,47.7023,국수영탐(1) 중 3개,5/-,,,,,,,,,,,,,,,,,,,,,
충청권,충남,서산시,한서대,예체능,영화영상학과,영화영상학과,유지,유지,학생부교과1,5.37,4.5,한서인재,,,,,,,,,,,,47.7,"국수영 중 2개, 탐구(1)",-/-,,,,,,,,,,,,,,,,,,,,,
충청권,충북,청주시,서원대,자연,호텔외식조리학부,호텔외식조리학부,유지,유지,인문계고,5,4.6,일반,4.2,3.5,창의면접,6.4,4.7,,,,,,,47.6,"국수탐(1) 중 2개, 영어",3/7,,,,,,,,,,,,,,,,,,,,,
경상권,경남,진주시,경상국립대,자연,해양식품생명의학부(해양식품공학전공/수산생명의학전공),해양식품생명의학부(해양식품공학전공/수산생명의학전공),유지,유지,일반,6.4,6.06,,,,,,,일반,6.4,6.06,,,,47.59375,국수영탐(2),4/-,,,,,,,,,,,,,,,,,,,,,
서울,서울,은평구,서울기독대,인문,사회복지,사회복지,유지,유지,일반,6.4,6.36,,,,,,,,,,,,,47.57143,국영탐(1),3/5,,,,,,,,,,,,,,,,,,,,,
경상권,부산,부산진구,동의대,인문,광고홍보학과,광고홍보학과,유지,유지,일반고교과,4.41,4.08,,,,,,,학교생활우수자(면접),6.13,6.13,,,,47.5,국수영탐(2),5/4,,,,,,,,,,,,,,,,,,,,,
경상권,경북,경산시,경일대,예체능,태권도학과,태권도학과,유지,유지,면접,5.6,,,,,,,,,,,,,,47.372,국수영탐(1) 중 3개,4/2,,,,,,,,,,,,,,,,,,,,,
경상권,경남,진주시,경상국립대,자연,조선해양공학과,조선해양공학과,유지,유지,일반,6.6,6.32,,,,,,,일반,6.6,6.32,,,,47.34375,국수영탐(2),4/-,,,,,,,,,,,,,,,,,,,,,
경인권,경기,고양시,중부대,인문,경영학전공,경영학전공,유지,유지,학교생활우수자,3.2,3,학생부우수자,3,3,,,,,,,,,,47.25,"국수영 중 2개, 탐(1)한 중 1개",4/1,,,,,,,,,,,,,,,,,,,,,
경인권,경기,고양시,중부대,인문,미디어커뮤니케이션학전공,미디어커뮤니케이션학전공,유지,유지,학교생활우수자,3,2.6,학생부우수자,2.9,2.6,,,,,,,,,,47.25,"국수영 중 2개, 탐(1)한 중 1개",4/1,,,,,,,,,,,,,,,,,,,,,
충청권,대전,동구,우송대,자연,언어치료·청각재활학과,언어치료·청각재활학과,유지,유지,교과중심,5.8,4.6,면접,5.666667,5.2,,,,서류형,,5.63775,,,,47.2,국수영탐(1) 중 2개,-/-,,,,,,,,,,,,,,,,,,,,,
전라권,전남,여수시,전남대,자연,의공학부,의공학부,유지,유지,일반,6.29,6.08,,,,,,,고교생활우수자Ⅱ,,4.37,,,,47.1,국수탐(2),4/4,,,,,,,,,,,,,,,,,,,,,
경상권,경북,상주시,경북대,인문,관광학과,관광학과,유지,유지,교과우수자,5.1,4.96,,,,,,,,,,,,,47,국수영탐(2),4/3,,,,,,,,,,,,,,,,,,,,,
경상권,경남,진주시,경상국립대,자연,해양토목공학과,해양토목공학과,유지,유지,일반,7.33,6.93,,,,,,,일반,7.33,6.93,,,,47,국수영탐(2),4/-,,,,,,,,,,,,,,,,,,,,,
경상권,경남,창원시,국립창원대,인문,행정학과(야),행정학과(야),유지,유지,,,,,,,,,,,,,,,,46.95,국수영탐(1),5/-,,,,,,,,,,,,,,,,,,,,,
전라권,전남,나주시,동신대,자연,작업치료학과,작업치료학과,유지,유지,면접,7.3,6.42,일반,6.87,6.49,,,,,,,,,,46.9438,국수영탐(1)한,5/3,,,,,,,,,,,,,,,,,,,,,
경상권,대구,달서구,계명대,인문,회계세무학과,회계세무학과,유지,유지,면접,5.48,5.29,일반,5.47,5.13,,,,일반,5.47,5.13,,,,46.875,국수영탐(2),5/-,,,,,,,,,,,,,,,,,,,,,
충청권,충북,괴산군,중원대,자연,항공정비학과,항공정비학과,유지,유지,일반Ⅰ,4.95,4.75,일반Ⅱ,4.98,4.9,,,,,,,,,,46.8698,국수영탐(1) 중 3개,5/-,,,,,,,,,,,,,,,,,,,,,
경상권,부산,남구,경성대,자연,컴퓨터공학과,컴퓨터공학과,유지,유지,일반계고교과,3.8,3.5,일반계고면접,4.7,4.4,,,,학교생활우수자,6,5.7,,,,46.83333,국수영탐(2),4/-,,,,,,,,,,,,,,,,,,,,,
전라권,전북,군산시,국립군산대,인문,미디어문화학부,미디어문화학부,유지,유지,일반,4.85,4.16,,,,,,,일반학생,5.93,5.52,,,,46.8,국수영탐(2),5/3,,,,,,,,,,,,,,,,,,,,,
충청권,충북,청주시,서원대,인문,광고홍보학과,광고홍보학과,유지,유지,인문계고,5.6,4.9,일반,5.4,4.7,,,,,,,,,,46.8,"국수탐(1) 중 2개, 영어",5/5,,,,,,,,,,,,,,,,,,,,,
경상권,경북,경산시,경일대,자연,전기공학전공,기계전기융합학부 전기에너지전공,유지,변경,면접,5.63,,일반,5.01,,,,,,,,,,,46.706,국수영탐(1) 중 3개,4/2,,,,,,,,,,,,,,,,,,,,,
경상권,부산,남구,동명대,자연,반려동물보건학과,반려동물보건학과,유지,유지,면접,3.75,3.46,일반고교과,3.25,2.95,,,,창의인재,4.25,4.08,,,,46.66667,국수영탐(1),5/-,,,,,,,,,,,,,,,,,,,,,
경상권,부산,남구,동명대,인문,상담•임상심리학과,상담•임상심리학과,유지,유지,면접,5,4.41,일반고교과,4.75,4.23,,,,창의인재,,,,,,46.66667,국수영탐(1),5/-,,,,,,,,,,,,,,,,,,,,,
경인권,경기,고양시,중부대,인문,특수교육과(유아특수교육),특수교육과(유아특수교육),유지,유지,학교생활우수자,5.7,4.4,학생부우수자,5.2,4.6,,,,,,,,,,46.55,"국수영 중 2개, 탐(1)한 중 1개",4/3,,,,,,,,,,,,,,,,,,,,,
강원권,강원,강릉시,가톨릭관동대,인문,광고홍보학전공,광고홍보학전공,유지,유지,일반,4.99,4.95,,,,,,,,,,,,,46.5,"국수탐(2) 중 2개, 영",7/-,,,,,,,,,,,,,,,,,,,,,
경상권,부산,남구,경성대,예체능,패션디자인학과,패션디자인학과,유지,유지,일반계고교과,3.9,3.8,일반계고면접,4.2,3.9,,,,학교생활우수자,5.71,5.56,,,,46.5,국수영탐(2),4/-,,,,,,,,,,,,,,,,,,,,,
서울,서울,구로구,서울한영대,인문,신학과,신학과,유지,유지,일반,6.31,6.31,,,,,,,,,,,,,46.5,국영탐(1)한,4/2,,,,,,,,,,,,,,,,,,,,,
경인권,경기,양주시,경동대,자연,컴퓨터공학과,컴퓨터공학과,유지,유지,일반학생,5.37,5.06,,,,,,,,,,,,,46.33333,국수영탐(1),4/5,,,,,,,,,,,,,,,,,,,,,
경상권,경남,김해시,인제대,자연,공학계열,건축학과,유지,변경,면접,6.15,6.15,학생부교과,5.31,4.86,,,,,,,,,,46.33333,국수영탐(2),5/4,,,,,,,,,,,,,,,,,,,,,
강원권,강원,강릉시,가톨릭관동대,인문,경찰학부,경찰학부,유지,유지,일반,6.28,5.97,,,,,,,일반,6.07,5.83,,,,46.25,"국수탐(2) 중 2개, 영",6/-,,,,,,,,,,,,,,,,,,,,,
경상권,대구,달서구,계명대,인문,관광경영학과,관광경영학과,유지,유지,면접,5.62,5.59,일반,5.23,5.14,,,,일반,5.23,5.14,,,,46.25,국수영탐(2),5/-,,,,,,,,,,,,,,,,,,,,,
강원권,강원,강릉시,가톨릭관동대,공통,자율전공학부,자율전공학부,유지,유지,일반,7,6.45,,,,,,,,,,,,,46.2,"국수탐(2) 중 2개, 영",5/-,,,,,,,,,,,,,,,,,,,,,
경인권,경기,고양시,중부대,인문,유아교육과,유아교육과,유지,유지,학교생활우수자,4.3,4,학생부우수자,3.8,3.4,,,,,,,,,,46.2,"국수영 중 2개, 탐(1)한 중 1개",3/2,,,,,,,,,,,,,,,,,,,,,
경상권,부산,부산진구,동의대,자연,건축공학과,건축공학과,유지,유지,일반고교과,5.41,5,,,,,,,학교생활우수자(면접),7.69,7.69,,,,46.16667,국수영탐(2),6/6,,,,,,,,,,,,,,,,,,,,,
경상권,경남,진주시,경상국립대,자연,환경생명화학과,환경생명화학과,유지,유지,일반,4.57,4.45,,,,,,,일반,4.57,4.45,,,,46.15625,국수영탐(2),4/-,,,,,,,,,,,,,,,,,,,,,
전라권,전남,여수시,전남대,인문,글로벌비즈니스학부,글로벌비즈니스학부,유지,유지,일반,5.99,5.82,,,,,,,고교생활우수자Ⅱ,,7.36,,,,46.15,국수탐(2),5/4,,,,,,,,,,,,,,,,,,,,,
경상권,경남,창원시,경남대,인문,유아교육과,유아교육과,유지,유지,일반,4.1,3.8,,,,,,,일반,4.1,3.8,,,,46,국수영탐(1),4/2,,,,,,,,,,,,,,,,,,,,,
경상권,경북,경주시,동국대(WISE),자연,안전보건전공,안전보건전공,유지,유지,교과,5,4.8,면접,,,,,,참사랑,5.5,4.5,,,,46,국수탐(1) 중 2개,4/2,,,,,,,,,,,,,,,,,,,,,
충청권,충북,제천시,세명대,인문,회계세무금융학과,회계세무학과,유지,유지,일반,5.7,,,,,,,,,,,,,,46,국수탐탐 중 2개,5/2,,,,,,,,,,,,,,,,,,,,,
강원권,강원,강릉시,가톨릭관동대,인문,호텔관광경영학전공,호텔관광경영학전공,유지,유지,일반,5.57,5.57,,,,,,,,,,,,,45.8,"국수탐(2) 중 2개, 영",5/-,,,,,,,,,,,,,,,,,,,,,
경상권,경남,김해시,인제대,자연,반려동물보건학과,반려동물보건학과,유지,유지,면접,4.31,3.92,학생부교과,4.19,3.91,,,,,,,,,,45.66667,국수영탐(2),5/5,,,,,,,,,,,,,,,,,,,,,
경인권,경기,포천시,대진대,자연,공학자율학부,공학자율학부,유지,유지,학교장추천,4.45,4.07,학생부우수자,4.48,4.28,,,,윈윈대진,5.98,5.83,,,,45.6,"국수영 중 1개, 남은+탐(1)한 중 1개",-/3,,,,,,,,,,,,,,,,,,,,,
경인권,경기,포천시,대진대,자연,데이터경영산업공학과,데이터경영산업공학과,유지,유지,학교장추천,5.1,4.63,학생부우수자,4.28,4.15,,,,윈윈대진,5.96,5.82,,,,45.6,"국수영 중 1개, 남은+탐(1)한 중 1개",-/3,,,,,,,,,,,,,,,,,,,,,
충청권,충남,홍성군,청운대,인문,방송영화영상학과,방송영화영상학과,유지,유지,일반,5.6,4.67,,,,,,,,,,,,,45.6,"국수영 중 2개, 탐구(1)",-/-,,,,,,,,,,,,,,,,,,,,,
경상권,대구,달서구,계명대,인문,경제금융학과,경제금융학과,유지,유지,면접,6.27,6.12,일반,5.59,5.27,,,,일반,5.59,5.27,,,,45.5,국수영탐(2),5/-,,,,,,,,,,,,,,,,,,,,,
경상권,경북,경주시,동국대(WISE),인문,일어일문학과,일어일문학과,유지,유지,교과,3.8,3.5,면접,5,5,,,,참사랑,5.9,4.3,,,,45.5,국수탐(1) 중 2개,4/2,,,,,,,,,,,,,,,,,,,,,
강원권,강원,강릉시,가톨릭관동대,자연,AI·소프트웨어융합학부,디지털헬스케어전공,유지,변경,일반,6.2,6.2,,,,,,,,,,,,,45.35,"국수탐(2) 중 2개, 영",4/-,,,,,,,,,,,,,,,,,,,,,
전라권,전북,익산시,원광대,자연,동물보건학과,동물보건학과,유지,유지,일반,5.36,4.89,,,,,,,학생부종합,5.66,5.45,,,,45.33333,"국수 중 1개, 영탐(1)",4/3,,,,,,,,,,,,,,,,,,,,,
전라권,전남,목포시,국립목포해양대,자연,항해학부,항해학부,유지,유지,누구나,1.33,1.25,학생부성적우수자,3.54,3.52,,,,,,,,,,45.1,국수영탐(2),4/2,,,,,,,,,,,,,,,,,,,,,
경상권,부산,사상구,동서대,인문,광고홍보학과,광고홍보학과,유지,유지,고교생활우수자,4.6,4.6,일반계교과,4.3,3.8,학생부면접,4.1,4.1,학생부종합,4.16,4.16,,,,45.09667,국수영탐(1),4/-,,,,,,,,,,,,,,,,,,,,,
경상권,경북,경산시,경일대,예체능,스포츠융합학부,스포츠융합학부,유지,유지,일반,4.67,,,,,,,,,,,,,,45.041,국수영탐(1) 중 3개,4/2,,,,,,,,,,,,,,,,,,,,,
전라권,전북,익산시,원광대,자연,공학2계열,기계공학부,유지,변경,일반,5.78,5.11,,,,,,,학생부종합,6.6,6.32,,,,45,"국수 중 1개, 영탐(1)",4/5,,,,,,,,,,,,,,,,,,,,,
전라권,전북,익산시,원광대,인문,원불교학과,원불교학과,유지,유지,,,,,,,,,,학생부종합,6.2,4.21,,,,45,"국수 중 1개, 영탐(1)",5/2,,,,,,,,,,,,,,,,,,,,,
경상권,부산,금정구,부산외대,예체능,사회체육전공,사회체육전공,유지,유지,교과면접,2.7,2.7,,,,,,,학생부서류,5.2,4.4,,,,44.83333,국수영탐(2),4/5,,,,,,,,,,,,,,,,,,,,,
경상권,경남,김해시,인제대,인문,사회과학계열,사회복지학과,유지,변경,면접,4.67,4.42,학생부교과,4.82,4.82,,,,,,,,,,44.83333,국수영탐(2),4/4,,,,,,,,,,,,,,,,,,,,,
경인권,경기,양주시,경동대,인문,항공서비스학과,항공서비스학과,유지,유지,일반학생,5.18,5.02,자기추천제,5.31,4.88,,,,,,,,,,44.66667,국수영탐(1),3/3,,,,,,,,,,,,,,,,,,,,,
경상권,부산,부산진구,동의대,자연,신소재공학과,신소재공학과,유지,유지,일반고교과,5.33,4.91,,,,,,,학교생활우수자(면접),6.61,6.61,,,,44.66667,국수영탐(2),5/4,,,,,,,,,,,,,,,,,,,,,
경상권,경남,창원시,경남대,인문,경영학부,경영학부,유지,유지,일반면접,,,일반,5,4.6,,,,일반,5,4.6,,,,44.5,국수영탐(1),4/2,,,,,,,,,,,,,,,,,,,,,
경상권,경남,창원시,경남대,자연,자유전공학부,자유전공학부,유지,유지,일반,5.5,5.1,,,,,,,,,,,,,44.5,국수영탐(1),4/2,,,,,,,,,,,,,,,,,,,,,
경상권,경북,경주시,동국대(WISE),인문,불교학전공,불교학전공,유지,유지,교과,4.6,4.2,불교추천인재,4.7,4.7,,,,참사랑,2.2,2.2,,,,44.5,국수탐(1) 중 2개,4/2,,,,,,,,,,,,,,,,,,,,,
경인권,경기,포천시,대진대,인문,영어영문학과,영어영문학과,유지,유지,학교장추천,3.04,2.92,학생부우수자,3.8,3.67,,,,윈윈대진,5.48,4.95,,,,44.4,"국수영 중 1개, 남은+탐(1)한 중 1개",-/1,,,,,,,,,,,,,,,,,,,,,
경상권,부산,남구,경성대,인문,회계학과,회계학과,유지,유지,일반계고교과,4.8,4.5,일반계고면접,5.4,5.1,,,,학교생활우수자,5.9,5.03,,,,44.33333,국수영탐(2),3/-,,,,,,,,,,,,,,,,,,,,,
경상권,부산,남구,동명대,자연,응급구조학과,응급구조학과,유지,유지,면접,4.63,4.1,일반고교과,3.75,3.59,,,,창의인재,5.63,5.09,,,,44.33333,국수영탐(1),4/-,,,,,,,,,,,,,,,,,,,,,
충청권,충남,서산시,한서대,예체능,예체능전공자율학과,전공자율선택(예체능계열),유지,변경,학생부교과1,6.12,6.12,,,,,,,,,,,,,44.2,"국수영 중 2개, 탐구(1)",-/-,,,,,,,,,,,,,,,,,,,,,
경상권,부산,남구,경성대,자연,식품영양학과,식품영양학과,유지,유지,일반계고교과,4.2,4.1,일반계고면접,4.9,4.7,,,,학교생활우수자,6.03,5.93,,,,44.16667,국수영탐(2),4/-,,,,,,,,,,,,,,,,,,,,,
경상권,부산,부산진구,동의대,인문,금융경영학과,금융경영학과,유지,유지,일반고교과,5.66,5.16,,,,,,,학교생활우수자(면접),6.18,5.3,,,,44.16667,국수영탐(2),5/2,,,,,,,,,,,,,,,,,,,,,
전라권,전남,목포시,국립목포해양대,자연,첨단해양모빌리티학과,첨단해양모빌리티학과,유지,유지,누구나,5.82,5.51,학생부성적우수자,7.1,6.84,,,,,,,,,,44.1,국수영탐(2),4/2,,,,,,,,,,,,,,,,,,,,,
경상권,경남,진주시,경상국립대,자연,해양생명과학과,해양생명과학과,유지,유지,일반,6.15,6.09,,,,,,,일반,6.15,6.09,,,,44.09375,국수영탐(2),5/-,,,,,,,,,,,,,,,,,,,,,
경상권,경북,경산시,경일대,인문,사회복지학과,사회복지학과,유지,유지,면접,4.91,,일반,3.95,,,,,,,,,,,44.042,국수영탐(1) 중 3개,4/2,,,,,,,,,,,,,,,,,,,,,
경상권,부산,남구,경성대,자연,토목공학과,토목공학과,유지,유지,일반계고교과,5,4.8,일반계고면접,5.2,5.1,,,,학교생활우수자,6.8,5.54,,,,44,국수영탐(2),5/-,,,,,,,,,,,,,,,,,,,,,
충청권,충북,청주시,서원대,자연,패션의류학과,패션의류학과,유지,유지,인문계고,3.6,3.5,일반,3.6,3.2,창의면접,5.8,4.3,,,,,,,44,"국수탐(1) 중 2개, 영어",4/5,,,,,,,,,,,,,,,,,,,,,
전라권,전북,익산시,원광대,인문,의료상담학과,의료상담학과,유지,유지,일반,4.79,4.59,,,,,,,학생부종합,6.41,5.45,,,,44,"국수 중 1개, 영탐(1)",5/4,,,,,,,,,,,,,,,,,,,,,
전라권,전북,익산시,원광대,공통,자율전공학부,자율전공학부,유지,유지,일반,5.91,5.48,,,,,,,학생부종합,7.17,6.62,,,,44,"국수 중 1개, 영탐(1)",3/4,,,,,,,,,,,,,,,,,,,,,
충청권,충남,서산시,한서대,예체능,디지털산업디자인학과,산업디자인학과,유지,변경,학생부교과1,,,,,,,,,,,,,,,44,"국수영 중 1개, 탐구(1)",-/-,,,,,,,,,,,,,,,,,,,,,
경상권,부산,부산진구,동의대,인문,경영학과,경영학과,유지,유지,일반고교과,4.58,4.33,,,,,,,학교생활우수자(면접),7.16,6.33,,,,43.83333,국수영탐(2),3/2,,,,,,,,,,,,,,,,,,,,,
경상권,경남,창원시,경남대,인문,디지털공연영상학과,디지털공연영상학과,유지,유지,일반면접,5.3,5.3,일반,4.3,4.1,,,,일반,,,,,,43.75,국수영탐(1),4/2,,,,,,,,,,,,,,,,,,,,,
경인권,경기,고양시,중부대,인문,자율설계학부,자율설계전공학부,유지,변경,학생부우수자,3.9,3.7,,,,,,,,,,,,,43.75,"국수영 중 2개, 탐(1)한 중 1개",5/1,,,,,,,,,,,,,,,,,,,,,
경상권,경남,양산시,영산대,자연,치위생학과,치위생학과,,,교과,3.83,3.38,"면접(일반고,특성화고)",5.3,5,일반계고,4.57,4.28,,,,,,,43.66667,국수영탐(1),4/5,,,,,,,,,,,,,,,,,,,,,
충청권,충북,청주시,서원대,자연,식품공학과,식품공학과,유지,유지,인문계고,,,일반,5.9,5.1,,,,,,,,,,43.6,"국수탐(1) 중 2개, 영어",5/7,,,,,,,,,,,,,,,,,,,,,
경상권,경북,경주시,동국대(WISE),자연,가정교육과,가정교육과,유지,유지,교과,3.9,3.9,면접,,,,,,참사랑,,,,,,43.5,국수탐(1) 중 2개,4/2,,,,,,,,,,,,,,,,,,,,,
경상권,경북,경주시,동국대(WISE),인문,아동청소년교육학과,아동청소년교육학과,유지,유지,교과,4.4,3.7,면접,,,,,,참사랑,,,,,,43.5,국수탐(1) 중 2개,4/2,,,,,,,,,,,,,,,,,,,,,
충청권,충북,제천시,세명대,자연,스마트IT학부,스마트IT학부,유지,유지,일반,6.6,,,,,,,,,,,,,,43.5,국수탐탐 중 2개,4/6,,,,,,,,,,,,,,,,,,,,,
충청권,충북,제천시,세명대,예체능,실내디자인학과,실내디자인학과,유지,유지,일반,5.29,,,,,,,,,,,,,,43.5,국수탐탐 중 2개,5/4,,,,,,,,,,,,,,,,,,,,,
충청권,충북,청주시,서원대,인문,상담심리학과,상담심리학과,유지,유지,인문계고,4.7,4.3,일반,4.5,4,창의면접,6.6,4.9,,,,,,,43.4,"국수탐(1) 중 2개, 영어",5/6,,,,,,,,,,,,,,,,,,,,,
경상권,부산,남구,경성대,예체능,AI미디어학과,AI미디어학과,유지,유지,일반계고교과,4.7,4.2,일반계고면접,4.5,4.5,,,,학교생활우수자,6.58,5.97,,,,43.33333,국수영탐(2),4/-,,,,,,,,,,,,,,,,,,,,,
경상권,부산,남구,경성대,자연,화학공학과,화학공학과,유지,유지,일반계고교과,4.6,4.5,일반계고면접,5.3,5.3,,,,학교생활우수자,7.29,5.97,,,,43.33333,국수영탐(2),4/-,,,,,,,,,,,,,,,,,,,,,
충청권,충남,당진시,세한대,자연,항공정비학과,항공정비학과,유지,유지,일반학생,4.4,4.2,,,,,,,,,,,,,43.33333,국수영탐(1),5/5,,,,,,,,,,,,,,,,,,,,,
경상권,부산,사상구,신라대,자연,소방안전학과,소방안전•응급구조학과,유지,변경,면접우수자,5.6,5.3,일반고교과,5.2,4.9,,,,학생부종합Ⅰ,5.4,4.7,,,,43.33333,국수영탐(1),4/-,,,,,,,,,,,,,,,,,,,,,
전라권,광주,남구,광주대,자연,반려동물보건산업학과,반려동물보건산업학과,,유지,일반학생,6.56,6.19,,,,,,,,,,,,,43.27963,국수영탐(1),6/4,,,,,,,,,,,,,,,,,,,,,
전라권,광주,남구,광주대,자연,보건행정학과,보건행정학부,유지,유지,일반학생,6.19,5.69,,,,,,,,,,,,,43.27963,국수영탐(1),6/4,,,,,,,,,,,,,,,,,,,,,
전라권,광주,남구,광주대,인문,사회복지학부,사회복지학부,유지,유지,일반학생,6.75,6.13,,,,,,,,,,,,,43.27963,국수영탐(1),6/4,,,,,,,,,,,,,,,,,,,,,
전라권,광주,남구,광주대,자연,식품영양학과,식품영양학과,유지,유지,일반학생,6.63,5.88,,,,,,,,,,,,,43.27963,국수영탐(1),6/4,,,,,,,,,,,,,,,,,,,,,
전라권,광주,남구,광주대,인문,언어치료학과,언어치료학과,유지,폐지,일반학생,5.88,5.19,,,,,,,,,,,,,43.27963,국수영탐(1),6/4,,,,,,,,,,,,,,,,,,,,,
전라권,광주,남구,광주대,자연,응급구조학과,응급구조학과,유지,유지,일반학생,6.88,6.69,,,,,,,,,,,,,43.27963,국수영탐(1),6/4,,,,,,,,,,,,,,,,,,,,,
경상권,경남,진주시,경상국립대,자연,해양환경공학과,해양환경공학과,유지,유지,일반,6.76,6.28,,,,,,,일반,6.76,6.28,,,,43.1875,국수영탐(2),5/-,,,,,,,,,,,,,,,,,,,,,
전라권,전북,군산시,국립군산대,인문,일어일문학과,일어일문학과,유지,유지,일반,6.03,5.73,,,,,,,일반학생,6.66,6.01,,,,43,국수영탐(2),4/7,,,,,,,,,,,,,,,,,,,,,
충청권,충북,청주시,서원대,인문,경영학부,경영학부,유지,유지,인문계고,6.2,5.5,일반,6,5.6,,,,,,,,,,42.8,"국수탐(1) 중 2개, 영어",5/5,,,,,,,,,,,,,,,,,,,,,
경인권,경기,양주시,경동대,인문,유아교육과,유아교육과,유지,유지,일반학생,5.29,4.68,,,,,,,,,,,,,42.66667,국수영탐(1),4/3,,,,,,,,,,,,,,,,,,,,,
경상권,부산,남구,동명대,인문,유아교육과,유아교육과,유지,유지,면접,2.88,2.47,일반고교과,4.5,4.02,,,,창의인재,4.5,4.28,,,,42.66667,국수영탐(1),5/-,,,,,,,,,,,,,,,,,,,,,
경상권,경남,김해시,인제대,자연,의생명보건계열,식품영양•식품공학부,유지,유지,면접,4.62,3.83,학생부교과,5,4.86,,,,,,,,,,42.66667,국수영탐(2),5/4,,,,,,,,,,,,,,,,,,,,,
전라권,전남,여수시,전남대,자연,조선해양공학과,조선해양공학과,유지,유지,일반,8.45,6.29,,,,,,,고교생활우수자Ⅱ,,,,,,42.55,국수탐(2),4/5,,,,,,,,,,,,,,,,,,,,,
충청권,충북,제천시,세명대,인문,광고홍보학과,광고홍보학과,유지,유지,일반,5.3,,,,,,,,,,,,,,42.5,국수탐탐 중 2개,5/4,,,,,,,,,,,,,,,,,,,,,
충청권,충북,청주시,서원대,예체능,디자인학과,디자인학과,유지,유지,일반,4.5,3.7,,,,,,,,,,,,,42.4,"국수탐(1) 중 2개, 영어",5/5,,,,,,,,,,,,,,,,,,,,,
경상권,부산,영도구,고신대,인문,의료경영학과,의료경영학부,유지,변경,일반고,4.25,3.48,,,,,,,자기추천100특별,,,,,,42.33333,국수영탐(1),5/4,,,,,,,,,,,,,,,,,,,,,
경상권,부산,부산진구,동의대,자연,기계공학과,기계공학과,유지,유지,일반고교과,5,4.75,,,,,,,학교생활우수자(면접),6.95,5.65,,,,42.33333,국수영탐(2),4/4,,,,,,,,,,,,,,,,,,,,,
경상권,부산,사상구,신라대,자연,치위생학과,치위생학과,유지,유지,면접우수자,4.5,4.2,일반고교과,4.2,4,,,,학생부종합Ⅰ,5.3,5.3,,,,42.33333,국수영탐(1),2/-,,,,,,,,,,,,,,,,,,,,,
경상권,경남,창원시,경남대,자연,소방안전공학과,소방안전공학과,신설,유지,일반면접,,,일반,4.8,4.3,,,,일반,2.9,2.4,,,,42.25,국수영탐(1),4/2,,,,,,,,,,,,,,,,,,,,,
경상권,부산,금정구,부산가톨릭대,인문,상담심리학과,상담심리학과,유지,유지,교과성적우수자,4.8,4.5,,,,,,,고교학생부,4.97,4.97,자기추천,7.64,7.64,42.16667,국수영탐(2),5/3,,,,,,,,,,,,,,,,,,,,,
경상권,경남,김해시,인제대,자연,공학계열,실내건축학과,유지,변경,면접,4.34,3.66,학생부교과,5.28,5.11,,,,,,,,,,42.16667,국수영탐(2),4/7,,,,,,,,,,,,,,,,,,,,,
경상권,경북,김천시,김천대,자연,방사선학과,방사선학과,,,일반교과,5.16,5.04,일반면접,6.18,5.07,,,,,,,,,,42,"국수 중 1개, 영탐(1)",5/4,,,,,,,,,,,,,,,,,,,,,
경인권,경기,용인시,루터대,인문,휴먼케어디자인학부,휴먼케어서비스학부,유지,변경,일반,5,5,,,,,,,,,,,,,41.85714,국영탐(1),5/-,,,,,,,,,,,,,,,,,,,,,
경상권,부산,남구,경성대,인문,영어영문학과,영어영문학과,유지,유지,일반계고교과,4.6,4.5,일반계고면접,5.2,5.1,,,,학교생활우수자,6.68,6.47,,,,41.83333,국수영탐(2),4/-,,,,,,,,,,,,,,,,,,,,,
경상권,부산,남구,경성대,인문,국제무역통상학과,국제무역통상학과,유지,유지,일반계고교과,4.5,4.3,일반계고면접,4.7,4.7,,,,학교생활우수자,6.39,6.11,,,,41.66667,국수영탐(2),4/-,,,,,,,,,,,,,,,,,,,,,
경상권,부산,금정구,부산가톨릭대,자연,산업안전보건학과,산업안전보건학과,유지,유지,교과성적우수자,3.5,3.5,,,,,,,고교학생부,5.26,5.26,자기추천,,,41.66667,국수영탐(2),6/3,,,,,,,,,,,,,,,,,,,,,
경상권,부산,사상구,신라대,인문,교육학과,교육학과,유지,유지,면접우수자,4.1,4.1,일반고교과,6.8,3.5,,,,학생부종합Ⅱ,6.2,6.2,,,,41.66667,국수영탐(1),4/-,,,,,,,,,,,,,,,,,,,,,
충청권,충북,청주시,서원대,자연,환경공학과,환경공학과,유지,유지,일반,6.3,6.1,,,,,,,,,,,,,41.6,"국수탐(1) 중 2개, 영어",5/5,,,,,,,,,,,,,,,,,,,,,
충청권,충북,제천시,세명대,자연,컴퓨터학부,컴퓨터학부,유지,유지,일반,5.32,,,,,,,,,,,,,,41.5,국수탐탐 중 2개,5/6,,,,,,,,,,,,,,,,,,,,,
경상권,부산,사상구,동서대,인문,캠퍼스아시아학과,캠퍼스아시아학과,유지,유지,고교생활우수자,4.4,4.4,일반계교과,4,3.6,학생부면접,4.2,2.4,학생부종합,5.72,5.72,,,,41.33333,국수영탐(1),4/-,,,,,,,,,,,,,,,,,,,,,
경상권,부산,부산진구,동의대,인문,국어국문학과,국어국문학과,유지,유지,일반고교과,5.16,4.83,,,,,,,학교생활우수자(면접),6.47,6.47,,,,41.33333,국수영탐(2),5/2,,,,,,,,,,,,,,,,,,,,,
경상권,부산,사상구,신라대,인문,유아교육과,유아교육과,유지,유지,면접우수자,4.2,3.5,일반고교과,4.1,6.1,,,,학생부종합Ⅱ,5.1,5.1,,,,41.33333,국수영탐(1),5/-,,,,,,,,,,,,,,,,,,,,,
경상권,경남,김해시,인제대,자연,미디어?콘텐츠계열,문화콘텐츠학과,유지,변경,면접,3.88,3.88,학생부교과,4.73,3.8,,,,,,,,,,41.33333,국수영탐(2),4/3,,,,,,,,,,,,,,,,,,,,,
경인권,경기,화성시,화성의과학대,인문,의료사회복지학과,의료사회복지학과,유지,유지,일반,4.61,4,,,,,,,,,,,,,41.33333,"국수영 중 2개, 탐(1)",4/5,,,,,,,,,,,,,,,,,,,,,
전라권,광주,남구,송원대,자연,보건안전관리학과,보건안전관리학과,유지,유지,학생부우수자-일반,6.75,6.5,,,,,,,,,,,,,41.28593,국수영,4/3,,,,,,,,,,,,,,,,,,,,,
경상권,경남,창원시,경남대,인문,무역물류학과,무역물류학과,유지,유지,일반면접,,,일반,5.3,5.1,,,,,,,,,,41.25,국수영탐(1),4/2,,,,,,,,,,,,,,,,,,,,,
충청권,충북,청주시,서원대,자연,바이오코스메틱학과,바이오코스메틱학과,유지,유지,인문계고,6,4.8,일반,5.9,4.8,,,,,,,,,,41.2,"국수탐(1) 중 2개, 영어",4/4,,,,,,,,,,,,,,,,,,,,,
전라권,전남,영암시,세한대,자연,물리치료학과,물리치료학과,유지,유지,일반학생,5.1,4.4,,,,,,,,,,,,,41,국수영탐(1),5/-,,,,,,,,,,,,,,,,,,,,,
전라권,전북,익산시,원광대,자연,안전보건학과,안전보건학과,유지,유지,일반,6.28,5.64,,,,,,,학생부종합,6.2,6.2,,,,41,"국수 중 1개, 영탐(1)",4/3,,,,,,,,,,,,,,,,,,,,,
경상권,경남,김해시,인제대,인문,사회과학계열,상담심리치료학과,유지,변경,면접,4.92,4.73,학생부교과,3.66,3.57,,,,,,,,,,41,국수영탐(2),3/3,,,,,,,,,,,,,,,,,,,,,
충청권,충남,금산군,중부대,자연,반려동물학부,반려동물행동복지학전공,유지,변경,학생부우수자,3.8,3.2,,,,,,,,,,,,,40.95,"국수영 중 2개, 탐(1)한 중 1개",5/3,,,,,,,,,,,,,,,,,,,,,
경상권,부산,부산진구,동의대,인문,창업투자경영학과,창업투자경영학과,유지,유지,일반고교과,5.33,5.08,,,,,,,학교생활우수자(면접),6.45,6.45,,,,40.83333,국수영탐(2),4/3,,,,,,,,,,,,,,,,,,,,,
강원권,강원,강릉시,가톨릭관동대,인문,조리외식경영학전공,조리외식경영학전공,유지,유지,일반,6.17,6,,,,,,,,,,,,,40.8,"국수탐(2) 중 2개, 영",5/-,,,,,,,,,,,,,,,,,,,,,
경인권,경기,포천시,대진대,자연,식품영양학과,식품영양학과,유지,유지,학교장추천,2.86,2.8,학생부우수자,3.44,3.34,,,,윈윈대진,5.14,5.1,,,,40.8,"국수영 중 1개, 남은+탐(1)한 중 1개",4/4,,,,,,,,,,,,,,,,,,,,,
전라권,광주,남구,광주대,예체능,뷰티미용학과,뷰티미용학과,유지,유지,일반학생,6.56,5.63,,,,,,,,,,,,,40.51653,국수영탐(1),6/4,,,,,,,,,,,,,,,,,,,,,
전라권,광주,남구,광주대,예체능,사진영상미디어학과,사진영상학과,유지,변경,일반학생,5.94,5.56,,,,,,,,,,,,,40.51653,국수영탐(1),6/4,,,,,,,,,,,,,,,,,,,,,
전라권,광주,남구,광주대,예체능,산업디자인학과,산업디자인학과,유지,유지,일반학생,7.25,6.5,,,,,,,,,,,,,40.51653,국수영탐(1),6/4,,,,,,,,,,,,,,,,,,,,,
전라권,광주,남구,광주대,예체능,스포츠과학부,스포츠과학부,유지,유지,일반학생,6.75,6.06,,,,,,,,,,,,,40.51653,국수영탐(1),6/4,,,,,,,,,,,,,,,,,,,,,
전라권,광주,남구,광주대,예체능,시각영상디자인학과,시각영상디자인학과,유지,유지,일반학생,5.81,5.56,,,,,,,,,,,,,40.51653,국수영탐(1),6/4,,,,,,,,,,,,,,,,,,,,,
전라권,광주,남구,광주대,예체능,인테리어디자인학과,인테리어디자인학과,유지,유지,일반학생,6.44,5.94,,,,,,,,,,,,,40.51653,국수영탐(1),6/4,,,,,,,,,,,,,,,,,,,,,
전라권,광주,남구,광주대,예체능,패션주얼리디자인학과,패션주얼리디자인학과,유지,유지,일반학생,7.56,6.81,,,,,,,,,,,,,40.51653,국수영탐(1),6/4,,,,,,,,,,,,,,,,,,,,,
경상권,부산,부산진구,동의대,자연,로봇공학과,로봇공학과,유지,유지,일반고교과,6,5.66,,,,,,,학교생활우수자(면접),7.3,7.3,,,,40.5,국수영탐(2),4/2,,,,,,,,,,,,,,,,,,,,,
경상권,부산,부산진구,동의대,자연,로봇공학과,로봇공학과,유지,유지,일반고교과,6,5.66,,,,,,,학교생활우수자(면접),7.3,7.3,,,,40.5,국수영탐(2),4/2,,,,,,,,,,,,,,,,,,,,,
경상권,부산,사상구,동서대,공통,자유전공학부,자유전공학부,유지,유지,고교생활우수자,5,4.7,일반계교과,5.4,5,학생부면접,5.7,4.7,학생부종합,7.27,6.21,,,,40.33667,국수영탐(1),4/-,,,,,,,,,,,,,,,,,,,,,
경상권,부산,부산진구,동의대,자연,화학공학과,화학공학과,유지,유지,일반고교과,4.5,4.25,,,,,,,학교생활우수자(면접),7.76,7.76,,,,40.33333,국수영탐(2),4/4,,,,,,,,,,,,,,,,,,,,,
전라권,전남,나주시,동신대,자연,스포츠의학과,스포츠의학과,유지,유지,면접,6.99,6.37,일반,6.66,6.61,,,,,,,,,,40.2774,국수영탐(1)한,6/6,,,,,,,,,,,,,,,,,,,,,
경상권,부산,사상구,동서대,인문,경영학부,경영학부,유지,유지,고교생활우수자,4.6,4.2,일반계교과,5.5,4.9,학생부면접,5.2,5.2,학생부종합,7.79,6.16,,,,40.25333,국수영탐(1),5/-,,,,,,,,,,,,,,,,,,,,,
강원권,강원,원주시,연세대(미래),예체능,디자인예술학부,디자인예술학부,,,,,,,,,,,,학교생활우수자,4.24,3.93,,,,40.25,국영,4/4,,,,,,,,,,,,,,,,,,,,,
경상권,경북,경산시,대구한의대,자연,물리치료학과,물리치료학과,유지,유지,일반,2.86,2.52,,,,,,,일반,3.49,3.35,,,,40.2,국수영탐(1),5/7,,,,,,,,,,,,,,,,,,,,,
경상권,부산,남구,경성대,자연,메카트로닉스공학과,메카트로닉스공학과,유지,유지,일반계고교과,5.7,5,일반계고면접,5.3,5,,,,학교생활우수자,7.62,6.23,,,,40,국수영탐(2),5/-,,,,,,,,,,,,,,,,,,,,,
경상권,부산,남구,동명대,자연,"건축학과(4년,5년)","건축학과(4년,5년)",유지,유지,면접,,,일반고교과,4.75,4.32,,,,창의인재,,,,,,40,국수영탐(1),4/-,,,,,,,,,,,,,,,,,,,,,
충청권,충북,제천시,세명대,자연,전기전자공학과,전기전자공학과,유지,유지,면접우수자,5.8,,일반,6.1,,,,,,,,,,,40,국수탐탐 중 2개,4/4,,,,,,,,,,,,,,,,,,,,,
경상권,부산,사상구,신라대,인문,영어교육과,영어교육과,유지,유지,면접우수자,4.3,3.8,일반고교과,4,4,,,,학생부종합Ⅱ,4.4,4.4,,,,40,국수영탐(1),3/-,,,,,,,,,,,,,,,,,,,,,
경상권,부산,부산진구,동의대,자연,바이오의약학과,바이오의약학과,유지,유지,일반고교과,4.66,4.58,,,,,,,학교생활우수자(면접),6.85,6.85,,,,39.83333,국수영탐(2),5/6,,,,,,,,,,,,,,,,,,,,,
경상권,부산,부산진구,동의대,자연,의생명공학과,의생명공학과,유지,유지,일반고교과,4.83,4.58,,,,,,,학교생활우수자(면접),6.17,5.75,,,,39.83333,국수영탐(2),4/5,,,,,,,,,,,,,,,,,,,,,
경상권,부산,금정구,부산가톨릭대,자연,언어청각치료학과,언어청각치료학과,유지,유지,교과성적우수자,4.6,4.2,,,,,,,고교학생부,6.28,6.19,자기추천,,,39.83333,국수영탐(2),6/3,,,,,,,,,,,,,,,,,,,,,
경상권,경남,김해시,인제대,인문,경영계열,경영학과,유지,변경,면접,5.34,5.34,학생부교과,4.75,4.67,,,,,,,,,,39.83333,국수영탐(2),5/1,,,,,,,,,,,,,,,,,,,,,
경상권,부산,사상구,동서대,자연,스마트모빌리티학부,스마트모빌리티학부,유지,유지,고교생활우수자,,,일반계교과,4.9,4.9,학생부면접,,,학생부종합,7.15,6.47,,,,39.70667,국수영탐(1),5/-,,,,,,,,,,,,,,,,,,,,,
경상권,부산,남구,동명대,인문,광고홍보학과,광고홍보학과,유지,유지,면접,,,일반고교과,4.63,4.32,,,,창의인재,,,,,,39.66667,국수영탐(1),6/-,,,,,,,,,,,,,,,,,,,,,
경상권,부산,남구,동명대,자연,반려동물산업학부,반려동물산업학부,유지,유지,면접,5,4.66,일반고교과,5.25,4.5,,,,창의인재,,,,,,39.66667,국수영탐(1),5/-,,,,,,,,,,,,,,,,,,,,,
경상권,부산,남구,동명대,자연,애견미용•행동교정학과,애견미용•행동교정학과,유지,유지,면접,5.13,4.3,일반고교과,3,2.48,,,,창의인재,5.38,5,,,,39.66667,국수영탐(1),5/-,,,,,,,,,,,,,,,,,,,,,
경상권,부산,남구,경성대,예체능,연극영화학과(영화전공),연극영화학과(영화전공),유지,유지,일반계고교과,3,2.7,,,,,,,,,,,,,39.5,국수영탐(2),3/-,,,,,,,,,,,,,,,,,,,,,
경상권,부산,남구,경성대,자연,정보통신공학과,정보통신공학과,유지,유지,일반계고교과,5.5,5.4,일반계고면접,5.2,5.2,,,,학교생활우수자,6.27,6.04,,,,39.5,국수영탐(2),3/-,,,,,,,,,,,,,,,,,,,,,
충청권,충북,제천시,세명대,공통,자율전공학부,자율전공학부,유지,유지,일반,6.5,,,,,,,,,,,,,,39.5,국수탐탐 중 2개,4/5,,,,,,,,,,,,,,,,,,,,,
경상권,부산,사상구,동서대,자연,건축공학과,건축공학과,유지,유지,고교생활우수자,,,일반계교과,6.8,4.8,학생부면접,5.9,5.9,학생부종합,7.71,7.71,,,,39.43,국수영탐(1),5/-,,,,,,,,,,,,,,,,,,,,,
경상권,경북,경산시,경일대,예체능,스포츠지도학과,스포츠지도학과,유지,유지,면접,5.7,,일반,4.58,,,,,,,,,,,39.38,국수영탐(1) 중 3개,4/2,,,,,,,,,,,,,,,,,,,,,
경상권,부산,남구,경성대,자연,스마트바이오학과,스마트바이오학과,유지,유지,일반계고교과,5,4.7,일반계고면접,5.5,5.1,,,,학교생활우수자,6.12,6.03,,,,39.33333,국수영탐(2),3/-,,,,,,,,,,,,,,,,,,,,,
경상권,부산,부산진구,동의대,인문,문헌정보학과,문헌정보학과,유지,유지,일반고교과,4.33,3.91,,,,,,,학교생활우수자(면접),6.46,5.95,,,,39.33333,국수영탐(2),4/4,,,,,,,,,,,,,,,,,,,,,
경상권,경남,김해시,인제대,자연,공학계열,전기•배터리공학과,유지,변경,면접,5.2,4.88,학생부교과,5.26,5.26,,,,,,,,,,39.33333,국수영탐(2),3/2,,,,,,,,,,,,,,,,,,,,,
경상권,경남,김해시,인제대,인문,유아교육과,유아교육과,유지,유지,면접,4.85,4.74,학생부교과,5,4.83,,,,,,,,,,39.33333,국수영탐(2),3/2,,,,,,,,,,,,,,,,,,,,,
전라권,전남,여수시,전남대,자연,문화콘텐츠학부,문화콘텐츠학부,유지,유지,일반,4.52,4.45,,,,,,,고교생활우수자Ⅱ,5.95,5.85,,,,39.3,국수탐(2),4/4,,,,,,,,,,,,,,,,,,,,,
전라권,전남,여수시,전남대,자연,문화콘텐츠학부(멀티미디어전공),문화콘텐츠학부(멀티미디어전공),유지,유지,일반,6.33,5.56,,,,,,,,,,,,,39.3,국수탐(2),4/4,,,,,,,,,,,,,,,,,,,,,
전라권,전남,여수시,전남대,자연,문화콘텐츠학부(전자상거래전공),문화콘텐츠학부(전자상거래전공),유지,유지,일반,6.85,6.5,,,,,,,,,,,,,39.3,국수탐(2),4/4,,,,,,,,,,,,,,,,,,,,,
충청권,충북,제천시,세명대,자연,반려동물산업학과,반려동물산업학과,유지,유지,일반,5.8,,,,,,,,,,,,,,39,국수탐탐 중 2개,5/5,,,,,,,,,,,,,,,,,,,,,
경상권,부산,사상구,신라대,자연,외식조리학,"식품영양베이커리학부(식품영양전공,베이커리전공)",유지,변경,면접우수자,6.2,4,일반고교과,6.6,4.8,,,,학생부종합Ⅰ,5.5,5,,,,39,국수영탐(1),3/-,,,,,,,,,,,,,,,,,,,,,
경상권,부산,사상구,동서대,자연,보건행정학과,보건행정학과,유지,유지,고교생활우수자,4.1,4.1,일반계교과,4,4,학생부면접,5,4.5,학생부종합,6.7,5.39,,,,38.93333,국수영탐(1),5/-,,,,,,,,,,,,,,,,,,,,,
경상권,부산,금정구,부산가톨릭대,자연,컴퓨터정보공학과,컴퓨터정보공학과,유지,유지,교과성적우수자,4.3,4.3,,,,,,,고교학생부,7.05,6.7,자기추천,,,38.83333,국수영탐(2),5/1,,,,,,,,,,,,,,,,,,,,,
경상권,경남,창원시,경남대,인문,경호보안학과,경호보안학과,유지,유지,일반면접,5.7,5.7,일반,5.6,5.3,,,,일반,5.6,5.3,,,,38.75,국수영탐(1),4/2,,,,,,,,,,,,,,,,,,,,,
강원권,강원,강릉시,가톨릭관동대,인문,의료경영학전공,의료경영학전공,유지,유지,일반,6.48,5.96,,,,,,,,,,,,,38.55,"국수탐(2) 중 2개, 영",4/-,,,,,,,,,,,,,,,,,,,,,
경상권,경남,창원시,경남대,자연,미래자동차학과,미래자동차학과,유지,유지,일반,6,5.3,,,,,,,,,,,,,38.5,국수영탐(1),4/2,,,,,,,,,,,,,,,,,,,,,
경상권,경남,창원시,경남대,인문,여행항공관광학과,여행항공관광학과,유지,변경,일반면접,5.4,2.8,일반,5.1,5.1,,,,일반,5.1,5.1,,,,38.5,국수영탐(1),4/2,,,,,,,,,,,,,,,,,,,,,
경상권,경남,진주시,경상국립대,자연,자연과학자율전공,자연과학자율전공,유지,폐지,일반,4.72,4.65,,,,,,,,,,,,,38.5,국수영탐(2),4/-,,,,,,,,,,,,,,,,,,,,,
경상권,경남,진주시,경상국립대,공통,자율전공학부,자연과학자율전공,유지,신설,일반,4.72,4.65,,,,,,,,,,,,,38.5,국수영탐(2),4/-,,,,,,,,,,,,,,,,,,,,,
경상권,부산,남구,경성대,자연,빅데이터응용통계학과,빅데이터응용통계학과,유지,유지,일반계고교과,5.5,4.9,일반계고면접,6.1,5.8,,,,학교생활우수자,6.4,5.38,,,,38.5,국수영탐(2),5/-,,,,,,,,,,,,,,,,,,,,,
경상권,경북,경산시,대구한의대,자연,미술심리치료학과,미술심리치료학과,유지,유지,일반,5.8,4.04,,,,,,,일반,5.9,4.4,,,,38.5,국수영탐(1),4/5,,,,,,,,,,,,,,,,,,,,,
경상권,경북,경산시,대구한의대,자연,반려동물산업학과,반려동물산업학과,유지,유지,면접,4.9,4.6,일반,5.7,5.25,,,,일반,5.6,5.6,,,,38.5,국수영탐(1),4/5,,,,,,,,,,,,,,,,,,,,,
경상권,경북,경산시,대구한의대,자연,보건의료행정학과,보건의료행정학과,유지,유지,일반,6.23,4.88,,,,,,,일반,5.8,4.8,,,,38.5,국수영탐(1),4/5,,,,,,,,,,,,,,,,,,,,,
경상권,경북,경산시,대구한의대,예체능,뷰티케어학과,뷰티케어학과,유지,유지,면접,5.7,5.2,일반,5.3,3.9,,,,,,,,,,38.5,국수영탐(1),4/5,,,,,,,,,,,,,,,,,,,,,
경상권,경북,경산시,대구한의대,자연,소방안전환경학과,소방안전환경학과,유지,유지,일반,6.24,5.15,,,,,,,일반,5.8,4.6,,,,38.5,국수영탐(1),4/5,,,,,,,,,,,,,,,,,,,,,
경상권,경북,경산시,대구한의대,자연,실내디자인학과,실내건축디자인학과,유지,변경,면접,,,일반,5.6,4.98,,,,,,,,,,38.5,국수영탐(1),4/5,,,,,,,,,,,,,,,,,,,,,
경상권,경북,경산시,대구한의대,자연,재활치료학부,재활치료학부,유지,유지,일반,5.21,4.53,,,,,,,일반,5.23,4.9,,,,38.5,국수영탐(1),4/5,,,,,,,,,,,,,,,,,,,,,
경상권,경북,경산시,대구한의대,자연,제약공학과,제약공학과,유지,유지,일반,6.39,4.7,,,,,,,,,,,,,38.5,국수영탐(1),4/5,,,,,,,,,,,,,,,,,,,,,
경상권,경북,경산시,대구한의대,자연,한방재활스포츠의학과,한방재활스포츠의학과,유지,유지,면접,5.3,5,일반,5.53,4.85,,,,,,,,,,38.5,국수영탐(1),4/5,,,,,,,,,,,,,,,,,,,,,
경상권,경북,경산시,대구한의대,예체능,헤어메이크업디자인학과,헤어메이크업디자인학과,유지,유지,면접,5.56,5.1,일반,6.4,5.26,,,,,,,,,,38.5,국수영탐(1),4/5,,,,,,,,,,,,,,,,,,,,,
경상권,경북,경산시,대구한의대,예체능,호텔외식조리베이커리학과,호텔외식조리베이커리학과,유지,유지,면접,,,일반,6.41,5.3,,,,,,,,,,38.5,국수영탐(1),4/5,,,,,,,,,,,,,,,,,,,,,
경상권,경북,경산시,대구한의대,자연,화장품학과,,신설,신설,,,,,,,,,,,,,,,,38.5,국수영탐(1),4/5,,,,,,,,,,,,,,,,,,,,,
경상권,경북,경산시,대구한의대,자연,화장품학과,화장품학과,유지,유지,일반,5.64,4.1,,,,,,,일반,6,5.7,,,,38.5,국수영탐(1),4/5,,,,,,,,,,,,,,,,,,,,,
전라권,광주,남구,송원대,자연,철도운전?관제시스템학과,철도운전·관제시스템학과,유지,유지,학생부우수자-일반,5.75,5.25,,,,,,,,,,,,,38.40013,국수영탐(2),4/4,,,,,,,,,,,,,,,,,,,,,
전라권,전남,여수시,전남대,자연,스마트수산자원관리학과,스마트수산자원관리학과,유지,유지,일반,6.56,6.24,,,,,,,고교생활우수자Ⅱ,7.02,6.44,,,,38.35,국수탐(2),4/4,,,,,,,,,,,,,,,,,,,,,
경상권,부산,영도구,고신대,자연,작업치료학과,작업치료학과,유지,유지,일반고,3.97,3.62,,,,,,,자기추천100특별,,,,,,38.33333,국수영탐(1),4/4,,,,,,,,,,,,,,,,,,,,,
경상권,부산,부산진구,동의대,인문,무역학과,무역학과,유지,유지,일반고교과,5.16,4.83,,,,,,,학교생활우수자(면접),5.38,5.06,,,,38.33333,국수영탐(2),4/3,,,,,,,,,,,,,,,,,,,,,
전라권,전북,익산시,원광대,자연,공학1계열,건설환경공학과,유지,변경,일반,5.99,5.49,,,,,,,학생부종합,5.76,5.6,,,,38.33333,"국수 중 1개, 영탐(1)",4/6,,,,,,,,,,,,,,,,,,,,,
경인권,경기,화성시,화성의과학대,인문,경찰과학수사학과,경찰과학수사학과,유지,유지,일반,4.11,4.06,,,,,,,,,,,,,38.33333,"국수영 중 2개, 탐(1)",5/2,,,,,,,,,,,,,,,,,,,,,
전라권,광주,남구,송원대,자연,토목환경공학과(야간),토목환경공학과(야간),유지,유지,학생부우수자-일반,6.75,6.25,,,,,,,,,,,,,38.28538,국수영,3/3,,,,,,,,,,,,,,,,,,,,,
경상권,부산,남구,경성대,자연,AI수리학과,AI수리학과,유지,폐지,일반계고교과,5.3,5.1,일반계고면접,5.4,5.4,,,,학교생활우수자,7.41,6.97,,,,38.16667,국수영탐(2),3/-,,,,,,,,,,,,,,,,,,,,,
충청권,충남,홍성군,청운대,예체능,공연기획경영학과,공연기획경영학과,유지,유지,청운인재-면접,6.33,5.6,,,,,,,,,,,,,38,"국수영 중 2개, 탐구(1)",-/-,,,,,,,,,,,,,,,,,,,,,
강원권,강원,원주시,한라대,예체능,뷰티디자인학과,뷰티디자인학과,유지,유지,일반학생(교과중심),5.4,5.4,일반학생(면접중심),4.62,4.63,,,,운곡인재,6.45,,,,,38,국수영탐(1) 중 2개,6/6,,,,,,,,,,,,,,,,,,,,,
경상권,부산,부산진구,동의대,인문,재무부동산학과,재무부동산학과,유지,유지,일반고교과,6.25,5.9,,,,,,,학교생활우수자(면접),5.66,5.66,,,,37.83333,국수영탐(2),5/3,,,,,,,,,,,,,,,,,,,,,
경상권,부산,부산진구,동의대,인문,중어중국학과,중어중국학과,유지,유지,일반고교과,5.75,5.33,,,,,,,학교생활우수자(면접),6.05,6.05,,,,37.83333,국수영탐(2),3/3,,,,,,,,,,,,,,,,,,,,,
경상권,경남,김해시,인제대,자연,컴퓨터·AI계열,AI소프트웨어학과,유지,유지,학생부교과,5.9,4.82,,,,,,,,,,,,,37.83333,국수영탐(2),4/1,,,,,,,,,,,,,,,,,,,,,
경상권,부산,부산진구,동의대,인문,일본학과,일본학과,유지,유지,일반고교과,4.58,4.41,,,,,,,학교생활우수자(면접),6.7,5.4,,,,37.66667,국수영탐(2),4/6,,,,,,,,,,,,,,,,,,,,,
경상권,경북,경산시,대구한의대,인문,경찰행정학과,경찰행정학과,유지,유지,일반,5.64,4.87,,,,,,,일반,6.4,5.57,,,,37.4,국수영탐(1),5/6,,,,,,,,,,,,,,,,,,,,,
경상권,경북,경산시,대구한의대,인문,사회복지학과,아동청소년복지상담전공,유지,변경,일반,6.4,5.57,,,,,,,일반,6.24,5.9,,,,37.4,국수영탐(1),5/6,,,,,,,,,,,,,,,,,,,,,
경상권,경북,경산시,대구한의대,인문,상담심리학과,상담심리전공,유지,변경,일반,6,4.91,,,,,,,일반,,,,,,37.4,국수영탐(1),5/6,,,,,,,,,,,,,,,,,,,,,
경상권,부산,금정구,부산가톨릭대,인문,사회복지학과,사회복지학과,유지,유지,교과성적우수자,5.2,4.4,,,,,,,고교학생부,6.73,6.59,자기추천,7.78,7.78,37.33333,국수영탐(2),5/5,,,,,,,,,,,,,,,,,,,,,
경상권,경북,경산시,대구한의대,인문,중등특수교육과,중등특수교육과,유지,유지,일반,6.09,4.98,,,,,,,일반,5.35,4,,,,37.2,국수영탐(1),5/4,,,,,,,,,,,,,,,,,,,,,
경상권,경남,김해시,인제대,자연,의생명보건계열,의료IT학과,유지,변경,면접,3.23,3.23,학생부교과,4.7,4.7,,,,,,,,,,37.16667,국수영탐(2),5/4,,,,,,,,,,,,,,,,,,,,,
전라권,전남,목포시,국립목포해양대,자연,항해정보시스템학부,항해정보시스템학부,유지,유지,누구나,2.33,2.06,학생부성적우수자,4.35,4.34,,,,,,,,,,37.1,국수영탐(2),5/2,,,,,,,,,,,,,,,,,,,,,
경상권,부산,남구,경성대,자연,화장품학과,화장품학과,유지,유지,일반계고교과,4.6,4.2,일반계고면접,4.8,4.8,,,,학교생활우수자,6.87,5.32,,,,37,국수영탐(2),4/-,,,,,,,,,,,,,,,,,,,,,
충청권,충북,제천시,세명대,인문,외국어학부,외국어학부,유지,유지,일반,5.4,,,,,,,,,,,,,,37,국수탐탐 중 2개,5/4,,,,,,,,,,,,,,,,,,,,,
경상권,부산,남구,경성대,인문,법학과,법학과,유지,유지,일반계고교과,3.7,3.6,일반계고면접,4.5,4.5,,,,학교생활우수자,6.47,5.93,,,,36.83333,국수영탐(2),6/-,,,,,,,,,,,,,,,,,,,,,
경상권,부산,남구,경성대,자연,소프트웨어학과,소프트웨어학과,유지,유지,일반계고교과,4.6,4.4,일반계고면접,5.4,5.4,,,,학교생활우수자,6.12,5.8,,,,36.83333,국수영탐(2),4/-,,,,,,,,,,,,,,,,,,,,,
경상권,부산,부산진구,동의대,인문,경영정보학과,경영정보학과,유지,유지,일반고교과,5.33,5.08,,,,,,,학교생활우수자(면접),6.72,6.72,,,,36.83333,국수영탐(2),4/4,,,,,,,,,,,,,,,,,,,,,
경상권,부산,부산진구,동의대,자연,식품공학과,식품공학과,유지,유지,일반고교과,5.25,4.91,,,,,,,학교생활우수자(면접),6.72,6.72,,,,36.83333,국수영탐(2),5/5,,,,,,,,,,,,,,,,,,,,,
경상권,부산,부산진구,동의대,인문,회계학과,회계학과,유지,유지,일반고교과,4.83,4.66,,,,,,,학교생활우수자(면접),6.2,6.2,,,,36.83333,국수영탐(2),4/3,,,,,,,,,,,,,,,,,,,,,
경상권,부산,사상구,신라대,자연,수학교육과,수학교육과,유지,유지,면접우수자,3.1,3.1,일반고교과,3.1,3.1,,,,학생부종합Ⅱ,7.6,7.6,,,,36.66667,국수영탐(1),3/-,,,,,,,,,,,,,,,,,,,,,
전라권,전북,익산시,원광대,자연,공학2계열,철도시스템공학부,유지,변경,일반,4.86,4.73,,,,,,,학생부종합,5.77,5.61,,,,36.66667,"국수 중 1개, 영탐(1)",3/3,,,,,,,,,,,,,,,,,,,,,
경상권,경남,창원시,경남대,자연,보건의료정보학과,보건의료정보학과,유지,유지,일반면접,,,일반,5.2,4.6,,,,일반,5.2,4.6,,,,36.5,국수영탐(1),4/2,,,,,,,,,,,,,,,,,,,,,
경상권,경남,창원시,경남대,자연,컴퓨터공학부,컴퓨터공학부,유지,유지,일반면접,5.2,5.2,일반,5.3,4.4,,,,일반,5.3,4.4,,,,36.5,국수영탐(1),4/2,,,,,,,,,,,,,,,,,,,,,
경상권,부산,부산진구,동의대,자연,자동차공학과,자동차공학과,유지,유지,일반고교과,5.16,4.91,,,,,,,학교생활우수자(면접),7.6,7.6,,,,36.5,국수영탐(2),4/1,,,,,,,,,,,,,,,,,,,,,
충청권,대전,서구,배재대,자연,보건의료복지학과,보건의료복지학과,유지,유지,교과,5.3,4.9,일반고교과,5.8,4.9,,,,,,,,,,36.5,국수영탐(1) 중 2개,5/6,,,,,,,,,,,,,,,,,,,,,
경상권,부산,사상구,신라대,인문,경찰행정학과,경찰행정학과,유지,유지,면접우수자,4.3,4,일반고교과,4.8,4.7,,,,학생부종합Ⅰ,4.6,4.4,,,,36.33333,국수영탐(1),3/-,,,,,,,,,,,,,,,,,,,,,
경상권,부산,부산진구,동의대,공통,자유전공,자유전공,유지,유지,일반고교과,4.16,3.91,,,,,,,,,,,,,36.16667,국수영탐(2),6/3,,,,,,,,,,,,,,,,,,,,,
경상권,부산,부산진구,동의대,자연,도시공학과,도시공학과,유지,유지,일반고교과,6,5.91,,,,,,,학교생활우수자(면접),6.59,6.59,,,,36,국수영탐(2),5/4,,,,,,,,,,,,,,,,,,,,,
경상권,부산,부산진구,동의대,자연,소프트웨어융합대학,소프트웨어융합대학,유지,유지,일반고교과,4.91,4.41,,,,,,,학교생활우수자(면접),7.81,7.81,,,,36,국수영탐(2),5/5,,,,,,,,,,,,,,,,,,,,,
경상권,부산,사상구,신라대,자연,물리치료학과,물리치료학과,유지,유지,면접우수자,2.3,2.2,일반고교과,3.3,3.1,,,,학생부종합Ⅰ,3.8,3.5,,,,36,국수영탐(1),4/-,,,,,,,,,,,,,,,,,,,,,
경인권,경기,화성시,화성의과학대,자연,바이오헬스케어학과,바이오헬스케어학과,유지,유지,일반,3.67,3.67,,,,,,,,,,,,,36,"국수영 중 2개, 탐(1)",3/6,,,,,,,,,,,,,,,,,,,,,
경상권,부산,사상구,동서대,예체능,체육학과,체육학과,유지,유지,고교생활우수자,5.8,5.8,일반계교과,3.9,3.6,학생부면접,5,5,학생부종합,5.71,5.17,,,,35.91667,국수영탐(1) 중 3개,6/-,,,,,,,,,,,,,,,,,,,,,
경상권,경남,창원시,경남대,인문,행정학과,행정학과,폐지,유지,일반면접,5.3,5.3,일반,4.3,3.9,,,,일반,4.1,3.7,,,,35.75,국수영탐(1),4/2,,,,,,,,,,,,,,,,,,,,,
경상권,부산,부산진구,동의대,자연,조선해양공학과,조선해양공학과,유지,유지,일반고교과,5.16,4.83,,,,,,,학교생활우수자(면접),4.7,4.26,,,,35.66667,국수영탐(2),4/3,,,,,,,,,,,,,,,,,,,,,
경상권,부산,사상구,신라대,인문,문헌정보학과,문헌정보학과,유지,유지,면접우수자,4.9,4.9,일반고교과,5.5,4.7,,,,학생부종합Ⅰ,4.5,4.2,,,,35.66667,국수영탐(1),3/-,,,,,,,,,,,,,,,,,,,,,
경상권,부산,사상구,동서대,인문,국제통상물류학부,국제통상물류학부,유지,유지,고교생활우수자,,,일반계교과,5.1,5,학생부면접,6,6,학생부종합,6.88,5.53,,,,35.55667,국수영탐(1),4/-,,,,,,,,,,,,,,,,,,,,,
경상권,부산,부산진구,동의대,자연,환경공학과,환경공학과,유지,유지,일반고교과,5.25,4.5,,,,,,,학교생활우수자(면접),7.58,7.58,,,,35.5,국수영탐(2),4/5,,,,,,,,,,,,,,,,,,,,,
충청권,충북,제천시,세명대,인문,호텔경영학과,호텔경영학과,유지,유지,면접우수자,7.5,,일반,6.1,,,,,,,,,,,35.5,국수탐탐 중 2개,4/6,,,,,,,,,,,,,,,,,,,,,
전라권,전남,여수시,전남대,자연,공학계열,공학계열,유지,유지,일반,7.46,5.84,,,,,,,고교생활우수자Ⅱ,6.91,6.25,,,,35.4,국수탐(2),5/5,,,,,,,,,,,,,,,,,,,,,
전라권,전남,여수시,전남대,자연,해양수산광역,해양수산광역,유지,유지,일반,7.47,5.85,,,,,,,고교생활우수자Ⅱ,6.75,6.36,,,,35.35,국수탐(2),5/5,,,,,,,,,,,,,,,,,,,,,
충청권,충북,청주시,서원대,인문,아동복지학과,아동복지학과,유지,유지,인문계고,,,일반,6.3,5.5,,,,,,,,,,35.2,"국수탐(1) 중 2개, 영어",5/6,,,,,,,,,,,,,,,,,,,,,
경상권,경남,김해시,인제대,자연,미디어?콘텐츠계열,멀티미디어학과,유지,변경,면접,4.08,4.08,학생부교과,5.5,5.5,,,,,,,,,,35.16667,국수영탐(2),5/7,,,,,,,,,,,,,,,,,,,,,
경상권,부산,사상구,동서대,자연,컴퓨터공학부,컴퓨터공학부,유지,유지,고교생활우수자,4.6,4.4,일반계교과,4.1,3.8,학생부면접,4.5,4.5,학생부종합,5.97,5.1,,,,35.14667,국수영탐(1),5/-,,,,,,,,,,,,,,,,,,,,,
전라권,광주,남구,송원대,자연,간호학과,간호학과,유지,유지,인성우수자-일반(면접),6.25,6,학생부우수자-일반고,6,5.75,,,,,,,,,,35.09943,국수영탐(2),5/6,,,,,,,,,,,,,,,,,,,,,
충청권,대전,서구,배재대,예체능,공연예술학과(영화영상-연기),공연예술학과(영화영상-연기),유지,유지,교과,,,,,,,,,,,,,,,35,국수영탐(1) 중 2개,6/6,,,,,,,,,,,,,,,,,,,,,
충청권,대전,서구,배재대,예체능,공연예술학과(영화영상-연출및스텝),공연예술학과(영화영상-연출및스텝),유지,유지,교과,,,,,,,,,,,,,,,35,국수영탐(1) 중 2개,6/6,,,,,,,,,,,,,,,,,,,,,
전라권,전남,나주시,동신대,인문,소방안전학과,소방안전학과,유지,유지,면접,5.96,5.96,일반,7.28,7.05,,,,,,,,,,34.9986,국수영탐(1)한,4/6,,,,,,,,,,,,,,,,,,,,,
경상권,부산,남구,동명대,자연,언어치료청각재활학과,언어치료청각재활학과,유지,유지,면접,4.5,3.74,일반고교과,4.25,3.77,,,,창의인재,,,,,,34.66667,국수영탐(1),5/-,,,,,,,,,,,,,,,,,,,,,
충청권,충북,제천시,세명대,자연,바이오식품영양학부,바이오식품영양학부,유지,유지,일반,5.7,,,,,,,,,,,,,,34.5,국수탐탐 중 2개,5/4,,,,,,,,,,,,,,,,,,,,,
충청권,충북,제천시,세명대,인문,소방방재학과,소방방재학과,유지,유지,면접우수자,5.6,,일반,5.7,,,,,,,,,,,34.5,국수탐탐 중 2개,5/5,,,,,,,,,,,,,,,,,,,,,
전라권,전남,여수시,전남대,인문,물류교통학과,물류교통학과,유지,유지,일반,5.89,5.61,,,,,,,고교생활우수자Ⅱ,,,,,,34.5,국수탐(2),5/5,,,,,,,,,,,,,,,,,,,,,
전라권,전남,여수시,전남대,인문,국제학부(중국학전공),국제학부(중국학전공),유지,유지,일반,5.58,5.2,,,,,,,고교생활우수자Ⅱ,6.68,6.15,,,,34.4,국수탐(2),5/4,,,,,,,,,,,,,,,,,,,,,
경상권,경남,김해시,인제대,자연,의생명보건계열,의공학과,유지,변경,면접,5.47,5.47,학생부교과,5.28,4.97,,,,,,,,,,34.16667,국수영탐(2),3/7,,,,,,,,,,,,,,,,,,,,,
전라권,광주,남구,송원대,자연,철도운전경영학과,철도운전경영학과,유지,유지,학생부우수자-일반,5.5,5.25,,,,,,,,,,,,,34.1433,국수영,5/4,,,,,,,,,,,,,,,,,,,,,
경상권,부산,부산진구,동의대,인문,영어영문학과,영어영문학과,유지,유지,일반고교과,4.91,4.66,,,,,,,학교생활우수자(면접),5.96,5.96,,,,33.83333,국수영탐(2),4/5,,,,,,,,,,,,,,,,,,,,,
경상권,부산,사상구,동서대,인문,사회복지학과,사회복지학과,유지,유지,고교생활우수자,5.3,5.1,일반계교과,4.9,4.6,학생부면접,4.8,4.8,학생부종합,7.09,5.97,,,,33.79,국수영탐(1),5/-,,,,,,,,,,,,,,,,,,,,,
경상권,부산,사상구,동서대,인문,상담심리학과,상담심리치료학과,유지,변경,고교생활우수자,5.3,5.3,일반계교과,4.2,4.1,학생부면접,5.7,4.4,학생부종합,7.09,5.97,,,,33.79,국수영탐(1),5/-,,,,,,,,,,,,,,,,,,,,,
경상권,부산,사상구,동서대,인문,청소년상담심리학과,상담심리치료학과,유지,변경,고교생활우수자,5.3,5.3,일반계교과,4.2,4.1,학생부면접,5.7,4.4,학생부종합,7.09,5.97,,,,33.79,국수영탐(1),5/-,,,,,,,,,,,,,,,,,,,,,
경상권,경남,창원시,경남대,자연,제약공학과,제약공학과,폐지,유지,일반면접,,,일반,4.3,4.3,,,,일반,2.9,2.4,,,,33.75,국수영탐(1),4/2,,,,,,,,,,,,,,,,,,,,,
전라권,전남,목포시,국립목포해양대,예체능,해양스포츠•레저융합학과,해양스포츠•레저융합학과,유지,유지,누구나,6.51,6.26,학생부성적우수자,,,,,,,,,,,,33.65,국수영탐(2),5/4,,,,,,,,,,,,,,,,,,,,,
경상권,부산,부산진구,동의대,자연,토목공학과,토목공학과,유지,유지,일반고교과,5.66,5.16,,,,,,,학교생활우수자(면접),6.88,4.56,,,,33.5,국수영탐(2),6/4,,,,,,,,,,,,,,,,,,,,,
경상권,부산,부산진구,동의대,자연,화장품공학과,화장품공학과,유지,유지,일반고교과,6.25,5.58,,,,,,,학교생활우수자(면접),7.95,7.77,,,,33.5,국수영탐(2),5/6,,,,,,,,,,,,,,,,,,,,,
경상권,부산,남구,경성대,인문,인문문화학부,인문문화학부,유지,유지,일반계고교과,4.8,4.3,일반계고면접,5.1,4.5,,,,학교생활우수자,6,5.79,,,,33.16667,국수영탐(2),2/-,,,,,,,,,,,,,,,,,,,,,
충청권,충북,괴산군,중원대,인문,글로벌항공서비스학과,항공서비스학과,유지,변경,일반Ⅰ,4.4,4,일반Ⅱ,4.25,3.5,,,,,,,,,,33.007,국수영탐(1) 중 3개,6/-,,,,,,,,,,,,,,,,,,,,,
경상권,부산,남구,경성대,인문,중국학과,중국학과,유지,유지,일반계고교과,5.7,5.4,일반계고면접,5.5,4.8,,,,학교생활우수자,7.38,5.35,,,,33,국수영탐(2),3/-,,,,,,,,,,,,,,,,,,,,,
경상권,부산,남구,동명대,자연,스포츠재활학과,스포츠재활학과,유지,유지,면접,,,일반고교과,3.75,3.69,,,,창의인재,4.63,4.58,,,,33,국수영탐(1),3/-,,,,,,,,,,,,,,,,,,,,,
충청권,충북,제천시,세명대,자연,바이오코스메틱학과,바이오코스메틱학과,유지,유지,일반,5.7,,,,,,,,,,,,,,33,국수탐탐 중 2개,5/4,,,,,,,,,,,,,,,,,,,,,
경상권,경남,김해시,인제대,인문,사회과학계열,사회과학·경영계열,유지,변경,학생부교과,5.74,5.05,,,,,,,,,,,,,33,국수영탐(2),5/2,,,,,,,,,,,,,,,,,,,,,
경상권,부산,남구,동명대,인문,미디어커뮤니케이션학과,미디어커뮤니케이션학과,유지,유지,면접,5.63,5.25,일반고교과,5.13,4.53,,,,창의인재,,,,,,32.66667,국수영탐(1),4/-,,,,,,,,,,,,,,,,,,,,,
충청권,충북,청주시,서원대,자연,AI소프트웨어학과,AI소프트웨어학과,유지,유지,인문계고,,,일반,6.1,5.7,,,,,,,,,,32.4,"국수탐(1) 중 2개, 영어",5/7,,,,,,,,,,,,,,,,,,,,,
경상권,경북,경산시,경일대,인문,항공서비스학과,항공서비스학과,유지,유지,면접,5.08,,일반,5.03,,,,,,,,,,,32.383,국수영탐(1) 중 3개,5/2,,,,,,,,,,,,,,,,,,,,,
전라권,전북,익산시,원광대,예체능,스포츠과학부,스포츠과학부,유지,유지,,,,,,,,,,학생부종합,5.22,4.95,,,,32.33333,"국수 중 1개, 영탐(1)",4/5,,,,,,,,,,,,,,,,,,,,,
충청권,충남,홍성군,청운대,인문,호텔조리베이커리경영학과,호텔조리베이커리경영학과,유지,유지,일반,4.47,4.13,청운인재-면접,5.75,5.17,,,,,,,,,,32,"국수영 중 2개, 탐구(1)",-/-,,,,,,,,,,,,,,,,,,,,,
경상권,부산,금정구,부산가톨릭대,인문,유통마케팅학과,유통마케팅학과,유지,유지,교과성적우수자,5.1,4.9,,,,,,,고교학생부,5.86,5.86,자기추천,7.35,4.67,31.83333,국수영탐(2),5/5,,,,,,,,,,,,,,,,,,,,,
경상권,부산,남구,경성대,예체능,사진학과,사진학과,유지,유지,,,,,,,,,,학교생활우수자,6.69,5.9,,,,31.75,국수영탐(2) 중 2개,5/-,,,,,,,,,,,,,,,,,,,,,
강원권,강원,원주시,경동대,자연,작업치료학과,작업치료학과,유지,유지,일반학생,5.72,5.2,,,,,,,,,,,,,31.66667,국수영탐(1),5/6,,,,,,,,,,,,,,,,,,,,,
경상권,부산,영도구,고신대,인문,재활치료학과,재활치료학과,유지,신설,일반고,3.81,3.63,,,,,,,자기추천100특별,,,,,,31.66667,국수영탐(1),5/6,,,,,,,,,,,,,,,,,,,,,
경상권,부산,남구,경성대,인문,글로컬문화학부,글로컬문화학부,유지,유지,일반계고교과,5.3,4.8,일반계고면접,5,4.8,,,,학교생활우수자,6.97,6.47,,,,31.5,국수영탐(2),3/-,,,,,,,,,,,,,,,,,,,,,
경상권,부산,금정구,부산가톨릭대,자연,소방방재학과,소방방재학과,유지,유지,교과성적우수자,5,4.8,,,,,,,고교학생부,5.82,5.5,자기추천,6.38,6.38,31.33333,국수영탐(2),4/5,,,,,,,,,,,,,,,,,,,,,
충청권,충북,제천시,세명대,인문,사회복지학과,사회복지학과,유지,유지,면접우수자,,,일반,5.6,,,,,,,,,,,31,국수탐탐 중 2개,4/5,,,,,,,,,,,,,,,,,,,,,
경인권,경기,양주시,경동대,예체능,체육학과,체육학과,유지,유지,일반학생,4.94,4.59,,,,,,,,,,,,,30.66667,국수영탐(1),4/6,,,,,,,,,,,,,,,,,,,,,
경상권,부산,부산진구,동의대,인문,e비즈니스학과,e비즈니스학과,유지,유지,일반고교과,5.08,5.08,,,,,,,학교생활우수자(면접),5.11,5.11,,,,30.66667,국수영탐(2),5/3,,,,,,,,,,,,,,,,,,,,,
충청권,충남,당진시,세한대,인문,사회문화복지학부,사회문화복지학부,유지,유지,일반학생,6,4,,,,,,,,,,,,,30.66667,국수영탐(1),6/6,,,,,,,,,,,,,,,,,,,,,
경상권,부산,남구,경성대,자연,에너지과학과,에너지과학과,유지,폐지,일반계고교과,5,4.9,일반계고면접,,,,,,학교생활우수자,5.96,5.96,,,,30.33333,국수영탐(2),4/-,,,,,,,,,,,,,,,,,,,,,
경상권,부산,부산진구,동의대,인문,유통물류학과,유통물류학과,유지,유지,일반고교과,5.75,5.08,,,,,,,학교생활우수자(면접),5.84,5.84,,,,30.33333,국수영탐(2),5/7,,,,,,,,,,,,,,,,,,,,,
경상권,부산,사상구,신라대,인문,일어교육과,일어교육과,유지,유지,면접우수자,3.8,3.8,일반고교과,3.4,3.2,,,,학생부종합Ⅱ,2.9,2.9,,,,30.33333,국수영탐(1),5/-,,,,,,,,,,,,,,,,,,,,,
경상권,부산,남구,동명대,인문,글로벌문화콘텐츠학과,글로벌문화콘텐츠학과,유지,유지,면접,,,일반고교과,,,,,,창의인재,,,,,,30,국수영탐(1),5/-,,,,,,,,,,,,,,,,,,,,,
경상권,부산,금정구,부산가톨릭대,자연,병원경영학과,병원경영학과,유지,유지,교과성적우수자,4.7,4.4,,,,,,,가톨릭지도자추천,,,고교학생부,6.71,6.23,29.83333,국수영탐(2),4/1,,,,,,,,,,,,,,,,,,,,,
경상권,부산,금정구,부산외대,인문,통합모집(자유전공),통합모집(자유전공),유지,유지,교과면접,5.3,4.6,일반고교과,4.6,4,,,,학생부서류,5.1,4.6,,,,29.5,국수영탐(2),4/7,,,,,,,,,,,,,,,,,,,,,
충청권,충북,제천시,세명대,인문,부동산지적학과,부동산지적학과,유지,유지,일반,6.5,,,,,,,,,,,,,,29.5,국수탐탐 중 2개,6/5,,,,,,,,,,,,,,,,,,,,,
경상권,부산,남구,동명대,자연,건축공학과,건축공학과,유지,유지,면접,,,일반고교과,5.88,5.48,,,,창의인재,,,,,,29.33333,국수영탐(1),4/-,,,,,,,,,,,,,,,,,,,,,
경상권,부산,부산진구,동의대,자연,산업경영빅데이터공학과,산업경영빅데이터공학과,유지,유지,일반고교과,6,5.58,,,,,,,학교생활우수자(면접),8,8,,,,29.33333,국수영탐(2),5/2,,,,,,,,,,,,,,,,,,,,,
경상권,경남,김해시,인제대,자연,공학계열,공학계열,유지,유지,학생부교과,6.17,5.12,,,,,,,,,,,,,29.33333,국수영탐(2),4/5,,,,,,,,,,,,,,,,,,,,,
경상권,경남,창원시,경남대,인문,사회복지학과,사회복지학과,유지,유지,일반면접,6,4,일반,4.4,4.3,,,,일반,4.4,4.3,,,,29.25,국수영탐(1),4/2,,,,,,,,,,,,,,,,,,,,,
경상권,부산,남구,경성대,인문,호텔관광경영학전공,호텔관광경영학전공,유지,유지,일반계고교과,3.6,3.5,일반계고면접,4.4,4.4,,,,학교생활우수자,3.75,3.67,,,,29.16667,국수영탐(2),4/-,,,,,,,,,,,,,,,,,,,,,
경상권,경남,김해시,인제대,자연,미디어?콘텐츠계열,미디어·콘텐츠계열,유지,유지,학생부교과,6.4,5.57,,,,,,,,,,,,,29.16667,국수영탐(2),5/6,,,,,,,,,,,,,,,,,,,,,
서울,서울,서대문구,감리교신학대,인문,신학부,신학부,유지,유지,일반,5.96,5.33,,,,,,,,,,,,,29,국영탐(1),6/2,,,,,,,,,,,,,,,,,,,,,
전라권,전남,영암시,세한대,인문,스포츠융합복지학부,스포츠융합복지학부,유지,유지,일반학생,6,5,,,,,,,,,,,,,29,국수영탐(1),5/3,,,,,,,,,,,,,,,,,,,,,
경상권,부산,사상구,동서대,인문,글로벌관광대학,글로벌관광대학,유지,유지,고교생활우수자,5.5,5.4,일반계교과,5.4,4.7,학생부면접,5.2,5.2,학생부종합,6.56,5.53,,,,28.75667,국수영탐(1),5/-,,,,,,,,,,,,,,,,,,,,,
경상권,부산,사상구,신라대,자연,반려동물학부,반려동물학과,유지,유지,면접우수자,5.1,5.1,일반고교과,4.7,4.4,,,,학생부종합Ⅰ,4.8,4.7,,,,28.66667,국수영탐(1),4/-,,,,,,,,,,,,,,,,,,,,,
경상권,부산,사상구,신라대,인문,일본어일본학과,일본어일본학과,유지,유지,면접우수자,,,일반고교과,6.2,5.9,,,,학생부종합Ⅰ,2.9,2.9,,,,28.66667,국수영탐(1),6/-,,,,,,,,,,,,,,,,,,,,,
전라권,광주,광산구,광주여대,자연,AI미디어콘텐츠학과,AI미디어콘텐츠학과,유지,유지,일반학생Ⅱ,7.19,6.93,,,,,,,,,,,,,28.33333,국수영탐(1),4/4,,,,,,,,,,,,,,,,,,,,,
강원권,강원,원주시,경동대,자연,치기공학과,치기공학과,유지,유지,일반학생,5.18,4.91,,,,,,,,,,,,,28,국수영탐(1),5/3,,,,,,,,,,,,,,,,,,,,,
경상권,경남,창원시,국립창원대,인문,법학과,법학과,유지,유지,학업성적우수자,4.17,4.03,,,,,,,계열적합인재,4.75,4.66,,,,27.65,국수영탐(1),3/-,,,,,,,,,,,,,,,,,,,,,
경상권,부산,남구,경성대,인문,경영학과,경영학과,유지,유지,일반계고교과,4,3.8,일반계고면접,4.7,4.5,,,,학교생활우수자,5.97,5.45,,,,27,국수영탐(2),4/-,,,,,,,,,,,,,,,,,,,,,
전라권,전남,여수시,전남대,자연,석유화학소재공학과,석유화학소재공학과,유지,유지,일반,6.78,5.71,,,,,,,고교생활우수자Ⅱ,,6.11,,,,27,국수탐(2),5/6,,,,,,,,,,,,,,,,,,,,,
경상권,부산,부산진구,동의대,인문,아동학과,아동학과,유지,유지,일반고교과,5.25,5,,,,,,,학교생활우수자(면접),6.9,6.9,,,,26.83333,국수영탐(2),5/5,,,,,,,,,,,,,,,,,,,,,
경상권,부산,부산진구,동의대,인문,스마트항만물류학과,스마트항만물류학과,유지,유지,일반고교과,5.32,5.16,,,,,,,학교생활우수자(면접),5.2,5.2,,,,26.66667,국수영탐(2),6/7,,,,,,,,,,,,,,,,,,,,,
경상권,부산,부산진구,동의대,인문,평생교육상담학과,평생교육·청소년상담학과,유지,변경,일반고교과,4.58,4.33,,,,,,,학교생활우수자(면접),6.59,6.59,,,,26.66667,국수영탐(2),6/4,,,,,,,,,,,,,,,,,,,,,
전라권,전남,영암시,세한대,자연,간호학과,간호학과,유지,유지,일반학생,5.1,4.7,,,,,,,,,,,,,26.66667,국수영탐(1),5/-,,,,,,,,,,,,,,,,,,,,,
경상권,부산,남구,경성대,인문,유아교육과,유아교육과,유지,유지,일반계고교과,3.2,3.1,일반계고면접,3.7,3.4,,,,학교생활우수자,4.71,4.52,,,,26.33333,국수영탐(2),5/-,,,,,,,,,,,,,,,,,,,,,
경상권,부산,남구,동명대,인문,경영학과,경영학과,유지,유지,면접,,,일반고교과,5.13,4.81,,,,창의인재,,,,,,26.33333,국수영탐(1),5/-,,,,,,,,,,,,,,,,,,,,,
경상권,부산,남구,동명대,인문,국제통상물류학과,국제통상물류학과,유지,유지,면접,5.6,4.95,일반고교과,5.59,5.01,,,,창의인재,5.88,5.5,,,,26.33333,국수영탐(1),5/-,,,,,,,,,,,,,,,,,,,,,
경상권,부산,남구,동명대,인문,글로벌관광학과,글로벌관광학과,유지,유지,면접,,,일반고교과,5.75,5.17,,,,,,,,,,26.33333,국수영탐(1),5/-,,,,,,,,,,,,,,,,,,,,,
경상권,부산,남구,동명대,자연,호텔조리베이커리학과,호텔조리베이커리학과,유지,유지,면접,,,일반고교과,4.75,4.2,,,,창의인재,,,,,,26.33333,국수영탐(1),5/-,,,,,,,,,,,,,,,,,,,,,
경상권,부산,사상구,신라대,자연,외식조리학,식품조리학과,유지,변경,면접우수자,7,6.4,일반고교과,5.7,5.1,,,,학생부종합Ⅰ,5.4,3.3,,,,26.33333,국수영탐(1),2/-,,,,,,,,,,,,,,,,,,,,,
전라권,광주,남구,송원대,자연,철도운전시스템학과,철도운전시스템학과,유지,유지,학생부우수자-일반,5.5,5.25,,,,,,,,,,,,,25.71407,국수영,6/3,,,,,,,,,,,,,,,,,,,,,
경상권,부산,남구,동명대,예체능,뷰티예술대학,뷰티예술대학,유지,유지,면접,,,일반고교과,,,,,,창의인재,4.63,3.74,,,,25.66667,국수영탐(1),6/-,,,,,,,,,,,,,,,,,,,,,
전라권,광주,남구,송원대,인문,경찰행정학과,경찰행정학과,유지,유지,학생부우수자-일반,5.75,5.5,,,,,,,,,,,,,25.57145,국수영,5/5,,,,,,,,,,,,,,,,,,,,,
전라권,전남,나주시,동신대,자연,응급구조학과,응급구조학과,유지,유지,면접,7.04,6.96,일반,7.02,6.92,,,,,,,,,,25.333,국수영탐(1)한,6/5,,,,,,,,,,,,,,,,,,,,,
강원권,강원,원주시,상지대,인문,군사학과,군사학과,유지,유지,교과일반,5.48,5,,,,,,,,,,,,,25.2,국수영탐(2) 중 2개,8/6,,,,,,,,,,,,,,,,,,,,,
경상권,경남,진주시,경상국립대,예체능,민속예술무용학과,,신설,유지,,,,,,,,,,,,,,,,25.07143,국영탐(2),6/-,,,,,,,,,,,,,,,,,,,,,
경상권,경남,김해시,인제대,자연,컴퓨터·AI계열,컴퓨터·AI계열,유지,변경,학생부교과,5.31,4.89,,,,,,,,,,,,,25,국수영탐(2),4/7,,,,,,,,,,,,,,,,,,,,,
경상권,부산,사상구,신라대,인문,항공서비스학과,항공서비스학과,유지,유지,면접우수자,5.2,4.7,일반고교과,5.2,4,,,,학생부종합Ⅰ,5.6,4.5,,,,24.33333,국수영탐(1),5/-,,,,,,,,,,,,,,,,,,,,,
경상권,부산,부산진구,동의대,예체능,레저스포츠학과,레저스포츠학과,유지,유지,,,,,,,,,,학교생활우수자(면접),6.6,6.6,,,,24.16667,국수영탐(2) 중 3개,4/3,,,,,,,,,,,,,,,,,,,,,
경상권,부산,해운대구,영산대,예체능,레저스포츠관광학과,레저스포츠관광학과,,,"면접(일반고,특성화고)",3.51,3.19,일반계고,2.83,2.54,,,,,,,,,,23.33333,국수영탐(1) 중 3개,6/5,,,,,,,,,,,,,,,,,,,,,
경상권,부산,사상구,동서대,예체능,운동처방학과,운동처방학과,유지,유지,고교생활우수자,6.4,6.4,일반계교과,3.3,3.2,학생부면접,4.1,3.9,학생부종합,5.28,4.75,,,,22.94667,국수영탐(1) 중 3개,5/-,,,,,,,,,,,,,,,,,,,,,
충청권,충북,청주시,서원대,예체능,음악교육과,음악교육과,유지,유지,일반,4.5,3.9,,,,,,,,,,,,,22.8,"국수탐(1) 중 2개, 영어",4/6,,,,,,,,,,,,,,,,,,,,,
경상권,경남,양산시,영산대,인문,자기설계전공,자기설계전공학부,,,교과,6.12,4.77,일반계고,6.63,5.05,,,,,,,,,,22.66667,국수영탐(1),6/5,,,,,,,,,,,,,,,,,,,,,
강원권,강원,강릉시,가톨릭관동대,예체능,실용음악전공,실용음악전공,유지,유지,일반,5.5,5.42,,,,,,,,,,,,,22.55,"국수탐(2) 중 2개, 영",8/-,,,,,,,,,,,,,,,,,,,,,
경상권,부산,부산진구,동의대,예체능,제품디자인공학과,제품디자인공학과,유지,유지,일반고교과,4,3.5,,,,,,,학교생활우수자(면접),6.63,6.63,,,,22.5,국수영탐(2),5/5,,,,,,,,,,,,,,,,,,,,,
충청권,충북,제천시,세명대,예체능,아트&산업디자인학과,산업디자인학과,유지,유지,일반,5,,,,,,,,,,,,,,22.5,국수탐탐 중 2개,5/5,,,,,,,,,,,,,,,,,,,,,
경상권,부산,남구,동명대,자연,게임공학과,게임공학과,유지,유지,일반고교과,4.75,4.3,,,,,,,소프트웨어인재,,,,,,22.33333,국수영탐(1),5/-,,,,,,,,,,,,,,,,,,,,,
경상권,부산,남구,동명대,예체능,게임그래픽학과,게임그래픽학과,유지,유지,일반고교과,4.13,3.95,,,,,,,소프트웨어인재,,,,,,22.33333,국수영탐(1),5/-,,,,,,,,,,,,,,,,,,,,,
경상권,부산,남구,동명대,자연,냉동공조공학과,냉동공조공학과,유지,유지,면접,4.25,3.9,일반고교과,4.13,3.94,,,,창의인재,,,,,,22.33333,국수영탐(1),5/-,,,,,,,,,,,,,,,,,,,,,
경상권,부산,남구,동명대,자연,미래자동차학과,미래자동차학과,유지,유지,면접,,,일반고교과,,,,,,창의인재,3.75,3.41,,,,22.33333,국수영탐(1),5/-,,,,,,,,,,,,,,,,,,,,,
경상권,부산,남구,동명대,자연,인공지능응용학과,소프트웨어학과,유지,변경,면접,5.13,4.98,일반고교과,5.63,4.8,,,,소프트웨어인재,,,,,,22.33333,국수영탐(1),5/-,,,,,,,,,,,,,,,,,,,,,
경상권,부산,남구,동명대,자연,전기제어학부,전기제어학부,유지,유지,면접,5.75,4.27,일반고교과,5.75,5.5,,,,창의인재,,,,,,22.33333,국수영탐(1),5/-,,,,,,,,,,,,,,,,,,,,,
경상권,부산,남구,동명대,자연,컴퓨터공학과,컴퓨터공학과,유지,유지,면접,,,일반고교과,5.5,4.89,,,,소프트웨어인재,,,,,,22.33333,국수영탐(1),5/-,,,,,,,,,,,,,,,,,,,,,
경상권,부산,남구,동명대,자연,항만물류시스템학과,항만물류시스템학과,유지,유지,일반고교과,5,4.5,,,,,,,창의인재,,,,,,22.33333,국수영탐(1),5/-,,,,,,,,,,,,,,,,,,,,,
경상권,부산,부산진구,동의대,예체능,체육학과,체육학과,유지,유지,,,,,,,,,,학교생활우수자(면접),5.6,5.28,,,,22.33333,국수영탐(2) 중 3개,4/5,,,,,,,,,,,,,,,,,,,,,
경상권,경남,양산시,영산대,인문,경찰행정학과,경찰행정학과,,,교과,3.74,3.4,"면접(일반고,특성화고)",4.86,4.35,일반계고,5.1,4.41,,,,,,,22.33333,국수영탐(1),6/5,,,,,,,,,,,,,,,,,,,,,
경상권,부산,해운대구,영산대,인문,항공관광학과,항공관광학과,,,"면접(일반고,특성화고)",6.35,4.59,,,,,,,,,,,,,22.33333,국수영탐(1),7/5,,,,,,,,,,,,,,,,,,,,,
경상권,부산,해운대구,동서대,예체능,연기과,연기과,유지,유지,고교생활우수자,2.6,2.6,일반계교과,3.8,3.8,학생부면접,3.6,3.6,,,,,,,21.58333,국수영탐(1) 중 3개,7/-,,,,,,,,,,,,,,,,,,,,,
전라권,전남,나주시,동신대,자연,식품영양학과,식품영양학과,유지,유지,일반,6.78,6.31,,,,,,,,,,,,,21.388,국수영탐(1)한,8/5,,,,,,,,,,,,,,,,,,,,,
경상권,부산,해운대구,동서대,예체능,뮤지컬엔터테인먼트과,뮤지컬엔터테인먼트과,유지,유지,고교생활우수자,5.7,5.7,일반계교과,2.5,2.5,,,,,,,,,,20.66667,국수영탐(1) 중 3개,6/-,,,,,,,,,,,,,,,,,,,,,
경상권,부산,남구,동명대,예체능,패션디자인학과,패션디자인학과,유지,유지,면접,,,일반고교과,5.13,4.75,,,,창의인재,,,,,,20.33333,국수영탐(1),5/-,,,,,,,,,,,,,,,,,,,,,
충청권,충남,당진시,세한대,자연,AI융합학부,AI융합학부,유지,유지,일반학생,4.8,4,,,,,,,,,,,,,20.33333,국수영탐(1),7/5,,,,,,,,,,,,,,,,,,,,,
경상권,부산,남구,동명대,인문,사회복지학과,사회복지학과,유지,유지,면접,5.5,4.71,일반고교과,5.35,4.75,,,,창의인재,,,,,,20,국수영탐(1),5/-,,,,,,,,,,,,,,,,,,,,,
경상권,경남,김해시,인제대,자연,컴퓨터·AI계열,게임학과,유지,유지,면접,5.27,4.32,학생부교과,5.18,5.18,,,,,,,,,,19.5,국수영탐(2),4/7,,,,,,,,,,,,,,,,,,,,,
경상권,경남,김해시,인제대,자연,컴퓨터·AI계열,스마트물류학과,유지,변경,면접,5.05,5.05,학생부교과,5.03,5.03,,,,,,,,,,19.5,국수영탐(2),4/7,,,,,,,,,,,,,,,,,,,,,
경상권,부산,사상구,신라대,인문,경영학과,경영학과,유지,유지,면접우수자,,,일반고교과,5.4,5.4,,,,학생부종합Ⅰ,,,,,,19.33333,국수영탐(1),4/-,,,,,,,,,,,,,,,,,,,,,
경상권,부산,사상구,신라대,인문,사회복지학과,사회복지학과,유지,유지,면접우수자,4.7,4.7,일반고교과,5.5,4.7,,,,학생부종합Ⅰ,3.1,3.1,,,,19,국수영탐(1),4/-,,,,,,,,,,,,,,,,,,,,,
경상권,부산,남구,동명대,예체능,엔터테인먼트예술학과,엔터테인먼트예술학과,유지,변경,면접,5.4,4.81,일반고교과,5.38,5,,,,창의인재,,,,,,17.66667,국수영탐(1),8/-,,,,,,,,,,,,,,,,,,,,,
경상권,부산,사상구,신라대,인문,호텔관광학부,"호텔관광경영학부(호텔경영전공,관광경영전공)",유지,유지,면접우수자,6.2,6.2,일반고교과,5.7,5.6,,,,학생부종합Ⅰ,,,,,,17,국수영탐(1),3/-,,,,,,,,,,,,,,,,,,,,,
경상권,부산,해운대구,영산대,예체능,게임VR학과,게임VR학과,,,교과,4.63,4.38,일반계고,6.98,5.63,,,,,,,,,,16.33333,국수영탐(1) 중 3개,6/6,,,,,,,,,,,,,,,,,,,,,
경상권,부산,사상구,신라대,자연,실내건축디자인학과,실내건축디자인학과,유지,유지,면접우수자,4.8,4.8,일반고교과,5.8,4.7,,,,학생부종합Ⅰ,4.4,4.4,,,,13.66667,국수영탐(1),4/-,,,,,,,,,,,,,,,,,,,,,
전라권,전북,익산시,원광대,자연,뷰티디자인학부,뷰티디자인학부,유지,유지,일반,5.36,4.87,,,,,,,학생부종합,7.28,7.14,,,,13,"국수 중 1개, 영탐(1)",5/7,,,,,,,,,,,,,,,,,,,,,
경상권,부산,사상구,신라대,인문,미디어문예창작학과,미디어문예창작학과,유지,유지,면접우수자,6.3,4.9,일반고교과,4.6,4.5,,,,학생부종합Ⅰ,5.1,5.1,,,,12,국수영탐(1),4/-,,,,,,,,,,,,,,,,,,,,,
경상권,부산,사상구,신라대,인문,문화콘텐츠학과,문화콘텐츠학과,유지,유지,면접우수자,,,일반고교과,6.3,3.8,,,,학생부종합Ⅰ,,,,,,11.66667,국수영탐(1),5/-,,,,,,,,,,,,,,,,,,,,,
경상권,부산,사상구,신라대,자연,건축학과,건축학과,유지,유지,일반고교과,6.3,6.3,,,,,,,학생부종합Ⅰ,,,,,,10.66667,국수영탐(1),3/-,,,,,,,,,,,,,,,,,,,,,
경상권,부산,사상구,신라대,인문,항공교통물류학부,"항공교통물류학부(항공교통관리전공,항공물류전공)",유지,유지,면접우수자,5.6,5.6,일반고교과,5.3,4.8,,,,학생부종합Ⅰ,6.2,3.6,,,,9.666667,국수영탐(1),3/-,,,,,,,,,,,,,,,,,,,,,
경상권,부산,해운대구,영산대,예체능,AI그래픽학과,AI그래픽콘텐츠학과,,변경,교과,,,일반계고,4.38,4.38,,,,,,,,,,8.666667,국수영탐(1) 중 3개,8/5,,,,,,,,,,,,,,,,,,,,,
경상권,부산,해운대구,영산대,자연,Bakery&Beverage전공,조리예술학부,,신설(학부분리),교과,6.1,4.17,일반계고,5.33,4.38,,,,,,,,,,8.666667,국수영탐(1),8/8,,,,,,,,,,,,,,,,,,,,,
경상권,부산,해운대구,영산대,자연,K-Food조리전공,조리예술학부,,신설(학부분리),교과,6.1,4.17,일반계고,5.33,4.38,,,,,,,,,,8.666667,국수영탐(1),8/8,,,,,,,,,,,,,,,,,,,,,
경상권,부산,해운대구,영산대,자연,동양조리전공,조리예술학부,,신설(학부분리),교과,6.1,4.17,일반계고,5.33,4.38,,,,,,,,,,8.666667,국수영탐(1),8/8,,,,,,,,,,,,,,,,,,,,,
경상권,부산,해운대구,영산대,예체능,"디자인학부(패션디자인전공, 인테리어 도예디자인전공)",디자인학부(실내환경디자인전공),,변경,교과,,,일반계고,7.31,6.19,,,,,,,,,,8.666667,국수영탐(1) 중 3개,8/6,,,,,,,,,,,,,,,,,,,,,
경상권,부산,해운대구,영산대,자연,서양조리전공,조리예술학부,,신설(학부분리),교과,6.1,4.17,일반계고,5.33,4.38,,,,,,,,,,8.666667,국수영탐(1),8/8,,,,,,,,,,,,,,,,,,,,,
충청권,대전,대덕구,대전신학대,인문,신학과,신학과,유지,유지,목회자추천자,7,6,,,,,,,,,,,,,8,국영,8/7,,,,,,,,,,,,,,,,,,,,,
경상권,부산,사상구,신라대,인문,미디어커뮤니케이션학부,"광고홍보영상미디어학부(광고홍보전공,미디어커뮤니케이션,영상크리에이터전공)",유지,변경,면접우수자,5.3,5.3,일반고교과,5.7,5.2,,,,학생부종합Ⅰ,6.2,6.2,,,,6.666667,국수영탐(1),4/-,,,,,,,,,,,,,,,,,,,,,
경상권,경남,김해시,가야대,자연,간호학과,간호학과,유지,유지,가야인재,3.88,3.6,일반학생,3.5,2.75,,,,,,,,,,,"국수영 중 2개, 탐(1)",3/3,,,,,,,,,,,,,,,,,,,,,
경상권,경남,김해시,가야대,자연,방사선학과,방사선학과,유지,유지,일반학생,4.38,4,,,,,,,,,,,,,,"국수영 중 2개, 탐(1)",4/4,,,,,,,,,,,,,,,,,,,,,
경상권,경남,김해시,가야대,인문,사회복지상담학과,사회복지상담학과,유지,유지,일반학생,,,,,,,,,,,,,,,,"국수영 중 2개, 탐(1)",-/-,,,,,,,,,,,,,,,,,,,,,
경상권,경남,김해시,가야대,자연,스포츠재활복지학과,스포츠재활복지학과,유지,유지,일반학생,5,4.63,,,,,,,,,,,,,,"국수영 중 2개, 탐(1)",-/-,,,,,,,,,,,,,,,,,,,,,
경상권,경남,김해시,가야대,공통,자유전공학부,,신설,신설,,,,,,,,,,,,,,,,,,-/-,,,,,,,,,,,,,,,,,,,,,
경상권,경남,김해시,가야대,인문,치유웰니스학과,,신설,신설,,,,,,,,,,,,,,,,,,-/-,,,,,,,,,,,,,,,,,,,,,
경상권,경남,김해시,가야대,인문,특수교육과,특수교육과,유지,유지,일반학생,5.38,4.5,,,,,,,,,,,,,,"국수영 중 2개, 탐(1)",6/5,,,,,,,,,,,,,,,,,,,,,
경인권,경기,성남시,가천대,공통,자유전공학부(자유전공),자유전공,유지,유지,지역균형,5.14,,,,,,,,,,,,,,,,-/-,,,,,,,,,,,,,,,,,,,,,
강원권,강원,강릉시,가톨릭관동대,자연,작업치료학과,,신설,신설,,,,,,,,,,,,,,,,,,-/-,,,,,,,,,,,,,,,,,,,,,
충청권,충북,청주시,가톨릭꽃동네대,인문,자율전공학부,자율전공학부,유지,유지,일반학생,4.6,4.5,,,,,,,,,,,,,,"국수 중 1개, 영탐(2)",-/-,,,,,,,,,,,,,,,,,,,,,
경인권,경기,부천시,가톨릭대,자연,AI의공학과,,신설,신설,,,,,,,,,,,,,,,,,,-/-,,,,,,,,,,,,,,,,,,,,,
경인권,경기,부천시,가톨릭대,자연,바이오로직스공학부,,신설,신설,,,,,,,,,,,,,,,,,,-/-,,,,,,,,,,,,,,,,,,,,,
서울,서울,종로구,가톨릭대,인문,신학과,,신설,유지,,,,,,,,,,,,,,,,,,-/-,,,,,,,,,,,,,,,,,,,,,
경인권,경기,용인시,강남대,예체능,디자인학과,디자인학과,유지,유지,,,,,,,,,,서류면접,4.01,3.75,,,,,,-/-,,,,,,,,,,,,,,,,,,,,,
강원권,강원,춘천시,강원대,자연,동물생명과학대학 자유전공학과,,신설,유지,,,,,,,,,,,,,,,,,,-/-,,,,,,,,,,,,,,,,,,,,,
강원권,강원,춘천시,강원대,공통,문화예술·공과대학 자유전공학과,,신설,유지,,,,,,,,,,,,,,,,,,-/-,,,,,,,,,,,,,,,,,,,,,
강원권,강원,춘천시,강원대,인문,사회과학대학 자유전공학과,,신설,유지,,,,,,,,,,,,,,,,,,-/-,,,,,,,,,,,,,,,,,,,,,
강원권,강원,춘천시,강원대,자연,산림환경과학대학 자유전공학과,,신설,유지,,,,,,,,,,,,,,,,,,-/-,,,,,,,,,,,,,,,,,,,,,
강원권,강원,춘천시,강원대,자연,의생명과학대학 자유전공학과,,신설,유지,,,,,,,,,,,,,,,,,,-/-,,,,,,,,,,,,,,,,,,,,,
강원권,강원,춘천시,강원대,인문,인문대학 자유전공학과,,신설,유지,,,,,,,,,,,,,,,,,,-/-,,,,,,,,,,,,,,,,,,,,,
강원권,강원,춘천시,강원대,자연,자연과학대학 자유전공학과,,신설,유지,,,,,,,,,,,,,,,,,,-/-,,,,,,,,,,,,,,,,,,,,,
강원권,강원,삼척시,강원대(삼척),자연,간호학과,간호학과,명칭변경,유지,일반,3.1,2.7,,,,,,,미래인재Ⅰ,4.3,3.91,미래인재Ⅱ,3.83,3.8,,국수영탐(2) 중 2개,-/-,,,,,,,,,,,,,,,,,,,,,
강원권,강원,삼척시,강원대(삼척),인문,경제금융학과,글로벌인재학부,명칭변경,변경,일반,7.23,6.28,,,,,,,미래인재Ⅰ,7.25,6.38,,,,,국수영탐(2) 중 2개,-/-,,,,,,,,,,,,,,,,,,,,,
강원권,강원,삼척시,강원대(삼척),인문,공공행정학과,글로벌인재학부,명칭변경,변경,일반,7.23,6.28,,,,,,,미래인재Ⅰ,7.25,6.38,,,,,국수영탐(2) 중 2개,-/-,,,,,,,,,,,,,,,,,,,,,
강원권,강원,삼척시,강원대(삼척),자연,공학대학 자유전공학과,공학대학 무전공학과,명칭변경,변경,일반,7.5,7.13,,,,,,,미래인재Ⅰ,7.17,7.17,,,,,국수영탐(2) 중 2개,-/-,,,,,,,,,,,,,,,,,,,,,
강원권,강원,삼척시,강원대(삼척),인문,관광학과,글로벌인재학부,명칭변경,변경,일반,7.23,6.28,,,,,,,미래인재Ⅰ,7.25,6.38,,,,,국수영탐(2) 중 2개,-/-,,,,,,,,,,,,,,,,,,,,,
강원권,강원,삼척시,강원대(삼척),자연,그린에너지공학과,그린에너지공학과,명칭변경,유지,일반,7.03,6.72,,,,,,,미래인재Ⅰ,6.79,6.13,,,,,국수영탐(2) 중 2개,-/-,,,,,,,,,,,,,,,,,,,,,
강원권,강원,삼척시,강원대(삼척),자연,기계공학과,기계공학과,명칭변경,유지,일반,7.14,6.66,,,,,,,미래인재Ⅰ,7.02,6.78,,,,,국수영탐(2) 중 2개,-/-,,,,,,,,,,,,,,,,,,,,,
강원권,강원,삼척시,강원대(삼척),자연,도시건축학과(5년제),건설융합학부,명칭변경,변경,일반,6.83,6.21,,,,,,,미래인재Ⅰ,5.27,4.79,,,,,국수영탐(2) 중 2개,-/-,,,,,,,,,,,,,,,,,,,,,
강원권,강원,삼척시,강원대(삼척),자연,물리치료학과,물리치료학과,명칭변경,유지,일반,2.83,2.07,,,,,,,미래인재Ⅰ,3.68,3.34,미래인재Ⅱ,4.04,3.97,,국수영탐(2) 중 2개,-/-,,,,,,,,,,,,,,,,,,,,,
강원권,강원,삼척시,강원대(삼척),자연,미래토목건설공학과,건설융합학부,명칭변경,변경,일반,6.83,6.21,,,,,,,미래인재Ⅰ,5.27,4.79,,,,,국수영탐(2) 중 2개,-/-,,,,,,,,,,,,,,,,,,,,,
강원권,강원,삼척시,강원대(삼척),자연,바이오기능성소재학과,바이오기능성소재학과,명칭변경,유지,일반,7.03,6.72,,,,,,,미래인재Ⅰ,6.34,6.34,,,,,국수영탐(2) 중 2개,-/-,,,,,,,,,,,,,,,,,,,,,
강원권,강원,삼척시,강원대(삼척),자연,방사선학과,방사선학과,명칭변경,유지,일반,3.25,2.89,,,,,,,미래인재Ⅰ,4.43,4.16,미래인재Ⅱ,4.09,3.98,,국수영탐(2) 중 2개,-/-,,,,,,,,,,,,,,,,,,,,,
강원권,강원,삼척시,강원대(삼척),인문,사회복지학과,사회복지학과,명칭변경,유지,일반,4.85,4.69,,,,,,,미래인재Ⅰ,6.01,5.72,미래인재Ⅱ,6.19,5.11,,국수영탐(2) 중 2개,-/-,,,,,,,,,,,,,,,,,,,,,
강원권,강원,삼척시,강원대(삼척),예체능,생활조형디자인학과,생활조형디자인학과,명칭변경,유지,,,,,,,,,,미래인재Ⅰ,6.25,5.67,,,,,,-/-,,,,,,,,,,,,,,,,,,,,,
강원권,강원,삼척시,강원대(삼척),자연,소방방재학부,소방방재학부,명칭변경,유지,일반,5.94,5.19,,,,,,,미래인재Ⅰ,5.44,5.22,,,,,국수영탐(2) 중 2개,-/-,,,,,,,,,,,,,,,,,,,,,
강원권,강원,삼척시,강원대(삼척),자연,식품영양학과,식품영양학과,명칭변경,유지,일반,5.37,5.01,,,,,,,미래인재Ⅰ,6.51,6.07,,,,,국수영탐(2) 중 2개,-/-,,,,,,,,,,,,,,,,,,,,,
강원권,강원,삼척시,강원대(삼척),자연,안경광학과,안경광학과,명칭변경,유지,일반,7.08,6.6,,,,,,,미래인재Ⅰ,6.18,6.14,,,,,국수영탐(2) 중 2개,-/-,,,,,,,,,,,,,,,,,,,,,
강원권,강원,삼척시,강원대(삼척),인문,영어과,글로벌인재학부,명칭변경,변경,일반,7.23,6.28,,,,,,,미래인재Ⅰ,7.25,6.38,,,,,국수영탐(2) 중 2개,-/-,,,,,,,,,,,,,,,,,,,,,
강원권,강원,삼척시,강원대(삼척),인문,유아교육과,유아교육과,명칭변경,유지,일반,5.06,4.25,,,,,,,미래인재Ⅰ,4.84,4.14,미래인재Ⅱ,4.86,4.86,,국수영탐(2) 중 2개,-/-,,,,,,,,,,,,,,,,,,,,,
강원권,강원,삼척시,강원대(삼척),자연,응급구조학과,응급구조학과,명칭변경,유지,일반,3.14,2.93,,,,,,,미래인재Ⅰ,5.27,4.91,미래인재Ⅱ,6.03,5.48,,국수영탐(2) 중 2개,-/-,,,,,,,,,,,,,,,,,,,,,
강원권,강원,삼척시,강원대(삼척),인문,인문사회대학 자유전공학과,,신설,신설,,,,,,,,,,,,,,,,,,-/-,,,,,,,,,,,,,,,,,,,,,
강원권,강원,삼척시,강원대(삼척),인문,일본학과,일본어학과,명칭변경,변경,일반,5.36,4.86,,,,,,,미래인재Ⅰ,5.11,5.06,,,,,국수영탐(2) 중 2개,-/-,,,,,,,,,,,,,,,,,,,,,
강원권,강원,삼척시,강원대(삼척),인문,자유전공학부(인문계열),자유전공학부(인문계열),명칭변경,유지,일반,7.51,6.89,,,,,,,,,,,,,,국수영탐(2) 중 2개,-/-,,,,,,,,,,,,,,,,,,,,,
강원권,강원,삼척시,강원대(삼척),자연,자유전공학부(자연계열),자유전공학부(자연계열),명칭변경,유지,일반,7.19,6.48,,,,,,,,,,,,,,국수영탐(2) 중 2개,-/-,,,,,,,,,,,,,,,,,,,,,
강원권,강원,삼척시,강원대(삼척),자연,작업치료학과,작업치료학과,명칭변경,유지,일반,4.25,4.09,,,,,,,미래인재Ⅰ,6.15,5.62,미래인재Ⅱ,5.25,5.25,,국수영탐(2) 중 2개,-/-,,,,,,,,,,,,,,,,,,,,,
강원권,강원,삼척시,강원대(삼척),자연,전기공학과,전기공학과,명칭변경,유지,일반,6.17,5.23,,,,,,,미래인재Ⅰ,6.38,5.76,,,,,국수영탐(2) 중 2개,-/-,,,,,,,,,,,,,,,,,,,,,
강원권,강원,삼척시,강원대(삼척),자연,첨단AI공학과,전자·AI시스템공학과,명칭변경,변경,일반,6.78,6.38,,,,,,,미래인재Ⅰ,6.65,6.11,,,,,국수영탐(2) 중 2개,-/-,,,,,,,,,,,,,,,,,,,,,
강원권,강원,삼척시,강원대(삼척),자연,치위생학과,치위생학과,명칭변경,유지,일반,4.77,4.36,,,,,,,미래인재Ⅰ,6.16,5.04,미래인재Ⅱ,6.28,5.69,,국수영탐(2) 중 2개,-/-,,,,,,,,,,,,,,,,,,,,,
강원권,강원,삼척시,강원대(삼척),예체능,휴먼스포츠학과,휴먼스포츠학과,명칭변경,유지,일반,4.77,4.72,,,,,,,미래인재Ⅰ,6.15,5.86,,,,,,-/-,,,,,,,,,,,,,,,,,,,,,
서울,서울,광진구,건국대,인문,문과대학자유전공학부,문과대학자유전공학부,유지,유지,KU지역균형,2.27,2.14,,,,,,,,,,,,,,,-/-,,,,,,,,,,,,,,,,,,,,,
서울,서울,광진구,건국대,인문,사회과학대학융합전공학부,사회과학대학융합전공학부,유지,유지,KU지역균형,2.1,1.92,,,,,,,,,,,,,,,-/-,,,,,,,,,,,,,,,,,,,,,
서울,서울,광진구,건국대,자연,생명과학대학자유전공학부,생명과학대학자유전공학부,유지,유지,KU지역균형,1.96,1.71,,,,,,,,,,,,,,,-/-,,,,,,,,,,,,,,,,,,,,,
서울,서울,광진구,건국대,자연,융합과학기술원자유전공학부,융합과학기술원자유전공학부,유지,유지,KU지역균형,1.67,1.62,,,,,,,,,,,,,,,-/-,,,,,,,,,,,,,,,,,,,,,
서울,서울,광진구,건국대,자연,이과대학자유전공학부,이과대학자유전공학부,유지,유지,KU지역균형,2,2.04,,,,,,,,,,,,,,,-/-,,,,,,,,,,,,,,,,,,,,,
서울,서울,광진구,건국대,인문,일어교육과,일어교육과,유지,유지,KU지역균형,,,,,,,,,KU자기추천,3.76,3.04,,,,,국수영탐(2),-/-,,,,,,,,,,,,,,,,,,,,,
서울,서울,광진구,건국대,인문,지리학과,지리학과,유지,유지,KU지역균형,,,,,,,,,KU자기추천,3.27,2.96,,,,,국수영탐(2),-/-,,,,,,,,,,,,,,,,,,,,,
서울,서울,광진구,건국대,인문,철학과,철학과,유지,유지,KU지역균형,,,,,,,,,KU자기추천,3.34,2.72,,,,,국수영탐(2),-/-,,,,,,,,,,,,,,,,,,,,,
충청권,충남,논산시,건양대,인문,ND산업디자인학부,시각디자인학과,유지,변경,일반학생[교과],5.19,4.97,,,,,,,,,,,,,,,-/-,,,,,,,,,,,,,,,,,,,,,
충청권,충남,논산시,건양대,인문,군사학과(여),군사학과(여),유지,유지,군사학,5.16,4.85,,,,,,,,,,,,,,,-/-,,,,,,,,,,,,,,,,,,,,,
충청권,충남,논산시,건양대,자연,스포츠의학전공,스포츠의학과,유지,변경,일반학생[교과],3.9,3.67,,,,,,,학생부종합,4.66,4.59,,,,,,-/-,,,,,,,,,,,,,,,,,,,,,
충청권,충남,논산시,건양대,자연,식품생명공학과,,신설,신설,,,,,,,,,,,,,,,,,,-/-,,,,,,,,,,,,,,,,,,,,,
충청권,충남,논산시,건양대,자연,유무인항공학과,,신설,신설,,,,,,,,,,,,,,,,,,-/-,,,,,,,,,,,,,,,,,,,,,
충청권,충남,논산시,건양대,인문,유아교육과,유아교육과,유지,유지,일반학생[교과],5.64,5.47,,,,,,,학생부종합,5.38,5.19,,,,,,-/-,,,,,,,,,,,,,,,,,,,,,
경인권,경기,수원시,경기대,예체능,Fine Arts 학부,Fine Arts 학부,유지,유지,학교장추천,3.28,3.28,,,,,,,KGU학생부종합,3.89,3.79,,,,,,-/-,,,,,,,,,,,,,,,,,,,,,
경인권,경기,수원시,경기대,예체능,디자인비즈학부,디자인비즈학부,유지,유지,,,,,,,,,,KGU학생부종합,3.92,3.79,,,,,,-/-,,,,,,,,,,,,,,,,,,,,,
서울,서울,서대문구,경기대,인문,호텔외식경영학부,호텔외식경영학부,유지,유지,교과성적우수자,1.64,1.64,학교장추천,2.98,2.89,,,,KGU학생부종합,3.38,3.37,,,,,국수영탐(1),-/-,,,,,,,,,,,,,,,,,,,,,
경상권,경남,창원시,경남대,자연,게임학과,게임학과,유지,유지,일반면접,4.9,3.4,일반,5,4.2,,,,일반,,,,,,,국수영탐(1),-/-,,,,,,,,,,,,,,,,,,,,,
경상권,경남,창원시,경남대,인문,디지털마케팅학과,디지털마케팅학과,유지,유지,일반면접,5.5,5.5,일반,6.1,5.7,,,,일반,,,,,,,국수영탐(1),-/-,,,,,,,,,,,,,,,,,,,,,
경상권,경남,창원시,경남대,인문,미디어영상학과,미디어영상학과,유지,유지,일반면접,4.5,4.5,일반,4,3.4,,,,일반,4,3.4,,,,,국수영탐(1),-/-,,,,,,,,,,,,,,,,,,,,,
경상권,경남,창원시,경남대,예체능,미술교육과,미술교육과,유지,유지,일반면접,3.8,3,,,,,,,,,,,,,,,-/-,,,,,,,,,,,,,,,,,,,,,
경상권,경남,창원시,경남대,자연,외식조리학과,외식조리학과,유지,유지,일반면접,5.6,5.6,일반,4.3,4.2,,,,일반,4.3,4.2,,,,,국수영탐(1),-/-,,,,,,,,,,,,,,,,,,,,,
경상권,경남,창원시,경남대,예체능,웹툰·디자인학과,웹툰·디자인학과,유지,유지,,,,,,,,,,일반,,,,,,,,-/-,,,,,,,,,,,,,,,,,,,,,
경상권,경남,창원시,경남대,예체능,음악교육과,음악교육과,유지,유지,일반면접,4.3,3.6,,,,,,,,,,,,,,,-/-,,,,,,,,,,,,,,,,,,,,,
경상권,경남,창원시,경남대,자연,응급구조학과,응급구조학과,유지,유지,일반,4.4,4.3,,,,,,,,,,,,,,국수영탐(1),-/-,,,,,,,,,,,,,,,,,,,,,
경상권,경남,창원시,경남대,자연,작업치료학과,작업치료학과,유지,유지,일반,4.9,4.8,,,,,,,일반,4.9,4.8,,,,,국수영탐(1),-/-,,,,,,,,,,,,,,,,,,,,,
경상권,경남,창원시,경남대,자연,전자SW공학과,전자SW공학과,폐지,유지,일반면접,,,,,,,,,,,,,,,,,-/-,,,,,,,,,,,,,,,,,,,,,
경상권,경남,창원시,경남대,자연,정보통신AI공학과,정보통신AI공학과,폐지,유지,일반면접,,,,,,,,,,,,,,,,,-/-,,,,,,,,,,,,,,,,,,,,,
경인권,경기,양주시,경동대,인문,군사학과,군사학과,유지,유지,일반학생,4.83,4.39,,,,,,,,,,,,,,국수영탐(1),-/-,,,,,,,,,,,,,,,,,,,,,
경상권,대구,북구,경북대,자연,생물교육과,생물교육과,유지,유지,교과우수자,2.88,2.72,,,,,,,일반학생,3.45,3.43,,,,,국수영탐(2),-/-,,,,,,,,,,,,,,,,,,,,,
경상권,경북,상주시,경북대,자연,위치정보시스템학과,위치정보시스템학과,유지,유지,교과우수자,6.19,5.78,,,,,,,,,,,,,,국수영탐(1),-/-,,,,,,,,,,,,,,,,,,,,,
경상권,대구,북구,경북대,인문,유럽어교육학부(독어교육전공),유럽어교육학부(독어교육전공),유지,유지,교과우수자,3.67,3.67,,,,,,,,,,,,,,국수영탐(2),-/-,,,,,,,,,,,,,,,,,,,,,
경상권,대구,북구,경북대,인문,인문대학 자율학부,인문대학 자율학부,유지,유지,교과우수자,3.33,3.28,,,,,,,일반학생,4.23,3.7,,,,,국수영탐(2),-/-,,,,,,,,,,,,,,,,,,,,,
경상권,대구,북구,경북대,자연,지구과학교육과,지구과학교육과,유지,유지,교과우수자,3.55,3.18,,,,,,,일반학생,3.19,3.12,,,,,국수영탐(2),-/-,,,,,,,,,,,,,,,,,,,,,
경상권,경남,진주시,경상국립대,예체능,체육교육과,체육교육과,유지,유지,일반,3.2,3.6,,,,,,,,,,,,,,국영탐(2),-/-,,,,,,,,,,,,,,,,,,,,,
경상권,부산,남구,경성대,예체능,산업디자인학과,산업디자인학과,유지,유지,,,,,,,,,,학교생활우수자,6.79,5.59,,,,,,-/-,,,,,,,,,,,,,,,,,,,,,
경상권,부산,남구,경성대,예체능,스포츠건강학과,스포츠건강학과,유지,유지,,,,,,,,,,학교생활우수자,5.03,5,,,,,,-/-,,,,,,,,,,,,,,,,,,,,,
경상권,부산,남구,경성대,예체능,시각디자인학과,시각디자인학과,유지,유지,,,,,,,,,,학교생활우수자,5.44,4.68,,,,,,-/-,,,,,,,,,,,,,,,,,,,,,
경상권,부산,남구,경성대,예체능,음악학과,음악학부,유지,유지,,,,,,,,,,학교생활우수자,5.63,5.63,,,,,,-/-,,,,,,,,,,,,,,,,,,,,,
경상권,부산,남구,경성대,공통,자율전공학부,,신설,유지,,,,,,,,,,,,,,,,,,-/-,,,,,,,,,,,,,,,,,,,,,
경상권,경북,구미시,경운대,공통,G커리어대학(야),,유지,신설,,,,,,,,,,,,,,,,,,-/-,,,,,,,,,,,,,,,,,,,,,
경상권,경북,구미시,경운대,공통,G커리어대학(주),,유지,신설,,,,,,,,,,,,,,,,,,-/-,,,,,,,,,,,,,,,,,,,,,
경상권,경북,구미시,경운대,자연,간호학과,간호학과,유지,유지,교과1,3.6,3.2,교과2,3.7,3.1,,,,창의인재,4.6,3.8,,,,,국수영탐(1) 중 3개,-/-,,,,,,,,,,,,,,,,,,,,,
경상권,경북,구미시,경운대,인문,경찰학과,경찰행정학과,유지,변경,교과1,6.5,5.7,교과2,6.5,5.9,,,,,,,,,,,국수영탐(1) 중 3개,-/-,,,,,,,,,,,,,,,,,,,,,
경상권,경북,구미시,경운대,인문,군사학과,군사학과,신설,유지,교과2,6,5.5,,,,,,,,,,,,,,국수영탐(1) 중 3개,-/-,,,,,,,,,,,,,,,,,,,,,
경상권,경북,구미시,경운대,자연,디자인융합학부,디자인융합학부,유지,폐지,교과1,7,5.9,교과2,7,6,,,,,,,,,,,국수영탐(1) 중 3개,-/-,,,,,,,,,,,,,,,,,,,,,
경상권,경북,구미시,경운대,자연,무인항공기학부,무인항공기학부,유지,폐지,교과1,6.7,5.5,교과2,6.8,5.8,,,,창의인재,7.3,6,,,,,국수영탐(1) 중 3개,-/-,,,,,,,,,,,,,,,,,,,,,
경상권,경북,구미시,경운대,자연,물리치료학과,물리치료학과,유지,유지,교과1,3.9,3.4,교과2,4.5,3.9,,,,창의인재,4.9,4,,,,,국수영탐(1) 중 3개,-/-,,,,,,,,,,,,,,,,,,,,,
경상권,경북,구미시,경운대,자연,반도체학과,반도체학과,유지,유지,교과1,6.7,5.8,교과2,6.5,5.6,,,,,,,,,,,국수영탐(1) 중 3개,-/-,,,,,,,,,,,,,,,,,,,,,
경상권,경북,구미시,경운대,인문,상담심리사회복지학부,보건의료·상담복지학부,유지,변경,교과1,6.5,5.7,,,,,,,,,,,,,,국수영탐(1) 중 3개,-/-,,,,,,,,,,,,,,,,,,,,,
경상권,경북,구미시,경운대,자연,소프트웨어학부,소프트웨어학부,유지,폐지,교과1,7,5.9,,,,,,,창의인재,,,,,,,국수영탐(1) 중 3개,-/-,,,,,,,,,,,,,,,,,,,,,
경상권,경북,구미시,경운대,예체능,스포츠지도학과,스포츠지도학과,유지,유지,교과2,6.7,6.2,,,,,,,,,,,,,,국수영탐(1) 중 3개,-/-,,,,,,,,,,,,,,,,,,,,,
경상권,경북,구미시,경운대,예체능,웹툰애니메이션디자인학과,,유지,신설,,,,,,,,,,,,,,,,,,-/-,,,,,,,,,,,,,,,,,,,,,
경상권,경북,구미시,경운대,자연,임상병리학과,임상병리학과,유지,유지,교과1,5.8,4.5,교과2,5.8,4.7,,,,창의인재,5.9,5.5,,,,,국수영탐(1) 중 3개,-/-,,,,,,,,,,,,,,,,,,,,,
경상권,경북,구미시,경운대,자연,작업치료학과,작업치료학과,유지,유지,교과1,6.1,4.9,교과2,6.5,5.3,,,,,,,,,,,국수영탐(1) 중 3개,-/-,,,,,,,,,,,,,,,,,,,,,
경상권,경북,구미시,경운대,자연,재난안전학과,산업재난안전학과,유지,변경,교과1,7,5.7,,,,,,,,,,,,,,국수영탐(1) 중 3개,-/-,,,,,,,,,,,,,,,,,,,,,
경상권,경북,구미시,경운대,자연,치위생학과,치위생학과,유지,유지,교과1,5.9,4.6,교과2,6,4.8,,,,창의인재,6.1,5.6,,,,,국수영탐(1) 중 3개,-/-,,,,,,,,,,,,,,,,,,,,,
경상권,경북,구미시,경운대,인문,항공관제물류학과,항공관제물류학과,유지,폐지,교과1,6.5,5.4,,,,,,,,,,,,,,국수영탐(1) 중 3개,-/-,,,,,,,,,,,,,,,,,,,,,
경상권,경북,구미시,경운대,예체능,항공보안경호학부,항공보안경호학부,유지,폐지,교과2,6.9,6.5,,,,,,,,,,,,,,국수영탐(1) 중 3개,-/-,,,,,,,,,,,,,,,,,,,,,
경상권,경북,구미시,경운대,인문,항공산업대학통합,,유지,신설,,,,,,,,,,,,,,,,,국수영탐(1) 중 3개,-/-,,,,,,,,,,,,,,,,,,,,,
경상권,경북,구미시,경운대,인문,항공서비스학과,항공서비스학과,유지,폐지,교과1,6.5,5.4,교과2,6.9,5.8,,,,,,,,,,,,-/-,,,,,,,,,,,,,,,,,,,,,
경상권,경북,구미시,경운대,자연,항공운항학과,항공운항학과,유지,유지,교과2,4.5,3.5,,,,,,,,,,,,,,국수영탐(1) 중 3개,-/-,,,,,,,,,,,,,,,,,,,,,
경상권,경북,구미시,경운대,자연,항공정비학부,항공정비학부,유지,폐지,교과1,6.7,5.5,교과2,6.8,5.8,,,,창의인재,7.2,6,,,,,국수영탐(1) 중 3개,-/-,,,,,,,,,,,,,,,,,,,,,
경인권,인천,계양구,경인교대,인문,초등교육과,초등교육과,유지,유지,학교장추천,2.76,2.54,,,,,,,교직적성,2.37,2.25,,,,,,-/-,,,,,,,,,,,,,,,,,,,,,
경상권,경북,경산시,경일대,예체능,디자인융합학부,디자인학부,유지,유지,면접,,,일반,,,,,,학생부종합,,,,,,,국수영탐(1) 중 3개,-/-,,,,,,,,,,,,,,,,,,,,,
경상권,경북,경산시,경일대,예체능,만화애니메이션학부,만화애니메이션학부,유지,유지,면접,4.05,,일반,2.59,,,,,,,,,,,,국수영탐(1) 중 3개,-/-,,,,,,,,,,,,,,,,,,,,,
경상권,경북,경산시,경일대,예체능,미디어크리에이터학과,미디어크리에이터학과,유지,유지,일반,3.92,,,,,,,,,,,,,,,국수영탐(1) 중 3개,-/-,,,,,,,,,,,,,,,,,,,,,
경상권,경북,경산시,경일대,자연,방위산업시스템학과,방위산업시스템학과,유지,유지,,,,,,,,,,조기취업계약학과,,,,,,,국수영탐(1) 중 3개,-/-,,,,,,,,,,,,,,,,,,,,,
경상권,경북,경산시,경일대,예체능,뷰티스타일학과,뷰티학과,유지,변경,면접,,,일반,,,,,,학생부종합,,,,,,,국수영탐(1) 중 3개,-/-,,,,,,,,,,,,,,,,,,,,,
경상권,경북,경산시,경일대,자연,스마트경영공학과,스마트경영공학과,유지,유지,,,,,,,,,,조기취업계약학과,,,,,,,국수영탐(1) 중 3개,-/-,,,,,,,,,,,,,,,,,,,,,
경상권,경북,경산시,경일대,자연,스마트전력인프라학과,스마트전력인프라학과,유지,유지,,,,,,,,,,조기취업계약학과,,,,,,,국수영탐(1) 중 3개,-/-,,,,,,,,,,,,,,,,,,,,,
경상권,경북,경산시,경일대,자연,스마트팩토리융합학과,스마트팩토리융합학과,유지,유지,,,,,,,,,,조기취업계약학과,,,,,,,국수영탐(1) 중 3개,-/-,,,,,,,,,,,,,,,,,,,,,
경상권,경북,경산시,경일대,자연,스마트푸드테크학과,스마트푸드테크학과,유지,유지,,,,,,,,,,조기취업계약학과,,,,,,,국수영탐(1) 중 3개,-/-,,,,,,,,,,,,,,,,,,,,,
경상권,경북,경산시,경일대,자연,에너지솔루션학과,에너지솔루션학과,유지,유지,,,,,,,,,,조기취업계약학과,,,,,,,국수영탐(1) 중 3개,-/-,,,,,,,,,,,,,,,,,,,,,
경상권,경북,경산시,경일대,자연,자동화융합전공,,유지,신설,,,,,,,,,,,,,,,,,,-/-,,,,,,,,,,,,,,,,,,,,,
경상권,경북,경산시,경일대,예체능,축구학과,축구학과,유지,유지,면접,4.48,,,,,,,,,,,,,,,국수영탐(1) 중 3개,-/-,,,,,,,,,,,,,,,,,,,,,
경상권,경북,경산시,경일대,예체능,피트니스산업학부,피트니스산업학부,유지,유지,일반,4.68,,,,,,,,,,,,,,,국수영탐(1) 중 3개,-/-,,,,,,,,,,,,,,,,,,,,,
경인권,경기,용인시,경희대,예체능,도예학과,도예학과,유지,유지,지역균형,1.9,1.9,,,,,,,네오르네상스,3.5,3,,,,,,-/-,,,,,,,,,,,,,,,,,,,,,
경인권,경기,용인시,경희대,예체능,시각디자인학과,시각디자인학과,유지,유지,지역균형,1.5,1.5,,,,,,,네오르네상스,2.11,1.6,,,,,,-/-,,,,,,,,,,,,,,,,,,,,,
경상권,대구,달서구,계명대,인문,경영학과[야],경영학과[야],유지,유지,일반,3.94,3.43,,,,,,,일반,3.94,3.43,,,,,국수영탐(2),-/-,,,,,,,,,,,,,,,,,,,,,
경상권,대구,남구,계명대,예체능,공예디자인과,공예디자인과,유지,유지,,,,,,,,,,일반,3.7,3.24,,,,,"국수 중 1개, 영탐(2)",-/-,,,,,,,,,,,,,,,,,,,,,
경상권,대구,달서구,계명대,인문,기독교학과,기독교학과,유지,유지,일반,5.86,5.61,,,,,,,일반,5.86,5.61,,,,,국수영탐(2),-/-,,,,,,,,,,,,,,,,,,,,,
경상권,대구,남구,계명대,예체능,사진영상미디어과,사진영상미디어과,유지,유지,,,,,,,,,,일반,,,,,,,,-/-,,,,,,,,,,,,,,,,,,,,,
경상권,대구,달서구,계명대,예체능,사회체육학과,사회체육학과,유지,유지,,,,,,,,,,일반,4.53,4.53,,,,,"국수 중 1개, 영탐(2)",-/-,,,,,,,,,,,,,,,,,,,,,
경상권,대구,남구,계명대,예체능,산업디자인과,산업디자인과,유지,유지,,,,,,,,,,일반,2.45,2.18,,,,,"국수 중 1개, 영탐(2)",-/-,,,,,,,,,,,,,,,,,,,,,
경상권,대구,달서구,계명대,자연,스마트제조공학과,스마트제조공학과,유지,폐지,일반,,,,,,,,,일반,,,,,,,국수영탐(2),-/-,,,,,,,,,,,,,,,,,,,,,
경상권,대구,남구,계명대,예체능,시각디자인과,시각디자인과,유지,유지,,,,,,,,,,일반,3.28,3.14,,,,,"국수 중 1개, 영탐(2)",-/-,,,,,,,,,,,,,,,,,,,,,
경상권,대구,달서구,계명대,예체능,실용음악음향과,,신설,유지,,,,,,,,,,,,,,,,,,-/-,,,,,,,,,,,,,,,,,,,,,
경상권,대구,달서구,계명대,예체능,연극뮤지컬과,,신설,유지,,,,,,,,,,,,,,,,,,-/-,,,,,,,,,,,,,,,,,,,,,
경상권,대구,남구,계명대,예체능,영상애니메이션과,영상애니메이션과,유지,유지,,,,,,,,,,일반,2.68,2.68,,,,,"국수 중 1개, 영탐(2)",-/-,,,,,,,,,,,,,,,,,,,,,
경상권,대구,남구,계명대,예체능,웹툰과,웹툰과,유지,유지,,,,,,,,,,일반,3.03,3.03,,,,,"국수 중 1개, 영탐(2)",-/-,,,,,,,,,,,,,,,,,,,,,
경상권,대구,달서구,계명대,예체능,체육학과,체육학과,유지,유지,,,,,,,,,,일반,3.83,3.76,,,,,"국수 중 1개, 영탐(2)",-/-,,,,,,,,,,,,,,,,,,,,,
경상권,대구,남구,계명대,예체능,텍스타일디자인과,텍스타일디자인과,유지,유지,,,,,,,,,,일반,3.71,3.71,,,,,"국수 중 1개, 영탐(2)",-/-,,,,,,,,,,,,,,,,,,,,,
경상권,대구,남구,계명대,예체능,패션디자인과,패션디자인과,유지,유지,,,,,,,,,,일반,3.64,3.4,,,,,"국수 중 1개, 영탐(2)",-/-,,,,,,,,,,,,,,,,,,,,,
서울,서울,성북구,고려대,자연,공과대학,공과대학,유지,유지,,,,,,,,,,학업우수,2.03,1.88,,,,,국수탐(2),-/-,,,,,,,,,,,,,,,,,,,,,
서울,서울,성북구,고려대,인문,국제학부,국제학부,유지,유지,학교추천,1.56,1.49,,,,,,,계열적합,2.81,2.49,학업우수,2.44,2.2,,국수탐(2),-/-,,,,,,,,,,,,,,,,,,,,,
서울,서울,성북구,고려대,인문,글로벌한국융합학부,글로벌한국융합학부,유지,유지,,,,,,,,,,계열적합,3.22,3.17,,,,,국수탐(2),-/-,,,,,,,,,,,,,,,,,,,,,
서울,서울,성북구,고려대,인문,언어학과,언어학과,유지,유지,학교추천,1.5,1.49,,,,,,,계열적합,,,학업우수,2.43,2.17,,국수탐(2),-/-,,,,,,,,,,,,,,,,,,,,,
서울,서울,성북구,고려대,인문,역사교육과,역사교육과,유지,유지,학교추천,1.51,1.49,,,,,,,계열적합,2.26,2.14,학업우수,2.22,1.93,,국수탐(2),-/-,,,,,,,,,,,,,,,,,,,,,
서울,서울,성북구,고려대,자연,융합에너지공학과,융합에너지공학과,유지,유지,학교추천,1.4,1.38,,,,,,,계열적합,,,학업우수,1.92,1.76,,국수탐(2),-/-,,,,,,,,,,,,,,,,,,,,,
서울,서울,성북구,고려대,인문,한국사학과,한국사학과,유지,유지,학교추천,1.55,1.54,,,,,,,계열적합,,,학업우수,2.28,2.07,,국수탐(2),-/-,,,,,,,,,,,,,,,,,,,,,
서울,서울,성북구,고려대,인문,한문학과,한문학과,유지,유지,학교추천,1.62,1.61,,,,,,,계열적합,,,학업우수,2.1,2.07,,국수탐(2),-/-,,,,,,,,,,,,,,,,,,,,,
충청권,세종,세종,고려대(세종),인문,자유전공학부(공공정책),,유지,신설,,,,,,,,,,,,,,,,,,-/-,,,,,,,,,,,,,,,,,,,,,
충청권,세종,세종,고려대(세종),자연,자유전공학부(과학기술),,유지,신설,,,,,,,,,,,,,,,,,,-/-,,,,,,,,,,,,,,,,,,,,,
충청권,세종,세종,고려대(세종),인문,자유전공학부(글로벌비즈니스),,유지,신설,,,,,,,,,,,,,,,,,,-/-,,,,,,,,,,,,,,,,,,,,,
충청권,세종,세종,고려대(세종),예체능,자유전공학부(문화스포츠),,유지,신설,,,,,,,,,,,,,,,,,,-/-,,,,,,,,,,,,,,,,,,,,,
경상권,부산,영도구,고신대,인문,기독교교육과,기독교교육과,유지,유지,일반고,6.24,,,,,,,,자기추천2080특별,,,,,,,국수영탐(1),-/-,,,,,,,,,,,,,,,,,,,,,
경상권,부산,영도구,고신대,인문,미디어영상마케팅학과,디지털영상마케팅학과,유지,변경,일반고,5.27,4.52,,,,,,,자기추천2080특별,,,,,,,국수영탐(1),-/-,,,,,,,,,,,,,,,,,,,,,
경상권,부산,영도구,고신대,자연,바이오과학수사학과,,변경,신설,,,,,,,,,,,,,,,,,,-/-,,,,,,,,,,,,,,,,,,,,,
경상권,부산,영도구,고신대,인문,사회복지학과,사회복지학과,유지,유지,일반고,5.45,5,,,,,,,자기추천100특별,,,,,,,국수영탐(1),-/-,,,,,,,,,,,,,,,,,,,,,
경상권,부산,영도구,고신대,예체능,시각디자인학과,시각디자인학과,유지,유지,일반고,5.13,4.23,,,,,,,자기추천100특별,,,,,,,,-/-,,,,,,,,,,,,,,,,,,,,,
경상권,부산,영도구,고신대,자연,식품영양학과,식품영양조리학부,유지,변경,일반고,4.94,4,,,,,,,자기추천100특별,,,,,,,국수영탐(1),-/-,,,,,,,,,,,,,,,,,,,,,
경상권,부산,영도구,고신대,인문,신학과,신학과,유지,유지,일반고,4.38,3.39,,,,,,,자기추천100특별,,,자기추천2080특별,,,,국수영탐(1),-/-,,,,,,,,,,,,,,,,,,,,,
경상권,부산,영도구,고신대,인문,아동복지학과,아동복지학과,유지,폐지,일반고,5.11,,,,,,,,자기추천100특별,,,,,,,국수영탐(1),-/-,,,,,,,,,,,,,,,,,,,,,
경상권,부산,영도구,고신대,자연,언어청각치료학과,언어치료학과,유지,변경,일반고,4.6,4.13,,,,,,,자기추천100특별,,,,,,,국수영탐(1),-/-,,,,,,,,,,,,,,,,,,,,,
경상권,부산,영도구,고신대,인문,유아교육과,유아교육과,유지,유지,일반고,4.75,4.38,,,,,,,자기추천2080특별,,,,,,,국수영탐(1),-/-,,,,,,,,,,,,,,,,,,,,,
경상권,부산,영도구,고신대,자연,응급구조학과,응급구조학과,유지,유지,일반고,3.5,3.31,,,,,,,자기추천100특별,,,자기추천2080특별,,,,국수영탐(1),-/-,,,,,,,,,,,,,,,,,,,,,
경상권,부산,영도구,고신대,인문,자율전공학부,자율전공학부,유지,유지,일반고,4,,,,,,,,자기추천100특별,,,자기추천2080특별,,,,국수영탐(1),-/-,,,,,,,,,,,,,,,,,,,,,
충청권,충남,공주시,공주교대,인문,초등교육과,초등교육과,유지,유지,,,,,,,,,,교직적성인재,2.61,2.4,,,,,,-/-,,,,,,,,,,,,,,,,,,,,,
전라권,광주,북구,광신대,인문,복지상담융합학부,복지상담융합학부,유지,유지,기독인재양성 특별,8,,일반,,,,,,,,,,,,,,-/-,,,,,,,,,,,,,,,,,,,,,
전라권,광주,북구,광신대,인문,신학과,신학과,유지,유지,기독인재양성 특별,7,,,,,,,,,,,,,,,,-/-,,,,,,,,,,,,,,,,,,,,,
전라권,광주,북구,광신대,인문,유아교육과,유아교육과,유지,유지,기독인재양성 특별,,,일반,,,,,,,,,,,,,,-/-,,,,,,,,,,,,,,,,,,,,,
전라권,광주,북구,광신대,인문,한국어교육학과,한국어교육학과,유지,유지,일반,,,,,,,,,,,,,,,,,-/-,,,,,,,,,,,,,,,,,,,,,
전라권,전남,나주시,광주가톨릭대,인문,신학과,신학과,유지,유지,교구장(수도회장상)추천,,,학생부A,,,학생부B,,,,,,,,,,,-/-,,,,,,,,,,,,,,,,,,,,,
전라권,광주,북구,광주교대,인문,초등교육과,초등교육과,변경,,,,,,,,,,,교직적성우수자,2.75,2.55,,,,,,-/-,,,,,,,,,,,,,,,,,,,,,
전라권,광주,남구,광주대,인문,창의융합학부,,유지,신설,,,,,,,,,,,,,,,,,,-/-,,,,,,,,,,,,,,,,,,,,,
전라권,광주,광산구,광주여대,인문,경찰행정학과,경찰행정학과,유지,유지,일반학생Ⅱ,7.1,6.31,,,,,,,,,,,,,,,-/-,,,,,,,,,,,,,,,,,,,,,
전라권,광주,광산구,광주여대,인문,국제학부,국제학부,폐지,폐지,일반학생Ⅱ,,,,,,,,,,,,,,,,,-/-,,,,,,,,,,,,,,,,,,,,,
전라권,광주,광산구,광주여대,인문,무도경호학과,무도경호학과,폐지,폐지,일반학생Ⅱ,,,,,,,,,,,,,,,,,-/-,,,,,,,,,,,,,,,,,,,,,
전라권,광주,광산구,광주여대,예체능,미용과학과,미용과학부,유지,변경,일반학생Ⅱ,6.91,5.9,,,,,,,,,,,,,,,-/-,,,,,,,,,,,,,,,,,,,,,
전라권,광주,광산구,광주여대,자연,반려동물보건학과,반려동물보건학과,유지,유지,일반학생Ⅱ,6.72,6.22,,,,,,,,,,,,,,국수영탐(1),-/-,,,,,,,,,,,,,,,,,,,,,
전라권,광주,광산구,광주여대,자연,보건행정학과,보건행정학과,폐지,폐지,일반학생Ⅱ,6.73,6.35,,,,,,,,,,,,,,,-/-,,,,,,,,,,,,,,,,,,,,,
전라권,광주,광산구,광주여대,인문,사회복지학과,사회복지학과,유지,유지,일반학생Ⅱ,6.57,6.52,,,,,,,,,,,,,,,-/-,,,,,,,,,,,,,,,,,,,,,
전라권,광주,광산구,광주여대,인문,상담심리학과,상담심리학과,유지,유지,일반학생Ⅱ,6.35,6,,,,,,,,,,,,,,,-/-,,,,,,,,,,,,,,,,,,,,,
전라권,광주,광산구,광주여대,예체능,스포츠재활학과,스포츠학과,유지,변경,일반학생Ⅰ,6.6,5.68,,,,,,,,,,,,,,국수영탐(1),-/-,,,,,,,,,,,,,,,,,,,,,
전라권,광주,광산구,광주여대,자연,식품콘텐츠학과,식품콘텐츠학과,유지,유지,일반학생Ⅱ,5.7,5.7,,,,,,,,,,,,,,,-/-,,,,,,,,,,,,,,,,,,,,,
전라권,광주,광산구,광주여대,예체능,실내건축디자인학과,실내건축디자인학과,유지,유지,일반학생Ⅱ,6.9,6.15,,,,,,,,,,,,,,국수영탐(1),-/-,,,,,,,,,,,,,,,,,,,,,
전라권,광주,광산구,광주여대,자연,언어치료학과,언어치료학과,폐지,폐지,일반학생Ⅱ,,,,,,,,,,,,,,,,,-/-,,,,,,,,,,,,,,,,,,,,,
전라권,광주,광산구,광주여대,인문,유아교육과,유아교육과,유지,유지,일반학생Ⅱ,7.01,6.27,,,,,,,,,,,,,,국수영탐(1),-/-,,,,,,,,,,,,,,,,,,,,,
전라권,광주,광산구,광주여대,공통,자유전공학부,,유지,신설,,,,,,,,,,,,,,,,,,-/-,,,,,,,,,,,,,,,,,,,,,
전라권,광주,광산구,광주여대,자연,작업치료학과,작업치료학과,폐지,폐지,일반학생Ⅱ,,,,,,,,,,,,,,,,국수영탐(1),-/-,,,,,,,,,,,,,,,,,,,,,
전라권,광주,광산구,광주여대,인문,특수교육과(중등특수교육전공),특수교육과(중등특수교육전공),폐지,폐지,일반학생Ⅰ,,,일반학생Ⅱ,,,,,,,,,,,,,국수영탐(1),-/-,,,,,,,,,,,,,,,,,,,,,
전라권,광주,광산구,광주여대,인문,특수교육과(초등특수교육전공),특수교육과(초등특수교육전공),유지,유지,일반학생Ⅱ,5.94,5.7,,,,,,,,,,,,,,국수영탐(1),-/-,,,,,,,,,,,,,,,,,,,,,
전라권,광주,광산구,광주여대,인문,한국어교육학과,한국어교육학과,유지,유지,일반학생Ⅱ,,,,,,,,,,,,,,,,,-/-,,,,,,,,,,,,,,,,,,,,,
전라권,광주,광산구,광주여대,인문,항공서비스학과,항공서비스학부,유지,변경,일반학생Ⅰ,6.41,5.91,일반학생Ⅱ,6.65,6,,,,,,,,,,,,-/-,,,,,,,,,,,,,,,,,,,,,
충청권,충남,공주시,국립공주대,인문,경영학과,경영학과,유지,유지,교과Ⅰ,3.47,3.37,,,,,,,일반,4.1,3.99,,,,,,-/-,,,,,,,,,,,,,,,,,,,,,
충청권,충남,천안시,국립공주대,자연,광공학과,광공학과,유지,유지,교과Ⅰ,5.81,5.67,교과Ⅱ,5.92,5.9,,,,일반,6.11,5.69,,,,,,-/-,,,,,,,,,,,,,,,,,,,,,
충청권,충남,공주시,국립공주대,인문,교육학과,교육학과,유지,유지,교과Ⅰ,3.07,3.05,,,,,,,일반,3.26,3.23,,,,,,-/-,,,,,,,,,,,,,,,,,,,,,
충청권,충남,공주시,국립공주대,인문,국제학부,국제학부,유지,유지,교과Ⅰ,4.38,4.3,,,,,,,일반,4.9,4.68,,,,,,-/-,,,,,,,,,,,,,,,,,,,,,
충청권,충남,천안시,국립공주대,자연,도시교통공학과,도시교통공학과,유지,유지,교과Ⅰ,4.72,4.65,교과Ⅱ,5.22,5.16,,,,일반,4.88,4.84,,,,,,-/-,,,,,,,,,,,,,,,,,,,,,
충청권,충남,공주시,국립공주대,예체능,도자문화융합디자인학과,도자문화융합디자인학과,유지,유지(전형내폐지),,,,,,,,,,일반,6.23,5.39,,,,,,-/-,,,,,,,,,,,,,,,,,,,,,
충청권,충남,천안시,국립공주대,자연,디지털융합금형공학과,디지털융합금형공학과,유지,유지,교과Ⅰ,5.93,5.83,교과Ⅱ,6.17,6.05,,,,일반,5.67,5.28,,,,,,-/-,,,,,,,,,,,,,,,,,,,,,
충청권,충남,공주시,국립공주대,자연,물리교육과,물리교육과,유지,유지,교과Ⅰ,4.09,3.89,,,,,,,일반,3.85,3.64,,,,,,-/-,,,,,,,,,,,,,,,,,,,,,
충청권,충남,천안시,국립공주대,자연,미래자동차공학과,미래자동차공학과,유지,유지,교과Ⅰ,5.3,5.23,교과Ⅱ,5.14,5.08,,,,일반,5.78,5.74,,,,,,-/-,,,,,,,,,,,,,,,,,,,,,
충청권,충남,공주시,국립공주대,예체능,미술교육과,미술교육과,유지,유지,교과Ⅰ,4.5,4.19,,,,,,,일반,3.65,3.54,,,,,,-/-,,,,,,,,,,,,,,,,,,,,,
충청권,충남,공주시,국립공주대,인문,불어불문학과,불어불문학과,유지,유지,교과Ⅰ,4.36,4.34,,,,,,,일반,5.51,5.42,,,,,,-/-,,,,,,,,,,,,,,,,,,,,,
충청권,충남,예산군,국립공주대,자연,식물자원학과,식물자원학과,유지,유지,교과Ⅰ,4.74,4.71,교과Ⅱ,5.09,4.74,,,,일반,5.21,5.11,,,,,,-/-,,,,,,,,,,,,,,,,,,,,,
충청권,충남,예산군,국립공주대,자연,식품공학과,식품공학과,유지,유지,교과Ⅰ,4.3,3.46,교과Ⅱ,4.88,4.76,,,,일반,4.39,4.33,,,,,,-/-,,,,,,,,,,,,,,,,,,,,,
충청권,충남,천안시,국립공주대,자연,신소재공학부,신소재공학부,유지,유지,교과Ⅰ,4.4,4.34,교과Ⅱ,4.84,4.66,,,,일반,4.77,4.58,,,,,,-/-,,,,,,,,,,,,,,,,,,,,,
충청권,충남,공주시,국립공주대,인문,영어영문학과,영어영문학과,유지,유지,교과Ⅰ,4.08,4.01,,,,,,,일반,4.8,4.48,,,,,,-/-,,,,,,,,,,,,,,,,,,,,,
충청권,충남,예산군,국립공주대,자연,원예학과,원예학과,유지,유지,교과Ⅰ,4.85,4.66,교과Ⅱ,5.25,5.23,,,,일반,4.77,4.17,,,,,,-/-,,,,,,,,,,,,,,,,,,,,,
충청권,충남,공주시,국립공주대,자연,의류상품학과,의류상품학과,유지,유지,교과Ⅰ,3.48,3.39,,,,,,,일반,4.55,4.42,,,,,,-/-,,,,,,,,,,,,,,,,,,,,,
충청권,충남,공주시,국립공주대,인문,일반사회교육과,일반사회교육과,유지,유지,교과Ⅰ,2.39,2.25,,,,,,,일반,2.93,2.79,,,,,,-/-,,,,,,,,,,,,,,,,,,,,,
충청권,충남,천안시,국립공주대,자연,정보통신공학과,정보통신공학과,유지,유지,교과Ⅰ,4.91,4.73,,,,,,,일반,5.16,4.91,,,,,,-/-,,,,,,,,,,,,,,,,,,,,,
충청권,충남,예산군,국립공주대,자연,조경학과,조경학과,유지,유지,교과Ⅰ,5.42,5.11,교과Ⅱ,6.57,6.55,,,,일반,5.68,5.61,,,,,,-/-,,,,,,,,,,,,,,,,,,,,,
충청권,충남,공주시,국립공주대,인문,특수교육과,특수교육과,유지,유지,교과Ⅰ,3.94,3.75,,,,,,,일반,4.22,4,,,,,,-/-,,,,,,,,,,,,,,,,,,,,,
전라권,전북,군산시,국립군산대,예체능,체육학부,체육학부,유지,변경,,,,,,,,,,일반학생,6.13,5.97,,,,,,-/-,,,,,,,,,,,,,,,,,,,,,
전라권,전남,무안군,국립목포대,자연,건축학과(5년제),건축학과(5년제),유지,유지,교과일반,3.68,3.49,,,,,,,종합일반,5.22,5.01,,,,,"국탐(1) 중 1개, 수영",-/-,,,,,,,,,,,,,,,,,,,,,
전라권,전남,무안군,국립목포대,인문,교육학과,교육학과,유지,유지,교과일반,4.53,4.4,,,,,,,,,,,,,,"수탐(1) 중 1개, 국영",-/-,,,,,,,,,,,,,,,,,,,,,
전라권,전남,무안군,국립목포대,인문,글로벌커뮤니케이션학부,글로벌커뮤니케이션학부,유지,유지,교과일반,6.82,6.16,,,,,,,종합일반,6.55,6.44,,,,,"수탐(1) 중 1개, 국영",-/-,,,,,,,,,,,,,,,,,,,,,
전라권,전남,무안군,국립목포대,인문,글로벌학부,글로벌학부,유지,유지,교과일반,5.82,5.57,,,,,,,,,,,,,,"수탐(1) 중 1개, 국영",-/-,,,,,,,,,,,,,,,,,,,,,
전라권,전남,무안군,국립목포대,인문,사회복지학과,사회복지학과,유지,유지,교과일반,4.46,4.03,,,,,,,종합일반,5.36,5.14,,,,,"수탐(1) 중 1개, 국영",-/-,,,,,,,,,,,,,,,,,,,,,
전라권,전남,무안군,국립목포대,자연,수산생명의학과,수산생명의학과,유지,유지,교과일반,5.22,4.91,,,,,,,종합일반,,5.57,,,,,"국탐(1) 중 1개, 수영",-/-,,,,,,,,,,,,,,,,,,,,,
전라권,전남,무안군,국립목포대,인문,스마트비지니스학과,,신설,신설,,,,,,,,,,,,,,,,,,-/-,,,,,,,,,,,,,,,,,,,,,
전라권,전남,무안군,국립목포대,자연,스마트에너지시스템,,신설,신설,,,,,,,,,,,,,,,,,,-/-,,,,,,,,,,,,,,,,,,,,,
전라권,전남,무안군,국립목포대,자연,식품영양학과,식품영양학과,유지,유지,교과일반,4.99,4.54,,,,,,,종합일반,5.87,5.86,,,,,"국탐(1) 중 1개, 수영",-/-,,,,,,,,,,,,,,,,,,,,,
전라권,전남,무안군,국립목포대,인문,아동학과,아동학과,유지,유지,교과일반,6.5,6.24,,,,,,,종합일반,,5.92,,,,,"수탐(1) 중 1개, 국영",-/-,,,,,,,,,,,,,,,,,,,,,
전라권,전남,무안군,국립목포대,예체능,아트앤디자인학부,아트앤디자인학부,유지,유지,교과일반,5.08,4.52,,,,,,,종합일반,6.5,6.08,,,,,"수탐(1) 중 1개, 국영",-/-,,,,,,,,,,,,,,,,,,,,,
전라권,전남,무안군,국립목포대,인문,영어교육과,영어교육과,유지,유지,교과일반,5.05,4.9,,,,,,,,,,,,,,"수탐(1) 중 1개, 국영",-/-,,,,,,,,,,,,,,,,,,,,,
전라권,전남,무안군,국립목포대,자연,원예산림학부,원예산림학부,유지,유지,교과일반,6.57,5.66,,,,,,,종합일반,6.38,5.99,,,,,"국탐(1) 중 1개, 수영",-/-,,,,,,,,,,,,,,,,,,,,,
전라권,전남,무안군,국립목포대,인문,윤리교육과,윤리교육과,유지,유지,교과일반,3.99,3.13,,,,,,,,,,,,,,"수탐(1) 중 1개, 국영",-/-,,,,,,,,,,,,,,,,,,,,,
전라권,전남,무안군,국립목포대,예체능,음악공연기획과,음악공연기획과,유지,유지,교과일반,6.69,6.17,,,,,,,,,,,,,,"수탐(1) 중 1개, 국영",-/-,,,,,,,,,,,,,,,,,,,,,
전라권,전남,무안군,국립목포대,자연,전기공학과,전기공학과,유지,유지,교과일반,4.87,4.32,,,,,,,종합일반,5.38,4.84,,,,,"국탐(1) 중 1개, 수영",-/-,,,,,,,,,,,,,,,,,,,,,
전라권,전남,목포시,국립목포해양대,자연,기관시스템공학부,기관시스템공학부,유지,유지,누구나,3.33,3.33,학생부성적우수자,4.96,4.9,,,,,,,,,,,국수영탐(2),-/5,,,,,,,,,,,,,,,,,,,,,
전라권,전남,목포시,국립목포해양대,인문,해군사관학부(여),해군사관학부(여),유지,유지,누구나,,,학생부성적우수자,3.81,3.15,,,,,,,,,,,국수영탐(2),-/-,,,,,,,,,,,,,,,,,,,,,
경상권,부산,남구,국립부경대,자연,과학컴퓨팅학과,과학컴퓨팅학과,,,교과성적우수인재,,4.19,일반,,,,,,학교생활우수인재,,,,,,,국수영탐(2),-/-,,,,,,,,,,,,,,,,,,,,,
경상권,부산,남구,국립부경대,인문,국어국문학과,국어국문학과,,,교과성적우수인재,4.38,4.21,일반,,2.25,,,,학교생활우수인재,,3.39,,,,,국수영탐(2),-/-,,,,,,,,,,,,,,,,,,,,,
경상권,부산,남구,국립부경대,공통,글로벌자율전공학부,글로벌자율전공학부,,,교과성적우수인재,3.17,3.14,,,,,,,학교생활우수인재,,4.48,,,,,국수영탐(2),-/-,,,,,,,,,,,,,,,,,,,,,
경상권,부산,남구,국립부경대,자연,디지털금융학과,디지털금융학과,,,교과성적우수인재,3.76,3.74,일반,,2,,,,학교생활우수인재,,,,,,,국수영탐(2),-/-,,,,,,,,,,,,,,,,,,,,,
경상권,부산,남구,국립부경대,인문,사학과,사학과,,,교과성적우수인재,4.09,4.05,일반,,,,,,학교생활우수인재,,4.06,,,,,국수영탐(2),-/-,,,,,,,,,,,,,,,,,,,,,
경상권,부산,남구,국립부경대,자연,생태공학전공,생태공학전공,,,교과성적우수인재,4.56,4.45,일반,,4.09,,,,학교생활우수인재,,4.25,,,,,국수영탐(2),-/-,,,,,,,,,,,,,,,,,,,,,
경상권,부산,남구,국립부경대,자연,수해양산업교육과,수해양산업교육과,,,,,,,,,,,,학교생활우수인재,4.15,3.93,,,,,국수영탐(2),-/-,,,,,,,,,,,,,,,,,,,,,
경상권,부산,남구,국립부경대,자연,에너지자원공학과,에너지자원공학과,,,교과성적우수인재,3.79,3.62,일반,,2.5,,,,학교생활우수인재,,4.3,,,,,국수영탐(2),-/-,,,,,,,,,,,,,,,,,,,,,
경상권,부산,남구,국립부경대,인문,유아교육과,유아교육과,,,,,,,,,,,,학교생활우수인재,3.9,3.63,,,,,국수영탐(2),-/-,,,,,,,,,,,,,,,,,,,,,
경상권,부산,남구,국립부경대,인문,정치외교학과,정치외교학과,,,교과성적우수인재,,2.55,일반,,,,,,학교생활우수인재,,,,,,,국수영탐(2),-/-,,,,,,,,,,,,,,,,,,,,,
경상권,부산,남구,국립부경대,인문,중국학과,중국학과,,,교과성적우수인재,,4.41,일반,,,,,,학교생활우수인재,,,,,,,국수영탐(2),-/-,,,,,,,,,,,,,,,,,,,,,
경상권,부산,남구,국립부경대,예체능,패션디자인학과,패션디자인학과,,,교과성적우수인재,3.71,3.54,일반,,4.3,,,,학교생활우수인재,,,,,,,국수영탐(2),-/-,,,,,,,,,,,,,,,,,,,,,
경상권,부산,남구,국립부경대,자연,휴먼바이오융합전공,휴먼바이오융합전공,,,교과성적우수인재,,3.65,일반,,,,,,학교생활우수인재,,,,,,,국수영탐(2),-/-,,,,,,,,,,,,,,,,,,,,,
전라권,전남,순천시,국립순천대,자연,간호학과,간호학과,유지,유지,교과일반,3.03,2.84,,,,,,,일반학생,3.89,3.82,,,,,"국탐(2) 중 1개, 수영",-/-,,,,,,,,,,,,,,,,,,,,,
전라권,전남,순천시,국립순천대,자연,건축학부,건축학부,유지,유지,교과일반,,,,,,,,,일반학생,5.07,4.85,,,,,"국탐(2) 중 1개, 수영",-/-,,,,,,,,,,,,,,,,,,,,,
전라권,전남,순천시,국립순천대,자연,공학분야,공학분야,유지,유지,교과일반,5.99,5.43,,,,,,,일반학생,6.16,5.84,,,,,"국탐(2) 중 1개, 수영",-/-,,,,,,,,,,,,,,,,,,,,,
전라권,전남,순천시,국립순천대,인문,국어교육과,국어교육과,유지,유지,교과일반,3.77,3.77,,,,,,,일반학생,4.29,4.04,,,,,"수탐(2) 중 1개, 국영",-/-,,,,,,,,,,,,,,,,,,,,,
전라권,전남,순천시,국립순천대,자연,농업교육과,농업교육과,유지,유지,교과일반,1.51,1.48,,,,,,,일반학생,4.14,3.04,,,,,"국탐(2) 중 1개, 수영",-/-,,,,,,,,,,,,,,,,,,,,,
전라권,전남,순천시,국립순천대,자연,물리교육과,물리교육과,신설,유지,교과일반,,,,,,,,,일반학생,5.15,4.79,,,,,"국탐(2) 중 1개, 수영",-/-,,,,,,,,,,,,,,,,,,,,,
전라권,전남,순천시,국립순천대,인문,사회과학분야,사회과학분야,유지,유지,교과일반,5.4,4.94,,,,,,,일반학생,6.19,5.55,,,,,"수탐(2) 중 1개, 국영",-/-,,,,,,,,,,,,,,,,,,,,,
전라권,전남,순천시,국립순천대,인문,사회교육과,사회교육과,유지,유지,교과일반,3.29,3.24,,,,,,,일반학생,4.96,4.46,,,,,"수탐(2) 중 1개, 국영",-/-,,,,,,,,,,,,,,,,,,,,,
전라권,전남,순천시,국립순천대,공통,생명산업과학분야,생명산업과학분야,유지,유지,교과일반,5.82,5.28,,,,,,,일반학생,6.04,5.46,,,,,"국탐(2) 중 1개, 수영",-/-,,,,,,,,,,,,,,,,,,,,,
전라권,전남,순천시,국립순천대,자연,수학교육과,수학교육과,유지,유지,교과일반,3.96,3.48,,,,,,,일반학생,4.78,4.53,,,,,"국탐(2) 중 1개, 수영",-/-,,,,,,,,,,,,,,,,,,,,,
전라권,전남,순천시,국립순천대,자연,식품영양학과,식품영양학과,유지,유지,교과일반,2.99,2.97,,,,,,,일반학생,4.92,4.32,,,,,"국탐(2) 중 1개, 수영",-/-,,,,,,,,,,,,,,,,,,,,,
전라권,전남,순천시,국립순천대,자연,약학과,약학과,유지,유지,교과일반,1.26,1.22,,,,,,,일반학생,,,,,,,"국영 중 1개, 수탐(2)",-/-,,,,,,,,,,,,,,,,,,,,,
전라권,전남,순천시,국립순천대,인문,영어교육과,영어교육과,유지,유지,교과일반,4.01,3.67,,,,,,,일반학생,4.21,4.06,,,,,"수탐(2) 중 1개, 국영",-/-,,,,,,,,,,,,,,,,,,,,,
전라권,전남,순천시,국립순천대,예체능,예체능분야,예체능분야,유지,유지,교과일반,4.26,4.01,,,,,,,일반학생,6.07,5.83,,,,,"수탐(2) 중 1개, 국영",-/-,,,,,,,,,,,,,,,,,,,,,
전라권,전남,순천시,국립순천대,자연,융합바이오시스템기계공학과,융합바이오시스템기계공학과,유지,유지,교과일반,5.9,4.99,,,,,,,일반학생,6.94,6.74,,,,,"국탐(2) 중 1개, 수영",-/-,,,,,,,,,,,,,,,,,,,,,
전라권,전남,순천시,국립순천대,인문,인문분야,인문분야,유지,유지,교과일반,6.46,5.72,,,,,,,일반학생,6.06,5.87,,,,,"수탐(2) 중 1개, 국영",-/-,,,,,,,,,,,,,,,,,,,,,
전라권,전남,순천시,국립순천대,공통,자유전공학부(인문사회•자연),자유전공학부(인문사회•자연),유지,유지,교과일반,5.93,5.45,,,,,,,일반학생,6.34,5.84,,,,,"국수탐(2) 중 2개, 영어",-/-,,,,,,,,,,,,,,,,,,,,,
전라권,전남,순천시,국립순천대,자연,컴퓨터교육과,컴퓨터교육과,유지,유지,교과일반,2.79,2.56,,,,,,,일반학생,4.99,4.87,,,,,"국탐(2) 중 1개, 수영",-/-,,,,,,,,,,,,,,,,,,,,,
전라권,전남,순천시,국립순천대,자연,화학교육과,화학교육과,유지,유지,,,,,,,,,,일반학생,4.87,4.71,,,,,"국탐(2) 중 1개, 수영",-/-,,,,,,,,,,,,,,,,,,,,,
전라권,전남,순천시,국립순천대,자연,환경교육과,환경교육과,유지,유지,교과일반,5.06,4.97,,,,,,,일반학생,5.69,5.49,,,,,"국탐(2) 중 1개, 수영",-/-,,,,,,,,,,,,,,,,,,,,,
충청권,충북,충주시,국립한국교통대,자연,나노메디컬공학부,,신설,신설,,,,,,,,,,,,,,,,,,-/-,,,,,,,,,,,,,,,,,,,,,
충청권,충북,충주시,국립한국교통대,자연,생명자유전공학부,생명자유전공학부,유지,유지,일반,,,,,,,,,,,,,,,,국수영탐(1) 중 3개,-/-,,,,,,,,,,,,,,,,,,,,,
충청권,충북,충주시,국립한국교통대,인문,유아교육학과,유아교육학과,유지,유지,일반,3.75,3.73,,,,,,,나비인재Ⅱ,4.48,4.1,,,,,국수영탐(1) 중 3개,4/-,,,,,,,,,,,,,,,,,,,,,
충청권,충북,충주시,국립한국교통대,예체능,음악학과,음악학과,변경,유지,,,,,,,,,,나비인재Ⅱ,6.17,,,,,,,7/-,,,,,,,,,,,,,,,,,,,,,
경인권,경기,의왕시,국립한국교통대,자연,철도AI•데이터공학부,AI•데이터공학부,유지,변경,일반,2.81,2.45,,,,,,,나비인재Ⅱ,3.64,3.57,,,,,국수영탐(1) 중 3개,-/-,,,,,,,,,,,,,,,,,,,,,
경인권,경기,의왕시,국립한국교통대,자연,철도대학자유전공학부,철도대학자유전공학부,변경,유지,,,,,,,,,,나비인재Ⅱ,3.7,3.5,,,,,국수영탐(1) 중 3개,-/-,,,,,,,,,,,,,,,,,,,,,
충청권,충북,충주시,국립한국교통대,자연,항공모빌리티학부,,신설,신설,,,,,,,,,,,,,,,,,,-/-,,,,,,,,,,,,,,,,,,,,,
충청권,충북,충주시,국립한국교통대,인문,항공서비스학과,항공서비스학과,변경,유지,,,,,,,,,,나비인재Ⅰ,3.71,3.44,,,,,국수영탐(1) 중 3개,-/-,,,,,,,,,,,,,,,,,,,,,
경상권,부산,영도구,국립한국해양대,인문,인문사회자율전공학부,,유지,신설,,,,,,,,,,,,,,,,,,-/-,,,,,,,,,,,,,,,,,,,,,
충청권,대전,유성구,국립한밭대,인문,공공행정학과,공공행정학과,유지,유지,일반,3.42,3.4,,,,,,,일반,4.23,3.98,,,,,국수영탐(1) 중 3개,-/-,,,,,,,,,,,,,,,,,,,,,
충청권,대전,유성구,국립한밭대,자연,모바일융합공학과,모바일융합공학과,유지,유지,일반,4.44,4.12,,,,,,,일반,5.15,5.06,,,,,"국영탐(1) 중 2개, 수학",-/-,,,,,,,,,,,,,,,,,,,,,
충청권,대전,유성구,국립한밭대,자연,반도체시스템공학과,반도체시스템공학과,유지,유지,일반,3.69,3.87,,,,,,,일반,4.71,4.63,,,,,"국영탐(1) 중 2개, 수학",-/-,,,,,,,,,,,,,,,,,,,,,
충청권,대전,유성구,국립한밭대,자연,우주국방첨단융합학과,,유지,신설,,,,,,,,,,,,,,,,,,-/-,,,,,,,,,,,,,,,,,,,,,
충청권,대전,유성구,국립한밭대,자연,지능미디어공학과,지능미디어공학과,유지,유지,일반,4.02,4.27,,,,,,,일반,4.74,4.7,,,,,"국영탐(1) 중 2개, 수학",-/-,,,,,,,,,,,,,,,,,,,,,
충청권,대전,유성구,국립한밭대,자연,창의융합학과,창의융합학과,유지,유지,일반,,,,,,,,,학석사,5.36,5.29,,,,,"국영탐(1) 중 2개, 수학",-/-,,,,,,,,,,,,,,,,,,,,,
충청권,대전,유성구,국립한밭대,인문,회계세무학과,회계세무학과,유지,유지,일반,3.46,3.54,,,,,,,일반,3.45,3.25,,,,,국수영탐(1) 중 3개,-/-,,,,,,,,,,,,,,,,,,,,,
서울,서울,성북구,국민대,자연,건설시스템공학부,건설시스템공학부,,유지(전형내폐지),교과성적우수자,2.2,2.17,,,,,,,국민프런티어,3.36,2.89,학교생활우수자,3.28,3.05,,국수영탐(2),-/-,,,,,,,,,,,,,,,,,,,,,
서울,서울,성북구,국민대,자연,건축학부,건축학부,,,교과성적우수자,2.38,2.21,,,,,,,국민프런티어,2.6,2.53,학교생활우수자,2.35,2.27,,국수영탐(2),-/-,,,,,,,,,,,,,,,,,,,,,
서울,서울,성북구,국민대,자연,건축학부,건축학부,,,교과성적우수자,2.38,2.21,,,,,,,국민프런티어,2.6,2.53,학교생활우수자,2.35,2.27,,국수영탐(2),-/-,,,,,,,,,,,,,,,,,,,,,
서울,서울,성북구,국민대,인문,경영정보학부(자연),경영정보학부,,유지(전형내폐지),교과성적우수자,2.23,2.42,,,,,,,국민프런티어,2.95,2.76,학교생활우수자,2.86,2.61,,국수영탐(2),-/-,,,,,,,,,,,,,,,,,,,,,
서울,서울,성북구,국민대,자연,경영정보학부(자연),경영정보학부(자연),,,,,,,,,,,,국민프런티어,3.02,2.79,학교생활우수자,3.14,3.14,,국수영탐(2),-/-,,,,,,,,,,,,,,,,,,,,,
서울,서울,성북구,국민대,인문,광고홍보학전공,광고홍보학전공,,,교과성적우수자,2.23,2.01,,,,,,,국민프런티어,2.79,2.68,,,,,국수영탐(2),-/-,,,,,,,,,,,,,,,,,,,,,
서울,서울,성북구,국민대,인문,글로벌경영전공,글로벌경영전공,,,,,,,,,,,,국민프런티어,5.21,5.12,,,,,,-/-,,,,,,,,,,,,,,,,,,,,,
서울,서울,성북구,국민대,인문,글로벌한국어전공,글로벌한국어전공,,,교과성적우수자,2.55,2.55,,,,,,,학교생활우수자,6.15,6.15,,,,,국수영탐(2),-/-,,,,,,,,,,,,,,,,,,,,,
서울,서울,성북구,국민대,인문,미디어전공,미디어전공,,,교과성적우수자,2.47,2.47,,,,,,,국민프런티어,2.46,2.38,학교생활우수자,2.53,2.53,,국수영탐(2),-/-,,,,,,,,,,,,,,,,,,,,,
서울,서울,성북구,국민대,자연,산림환경시스템학과,산림환경시스템학과,,,교과성적우수자,2.06,2.06,,,,,,,국민프런티어,2.74,2.74,학교생활우수자,2.69,2.68,,국수영탐(2),-/-,,,,,,,,,,,,,,,,,,,,,
서울,서울,성북구,국민대,자연,식품영양학과,식품영양학과,,,교과성적우수자,2.39,2.12,,,,,,,국민프런티어,3.19,3.15,학교생활우수자,3.27,2.89,,국수영탐(2),-/-,,,,,,,,,,,,,,,,,,,,,
서울,서울,성북구,국민대,자연,자동차모빌리티대학,자동차융합대학,,,교과성적우수자,2.08,1.98,,,,,,,국민프런티어,2.69,2.61,학교생활우수자,2.91,2.77,,국수영탐(2),-/-,,,,,,,,,,,,,,,,,,,,,
서울,서울,성북구,국민대,자연,정보보안암호수학과,정보보안암호수학과,,,교과성적우수자,1.97,1.97,,,,,,,국민프런티어,2.61,2.61,학교생활우수자,2.71,2.61,,국수영탐(2),-/-,,,,,,,,,,,,,,,,,,,,,
충청권,충북,음성군,극동대,자연,AI컴퓨터공학과,AI컴퓨터공학과,,,교과우수자,7,7,,,,,,,,,,,,,,"국수영 중 2개, 탐구(1)",-/-,,,,,,,,,,,,,,,,,,,,,
충청권,충북,음성군,극동대,예체능,K-컬처학부,K-컬처학부,,,교과우수자,,,,,,,,,,,,,,,,"국수영 중 2개, 탐구(1)",-/-,,,,,,,,,,,,,,,,,,,,,
충청권,충북,음성군,극동대,자연,간호학과,간호학과,,유지(전형내폐지),교과우수자,2.63,2.63,일반학생,3.88,3.63,,,,,,,,,,,"국수영 중 2개, 탐구(1)",-/-,,,,,,,,,,,,,,,,,,,,,
충청권,충북,음성군,극동대,인문,경영학과,경영학과,,,교과우수자,5.13,4.25,,,,,,,,,,,,,,"국수영 중 2개, 탐구(1)",-/-,,,,,,,,,,,,,,,,,,,,,
충청권,충북,음성군,극동대,인문,경영호텔학부,경영호텔학부,,,교과우수자,,,,,,,,,,,,,,,,"국수영 중 2개, 탐구(1)",-/-,,,,,,,,,,,,,,,,,,,,,
충청권,충북,음성군,극동대,인문,경찰안전관리학과,경찰안전학과,,,교과우수자,5.13,5.13,,,,,,,,,,,,,,"국수영 중 2개, 탐구(1)",-/-,,,,,,,,,,,,,,,,,,,,,
충청권,충북,음성군,극동대,자연,과학기술학부,과학기술학부,,,교과우수자,,,일반학생,,,,,,,,,,,,,"국수영 중 2개, 탐구(1)",-/-,,,,,,,,,,,,,,,,,,,,,
충청권,충북,음성군,극동대,인문,군사안보학과,군사안보학과,,,교과우수자,4.38,4.38,,,,,,,,,,,,,,"국수영 중 2개, 탐구(1)",-/-,,,,,,,,,,,,,,,,,,,,,
충청권,충북,음성군,극동대,예체능,미디어영상제작학과,미디어영상제작학과,,,교과우수자,1.75,1.75,일반학생,,,,,,,,,,,,,"국수영 중 2개, 탐구(1)",-/-,,,,,,,,,,,,,,,,,,,,,
충청권,충북,음성군,극동대,자연,반도체협약학과,반도체협약학과,,,교과우수자,,,,,,,,,,,,,,,,"국수영 중 2개, 탐구(1)",-/-,,,,,,,,,,,,,,,,,,,,,
충청권,충북,음성군,극동대,자연,방사선학과,방사선학과,,,교과우수자,3.75,3.5,일반학생,4.63,4,,,,,,,,,,,"국수영 중 2개, 탐구(1)",-/-,,,,,,,,,,,,,,,,,,,,,
충청권,충북,음성군,극동대,자연,뷰티화장품학과,뷰티화장품학과,,,교과우수자,4.5,4.5,,,,,,,,,,,,,,"국수영 중 2개, 탐구(1)",-/-,,,,,,,,,,,,,,,,,,,,,
충청권,충북,음성군,극동대,인문,사회복지학과,사회복지학과,,,교과우수자,5.38,5,,,,,,,,,,,,,,"국수영 중 2개, 탐구(1)",-/-,,,,,,,,,,,,,,,,,,,,,
충청권,충북,음성군,극동대,자연,산업보안조사학과,산업보안조사학과,,유지(전형내폐지),교과우수자,,,,,,,,,,,,,,,,"국수영 중 2개, 탐구(1)",-/-,,,,,,,,,,,,,,,,,,,,,
충청권,충북,음성군,극동대,자연,소프트웨어학과,소프트웨어학과,,,교과우수자,,,,,,,,,,,,,,,,"국수영 중 2개, 탐구(1)",-/-,,,,,,,,,,,,,,,,,,,,,
충청권,충북,음성군,극동대,자연,수소안전학과,수소안전학과,,,교과우수자,5.88,5.88,,,,,,,,,,,,,,"국수영 중 2개, 탐구(1)",-/-,,,,,,,,,,,,,,,,,,,,,
충청권,충북,음성군,극동대,자연,안경광학과,안경광학과,,,교과우수자,,,,,,,,,,,,,,,,"국수영 중 2개, 탐구(1)",-/-,,,,,,,,,,,,,,,,,,,,,
충청권,충북,음성군,극동대,인문,인재개발학부,인재개발학부,,,교과우수자,5.13,4.25,일반학생,,,,,,,,,,,,,"국수영 중 2개, 탐구(1)",-/-,,,,,,,,,,,,,,,,,,,,,
충청권,충북,음성군,극동대,자연,임상병리학과,임상병리학과,,,교과우수자,4,4,일반학생,5,4.88,,,,,,,,,,,"국수영 중 2개, 탐구(1)",-/-,,,,,,,,,,,,,,,,,,,,,
충청권,충북,음성군,극동대,자연,작업치료학과,작업치료학과,,,교과우수자,5.13,4.25,일반학생,4.5,4.5,,,,,,,,,,,"국수영 중 2개, 탐구(1)",-/-,,,,,,,,,,,,,,,,,,,,,
충청권,충북,음성군,극동대,자연,재활상담치료학과,재활상담치료학과,,유지(전형내폐지),교과우수자,4.38,3.5,,,,,,,,,,,,,,"국수영 중 2개, 탐구(1)",-/-,,,,,,,,,,,,,,,,,,,,,
충청권,충북,음성군,극동대,자연,친환경에너지학과,친환경에너지학과,,,교과우수자,,,,,,,,,,,,,,,,"국수영 중 2개, 탐구(1)",-/-,,,,,,,,,,,,,,,,,,,,,
충청권,충북,음성군,극동대,인문,한국어학과,한국어학과,,유지(전형내폐지),교과우수자,,,,,,,,,,,,,,,,"국수영 중 2개, 탐구(1)",-/-,,,,,,,,,,,,,,,,,,,,,
충청권,충북,음성군,극동대,자연,항공모빌리티학과,항공모빌리티학과,,,교과우수자,7.63,7.63,일반학생,,,,,,,,,,,,,"국수영 중 2개, 탐구(1)",-/-,,,,,,,,,,,,,,,,,,,,,
충청권,충북,음성군,극동대,자연,항공안전관리학과,항공안전관리학과,,,교과우수자,6,6,,,,,,,,,,,,,,"국수영 중 2개, 탐구(1)",-/-,,,,,,,,,,,,,,,,,,,,,
충청권,충북,음성군,극동대,인문,항공운항서비스학과,항공운항서비스학과,,,일반학생,4.88,3.88,,,,,,,,,,,,,,"국수영 중 2개, 탐구(1)",-/-,,,,,,,,,,,,,,,,,,,,,
충청권,충북,음성군,극동대,자연,항공운항학과,항공운항학과,,,교과우수자,4.13,3.88,일반학생,5.25,4.75,,,,,,,,,,,"국수영 중 2개, 탐구(1)",-/-,,,,,,,,,,,,,,,,,,,,,
충청권,충북,음성군,극동대,자연,항공정비학과,항공정비학과,,,교과우수자,4.38,4.38,일반학생,5.38,4.75,,,,,,,,,,,"국수영 중 2개, 탐구(1)",-/-,,,,,,,,,,,,,,,,,,,,,
충청권,충북,음성군,극동대,자연,항공학부,항공학부,,,교과우수자,6.75,6.75,일반학생,,,,,,,,,,,,,"국수영 중 2개, 탐구(1)",-/-,,,,,,,,,,,,,,,,,,,,,
충청권,충북,음성군,극동대,자연,해킹보안학과,해킹보안학과,,,교과우수자,5.13,5.13,,,,,,,,,,,,,,"국수영 중 2개, 탐구(1)",-/-,,,,,,,,,,,,,,,,,,,,,
충청권,충북,음성군,극동대,자연,헬리콥터조종학과,헬리콥터조종학과,,,교과우수자,2.88,2.88,,,,,,,,,,,,,,"국수영 중 2개, 탐구(1)",-/-,,,,,,,,,,,,,,,,,,,,,
충청권,충북,음성군,극동대,인문,호텔경영학과,호텔경영학과,,,교과우수자,,,,,,,,,,,,,,,,"국수영 중 2개, 탐구(1)",-/-,,,,,,,,,,,,,,,,,,,,,
충청권,충북,음성군,극동대,인문,호텔외식조리학과,호텔외식조리학과,,,교과우수자,5.38,5.38,,,,,,,,,,,,,,"국수영 중 2개, 탐구(1)",-/-,,,,,,,,,,,,,,,,,,,,,
경상권,경북,김천시,김천대,인문,K-글로벌학과,K-글로벌학과,,유지(전형내폐지),일반교과,6.07,6.07,일반면접,,,,,,,,,,,,,"국수 중 1개, 영탐(1)",-/-,,,,,,,,,,,,,,,,,,,,,
경상권,경북,김천시,김천대,인문,경찰소방학과,경찰소방학과,,,일반교과,4.88,2.67,일반면접,7.75,7.42,,,,,,,,,,,"국수 중 1개, 영탐(1)",-/-,,,,,,,,,,,,,,,,,,,,,
경상권,경북,김천시,김천대,인문,사회복지학과,사회복지상담학부(사회복지전공),,변경,일반교과,6.72,2.83,일반면접,6.88,6.88,,,,,,,,,,,"국수 중 1개, 영탐(1)",-/-,,,,,,,,,,,,,,,,,,,,,
경상권,경북,김천시,김천대,인문,산업안전학과,산업안전학과,,유지(전형내폐지),일반교과,3,2.83,일반면접,,,,,,,,,,,,,"국수 중 1개, 영탐(1)",-/-,,,,,,,,,,,,,,,,,,,,,
경상권,경북,김천시,김천대,인문,상담심리학과,사회복지상담학부(상담심리전공),,변경,일반교과,7.33,7.07,일반면접,,,,,,,,,,,,,"국수 중 1개, 영탐(1)",-/-,,,,,,,,,,,,,,,,,,,,,
경상권,경북,김천시,김천대,예체능,생활체육학과,생활체육학과,,유지(전형내폐지),일반교과,5.07,5.07,일반면접,7.82,6.44,,,,,,,,,,,"국수 중 1개, 영탐(1)",-/-,,,,,,,,,,,,,,,,,,,,,
경상권,경북,김천시,김천대,자연,스마트모빌리티학과,스마트모빌리티학과,,,일반교과,4.87,4.66,,,,,,,,,,,,,,"국수 중 1개, 영탐(1)",-/-,,,,,,,,,,,,,,,,,,,,,
경상권,경북,김천시,김천대,자연,스포츠재활학과,스포츠재활학과,,,일반교과,6.48,6.07,일반면접,4.49,3.62,,,,,,,,,,,"국수 중 1개, 영탐(1)",-/-,,,,,,,,,,,,,,,,,,,,,
경상권,경북,김천시,김천대,자연,안경광학과,안경광학과,,,일반교과,6.38,6.38,일반면접,4.91,6.18,,,,,,,,,,,"국수 중 1개, 영탐(1)",-/-,,,,,,,,,,,,,,,,,,,,,
경상권,경북,김천시,김천대,인문,유아교육과,유아교육과,,,일반교과,4.17,4.17,,,,,,,,,,,,,,"국수 중 1개, 영탐(1)",-/-,,,,,,,,,,,,,,,,,,,,,
경상권,경북,김천시,김천대,자연,임상병리학과,임상병리학과,,,일반교과,4.67,3.65,,,,,,,,,,,,,,"국수 중 1개, 영탐(1)",-/-,,,,,,,,,,,,,,,,,,,,,
경상권,경북,김천시,김천대,공통,자율전공학부,,,신설,,,,,,,,,,,,,,,,,,-/-,,,,,,,,,,,,,,,,,,,,,
경상권,경북,김천시,김천대,자연,치기공학과,치기공학과,,,일반교과,5.8,5.22,,,,,,,,,,,,,,"국수 중 1개, 영탐(1)",-/-,,,,,,,,,,,,,,,,,,,,,
경상권,경북,김천시,김천대,자연,치위생학과,치위생학과,,,일반교과,4.38,3.7,일반면접,5.33,5.33,,,,,,,,,,,"국수 중 1개, 영탐(1)",-/-,,,,,,,,,,,,,,,,,,,,,
충청권,충남,천안시,나사렛대,자연,임상병리학과,임상병리학과,,,일반학생,3.411,3.336,,,,,,,창의융합인재,4.105,3.945,,,,,,-/-,,,,,,,,,,,,,,,,,,,,,
충청권,충남,천안시,나사렛대,자연,임상병리학과,임상병리학과,,,일반학생,3.411,3.336,,,,,,,창의융합인재,4.105,3.945,,,,,"국수영 중 2개, 탐구(1)",-/-,,,,,,,,,,,,,,,,,,,,,
충청권,충남,천안시,나사렛대,인문,재활자립학부,재활자립학부,,유지(전형내폐지),,,,,,,,,,창의융합인재,7.045,6.804,,,,,,-/-,,,,,,,,,,,,,,,,,,,,,
전라권,광주,광산구,남부대,인문,AI경영학과,IT경영학과,,,일반학생,,,,,,,,,,,,,,,,국수영탐(1)한,-/-,,,,,,,,,,,,,,,,,,,,,
전라권,광주,광산구,남부대,자연,AI전기공학과,전기공학과,,,일반학생,6.82,4.67,,,,,,,,,,,,,,국수영탐(1)한,-/-,,,,,,,,,,,,,,,,,,,,,
전라권,광주,광산구,남부대,인문,경찰행정학과,경찰행정학과,,,일반학생,6.23,5.82,,,,,,,,,,,,,,국수영탐(1)한,-/-,,,,,,,,,,,,,,,,,,,,,
전라권,광주,광산구,남부대,예체능,무도경호학과(신),무도경호학과(신),,,일반학생,7.29,6.6,,,,,,,,,,,,,,국수영탐(1)한,-/-,,,,,,,,,,,,,,,,,,,,,
전라권,광주,광산구,남부대,자연,물리치료학과,물리치료학과,,,일반학생,5.67,5.5,,,,,,,,,,,,,,국수영탐(1)한,-/-,,,,,,,,,,,,,,,,,,,,,
전라권,광주,광산구,남부대,인문,사회복지학과,사회복지학과,,,일반학생,5.6,3.75,,,,,,,,,,,,,,국수영탐(1)한,-/-,,,,,,,,,,,,,,,,,,,,,
전라권,광주,광산구,남부대,예체능,스포츠레저학과,스포츠레저학과,,,일반학생,7.46,6.65,,,,,,,,,,,,,,국수영탐(1)한,-/-,,,,,,,,,,,,,,,,,,,,,
전라권,광주,광산구,남부대,자연,식품영양학과,식품영양학과,,,일반학생,7.8,5,,,,,,,,,,,,,,국수영탐(1)한,-/-,,,,,,,,,,,,,,,,,,,,,
전라권,광주,광산구,남부대,인문,유아교육과,유아교육과,,,일반학생,6.09,6,,,,,,,,,,,,,,국수영탐(1)한,-/-,,,,,,,,,,,,,,,,,,,,,
전라권,광주,광산구,남부대,자연,응급구조학과,응급구조학과,,,일반학생,7.78,7.58,,,,,,,,,,,,,,국수영탐(1)한,-/-,,,,,,,,,,,,,,,,,,,,,
전라권,광주,광산구,남부대,자연,자동차기계공학과(신),자동차기계공학과(신),,,일반학생,,,,,,,,,,,,,,,,국수영탐(1)한,-/-,,,,,,,,,,,,,,,,,,,,,
전라권,광주,광산구,남부대,인문,초등특수교육과,초등특수교육과,,,일반학생,7.88,7.38,,,,,,,,,,,,,,국수영탐(1)한,-/-,,,,,,,,,,,,,,,,,,,,,
전라권,광주,광산구,남부대,인문,한국어학과,한국어학과,,,일반학생,,,,,,,,,,,,,,,,국수영탐(1)한,-/-,,,,,,,,,,,,,,,,,,,,,
전라권,광주,광산구,남부대,자연,향장미용학과,향장미용학과,,,일반학생,,,,,,,,,,,,,,,,국수영탐(1)한,-/-,,,,,,,,,,,,,,,,,,,,,
전라권,광주,광산구,남부대,자연,호텔조리학과,호텔조리학과,,,일반학생,7.04,6.14,,,,,,,,,,,,,,국수영탐(1)한,-/-,,,,,,,,,,,,,,,,,,,,,
충청권,충남,천안시,남서울대,자연,(충남형)리안헤어뷰티아트학과,,신설,신설,,,,,,,,,,,,,,,,,,-/-,,,,,,,,,,,,,,,,,,,,,
충청권,충남,천안시,남서울대,자연,(충남형)융합기술?소프트웨어학과,,신설,신설,,,,,,,,,,,,,,,,,,-/-,,,,,,,,,,,,,,,,,,,,,
충청권,충남,천안시,남서울대,자연,공간조형디자인학과,,신설,신설,,,,,,,,,,,,,,,,,,-/-,,,,,,,,,,,,,,,,,,,,,
충청권,충남,천안시,남서울대,자연,리안헤어뷰티아트학과,리안헤어뷰티아트학과,유지,변경,,,,,,,,,,계약학과 채용조건형,7.18,6.42,,,,,,-/-,,,,,,,,,,,,,,,,,,,,,
충청권,충남,천안시,남서울대,자연,뷰티보건학과,뷰티보건학과,유지,유지,교과+면접,4.63,4.07,일반,3.83,3.5,,,,학생부종합 서류형,6.52,6.21,,,,,국수영탐(1) 중 2개,-/-,,,,,,,,,,,,,,,,,,,,,
충청권,충남,천안시,남서울대,자연,시각미디어디자인학과,,신설,신설,,,,,,,,,,,,,,,,,,-/-,,,,,,,,,,,,,,,,,,,,,
충청권,충남,천안시,남서울대,자연,영상예술디자인학과,,신설,신설,,,,,,,,,,,,,,,,,,-/-,,,,,,,,,,,,,,,,,,,,,
경인권,경기,용인시,단국대,자연,모바일시스템공학과,,신설,신설,,,,,,,,,,,,,,,,,,-/-,,,,,,,,,,,,,,,,,,,,,
경인권,경기,용인시,단국대,자연,인공지능학과,,신설,신설,,,,,,,,,,,,,,,,,,-/-,,,,,,,,,,,,,,,,,,,,,
충청권,충남,천안시,단국대(천안),예체능,국제스포츠학부,,신설,신설,,,,,,,,,,,,,,,,,,-/-,,,,,,,,,,,,,,,,,,,,,
충청권,충남,천안시,단국대(천안),인문,글로벌한국어과,글로벌한국어과,유지,유지,학생부교과우수자,3.59,3.56,,,,,,,DKU인재-서류형,4.02,4.02,,,,,국수영탐(1),-/-,,,,,,,,,,,,,,,,,,,,,
충청권,충남,천안시,단국대(천안),인문,문예창작과,문예창작과,유지,유지,,,,,,,,,,DKU인재-면접형,3.81,3.68,,,,,,-/-,,,,,,,,,,,,,,,,,,,,,
충청권,충남,천안시,단국대(천안),예체능,스포츠경영학과,스포츠경영학과,유지,유지,학생부교과우수자,2.33,2.09,,,,,,,,,,,,,,,-/-,,,,,,,,,,,,,,,,,,,,,
충청권,충남,천안시,단국대(천안),인문,인문사회계열광역,인문사회계열광역,유지,유지,학생부교과우수자,3.72,3.56,,,,,,,DKU인재-서류형,4.28,4.1,,,,,국수영탐(1),-/-,,,,,,,,,,,,,,,,,,,,,
충청권,충남,천안시,단국대(천안),인문,해병대군사학과(남),해병대군사학과(남),변경,변경,학생부교과우수자,6.37,4.94,,,,,,,,,,,,,,국수영탐(1),-/-,,,,,,,,,,,,,,,,,,,,,
충청권,충남,천안시,단국대(천안),인문,해병대군사학과(여),해병대군사학과(여),변경,변경,학생부교과우수자,4.45,4.08,,,,,,,,,,,,,,국수영탐(1),-/-,,,,,,,,,,,,,,,,,,,,,
경상권,경북,경산시,대구가톨릭대,인문,국어교육과,국어교육과,유지,유지,교과,3.85,3.59,,,,,,,종합,4.68,4.42,,,,,국수영탐(1) 중 3개,-/-,,,,,,,,,,,,,,,,,,,,,
경상권,경북,경산시,대구가톨릭대,예체능,금속•주얼리디자인과,금속•주얼리디자인과,유지,유지,교과,4.88,4.88,,,,,,,,,,,,,,국수영탐(1) 중 2개,-/-,,,,,,,,,,,,,,,,,,,,,
경상권,경북,경산시,대구가톨릭대,예체능,뉴미디어&게임디자인과,디지털디자인과,유지,변경,교과,3.89,3.32,,,,,,,,,,,,,,국수영탐(1) 중 2개,-/-,,,,,,,,,,,,,,,,,,,,,
경상권,경북,경산시,대구가톨릭대,자연,바이오메디대학자율학부,,신설,신설,,,,,,,,,,,,,,,,,,-/-,,,,,,,,,,,,,,,,,,,,,
경상권,경북,경산시,대구가톨릭대,인문,사회과학대학자율학부,,신설,신설,,,,,,,,,,,,,,,,,,-/-,,,,,,,,,,,,,,,,,,,,,
경상권,경북,경산시,대구가톨릭대,예체능,산업디자인과,산업디자인과,유지,유지,교과,5.21,4.69,,,,,,,,,,,,,,국수영탐(1) 중 2개,-/-,,,,,,,,,,,,,,,,,,,,,
경상권,경북,경산시,대구가톨릭대,예체능,시각디자인과,,신설,신설,,,,,,,,,,,,,,,,,,-/-,,,,,,,,,,,,,,,,,,,,,
경상권,대구,중구,대구가톨릭대,인문,신학부,신학부,유지,유지,교과,6.71,5.58,,,,,,,,,,,,,,,-/-,,,,,,,,,,,,,,,,,,,,,
경상권,경북,경산시,대구가톨릭대,예체능,실용음악과,실용음악과,유지,유지,교과,4.64,4.57,,,,,,,,,,,,,,국수영탐(1) 중 2개,-/-,,,,,,,,,,,,,,,,,,,,,
경상권,경북,경산시,대구가톨릭대,인문,역사교육과,역사교육과,유지,유지,교과,3.35,3.25,,,,,,,종합,3.73,3.5,,,,,국수영탐(1) 중 3개,-/-,,,,,,,,,,,,,,,,,,,,,
경상권,경북,경산시,대구가톨릭대,예체능,예술치료학과,예술치료학과,유지,유지,교과,4.89,4.32,,,,,,,종합,6.75,6.65,,,,,국수영탐(1) 중 2개,-/-,,,,,,,,,,,,,,,,,,,,,
경상권,경북,경산시,대구가톨릭대,예체능,웹툰애니창작과,,신설,신설,,,,,,,,,,,,,,,,,,-/-,,,,,,,,,,,,,,,,,,,,,
경상권,경북,경산시,대구가톨릭대,인문,유스티노자유대학,유스티노자유대학,유지,유지,교과,4.97,4.01,,,,,,,,,,,,,,국수영탐(1) 중 3개,-/-,,,,,,,,,,,,,,,,,,,,,
경상권,경북,경산시,대구가톨릭대,인문,유아교육과,유아교육과,유지,유지,교과,4.28,3.96,,,,,,,종합,4.31,4.13,,,,,국수영탐(1) 중 3개,-/-,,,,,,,,,,,,,,,,,,,,,
경상권,경북,경산시,대구가톨릭대,예체능,음악학과,음악학과,유지,유지,교과,5.2,5.2,,,,,,,,,,,,,,국수영탐(1) 중 2개,-/-,,,,,,,,,,,,,,,,,,,,,
경상권,경북,경산시,대구가톨릭대,예체능,패션디자인과(예체능),패션디자인과(예체능),유지,유지,교과,3.4,3,,,,,,,,,,,,,,국수영탐(1) 중 2개,-/-,,,,,,,,,,,,,,,,,,,,,
경상권,경북,경산시,대구대,자연,난임의료산업학과,,신설,신설,,,,,,,,,,,,,,,,,,-/-,,,,,,,,,,,,,,,,,,,,,
경상권,경북,경산시,대구대,자연,생물교육과,생물교육과,유지,유지,일반,4.8,4,,,,,,,서류,4.32,4.02,,,,,,-/-,,,,,,,,,,,,,,,,,,,,,
경상권,경북,경산시,대구대,예체능,스포츠레저학과,스포츠레저학과,유지,유지,일반,5.7,4.7,,,,,,,,,,,,,,,-/-,,,,,,,,,,,,,,,,,,,,,
경상권,경북,경산시,대구대,예체능,스포츠헬스케어학과,스포츠헬스케어학과,유지,유지,일반,5.9,4.7,,,,,,,서류,7.65,6.8,,,,,,-/-,,,,,,,,,,,,,,,,,,,,,
경상권,경북,경산시,대구대,인문,역사교육과,역사교육과,유지,유지,일반,4,3.1,,,,,,,서류,3.8,3.68,,,,,,-/-,,,,,,,,,,,,,,,,,,,,,
경상권,경북,경산시,대구대,예체능,웹툰영상애니메이션학부,웹툰영상애니메이션학부,유지,유지,일반,5,4.2,,,,,,,,,,,,,,,-/-,,,,,,,,,,,,,,,,,,,,,
경상권,경북,경산시,대구대,인문,유아교육과,유아교육과,유지,유지,일반,4.8,4.1,,,,,,,서류,4.57,4.57,,,,,,-/-,,,,,,,,,,,,,,,,,,,,,
경상권,경북,경산시,대구대,인문,일반사회교육과,일반사회교육과,유지,유지,일반,4.2,3.6,,,,,,,서류,4,3.71,,,,,,-/-,,,,,,,,,,,,,,,,,,,,,
경상권,경북,경산시,대구대,자연,작업치료학과,작업치료학과,유지,유지,일반,5,4.5,,,,,,,서류,4.88,4.88,,,,,,-/-,,,,,,,,,,,,,,,,,,,,,
경상권,경북,경산시,대구대,예체능,체육학과,,신설,신설,,,,,,,,,,,,,,,,,,-/-,,,,,,,,,,,,,,,,,,,,,
경상권,경북,경산시,대구대,자연,특수창의융합학과,특수창의융합학과,유지,유지,,,,,,,,,,특수창의융합인재,,,,,,,,-/-,,,,,,,,,,,,,,,,,,,,,
경상권,경북,칠곡군,대구예술대,예체능,국제학부,국제학부,유지,유지,일반,,,,,,,,,,,,,,,,,-/-,,,,,,,,,,,,,,,,,,,,,
경상권,경북,경산시,대구한의대,자연,응급구조학과,,신설,신설,,,,,,,,,,,,,,,,,,-/-,,,,,,,,,,,,,,,,,,,,,
경상권,경북,경산시,대구한의대,예체능,체육학과,체육학과,유지,유지,면접,5.9,4.8,일반,7.21,6.98,,,,,,,,,,,국수영탐(1),-/-,,,,,,,,,,,,,,,,,,,,,
경상권,경북,경산시,대신대,인문,DSU자율전공학부,무전공학부,유지,변경,일반,7,4.5,,,,,,,,,,,,,,,-/-,,,,,,,,,,,,,,,,,,,,,
경상권,경북,경산시,대신대,인문,문화예술학부,문화예술학부,유지,유지,일반,6.9,6.3,,,,,,,,,,,,,,,-/-,,,,,,,,,,,,,,,,,,,,,
경상권,경북,경산시,대신대,인문,선교학부,선교학부,유지,유지,일반,8,6,,,,,,,,,,,,,,,-/-,,,,,,,,,,,,,,,,,,,,,
경상권,경북,경산시,대신대,인문,신학과,신학과,유지,유지,목사추천,8,4,,,,,,,,,,,,,,,-/-,,,,,,,,,,,,,,,,,,,,,
충청권,대전,동구,대전대,인문,경찰학과,경찰학과,유지,유지,교과면접,4.67,4.33,교과중점,4.17,4,,,,,,,,,,,,-/-,,,,,,,,,,,,,,,,,,,,,
충청권,대전,동구,대전대,예체능,공연예술영상콘텐츠학과,,신설,신설,,,,,,,,,,,,,,,,,,-/-,,,,,,,,,,,,,,,,,,,,,
충청권,대전,동구,대전대,인문,군사학과(여),군사학과(여),유지,유지,군사학과,4.61,4.05,,,,,,,,,,,,,,,-/-,,,,,,,,,,,,,,,,,,,,,
충청권,대전,동구,대전대,자연,뷰티디자인학과,뷰티디자인학과,유지,유지,교과면접,5,4.83,교과중점,4.36,3.91,,,,,,,,,,,,-/-,,,,,,,,,,,,,,,,,,,,,
충청권,대전,동구,대전대,인문,비즈니스일본어학과,비즈니스일본어학과,유지,유지,교과면접,5.33,5.17,교과중점,4.79,4.5,,,,,,,,,,,,-/-,,,,,,,,,,,,,,,,,,,,,
충청권,대전,동구,대전대,자연,스포츠건강재활학과,스포츠건강재활학과,유지,유지,,,,,,,,,,혜화인재,6.63,5.38,,,,,,-/-,,,,,,,,,,,,,,,,,,,,,
충청권,대전,동구,대전대,인문,패션디자인•비즈니스학과,패션디자인•비즈니스학과,유지,유지,교과면접,5.17,5.17,교과중점,4.88,4.63,,,,,,,,,,,,-/-,,,,,,,,,,,,,,,,,,,,,
경인권,경기,포천시,대진대,인문,대순종학과,대순종학과,유지,유지,종단추천자,4.09,3.97,,,,,,,,,,,,,,,-/-,,,,,,,,,,,,,,,,,,,,,
경인권,경기,포천시,대진대,인문,영화영상학과,,신설,신설,,,,,,,,,,,,,,,,,,-/-,,,,,,,,,,,,,,,,,,,,,
서울,서울,중구,동국대,예체능,연극학부,연극학부,유지,유지,,,,,,,,,,Do Dream,4.76,3.29,,,,,,-/-,,,,,,,,,,,,,,,,,,,,,
서울,서울,중구,동국대,예체능,영화영상학과,영화영상학과,유지,유지,학교장추천인재,1.2,1.07,,,,,,,Do Dream,5.75,3.81,,,,,국수영탐(2),-/-,,,,,,,,,,,,,,,,,,,,,
서울,서울,중구,동국대,자연,의료인공지능공학과,,유지,신설,,,,,,,,,,,,,,,,,,-/-,,,,,,,,,,,,,,,,,,,,,
서울,서울,중구,동국대,자연,지능형네트워크융합학과,,유지,신설,,,,,,,,,,,,,,,,,,-/-,,,,,,,,,,,,,,,,,,,,,
경상권,경북,경주시,동국대(WISE),자연,소방방재전공,소방방재전공,유지,유지,교과,4,3.8,면접,4.5,4.4,,,,참사랑,4.1,4.1,,,,,국수탐(1) 중 2개,4/2,,,,,,,,,,,,,,,,,,,,,
경상권,부산,남구,동명대,예체능,K-sports태권도학과,K-sports태권도학과,유지,유지,,,,,,,,,,창의인재,,,,,,,,-/-,,,,,,,,,,,,,,,,,,,,,
경상권,부산,남구,동명대,인문,군사학과,군사학과,유지,유지,면접,5.63,4.07,일반고교과,5,4.25,,,,창의인재,5.68,4.38,,,,,국수영탐(1),-/-,,,,,,,,,,,,,,,,,,,,,
경상권,부산,남구,동명대,예체능,시각디자인학과,,유지,유지,,,,,,,,,,,,,,,,,,-/-,,,,,,,,,,,,,,,,,,,,,
경상권,부산,남구,동명대,예체능,웹툰•애니메이션학부,웹툰•애니메이션학과,유지,변경,면접,4.38,4.25,,,,,,,,,,,,,,,-/-,,,,,,,,,,,,,,,,,,,,,
경상권,부산,남구,동명대,자연,작업치료학과,작업치료학과,유지,유지,면접,4.5,4.28,일반고교과,4.63,4.38,,,,창의인재,,,,,,,국수영탐(1),-/-,,,,,,,,,,,,,,,,,,,,,
경상권,부산,남구,동명대,예체능,축구스포츠산업학과,축구학과,유지,변경,,,,,,,,,,창의인재,,,,,,,국수영탐(1),-/-,,,,,,,,,,,,,,,,,,,,,
경상권,부산,사상구,동서대,예체능,게임학과,게임학과,유지,유지,고교생활우수자,4.7,4.6,일반계교과,2.9,2.5,학생부면접,4.1,4.1,학생부종합,6.9,4.67,,,,,,-/-,,,,,,,,,,,,,,,,,,,,,
경상권,부산,사상구,동서대,예체능,영상애니메이션학과,영상애니메이션학과,유지,유지,고교생활우수자,3.1,3,일반계교과,2.4,2.3,학생부면접,3.5,3.5,학생부종합,4.27,3.8,,,,,,-/-,,,,,,,,,,,,,,,,,,,,,
경상권,부산,사상구,동서대,예체능,웹툰학과,웹툰학과,유지,유지,일반계교과,2,2,학생부면접,3.2,3.1,,,,학생부종합,5.65,4.94,,,,,,-/-,,,,,,,,,,,,,,,,,,,,,
전라권,전남,나주시,동신대,자연,건축학과,건축학과,유지,유지,면접,6.11,6.11,일반,7.02,6.98,,,,,,,,,,,국수영탐(1)한,-/-,,,,,,,,,,,,,,,,,,,,,
전라권,전남,나주시,동신대,인문,경찰행정학과,경찰행정학과,유지,유지,일반,7.06,6.8,,,,,,,,,,,,,,국수영탐(1)한,-/-,,,,,,,,,,,,,,,,,,,,,
전라권,전남,나주시,동신대,인문,국제한국어학과,국제한국어학과,유지,유지,면접,6.11,6.11,일반,7.77,5.99,,,,,,,,,,,국수영탐(1)한,-/-,,,,,,,,,,,,,,,,,,,,,
전라권,전남,나주시,동신대,인문,군사학과,군사학과,유지,유지,일반,7.07,6.77,,,,,,,,,,,,,,국수영탐(1)한,-/-,,,,,,,,,,,,,,,,,,,,,
전라권,전남,나주시,동신대,인문,도시계획학과,도시계획학과,유지,유지,면접,5.65,5.65,일반,5.74,5.74,,,,,,,,,,,국수영탐(1)한,-/-,,,,,,,,,,,,,,,,,,,,,
전라권,전남,나주시,동신대,자연,디지털콘텐츠학과,디지털콘텐츠학과,유지,유지,일반,5.61,5.61,,,,,,,,,,,,,,국수영탐(1)한,-/-,,,,,,,,,,,,,,,,,,,,,
전라권,전남,나주시,동신대,예체능,뮤지컬ㆍ실용음악학과,뮤지컬ㆍ실용음악학과,유지,유지,일반,4.42,4.42,,,,,,,,,,,,,,국수영탐(1)한,-/-,,,,,,,,,,,,,,,,,,,,,
전라권,전남,나주시,동신대,자연,미래에너지기술학부,,유지,신설,,,,,,,,,,,,,,,,,,-/-,,,,,,,,,,,,,,,,,,,,,
전라권,전남,나주시,동신대,자연,반려동물학과,반려동물학과,유지,유지,일반,6.82,6.3,,,,,,,,,,,,,,,-/-,,,,,,,,,,,,,,,,,,,,,
전라권,전남,나주시,동신대,자연,보건행정학과,보건행정학과,유지,유지,일반,5.98,5.86,,,,,,,,,,,,,,국수영탐(1)한,-/-,,,,,,,,,,,,,,,,,,,,,
전라권,전남,나주시,동신대,예체능,뷰티미용학과,뷰티미용학과,유지,유지,면접,6.73,6.07,일반,7.37,7.14,,,,,,,,,,,국수영탐(1)한,-/-,,,,,,,,,,,,,,,,,,,,,
전라권,전남,나주시,동신대,인문,사회복지학과,사회복지학과,유지,유지,면접,7.11,6.89,일반,6.31,5.91,,,,,,,,,,,국수영탐(1)한,-/-,,,,,,,,,,,,,,,,,,,,,
전라권,전남,나주시,동신대,인문,상담심리학과,상담심리학과,유지,유지,면접,6.18,6.07,일반,6.42,5.33,,,,,,,,,,,국수영탐(1)한,-/-,,,,,,,,,,,,,,,,,,,,,
전라권,전남,나주시,동신대,예체능,생활체육학과,생활체육학과,유지,유지,면접,7.4,7.4,일반,7.14,6.77,,,,,,,,,,,국수영탐(1)한,-/-,,,,,,,,,,,,,,,,,,,,,
전라권,전남,나주시,동신대,자연,안경광학과,안경광학과,유지,유지,면접,6.17,6.17,일반,6.46,6.46,,,,,,,,,,,국수영탐(1)한,-/-,,,,,,,,,,,,,,,,,,,,,
전라권,전남,나주시,동신대,자연,언어치료학과,언어치료학과,유지,유지,일반,6.36,6.19,,,,,,,,,,,,,,국수영탐(1)한,-/-,,,,,,,,,,,,,,,,,,,,,
전라권,전남,나주시,동신대,인문,유아교육학과,유아교육학과,유지,유지,일반,6.73,5.74,,,,,,,,,,,,,,국수영탐(1)한,-/-,,,,,,,,,,,,,,,,,,,,,
전라권,전남,나주시,동신대,자연,자유전공학부,자유전공학부,유지,유지,일반,7.62,6.8,,,,,,,,,,,,,,국수영탐(1)한,-/-,,,,,,,,,,,,,,,,,,,,,
전라권,전남,나주시,동신대,자연,전기공학과,전기공학과,유지,유지,면접,6.96,6.96,일반,6.9,6.7,,,,,,,,,,,국수영탐(1)한,-/-,,,,,,,,,,,,,,,,,,,,,
전라권,전남,나주시,동신대,자연,컴퓨터학과,컴퓨터학과,유지,유지,면접,7.41,6.72,일반,6.73,6.38,,,,,,,,,,,국수영탐(1)한,-/-,,,,,,,,,,,,,,,,,,,,,
전라권,전남,나주시,동신대,자연,토목환경공학과,토목환경공학과,유지,유지,일반,6.88,5.74,,,,,,,,,,,,,,국수영탐(1)한,-/-,,,,,,,,,,,,,,,,,,,,,
전라권,전남,나주시,동신대,인문,호텔관광경영학과,호텔관광경영학과,유지,유지,면접,7.77,7.41,일반,5.46,5.46,,,,,,,,,,,국수영탐(1)한,-/-,,,,,,,,,,,,,,,,,,,,,
경상권,부산,사하구,동아대,예체능,미술학과,미술학과,유지,유지,,,,,,,,,,잠재능력우수자,4.47,4.34,,,,,,-/-,,,,,,,,,,,,,,,,,,,,,
경상권,부산,사하구,동아대,예체능,산업디자인학과,산업디자인학과,유지,유지,,,,,,,,,,잠재능력우수자,4.37,3.98,,,,,,-/-,,,,,,,,,,,,,,,,,,,,,
경상권,부산,서구,동아대,자연,작업치료학과,,유지,신설,,,,,,,,,,,,,,,,,,-/-,,,,,,,,,,,,,,,,,,,,,
경상권,부산,사하구,동아대,예체능,체육학과,체육학과,유지,유지,,,,,,,,,,잠재능력우수자,4.13,3.82,학교생활우수자,3.85,3.78,,,-/-,,,,,,,,,,,,,,,,,,,,,
경상권,부산,사하구,동아대,예체능,태권도학과,태권도학과,유지,유지,,,,,,,,,,잠재능력우수자,4.94,4.89,,,,,,-/-,,,,,,,,,,,,,,,,,,,,,
경인권,경기,동두천시,동양대,인문,경찰범죄심리학과,경찰범죄심리학과,유지,유지,일반Ⅰ,3.1,2.6,,,,,,,,,,,,,,"국수영 중 2개, 탐구(1)",4/3,,,,,,,,,,,,,,,,,,,,,
경인권,경기,동두천시,동양대,자연,군사학과,군사학과,유지,유지,일반Ⅰ,4.9,4.2,,,,,,,,,,,,,,,-/-,,,,,,,,,,,,,,,,,,,,,
경인권,경기,동두천시,동양대,예체능,디자인학부,디자인학부,유지,유지,면접,3.1,2.9,,,,,,,,,,,,,,"국수영 중 2개, 탐구(1)",-/-,,,,,,,,,,,,,,,,,,,,,
경인권,경기,동두천시,동양대,자연,디지털트윈소프트웨어학과,디지털트윈소프트웨어학과,유지,유지,일반Ⅰ,5.9,3.8,,,,,,,,,,,,,,"국수영 중 2개, 탐구(1)",4/3,,,,,,,,,,,,,,,,,,,,,
경인권,경기,동두천시,동양대,인문,보건의료복지학과,보건의료복지학과,유지,유지,일반Ⅰ,4.8,3.8,,,,,,,,,,,,,,,-/-,,,,,,,,,,,,,,,,,,,,,
경인권,경기,동두천시,동양대,예체능,생활체육학과,생활체육학과,유지,유지,면접,6.5,4.4,,,,,,,,,,,,,,,-/-,,,,,,,,,,,,,,,,,,,,,
경상권,경북,영주시,동양대,자연,스마트건축공학과,스마트건축공학과,유지,유지,일반Ⅰ,5.5,5.2,,,,,,,,,,,,,,,-/-,,,,,,,,,,,,,,,,,,,,,
경인권,경기,동두천시,동양대,예체능,영상미디어학과,공연영상학부,유지,유지,면접,,,,,,,,,,,,,,,,"국수영 중 2개, 탐구(1)",-/-,,,,,,,,,,,,,,,,,,,,,
경인권,경기,동두천시,동양대,인문,유아교육과,유아교육과,유지,유지,일반Ⅰ,5,4.1,,,,,,,,,,,,,,,-/-,,,,,,,,,,,,,,,,,,,,,
경상권,경북,영주시,동양대,공통,창의자율전공학부,,유지,신설,,,,,,,,,,,,,,,,,,-/-,,,,,,,,,,,,,,,,,,,,,
경인권,경기,동두천시,동양대,자연,철도시스템공학과,도시철도시스템학과,유지,변경,일반Ⅰ,3.2,3,,,,,,,,,,,,,,"국수영 중 2개, 탐구(1)",-/-,,,,,,,,,,,,,,,,,,,,,
경상권,경북,영주시,동양대,자연,철도자율전공학부,철도자율전공학부,유지,유지,일반Ⅱ,6.8,4.7,,,,,,,,,,,,,,"국수영 중 2개, 탐구(1)",-/-,,,,,,,,,,,,,,,,,,,,,
경상권,경북,영주시,동양대,자연,철도차량학과,철도차량학과,유지,유지,일반Ⅰ,4.1,4,,,,,,,,,,,,,,,-/-,,,,,,,,,,,,,,,,,,,,,
경상권,부산,부산진구,동의대,예체능,K-뷰티학과,K-뷰티학과,유지,유지,일반고교과,4.33,3.91,,,,,,,학교생활우수자(면접),6.5,6.04,,,,,,-/-,,,,,,,,,,,,,,,,,,,,,
경상권,부산,부산진구,동의대,자연,건축학과(5년제),건축학과(5년제),유지,유지,일반고교과,4.16,3.83,,,,,,,학교생활우수자(면접),6.7,6.7,,,,,,-/-,,,,,,,,,,,,,,,,,,,,,
경상권,부산,부산진구,동의대,자연,디지털융합학과,소프트웨어융합학과,유지,변경,,,,,,,,,,조기취업형계약학과,6.8,6.8,,,,,,-/-,,,,,,,,,,,,,,,,,,,,,
경상권,부산,부산진구,동의대,자연,디지털콘텐츠학과,디지털콘텐츠학과,유지,유지,일반고교과,4.33,4,,,,,,,학교생활우수자(면접),5.9,5.9,,,,,,-/-,,,,,,,,,,,,,,,,,,,,,
경상권,부산,부산진구,동의대,인문,미디어커뮤니케이션학과,미디어커뮤니케이션학과,유지,유지,일반고교과,3.5,3.33,,,,,,,학교생활우수자(면접),6.04,6.04,,,,,,-/-,,,,,,,,,,,,,,,,,,,,,
경상권,부산,부산진구,동의대,자연,미래모빌리티학과,미래모빌리티학과,유지,유지,,,,,,,,,,조기취업형계약학과,7.44,7.44,,,,,,-/-,,,,,,,,,,,,,,,,,,,,,
경상권,부산,부산진구,동의대,인문,사회복지학과,사회복지학과,유지,유지,일반고교과,4.25,4.08,,,,,,,학교생활우수자(면접),6.72,6.72,,,,,,-/-,,,,,,,,,,,,,,,,,,,,,
경상권,부산,부산진구,동의대,인문,소방방재행정학과,소방방재행정학과,유지,유지,일반고교과,3.5,3.33,,,,,,,학교생활우수자(면접),5.36,5.36,,,,,,-/-,,,,,,,,,,,,,,,,,,,,,
경상권,부산,부산진구,동의대,인문,스마트호스피탈리티학과,스마트호스피탈리티학과,유지,유지,,,,,,,,,,조기취업형계약학과,7.78,7.78,,,,,,-/-,,,,,,,,,,,,,,,,,,,,,
경상권,부산,부산진구,동의대,예체능,영화학과,영화학과,유지,유지,일반고교과,4.83,4.5,,,,,,,학교생활우수자(면접),7.22,7.22,,,,,,-/-,,,,,,,,,,,,,,,,,,,,,
경상권,부산,부산진구,동의대,인문,외식경영학과,외식경영학과,유지,유지,일반고교과,5.25,4.83,,,,,,,학교생활우수자(면접),5.21,3.88,,,,,,-/-,,,,,,,,,,,,,,,,,,,,,
경상권,부산,부산진구,동의대,자연,응급구조학과,,유지,신설,,,,,,,,,,,,,,,,,,-/-,,,,,,,,,,,,,,,,,,,,,
경상권,부산,부산진구,동의대,자연,의료경영학과,의료경영학과,유지,유지,일반고교과,4.33,4.16,,,,,,,학교생활우수자(면접),6.95,6.95,,,,,,-/-,,,,,,,,,,,,,,,,,,,,,
경상권,부산,부산진구,동의대,자연,첨단에너지공학과,,유지,신설,,,,,,,,,,,,,,,,,,-/-,,,,,,,,,,,,,,,,,,,,,
경상권,부산,부산진구,동의대,자연,패션디자인학과,패션디자인학과,유지,유지,일반고교과,4.5,4.33,,,,,,,학교생활우수자(면접),6.91,6.91,,,,,,-/-,,,,,,,,,,,,,,,,,,,,,
충청권,대전,서구,목원대,자연,게임소프트웨어공학과,게임소프트웨어공학과,유지,유지,교과,4.38,3.8,,,,,,,,,,,,,,,-/-,,,,,,,,,,,,,,,,,,,,,
충청권,대전,서구,목원대,예체능,게임콘텐츠학과,게임콘텐츠학과,유지,유지,교과,1.75,1.63,,,,,,,,,,,,,,국수영탐탐한 중 2개,-/-,,,,,,,,,,,,,,,,,,,,,
충청권,대전,서구,목원대,예체능,공연콘텐츠 학부,공연콘텐츠 학부,유지,유지,교과,2.88,2.94,,,,,,,,,,,,,,국수영탐탐한 중 2개,-/-,,,,,,,,,,,,,,,,,,,,,
충청권,대전,서구,목원대,인문,국어교육과,국어교육과,유지,유지,교과면접,3.13,3.02,교과,2.88,2.54,,,,,,,,,,,,-/-,,,,,,,,,,,,,,,,,,,,,
충청권,대전,서구,목원대,예체능,도자디자인학과,도자디자인학과,유지,유지,교과,3,2.66,,,,,,,,,,,,,,,-/-,,,,,,,,,,,,,,,,,,,,,
충청권,대전,서구,목원대,예체능,미술학부,미술학부,유지,유지,교과,3,2.78,,,,,,,,,,,,,,국수영탐탐한 중 2개,-/-,,,,,,,,,,,,,,,,,,,,,
충청권,대전,서구,목원대,예체능,산업디자인학과,산업디자인학과,유지,유지,교과,2.5,2.31,,,,,,,,,,,,,,,-/-,,,,,,,,,,,,,,,,,,,,,
충청권,대전,서구,목원대,예체능,섬유•패션디자인학과,섬유•패션디자인학과,유지,유지,교과,2.63,2.47,,,,,,,,,,,,,,,-/-,,,,,,,,,,,,,,,,,,,,,
충청권,대전,서구,목원대,예체능,시각디자인학과,시각커뮤니케이션디자인학과,유지,변경,교과,2.13,1.99,,,,,,,,,,,,,,,-/-,,,,,,,,,,,,,,,,,,,,,
충청권,대전,서구,목원대,예체능,애니메이션학과,애니메이션학과,유지,유지,교과,1.75,1.69,,,,,,,,,,,,,,국수영탐탐한 중 2개,-/-,,,,,,,,,,,,,,,,,,,,,
충청권,대전,서구,목원대,공통,에듀테크융합 자율전공학부,,유지,신설,,,,,,,,,,,,,,,,,,-/-,,,,,,,,,,,,,,,,,,,,,
충청권,대전,서구,목원대,예체능,연극영화영상학부,연극영화영상학부,유지,유지,교과면접,3.75,3.33,교과,3.25,2.99,,,,,,,,,,,국수영탐탐한 중 2개,-/-,,,,,,,,,,,,,,,,,,,,,
충청권,대전,서구,목원대,예체능,웹툰학과,웹툰학과,유지,유지,교과,1.75,1.63,,,,,,,,,,,,,,,-/-,,,,,,,,,,,,,,,,,,,,,
충청권,대전,서구,목원대,인문,유아교육과,유아교육과,유지,유지,교과면접,3.63,3.29,,,,,,,,,,,,,,,-/-,,,,,,,,,,,,,,,,,,,,,
충청권,대전,서구,목원대,예체능,음악교육과,음악교육과,유지,유지,교과,1.63,1.5,,,,,,,,,,,,,,국수영탐탐한 중 2개,-/-,,,,,,,,,,,,,,,,,,,,,
충청권,대전,서구,목원대,공통,일본어·중국어문화학과,,유지,신설,,,,,,,,,,,,,,,,,,-/-,,,,,,,,,,,,,,,,,,,,,
충청권,대전,서구,목원대,예체능,입체조형학부,입체조형학부,유지,유지,교과,2.88,2.85,,,,,,,,,,,,,,,-/-,,,,,,,,,,,,,,,,,,,,,
충청권,대전,서구,목원대,예체능,창의예술자율전공학부,창의예술자율전공학부,유지,유지,교과,2.38,2.14,,,,,,,,,,,,,,,-/-,,,,,,,,,,,,,,,,,,,,,
충청권,대전,서구,목원대,자연,화장품학과,화장품학과,유지,유지,교과,4,3.53,,,,,,,,,,,,,,,-/-,,,,,,,,,,,,,,,,,,,,,
전라권,전남,목포시,목포가톨릭대,인문,사회복지학과,사회복지학과,유지,유지,일반학생,,6.42,,,,,,,,,,,,,,"국수 중 1개, 영탐(1)",-/-,,,,,,,,,,,,,,,,,,,,,
전라권,전남,목포시,목포가톨릭대,인문,유아교육과,유아교육과,유지,유지,일반학생,,6.01,,,,,,,,,,,,,,"국수 중 1개, 영탐(1)",-/-,,,,,,,,,,,,,,,,,,,,,
충청권,대전,서구,배재대,예체능,광고사진영상학과,광고사진영상학과,유지,유지,교과,5.4,4.9,,,,,,,,,,,,,,,-/-,,,,,,,,,,,,,,,,,,,,,
충청권,대전,서구,배재대,자연,드론로봇공학과,드론로봇공학과,유지,유지,교과,5.2,5,일반고교과,5.5,5.1,,,,,,,,,,,국수영탐(1) 중 2개,-/-,,,,,,,,,,,,,,,,,,,,,
충청권,대전,서구,배재대,예체능,레저스포츠학부(스포츠마케팅),레저스포츠학부(스포츠마케팅),유지,유지,교과,5.2,4.8,,,,,,,,,,,,,,,-/-,,,,,,,,,,,,,,,,,,,,,
충청권,대전,서구,배재대,예체능,레저스포츠학부(스포츠지도·건강재활),레저스포츠학부(스포츠지도·건강재활),유지,유지,교과,,,일반고교과,4.9,4.4,,,,,,,,,,,,-/-,,,,,,,,,,,,,,,,,,,,,
충청권,대전,서구,배재대,예체능,뷰티케어학과,뷰티케어학과,유지,유지,교과,4.4,4.4,,,,,,,,,,,,,,,-/-,,,,,,,,,,,,,,,,,,,,,
충청권,대전,서구,배재대,자연,실내건축학과,실내건축학과,유지,유지,교과,4.7,4.6,,,,,,,,,,,,,,,-/-,,,,,,,,,,,,,,,,,,,,,
충청권,대전,서구,배재대,예체능,아트앤웹툰학부(아트앤웹툰),아트앤웹툰학부(아트앤웹툰),유지,유지,교과,2.5,2.5,,,,,,,,,,,,,,,-/-,,,,,,,,,,,,,,,,,,,,,
충청권,대전,서구,배재대,예체능,운동재활복지학과,,신설,신설,,,,,,,,,,,,,,,,,,-/-,,,,,,,,,,,,,,,,,,,,,
충청권,대전,서구,배재대,인문,일본학과,일본학과,유지,유지,교과,4.5,4.3,,,,,,,,,,,,,,,-/-,,,,,,,,,,,,,,,,,,,,,
충청권,충남,천안시,백석대,인문,관광학부 관광외식서비스학과,,신설,신설,,,,,,,,,,,,,,,,,,-/-,,,,,,,,,,,,,,,,,,,,,
충청권,충남,천안시,백석대,예체능,디자인영상학부 뷰티디자인학과,,신설,신설,,,,,,,,,,,,,,,,,,-/-,,,,,,,,,,,,,,,,,,,,,
충청권,충남,천안시,백석대,인문,외식산업학부 외식조리서비스학과,,신설,신설,,,,,,,,,,,,,,,,,,-/-,,,,,,,,,,,,,,,,,,,,,
충청권,충남,천안시,백석대,자연,컴퓨터공학부 스마트융합공학과,,신설,신설,,,,,,,,,,,,,,,,,,-/-,,,,,,,,,,,,,,,,,,,,,
경상권,부산,금정구,부산대,자연,미래도시건축환경융합전공,,신설,신설,,,,,,,,,,,,,,,,,,-/-,,,,,,,,,,,,,,,,,,,,,
경상권,부산,금정구,부산대,자연,스마트시티전공,,신설,신설,,,,,,,,,,,,,,,,,,-/-,,,,,,,,,,,,,,,,,,,,,
경상권,부산,금정구,부산대,공통,자유전공학부,,신설,신설,,,,,,,,,,,,,,,,,,-/-,,,,,,,,,,,,,,,,,,,,,
경상권,부산,금정구,부산대,자연,첨단IT자율전공,,신설,신설,,,,,,,,,,,,,,,,,,-/-,,,,,,,,,,,,,,,,,,,,,
경상권,부산,금정구,부산대,자연,첨단모빌리티자율전공,,신설,신설,,,,,,,,,,,,,,,,,,-/-,,,,,,,,,,,,,,,,,,,,,
경상권,부산,금정구,부산대,자연,첨단소재자율전공,,신설,신설,,,,,,,,,,,,,,,,,,-/-,,,,,,,,,,,,,,,,,,,,,
경상권,부산,금정구,부산외대,예체능,스포츠재활전공,스포츠재활전공,유지,유지,교과면접,4.4,4.2,,,,,,,학생부서류,4.4,4.4,,,,,국수영탐(2),-/-,,,,,,,,,,,,,,,,,,,,,
경상권,경남,김해시,부산장신대,인문,신학과,신학과,유지,유지,추천제,,,,,,,,,,,,,,,,,-/-,,,,,,,,,,,,,,,,,,,,,
경상권,경남,김해시,부산장신대,인문,특수교육과(초등),특수교육과(초등),유지,유지,일반,6,5,,,,,,,,,,,,,,,-/-,,,,,,,,,,,,,,,,,,,,,
서울,서울,노원구,삼육대,인문,신학과,신학과,유지,유지,,,,,,,,,,신학특별,,,,,,,국수영탐(2),-/-,,,,,,,,,,,,,,,,,,,,,
서울,서울,노원구,삼육대,인문,영어영문학과,영어영문학과,유지,유지,학교장추천,3.36,3.27,,,,,,,세움인재,4.01,3.9,재림교회목회자추천,,,,국수영탐(2),-/-,,,,,,,,,,,,,,,,,,,,,
서울,서울,종로구,상명대,인문,국가안보학과,국가안보학과,유지,유지,고교추천,4.18,4.1,,,,,,,,,,,,,,,-/-,,,,,,,,,,,,,,,,,,,,,
서울,서울,종로구,상명대,예체능,미술학부 조형예술전공,미술학부 조형예술전공,유지,유지,,,,,,,,,,상명인재,3.73,3.36,,,,,,-/-,,,,,,,,,,,,,,,,,,,,,
충청권,충남,천안시,상명대,자연,바이오푸드테크학과,,신설,신설,,,,,,,,,,,,,,,,,,-/-,,,,,,,,,,,,,,,,,,,,,
충청권,충남,천안시,상명대,자연,스마트IT융합공학과,,신설,신설,,,,,,,,,,,,,,,,,,-/-,,,,,,,,,,,,,,,,,,,,,
서울,서울,종로구,상명대,예체능,스포츠무용학부 스포츠건강관리전공,스포츠무용학부 스포츠건강관리전공,유지,유지,,,,,,,,,,상명인재,3.29,3.13,,,,,,-/-,,,,,,,,,,,,,,,,,,,,,
강원권,강원,원주시,상지대,예체능,리빙디자인학과,리빙디자인학과,유지,유지,,,,,,,,,,종합일반,5.07,4.47,,,,,,-/-,,,,,,,,,,,,,,,,,,,,,
강원권,강원,원주시,상지대,예체능,만화애니메이션학과,만화애니메이션학과,유지,유지,교과일반,3.22,3.19,,,,,,,,,,,,,,,-/-,,,,,,,,,,,,,,,,,,,,,
강원권,강원,원주시,상지대,예체능,산업융합디자인학과,산업융합디자인학과,유지,유지,,,,,,,,,,종합일반,4.12,4.36,,,,,,-/-,,,,,,,,,,,,,,,,,,,,,
강원권,강원,원주시,상지대,예체능,시각영상디자인학과,시각영상디자인학과,유지,유지,,,,,,,,,,종합일반,5.42,3.83,,,,,,-/-,,,,,,,,,,,,,,,,,,,,,
강원권,강원,원주시,상지대,인문,지역혁신행정학과,,신설,신설,,,,,,,,,,,,,,,,,,-/-,,,,,,,,,,,,,,,,,,,,,
강원권,강원,원주시,상지대,예체능,체육학부 체육학전공,체육학부 체육학전공,유지,유지,,,,,,,,,,종합일반,6.25,5.28,,,,,,-/-,,,,,,,,,,,,,,,,,,,,,
서울,서울,마포구,서강대,공통,AI기반자유전공학부,AI기반자유전공학부,유지,유지,지역균형,1.48,1.48,,,,,,,일반,3.37,3.26,,,,,,-/-,,,,,,,,,,,,,,,,,,,,,
서울,서울,마포구,서강대,공통,SCIENCE기반자유전공학부,SCIENCE기반자유전공학부,유지,유지,지역균형,1.7,1.63,,,,,,,일반,,,,,,,,-/-,,,,,,,,,,,,,,,,,,,,,
서울,서울,마포구,서강대,인문,게페르트국제학부,게페르트국제학부,유지,유지,,,,,,,,,,일반,3.51,3.38,,,,,국수탐(2),-/-,,,,,,,,,,,,,,,,,,,,,
서울,서울,마포구,서강대,자연,반도체공학과,,유지,신설,,,,,,,,,,,,,,,,,,-/-,,,,,,,,,,,,,,,,,,,,,
서울,서울,마포구,서강대,공통,인문학기반자유전공학부,인문학기반자유전공학부,유지,유지,지역균형,1.64,1.61,,,,,,,일반,3.5,3.3,,,,,,-/-,,,,,,,,,,,,,,,,,,,,,
서울,서울,노원구,서울과기대,자연,바이오메디컬학과,,신설,신설,,,,,,,,,,,,,,,,,,-/-,,,,,,,,,,,,,,,,,,,,,
서울,서울,은평구,서울기독대,인문,기독교신학,기독교신학,유지,유지,SCU인재,,,일반,,,,,,,,,,,,,국영탐(1),-/-,,,,,,,,,,,,,,,,,,,,,
서울,서울,은평구,서울기독대,인문,상담심리(야),상담심리(야),유지,유지,일반,,,,,,,,,,,,,,,,국영탐(1),-/-,,,,,,,,,,,,,,,,,,,,,
서울,서울,은평구,서울기독대,인문,운동건강관리,운동건강관리,유지,유지,일반,,,,,,,,,,,,,,,,,-/-,,,,,,,,,,,,,,,,,,,,,
서울,서울,관악구,서울대,인문,고고미술사학과,고고미술사학과,유지,유지,,,,,,,,,,일반,2.64,2.14,,,,,,-/-,,,,,,,,,,,,,,,,,,,,,
서울,서울,관악구,서울대,인문,교육학과,교육학과,유지,유지,,,,,,,,,,일반,1.74,1.66,,,,,,-/-,,,,,,,,,,,,,,,,,,,,,
서울,서울,관악구,서울대,예체능,국악과,국악과,유지,유지,,,,,,,,,,일반,3.92,3.01,,,,,,-/-,,,,,,,,,,,,,,,,,,,,,
서울,서울,관악구,서울대,인문,국어국문학과,국어국문학과,유지,유지,,,,,,,,,,일반,1.86,1.77,,,,,,-/-,,,,,,,,,,,,,,,,,,,,,
서울,서울,관악구,서울대,인문,노어노문학과,노어노문학과,유지,유지,,,,,,,,,,일반,2.51,2.28,,,,,,-/-,,,,,,,,,,,,,,,,,,,,,
서울,서울,관악구,서울대,인문,독어교육과,독어교육과,유지,유지,,,,,,,,,,일반,3.25,2.35,지역균형,1.28,1.28,,,-/-,,,,,,,,,,,,,,,,,,,,,
서울,서울,관악구,서울대,인문,독어독문학과,독어독문학과,유지,유지,,,,,,,,,,일반,2.56,2.16,,,,,,-/-,,,,,,,,,,,,,,,,,,,,,
서울,서울,관악구,서울대,인문,미학과,미학과,유지,유지,,,,,,,,,,일반,2.25,1.51,,,,,,-/-,,,,,,,,,,,,,,,,,,,,,
서울,서울,관악구,서울대,인문,불어교육과,불어교육과,유지,유지,,,,,,,,,,일반,2.51,2.34,지역균형,1.55,1.55,,,-/-,,,,,,,,,,,,,,,,,,,,,
서울,서울,관악구,서울대,인문,불어불문학과,불어불문학과,유지,유지,,,,,,,,,,일반,2.1,2.09,,,,,,-/-,,,,,,,,,,,,,,,,,,,,,
서울,서울,관악구,서울대,인문,서어서문학과,서어서문학과,유지,유지,,,,,,,,,,일반,2.87,2.56,,,,,,-/-,,,,,,,,,,,,,,,,,,,,,
서울,서울,관악구,서울대,인문,아시아언어문명학부,아시아언어문명학부,유지,유지,,,,,,,,,,일반,1.95,1.71,,,,,,-/-,,,,,,,,,,,,,,,,,,,,,
서울,서울,관악구,서울대,인문,언어학과,언어학과,유지,유지,,,,,,,,,,일반,2.02,1.92,,,,,,-/-,,,,,,,,,,,,,,,,,,,,,
서울,서울,관악구,서울대,인문,영어영문학과,영어영문학과,유지,유지,,,,,,,,,,일반,2.18,2.02,,,,,,-/-,,,,,,,,,,,,,,,,,,,,,
서울,서울,관악구,서울대,인문,종교학과,종교학과,유지,유지,,,,,,,,,,일반,3.2,2.66,,,,,,-/-,,,,,,,,,,,,,,,,,,,,,
서울,서울,관악구,서울대,인문,중어중문학과,중어중문학과,유지,유지,,,,,,,,,,일반,2.32,1.84,,,,,,-/-,,,,,,,,,,,,,,,,,,,,,
서울,서울,관악구,서울대,인문,철학과,철학과,유지,유지,,,,,,,,,,일반,2.29,1.56,,,,,,-/-,,,,,,,,,,,,,,,,,,,,,
경인권,경기,광주시,서울장신대,인문,복지상담학부,사회복지학과,변경,변경,교역자추천자(교과100),4,4,일반(교과100),4.67,4.33,,,,,,,,,,,국수영탐탐 중 3개,-/-,,,,,,,,,,,,,,,,,,,,,
경인권,경기,광주시,서울장신대,인문,복지상담학부,상담심리학과,변경,변경,교역자추천자(면접중심),5.67,4,일반(면접중심),6.67,5.67,,,,,,,,,,,국수영탐탐 중 3개,-/-,,,,,,,,,,,,,,,,,,,,,
경인권,경기,광주시,서울장신대,인문,신학과,신학과,변경,유지,교역자추천자(면접중심),6,5,,,,,,,,,,,,,,국수영탐탐 중 3개,-/-,,,,,,,,,,,,,,,,,,,,,
충청권,충북,청주시,서원대,자연,건축학과,건축학과,유지,유지,인문계고,6,5.7,일반,5.7,5.3,,,,,,,,,,,,-/-,,,,,,,,,,,,,,,,,,,,,
충청권,충북,청주시,서원대,인문,국어교육과,국어교육과,유지,유지,일반,3.1,2.9,,,,,,,,,,,,,,,-/-,,,,,,,,,,,,,,,,,,,,,
충청권,충북,청주시,서원대,예체능,레저스포츠학부,레저스포츠학부,유지,유지,일반,4.3,3.9,창의면접,7,5.2,,,,,,,,,,,,-/-,,,,,,,,,,,,,,,,,,,,,
충청권,충북,청주시,서원대,자연,미디어콘텐츠학부,미디어콘텐츠학부,유지,유지,인문계고,5.2,4.9,일반,4.9,4.6,,,,,,,,,,,,-/-,,,,,,,,,,,,,,,,,,,,,
충청권,충북,청주시,서원대,예체능,뷰티학과,뷰티학과,유지,유지,일반,3.6,3.1,창의면접,6.6,5,,,,,,,,,,,,-/-,,,,,,,,,,,,,,,,,,,,,
충청권,충북,청주시,서원대,자연,식품영양학과,식품영양학과,유지,유지,인문계고,5.3,4.6,일반,5.3,4.3,,,,,,,,,,,,-/-,,,,,,,,,,,,,,,,,,,,,
충청권,충북,청주시,서원대,인문,역사교육과,역사교육과,유지,유지,일반,3.1,2.9,,,,,,,,,,,,,,,-/-,,,,,,,,,,,,,,,,,,,,,
충청권,충북,청주시,서원대,예체능,웹툰콘텐츠학과,,신설,유지,,,,,,,,,,,,,,,,,,-/-,,,,,,,,,,,,,,,,,,,,,
충청권,충북,청주시,서원대,인문,윤리교육과,윤리교육과,유지,유지,일반,3.2,3,,,,,,,,,,,,,,,-/-,,,,,,,,,,,,,,,,,,,,,
충청권,충북,청주시,서원대,자연,응급구조학과,응급구조학과,유지,유지,인문계고,4.9,4.6,일반,4.7,4.3,,,,,,,,,,,,-/-,,,,,,,,,,,,,,,,,,,,,
충청권,충북,청주시,서원대,공통,자유전공학부,,유지,신설,,,,,,,,,,,,,,,,,,-/-,,,,,,,,,,,,,,,,,,,,,
충청권,충북,청주시,서원대,인문,항공관광학과,항공관광학과,유지,유지,일반,4.2,3.7,창의면접,6.6,4.8,,,,,,,,,,,,-/-,,,,,,,,,,,,,,,,,,,,,
충청권,충북,청주시,서원대,예체능,헬스케어운동학과,헬스케어운동학과,유지,유지,일반,3.9,3.6,창의면접,6.9,4.7,,,,,,,,,,,,-/-,,,,,,,,,,,,,,,,,,,,,
충청권,충남,아산시,선문대,자연,AI모빌리티융합공학과,,신설,신설,,,,,,,,,,,,,,,,,,-/-,,,,,,,,,,,,,,,,,,,,,
충청권,충남,아산시,선문대,자연,AI소프트웨어학과,특화산업융합대학,유지,변경,일반,4.48,4.22,,,,,,,서류,5.97,5.97,,,,,국수영탐(1) 중 2개,6/3,,,,,,,,,,,,,,,,,,,,,
충청권,충남,아산시,선문대,인문,IT경영학과,글로벌비즈니스대학,유지,변경,일반,4.34,3.85,,,,,,,서류,6.54,6.32,,,,,국수영탐(1) 중 2개,6/5,,,,,,,,,,,,,,,,,,,,,
충청권,충남,아산시,선문대,자연,건축학부,공과대학,유지,변경,일반,4.35,4.09,,,,,,,서류,6.64,6.57,,,,,국수영탐(1) 중 2개,5/6,,,,,,,,,,,,,,,,,,,,,
충청권,충남,아산시,선문대,인문,경영학과,글로벌비즈니스대학,유지,변경,일반,4.34,3.85,,,,,,,서류,6.54,6.32,,,,,국수영탐(1) 중 2개,6/5,,,,,,,,,,,,,,,,,,,,,
충청권,충남,아산시,선문대,인문,경찰행정법학과,인문사회대학,유지,변경,일반,4.05,3.72,,,,,,,서류,6.28,6.09,,,,,국수영탐(1) 중 2개,5/1,,,,,,,,,,,,,,,,,,,,,
충청권,충남,아산시,선문대,인문,관광호텔경영학과,글로벌비즈니스대학,유지,변경,일반,4.34,3.85,,,,,,,서류,6.54,6.32,,,,,국수영탐(1) 중 2개,6/5,,,,,,,,,,,,,,,,,,,,,
충청권,충남,아산시,선문대,인문,글로벌경제학과,글로벌비즈니스대학,유지,변경,일반,4.34,3.85,,,,,,,서류,6.54,6.32,,,,,국수영탐(1) 중 2개,6/5,,,,,,,,,,,,,,,,,,,,,
충청권,충남,아산시,선문대,자연,글로벌모빌리티공학과,,신설,신설,,,,,,,,,,,,,,,,,,-/-,,,,,,,,,,,,,,,,,,,,,
충청권,충남,아산시,선문대,자연,기계공학과,공과대학,유지,변경,일반,4.35,4.09,,,,,,,서류,6.64,6.57,,,,,국수영탐(1) 중 2개,5/6,,,,,,,,,,,,,,,,,,,,,
충청권,충남,아산시,선문대,자연,디스플레이반도체공학과,특화산업융합대학,유지,변경,일반,4.48,4.22,,,,,,,서류,5.97,5.97,,,,,국수영탐(1) 중 2개,6/3,,,,,,,,,,,,,,,,,,,,,
충청권,충남,아산시,선문대,예체능,디자인학부(방송콘텐츠디자인전공),디자인학부(방송콘텐츠디자인전공),유지,유지,,,,,,,,,,서류,6.06,6.06,,,,,,-/-,,,,,,,,,,,,,,,,,,,,,
충청권,충남,아산시,선문대,예체능,디자인학부(시각디자인전공),디자인학부(시각디자인전공),유지,유지,,,,,,,,,,서류,5.35,5.08,,,,,,-/-,,,,,,,,,,,,,,,,,,,,,
충청권,충남,아산시,선문대,인문,디지털콘텐츠학과,인문사회대학,유지,변경,일반,4.05,3.72,,,,,,,서류,6.28,6.09,,,,,국수영탐(1) 중 2개,5/1,,,,,,,,,,,,,,,,,,,,,
충청권,충남,아산시,선문대,자연,모빌리티시스템공학과,,신설,신설,,,,,,,,,,,,,,,,,,-/-,,,,,,,,,,,,,,,,,,,,,
충청권,충남,아산시,선문대,인문,미디어커뮤니케이션학부,인문사회대학,유지,변경,일반,4.05,3.72,,,,,,,서류,6.28,6.09,,,,,국수영탐(1) 중 2개,5/1,,,,,,,,,,,,,,,,,,,,,
충청권,충남,아산시,선문대,자연,미래자동차공학부,특화산업융합대학,유지,변경,일반,4.48,4.22,,,,,,,서류,5.97,5.97,,,,,국수영탐(1) 중 2개,6/3,,,,,,,,,,,,,,,,,,,,,
충청권,충남,아산시,선문대,자연,반도체소재공학과,공과대학,유지,변경,일반,4.35,4.09,,,,,,,서류,6.64,6.57,,,,,국수영탐(1) 중 2개,5/6,,,,,,,,,,,,,,,,,,,,,
충청권,충남,아산시,선문대,인문,사학과,인문사회대학,유지,변경,일반,4.05,3.72,,,,,,,서류,6.28,6.09,,,,,국수영탐(1) 중 2개,5/1,,,,,,,,,,,,,,,,,,,,,
충청권,충남,아산시,선문대,인문,사회복지학과,인문사회대학,유지,변경,일반,4.05,3.72,,,,,,,서류,6.28,6.09,,,,,국수영탐(1) 중 2개,5/1,,,,,,,,,,,,,,,,,,,,,
충청권,충남,아산시,선문대,자연,산업경영공학과,공과대학,유지,변경,일반,4.35,4.09,,,,,,,서류,6.64,6.57,,,,,국수영탐(1) 중 2개,5/6,,,,,,,,,,,,,,,,,,,,,
충청권,충남,아산시,선문대,인문,상담심리학과,인문사회대학,유지,변경,일반,4.05,3.72,,,,,,,서류,6.28,6.09,,,,,국수영탐(1) 중 2개,5/1,,,,,,,,,,,,,,,,,,,,,
충청권,충남,아산시,선문대,자연,소방방재안전학과,공과대학,유지,변경,일반,4.35,4.09,,,,,,,서류,6.64,6.57,,,,,국수영탐(1) 중 2개,5/6,,,,,,,,,,,,,,,,,,,,,
충청권,충남,아산시,선문대,자연,수산생명의학과,건강보건대학,유지,변경,일반,3.92,3.68,,,,,,,서류,6.27,6.24,,,,,국수영탐(1) 중 2개,5/2,,,,,,,,,,,,,,,,,,,,,
충청권,충남,아산시,선문대,자연,스마트팩토리융합공학과,,신설,신설,,,,,,,,,,,,,,,,,,-/-,,,,,,,,,,,,,,,,,,,,,
충청권,충남,아산시,선문대,자연,식품공학?영양학부,건강보건대학,유지,변경,일반,3.92,3.68,,,,,,,서류,6.27,6.24,,,,,국수영탐(1) 중 2개,5/2,,,,,,,,,,,,,,,,,,,,,
충청권,충남,아산시,선문대,인문,신학과,신학과,유지,유지,면접,3.75,2.95,,,,,,,,,,,,,,,-/-,,,,,,,,,,,,,,,,,,,,,
충청권,충남,아산시,선문대,인문,아시아문화학부,글로벌비즈니스대학,유지,변경,일반,4.34,3.85,,,,,,,서류,6.54,6.32,,,,,국수영탐(1) 중 2개,6/5,,,,,,,,,,,,,,,,,,,,,
충청권,충남,아산시,선문대,예체능,영화영상학과,영화영상학과(영상제작트랙),유지,변경,일반,3.15,3.15,,,,,,,서류,5.15,5.15,,,,,국수영탐(1) 중 2개,5/6,,,,,,,,,,,,,,,,,,,,,
충청권,충남,아산시,선문대,인문,외국어학부(스페인어중남미전공),글로벌비즈니스대학,유지,변경,일반,4.34,3.85,,,,,,,서류,6.54,6.32,,,,,국수영탐(1) 중 2개,6/5,,,,,,,,,,,,,,,,,,,,,
충청권,충남,아산시,선문대,인문,외국어학부(영어학전공),글로벌비즈니스대학,유지,변경,일반,4.34,3.85,,,,,,,서류,6.54,6.32,,,,,국수영탐(1) 중 2개,6/5,,,,,,,,,,,,,,,,,,,,,
충청권,충남,아산시,선문대,인문,외국어학부(일본어전공),글로벌비즈니스대학,유지,변경,일반,4.34,3.85,,,,,,,서류,6.54,6.32,,,,,국수영탐(1) 중 2개,6/5,,,,,,,,,,,,,,,,,,,,,
충청권,충남,아산시,선문대,공통,자유전공학부,자유전공학부,유지,유지,일반,4.27,4.25,,,,,,,서류,7.44,6.67,,,,,국수영탐(1) 중 2개,4/1,,,,,,,,,,,,,,,,,,,,,
충청권,충남,아산시,선문대,자연,전자공학과,특화산업융합대학,유지,변경,일반,4.48,4.22,,,,,,,서류,5.97,5.97,,,,,국수영탐(1) 중 2개,6/3,,,,,,,,,,,,,,,,,,,,,
충청권,충남,아산시,선문대,자연,제약생명공학과,건강보건대학,유지,변경,일반,3.92,3.68,,,,,,,서류,6.27,6.24,,,,,국수영탐(1) 중 2개,5/2,,,,,,,,,,,,,,,,,,,,,
충청권,충남,아산시,선문대,자연,지능로봇공학과,특화산업융합대학,유지,변경,일반,4.48,4.22,,,,,,,서류,5.97,5.97,,,,,국수영탐(1) 중 2개,6/3,,,,,,,,,,,,,,,,,,,,,
충청권,충남,아산시,선문대,자연,컴퓨터공학부,특화산업융합대학,유지,변경,일반,4.48,4.22,,,,,,,서류,5.97,5.97,,,,,국수영탐(1) 중 2개,6/3,,,,,,,,,,,,,,,,,,,,,
충청권,충남,아산시,선문대,자연,컴퓨터소프트웨어계열,AI소프트웨어학과/컴퓨터공학부,변경,변경,면접(계약정원제),,,,,,,,,,,,,,,,,-/-,,,,,,,,,,,,,,,,,,,,,
충청권,충남,아산시,선문대,인문,항공서비스학과,글로벌관광학부(항공서비스전공),유지,변경,면접,4.05,3.85,일반,4.34,3.85,,,,,,,,,,,국수영탐(1) 중 2개,4/5,,,,,,,,,,,,,,,,,,,,,
경인권,경기,안양시,성결대,자연,공학계열자율전공학부,IT공과대학자율전공학부,유지,유지,교과성적우수자,4.6,,,,,,,,,,,,,,,"국수영 중 2개, 탐구(1)",-/-,,,,,,,,,,,,,,,,,,,,,
경인권,경기,안양시,성결대,인문,신학과,신학과,신설,유지,교과성적우수자,5.6,,,,,,,,,,,,,,,"국수영 중 2개, 탐구(1)",-/-,,,,,,,,,,,,,,,,,,,,,
경인권,경기,안양시,성결대,공통,융합학부,,유지,신설,,,,,,,,,,,,,,,,,,-/-,,,,,,,,,,,,,,,,,,,,,
경인권,경기,안양시,성결대,인문,인문사회계열자율전공학부,,신설,변경,,,,,,,,,,,,,,,,,"국수영 중 2개, 탐구(1)",-/-,,,,,,,,,,,,,,,,,,,,,
경인권,경기,안양시,성결대,인문,인문사회계열자율전공학부,글로벌경영기술대학자율전공학부,유지,변경,교과성적우수자,4.6,,,,,,,,,,,,,,,"국수영 중 2개, 탐구(1)",-/-,,,,,,,,,,,,,,,,,,,,,
경인권,경기,안양시,성결대,인문,인문사회계열자율전공학부,신학대학자율전공학부,유지,변경,교과성적우수자,6.2,,,,,,,,,,,,,,,"국수영 중 2개, 탐구(1)",-/-,,,,,,,,,,,,,,,,,,,,,
경인권,경기,안양시,성결대,인문,인문사회계열자율전공학부,인문대학자율전공학부,유지,변경,교과성적우수자,5.2,,,,,,,,,,,,,,,"국수영 중 2개, 탐구(1)",-/-,,,,,,,,,,,,,,,,,,,,,
서울,서울,구로구,성공회대,공통,자유전공학부,,유지,신설,,,,,,,,,,,,,,,,,,-/-,,,,,,,,,,,,,,,,,,,,,
경인권,경기,수원시,성균관대,자연,건축학과,건축학과,유지,유지,학교장추천,1.79,1.78,,,,,,,탐구형,3.17,2.63,,,,,,-/-,,,,,,,,,,,,,,,,,,,,,
서울,서울,종로구,성균관대,인문,경영학과,경영학과,유지,유지,학교장추천,1.48,1.41,,,,,,,융합형,3.08,2.81,,,,,국수영탐(2),-/-,,,,,,,,,,,,,,,,,,,,,
서울,서울,종로구,성균관대,인문,글로벌경영학과,글로벌경영학과,유지,유지,학교장추천,1.54,1.51,,,,,,,탐구형,3.38,3.17,,,,,국수영탐(1),-/-,,,,,,,,,,,,,,,,,,,,,
경인권,경기,수원시,성균관대,자연,바이오신약?규제과학과,,유지,신설,,,,,,,,,,,,,,,,,,-/-,,,,,,,,,,,,,,,,,,,,,
경인권,경기,수원시,성균관대,자연,배터리학과,,유지,신설,,,,,,,,,,,,,,,,,,-/-,,,,,,,,,,,,,,,,,,,,,
경인권,경기,수원시,성균관대,자연,전자전기공학부,전자전기공학부,유지,유지,학교장추천,1.52,1.52,,,,,,,과학인재,3.7,3.29,융합형,2.3,1.9,,국수영탐(2),-/-,,,,,,,,,,,,,,,,,,,,,
서울,서울,성북구,성신여대,인문,교육학과,교육학과,신설,신설,지역균형,2.36,2.36,,,,,,,자기주도인재,2.77,2.73,,,,,국수영탐(2),-/-,,,,,,,,,,,,,,,,,,,,,
서울,서울,성북구,성신여대,예체능,뷰티산업학과,뷰티산업학과,유지,유지,,,,,,,,,,자기주도인재,3.35,3.01,학교생활우수자,4.1,4.1,,,-/-,,,,,,,,,,,,,,,,,,,,,
서울,서울,성북구,성신여대,인문,윤리교육과,윤리교육과,신설,신설,지역균형,1.9,1.9,,,,,,,자기주도인재,2.88,2.72,,,,,국수영탐(2),-/-,,,,,,,,,,,,,,,,,,,,,
서울,서울,성북구,성신여대,예체능,창의융합학부(예체능전공),뷰티산업학과,신설,신설,,,,,,,,,,자기주도인재,3.35,3.01,학교생활우수자,4.1,4.1,,,-/-,,,,,,,,,,,,,,,,,,,,,
서울,서울,성북구,성신여대,자연,창의융합학부(첨단분야전공),수리통계데이터사이언스학부(통계학/빅데이터사이언스),신설,신설,,,,,,,,,,자기주도인재,3.07,2.92,학교생활우수자,2.72,2.71,,국수영탐(2),-/-,,,,,,,,,,,,,,,,,,,,,
서울,서울,성북구,성신여대,인문,한문교육과,한문교육과,신설,신설,지역균형,2.41,2.26,,,,,,,자기주도인재,3.13,2.97,,,,,국수영탐(2),-/-,,,,,,,,,,,,,,,,,,,,,
충청권,충북,제천시,세명대,인문,경찰학과,경찰학과,유지,유지,일반,5.6,,,,,,,,,,,,,,,국수탐탐 중 2개,-/-,,,,,,,,,,,,,,,,,,,,,
충청권,충북,제천시,세명대,자연,뷰티케어학과,뷰티케어학과,유지,유지,면접우수자,,,일반,6.1,,,,,,,,,,,,국수탐탐 중 2개,-/-,,,,,,,,,,,,,,,,,,,,,
충청권,충북,제천시,세명대,인문,상담심리학과,상담심리학과,유지,유지,면접우수자,,,일반,5.7,,,,,,,,,,,,국수탐탐 중 2개,-/-,,,,,,,,,,,,,,,,,,,,,
충청권,충북,제천시,세명대,예체능,시각.영상디자인학과,시각·영상디자인학과,유지,유지,일반,3.7,,,,,,,,,,,,,,,국수탐탐 중 2개,-/-,,,,,,,,,,,,,,,,,,,,,
충청권,충북,제천시,세명대,예체능,연기예술학과,연기예술학과,유지,유지,일반,5.7,,,,,,,,,,,,,,,,-/-,,,,,,,,,,,,,,,,,,,,,
충청권,충북,제천시,세명대,예체능,영화웹툰애니메이션학과,영화웹툰애니메이션학과,유지,유지,일반,3.8,,,,,,,,,,,,,,,국수탐탐 중 2개,-/-,,,,,,,,,,,,,,,,,,,,,
충청권,충북,제천시,세명대,예체능,패션디자인학과,패션디자인학과,유지,유지,일반,5.1,,,,,,,,,,,,,,,국수탐탐 중 2개,-/-,,,,,,,,,,,,,,,,,,,,,
충청권,충북,제천시,세명대,인문,항공서비스학과,항공서비스학과,유지,유지,면접우수자,4.9,,일반,2.8,,,,,,,,,,,,국수탐탐 중 2개,-/-,,,,,,,,,,,,,,,,,,,,,
서울,서울,광진구,세종대,자연,국방AI융합시스템공학과(해군)(남),국방시스템공학과(남),변경,변경,,,,,,,,,,국방시스템공학(정원외),3.52,3.32,,,,,국수영탐(2),-/-,,,,,,,,,,,,,,,,,,,,,
서울,서울,광진구,세종대,자연,국방AI융합시스템공학과(해군)(여),국방시스템공학과(여),변경,변경,,,,,,,,,,국방시스템공학(정원외),,,,,,,국수영탐(2),-/-,,,,,,,,,,,,,,,,,,,,,
서울,서울,광진구,세종대,자연,사이버국방학과(남)(육군),사이버국방학과(남)(육군),유지,유지,,,,,,,,,,사이버국방(정원외),2.99,2.88,,,,,국수영탐(2),-/-,,,,,,,,,,,,,,,,,,,,,
서울,서울,광진구,세종대,자연,사이버국방학과(여)(육군),사이버국방학과(여)(육군),유지,유지,,,,,,,,,,사이버국방(정원외),,,,,,,국수영탐(2),-/-,,,,,,,,,,,,,,,,,,,,,
서울,서울,광진구,세종대,자연,양자지능정보학과,,유지,신설,,,,,,,,,,,,,,,,,,-/-,,,,,,,,,,,,,,,,,,,,,
서울,서울,광진구,세종대,자연,항공시스템공학전공(공군)(남),우주항공시스템공학부(항공시스템공학전공)(남),유지,변경,항공시스템공학(정원외),2.69,2.23,,,,,,,,,,,,,,국수영탐(2),-/-,,,,,,,,,,,,,,,,,,,,,
서울,서울,광진구,세종대,자연,항공시스템공학전공(공군)(여),우주항공시스템공학부(항공시스템공학전공)(여),유지,변경,항공시스템공학(정원외),,,,,,,,,,,,,,,,국수영탐(2),-/-,,,,,,,,,,,,,,,,,,,,,
충청권,충남,당진시,세한대,인문,공공안전학부,,유지,신설,,,,,,,,,,,,,,,,,,-/-,,,,,,,,,,,,,,,,,,,,,
전라권,전남,영암시,세한대,인문,글로벌복지한국어학과,글로벌복지한국어학과,유지,유지,일반학생,5,4,,,,,,,,,,,,,,국수영탐(1),-/-,,,,,,,,,,,,,,,,,,,,,
전라권,전남,영암시,세한대,인문,유아교육과,유아교육과,유지,유지,일반학생,4.1,4.1,,,,,,,,,,,,,,국수영탐(1),-/-,,,,,,,,,,,,,,,,,,,,,
전라권,전남,영암시,세한대,인문,특수교육과,특수교육과,유지,유지,일반학생,5,5,,,,,,,,,,,,,,국수영탐(1),-/-,,,,,,,,,,,,,,,,,,,,,
충청권,충남,당진시,세한대,인문,항공서비스학과,항공서비스학과,유지,유지,일반학생,5,3.9,,,,,,,,,,,,,,국수영탐(1),-/-,,,,,,,,,,,,,,,,,,,,,
전라권,광주,남구,송원대,자연,건축공학과(야간),건축공학과(야간),유지,유지,학생부우수자-일반,4.5,4,,,,,,,,,,,,,,국수영,-/-,,,,,,,,,,,,,,,,,,,,,
전라권,광주,남구,송원대,예체능,미용예술학과,미용예술학과,유지,유지,학생부우수자-일반,6.5,5.5,,,,,,,,,,,,,,국수영,-/-,,,,,,,,,,,,,,,,,,,,,
전라권,광주,남구,송원대,인문,사회복지학과,사회복지학과,유지,유지,학생부우수자-일반,6.25,5.75,,,,,,,,,,,,,,국수영,-/-,,,,,,,,,,,,,,,,,,,,,
전라권,광주,남구,송원대,예체능,스포츠데이터분석학과,스포츠데이터분석학과,유지,유지,인성우수자-일반(면접),7.5,7,,,,,,,,,,,,,,국수영,5/-,,,,,,,,,,,,,,,,,,,,,
전라권,광주,남구,송원대,예체능,스포츠지도학과(야간),스포츠지도학과(야간),유지,유지,학생부우수자-일반,7,7,,,,,,,,,,,,,,국수영,-/-,,,,,,,,,,,,,,,,,,,,,
전라권,광주,남구,송원대,예체능,스포츠지도학과(주간),스포츠지도학과(주간),유지,유지,학생부우수자-일반,7.5,7.5,,,,,,,,,,,,,,국수영,-/-,,,,,,,,,,,,,,,,,,,,,
전라권,광주,남구,송원대,인문,유아교육과,유아교육과,유지,유지,학생부우수자-일반,5.25,5,,,,,,,,,,,,,,국수영,-/-,,,,,,,,,,,,,,,,,,,,,
전라권,광주,남구,송원대,자연,철도차량시스템학과,철도차량시스템학과,유지,유지,학생부우수자-일반,7.25,6.75,,,,,,,,,,,,,,국수영,5/-,,,,,,,,,,,,,,,,,,,,,
전라권,광주,남구,송원대,인문,한국어교육과,한국어교육과,유지,유지,학생부우수자-일반,,,,,,,,,,,,,,,,국수영,-/-,,,,,,,,,,,,,,,,,,,,,
경인권,경기,화성시,수원가톨릭대,인문,신학과,신학과,유지,유지,성직지망 고교졸업(예정) 교구장추천자,,,성직지망 고교졸업(예정)자,,,일반학생,,,,,,,,,,국수영탐(2),-/-,,,,,,,,,,,,,,,,,,,,,
경인권,경기,화성시,수원가톨릭대,인문,신학과,신학과,유지,유지,성직지망 고교졸업(예정) 교구장추천자,,,성직지망 고교졸업(예정)자,,,일반학생,,,,,,,,,,국수영탐(2),-/-,,,,,,,,,,,,,,,,,,,,,
경인권,경기,화성시,수원가톨릭대,인문,신학과,신학과,유지,유지,성직지망 고교졸업(예정) 교구장추천자,,,성직지망 고교졸업(예정)자,,,일반학생,,,,,,,,,,국수영탐(2),-/-,,,,,,,,,,,,,,,,,,,,,
경인권,경기,화성시,수원대,공통,자유전공학부,,유지,신설,,,,,,,,,,,,,,,,,,-/-,,,,,,,,,,,,,,,,,,,,,
경인권,경기,화성시,수원대,자연,지능형보안학부,,유지,신설,,,,,,,,,,,,,,,,,,-/-,,,,,,,,,,,,,,,,,,,,,
충청권,충남,아산시,순천향대,자연,첨단융합공학부,스마트모빌리티공학과,유지,유지,,,,,,,,,,조기취업형계약학과,,,,,,,,-/-,,,,,,,,,,,,,,,,,,,,,
충청권,충남,아산시,순천향대,자연,첨단융합공학부,스마트팩토리공학과,유지,유지,,,,,,,,,,조기취업형계약학과,,,,,,,,-/-,,,,,,,,,,,,,,,,,,,,,
충청권,충남,아산시,순천향대,자연,첨단융합공학부,융합바이오화학공학과,유지,유지,,,,,,,,,,조기취업형계약학과,,,,,,,,-/-,,,,,,,,,,,,,,,,,,,,,
서울,서울,동작구,숭실대,인문,기독교학과,기독교학과,유지,유지,,,,,,,,,,SSU미래인재,4.24,4.01,,,,,,-/-,,,,,,,,,,,,,,,,,,,,,
서울,서울,동작구,숭실대,인문,불어불문학과,불어불문학과,유지,유지,학생부우수자,2.48,2.48,,,,,,,SSU미래인재,4.46,4.08,,,,,국수영탐(2),-/-,,,,,,,,,,,,,,,,,,,,,
서울,서울,동작구,숭실대,자연,정보보호학과,정보보호학과,유지,유지,,,,,,,,,,SSU미래인재,2.49,2.17,정보보호특기자,,,,국수영탐(2),-/-,,,,,,,,,,,,,,,,,,,,,
서울,서울,동작구,숭실대,인문,철학과,철학과,유지,유지,학생부우수자,2.41,2.41,,,,,,,SSU미래인재,3.33,2.95,,,,,,-/-,,,,,,,,,,,,,,,,,,,,,
서울,서울,동작구,숭실대,인문,평생교육학과,평생교육학과,유지,유지,학생부우수자,2.82,2.82,,,,,,,SSU미래인재,3.22,2.92,,,,,국수영탐(2),-/-,,,,,,,,,,,,,,,,,,,,,
경상권,경북,경주시,신경주대,예체능,AI융합미디어창업학과,,유지,신설,,,,,,,,,,,,,,,,,,-/-,,,,,,,,,,,,,,,,,,,,,
경상권,경북,경주시,신경주대,자연,AI전기자동차학과,AI전기자동차학과,유지,유지,일반,8,8,,,,,,,,,,,,,,국수영탐(1),-/-,,,,,,,,,,,,,,,,,,,,,
경상권,경북,경주시,신경주대,예체능,K뷰티예술학과,,유지,신설,,,,,,,,,,,,,,,,,,-/-,,,,,,,,,,,,,,,,,,,,,
경상권,경북,경주시,신경주대,자연,간호학과,간호학과,유지,유지,면접,,,,,,,,,,,,,,,,,-/-,,,,,,,,,,,,,,,,,,,,,
경상권,경북,경주시,신경주대,인문,관광사업경영학과,관광사업경영학과,유지,유지,일반,,,,,,,,,,,,,,,,국영탐(1),-/-,,,,,,,,,,,,,,,,,,,,,
경상권,경북,경주시,신경주대,자연,글로벌외식조리학과,,유지,신설,,,,,,,,,,,,,,,,,,-/-,,,,,,,,,,,,,,,,,,,,,
경상권,경북,경주시,신경주대,자연,말산업학과,말산업학과,유지,유지,면접,4,4,,,,,,,,,,,,,,국수영탐(1),-/-,,,,,,,,,,,,,,,,,,,,,
경상권,경북,경주시,신경주대,자연,반려동물학과,,유지,신설,,,,,,,,,,,,,,,,,,-/-,,,,,,,,,,,,,,,,,,,,,
경상권,경북,경주시,신경주대,자연,방사선학과,방사선학과,유지,유지,면접,6,4,,,,,,,,,,,,,,국수영탐(1),-/-,,,,,,,,,,,,,,,,,,,,,
경상권,경북,경주시,신경주대,인문,사회복지학과,사회복지학과,유지,유지,면접,9,6,,,,,,,,,,,,,,국영탐(1),-/-,,,,,,,,,,,,,,,,,,,,,
경상권,경북,경주시,신경주대,자연,산업안전보건학과,재난안전경영학과,유지,변경,일반,,,,,,,,,,,,,,,,국수영탐(1),-/-,,,,,,,,,,,,,,,,,,,,,
경상권,경북,경주시,신경주대,자연,스마트팜농축산업학과,스마트팜농산업학과,유지,변경,일반,,,,,,,,,,,,,,,,국수영탐(1),-/-,,,,,,,,,,,,,,,,,,,,,
경상권,경북,경주시,신경주대,예체능,스포츠리더양성학과,,유지,신설,,,,,,,,,,,,,,,,,,-/-,,,,,,,,,,,,,,,,,,,,,
경상권,경북,경주시,신경주대,예체능,악기제작학과,악기제작학과,유지,유지,일반,7,7,,,,,,,,,,,,,,국영탐(1),-/-,,,,,,,,,,,,,,,,,,,,,
경상권,경북,경주시,신경주대,인문,장례문화산업학과,장례문화산업학과,유지,유지,면접,6,6,,,,,,,,,,,,,,국영탐(1),-/-,,,,,,,,,,,,,,,,,,,,,
경상권,경북,경주시,신경주대,자연,치위생학과,치위생학과,유지,유지,면접,5,5,,,,,,,,,,,,,,국수영탐(1),-/-,,,,,,,,,,,,,,,,,,,,,
경상권,부산,사상구,신라대,예체능,게임콘텐츠디자인학과,시각디자인학과,유지,변경,일반고교과,6.1,3.1,,,,,,,학생부종합Ⅰ,4.1,4.1,,,,,,-/-,,,,,,,,,,,,,,,,,,,,,
경상권,부산,사상구,신라대,자연,뷰티케어학과,뷰티케어학과,유지,유지,면접우수자,6.4,4.5,일반고교과,6.9,6.3,,,,,,,,,,,국수영탐(1),-/-,,,,,,,,,,,,,,,,,,,,,
경상권,부산,사상구,신라대,인문,상담치료복지학과,상담치료복지학과,유지,유지,면접우수자,2.1,2.1,일반고교과,4.1,4.1,,,,학생부종합Ⅰ,3.5,3.5,,,,,국수영탐(1),-/-,,,,,,,,,,,,,,,,,,,,,
경상권,부산,사상구,신라대,예체능,웹툰학과,웹툰학과,유지,유지,일반고교과,4.8,4.7,,,,,,,학생부종합Ⅰ,5.1,5.1,,,,,,-/-,,,,,,,,,,,,,,,,,,,,,
경상권,부산,사상구,신라대,자연,융합기술공학과,,유지,신설,,,,,,,,,,,,,,,,,,-/-,,,,,,,,,,,,,,,,,,,,,
경상권,부산,사상구,신라대,자연,응급구조학,,유지,신설,,,,,,,,,,,,,,,,,,-/-,,,,,,,,,,,,,,,,,,,,,
경상권,부산,사상구,신라대,예체능,체육학부,"체육학부(체육학전공,특수체육전공)",유지,유지,면접우수자,5.3,4.5,일반고교과,4.8,4.8,,,,,,,,,,,,-/-,,,,,,,,,,,,,,,,,,,,,
경상권,부산,사상구,신라대,자연,패션디자인학과,패션디자인학과,유지,유지,면접우수자,7.5,7.5,일반고교과,6.9,6.9,,,,학생부종합Ⅰ,3.3,3.3,,,,,국수영탐(1),-/-,,,,,,,,,,,,,,,,,,,,,
경인권,경기,의정부시,신한대,예체능,미래스포츠융합학과,미래스포츠융합학과,유지,유지,일반,2.7,4,,,,,,,,,,,,,,국수영탐(1)한 중 3개,-/-,,,,,,,,,,,,,,,,,,,,,
경인권,경기,의정부시,신한대,자연,미래자동차공학과,미래자동차공학과,유지,유지,일반,4,3.8,학생부우수자,3.5,3.3,,,,,,,,,,,국수영탐(1)한 중 3개,-/-,,,,,,,,,,,,,,,,,,,,,
경인권,경기,의정부시,신한대,예체능,산업디자인학과,산업디자인학과,유지,유지,일반,2.8,2.3,,,,,,,,,,,,,,국수영탐(1)한 중 3개,-/-,,,,,,,,,,,,,,,,,,,,,
경인권,경기,의정부시,신한대,예체능,패션디자인학과,패션디자인학과,유지,유지,일반,3.5,3.6,,,,,,,,,,,,,,국수영탐(1)한 중 3개,-/-,,,,,,,,,,,,,,,,,,,,,
경인권,경기,양평군,아신대,인문,기독교교육과 미디어학과,기독교교육과 미디어학과,,,일반,7,6,,,,,,,,,,,,,,국영탐(1),-/-,,,,,,,,,,,,,,,,,,,,,
경인권,경기,양평군,아신대,인문,기독교상담학과,기독교상담학과,,,일반,5.61,3,,,,,,,,,,,,,,국영탐(1),-/-,,,,,,,,,,,,,,,,,,,,,
경인권,경기,양평군,아신대,인문,사회복지선교학과,사회복지선교학과,,,일반,7.3,7,,,,,,,,,,,,,,국영탐(1),-/-,,,,,,,,,,,,,,,,,,,,,
경인권,인천,연수구,연세대,인문,글로벌인재학부,글로벌인재학부,,,,,,,,,,,,국제형-해외고/검정고시,,,,,,,국수영탐(2),-/-,,,,,,,,,,,,,,,,,,,,,
서울,서울,서대문구,연세대,자연,모빌리티시스템전공,,신설,,,,,,,,,,,,,,,,,,,-/-,,,,,,,,,,,,,,,,,,,,,
서울,서울,서대문구,연세대,자연,생화학과,생화학과,,,추천형,1.3,1.3,,,,,,,활동우수형,1.72,1.72,,,,,국수영탐(2),-/-,,,,,,,,,,,,,,,,,,,,,
서울,서울,서대문구,연세대,자연,시스템생물학,시스템생물학,,,추천형,,,,,,,,,활동우수형,1.46,1.46,,,,,국수영탐(2),-/-,,,,,,,,,,,,,,,,,,,,,
경인권,인천,연수구,연세대,인문,아시아학전공,아시아학전공,,,,,,,,,,,,국제형-국내고,3.11,2.92,,,,,국수영탐(2),-/-,,,,,,,,,,,,,,,,,,,,,
서울,서울,서대문구,연세대,자연,언더우드 생명과학공학전공,언더우드 생명과학공학전공,,,,,,,,,,,,,,,,,,,국수영탐(2),-/-,,,,,,,,,,,,,,,,,,,,,
경인권,인천,연수구,연세대,인문,진리자유학부(인문),,신설,,,,,,,,,,,,,,,,,,,-/-,,,,,,,,,,,,,,,,,,,,,
서울,서울,서대문구,연세대,자연,진리자유학부(자연),,신설,,,,,,,,,,,,,,,,,,,-/-,,,,,,,,,,,,,,,,,,,,,
강원권,강원,원주시,연세대(미래),인문,글로벌엘리트학부,글로벌엘리트학부,,,,,,,,,,,,글로벌인재,,,,,,,국수영탐(1),-/-,,,,,,,,,,,,,,,,,,,,,
강원권,강원,원주시,연세대(미래),인문,동아시아국제학부,동아시아국제학부,,,,,,,,,,,,글로벌인재,6.11,5.22,,,,,국수영탐(1),-/-,,,,,,,,,,,,,,,,,,,,,
경상권,경북,경산시,영남대,인문,군사학과,군사학과,,,군사학특별,5.88,5.54,,,,,,,,,,,,,,국수영,-/-,,,,,,,,,,,,,,,,,,,,,
경상권,경북,경산시,영남대,인문,독일언어문화전공,독일언어문화전공,,,일반학생,5.24,5.03,,,,,,,잠재능력우수자,5.28,5.03,,,,,국수영탐(2),-/-,,,,,,,,,,,,,,,,,,,,,
경상권,경북,경산시,영남대,인문,영어통번역전공,영어통번역전공,,,일반학생,5.22,4.59,,,,,,,잠재능력우수자,5.19,5.14,,,,,국수영탐(2),-/-,,,,,,,,,,,,,,,,,,,,,
경상권,경북,경산시,영남대,인문,응용중국어통번역전공,응용중국어통번역전공,,,일반학생,5.39,5.31,,,,,,,잠재능력우수자,5.73,5.68,,,,,국수영탐(2),-/-,,,,,,,,,,,,,,,,,,,,,
경상권,경북,경산시,영남대,예체능,특수체육교육과,특수체육교육과,,,일반학생,3.25,3.19,,,,,,,,,,,,,,국수영탐(2) 중 3개,-/-,,,,,,,,,,,,,,,,,,,,,
경상권,경북,경산시,영남대,인문,프랑스어문전공,프랑스어문전공,,,일반학생,5.25,5.15,,,,,,,잠재능력우수자,5.85,5.57,,,,,국수영탐(2),-/-,,,,,,,,,,,,,,,,,,,,,
경상권,경남,양산시,영산대,예체능,동양무예학과,동양무예학과,,,교과,2.54,2.23,"면접(일반고,특성화고)",5.87,3.79,,,,,,,,,,,국수영탐(1) 중 3개,-/-,,,,,,,,,,,,,,,,,,,,,
경상권,부산,해운대구,영산대,예체능,"디자인학부(패션디자인전공, 인테리어 도예디자인전공)",디자인학부(패션디자인전공),,변경,교과,4.84,4.32,일반계고,6.48,4.79,,,,,,,,,,,국수영탐(1) 중 3개,-/-,,,,,,,,,,,,,,,,,,,,,
경상권,부산,해운대구,영산대,예체능,만화애니메이션학과,만화애니메이션학과,,,교과,2.44,2.32,일반계고,2.56,2.51,,,,,,,,,,,국수영탐(1) 중 3개,-/-,,,,,,,,,,,,,,,,,,,,,
경상권,부산,해운대구,영산대,예체능,미용예술학과,미용예술학과,,,교과,3.55,3.08,,,,,,,,,,,,,,국수영탐(1) 중 3개,-/-,,,,,,,,,,,,,,,,,,,,,
경상권,부산,해운대구,영산대,예체능,연기공연미디어학부(방송사진미디어전공),연기공연미디어학부(방송사진미디어전공),,,교과,5.81,5.26,일반계고,5.75,5.75,,,,,,,,,,,국수영탐(1) 중 3개,-/-,,,,,,,,,,,,,,,,,,,,,
경상권,부산,해운대구,영산대,예체능,연기공연미디어학부(연기공연예술전공),연기공연미디어학부(연기공연예술전공),,,교과,2.37,2.19,,,,,,,,,,,,,,국수영탐(1) 중 3개,-/-,,,,,,,,,,,,,,,,,,,,,
경상권,부산,해운대구,영산대,예체능,웹툰학과,웹툰학과,,,교과,2.58,2.47,일반계고,3.1,2.91,,,,,,,,,,,국수영탐(1) 중 3개,-/-,,,,,,,,,,,,,,,,,,,,,
경상권,경남,양산시,영산대,예체능,태권도학과,태권도학과,,,교과,2.5,2.5,"면접(일반고,특성화고)",3.02,2.44,,,,,,,,,,,국수영탐(1) 중 3개,-/-,,,,,,,,,,,,,,,,,,,,,
경상권,부산,해운대구,영산대,인문,호텔관광학과,호텔관광학과,,,교과,4.51,3.6,일반계고,5.56,4.94,,,,,,,,,,,국수영탐(1),-/-,,,,,,,,,,,,,,,,,,,,,
전라권,전북,전주시,예수대,자연,간호학부,간호학부,,,일반학생,4.08,3.77,,,,,,,,,,,,,,국수영탐(1),-/-,,,,,,,,,,,,,,,,,,,,,
충청권,충북,진천군,우석대,자연,건축•인테리어디자인학과,건축•인테리어디자인학과,,,교과중심,4.62,3.83,면접중심,5.13,5,,,,,,,,,,,"국수영 중 2개, 탐구(1)",-/-,,,,,,,,,,,,,,,,,,,,,
전라권,전북,완주군,우석대,인문,경찰행정학과,경찰행정학과,,,교과중심,6.58,6.58,면접중심,5.81,5.81,,,,,,,,,,,"국수영 중 2개, 탐구(1)",-/-,,,,,,,,,,,,,,,,,,,,,
전라권,전북,완주군,우석대,인문,국어교육과,국어교육과,,,교과중심,5.47,4.62,면접중심,6.62,6.19,,,,,,,,,,,"국수영 중 2개, 탐구(1)",-/-,,,,,,,,,,,,,,,,,,,,,
충청권,충북,진천군,우석대,인문,군사안보학과,군사안보학과,,,교과중심,6.11,5.79,면접중심,6.18,6.18,,,,,,,,,,,"국수영 중 2개, 탐구(1)",-/-,,,,,,,,,,,,,,,,,,,,,
전라권,전북,완주군,우석대,인문,군사학과,군사학과,,,교과중심,5,4.86,면접중심,6.82,6.62,,,,,,,,,,,"국수영 중 2개, 탐구(1)",-/-,,,,,,,,,,,,,,,,,,,,,
충청권,충북,진천군,우석대,인문,문예창작학과,문예창작학과,,,교과중심,6.13,5.12,면접중심,4,4,,,,,,,,,,,"국수영 중 2개, 탐구(1)",-/-,,,,,,,,,,,,,,,,,,,,,
전라권,전북,완주군,우석대,자연,물리치료학과,물리치료학과,,,교과중심,3.55,3.13,면접중심,4.71,4.71,,,,,,,,,,,"국수영 중 2개, 탐구(1)",-/-,,,,,,,,,,,,,,,,,,,,,
충청권,충북,진천군,우석대,예체능,생활체육학부,,,신설,,,,,,,,,,,,,,,,,,-/-,,,,,,,,,,,,,,,,,,,,,
전라권,전북,완주군,우석대,자연,소방방재학과,소방방재학과,,,교과중심,5.68,4.95,면접중심,6.34,5.51,,,,,,,,,,,"국수영 중 2개, 탐구(1)",-/-,,,,,,,,,,,,,,,,,,,,,
전라권,전북,완주군,우석대,인문,수소테크자율전공학부,전기자동차공학부,,신설,교과중심,4.36,3.65,,,,,,,,,,,,,,"국수영 중 2개, 탐구(1)",-/-,,,,,,,,,,,,,,,,,,,,,
충청권,충북,진천군,우석대,예체능,스포츠문화예술학부,,,신설,,,,,,,,,,,,,,,,,,-/-,,,,,,,,,,,,,,,,,,,,,
전라권,전북,완주군,우석대,자연,식품영양학과,식품영양학과,,,교과중심,5.66,5.66,면접중심,7,5.77,,,,,,,,,,,"국수영 중 2개, 탐구(1)",-/-,,,,,,,,,,,,,,,,,,,,,
전라권,전북,완주군,우석대,인문,심리학과,심리학과,,,교과중심,5.5,5.45,면접중심,7,7,,,,,,,,,,,"국수영 중 2개, 탐구(1)",-/-,,,,,,,,,,,,,,,,,,,,,
전라권,전북,완주군,우석대,인문,아동사회복지학부,아동사회복지학부,,,교과중심,6.34,6.22,면접중심,6.68,6.68,,,,,,,,,,,"국수영 중 2개, 탐구(1)",-/-,,,,,,,,,,,,,,,,,,,,,
전라권,전북,완주군,우석대,인문,유아특수교육과,유아특수교육과,,,교과중심,5.87,5.87,면접중심,5.5,5.5,,,,,,,,,,,"국수영 중 2개, 탐구(1)",-/-,,,,,,,,,,,,,,,,,,,,,
전라권,전북,완주군,우석대,자연,응급구조학과,응급구조학과,,,교과중심,6.41,5.74,,,,,,,,,,,,,,"국수영 중 2개, 탐구(1)",-/-,,,,,,,,,,,,,,,,,,,,,
전라권,전북,완주군,우석대,자연,작업치료학과,작업치료학과,,,교과중심,6.41,6,면접중심,2.46,2.46,,,,,,,,,,,"국수영 중 2개, 탐구(1)",-/-,,,,,,,,,,,,,,,,,,,,,
전라권,전북,완주군,우석대,자연,정보보안학과,정보보안학과,,,교과중심,5.71,5.71,면접중심,7,5.75,,,,,,,,,,,"국수영 중 2개, 탐구(1)",-/-,,,,,,,,,,,,,,,,,,,,,
전라권,전북,완주군,우석대,자연,조경학과,조경학과,,,교과중심,5.61,5.61,,,,,,,,,,,,,,"국수영 중 2개, 탐구(1)",-/-,,,,,,,,,,,,,,,,,,,,,
전라권,전북,완주군,우석대,예체능,태권도학과,태권도학과,,,면접중심,5.54,5.06,,,,,,,,,,,,,,"국수영 중 2개, 탐구(1)",-/-,,,,,,,,,,,,,,,,,,,,,
전라권,전북,완주군,우석대,인문,특수교육과,특수교육과,,,교과중심,4.7,3.79,면접중심,6.28,4.91,,,,,,,,,,,"국수영 중 2개, 탐구(1)",-/-,,,,,,,,,,,,,,,,,,,,,
전라권,전북,완주군,우석대,자연,호텔외식조리학과,호텔외식조리학과,,,교과중심,6.36,6,면접중심,7.51,7.51,,,,,,,,,,,"국수영 중 2개, 탐구(1)",-/-,,,,,,,,,,,,,,,,,,,,,
전라권,전북,완주군,우석대,인문,휴먼테크자율전공학부(전주),휴먼테크융합대학(전주),,,교과중심,6.62,5.58,,,,,,,,,,,,,,"국수영 중 2개, 탐구(1)",-/-,,,,,,,,,,,,,,,,,,,,,
전라권,전북,완주군,우석대,인문,휴먼테크자율전공학부(전주),휴먼테크융합대학(진천),,,교과중심,6.76,6.5,,,,,,,,,,,,,,"국수영 중 2개, 탐구(1)",-/-,,,,,,,,,,,,,,,,,,,,,
충청권,대전,동구,우송대,자연,게임멀티미디어학부 게임그래픽전공,,유지,신설,,,,,,,,,,,,,,,,,,-/-,,,,,,,,,,,,,,,,,,,,,
충청권,대전,동구,우송대,인문,"글로벌외식,조리경영전공",글로벌조리학부 글로벌외식창업전공,유지,변경,교과중심,4.8,4.3,면접,4.5,3.910256,우송인재,5.666667,5.333333,면접형,,5.562667,서류형,,5.18825,,국수영탐(1) 중 2개,-/-,,,,,,,,,,,,,,,,,,,,,
충청권,대전,동구,우송대,자연,동물관리학부 동물의료관리학과,동물의료관리학과,유지,변경,교과중심,4.3,3.9,면접,4.333333,3.933333,우송인재,5.25,5.041667,면접형,,5.840333,서류형,,5.350813,,국수영탐(1) 중 2개,-/-,,,,,,,,,,,,,,,,,,,,,
충청권,대전,동구,우송대,자연,보건복지자율전공학부,,,신설,,,,,,,,,,,,,,,,,,-/-,,,,,,,,,,,,,,,,,,,,,
충청권,대전,동구,우송대,예체능,뷰티디자인경영학과,뷰티디자인경영학과,유지,유지,교과중심,4.8,3.8,면접,4.166667,3.706349,우송인재,5.666667,5.361111,면접형,,6.007545,서류형,,5.74113,,국수영탐(1) 중 2개,-/-,,,,,,,,,,,,,,,,,,,,,
충청권,대전,동구,우송대,자연,소방•안전학부,소방•안전학부,유지,유지,교과중심,5.5,4.6,면접,5.833333,5.293333,우송인재,5,4.75,면접형,,6.291571,서류형,,5.9065,,국수영탐(1) 중 2개,-/-,,,,,,,,,,,,,,,,,,,,,
충청권,대전,동구,우송대,자연,외식조리영양학과,외식조리영양학과,유지,유지,교과중심,4.8,4.1,면접,4,3.483333,우송인재,4.75,4.291667,면접형,,4.300571,서류형,,3.546429,,국수영탐(1) 중 2개,-/-,,,,,,,,,,,,,,,,,,,,,
충청권,대전,동구,우송대,자연,외식조리자율전공학부,,신설,신설,,,,,,,,,,,,,,,,,,-/-,,,,,,,,,,,,,,,,,,,,,
충청권,대전,동구,우송대,공통,자유전공학부,자유전공학부,유지,유지,교과중심,5.4,4.6,면접,5.5,5.1,우송인재,5.083333,4.125,,,,,,,,국수영탐(1) 중 2개,-/-,,,,,,,,,,,,,,,,,,,,,
충청권,대전,동구,우송대,자연,철도건설시스템학부 글로벌철도학과,철도건설시스템학부 글로벌철도학과,유지,유지,교과중심,5.3,4.9,면접,5.333333,4.645833,우송인재,6.25,6.041667,,,,,,,,국수영탐(1) 중 2개,-/-,,,,,,,,,,,,,,,,,,,,,
충청권,대전,동구,우송대,자연,철도자율전공학부,,유지,신설,,,,,,,,,,,,,,,,,,-/-,,,,,,,,,,,,,,,,,,,,,
충청권,대전,동구,우송대,자연,토탈펫케어학과,,,신설,,,,,,,,,,,,,,,,,국수영탐(1) 중 2개,-/-,,,,,,,,,,,,,,,,,,,,,
충청권,대전,동구,우송대,인문,호텔관광경영학과,호텔관광경영학과,유지,유지,교과중심,5.8,4.8,면접,5.833333,5.358333,우송인재,6.583333,5.708333,면접형,,7.186,서류형,,5.249,,국수영탐(1) 중 2개,-/-,,,,,,,,,,,,,,,,,,,,,
경상권,울산,남구,울산대,예체능,예술학부(미술),예술학부(미술),유지,유지,일반교과,4.6,4.75,,,,,,,,,,,,,,,-/-,,,,,,,,,,,,,,,,,,,,,
전라권,전북,익산시,원광대,자연,국방기술학과,국방기술학과,유지,유지,일반,4.94,4.72,,,,,,,학생부종합,5.74,5.73,,,,,"국수 중 1개, 영탐(1)",-/-,,,,,,,,,,,,,,,,,,,,,
전라권,전북,익산시,원광대,자연,물리치료학과,,유지,신설,,,,,,,,,,,,,,,,,,-/-,,,,,,,,,,,,,,,,,,,,,
전라권,전북,익산시,원광대,자연,미용피부관리과(2년제),,유지,신설,,,,,,,,,,,,,,,,,,-/-,,,,,,,,,,,,,,,,,,,,,
전라권,전북,익산시,원광대,자연,반려동물산업학과,반려동물산업학과,유지,유지,일반,4.71,4.54,,,,,,,학생부종합,5.09,5.09,,,,,"국수 중 1개, 영탐(1)",-/-,,,,,,,,,,,,,,,,,,,,,
전라권,전북,익산시,원광대,자연,방사선학과,,유지,신설,,,,,,,,,,,,,,,,,,-/-,,,,,,,,,,,,,,,,,,,,,
전라권,전북,익산시,원광대,자연,부사관과(2년제),,유지,신설,,,,,,,,,,,,,,,,,,-/-,,,,,,,,,,,,,,,,,,,,,
전라권,전북,익산시,원광대,인문,사회복지학과,,유지,신설,,,,,,,,,,,,,,,,,,-/-,,,,,,,,,,,,,,,,,,,,,
전라권,전북,익산시,원광대,자연,안경광학과,,유지,신설,,,,,,,,,,,,,,,,,,-/-,,,,,,,,,,,,,,,,,,,,,
전라권,전북,익산시,원광대,자연,언어재활학과,,유지,신설,,,,,,,,,,,,,,,,,,-/-,,,,,,,,,,,,,,,,,,,,,
전라권,전북,익산시,원광대,자연,외식조리과(2년제),,유지,신설,,,,,,,,,,,,,,,,,,-/-,,,,,,,,,,,,,,,,,,,,,
전라권,전북,익산시,원광대,인문,의생명공학계열,,유지,신설,,,,,,,,,,,,,,,,,,-/-,,,,,,,,,,,,,,,,,,,,,
전라권,전북,익산시,원광대,자연,임상병리학과,,유지,신설,,,,,,,,,,,,,,,,,,-/-,,,,,,,,,,,,,,,,,,,,,
전라권,전북,익산시,원광대,자연,치기공학과,,유지,신설,,,,,,,,,,,,,,,,,,-/-,,,,,,,,,,,,,,,,,,,,,
전라권,전북,익산시,원광대,자연,치위생학과,,유지,신설,,,,,,,,,,,,,,,,,,-/-,,,,,,,,,,,,,,,,,,,,,
전라권,전북,익산시,원광대,자연,헬니스테어과(2년제),,유지,신설,,,,,,,,,,,,,,,,,,-/-,,,,,,,,,,,,,,,,,,,,,
전라권,전북,익산시,원광대,인문,호텔관광과(2년제),,유지,신설,,,,,,,,,,,,,,,,,,-/-,,,,,,,,,,,,,,,,,,,,,
경상권,경북,경주시,위덕대,자연,간호학과,간호학과,유지,유지,일반,6.13,,,,,,,,,,,,,,,국수영탐(1),-/-,,,,,,,,,,,,,,,,,,,,,
경상권,경북,경주시,위덕대,인문,경영학과,경영학과,유지,유지,면접,5.34,,일반,6.86,,,,,,,,,,,,국수영탐(1),-/-,,,,,,,,,,,,,,,,,,,,,
경상권,경북,경주시,위덕대,인문,경찰정보보안학과,경찰정보보안학과,유지,유지,면접,7.05,,일반,7.37,,,,,,,,,,,,국수영탐(1),-/-,,,,,,,,,,,,,,,,,,,,,
경상권,경북,경주시,위덕대,자연,물리치료학과,물리치료학과,유지,유지,면접,5.86,,일반,,,,,,,,,,,,,국수영탐(1),-/-,,,,,,,,,,,,,,,,,,,,,
경상권,경북,경주시,위덕대,자연,반려동물학부,,,신설,,,,,,,,,,,,,,,,,,-/-,,,,,,,,,,,,,,,,,,,,,
경상권,경북,경주시,위덕대,인문,불교문화학과,불교문화학과,유지,유지,일반,7.36,,,,,,,,,,,,,,,국수영탐(1),-/-,,,,,,,,,,,,,,,,,,,,,
경상권,경북,경주시,위덕대,인문,사회복지학과,사회복지학과,유지,유지,면접,5.71,,일반,6.35,,,,,,,,,,,,국수영탐(1),-/-,,,,,,,,,,,,,,,,,,,,,
경상권,경북,경주시,위덕대,자연,외식제과제빵창업학과,외식제과제빵창업학과,유지,유지,면접,7.79,,일반,6.95,,,,,,,,,,,,국수영탐(1),-/-,,,,,,,,,,,,,,,,,,,,,
경상권,경북,경주시,위덕대,인문,유아교육과,유아교육과,유지,유지,면접,7.35,,일반,6.73,,,,,,,,,,,,국수영탐(1),-/-,,,,,,,,,,,,,,,,,,,,,
경상권,경북,경주시,위덕대,자연,전력시스템공학과,전력시스템공학과,유지,유지,면접,7.34,,일반,7.13,,,,,,,,,,,,국수영탐(1),-/-,,,,,,,,,,,,,,,,,,,,,
경상권,경북,경주시,위덕대,인문,중등특수교육전공,중등특수교육전공,유지,유지,면접,6.24,,일반,6.02,,,,,,,,,,,,국수영탐(1),-/-,,,,,,,,,,,,,,,,,,,,,
경상권,경북,경주시,위덕대,예체능,체육학부,체육학부,유지,유지,면접,7.28,,일반,7.04,,,,,,,,,,,,국수영탐(1),-/-,,,,,,,,,,,,,,,,,,,,,
경상권,경북,경주시,위덕대,예체능,체육학부,체육학부(야간),유지,유지(전형내폐지),일반,7.64,,,,,,,,,,,,,,,국수영탐(1),-/-,,,,,,,,,,,,,,,,,,,,,
경상권,경북,경주시,위덕대,인문,초등특수교육전공,초등특수교육전공,유지,유지,면접,6.44,,일반,5.33,,,,,,,,,,,,국수영탐(1),-/-,,,,,,,,,,,,,,,,,,,,,
경상권,경북,경주시,위덕대,인문,한국어학과,한국어학과,유지,유지,일반,,,,,,,,,,,,,,,,국수영탐(1),-/-,,,,,,,,,,,,,,,,,,,,,
충청권,충남,아산시,유원대,자연,AI소프트웨어학과,AI소프트웨어학과,유지,유지,유원교과,6.6,5.8,,,,,,,,,,,,,,국수영탐(1) 중 2개,-/-,,,,,,,,,,,,,,,,,,,,,
충청권,충남,아산시,유원대,인문,경찰·소방행정학부,경찰·소방행정학부,유지,유지,유원교과,5.1,4.6,유원면접,5.7,5.3,,,,,,,,,,,국수영탐(1) 중 2개,-/-,,,,,,,,,,,,,,,,,,,,,
충청권,충남,아산시,유원대,인문,국방인재개발학과,국방인재개발학과,유지,유지,유원면접,9,6.5,,,,,,,,,,,,,,국수영탐(1) 중 2개,-/-,,,,,,,,,,,,,,,,,,,,,
충청권,충남,아산시,유원대,자연,드론로봇응용학과,드론로봇응용학과,유지,유지,유원교과,4.2,4,유원면접,9,3.2,,,,,,,,,,,국수영탐(1) 중 2개,-/-,,,,,,,,,,,,,,,,,,,,,
충청권,충남,아산시,유원대,인문,문화복지융합학과,문화복지융합학과,유지,유지,유원면접,,9,,,,,,,,,,,,,,국수영탐(1) 중 2개,-/-,,,,,,,,,,,,,,,,,,,,,
충청권,충남,아산시,유원대,예체능,미디어콘텐츠학과,미디어콘텐츠학과,유지,유지,유원면접,9,5,,,,,,,,,,,,,,국수영탐(1) 중 2개,-/-,,,,,,,,,,,,,,,,,,,,,
충청권,충남,아산시,유원대,자연,미래자동차학과,미래자동차학과,유지,유지,유원교과,5.8,5,유원면접,,,,,,,,,,,,,국수영탐(1) 중 2개,-/-,,,,,,,,,,,,,,,,,,,,,
충청권,충남,아산시,유원대,자연,뷰티케어학과,뷰티케어학과,유지,유지,유원면접,4.5,6.1,,,,,,,,,,,,,,국수영탐(1) 중 2개,-/-,,,,,,,,,,,,,,,,,,,,,
충청권,충북,영동군,유원대,인문,사회복지학부,사회복지학부,유지,유지,유원교과,9,9,유원면접,3.5,9,,,,,,,,,,,국수영탐(1) 중 2개,-/-,,,,,,,,,,,,,,,,,,,,,
충청권,충북,영동군,유원대,자연,산업안전보건학과,산업안전보건학과,유지,유지,유원교과,5.9,5.2,유원면접,9,9,,,,,,,,,,,국수영탐(1) 중 2개,-/-,,,,,,,,,,,,,,,,,,,,,
충청권,충북,영동군,유원대,자연,스마트팜학과,스마트팜학과,유지,유지,유원교과,5.5,4.4,,,,,,,,,,,,,,국수영탐(1) 중 2개,-/-,,,,,,,,,,,,,,,,,,,,,
충청권,충북,영동군,유원대,예체능,스포츠학부,스포츠학부,유지,유지,유원면접,,9,,,,,,,,,,,,,,국수영탐(1) 중 2개,-/-,,,,,,,,,,,,,,,,,,,,,
충청권,충북,영동군,유원대,자연,와인사이언스학과,와인사이언스학과,유지,유지,유원면접,9,5.4,,,,,,,,,,,,,,국수영탐(1) 중 2개,-/-,,,,,,,,,,,,,,,,,,,,,
충청권,충남,아산시,유원대,인문,유아교육과,유아교육과,유지,유지,유원면접,4.9,4.2,,,,,,,,,,,,,,국수영탐(1) 중 2개,-/-,,,,,,,,,,,,,,,,,,,,,
충청권,충북,영동군,유원대,자연,응급구조학과,응급구조학과,유지,유지,유원교과,4.9,4.4,유원면접,,,,,,,,,,,,,국수영탐(1) 중 2개,-/-,,,,,,,,,,,,,,,,,,,,,
충청권,충북,영동군,유원대,공통,자율설계학부,자율설계학부,유지,유지,유원교과,9,5.9,,,,,,,,,,,,,,국수영탐(1) 중 2개,-/-,,,,,,,,,,,,,,,,,,,,,
충청권,충남,아산시,유원대,자연,작업치료학과,작업치료학과,유지,유지,유원면접,,,,,,,,,,,,,,,,국수영탐(1) 중 2개,-/-,,,,,,,,,,,,,,,,,,,,,
충청권,충남,아산시,유원대,인문,중등특수교육과,중등특수교육과,유지,유지,유원면접,9,9,,,,,,,,,,,,,,국수영탐(1) 중 2개,-/-,,,,,,,,,,,,,,,,,,,,,
충청권,충남,아산시,유원대,공통,창의설계학부,창의설계학부,유지,유지,유원면접,6.5,5.9,,,,,,,,,,,,,,국수영탐(1) 중 2개,-/-,,,,,,,,,,,,,,,,,,,,,
충청권,충남,아산시,유원대,인문,초등특수교육과,초등특수교육과,유지,유지,유원면접,9,5.1,,,,,,,,,,,,,,국수영탐(1) 중 2개,-/-,,,,,,,,,,,,,,,,,,,,,
충청권,충북,영동군,유원대,자연,호텔외식조리학과,호텔외식조리학과,유지,유지,유원교과,4.9,4,유원면접,,4.4,,,,,,,,,,,국수영탐(1) 중 2개,-/-,,,,,,,,,,,,,,,,,,,,,
경인권,경기,성남시,을지대,자연,물리치료학과,물리치료학과,유지,유지,지역균형,2.79,2.74,,,,,,,EU미래인재,3.51,3.17,EU자기추천,2.98,3.26,,"국탐(2) 중 1개, 수영",2/3,,,,,,,,,,,,,,,,,,,,,
경인권,경기,성남시,을지대,인문,의료경영학과,의료경영학과,유지,유지,지역균형,3.58,3.55,,,,,,,EU미래인재,3.49,3.52,EU자기추천,3.81,3.81,,"수탐(2) 중 1개, 국영",-/4,,,,,,,,,,,,,,,,,,,,,
경인권,경기,성남시,을지대,인문,의료경영학과,의료경영학과,유지,유지,지역균형,3.58,3.55,,,,,,,EU미래인재,3.49,3.52,EU자기추천,3.81,3.81,,국수영탐(2) 중 2개,-/4,,,,,,,,,,,,,,,,,,,,,
경인권,경기,의정부시,을지대,자연,임상병리학과(의정부),임상병리학과(의정부),유지,유지,지역균형,3.1,3.02,,,,,,,EU미래인재,3.49,3.52,EU자기추천,3.87,3.87,,"국탐(2) 중 1개, 수영",2/3,,,,,,,,,,,,,,,,,,,,,
경인권,경기,성남시,을지대,자연,자연계열학부,자연계열학부,유지,유지,지역균형,3.75,3.49,,,,,,,EU미래인재,3.85,3.97,EU자기추천,4.08,3.52,,"국탐(2) 중 1개, 수영",2/4,,,,,,,,,,,,,,,,,,,,,
경인권,경기,성남시,을지대,자연,치위생학과,치위생학과,유지,유지,지역균형,3.1,3.02,,,,,,,EU미래인재,3.89,3.89,EU자기추천,3.94,3.83,,"국탐(2) 중 1개, 수영",2/4,,,,,,,,,,,,,,,,,,,,,
경상권,경남,김해시,인제대,자연,공학계열,기계·전기차공학부,유지,변경,면접,,,학생부교과,5.24,5.16,,,,,,,,,,,국수영탐(2),-/-,,,,,,,,,,,,,,,,,,,,,
경상권,경남,김해시,인제대,자연,글로컬리더스학부[이공계열],,유지,신설,,,,,,,,,,,,,,,,,,-/-,,,,,,,,,,,,,,,,,,,,,
경상권,경남,김해시,인제대,자연,미디어?콘텐츠계열,웹툰영상학과,유지,변경,학생부교과,,,,,,,,,,,,,,,,국수영탐(2),-/-,,,,,,,,,,,,,,,,,,,,,
경상권,경남,김해시,인제대,인문,사회과학계열,경찰·행정학과,유지,변경,면접,4.13,3.91,학생부교과,4.14,3.97,,,,,,,,,,,국수영탐(2),-/-,,,,,,,,,,,,,,,,,,,,,
경상권,경남,김해시,인제대,자연,융합기술공학과,,유지,신설,,,,,,,,,,,,,,,,,,-/-,,,,,,,,,,,,,,,,,,,,,
경상권,경남,김해시,인제대,자연,임상병리학과,임상병리학과,유지,유지,면접,2.87,2.74,학생부교과,2.74,2.57,,,,,,,,,,,국수영탐(2),-/-,,,,,,,,,,,,,,,,,,,,,
경상권,경남,김해시,인제대,인문,특수교육과,특수교육과,유지,유지,면접,4.84,4.23,학생부교과,3.61,3.27,,,,,,,,,,,국수영탐(2),-/-,,,,,,,,,,,,,,,,,,,,,
경인권,인천,연수구,인천가톨릭대,자연,간호학과(4년제),간호학과(4년제),유지,유지,가톨릭지도자추천,,2.82,학교생활우수자,2.45,2.6,,,,,,,,,,,국수영탐(2),-/-,,,,,,,,,,,,,,,,,,,,,
경인권,인천,연수구,인천가톨릭대,예체능,문화콘텐츠학과,문화콘텐츠학과,유지,유지,ICCU미래인재,3,2.42,가톨릭지도자추천,,4.6,,,,,,,,,,,국수영탐(2) 중 2개,-/-,,,,,,,,,,,,,,,,,,,,,
경인권,인천,강화군,인천가톨릭대,인문,신학과,신학과,유지,유지,대건안드레아,5,4.13,,,,,,,,,,,,,,,-/-,,,,,,,,,,,,,,,,,,,,,
경인권,인천,연수구,인천가톨릭대,공통,자유전공,,유지,유지,,,,,,,,,,,,,,,,,국수영탐(2) 중 2개,-/-,,,,,,,,,,,,,,,,,,,,,
경인권,인천,연수구,인천대,예체능,운동건강학부,운동건강학부,유지,유지,,,,,,,,,,자기추천,3.4,2.9,,,,,,-/-,,,,,,,,,,,,,,,,,,,,,
경인권,인천,미추홀구,인하대,예체능,디자인테크놀로지학과,디자인테크놀로지학과,변경,유지,,,,,,,,,,인하미래인재,3.02,2.81,,,,,,-/-,,,,,,,,,,,,,,,,,,,,,
경인권,인천,미추홀구,인하대,자연,바이오식품공학과,,변경,신설,,,,,,,,,,,,,,,,,,-/-,,,,,,,,,,,,,,,,,,,,,
경인권,인천,미추홀구,인하대,예체능,스포츠과학과,스포츠과학과,변경,유지,,,,,,,,,,인하미래인재,2.94,2.82,,,,,,-/-,,,,,,,,,,,,,,,,,,,,,
경인권,인천,미추홀구,인하대,인문,영미유럽인문융합학부,영미유럽인문융합학부,유지,유지,지역균형,2.62,2.52,,,,,,,인하미래인재,4.76,4.52,,,,,,-/-,,,,,,,,,,,,,,,,,,,,,
경인권,인천,미추홀구,인하대,예체능,체육교육과,체육교육과,변경,유지,,,,,,,,,,인하미래인재,2.66,2.49,,,,,,-/-,,,,,,,,,,,,,,,,,,,,,
서울,서울,광진구,장로회신학대,공통,자유전공,,유지,신설,,,,,,,,,,,,,,,,,,-/-,,,,,,,,,,,,,,,,,,,,,
전라권,전남,여수시,전남대,자연,건축디자인학과,건축디자인학과,유지,유지,일반,4.6,4.53,,,,,,,고교생활우수자Ⅱ,5.15,4.82,,,,,국수탐(2),-/-,,,,,,,,,,,,,,,,,,,,,
전라권,광주,북구,전남대,예체능,미술학과(이론전공),미술학과(이론전공),유지,유지,일반,3.42,3.35,,,,,,,,,,,,,,국탐(2),-/-,,,,,,,,,,,,,,,,,,,,,
전라권,전남,여수시,전남대,자연,산업기술융합공학과[야],산업기술융합공학과[야],유지,유지,일반,,,,,,,,,,,,,,,,국수탐(2),-/-,,,,,,,,,,,,,,,,,,,,,
전라권,전북,전주시,전북대,인문,국제학부,국제학부,유지,유지,일반학생,,,,,,,,,큰사람,4.29,4.27,,,,,,-/-,,,,,,,,,,,,,,,,,,,,,
전라권,전북,전주시,전북대,인문,독어교육과,독어교육과,유지,유지,일반학생,4.6,4.08,,,,,,,큰사람,,,,,,,국수탐(2),-/-,,,,,,,,,,,,,,,,,,,,,
전라권,전북,전주시,전북대,자연,본부 국제이공학부,본부 국제이공학부,유지,유지,일반학생,,,,,,,,,큰사람,4.76,4.72,,,,,,-/-,,,,,,,,,,,,,,,,,,,,,
전라권,전북,전주시,전북대,자연,본부 이차전지공학과,,유지,신설,,,,,,,,,,,,,,,,,,-/-,,,,,,,,,,,,,,,,,,,,,
전라권,전북,전주시,전북대,자연,본부 첨단방위산업학과,,유지,신설,,,,,,,,,,,,,,,,,,-/-,,,,,,,,,,,,,,,,,,,,,
전라권,전북,전주시,전주교대,인문,초등교육과,초등교육과,유지,유지,,,,,,,,,,교직적성우수자,,,,,,,국수영탐(2),-/-,,,,,,,,,,,,,,,,,,,,,
전라권,전북,전주시,전주대,예체능,공연방송연기학과,공연방송연기학과,유지,신설,일반학생(교과),,,,,,,,,일반학생(종합),,,,,,,,-/-,,,,,,,,,,,,,,,,,,,,,
전라권,전북,전주시,전주대,예체능,공연방송학과,공연방송연기학과,유지,변경,일반학생(교과),,,,,,,,,일반학생(종합),,,,,,,,-/-,,,,,,,,,,,,,,,,,,,,,
전라권,전북,전주시,전주대,예체능,공연예술학과,공연예술학과,유지,유지,일반학생(교과),,,,,,,,,일반학생(종합),,,,,,,,-/-,,,,,,,,,,,,,,,,,,,,,
전라권,전북,전주시,전주대,자연,반려동물산업학부,반려동물산업학과,유지,변경,일반학생(교과),6.03,5.65,,,,,,,일반학생(종합),,,,,,,,-/-,,,,,,,,,,,,,,,,,,,,,
전라권,전북,전주시,전주대,,사범대자율전공학부,,신설,신설,,,,,,,,,,,,,,,,,,-/-,,,,,,,,,,,,,,,,,,,,,
전라권,전북,전주시,전주대,예체능,산업디자인학과,산업디자인학과,유지,유지,일반학생(교과),6.13,5.69,,,,,,,일반학생(종합),5.93,5.31,,,,,,-/-,,,,,,,,,,,,,,,,,,,,,
전라권,전북,전주시,전주대,예체능,시각디자인학과,시각디자인학과,유지,유지,일반학생(교과),6.63,5.75,,,,,,,,,,,,,,,-/-,,,,,,,,,,,,,,,,,,,,,
전라권,전북,전주시,전주대,,자유전공학부,,신설,신설,,,,,,,,,,,,,,,,,,-/-,,,,,,,,,,,,,,,,,,,,,
전라권,전북,전주시,전주대,자연,한식조리학과,한식조리학과,유지,유지,일반학생(교과),5.78,5.34,,,,,,,일반학생(종합),5.93,4.97,,,,,"국수영 중 2개, 탐구(1)",-/-,,,,,,,,,,,,,,,,,,,,,
전라권,전북,전주시,전주대,인문,회계세무학과,경영대학 회계세무학과,유지,유지,,,,,,,,,,일반학생(종합),,,,,,,"국수영 중 2개, 탐구(1)",-/-,,,,,,,,,,,,,,,,,,,,,
제주권,제주,제주시,제주국제대,자연,건설공학부,건설공학부,유지,유지,대학독자,,,일반학생,,,,,,,,,,,,,국수영탐(1),-/-,,,,,,,,,,,,,,,,,,,,,
제주권,제주,제주시,제주국제대,자연,건설공학부[야],건설공학부[야],유지,유지,일반학생,,,,,,,,,,,,,,,,국수영탐(1),-/-,,,,,,,,,,,,,,,,,,,,,
제주권,제주,제주시,제주국제대,인문,경찰학부,경찰학부,유지,유지,일반학생,,,,,,,,,,,,,,,,국수영탐(1),-/-,,,,,,,,,,,,,,,,,,,,,
제주권,제주,제주시,제주국제대,인문,복지상담학부,복지상담학부,유지,유지,대학독자,,,일반학생,,,,,,,,,,,,,국수영탐(1),-/-,,,,,,,,,,,,,,,,,,,,,
제주권,제주,제주시,제주국제대,자연,안전공학부,안전공학부,유지,유지,대학독자,,,일반학생,,,,,,,,,,,,,국수영탐(1),-/-,,,,,,,,,,,,,,,,,,,,,
제주권,제주,제주시,제주국제대,자연,에너지기계공학부,에너지기계공학부,유지,유지,대학독자,,,일반학생,,,,,,,,,,,,,국수영탐(1),-/-,,,,,,,,,,,,,,,,,,,,,
제주권,제주,제주시,제주국제대,예체능,예술학부,예술학부,유지,유지,일반학생,,,,,,,,,,,,,,,,국수영탐(1),-/-,,,,,,,,,,,,,,,,,,,,,
제주권,제주,제주시,제주국제대,인문,융합경영학부,융합경영학부,유지,유지,대학독자,,,일반학생,,,,,,,,,,,,,국수영탐(1),-/-,,,,,,,,,,,,,,,,,,,,,
제주권,제주,제주시,제주국제대,예체능,체육학부,체육학부,유지,유지,일반학생,6.87,6.35,,,,,,,,,,,,,,국수영탐(1),-/-,,,,,,,,,,,,,,,,,,,,,
제주권,제주,제주시,제주국제대,예체능,체육학부[야],체육학부[야],유지,유지,일반학생,,,,,,,,,,,,,,,,국수영탐(1),-/-,,,,,,,,,,,,,,,,,,,,,
전라권,광주,동구,조선대,자연,AI·SW학부(모빌리티SW전공),AI소프트웨어학부(모빌리티SW전공),유지,변경,일반,6.57,5.76,,,,,,,면접,,,서류,7.89,6.27,,국수영탐(1),-/-,,,,,,,,,,,,,,,,,,,,,
전라권,광주,동구,조선대,자연,AI·SW학부(인공지능공학전공),AI소프트웨어학부(인공지능공학전공),유지,변경,일반,5.6,5.18,,,,,,,서류,5.48,5.13,,,,,국수영탐(1),-/-,,,,,,,,,,,,,,,,,,,,,
전라권,광주,동구,조선대,자연,AI·SW학부(정보보안전공),AI소프트웨어학부(정보보안전공),유지,변경,일반,5.3,5.19,,,,,,,면접,5.37,5.37,서류,3.5,5.83,,국수영탐(1),-/-,,,,,,,,,,,,,,,,,,,,,
전라권,광주,동구,조선대,자연,AI·SW학부(정보통신공학전공),AI소프트웨어학부(정보통신공학전공),유지,변경,일반,6.14,6.17,,,,,,,면접,,,서류,6.44,6.43,,국수영탐(1),-/-,,,,,,,,,,,,,,,,,,,,,
전라권,광주,동구,조선대,자연,AI·SW학부(컴퓨터공학전공),AI소프트웨어학부(컴퓨터공학전공),유지,변경,일반,5.16,4.62,,,,,,,면접,4.63,4.03,서류,3.85,4.6,,국수영탐(1),-/-,,,,,,,,,,,,,,,,,,,,,
전라권,광주,동구,조선대,예체능,K-컬처공연·기획학과,K-컬처공연·기획학과,유지,유지,일반,4.73,5.02,,,,,,,면접,5.24,5.84,서류,4.74,5.13,,국영탐(1),-/-,,,,,,,,,,,,,,,,,,,,,
전라권,광주,동구,조선대,자연,건축공학과,건축공학과,유지,유지,일반,4.51,4.67,,,,,,,면접,5.52,5.6,서류,4.64,4.78,,국수영탐(1),-/-,,,,,,,,,,,,,,,,,,,,,
전라권,광주,동구,조선대,인문,경찰행정학과,경찰행정학과,유지,유지,일반,2.69,3.42,,,,,,,면접,4.39,3.82,서류,3.97,3.83,,국수영탐(1),-/-,,,,,,,,,,,,,,,,,,,,,
전라권,광주,동구,조선대,인문,공공인재법무학과,공공인재법무학과,유지,유지,일반,5.38,5.34,,,,,,,서류,5.95,6.13,,,,,국수영탐(1),-/-,,,,,,,,,,,,,,,,,,,,,
전라권,광주,동구,조선대,인문,교육학과,교육학과,유지,유지,일반,4.36,4.17,,,,,,,면접,,,서류,4.96,4.67,,국수영탐(1),-/-,,,,,,,,,,,,,,,,,,,,,
전라권,광주,동구,조선대,인문,국어교육과,국어교육과,유지,유지,일반,4.42,4.24,,,,,,,면접,3.92,3.92,서류,4.46,4.66,,국수영탐(1),-/-,,,,,,,,,,,,,,,,,,,,,
전라권,광주,동구,조선대,인문,군사학과(남),군사학과(남),유지,유지,군사학과,6.11,6.91,,,,,,,,,,,,,,국수영탐(1) 중 3개,-/-,,,,,,,,,,,,,,,,,,,,,
전라권,광주,동구,조선대,인문,군사학과(여),군사학과(여),유지,유지,군사학과,6.98,4.62,,,,,,,,,,,,,,국수영탐(1) 중 3개,-/-,,,,,,,,,,,,,,,,,,,,,
전라권,광주,동구,조선대,인문,글로벌비즈니스커뮤니케이션학과,글로벌비즈니스커뮤니케이션학과,유지,유지,일반,5.01,5.45,,,,,,,면접,5.8,5.62,서류,5.69,5.62,,국수영탐(1),-/-,,,,,,,,,,,,,,,,,,,,,
전라권,광주,동구,조선대,예체능,라이프스타일디자인학부,라이프스타일디자인학부(섬유·패션디자인전공),유지,유지,일반,5.05,4.63,,,,,,,서류,4.5,6.2,,,,,국영탐(1),-/-,,,,,,,,,,,,,,,,,,,,,
전라권,광주,동구,조선대,인문,문예창작학과,문예창작학과,유지,유지,,,,,,,,,,면접,5.19,5.19,서류,5.35,5.01,,국영탐(1),-/-,,,,,,,,,,,,,,,,,,,,,
전라권,광주,동구,조선대,예체능,문화컨텐츠학부,"문화콘텐츠학부(현대조형미디어전공, 가구·도자디자인전공)",유지,유지,,,,,,,,,,서류,4.7,4.96,,,,,국영탐(1),-/-,,,,,,,,,,,,,,,,,,,,,
전라권,광주,동구,조선대,예체능,문화컨텐츠학부,문화콘텐츠학부(시각문화큐레이터전공),유지,유지,,,,,,,,,,서류,4.7,4.96,,,,,국영탐(1),-/-,,,,,,,,,,,,,,,,,,,,,
전라권,광주,동구,조선대,예체능,문화컨텐츠학부,시각문화큐레이터전공,유지,변경,,,,,,,,,,서류,8.19,6.78,,,,,국영탐(1),-/-,,,,,,,,,,,,,,,,,,,,,
전라권,광주,동구,조선대,인문,미디어커뮤니케이션학과,미디어커뮤니케이션학과,유지,유지,일반,4.33,4.13,,,,,,,면접,5.23,4.8,서류,4.74,4.71,,국수영탐(1),-/-,,,,,,,,,,,,,,,,,,,,,
전라권,광주,동구,조선대,인문,상담심리학과,상담심리학과,유지,유지,일반,4.38,3.96,,,,,,,면접,4.4,4.63,서류,4.37,4.5,,국수영탐(1),-/-,,,,,,,,,,,,,,,,,,,,,
전라권,광주,동구,조선대,자연,생물교육과,생물교육과,유지,유지,일반,4.38,4,,,,,,,면접,4.3,4.3,서류,5.03,4.66,,국수영탐(1),-/-,,,,,,,,,,,,,,,,,,,,,
전라권,광주,동구,조선대,자연,소방재난관리학과,소방재난관리학과,유지,유지,일반,4.87,4.76,,,,,,,면접,5.24,3.52,서류,4.63,5.97,,국수영탐(1),-/-,,,,,,,,,,,,,,,,,,,,,
전라권,광주,동구,조선대,자연,수학교육과,수학교육과,유지,유지,일반,4.1,4.34,,,,,,,면접,5.06,5.06,서류,5.08,5.62,,국수영탐(1),-/-,,,,,,,,,,,,,,,,,,,,,
전라권,광주,동구,조선대,예체능,스포츠산업학과,스포츠산업학과,유지,유지,일반,3.54,3.54,,,,,,,면접,5.08,5.46,서류,5.1,4.99,,국영탐(1),-/-,,,,,,,,,,,,,,,,,,,,,
전라권,광주,동구,조선대,자연,식품영양학과,식품영양학과,유지,유지,일반,2.09,4.38,,,,,,,면접,5.22,5.09,서류,5.26,4.81,,국수영탐(1),-/-,,,,,,,,,,,,,,,,,,,,,
전라권,광주,동구,조선대,자연,언어치료학과,언어치료학과,유지,유지,일반,5.5,4.96,,,,,,,면접,5.55,4.89,서류,3.03,4.56,,국수영탐(1),-/-,,,,,,,,,,,,,,,,,,,,,
전라권,광주,동구,조선대,인문,영어교육과,영어교육과,유지,유지,일반,4.29,3.13,,,,,,,면접,4.79,4.79,서류,5.15,5.61,,국수영탐(1),-/-,,,,,,,,,,,,,,,,,,,,,
전라권,광주,동구,조선대,자연,용접·접합과학공학과,용접·접합과학공학과,유지,유지,일반,5.94,3.81,,,,,,,서류,,,,,,,국수영탐(1),-/-,,,,,,,,,,,,,,,,,,,,,
전라권,광주,동구,조선대,인문,일본어과,일본어과,유지,유지,일반,5.4,4.55,,,,,,,서류,5.6,5.73,,,,,국수영탐(1),-/-,,,,,,,,,,,,,,,,,,,,,
전라권,광주,동구,조선대,인문,자유전공학부,자유전공학부,유지,유지,일반,3.4,4.86,,,,,,,면접,,,서류,5.24,5.32,,국수영탐(1),-/-,,,,,,,,,,,,,,,,,,,,,
전라권,광주,동구,조선대,자연,작업치료학과,작업치료학과,유지,유지,일반,5.12,4.88,,,,,,,면접,6.07,5.04,서류,5.27,5.35,,국수영탐(1),-/-,,,,,,,,,,,,,,,,,,,,,
전라권,광주,동구,조선대,자연,전기공학과,전기공학과,유지,유지,일반,4.03,4.03,,,,,,,면접,3.43,4.25,서류,4.48,4.51,,국수영탐(1),-/-,,,,,,,,,,,,,,,,,,,,,
전라권,광주,동구,조선대,인문,정치외교학과,정치외교학과,유지,유지,일반,6.21,5.78,,,,,,,면접,5.43,5.43,서류,6.61,6.57,,국수영탐(1),-/-,,,,,,,,,,,,,,,,,,,,,
전라권,광주,동구,조선대,자연,지구과학교육과,지구과학교육과,유지,유지,일반,3.92,4,,,,,,,면접,4.31,4.31,서류,4.12,3.76,,국수영탐(1),-/-,,,,,,,,,,,,,,,,,,,,,
전라권,광주,동구,조선대,자연,첨단에너지공학과,첨단에너지공학과,유지,유지,일반,7.09,6.75,,,,,,,서류,,,,,,,국수영탐(1),-/-,,,,,,,,,,,,,,,,,,,,,
전라권,광주,동구,조선대,예체능,체육학과,체육학과,유지,유지,,,,,,,,,,서류,4.02,2.44,,,,,국영탐(1),-/-,,,,,,,,,,,,,,,,,,,,,
전라권,광주,동구,조선대,자연,토목공학과,토목공학과,유지,유지,일반,5.06,4.78,,,,,,,면접,5.92,5.73,서류,5,5.26,,국수영탐(1),-/-,,,,,,,,,,,,,,,,,,,,,
전라권,광주,동구,조선대,인문,특수교육과,특수교육과,유지,유지,일반,5.14,4.84,,,,,,,면접,5.72,5.72,서류,5.14,4.96,,국수영탐(1),-/-,,,,,,,,,,,,,,,,,,,,,
전라권,광주,동구,조선대,인문,행정복지학부,"행정복지학부(행정학전공, 사회복지학전공)",유지,유지,일반,5,4.38,,,,,,,면접,5.6,5.94,서류,,,,국수영탐(1),-/-,,,,,,,,,,,,,,,,,,,,,
전라권,광주,동구,조선대,인문,"행정복지학부(행정학전공, 사회복지학전공)","행정복지학부(행정학전공, 사회복지학전공)",유지,유지,일반,5,4.38,,,,,,,면접,5.6,5.94,서류,,,,국수영탐(1),-/-,,,,,,,,,,,,,,,,,,,,,
전라권,광주,동구,조선대,자연,환경공학과,환경공학과,유지,유지,일반,5.63,5.47,,,,,,,서류,5.74,5.67,,,,,국수영탐(1),-/-,,,,,,,,,,,,,,,,,,,,,
충청권,충남,금산군,중부대,인문,경찰경호학전공,경찰경호학전공,유지,유지,학교생활우수자,5.4,5.3,학생부우수자,4.1,3.8,,,,,,,,,,,"국수영 중 2개, 탐(1)한 중 1개",-/-,,,,,,,,,,,,,,,,,,,,,
경인권,경기,고양시,중부대,인문,공공안전학전공,공공안전학전공,유지,유지,학교생활우수자,3.8,3.7,학생부우수자,3.4,3.3,,,,,,,,,,,"국수영 중 2개, 탐(1)한 중 1개",-/-,,,,,,,,,,,,,,,,,,,,,
충청권,충남,금산군,중부대,인문,문헌정보학전공,문헌정보학전공,유지,유지,학교생활우수자,,,학생부우수자,2.5,2.4,,,,,,,,,,,"국수영 중 2개, 탐(1)한 중 1개",-/-,,,,,,,,,,,,,,,,,,,,,
충청권,충남,금산군,중부대,자연,반려동물학부,반려동물사육학전공,유지,변경,학생부우수자,3.3,3.3,,,,,,,,,,,,,,"국수영 중 2개, 탐(1)한 중 1개",-/-,,,,,,,,,,,,,,,,,,,,,
경인권,경기,고양시,중부대,예체능,뷰티•패션비즈니스학전공,뷰티•패션비즈니스학전공,유지,유지,학교생활우수자,3.2,2.6,학생부우수자,2.6,2.6,,,,,,,,,,,"국수영 중 2개, 탐(1)한 중 1개",-/-,,,,,,,,,,,,,,,,,,,,,
경인권,경기,고양시,중부대,예체능,사진영상학전공,사진영상학전공,유지,유지,학생부우수자,3.2,2.8,,,,,,,,,,,,,,"국수영 중 2개, 탐(1)한 중 1개",-/-,,,,,,,,,,,,,,,,,,,,,
충청권,충남,금산군,중부대,예체능,스포츠재활복지학전공,스포츠재활복지학전공,유지,유지,학생부우수자,4.2,4.2,,,,,,,,,,,,,,"국수영 중 2개, 탐(1)한 중 1개",-/-,,,,,,,,,,,,,,,,,,,,,
경인권,경기,고양시,중부대,인문,특수교육과(중등특수교육),특수교육과(중등특수교육),유지,유지,학교생활우수자,4.3,4.1,학생부우수자,4,4,,,,,,,,,,,"국수영 중 2개, 탐(1)한 중 1개",-/-,,,,,,,,,,,,,,,,,,,,,
경인권,경기,고양시,중부대,인문,특수교육과(초등특수교육),특수교육과(초등특수교육),유지,유지,학교생활우수자,4.2,4.2,학생부우수자,3.7,3.5,,,,,,,,,,,"국수영 중 2개, 탐(1)한 중 1개",-/-,,,,,,,,,,,,,,,,,,,,,
서울,서울,동작구,중앙대,인문,경영경제대학,경영경제대학,유지,유지,지역균형,1.77,1.73,,,,,,,,,,,,,,,-/-,,,,,,,,,,,,,,,,,,,,,
서울,서울,동작구,중앙대,자연,공과대학,공과대학,유지,유지,지역균형,1.66,1.61,,,,,,,,,,,,,,,-/-,,,,,,,,,,,,,,,,,,,,,
서울,서울,동작구,중앙대,예체능,공연영상창작학부(공간연출),공연영상창작학부(공간연출),유지,유지,,,,,,,,,,CAU융합형인재,3.41,3.36,,,,,,-/-,,,,,,,,,,,,,,,,,,,,,
서울,서울,동작구,중앙대,인문,사회과학대학,사회과학대학,유지,유지,지역균형,1.8,1.77,,,,,,,,,,,,,,,-/-,,,,,,,,,,,,,,,,,,,,,
서울,서울,동작구,중앙대,인문,산업보안학과(인문),산업보안학과(인문),유지,유지,,,,,,,,,,CAU융합형인재,2.41,2.12,CAU탐구형인재,4.07,4,,,-/-,,,,,,,,,,,,,,,,,,,,,
서울,서울,동작구,중앙대,인문,유럽문화학부(독일어문학),유럽문화학부(독일어문학),유지,유지,,,,,,,,,,CAU탐구형인재,4.28,3.9,,,,,,-/-,,,,,,,,,,,,,,,,,,,,,
서울,서울,동작구,중앙대,인문,유럽문화학부(러시아어문학),유럽문화학부(러시아어문학),유지,유지,,,,,,,,,,CAU탐구형인재,4.57,4.12,,,,,,-/-,,,,,,,,,,,,,,,,,,,,,
서울,서울,동작구,중앙대,인문,유럽문화학부(프랑스어문학),유럽문화학부(프랑스어문학),유지,유지,,,,,,,,,,CAU탐구형인재,4.24,4,,,,,,-/-,,,,,,,,,,,,,,,,,,,,,
서울,서울,동작구,중앙대,인문,인문대학,인문대학,유지,유지,지역균형,1.89,1.87,,,,,,,,,,,,,,,-/-,,,,,,,,,,,,,,,,,,,,,
서울,서울,동작구,중앙대,자연,자연과학대학,자연과학대학,유지,유지,지역균형,1.61,1.57,,,,,,,,,,,,,,,-/-,,,,,,,,,,,,,,,,,,,,,
서울,서울,동작구,중앙대,자연,지능형반도체공학과,,유지,신설,,,,,,,,,,,,,,,,,,-/-,,,,,,,,,,,,,,,,,,,,,
경인권,경기,안성시,중앙대(다빈치),예체능,공연영상창작학부(문예창작),공연영상창작학부(문예창작),유지,유지,,,,,,,,,,CAU융합형인재,3.42,3.26,,,,,,-/-,,,,,,,,,,,,,,,,,,,,,
경인권,경기,안성시,중앙대(다빈치),자연,생명공학대학,생명공학대학,유지,유지,지역균형,2.77,2.66,,,,,,,,,,,,,,,-/-,,,,,,,,,,,,,,,,,,,,,
경인권,경기,김포시,중앙승가대,인문,불교사회학부,불교사회학부,유지,유지,일반,,,,,,,,,,,,,,,,,-/-,,,,,,,,,,,,,,,,,,,,,
경인권,경기,김포시,중앙승가대,인문,불교학부,불교학부,유지,유지,일반,,,,,,,,,,,,,,,,,-/-,,,,,,,,,,,,,,,,,,,,,
충청권,충북,괴산군,중원대,인문,경찰행정학과,경찰행정학과,유지,유지,일반Ⅰ,4.63,4.25,일반Ⅱ,,6.25,,,,,,,,,,,국수영탐(1) 중 3개,-/-,,,,,,,,,,,,,,,,,,,,,
충청권,충북,괴산군,중원대,자연,기계항공우주공학과,무인항공기계학과,유지,변경,일반Ⅰ,4.92,4,일반Ⅱ,,,,,,,,,,,,,국수영탐(1) 중 3개,-/-,,,,,,,,,,,,,,,,,,,,,
충청권,충북,괴산군,중원대,인문,드론봇군사학과,드론봇군사학과,유지,유지,일반Ⅰ,4.68,4.42,일반Ⅱ,4.85,4.48,,,,,,,,,,,국수영탐(1) 중 3개,7/-,,,,,,,,,,,,,,,,,,,,,
충청권,충북,괴산군,중원대,예체능,만화애니메이션학과,,유지,신설,,,,,,,,,,,,,,,,,,-/-,,,,,,,,,,,,,,,,,,,,,
충청권,충북,괴산군,중원대,자연,바이오산업학과,바이오산업학과,유지,유지,일반Ⅰ,3.5,2.83,일반Ⅱ,,,,,,,,,,,,,국수영탐(1) 중 3개,-/-,,,,,,,,,,,,,,,,,,,,,
충청권,충북,괴산군,중원대,인문,보건복지학과,보건복지학과,유지,유지,일반Ⅰ,4.2,3.5,일반Ⅱ,,,,,,,,,,,,,국수영탐(1) 중 3개,-/-,,,,,,,,,,,,,,,,,,,,,
충청권,충북,괴산군,중원대,인문,보건행정학과,보건복지학과,유지,변경,일반Ⅰ,4.2,3.5,일반Ⅱ,,,,,,,,,,,,,국수영탐(1) 중 3개,-/-,,,,,,,,,,,,,,,,,,,,,
충청권,충북,괴산군,중원대,자연,뷰티메디컬학과,뷰티메디컬학과,유지,유지,일반Ⅰ,6.08,2.5,일반Ⅱ,5.51,3.39,,,,,,,,,,,국수영탐(1) 중 3개,-/-,,,,,,,,,,,,,,,,,,,,,
충청권,충북,괴산군,중원대,자연,스마트농산림학과,,유지,신설,,,,,,,,,,,,,,,,,,-/-,,,,,,,,,,,,,,,,,,,,,
충청권,충북,괴산군,중원대,예체능,스포츠과학과,경호학과,,변경,일반Ⅱ,5.35,4,,,,,,,,,,,,,,국수영탐(1) 중 3개,-/-,,,,,,,,,,,,,,,,,,,,,
충청권,충북,괴산군,중원대,예체능,스포츠산업학과,,유지,신설,,,,,,,,,,,,,,,,,,-/-,,,,,,,,,,,,,,,,,,,,,
충청권,충북,괴산군,중원대,예체능,운동레저학부,운동레저학부,유지,유지,일반Ⅰ,5.48,4.84,일반Ⅱ,4.7,3.95,,,,,,,,,,,국수영탐(1) 중 3개,-/-,,,,,,,,,,,,,,,,,,,,,
충청권,충북,괴산군,중원대,인문,자율전공학부,자율전공학부,유지,유지,일반Ⅰ,4.8,4.25,,,,,,,,,,,,,,국수영탐(1) 중 3개,-/-,,,,,,,,,,,,,,,,,,,,,
충청권,충북,괴산군,중원대,자연,작업치료학과,작업치료학과,유지,유지,일반Ⅰ,5.41,4.43,일반Ⅱ,,,,,,,,,,,,,국수영탐(1) 중 3개,4/-,,,,,,,,,,,,,,,,,,,,,
충청권,충북,괴산군,중원대,자연,전기반도체컴퓨터공학과,전기반도체컴퓨터학과,유지,변경,일반Ⅰ,4.46,3.5,일반Ⅱ,4.01,2.88,,,,,,,,,,,국수영탐(1) 중 3개,9/-,,,,,,,,,,,,,,,,,,,,,
충청권,충북,괴산군,중원대,인문,종교문화학부,종교문화학부,유지,유지,일반Ⅰ,4.74,3.79,일반Ⅱ,,5.5,,,,,,,,,,,국수영탐(1) 중 3개,9/-,,,,,,,,,,,,,,,,,,,,,
충청권,충북,괴산군,중원대,자연,항공운항학과,,유지,신설,,,,,,,,,,,,,,,,,,-/-,,,,,,,,,,,,,,,,,,,,,
경상권,경남,진주시,진주교대,인문,초등교육과,초등교육과,유지,유지,,,,,,,,,,21세기형 교직 적성자,4.22,3.72,,,,,국수영탐(2),-/-,,,,,,,,,,,,,,,,,,,,,
경상권,경남,창원시,창신대,인문,글로벌비즈니스학과,중국비즈니스학과,유지,변경,일반계고교,5.18,4.76,창신인재면접,5.06,4.8,,,,,,,,,,,국수영탐(1),-/-,,,,,,,,,,,,,,,,,,,,,
경상권,경남,창원시,창신대,자연,디지털도시건설학과,디지털도시건설학과,유지,유지,일반계고교,4.36,3.82,창신인재면접,2.09,1.98,,,,,,,,,,,국수영탐(1),-/-,,,,,,,,,,,,,,,,,,,,,
경상권,경남,창원시,창신대,자연,물리치료학과,물리치료학과,유지,유지,일반계고교,3.65,3.42,창신인재면접,4.43,4.3,,,,,,,,,,,국수영탐(1),-/-,,,,,,,,,,,,,,,,,,,,,
경상권,경남,창원시,창신대,예체능,뮤직공연예술학과,음악학과,유지,변경,창신인재면접,3.86,3.86,,,,,,,,,,,,,,국수영탐(1),-/-,,,,,,,,,,,,,,,,,,,,,
경상권,경남,창원시,창신대,예체능,미용예술학과,미용예술학과,유지,유지,일반계고교,4.02,3.64,창신인재면접,5.01,4.79,,,,,,,,,,,국수영탐(1),-/-,,,,,,,,,,,,,,,,,,,,,
경상권,경남,창원시,창신대,인문,부동산경영학과(야간),,유지,신설,,,,,,,,,,,,,,,,,,-/-,,,,,,,,,,,,,,,,,,,,,
경상권,경남,창원시,창신대,인문,사회복지학과,사회복지학과,유지,유지,일반계고교,4.26,4.06,창신인재면접,5.2,4.95,,,,,,,,,,,국수영탐(1),-/-,,,,,,,,,,,,,,,,,,,,,
경상권,경남,창원시,창신대,인문,스마트자산경영학과,부동산경영학과,유지,변경,일반계고교,4.88,4.88,창신인재면접,,,,,,,,,,,,,국수영탐(1),-/-,,,,,,,,,,,,,,,,,,,,,
경상권,경남,창원시,창신대,자연,스마트팩토리학과,"스마트팩토리학부(산업안전전공, 스마트팩토리운영전공)",유지,유지,일반계고교,4.06,4.06,창신인재면접,4.74,4.74,,,,,,,,,,,국수영탐(1),-/-,,,,,,,,,,,,,,,,,,,,,
경상권,경남,창원시,창신대,자연,식품영양학과,식품영양학과,유지,유지,일반계고교,3.63,3.37,창신인재면접,4.95,4.42,,,,,,,,,,,국수영탐(1),-/-,,,,,,,,,,,,,,,,,,,,,
경상권,경남,창원시,창신대,인문,유아교육과,유아교육과,유지,유지,일반계고교,4.46,4.46,창신인재면접,4.44,4.36,,,,,,,,,,,국수영탐(1),-/-,,,,,,,,,,,,,,,,,,,,,
경상권,경남,창원시,창신대,자연,응급구조학과,응급구조학과,유지,유지,일반계고교,5.18,4.7,창신인재면접,5.64,5.17,,,,,,,,,,,국수영탐(1),-/-,,,,,,,,,,,,,,,,,,,,,
경상권,경남,창원시,창신대,공통,지역산업자율전공학부,,유지,신설,,,,,,,,,,,,,,,,,,-/-,,,,,,,,,,,,,,,,,,,,,
경상권,경남,창원시,창신대,자연,항공정비기계학과,항공정비기계학과,유지,유지,일반계고교,4.24,4.02,창신인재면접,4.81,4.13,,,,,,,,,,,국수영탐(1),-/-,,,,,,,,,,,,,,,,,,,,,
충청권,충남,홍성군,청운대,인문,미디어커뮤니케이션학과,미디어커뮤니케이션학과,유지,유지,일반,4.67,4.27,,,,,,,,,,,,,,"국수영 중 2개, 탐구(1)",-/-,,,,,,,,,,,,,,,,,,,,,
경인권,인천,미추홀구,청운대,인문,미래융합자율전공학부,미래융합자율전공학부,유지,유지,일반,4.27,4.07,,,,,,,,,,,,,,,-/-,,,,,,,,,,,,,,,,,,,,,
충청권,충남,홍성군,청운대,자연,스포츠과학과,스포츠과학과,유지,유지,청운인재-면접,5.87,5.47,,,,,,,,,,,,,,,-/-,,,,,,,,,,,,,,,,,,,,,
충청권,충남,홍성군,청운대,인문,항공서비스경영학과,항공서비스경영학과,유지,유지,청운인재-면접,5.4,4.93,,,,,,,,,,,,,,,-/-,,,,,,,,,,,,,,,,,,,,,
충청권,충북,청주시,청주대,예체능,공예디자인학과,공예디자인학과,유지,유지,창의면접,5.13,4,,,,,,,,,,,,,,,-/-,,,,,,,,,,,,,,,,,,,,,
충청권,충북,청주시,청주대,인문,군사학과(여),군사학과(여),유지,변경,군사학과,5.88,4.88,,,,,,,,,,,,,,,-/-,,,,,,,,,,,,,,,,,,,,,
충청권,충북,청주시,청주대,예체능,디지털미디어디자인학과,디지털미디어디자인학과,유지,유지,창의면접,4,4.38,,,,,,,,,,,,,,,-/-,,,,,,,,,,,,,,,,,,,,,
충청권,충북,청주시,청주대,예체능,산업디자인학과,산업디자인학과,유지,유지,창의면접,4.13,4.13,,,,,,,,,,,,,,,-/-,,,,,,,,,,,,,,,,,,,,,
충청권,충북,청주시,청주대,예체능,스포츠재활학과,,유지,신설,,,,,,,,,,,,,,,,,,-/-,,,,,,,,,,,,,,,,,,,,,
충청권,충북,청주시,청주대,예체능,시각디자인학과,시각디자인학과,유지,유지,창의면접,4.25,3.75,,,,,,,,,,,,,,,-/-,,,,,,,,,,,,,,,,,,,,,
충청권,충북,청주시,청주대,예체능,아트앤패션디자인학과,아트앤패션디자인학과,유지,유지,일반,2.25,2.25,,,,,,,,,,,,,,,-/-,,,,,,,,,,,,,,,,,,,,,
전라권,전남,무안군,초당대,인문,UCC자율전공학부,UCC자율전공학부,유지,유지,일반학생,,,,,,,,,,,,,,,,"국수영 중 2개, 탐구(1)",-/-,,,,,,,,,,,,,,,,,,,,,
전라권,전남,무안군,초당대,인문,국방소방안전학부,군사학과,유지,유지,일반학생,6.5,6.5,,,,,,,,,,,,,,"국수영 중 2개, 탐구(1)",-/-,,,,,,,,,,,,,,,,,,,,,
전라권,전남,무안군,초당대,인문,국방소방안전학부,소방행정학과,유지,유지,일반학생,6,5.54,,,,,,,,,,,,,,"국수영 중 2개, 탐구(1)",-/-,,,,,,,,,,,,,,,,,,,,,
전라권,전남,무안군,초당대,예체능,스포츠과학부,스포츠경기지도학과,유지,폐지,일반학생,7.13,6.27,,,,,,,,,,,,,,"국수영 중 2개, 탐구(1)",-/-,,,,,,,,,,,,,,,,,,,,,
전라권,전남,무안군,초당대,예체능,웰니스라이프학부,뷰티디자인학과,유지,유지,일반학생,7,4.94,,,,,,,,,,,,,,"국수영 중 2개, 탐구(1)",-/-,,,,,,,,,,,,,,,,,,,,,
전라권,전남,무안군,초당대,인문,웰니스라이프학부,사회복지상담학과,유지,유지,일반학생,6.13,5.67,,,,,,,,,,,,,,"국수영 중 2개, 탐구(1)",-/-,,,,,,,,,,,,,,,,,,,,,
전라권,전남,무안군,초당대,인문,웰니스라이프학부,의약관리학과,유지,유지,일반학생,6,5.88,,,,,,,,,,,,,,"국수영 중 2개, 탐구(1)",-/-,,,,,,,,,,,,,,,,,,,,,
전라권,전남,무안군,초당대,자연,치위생학과,치위생학과,유지,유지,일반학생,6.38,5.72,,,,,,,,,,,,,,"국수영 중 2개, 탐구(1)",-/-,,,,,,,,,,,,,,,,,,,,,
전라권,전남,무안군,초당대,인문,항공관광서비스학과,항공관광서비스학과,유지,유지,일반학생,6,5.92,,,,,,,,,,,,,,"국수영 중 2개, 탐구(1)",-/-,,,,,,,,,,,,,,,,,,,,,
전라권,전남,무안군,초당대,자연,항공학부,항공모빌리티학과,유지,유지,일반학생,,,,,,,,,,,,,,,,"국수영 중 2개, 탐구(1)",-/-,,,,,,,,,,,,,,,,,,,,,
전라권,전남,무안군,초당대,자연,항공학부,항공정비학과,유지,유지,일반학생,5.63,5.12,,,,,,,,,,,,,,"국수영 중 2개, 탐구(1)",-/-,,,,,,,,,,,,,,,,,,,,,
전라권,전남,무안군,초당대,자연,호텔조리관광학부,호텔조리베이커리학과,유지,변경,일반학생,6,5.48,,,,,,,,,,,,,,"국수영 중 2개, 탐구(1)",-/-,,,,,,,,,,,,,,,,,,,,,
서울,서울,동작구,총신대,인문,기독교교육과,기독교교육과,유지,유지,교과우수자,3.8,3,,,,,,,목회자추천자,5.4,5,코람데오인재,5.1,4.5,,"국수 중 1개, 영탐(2)",-/-,,,,,,,,,,,,,,,,,,,,,
서울,서울,동작구,총신대,인문,사회복지학과,사회복지학과,유지,유지,교과우수자,4,3.9,,,,,,,목회자추천자,5.2,5.2,코람데오인재,4.8,4.5,,"국수 중 1개, 영탐(2)",-/-,,,,,,,,,,,,,,,,,,,,,
서울,서울,동작구,총신대,인문,영어교육과,영어교육과,유지,유지,교과우수자,3.5,2.4,,,,,,,목회자추천자,4,4,코람데오인재,4.7,3.9,,"국수 중 1개, 영탐(2)",-/-,,,,,,,,,,,,,,,,,,,,,
서울,서울,동작구,총신대,공통,자율전공학부,,유지,신설,,,,,,,,,,,,,,,,,,-/-,,,,,,,,,,,,,,,,,,,,,
서울,서울,동작구,총신대,인문,중독재활상담학과,중독재활상담학과,유지,유지,교과우수자,,,,,,,,,코람데오인재,,,,,,,"국수 중 1개, 영탐(2)",-/-,,,,,,,,,,,,,,,,,,,,,
충청권,대전,유성구,충남대,자연,공학융합학부,,유지,신설,,,,,,,,,,,,,,,,,,-/-,,,,,,,,,,,,,,,,,,,,,
충청권,대전,유성구,충남대,인문,국토안보학전공,국토안보학전공,유지,유지,국가안보교과,,,,,,,,,학생부종합Ⅰ[서류],3.89,3.75,학생부종합Ⅱ(국가안보융합인재),,,,국수탐(2),-/-,,,,,,,,,,,,,,,,,,,,,
충청권,대전,유성구,충남대,인문,인문사회융합학부,,유지,신설,,,,,,,,,,,,,,,,,,-/-,,,,,,,,,,,,,,,,,,,,,
충청권,대전,유성구,충남대,자연,자연과학융합학부,,유지,신설,,,,,,,,,,,,,,,,,,-/-,,,,,,,,,,,,,,,,,,,,,
충청권,대전,유성구,충남대,인문,해양안보학전공,해양안보학전공,유지,유지,국가안보교과,,,,,,,,,학생부종합Ⅱ(국가안보융합인재),,,,,,,국수탐(2),-/-,,,,,,,,,,,,,,,,,,,,,
충청권,충북,청주시,충북대,인문,경영학자율전공학부,경영학자율전공학부,유지,유지,학생부교과,3.59,3.47,,,,,,,,,,,,,,,-/-,,,,,,,,,,,,,,,,,,,,,
충청권,충북,청주시,충북대,자연,농업생명환경자율전공학부,농업생명환경자율전공학부,유지,유지,학생부교과,3.79,3.74,,,,,,,,,,,,,,,-/-,,,,,,,,,,,,,,,,,,,,,
충청권,충북,청주시,충북대,인문,사회과학자율전공학부,사회과학자율전공학부,유지,유지,학생부교과,,,,,,,,,,,,,,,,,-/-,,,,,,,,,,,,,,,,,,,,,
충청권,충북,청주시,충북대,인문,생활과학자율전공학부,생활과학자율전공학부,유지,유지,학생부교과,,,,,,,,,,,,,,,,,-/-,,,,,,,,,,,,,,,,,,,,,
충청권,충북,청주시,충북대,인문,인문학자율전공학부,인문학자율전공학부,유지,유지,학생부교과,3.58,3.56,,,,,,,,,,,,,,국수영탐(2),-/-,,,,,,,,,,,,,,,,,,,,,
충청권,충북,청주시,충북대,자연,주거환경학과,주거환경학과,유지,유지,학생부교과,3.12,3.11,,,,,,,학생부종합Ⅰ,3.57,3.4,학생부종합Ⅱ,3.6,3.53,,국수영탐(2),-/-,,,,,,,,,,,,,,,,,,,,,
경인권,경기,용인시,칼빈대,인문,사회복지학과,사회복지학과,유지,유지,일반학생,3,7,,,,,,,,,,,,,,국어,8/4,,,,,,,,,,,,,,,,,,,,,
경인권,경기,용인시,칼빈대,예체능,스포츠지도학과,스포츠지도학과,유지,유지,일반학생,8,6,,,,,,,,,,,,,,,-/-,,,,,,,,,,,,,,,,,,,,,
경인권,경기,용인시,칼빈대,인문,신학과,신학과,유지,유지,일반학생,8,6,,,,,,,,,,,,,,국어,8/4,,,,,,,,,,,,,,,,,,,,,
경인권,경기,용인시,칼빈대,자연,애완동물학과,애완동물학과,유지,유지,일반학생,7,6,,,,,,,,,,,,,,탐(1),8/4,,,,,,,,,,,,,,,,,,,,,
경인권,경기,평택시,평택대,자연,ICT융합학부(미디어디자인학과),ICT융합학부(미디어디자인학과),유지,유지,PTU교과,2.88,2.66,PTU추천,,,,,,,,,,,,,국수영탐(1) 중 3개,9/1,,,,,,,,,,,,,,,,,,,,,
경인권,경기,평택시,평택대,자연,ICT융합학부(스마트콘텐츠학과),ICT융합학부(스마트콘텐츠학과),유지,유지,PTU교과,4,3.66,PTU추천,,,,,,,,,,,,,국수영탐(1) 중 3개,9/1,,,,,,,,,,,,,,,,,,,,,
경인권,경기,평택시,평택대,자연,ICT환경융합학과,ICT환경융합학과,유지,유지,PTU교과,4,3.77,PTU추천,,,,,,,,,,,,,국수영탐(1) 중 3개,-/-,,,,,,,,,,,,,,,,,,,,,
경인권,경기,평택시,평택대,자연,IT공학자율전공,IT공학계열,신설,변경,PTU추천,5,4.33,,,,,,,,,,,,,,국수영탐(1) 중 3개,-/-,,,,,,,,,,,,,,,,,,,,,
경인권,경기,평택시,평택대,인문,경영학과,경영학과,유지,유지,PTU교과,2.77,2.77,PTU추천,3.66,3.66,,,,PTU종합,5.22,5.12,,,,,국수영탐(1) 중 3개,9/1,,,,,,,,,,,,,,,,,,,,,
경인권,경기,평택시,평택대,인문,광고홍보학과,광고홍보학과,유지,유지,PTU교과,2.44,2.22,PTU추천,4,4,,,,PTU종합,4.73,4.69,,,,,국수영탐(1) 중 3개,9/1,,,,,,,,,,,,,,,,,,,,,
경인권,경기,평택시,평택대,인문,국제무역행정학과,국제무역행정학과,유지,유지,PTU교과,2.88,2.77,PTU추천,3.66,3.66,,,,PTU종합,6.22,6.02,,,,,국수영탐(1) 중 3개,9/1,,,,,,,,,,,,,,,,,,,,,
경인권,경기,평택시,평택대,인문,국제물류학과,국제물류학과,유지,유지,PTU교과,3.33,3.11,PTU추천,3.33,3.33,,,,,,,,,,,국수영탐(1) 중 3개,9/1,,,,,,,,,,,,,,,,,,,,,
경인권,경기,평택시,평택대,인문,국제지역및신학자율전공학부,신학과,신설,변경,PTU교과,4.88,4.84,,,,,,,,,,,,,,국수영탐(1) 중 3개,9/1,,,,,,,,,,,,,,,,,,,,,
경인권,경기,평택시,평택대,인문,국제지역및신학자율전공학부,국제지역학부,신설,변경,PTU교과,3.66,3.55,PTU추천,4.33,4.33,,,,PTU종합,,,,,,,국수영탐(1) 중 3개,9/1,,,,,,,,,,,,,,,,,,,,,
경인권,경기,평택시,평택대,공통,글로벌자율전공학부,글로벌자율전공학부,유지,유지,PTU교과,3.33,3.11,,,,,,,,,,,,,,국수영탐(1) 중 3개,9/1,,,,,,,,,,,,,,,,,,,,,
경인권,경기,평택시,평택대,자연,데이터정보학과,데이터정보학과,유지,유지,PTU교과,3.77,3.66,PTU추천,4.66,4.66,,,,PTU종합,6.47,6.42,,,,,국수영탐(1) 중 3개,9/1,,,,,,,,,,,,,,,,,,,,,
경인권,경기,평택시,평택대,인문,도시계획부동산학과,도시계획부동산학과,유지,유지,PTU교과,3.66,3.33,PTU추천,5.66,5.66,,,,,,,,,,,국수영탐(1) 중 3개,9/1,,,,,,,,,,,,,,,,,,,,,
경인권,경기,평택시,평택대,공통,동아시아융합자율전공학부,,신설,신설,,,,,,,,,,,,,,,,,,-/-,,,,,,,,,,,,,,,,,,,,,
경인권,경기,평택시,평택대,인문,사회복지학과,사회복지학과,유지,유지,PTU교과,2.88,2.66,PTU추천,2.33,2.33,,,,PTU종합,5.13,4.63,,,,,국수영탐(1) 중 3개,9/1,,,,,,,,,,,,,,,,,,,,,
경인권,경기,평택시,평택대,자연,스마트모빌리티학과,스마트모빌리티학과,유지,유지,PTU교과,3.66,3.44,PTU추천,4.66,4.66,,,,PTU종합,6,5.57,,,,,국수영탐(1) 중 3개,9/1,,,,,,,,,,,,,,,,,,,,,
경인권,경기,평택시,평택대,인문,아동•청소년교육상담학과,아동•청소년교육상담학과,유지,유지,PTU교과,3,2.88,PTU추천,4,4,,,,PTU종합,5.68,5.66,,,,,국수영탐(1) 중 3개,9/1,,,,,,,,,,,,,,,,,,,,,
경인권,경기,평택시,평택대,자연,융합소프트웨어학과,융합소프트웨어학과,유지,유지,PTU교과,3.11,3,PTU추천,6,6,,,,PTU종합,5.7,5.37,,,,,국수영탐(1) 중 3개,9/1,,,,,,,,,,,,,,,,,,,,,
경인권,경기,평택시,평택대,인문,인문사회자율전공,인문사회계열,신설,변경,PTU추천,4.66,4,,,,,,,,,,,,,,국수영탐(1) 중 3개,-/-,,,,,,,,,,,,,,,,,,,,,
경인권,경기,평택시,평택대,인문,재활상담학과,재활상담학과,유지,유지,PTU교과,3.66,3.44,PTU추천,5.33,5.33,,,,,,,,,,,국수영탐(1) 중 3개,9/1,,,,,,,,,,,,,,,,,,,,,
경인권,경기,평택시,평택대,자연,정보통신학과,정보통신학과,유지,유지,PTU교과,3.66,3.44,PTU추천,4,4,,,,PTU종합,5.77,4.96,,,,,국수영탐(1) 중 3개,9/1,,,,,,,,,,,,,,,,,,,,,
경인권,경기,평택시,평택대,자연,지능형반도체학과,지능형반도체학과,유지,유지,PTU교과,3.55,3.33,,,,,,,,,,,,,,국수영탐(1) 중 3개,9/1,,,,,,,,,,,,,,,,,,,,,
경상권,경북,포항시,포항공대,자연,단일계열,단일계열,유지,유지,,,,,,,,,,일반I,,,일반II,,,,,-/-,,,,,,,,,,,,,,,,,,,,,
경상권,경북,포항시,포항공대,자연,반도체공학과,반도체공학과,신설,유지,,,,,,,,,,반도체공학인재I,,,반도체공학인재II,,,,,-/-,,,,,,,,,,,,,,,,,,,,,
경인권,경기,안성시,한경국립대,인문,법학전공,법학전공,유지,유지,일반,4.74,4.6,,,,,,,잠재력우수자,4.78,4.3,,,,,"국수영 중 2개, 탐구(1)",-/-,,,,,,,,,,,,,,,,,,,,,
경인권,경기,안성시,한경국립대,자연,ICT로봇공학전공,ICT로봇공학전공,유지,유지,일반,4.84,4.7,,,,,,,잠재력우수자,4.92,4.82,,,,,"국수영 중 2개, 탐구(1)",-/-,,,,,,,,,,,,,,,,,,,,,
경인권,경기,안성시,한경국립대,자연,ICT로봇공학전공,ICT로봇공학전공,유지,유지,일반,4.84,4.7,,,,,,,잠재력우수자,4.92,4.82,,,,,"국수영 중 2개, 탐구(1)",-/-,,,,,,,,,,,,,,,,,,,,,
경인권,경기,안성시,한경국립대,자연,ICT로봇기계공학부,ICT로봇기계공학부,유지,유지,일반,4.31,4.31,지역균형선발,,,,,,잠재력우수자,,,,,,,"국수영 중 2개, 탐구(1)",-/-,,,,,,,,,,,,,,,,,,,,,
경인권,경기,안성시,한경국립대,자연,건축공학전공(4년제),건축공학전공(4년제),유지,유지,일반,4.66,4.36,지역균형선발,,,,,,잠재력우수자,,,,,,,"국수영 중 2개, 탐구(1)",-/-,,,,,,,,,,,,,,,,,,,,,
경인권,경기,안성시,한경국립대,자연,건축융합학부,건축융합학부,유지,유지,일반,4.68,4.6,,,,,,,,,,,,,,"국수영 중 2개, 탐구(1)",-/-,,,,,,,,,,,,,,,,,,,,,
경인권,경기,안성시,한경국립대,자연,건축융합학부,건축융합학부,유지,유지,일반,4.68,4.6,,,,,,,,,,,,,,"국수영 중 2개, 탐구(1)",-/-,,,,,,,,,,,,,,,,,,,,,
경인권,경기,안성시,한경국립대,자연,건축학전공(5년제),건축학전공(5년제),유지,유지,일반,3.68,3.58,지역균형선발,,,,,,잠재력우수자,2.67,2.67,,,,,"국수영 중 2개, 탐구(1)",-/-,,,,,,,,,,,,,,,,,,,,,
경인권,경기,안성시,한경국립대,인문,경영학전공,경영학전공,유지,유지,일반,4.59,4.34,,,,,,,잠재력우수자,4.01,3.79,,,,,"국수영 중 2개, 탐구(1)",-/-,,,,,,,,,,,,,,,,,,,,,
경인권,경기,안성시,한경국립대,자연,기계공학전공,기계공학전공,유지,유지,일반,4.68,4.64,,,,,,,잠재력우수자,4.91,4.09,,,,,"국수영 중 2개, 탐구(1)",-/-,,,,,,,,,,,,,,,,,,,,,
경인권,경기,안성시,한경국립대,자연,동물생명과학전공,동물생명과학전공,유지,유지,일반,4.92,4.57,,,,,,,잠재력우수자,4.09,3.93,,,,,"국수영 중 2개, 탐구(1)",-/-,,,,,,,,,,,,,,,,,,,,,
경인권,경기,안성시,한경국립대,자연,동물생명융합학부,동물생명융합학부,유지,유지,일반,,,지역균형선발,,,,,,잠재력우수자,,,,,,,"국수영 중 2개, 탐구(1)",-/-,,,,,,,,,,,,,,,,,,,,,
경인권,경기,안성시,한경국립대,자연,동물응용과학전공,동물응용과학전공,유지,유지,일반,5.38,5.28,,,,,,,잠재력우수자,4.63,4.51,,,,,"국수영 중 2개, 탐구(1)",-/-,,,,,,,,,,,,,,,,,,,,,
경인권,경기,안성시,한경국립대,인문,문예창작미디어콘텐츠홍보전공,문예창작미디어콘텐츠홍보전공,유지,유지,일반,4.3,4.15,,,,,,,잠재력우수자,4.17,3.98,,,,,"국수영 중 2개, 탐구(1)",-/-,,,,,,,,,,,,,,,,,,,,,
경인권,경기,안성시,한경국립대,인문,법경영학부,법경영학부,유지,유지,일반,,,지역균형선발,,,,,,잠재력우수자,,,,,,,"국수영 중 2개, 탐구(1)",-/-,,,,,,,,,,,,,,,,,,,,,
경인권,경기,안성시,한경국립대,인문,법학전공,법학전공,유지,유지,일반,4.74,4.6,,,,,,,잠재력우수자,4.78,4.3,,,,,"국수영 중 2개, 탐구(1)",-/-,,,,,,,,,,,,,,,,,,,,,
경인권,경기,안성시,한경국립대,자연,복지상담학전공,복지상담학전공,유지,유지,일반,5.29,5.06,,,,,,,잠재력우수자,4.85,4.75,,,,,"국수영 중 2개, 탐구(1)",-/-,,,,,,,,,,,,,,,,,,,,,
경인권,경기,평택시,한경국립대,인문,사회복지학전공,사회복지학전공,유지,유지,일반P,2.74,2.64,,,,,,,,,,,,,,"국수영 중 2개, 탐구(1)",-/-,,,,,,,,,,,,,,,,,,,,,
경인권,경기,안성시,한경국립대,자연,스포츠과학전공,스포츠과학전공,유지,유지,,,,,,,,,,잠재력우수자,,,,,,,"국수영 중 2개, 탐구(1)",-/-,,,,,,,,,,,,,,,,,,,,,
경인권,경기,안성시,한경국립대,예체능,시각미디어디자인전공-무실기,시각미디어디자인전공-무실기,유지,유지,지역균형선발,,,,,,,,,잠재력우수자,4.11,3.94,,,,,,-/-,,,,,,,,,,,,,,,,,,,,,
경인권,경기,안성시,한경국립대,자연,식품생명공학전공,식품생명공학전공,유지,유지,일반,5.24,4.72,,,,,,,잠재력우수자,4.65,4.56,,,,,"국수영 중 2개, 탐구(1)",-/-,,,,,,,,,,,,,,,,,,,,,
경인권,경기,안성시,한경국립대,자연,식품생명화학공학부,식품생명화학공학부,유지,유지,일반,4.4,4.29,지역균형선발,,,,,,잠재력우수자,,,,,,,"국수영 중 2개, 탐구(1)",-/-,,,,,,,,,,,,,,,,,,,,,
경인권,경기,안성시,한경국립대,자연,식품영양학전공,식품영양학전공,유지,유지,일반,4.45,4.06,,,,,,,잠재력우수자,4.17,3.29,,,,,"국수영 중 2개, 탐구(1)",-/-,,,,,,,,,,,,,,,,,,,,,
경인권,경기,안성시,한경국립대,인문,영미언어문학전공,영미언어문학전공,유지,유지,일반,4.83,4.6,,,,,,,잠재력우수자,5.22,5.08,,,,,"국수영 중 2개, 탐구(1)",-/-,,,,,,,,,,,,,,,,,,,,,
경인권,경기,안성시,한경국립대,자연,웰니스산업융합학부,웰니스산업융합학부,유지,유지,일반,,,지역균형선발,,,,,,잠재력우수자,,,,,,,"국수영 중 2개, 탐구(1)",-/-,,,,,,,,,,,,,,,,,,,,,
경인권,경기,평택시,한경국립대,인문,유아특수보육학전공,유아특수보육학전공,유지,유지,일반P,5.03,4.7,,,,,,,,,,,,,,"국수영 중 2개, 탐구(1)",-/-,,,,,,,,,,,,,,,,,,,,,
경인권,경기,평택시,한경국립대,자연,의료재활공학전공,의료재활공학전공,유지,유지,일반P,4.26,4.13,,,,,,,,,,,,,,"국수영 중 2개, 탐구(1)",-/-,,,,,,,,,,,,,,,,,,,,,
경인권,경기,안성시,한경국립대,자연,의류산업학전공,의류산업학전공,유지,유지,일반,4.68,4.07,,,,,,,잠재력우수자,4.08,4.02,,,,,"국수영 중 2개, 탐구(1)",-/-,,,,,,,,,,,,,,,,,,,,,
경인권,경기,안성시,한경국립대,인문,인문융합공공인재학부,인문융합공공인재학부,유지,유지,일반,,,지역균형선발,,,,,,잠재력우수자,,,,,,,"국수영 중 2개, 탐구(1)",-/-,,,,,,,,,,,,,,,,,,,,,
경인권,경기,안성시,한경국립대,자연,전기공학전공,전기공학전공,유지,유지,일반,4.9,4.7,,,,,,,잠재력우수자,4.94,4.44,,,,,"국수영 중 2개, 탐구(1)",-/-,,,,,,,,,,,,,,,,,,,,,
경인권,경기,안성시,한경국립대,자연,전자공학전공,전자공학전공,유지,유지,일반,4.81,4.55,,,,,,,잠재력우수자,5.16,4.94,,,,,"국수영 중 2개, 탐구(1)",-/-,,,,,,,,,,,,,,,,,,,,,
경인권,경기,안성시,한경국립대,자연,전자전기공학부,전자전기공학부,유지,유지,일반,4.46,4.46,지역균형선발,,,,,,잠재력우수자,,,,,,,"국수영 중 2개, 탐구(1)",-/-,,,,,,,,,,,,,,,,,,,,,
경인권,경기,안성시,한경국립대,자연,정보보안전공,정보보안전공,유지,유지,일반,4.46,3.22,,,,,,,,,,,,,,"국수영 중 2개, 탐구(1)",-/-,,,,,,,,,,,,,,,,,,,,,
경인권,경기,평택시,한경국립대,예체능,제품공간디자인전공,제품공간디자인전공,유지,유지,일반P,4.06,3.64,,,,,,,,,,,,,,"국수영 중 2개, 탐구(1)",-/-,,,,,,,,,,,,,,,,,,,,,
경인권,경기,평택시,한경국립대,인문,한국수어교원전공,한국수어교원전공,유지,유지,일반P,4.56,4.17,,,,,,,,,,,,,,"국수영 중 2개, 탐구(1)",-/-,,,,,,,,,,,,,,,,,,,,,
경인권,경기,안성시,한경국립대,인문,행정학전공,행정학전공,유지,유지,일반,4.74,4.6,,,,,,,잠재력우수자,4.81,4.7,,,,,"국수영 중 2개, 탐구(1)",-/-,,,,,,,,,,,,,,,,,,,,,
경인권,경기,시흥시,한국공학대,자연,AI소프트웨어학과,AI소프트웨어학과,유지,유지,,,,,,,,,,조기취업형계약학과,5.03,4.75,,,,,,-/-,,,,,,,,,,,,,,,,,,,,,
경인권,경기,시흥시,한국공학대,자연,IT융합디자인공학과,IT융합디자인공학과,유지,유지,,,,,,,,,,조기취업형계약학과,6,5.08,,,,,,-/-,,,,,,,,,,,,,,,,,,,,,
경인권,경기,시흥시,한국공학대,자연,스마트그린소재공학과,스마트그린소재공학과,유지,유지,,,,,,,,,,조기취업형계약학과,5.6,4.92,,,,,,-/-,,,,,,,,,,,,,,,,,,,,,
경인권,경기,시흥시,한국공학대,자연,스마트전자공학과,스마트전자공학과,유지,유지,,,,,,,,,,조기취업형계약학과,4.83,3.5,,,,,,-/-,,,,,,,,,,,,,,,,,,,,,
경인권,경기,시흥시,한국공학대,공통,자유전공학부,자유전공학부,유지,유지,,,,,,,,,,융합인재,4.21,4,,,,,,-/-,,,,,,,,,,,,,,,,,,,,,
충청권,충북,청주시,한국교원대,인문,불어교육과,불어교육과,유지,유지,,,,,,,,,,학생부종합우수자 일반,3.81,3.33,,,,,국수영탐(2),-/-,,,,,,,,,,,,,,,,,,,,,
충청권,충북,청주시,한국교원대,예체능,음악교육과,,신설,신설,,,,,,,,,,,,,,,,,,-/-,,,,,,,,,,,,,,,,,,,,,
충청권,충북,청주시,한국교원대,인문,중국어교육과,중국어교육과,유지,유지,,,,,,,,,,학생부종합우수자 일반,5.03,4.85,,,,,국수영탐(2),-/-,,,,,,,,,,,,,,,,,,,,,
충청권,충북,청주시,한국교원대,예체능,체육교육과,체육교육과,유지,유지,,,,,,,,,,학생부종합우수자 일반,2.31,2.29,,,,,,-/-,,,,,,,,,,,,,,,,,,,,,
충청권,충북,청주시,한국교원대,인문,특수교육과,특수교육과,유지,유지,,,,,,,,,,학생부종합우수자 일반,3.5,2.75,,,,,국수영탐(2),-/-,,,,,,,,,,,,,,,,,,,,,
충청권,충남,천안시,한국기술교대,자연,반도체ㆍ디스플레이공학과,,신설,신설,,,,,,,,,,,,,,,,,,-/-,,,,,,,,,,,,,,,,,,,,,
충청권,충남,천안시,한국기술교대,인문,자율전공(인문),,신설,신설,,,,,,,,,,,,,,,,,,-/-,,,,,,,,,,,,,,,,,,,,,
충청권,충남,천안시,한국기술교대,자연,자율전공(자연),,신설,신설,,,,,,,,,,,,,,,,,,-/-,,,,,,,,,,,,,,,,,,,,,
충청권,대전,유성구,한국침례신학대,인문,신학부,신학부,유지,유지,기독교인,2.33,1.33,,,,,,,,,,,,,,,-/-,,,,,,,,,,,,,,,,,,,,,
충청권,대전,유성구,한국침례신학대,인문,유아교육과,유아교육과,유지,유지,기독교인,2,1.33,,,,,,,,,,,,,,,-/-,,,,,,,,,,,,,,,,,,,,,
충청권,대전,유성구,한국침례신학대,예체능,음악치료,음악치료,유지,유지,기독교인,,1,,,,,,,,,,,,,,"수영탐(1) 중 2개, 국",-/-,,,,,,,,,,,,,,,,,,,,,
충청권,대전,유성구,한국침례신학대,인문,인문사회과학부(사회복지학과),인문사회과학부(사회복지학과),유지,유지,기독교인,4,3,,,,,,,,,,,,,,,-/-,,,,,,,,,,,,,,,,,,,,,
충청권,대전,유성구,한국침례신학대,인문,인문사회과학부(상담심리학과),인문사회과학부(상담심리학과),유지,유지,기독교인,4,3,,,,,,,,,,,,,,,-/-,,,,,,,,,,,,,,,,,,,,,
충청권,대전,대덕구,한남대,인문,경상대학 자유전공학부,,신설,신설,,,,,,,,,,,,,,,,,,-/-,,,,,,,,,,,,,,,,,,,,,
충청권,대전,대덕구,한남대,인문,공과대학 자유전공학부,,신설,신설,,,,,,,,,,,,,,,,,,-/-,,,,,,,,,,,,,,,,,,,,,
충청권,대전,대덕구,한남대,인문,문과대학 자유전공학부,,신설,신설,,,,,,,,,,,,,,,,,,-/-,,,,,,,,,,,,,,,,,,,,,
충청권,대전,대덕구,한남대,인문,사회과학대학 자유전공학부,,신설,신설,,,,,,,,,,,,,,,,,,-/-,,,,,,,,,,,,,,,,,,,,,
충청권,대전,대덕구,한남대,인문,생명ㆍ나노과학대학 자유전공학부,,신설,신설,,,,,,,,,,,,,,,,,,-/-,,,,,,,,,,,,,,,,,,,,,
충청권,대전,대덕구,한남대,인문,스마트융합대학자유전공학부,,신설,신설,,,,,,,,,,,,,,,,,,-/-,,,,,,,,,,,,,,,,,,,,,
충청권,대전,대덕구,한남대,예체능,회화과,회화과,유지,유지,일반,4.61,3.88,,,,,,,,,,,,,,,-/-,,,,,,,,,,,,,,,,,,,,,
강원권,강원,원주시,한라대,공통,자유전공학부,자유전공학부,유지,유지,일반학생(교과중심),5.36,4.67,,,,,,,운곡인재,4.06,,,,,,,-/-,,,,,,,,,,,,,,,,,,,,,
강원권,강원,춘천시,한림대,인문,경제학과,경제학과,유지,유지,교과우수자,4.34,4.3,,,,,,,학교생활우수자,5.55,5.41,,,,,"국수영 중 1개, 남은+탐구(2) 중 1개",-/-,,,,,,,,,,,,,,,,,,,,,
강원권,강원,춘천시,한림대,인문,광고홍보학과,광고홍보학과,유지,유지,교과우수자,4.18,3.95,,,,,,,학교생활우수자,4.82,4.73,,,,,"국수영 중 1개, 남은+탐구(2) 중 1개",-/-,,,,,,,,,,,,,,,,,,,,,
강원권,강원,춘천시,한림대,인문,글로벌학부,,신설,신설,,,,,,,,,,,,,,,,,,-/-,,,,,,,,,,,,,,,,,,,,,
강원권,강원,춘천시,한림대,공통,자유전공학부,,신설,신설,,,,,,,,,,,,,,,,,,-/-,,,,,,,,,,,,,,,,,,,,,
충청권,충남,서산시,한서대,자연,AI로보틱스학과,AI로보틱스학과,유지,유지,학생부교과1,,,,,,,,,,,,,,,,"국수영 중 2개, 탐구(1)",-/-,,,,,,,,,,,,,,,,,,,,,
충청권,충남,서산시,한서대,자연,AI모빌리티학과,AI모빌리티학과,유지,유지,학생부교과1,5.9,5.1,학생부교과2,,,한서인재,,,,,,,,,,"국수영 중 2개, 탐구(1)",-/-,,,,,,,,,,,,,,,,,,,,,
충청권,충남,서산시,한서대,자연,모빌리티융합디자인학과,,신설,신설,,,,,,,,,,,,,,,,,,-/-,,,,,,,,,,,,,,,,,,,,,
충청권,충남,태안군,한서대,자연,무인항공기학과,무인항공기학과,유지,유지,학생부교과1,3.62,2.75,학생부교과2,5.1,4.3,한서인재,3.25,2.87,융합인재,,4,,,,,"국수영 중 2개, 탐구(1)",-/-,,,,,,,,,,,,,,,,,,,,,
충청권,충남,서산시,한서대,자연,물리치료학과,물리치료학과,유지,유지,학생부교과1,5,3.75,학생부교과2,4.8,4.3,한서인재,3.5,3.25,융합인재,,3.9,,,,,"국수영 중 2개, 탐구(1)",-/-,,,,,,,,,,,,,,,,,,,,,
충청권,충남,서산시,한서대,인문,미디어문예창작학과,미디어문예창작학과,유지,유지,학생부교과1,5,3.25,한서인재,,,,,,,,,,,,,"국수영 중 2개, 탐구(1)",-/-,,,,,,,,,,,,,,,,,,,,,
충청권,충남,서산시,한서대,자연,방사선학과,방사선학과,유지,유지,학생부교과1,3.25,3.25,학생부교과2,5.3,4.5,한서인재,3.75,3.5,융합인재,,4.9,,,,,"국수영 중 2개, 탐구(1)",-/-,,,,,,,,,,,,,,,,,,,,,
충청권,충남,서산시,한서대,자연,자연과학전공자율학과,전공자율선택(자연과학계열),유지,변경,학생부교과1,3.37,2.62,학생부교과2,4.4,3.4,,,,,,,,,,,"국수영 중 2개, 탐구(1)",-/-,,,,,,,,,,,,,,,,,,,,,
충청권,충남,서산시,한서대,자연,첨단항공학과,,신설,신설,,,,,,,,,,,,,,,,,,-/-,,,,,,,,,,,,,,,,,,,,,
충청권,충남,서산시,한서대,자연,치위생학과,치위생학과,유지,유지,학생부교과1,4.25,4,학생부교과2,5.6,5.1,한서인재,4.75,4.62,융합인재,,5.1,,,,,"국수영 중 2개, 탐구(1)",-/-,,,,,,,,,,,,,,,,,,,,,
충청권,충남,서산시,한서대,인문,항공관광학과,항공관광학과,유지,유지,학생부교과1,4.87,4.12,한서인재,5.25,4.5,,,,,,,,,,,"국수영 중 2개, 탐구(1)",-/-,,,,,,,,,,,,,,,,,,,,,
충청권,충남,서산시,한서대,자연,항공보안학과,항공보안학과,유지,유지,학생부교과1,4.25,4,한서인재,,,,,,,,,,,,,"국수영 중 2개, 탐구(1)",-/-,,,,,,,,,,,,,,,,,,,,,
충청권,충남,태안군,한서대,자연,항공산업공학과,항공산업공학과,유지,유지,학생부교과1,4.37,4.12,학생부교과2,5.3,5.1,한서인재,,,,,,,,,,"국수영 중 2개, 탐구(1)",-/-,,,,,,,,,,,,,,,,,,,,,
충청권,충남,서산시,한서대,자연,항공서비스경영학과,,신설,신설,,,,,,,,,,,,,,,,,,-/-,,,,,,,,,,,,,,,,,,,,,
충청권,충남,서산시,한서대,인문,항공외국어학과,항공외국어학과,유지,유지,학생부교과1,5,4.37,,,,,,,,,,,,,,"국수영 중 2개, 탐구(1)",-/-,,,,,,,,,,,,,,,,,,,,,
충청권,충남,태안군,한서대,자연,항공정비학과,항공정비학과,유지,유지,학생부교과1,2.75,2.62,학생부교과2,4,3.6,한서인재,3.12,3,융합인재,,3.8,,,,,"국수영 중 2개, 탐구(1)",-/-,,,,,,,,,,,,,,,,,,,,,
충청권,충남,서산시,한서대,인문,해양경찰학과,해양경찰학과,유지,유지,학생부교과1,5,4.87,학생부교과2,,,한서인재,,,융합인재,,2.6,,,,,"국수영 중 2개, 탐구(1)",-/-,,,,,,,,,,,,,,,,,,,,,
충청권,충남,서산시,한서대,인문,호텔카지노관광학과,호텔카지노관광학과,유지,유지,학생부교과1,4.5,4.37,한서인재,7,6.87,,,,,,,,,,,"국수영 중 2개, 탐구(1)",-/-,,,,,,,,,,,,,,,,,,,,,
충청권,충남,서산시,한서대,자연,환경·토목·건축학과,환경·토목·건축학과,유지,유지,학생부교과1,,,,,,,,,,,,,,,,"국수영 중 2개, 탐구(1)",-/-,,,,,,,,,,,,,,,,,,,,,
서울,서울,성북구,한성대,인문,문학문화콘텐츠학과,문학문화콘텐츠학과,유지,유지,교과우수,2.45,2.34,지역균형,2.91,2.88,,,,한성인재,3.24,3.19,,,,,,-/-,,,,,,,,,,,,,,,,,,,,,
서울,서울,성북구,한성대,인문,문학문화콘텐츠학과[야],문학문화콘텐츠학과[야],유지,유지,교과우수,2.96,2.89,지역균형,3.24,3.16,,,,한성인재,3.93,3.66,,,,,,-/-,,,,,,,,,,,,,,,,,,,,,
서울,서울,성북구,한성대,인문,미래모빌리티학과,,신설,신설,,,,,,,,,,,,,,,,,,-/-,,,,,,,,,,,,,,,,,,,,,
서울,서울,성북구,한성대,예체능,뷰티디자인매니지먼트학과,뷰티디자인매니지먼트학과,유지,유지,지역균형,2.8,2.8,특기자-뷰티,,,,,,한성인재,1.36,1.33,,,,,,-/-,,,,,,,,,,,,,,,,,,,,,
서울,서울,성북구,한성대,예체능,뷰티디자인매니지먼트학과[야],뷰티디자인매니지먼트학과[야],유지,유지,지역균형,3.34,3.24,특기자-뷰티,,,,,,한성인재,2.86,2.86,,,,,,-/-,,,,,,,,,,,,,,,,,,,,,
경인권,경기,오산시,한신대,인문,경영학,,신설,신설,,,,,,,,,,,,,,,,,,-/-,,,,,,,,,,,,,,,,,,,,,
경인권,경기,오산시,한신대,인문,경제금융학,,신설,신설,,,,,,,,,,,,,,,,,,-/-,,,,,,,,,,,,,,,,,,,,,
경인권,경기,오산시,한신대,인문,공공인재빅데이터융합학,,신설,신설,,,,,,,,,,,,,,,,,,-/-,,,,,,,,,,,,,,,,,,,,,
경인권,경기,오산시,한신대,인문,국제관계학,,신설,신설,,,,,,,,,,,,,,,,,,-/-,,,,,,,,,,,,,,,,,,,,,
경인권,경기,오산시,한신대,자연,금융공학,,신설,신설,,,,,,,,,,,,,,,,,,-/-,,,,,,,,,,,,,,,,,,,,,
경인권,경기,오산시,한신대,인문,독일어문화학,,신설,신설,,,,,,,,,,,,,,,,,,-/-,,,,,,,,,,,,,,,,,,,,,
경인권,경기,오산시,한신대,인문,동아시아통상학,,신설,신설,,,,,,,,,,,,,,,,,,-/-,,,,,,,,,,,,,,,,,,,,,
경인권,경기,오산시,한신대,인문,디지털영상문화콘텐츠학,,신설,신설,,,,,,,,,,,,,,,,,,-/-,,,,,,,,,,,,,,,,,,,,,
경인권,경기,오산시,한신대,인문,문예창작학,,신설,신설,,,,,,,,,,,,,,,,,,-/-,,,,,,,,,,,,,,,,,,,,,
경인권,경기,오산시,한신대,인문,미디어영상광고홍보학,,신설,신설,,,,,,,,,,,,,,,,,,-/-,,,,,,,,,,,,,,,,,,,,,
경인권,경기,오산시,한신대,인문,미디어융합기독교교육,,신설,신설,,,,,,,,,,,,,,,,,,-/-,,,,,,,,,,,,,,,,,,,,,
경인권,경기,오산시,한신대,자연,빅데이터융합학,,신설,신설,,,,,,,,,,,,,,,,,,-/-,,,,,,,,,,,,,,,,,,,,,
경인권,경기,오산시,한신대,인문,사회복지학,,신설,신설,,,,,,,,,,,,,,,,,,-/-,,,,,,,,,,,,,,,,,,,,,
경인권,경기,오산시,한신대,인문,사회학,,신설,신설,,,,,,,,,,,,,,,,,,-/-,,,,,,,,,,,,,,,,,,,,,
경인권,경기,오산시,한신대,인문,신학,,신설,신설,,,,,,,,,,,,,,,,,,-/-,,,,,,,,,,,,,,,,,,,,,
경인권,경기,오산시,한신대,인문,심리?아동학,,신설,신설,,,,,,,,,,,,,,,,,,-/-,,,,,,,,,,,,,,,,,,,,,
경인권,경기,오산시,한신대,인문,영미문화학,,신설,신설,,,,,,,,,,,,,,,,,,-/-,,,,,,,,,,,,,,,,,,,,,
경인권,경기,오산시,한신대,인문,일본학,,신설,신설,,,,,,,,,,,,,,,,,,-/-,,,,,,,,,,,,,,,,,,,,,
경인권,경기,오산시,한신대,인문,재활상담학,,신설,신설,,,,,,,,,,,,,,,,,,-/-,,,,,,,,,,,,,,,,,,,,,
경인권,경기,오산시,한신대,인문,중국어문화콘텐츠학,,신설,신설,,,,,,,,,,,,,,,,,,-/-,,,,,,,,,,,,,,,,,,,,,
경인권,경기,오산시,한신대,인문,철학,,신설,신설,,,,,,,,,,,,,,,,,,-/-,,,,,,,,,,,,,,,,,,,,,
경인권,경기,오산시,한신대,인문,한국사학,,신설,신설,,,,,,,,,,,,,,,,,,-/-,,,,,,,,,,,,,,,,,,,,,
경인권,경기,오산시,한신대,인문,한국어문학,,신설,신설,,,,,,,,,,,,,,,,,,-/-,,,,,,,,,,,,,,,,,,,,,
서울,서울,성동구,한양대,인문,독어독문학과,독어독문학과,유지,유지,추천형,2,2,,,,,,,서류형,3.56,3.4,,,,,,-/-,,,,,,,,,,,,,,,,,,,,,
경인권,경기,안산시,한양대(ERICA),공통,LIONS자율전공학부(인문사회계열),LIONS자율전공학부(인문사회계열),유지,유지,지역균형선발,2.98,2.91,,,,,,,서류형,4.24,3.38,,,,,,-/-,,,,,,,,,,,,,,,,,,,,,
경인권,경기,안산시,한양대(ERICA),공통,LIONS자율전공학부(자연계열),LIONS자율전공학부(자연계열),유지,유지,지역균형선발,2.6,2.51,,,,,,,서류형,3.1,2.9,,,,,,-/-,,,,,,,,,,,,,,,,,,,,,
경인권,경기,안산시,한양대(ERICA),자연,국방지능정보융합공학부(국방전략기술공학과),국방전략기술공학과,유지,변경,,,,,,,,,,국방전략기술공학,,,,,,,국수영탐(2),-/-,,,,,,,,,,,,,,,,,,,,,
경인권,경기,안산시,한양대(ERICA),자연,스마트융합공학부,스마트융합공학부,유지,유지,,,,,,,,,,조기취업형 계약학과,,,,,,,,-/-,,,,,,,,,,,,,,,,,,,,,
경인권,경기,안산시,한양대(ERICA),자연,차세대반도체융합공학부,,신설,신설,,,,,,,,,,,,,,,,,,-/-,,,,,,,,,,,,,,,,,,,,,
전라권,전북,완주군,한일장신대,자연,간호학과,간호학과,유지,유지,일반학생,5,5,,,,,,,,,,,,,,,-/-,,,,,,,,,,,,,,,,,,,,,
전라권,전북,완주군,한일장신대,인문,사회복지학과,사회복지학과,유지,유지,일반학생,9,7,,,,,,,,,,,,,,,-/-,,,,,,,,,,,,,,,,,,,,,
전라권,전북,완주군,한일장신대,인문,신학과,신학과,유지,유지,일반학생,6,5,,,,,,,,,,,,,,,-/-,,,,,,,,,,,,,,,,,,,,,
전라권,전북,완주군,한일장신대,인문,심리상담학과,심리상담학과,유지,유지,일반학생,6,6,,,,,,,,,,,,,,,-/-,,,,,,,,,,,,,,,,,,,,,
전라권,전북,완주군,한일장신대,예체능,운동처방재활학과,운동처방재활학과,유지,유지,일반학생,6,4,,,,,,,,,,,,,,,-/-,,,,,,,,,,,,,,,,,,,,,
경인권,경기,화성시,협성대,인문,신학과,신학과,유지,유지,담임목회자추천,6.33,5.89,학생부교과우수자,5.73,5.24,,,,,,,,,,,"국수영 중 2개, 탐구(1)",-/-,,,,,,,,,,,,,,,,,,,,,
경인권,경기,화성시,협성대,인문,호텔관광경영학과,호텔관광경영학과,변경,유지,미래역량우수자,4.36,4.25,학생부교과우수자,3.8,3.44,,,,협성창의인재,4.78,4.56,,,,,"국수영 중 2개, 탐구(1)",-/-,,,,,,,,,,,,,,,,,,,,,
전라권,광주,광산구,호남대,예체능,e스포츠산업학과,e스포츠산업학과,유지,유지,일반고,7.28,6.89,일반학생A,6.72,6.5,,,,,,,,,,,국수영탐(1),-/-,,,,,,,,,,,,,,,,,,,,,
전라권,광주,광산구,호남대,자연,간호학과,간호학과,유지,유지,일반고,4.4,4.2,일반학생A,4.79,4.58,,,,,,,,,,,국수영탐(1),-/-,,,,,,,,,,,,,,,,,,,,,
전라권,광주,광산구,호남대,자연,건축학부,건축학부,변경,유지,일반고,6.72,6.57,일반학생A,7.04,7,,,,,,,,,,,국수영탐(1),-/-,,,,,,,,,,,,,,,,,,,,,
전라권,광주,광산구,호남대,인문,경영계열,경영학부,유지,변경,일반고,6.88,6.76,일반학생A,7.07,7.1,,,,,,,,,,,국수영탐(1),-/-,,,,,,,,,,,,,,,,,,,,,
전라권,광주,광산구,호남대,인문,경영계열,관광경영학과,유지,변경,일반고,5.67,8.12,일반학생A,6.69,6.5,,,,,,,,,,,국수영탐(1),-/-,,,,,,,,,,,,,,,,,,,,,
전라권,광주,광산구,호남대,인문,경영계열,항공서비스학과,유지,변경,일반고,6.23,6.23,일반학생A,6.37,6,,,,,,,,,,,국수영탐(1),-/-,,,,,,,,,,,,,,,,,,,,,
전라권,광주,광산구,호남대,인문,경영계열,호텔컨벤션학과,유지,변경,일반고,5.97,5.97,일반학생A,7.71,7,,,,,,,,,,,국수영탐(1),-/-,,,,,,,,,,,,,,,,,,,,,
전라권,광주,광산구,호남대,인문,경영학부,경영학부,변경,유지,일반고,6.88,6.76,일반학생A,7.07,7.1,,,,,,,,,,,국수영탐(1),-/-,,,,,,,,,,,,,,,,,,,,,
전라권,광주,광산구,호남대,인문,경찰행정학과,경찰행정학과,유지,유지,일반고,6.56,6.04,일반학생A,7.04,6.74,,,,,,,,,,,국수영탐(1),-/-,,,,,,,,,,,,,,,,,,,,,
전라권,광주,광산구,호남대,자연,공학계열,건축학부,유지,변경,일반고,6.72,6.57,일반학생A,7.04,7,,,,,,,,,,,국수영탐(1),-/-,,,,,,,,,,,,,,,,,,,,,
전라권,광주,광산구,호남대,자연,공학계열,로봇드론공학과,유지,변경,일반고,7.12,6.18,일반학생A,7.08,6.42,,,,,,,,,,,국수영탐(1),-/-,,,,,,,,,,,,,,,,,,,,,
전라권,광주,광산구,호남대,자연,공학계열,미래모빌리티학과,유지,변경,일반고,6.73,6.6,일반학생A,7.77,7,,,,,,,,,,,국수영탐(1),-/-,,,,,,,,,,,,,,,,,,,,,
전라권,광주,광산구,호남대,자연,공학계열,전기공학과,유지,변경,일반고,6.78,6.42,일반학생A,6.31,5.74,,,,,,,,,,,국수영탐(1),-/-,,,,,,,,,,,,,,,,,,,,,
전라권,광주,광산구,호남대,자연,공학계열,컴퓨터공학과,유지,변경,일반고,6.41,6.7,일반학생A,7.92,7.64,,,,,,,,,,,국수영탐(1),-/-,,,,,,,,,,,,,,,,,,,,,
전라권,광주,광산구,호남대,자연,공학계열,토목환경공학과,유지,변경,일반고,6.68,6.1,일반학생A,6.5,6.16,,,,,,,,,,,국수영탐(1),-/-,,,,,,,,,,,,,,,,,,,,,
전라권,광주,광산구,호남대,인문,관광경영학과,관광경영학과,변경,유지,일반고,5.67,8.12,일반학생A,6.69,6.5,,,,,,,,,,,국수영탐(1),-/-,,,,,,,,,,,,,,,,,,,,,
전라권,광주,광산구,호남대,자연,기계자동차학과,미래모빌리티학과,변경,변경,일반고,6.73,6.6,일반학생A,7.77,7,,,,,,,,,,,국수영탐(1),-/-,,,,,,,,,,,,,,,,,,,,,
전라권,광주,광산구,호남대,자연,로봇드론공학과,로봇드론공학과,변경,유지,일반고,7.12,6.18,일반학생A,7.08,6.42,,,,,,,,,,,국수영탐(1),-/-,,,,,,,,,,,,,,,,,,,,,
전라권,광주,광산구,호남대,예체능,만화애니메이션학과,만화애니메이션학과,변경,유지,일반고,5.7,6,일반학생A,7.26,6.96,,,,,,,,,,,국수영탐(1),-/-,,,,,,,,,,,,,,,,,,,,,
전라권,광주,광산구,호남대,자연,물리치료학과,물리치료학과,유지,유지,일반고,5.16,4.93,일반학생A,5.32,5.26,,,,,,,,,,,국수영탐(1),-/-,,,,,,,,,,,,,,,,,,,,,
전라권,광주,광산구,호남대,예체능,미디어영상공연학과,미디어영상공연학과,유지,유지,일반고,6.42,6.3,일반학생A,6,5.54,,,,,,,,,,,국수영탐(1),-/-,,,,,,,,,,,,,,,,,,,,,
전라권,광주,광산구,호남대,인문,미디어커뮤니케이션학과,미디어커뮤니케이션학과,변경,유지,일반고,7.61,6.83,일반학생A,6.39,6.21,,,,,,,,,,,국수영탐(1),-/-,,,,,,,,,,,,,,,,,,,,,
전라권,광주,광산구,호남대,자연,반려동물산업학과,반려동물산업학과,유지,유지,일반고,6.85,6.81,일반학생A,6.8,6.53,,,,,,,,,,,국수영탐(1),-/-,,,,,,,,,,,,,,,,,,,,,
전라권,광주,광산구,호남대,자연,보건과학대학,식품영양학과,유지,변경,일반고,6.58,6.07,일반학생A,6.5,6.3,,,,,,,,,,,국수영탐(1),-/-,,,,,,,,,,,,,,,,,,,,,
전라권,광주,광산구,호남대,자연,보건과학대학,외식조리학과,유지,변경,일반고,6.78,6.24,일반학생A,7.59,6.89,,,,,,,,,,,국수영탐(1),-/-,,,,,,,,,,,,,,,,,,,,,
전라권,광주,광산구,호남대,자연,보건과학대학,응급구조학과,유지,변경,일반고,6.33,5.96,일반학생A,7.07,6.33,,,,,,,,,,,국수영탐(1),-/-,,,,,,,,,,,,,,,,,,,,,
전라권,광주,광산구,호남대,예체능,뷰티미용학과,뷰티미용학과,변경,유지,일반고,7.06,6.7,일반학생A,6.5,6.38,,,,,,,,,,,국수영탐(1),-/-,,,,,,,,,,,,,,,,,,,,,
전라권,광주,광산구,호남대,인문,사회계열,경찰행정학과,유지,변경,일반고,6.56,6.04,일반학생A,7.04,6.74,,,,,,,,,,,국수영탐(1),-/-,,,,,,,,,,,,,,,,,,,,,
전라권,광주,광산구,호남대,인문,사회계열,미디어커뮤니케이션학과,유지,변경,일반고,7.61,6.83,일반학생A,6.39,6.21,,,,,,,,,,,국수영탐(1),-/-,,,,,,,,,,,,,,,,,,,,,
전라권,광주,광산구,호남대,인문,사회계열,사회복지학과,유지,변경,일반고,7,6.77,일반학생A,6.48,6.26,,,,,,,,,,,국수영탐(1),-/-,,,,,,,,,,,,,,,,,,,,,
전라권,광주,광산구,호남대,인문,사회계열,상담심리학과,유지,변경,일반고,6.55,6.55,일반학생A,6.76,6.38,,,,,,,,,,,국수영탐(1),-/-,,,,,,,,,,,,,,,,,,,,,
전라권,광주,광산구,호남대,인문,사회계열,소방행정학과,유지,변경,일반고,6.7,6.12,일반학생A,5.88,5.35,,,,,,,,,,,국수영탐(1),-/-,,,,,,,,,,,,,,,,,,,,,
전라권,광주,광산구,호남대,인문,사회복지학과,사회복지학과,변경,유지,일반고,7,6.77,일반학생A,6.48,6.26,,,,,,,,,,,국수영탐(1),-/-,,,,,,,,,,,,,,,,,,,,,
전라권,광주,광산구,호남대,인문,상담심리학과,상담심리학과,변경,유지,일반고,6.55,6.55,일반학생A,6.76,6.38,,,,,,,,,,,국수영탐(1),-/-,,,,,,,,,,,,,,,,,,,,,
전라권,광주,광산구,호남대,인문,소방행정학과,소방행정학과,변경,유지,일반고,6.7,6.12,일반학생A,5.88,5.35,,,,,,,,,,,국수영탐(1),-/-,,,,,,,,,,,,,,,,,,,,,
전라권,광주,광산구,호남대,예체능,스포츠레저학과,스포츠레저학과,유지,유지,일반고,6.53,6.04,일반학생A,7.04,7.3,,,,,,,,,,,국수영탐(1),-/-,,,,,,,,,,,,,,,,,,,,,
전라권,광주,광산구,호남대,예체능,시각디자인학과,시각융합디자인학과,변경,변경,일반고,6.93,6.58,일반학생A,7.57,6.69,,,,,,,,,,,국수영탐(1),-/-,,,,,,,,,,,,,,,,,,,,,
전라권,광주,광산구,호남대,자연,식품영양학과,식품영양학과,변경,유지,일반고,6.58,6.07,일반학생A,6.5,6.3,,,,,,,,,,,국수영탐(1),-/-,,,,,,,,,,,,,,,,,,,,,
전라권,광주,광산구,호남대,예체능,예술계열,만화애니메이션학과,유지,변경,일반고,5.7,6,일반학생A,7.26,6.96,,,,,,,,,,,국수영탐(1),-/-,,,,,,,,,,,,,,,,,,,,,
전라권,광주,광산구,호남대,예체능,예술계열,미디어영상공연학과,유지,변경,일반고,6.42,6.3,일반학생A,6,5.54,,,,,,,,,,,국수영탐(1),-/-,,,,,,,,,,,,,,,,,,,,,
전라권,광주,광산구,호남대,예체능,예술계열,뷰티미용학과,유지,변경,일반고,7.06,6.7,일반학생A,6.5,6.38,,,,,,,,,,,국수영탐(1),-/-,,,,,,,,,,,,,,,,,,,,,
전라권,광주,광산구,호남대,예체능,예술계열,시각융합디자인학과,유지,변경,일반고,6.93,6.58,일반학생A,7.57,6.69,,,,,,,,,,,국수영탐(1),-/-,,,,,,,,,,,,,,,,,,,,,
전라권,광주,광산구,호남대,예체능,예술계열,패션디자인학과,유지,변경,일반고,5.47,6.8,일반학생A,6.53,6.27,,,,,,,,,,,국수영탐(1),-/-,,,,,,,,,,,,,,,,,,,,,
전라권,광주,광산구,호남대,자연,외식조리베이커리학과,외식조리학과,변경,변경,일반고,6.78,6.24,일반학생A,7.59,6.89,,,,,,,,,,,국수영탐(1),-/-,,,,,,,,,,,,,,,,,,,,,
전라권,광주,광산구,호남대,인문,유아교육학과,유아교육학과,유지,유지,일반고,6.31,5.52,일반학생A,7.38,6.96,,,,,,,,,,,국수영탐(1),-/-,,,,,,,,,,,,,,,,,,,,,
전라권,광주,광산구,호남대,자연,응급구조학과,응급구조학과,변경,유지,일반고,6.33,5.96,일반학생A,7.07,6.33,,,,,,,,,,,국수영탐(1),-/-,,,,,,,,,,,,,,,,,,,,,
전라권,광주,광산구,호남대,자연,임상병리학과,임상병리학과,유지,유지,일반고,6,5.52,일반학생A,5.96,5.65,,,,,,,,,,,국수영탐(1),-/-,,,,,,,,,,,,,,,,,,,,,
전라권,광주,광산구,호남대,공통,자유전공학부,자유전공학부,유지,유지,일반학생B,5.42,4.9,,,,,,,,,,,,,,,-/-,,,,,,,,,,,,,,,,,,,,,
전라권,광주,광산구,호남대,자연,작업치료학과,작업치료학과,유지,유지,일반고,7.15,6.78,일반학생A,7.35,6.81,,,,,,,,,,,국수영탐(1),-/-,,,,,,,,,,,,,,,,,,,,,
전라권,광주,광산구,호남대,자연,전기공학과,전기공학과,변경,유지,일반고,6.78,6.42,일반학생A,6.31,5.74,,,,,,,,,,,국수영탐(1),-/-,,,,,,,,,,,,,,,,,,,,,
전라권,광주,광산구,호남대,예체능,체육계열,e스포츠산업학과,유지,변경,일반고,7.28,6.89,일반학생A,6.72,6.5,,,,,,,,,,,국수영탐(1),-/-,,,,,,,,,,,,,,,,,,,,,
전라권,광주,광산구,호남대,예체능,체육계열,스포츠레저학과,유지,변경,일반고,6.53,6.04,일반학생A,7.04,7.3,,,,,,,,,,,국수영탐(1),-/-,,,,,,,,,,,,,,,,,,,,,
전라권,광주,광산구,호남대,예체능,체육계열,축구학과,유지,변경,일반고,7.48,6.72,일반학생A,7.17,5,,,,,,,,,,,국수영탐(1),-/-,,,,,,,,,,,,,,,,,,,,,
전라권,광주,광산구,호남대,예체능,축구학과,축구학과,유지,유지,일반고,7.48,6.72,일반학생A,7.17,5,,,,,,,,,,,국수영탐(1),-/-,,,,,,,,,,,,,,,,,,,,,
전라권,광주,광산구,호남대,자연,치기공학과,치기공학과,유지,유지,일반고,6.68,6.11,일반학생A,6,5.67,,,,,,,,,,,국수영탐(1),-/-,,,,,,,,,,,,,,,,,,,,,
전라권,광주,광산구,호남대,자연,치위생학과,치위생학과,유지,유지,일반고,6.05,5.95,일반학생A,6.64,5.8,,,,,,,,,,,국수영탐(1),-/-,,,,,,,,,,,,,,,,,,,,,
전라권,광주,광산구,호남대,자연,컴퓨터공학과,컴퓨터공학과,변경,유지,일반고,6.41,6.7,일반학생A,7.92,7.64,,,,,,,,,,,국수영탐(1),-/-,,,,,,,,,,,,,,,,,,,,,
전라권,광주,광산구,호남대,예체능,태권도학과,태권도학과,유지,변경,일반고,6.64,6.08,일반학생A,6,5.93,,,,,,,,,,,국수영탐(1),-/-,,,,,,,,,,,,,,,,,,,,,
전라권,광주,광산구,호남대,자연,토목환경공학과,토목환경공학과,변경,유지,일반고,6.68,6.1,일반학생A,6.5,6.16,,,,,,,,,,,국수영탐(1),-/-,,,,,,,,,,,,,,,,,,,,,
전라권,광주,광산구,호남대,예체능,패션디자인학과,패션디자인학과,변경,유지,일반고,5.47,6.8,일반학생A,6.53,6.27,,,,,,,,,,,국수영탐(1),-/-,,,,,,,,,,,,,,,,,,,,,
전라권,광주,광산구,호남대,인문,항공서비스학과,항공서비스학과,유지,유지,일반고,6.23,6.23,일반학생A,6.37,6,,,,,,,,,,,국수영탐(1),-/-,,,,,,,,,,,,,,,,,,,,,
전라권,광주,광산구,호남대,인문,호텔컨벤션학과,호텔컨벤션학과,변경,유지,일반고,5.97,5.97,일반학생A,7.71,7,,,,,,,,,,,국수영탐(1),-/-,,,,,,,,,,,,,,,,,,,,,
전라권,광주,남구,호남신학대,인문,기독교사회복지상담학과,기독교사회복지상담학과,유지,유지,일반학생,,,,,,,,,,,,,,,,국영탐(1),-/-,,,,,,,,,,,,,,,,,,,,,
전라권,광주,남구,호남신학대,인문,신학과,신학과,유지,유지,목회자추천자,7,,,,,,,,,,,,,,,국영탐(1),-/-,,,,,,,,,,,,,,,,,,,,,
충청권,충남,아산시,호서대,인문,물류유통학과,,신설,신설,,,,,,,,,,,,,,,,,,-/-,,,,,,,,,,,,,,,,,,,,,
충청권,충남,아산시,호서대,자연,반도체디스플레이학과,,신설,신설,,,,,,,,,,,,,,,,,,-/-,,,,,,,,,,,,,,,,,,,,,
충청권,충남,천안시,호서대,인문,심리학과,산업심리학과,유지,변경,학생부,3.88,3.78,,,,,,,호서인재,4.85,4.61,,,,,"국수영 중 2개, 탐구(1)",3/1,,,,,,,,,,,,,,,,,,,,,
충청권,충남,아산시,호서대,자연,자유전공학부,자유전공학부,유지,유지,학생부,4.95,4.95,,,,,,,,,,,,,,,-/-,,,,,,,,,,,,,,,,,,,,,
충청권,충남,아산시,호서대,자연,첨단산업AI공학과,,신설,신설,,,,,,,,,,,,,,,,,,-/-,,,,,,,,,,,,,,,,,,,,,
충청권,충남,아산시,호서대,인문,항공서비스학과,항공서비스학과,유지,유지,,,,,,,,,,호서인재,4.09,3.64,,,,,"국수영 중 2개, 탐구(1)",-/-,,,,,,,,,,,,,,,,,,,,,
전라권,전북,군산시,호원대,자연,간호학과,간호학과,유지,유지,일반,5.58,5.29,,,,,,,,,,,,,,국수영탐(1) 중 2개,-/-,,,,,,,,,,,,,,,,,,,,,
전라권,전북,군산시,호원대,자연,건축인테리어학과[야],,신설,신설,,,,,,,,,,,,,,,,,,-/-,,,,,,,,,,,,,,,,,,,,,
전라권,전북,군산시,호원대,인문,경영학과,경영학과,유지,유지,일반,7.21,6.2,,,,,,,,,,,,,,국수영탐(1) 중 2개,-/-,,,,,,,,,,,,,,,,,,,,,
전라권,전북,군산시,호원대,예체능,공연미디어학부(기획.연출),공연미디어학부(기획.연출),유지,유지,일반,5.75,5,,,,,,,,,,,,,,,-/-,,,,,,,,,,,,,,,,,,,,,
전라권,전북,군산시,호원대,예체능,글로벌k-뷰티학과[야],,신설,신설,,,,,,,,,,,,,,,,,,-/-,,,,,,,,,,,,,,,,,,,,,
전라권,전북,군산시,호원대,자연,물리치료학과,물리치료학과,유지,유지,일반,5.29,5.09,,,,,,,,,,,,,,국수영탐(1) 중 2개,-/-,,,,,,,,,,,,,,,,,,,,,
전라권,전북,군산시,호원대,자연,사회복지상담학과[야],,신설,신설,,,,,,,,,,,,,,,,,,-/-,,,,,,,,,,,,,,,,,,,,,
전라권,전북,군산시,호원대,예체능,스포츠무도학과[야],스포츠무도학과[야],유지,유지,일반,8.14,7.81,,,,,,,,,,,,,,,-/-,,,,,,,,,,,,,,,,,,,,,
전라권,전북,군산시,호원대,인문,유아교육과,유아교육과,유지,유지,일반,7.67,6.98,,,,,,,,,,,,,,국수영탐(1) 중 2개,-/-,,,,,,,,,,,,,,,,,,,,,
전라권,전북,군산시,호원대,자연,응급구조학과,응급구조학과,유지,유지,일반,6.32,6.3,,,,,,,,,,,,,,국수영탐(1) 중 2개,-/-,,,,,,,,,,,,,,,,,,,,,
전라권,전북,군산시,호원대,자연,자동차기계공학과,자동차기계공학과,유지,유지,일반,8.13,7.42,,,,,,,,,,,,,,국수영탐(1) 중 2개,-/-,,,,,,,,,,,,,,,,,,,,,
전라권,전북,군산시,호원대,자연,치위생학과,치위생학과,유지,유지,일반,6.36,6.06,,,,,,,,,,,,,,국수영탐(1) 중 2개,-/-,,,,,,,,,,,,,,,,,,,,,
전라권,전북,군산시,호원대,자연,호텔외식조리학과,호텔외식조리학과,유지,유지,일반,6.81,6.45,,,,,,,,,,,,,,국수영탐(1) 중 2개,-/-,,,,,,,,,,,,,,,,,,,,,
경인권,경기,화성시,화성의과학대,예체능,스포츠과학과,스포츠과학과,유지,유지,일반,4.33,4.06,,,,,,,,,,,,,,"국수영 중 2개, 탐(1)",5/3,,,,,,,,,,,,,,,,,,,,,
경인권,경기,화성시,화성의과학대,예체능,태권도학과,태권도학과,유지,유지,일반,5.33,5,,,,,,,,,,,,,,"국수영 중 2개, 탐(1)",-/-,,,,,,,,,,,,,,,,,,,,,
경상권,경남,창원시,국립창원대,자연,기계공학부 기계공학전공,,유지,신설,,,,,,,,,,,,,,,,,,-/-,,,,,,,,,,,,,,,,,,,,,
경상권,경남,창원시,국립창원대,인문,문화테크노학과,,유지,신설,,,,,,,,,,,,,,,,,,-/-,,,,,,,,,,,,,,,,,,,,,
경상권,경남,창원시,국립창원대,자연,생물학화학융합학부,,유지,신설,,,,,,,,,,,,,,,,,,-/-,,,,,,,,,,,,,,,,,,,,,
경상권,경남,창원시,국립창원대,자연,수학과,,유지,신설,,,,,,,,,,,,,,,,,,-/-,,,,,,,,,,,,,,,,,,,,,
경상권,경남,창원시,국립창원대,자연,스마트그린공학부 화학공학전공,,유지,신설,,,,,,,,,,,,,,,,,,-/-,,,,,,,,,,,,,,,,,,,,,
경상권,경남,창원시,국립창원대,인문,불어불문학과,불어불문학과,유지,유지,학업성적우수자,5.38,5.14,,,,,,,계열적합인재,6.19,5.83,,,,,국수영탐(1),-/-,,,,,,,,,,,,,,,,,,,,,
경상권,경남,창원시,국립창원대,인문,유아교육과,유아교육과,유지,유지,학업성적우수자,3.89,3.83,,,,,,,계열적합인재,4.32,4.27,,,,,국수영탐(1),-/-,,,,,,,,,,,,,,,,,,,,,
경상권,경남,거창군,국립창원대,인문,사회복지보육학과,,신설,신설,,,,,,,,,,,,,,,,,,-/-,,,,,,,,,,,,,,,,,,,,,
경상권,경남,거창군,국립창원대,자연,뷰티웰니스과,,신설,신설,,,,,,,,,,,,,,,,,,-/-,,,,,,,,,,,,,,,,,,,,,
경상권,경남,거창군,국립창원대,자연,스포츠 헬스케어학과,,신설,신설,,,,,,,,,,,,,,,,,,-/-,,,,,,,,,,,,,,,,,,,,,
경상권,경남,거창군,국립창원대,자연,K방산시스템공학부,,신설,신설,,,,,,,,,,,,,,,,,,-/-,,,,,,,,,,,,,,,,,,,,,
경상권,경남,거창군,국립창원대,자연,간호학과(4년),,신설,신설,,,,,,,,,,,,,,,,,,-/-,,,,,,,,,,,,,,,,,,,,,
경상권,경남,거창군,국립창원대,자연,건축인테리어과,,신설,신설,,,,,,,,,,,,,,,,,,-/-,,,,,,,,,,,,,,,,,,,,,
경상권,경남,거창군,국립창원대,자연,드론토목과,,신설,신설,,,,,,,,,,,,,,,,,,-/-,,,,,,,,,,,,,,,,,,,,,
경상권,경남,거창군,국립창원대,자연,스마트귀농귀촌학과,,신설,신설,,,,,,,,,,,,,,,,,,-/-,,,,,,,,,,,,,,,,,,,,,
경상권,경남,남해군,국립창원대,인문사회,항공호텔관광과,,신설,신설,,,,,,,,,,,,,,,,,,-/-,,,,,,,,,,,,,,,,,,,,,
경상권,경남,남해군,국립창원대,자연과학,호텔조리제빵경영과,,신설,신설,,,,,,,,,,,,,,,,,,-/-,,,,,,,,,,,,,,,,,,,,,
경상권,경남,남해군,국립창원대,자연과학,원예조경고,,신설,신설,,,,,,,,,,,,,,,,,,-/-,,,,,,,,,,,,,,,,,,,,,
경상권,경남,남해군,국립창원대,자연과학,항공정비과,,신설,신설,,,,,,,,,,,,,,,,,,-/-,,,,,,,,,,,,,,,,,,,,,
경상권,경남,남해군,국립창원대,자연과학,방산기계AI과,,신설,신설,,,,,,,,,,,,,,,,,,-/-,,,,,,,,,,,,,,,,,,,,,
경상권,경남,남해군,국립창원대,자연과학,에너지산업안전과,,신설,신설,,,,,,,,,,,,,,,,,,-/-,,,,,,,,,,,,,,,,,,,,,
경상권,경남,창원시,국립창원대,자연,반도체물리학과,,유지,신설,,,,,,,,,,,,,,,,,,-/-,,,,,,,,,,,,,,,,,,,,,
경상권,경남,창원시,국립창원대,자연,생명보건학부,,유지,신설,,,,,,,,,,,,,,,,,,-/-,,,,,,,,,,,,,,,,,,,,,
경상권,경남,창원시,국립창원대,자연,스마트그린공학부 화학공학전공,,유지,신설,,,,,,,,,,,,,,,,,,-/-,,,,,,,,,,,,,,,,,,,,,
경상권,경남,창원시,국립창원대,인문,국제무역학과(야),국제무역학과(야),유지,유지,학업성적우수자,5.2,4.41,,,,,,,,,,,,,,국수영탐(1),-/-,,,,,,,,,,,,,,,,,,,,,
강원권,강원,원주시,"강원대(강릉,원주)",인문,디지털미디어커뮤니케이션학과,디지털미디어커뮤니케이션학부,,변경,해람교과,4,3.6,,,,,,,해람인재,5.13,5.11,,,,,,-/-,,,,,,,,,,,,,,,,,,,,,
강원권,강원,강릉시,"강원대(강릉,원주)",인문,인문대학자유전공학과,,신설,변경,,,,,,,,,,,,,,,,,,-/-,,,,,,,,,,,,,,,,,,,,,
강원권,강원,강릉시,"강원대(강릉,원주)",인문,자연과학대학자유전공학과,,신설,변경,,,,,,,,,,,,,,,,,,-/-,,,,,,,,,,,,,,,,,,,,,
강원권,강원,강릉시,"강원대(강릉,원주)",인문,생명과학대학자유전공학과,,신설,변경,,,,,,,,,,,,,,,,,,-/-,,,,,,,,,,,,,,,,,,,,,
