대학명,모집단위,모집단위2027,교과1_50_5,교과1_70_5,교과2_50_5,교과2_70_5,교과3_50_5,교과3_70_5,종합1_50_5,종합1_70_5,종합2_50_5,종합2_70_5,정시백분위,정시영어한국사,정시반영영역
가야대,간호학과,간호학과,2.05,2.12,1.72,1.92,,,,,,,,4/3,"국수영 중 2개, 탐(1)한"
가야대,물리치료학과,물리치료학과,2.25,2.33,1.72,1.72,,,,,,,,3/1,"국수영 중 2개, 탐(1)한"
가야대,방사선학과,방사선학과,2.25,2.33,,,,,,,,,,3/1,"국수영 중 2개, 탐(1)한"
가야대,사회복지상담학과,사회복지상담학과,3.54,4.06,,,,,,,,,,-/-,"국수영 중 2개, 탐(1)한"
가야대,스포츠재활복지학과,스포츠재활복지학과,2.55,2.69,,,,,,,,,,6/6,"국수영 중 2개, 탐(1)한"
가야대,자유전공학부,자유전공학부,,,,,,,,,,,,-/-,"국수영 중 2개, 탐(1)한"
가야대,특수교육과,특수교육과,2.91,3.05,,,,,,,,,,6/6,"국수영 중 2개, 탐(1)한"
가천대,AI인문대학,AI인문대학,,,,,,,2.27,2.37,,,80.5,3/1,국수영탐(1) 중 3개
가천대,AI인문대학,AI인문대학,,,,,,,2.27,2.37,,,85.7,3/2,국수영탐(1)
가천대,건설환경공학과,건설환경공학과,,,,,,,2.19,2.27,,,85.55,2/2,국수영탐(1)
가천대,건축공학과,건축공학과,,,,,,,2.18,2.35,,,87.7,3/5,국수영탐(1)
가천대,건축학부,건축학부,,,,,,,2.14,2.36,,,85.5,2/1,국수영탐(1) 중 3개
가천대,건축학부,건축학부,,,,,,,2.14,2.36,,,87.15,2/1,국수영탐(1)
가천대,게임・영상학과,게임・영상학과,,,,,,,2.43,2.95,,,,-/-,
가천대,경영학과,경영학과,,,,,,,2.17,2.34,,,82.4,2/2,국수영탐(1) 중 3개
가천대,경영학과,경영학과,,,,,,,2.17,2.34,,,86.95,3/4,국수영탐(1)
가천대,경제학과,경제학과,,,,,,,2.12,2.3,,,86,2/2,국수영탐(1)
가천대,관광경영학과,관광경영학과,,,,,,,2.2,2.26,,,85.75,2/1,국수영탐(1)
가천대,금융・빅데이터학부,금융・빅데이터학부,,,,,,,2.04,2.12,,,85,3/3,국수영탐(1) 중 3개
가천대,금융・빅데이터학부,금융・빅데이터학부,,,,,,,2.04,2.12,,,86.2,3/2,국수영탐(1)
가천대,기계공학부,기계공학부,,,,,,,2.18,2.37,,,86.2,2/1,국수영탐(1) 중 3개
가천대,기계공학부,기계공학부,,,,,,,2.18,2.37,,,87.4,3/1,국수영탐(1)
가천대,도시계획・조경학부,도시계획・조경학부,,,,,,,2.42,2.49,,,84.25,2/4,국수영탐(1)
가천대,미디어커뮤니케이션학과,미디어커뮤니케이션학과,,,,,,,2.14,2.32,,,87.55,3/2,국수영탐(1)
가천대,미래자동차학과,미래자동차학과,,,,,,,2.58,3.17,,,,-/-,
가천대,바이오나노학과,바이오나노학과,,,,,,,1.86,1.93,,,86.75,2/2,국수영탐(1)
가천대,바이오로직스학과,바이오로직스학과,,,,,,,1.95,2.03,,,87.9,3/1,국수영탐(1)
가천대,바이오의료기기학과,바이오의료기기학과,,,,,,,2.64,2.91,,,,-/-,
가천대,반도체・디스플레이학과,반도체・디스플레이학과,,,,,,,2.49,2.75,,,,-/-,
가천대,반도체대학,반도체대학,,,,,,,2.05,2.14,,,89.1,3/2,국수영탐(1) 중 3개
가천대,반도체대학,반도체대학,,,,,,,2.05,2.14,,,88.5,3/1,국수영탐(1)
가천대,반도체물리학과,반도체물리학과,,,,,,,2.58,2.6,,,86.75,2/2,국수영탐(1)
가천대,반도체설계학과,반도체설계학과,,,,,,,2.7,2.87,,,,-/-,
가천대,법과대학,법과대학,,,,,,,2.15,2.19,,,82.9,3/2,국수영탐(1) 중 3개
가천대,법과대학,법과대학,,,,,,,2.15,2.19,,,85.9,2/1,국수영탐(1)
가천대,사회복지학과,사회복지학과,,,,,,,2.43,2.48,,,85.75,3/3,국수영탐(1)
가천대,생명과학과,생명과학과,,,,,,,1.77,2.23,,,86.4,3/3,국수영탐(1)
가천대,스마트시티학과,스마트시티학과,,,,,,,2.5,2.53,,,85.95,4/2,국수영탐(1)
가천대,스마트팩토리학과,스마트팩토리학과,,,,,,,2.42,2.43,,,86.9,4/1,국수영탐(1)
가천대,시스템반도체학과,시스템반도체학과,,,,,,,2.08,2.15,,,88.45,2/1,국수영탐(1)
가천대,식품생명공학과,식품생명공학과,,,,,,,1.97,2.15,,,86.55,2/1,국수영탐(1)
가천대,식품영양학과,식품영양학과,,,,,,,2.18,2.32,,,85.8,3/1,국수영탐(1)
가천대,신소재공학과,신소재공학과,,,,,,,1.94,2.14,,,85.2,3/3,국수영탐(1)
가천대,심리학과,심리학과,,,,,,,1.94,1.99,,,87,3/3,국수영탐(1)
가천대,유아교육학과,유아교육학과,,,,,,,2.12,2.28,,,83.2,4/5,국수영탐(1)
가천대,응용통계학과,응용통계학과,,,,,,,2.12,2.14,,,86.05,2/2,국수영탐(1)
가천대,의공학과,의공학과,,,,,,,2.12,2.18,,,86.2,3/2,국수영탐(1)
가천대,의료산업경영학과,의료산업경영학과,,,,,,,2.31,2.32,,,86.3,4/2,국수영탐(1)
가천대,인공지능학과,인공지능학과,,,,,,,2.18,2.25,,,86.6,2/3,국수영탐(1) 중 3개
가천대,인공지능학과,인공지능학과,,,,,,,2.18,2.25,,,87.5,3/3,국수영탐(1)
가천대,자유전공학부,자유전공학부,,,,,,,,,,,,-/-,
가천대,전기공학과,전기공학과,,,,,,,2.04,2.09,,,87.9,3/4,국수영탐(1)
가천대,스마트보안학과,정보보호학과,,,,,,,2.34,2.43,,,87.3,1/1,국수영탐(1)
가천대,컴퓨터공학과,컴퓨터공학과,,,,,,,2.03,2.09,,,86.8,2/5,국수영탐(1)
가천대,컴퓨터공학과,컴퓨터공학과,,,,,,,2.03,2.09,,,83.7,1/1,국수영탐(1) 중 3개
가천대,패션산업학과,패션산업학과,,,,,,,2.28,2.34,,,86.75,2/4,국수영탐(1)
가천대,한의예과,한의예과,,,,,,,1.29,1.29,,,97.175,2/1,국수영탐(2)
가천대,화공생명배터리공학부,화공생명배터리공학부,,,,,,,2.2,2.32,,,86.6,4/5,국수영탐(1)
가천대,화공생명배터리공학부,화공생명배터리공학부,,,,,,,2.2,2.32,,,84.7,2/4,국수영탐(1) 중 3개
가천대,화학과,화학과,,,,,,,2.2,2.21,,,85.9,3/2,국수영탐(1)
가천대,회계세무학과,회계세무학과,,,,,,,2.13,2.13,,,86.75,2/2,국수영탐(1)
가천대,간호학과,간호학과,,,,,,,1.74,1.78,,,88,2/1,국수영탐(1) 중 3개
가천대,간호학과,간호학과,,,,,,,1.74,1.78,,,89.55,2/3,국수영탐(1)
가천대,물리치료학과,물리치료학과,,,,,,,2.01,2.1,,,87.35,2/2,국수영탐(1)
가천대,바이오로직스학과,바이오로직스학과,,,,,,,,,,,83.8,2/1,국수영탐(1) 중 3개
가천대,방사선학과,방사선학과,,,,,,,1.88,1.88,,,89.3,2/2,국수영탐(1)
가천대,약학과,약학과,,,,,,,1.52,1.68,,,96.575,2/3,국수영탐(2)
가천대,운동재활학과,운동재활학과,,,,,,,2.23,2.35,,,86.5,3/4,국수영탐(1)
가천대,응급구조학과,응급구조학과,,,,,,,2.48,2.77,,,81.95,3/5,국수영탐(1)
가천대,의예과,의예과,,,,,,,1.18,1.22,,,98.675,1/1,국수영탐(2)
가천대,치위생학과,치위생학과,,,,,,,2.01,2.21,,,85.55,3/3,국수영탐(1)
가톨릭관동대,AI・소프트웨어융합학부,AI・소프트웨어융합학부,2.25,2.87,,,,,,,,,53.25,4/4,"국수탐(2) 중 2개, 영"
가톨릭관동대,CG디자인전공,CG디자인전공,2.88,3.36,,,,,,,,,37.5,4/1,"국수탐(2) 중 2개, 영"
가톨릭관동대,간호학과,간호학과,1.8,1.87,,,,,1.91,1.93,1.99,2.05,74.85714285714286,4/2,국수영탐(2)
가톨릭관동대,건축공학전공,건축학부,3.27,3.54,,,,,,,,,47.5,4/7,"국수탐(2) 중 2개, 영"
가톨릭관동대,건축학전공(5년제),건축학부,2.67,2.73,,,,,,,,,47.5,4/7,"국수탐(2) 중 2개, 영"
가톨릭관동대,경영학전공,경영학전공,3,3.02,,,,,,,,,49.5,4/5,"국수탐(2) 중 2개, 영"
가톨릭관동대,경찰학부,경찰학부,3.12,3.33,,,,,2.9,2.97,,,58.5,3/3,"국수탐(2) 중 2개, 영"
가톨릭관동대,국어교육과,국어교육과,2.04,2.18,,,,,2.04,2.23,,,,-/-,
가톨릭관동대,미디어콘텐츠전공,미디어콘텐츠전공,2.68,2.87,,,,,,,,,43.75,4/4,"국수탐(2) 중 2개, 영"
가톨릭관동대,사회복지학전공,사회복지학전공,3.13,3.52,,,,,3.17,3.17,,,44.5,5/5,"국수탐(2) 중 2개, 영"
가톨릭관동대,의생명과학전공,생명과학전공,2.55,2.6,,,,,,,,,54.5,4/4,"국수탐(2) 중 2개, 영"
가톨릭관동대,수학교육과,수학교육과,2,2.18,,,,,,,,,67.5,2/2,"국수탐(2) 중 2개, 영"
가톨릭관동대,스마트항만공학전공,스마트항만공학전공,,,,,,,,,,,,-/-,
가톨릭관동대,스포츠재활의학전공,스포츠재활의학전공,2.42,2.58,,,,,,,,,,-/-,
가톨릭관동대,실용음악전공,실용음악전공,3.09,3.42,,,,,,,,,27.5,8/7,"국수탐(2) 중 2개, 영"
가톨릭관동대,역사교육과,역사교육과,1.77,1.85,,,,,1.87,2.07,2.18,2.18,76.25,3/1,"국수탐(2) 중 2개, 영"
가톨릭관동대,영어교육과,영어교육과,2.42,2.59,,,,,,,,,68.25,4/4,"국수탐(2) 중 2개, 영"
가톨릭관동대,의학과(의예과),의학과(의예과),1,1,,,,,1,1,1.04,1.04,96.6875,1/1,국수영탐(2)
가톨릭관동대,임상병리학과,임상병리학과,1.71,1.8,,,,,2.19,2.19,,,75.75,4/4,"국수탐(2) 중 2개, 영"
가톨릭관동대,자율전공학부,자율전공학부,3.2,3.5,,,,,,,,,45.75,4/6,"국수탐(2) 중 2개, 영"
가톨릭관동대,작업치료학과,작업치료학과,2.59,2.68,,,,,2.48,3.06,,,47.5,5/8,"국수탐(2) 중 2개, 영"
가톨릭관동대,조리외식경영학전공,조리외식경영학전공,3.05,3.5,,,,,,,,,39,5/1,"국수탐(2) 중 2개, 영"
가톨릭관동대,지리교육과,지리교육과,1.71,1.81,,,,,1.61,1.88,3.23,3.23,75,3/3,"국수탐(2) 중 2개, 영"
가톨릭관동대,체육교육과,체육교육과,,,,,,,1.61,1.61,,,,-/-,
가톨릭관동대,치위생학과,치위생학과,2.13,2.21,,,,,2.59,2.79,,,63.75,4/6,"국수탐(2) 중 2개, 영"
가톨릭관동대,컴퓨터교육과,컴퓨터교육과,2.29,2.48,,,,,2.18,2.63,,,64.5,4/6,"국수탐(2) 중 2개, 영"
가톨릭관동대,항공교통물류전공,항공교통물류전공,2.95,3.08,,,,,,,,,49.25,3/4,"국수탐(2) 중 2개, 영"
가톨릭관동대,항공운항전공,항공운항전공,2.93,3.04,,,,,,,,,62.25,4/7,"국수탐(2) 중 2개, 영"
가톨릭관동대,항공정비학전공,항공정비학전공,2.65,2.82,,,,,2.39,2.96,,,77,4/1,"국수탐(2) 중 2개, 영"
가톨릭꽃동네대,간호학과,간호학과,1.6,2.21,2.42,2.91,2.42,3.16,,,,,63.45,4/-,"국수 중 1개, 영탐(2)"
가톨릭꽃동네대,자율전공학부,자율전공학부,2.77,3.25,,,,,,,,,,5/-,"국수 중 1개, 영탐(2)"
가톨릭대,AI의공학과,AI의공학과,1.8,1.81,,,,,,,1.71,1.8,85.9,2/3,국수영탐(1)
가톨릭대,경영학과,경영학과,1.49,1.52,,,,,2.01,2.27,1.94,1.98,85,1/3,국수영탐(1)
가톨릭대,경영학과,경영학과,1.49,1.52,,,,,2.01,2.27,1.94,1.98,92.5,3/2,"국수 중 1개, 탐(1)"
가톨릭대,경제학과,경제학과,1.63,1.75,,,,,1.96,2.05,1.87,1.9,85,1/3,국수영탐(1)
가톨릭대,경제학과,경제학과,1.63,1.75,,,,,1.96,2.05,1.87,1.9,92.5,3/2,"국수 중 1개, 탐(1)"
가톨릭대,공간디자인・소비자학과,공간디자인・소비자학과,1.63,1.63,,,,,1.97,1.99,,,86.7,1/3,국수영탐(1)
가톨릭대,공간디자인・소비자학과,공간디자인・소비자학과,1.63,1.63,,,,,1.97,1.99,,,93,4/3,"국수 중 1개, 탐(1)"
가톨릭대,국사학과,국사학과,1.72,1.72,,,,,2.09,2.13,1.98,1.98,85,1/3,국수영탐(1)
가톨릭대,국사학과,국사학과,1.72,1.72,,,,,2.09,2.13,1.98,1.98,92.5,3/2,"국수 중 1개, 탐(1)"
가톨릭대,국어국문학과,국어국문학과,1.6,1.72,,,,,2.02,2.1,2.04,2.04,85,1/3,국수영탐(1)
가톨릭대,국어국문학과,국어국문학과,1.6,1.72,,,,,2.02,2.1,2.04,2.04,92.5,3/2,"국수 중 1개, 탐(1)"
가톨릭대,국제학부,국제학부,1.57,1.65,,,,,1.95,2.42,1.93,2.42,85,1/3,국수영탐(1)
가톨릭대,국제학부,국제학부,1.57,1.65,,,,,1.95,2.42,1.93,2.42,92.5,3/2,"국수 중 1개, 탐(1)"
가톨릭대,데이터사이언스학과,데이터사이언스학과,1.56,1.61,,,,,2.11,2.12,1.89,2.25,85.9,1/4,국수영탐(1)
가톨릭대,물리학과,물리학과,1.62,1.62,,,,,2.04,2.12,1.83,1.9,86.7,1/3,국수영탐(1)
가톨릭대,물리학과,물리학과,1.62,1.62,,,,,2.04,2.12,1.83,1.9,93,4/3,"국수 중 1개, 탐(1)"
가톨릭대,미디어기술콘텐츠학과,미디어기술콘텐츠학과,1.67,1.7,,,,,1.94,2.01,1.85,1.86,86.7,1/3,국수영탐(1)
가톨릭대,미디어기술콘텐츠학과,미디어기술콘텐츠학과,1.67,1.7,,,,,1.94,2.01,1.85,1.86,93,4/3,"국수 중 1개, 탐(1)"
가톨릭대,바이오로직스공학부,바이오로직스공학부,1.53,1.53,,,,,,,1.57,1.6,85,4/4,국수영탐(1)
가톨릭대,바이오메디컬소프트웨어학과,바이오메디컬소프트웨어학과,1.59,1.59,,,,,1.77,1.91,1.63,1.68,85.9,2/3,국수영탐(1)
가톨릭대,바이오메디컬화학공학과,바이오메디컬화학공학과,1.34,1.35,,,,,1.69,1.71,1.55,1.61,86.7,1/3,국수영탐(1)
가톨릭대,바이오메디컬화학공학과,바이오메디컬화학공학과,1.34,1.35,,,,,1.69,1.71,1.55,1.61,93,4/3,"국수 중 1개, 탐(1)"
가톨릭대,법학과,법학과,1.46,1.57,,,,,1.72,1.89,1.83,1.83,85,1/3,국수영탐(1)
가톨릭대,법학과,법학과,1.46,1.57,,,,,1.72,1.89,1.83,1.83,92.5,3/2,"국수 중 1개, 탐(1)"
가톨릭대,사회복지학과,사회복지학과,1.57,1.65,,,,,1.87,1.94,1.96,1.96,85,1/3,국수영탐(1)
가톨릭대,사회복지학과,사회복지학과,1.57,1.65,,,,,1.87,1.94,1.96,1.96,92.5,3/2,"국수 중 1개, 탐(1)"
가톨릭대,사회학과,사회학과,1.5,1.56,,,,,1.67,1.87,1.74,1.74,85,1/3,국수영탐(1)
가톨릭대,사회학과,사회학과,1.5,1.56,,,,,1.67,1.87,1.74,1.74,92.5,3/2,"국수 중 1개, 탐(1)"
가톨릭대,생명공학과,생명공학과,1.41,1.41,,,,,1.58,1.61,1.57,1.71,86.7,1/3,국수영탐(1)
가톨릭대,생명공학과,생명공학과,1.41,1.41,,,,,1.58,1.61,1.57,1.71,93,4/3,"국수 중 1개, 탐(1)"
가톨릭대,수학과,수학과,1.53,1.56,,,,,2.09,2.25,1.76,1.82,86.7,1/3,국수영탐(1)
가톨릭대,수학과,수학과,1.53,1.56,,,,,2.09,2.25,1.76,1.82,93,4/3,"국수 중 1개, 탐(1)"
가톨릭대,식품영양학과,식품영양학과,1.53,1.61,,,,,1.88,2.06,1.91,2.06,86.7,1/3,국수영탐(1)
가톨릭대,식품영양학과,식품영양학과,1.53,1.61,,,,,1.88,2.06,1.91,2.06,93,4/3,"국수 중 1개, 탐(1)"
가톨릭대,신학과,신학과,,,,,,,3.43,3.18,2.7,4.19,92.5,3/2,"국수 중 1개, 탐(1)"
가톨릭대,신학과,신학과,,,,,,,3.43,3.18,2.7,4.19,85,1/3,국수영탐(1)
가톨릭대,심리학과,심리학과,1.35,1.43,,,,,1.72,1.72,1.51,1.51,85,1/3,국수영탐(1)
가톨릭대,심리학과,심리학과,1.35,1.43,,,,,1.72,1.72,1.51,1.51,92.5,3/2,"국수 중 1개, 탐(1)"
가톨릭대,아동학과,아동학과,1.64,1.65,,,,,2.14,2.21,1.88,1.88,85,1/3,국수영탐(1)
가톨릭대,아동학과,아동학과,1.64,1.65,,,,,2.14,2.21,1.88,1.88,92.5,3/2,"국수 중 1개, 탐(1)"
가톨릭대,약학과,약학과,1,1,,,,,1.14,1.16,,,96.6,1/2,국수탐(2)
가톨릭대,에너지환경공학과,에너지환경공학과,1.51,1.55,,,,,1.74,1.74,1.71,1.91,86.7,1/3,국수영탐(1)
가톨릭대,에너지환경공학과,에너지환경공학과,1.51,1.55,,,,,1.74,1.74,1.71,1.91,93,4/3,"국수 중 1개, 탐(1)"
가톨릭대,영어영문학부,영어영문학부,1.71,1.71,,,,,2.5,2.93,2.21,2.51,85,1/3,국수영탐(1)
가톨릭대,영어영문학부,영어영문학부,1.71,1.71,,,,,2.5,2.93,2.21,2.51,92.5,3/2,"국수 중 1개, 탐(1)"
가톨릭대,의류학과,의류학과,1.59,1.64,,,,,2.1,2.1,2,2.09,86.7,1/3,국수영탐(1)
가톨릭대,의류학과,의류학과,1.59,1.64,,,,,2.1,2.1,2,2.09,93,4/3,"국수 중 1개, 탐(1)"
가톨릭대,의생명과학과,의생명과학과,1.86,1.86,,,,,1.61,1.65,1.6,1.65,88,3/2,국수영탐(1)
가톨릭대,인공지능학과,인공지능학과,1.59,1.59,,,,,1.9,2.14,1.92,2.09,86.4,1/4,국수영탐(1)
가톨릭대,인문사회계열,인문사회계열,1.6,1.64,,,,,2.1,3.02,,,85,1/3,국수영탐(1)
가톨릭대,인문사회계열,인문사회계열,1.6,1.64,,,,,2.1,3.02,,,92.5,3/2,"국수 중 1개, 탐(1)"
가톨릭대,일어일본문화학과,일어일본문화학과,1.49,1.53,,,,,3.41,3.48,3.24,3.3,85,1/3,국수영탐(1)
가톨릭대,일어일본문화학과,일어일본문화학과,1.49,1.53,,,,,3.41,3.48,3.24,3.3,92.5,3/2,"국수 중 1개, 탐(1)"
가톨릭대,자연공학계열,자연공학계열,1.57,1.59,,,,,1.74,1.83,,,86.7,1/3,국수영탐(1)
가톨릭대,자연공학계열,자연공학계열,1.57,1.59,,,,,1.74,1.83,,,93,4/3,"국수 중 1개, 탐(1)"
가톨릭대,자유전공학부,자유전공학부,1.58,1.6,,,,,,,,,84.9,2/3,국수영탐(1)
가톨릭대,자유전공학부,자유전공학부,1.58,1.6,,,,,,,,,92.5,2/2,"국수 중 1개, 탐(1)"
가톨릭대,정보통신전자공학부,정보통신전자공학부,1.52,1.54,,,,,1.82,1.85,1.97,1.99,86.7,1/3,국수영탐(1)
가톨릭대,정보통신전자공학부,정보통신전자공학부,1.52,1.54,,,,,1.82,1.85,1.97,1.99,93,4/3,"국수 중 1개, 탐(1)"
가톨릭대,중국언어문화학과,중국언어문화학과,1.75,1.75,,,,,2.87,3.22,2.94,2.94,85,1/3,국수영탐(1)
가톨릭대,중국언어문화학과,중국언어문화학과,1.75,1.75,,,,,2.87,3.22,2.94,2.94,92.5,3/2,"국수 중 1개, 탐(1)"
가톨릭대,철학과,철학과,1.51,1.51,,,,,2.13,2.87,1.76,1.76,85,1/3,국수영탐(1)
가톨릭대,철학과,철학과,1.51,1.51,,,,,2.13,2.87,1.76,1.76,92.5,3/2,"국수 중 1개, 탐(1)"
가톨릭대,컴퓨터정보공학부,컴퓨터정보공학부,1.71,1.98,,,,,1.85,1.97,2.17,2.43,86.7,1/3,국수영탐(1)
가톨릭대,컴퓨터정보공학부,컴퓨터정보공학부,1.71,1.98,,,,,1.85,1.97,2.17,2.43,93,4/3,"국수 중 1개, 탐(1)"
가톨릭대,특수교육과,특수교육과,1.67,1.73,,,,,2.15,2.28,,,83.7,4/2,국수영탐(1)
가톨릭대,프랑스어문화학과,프랑스어문화학과,1.68,1.72,,,,,2.18,2.54,,,85,1/3,국수영탐(1)
가톨릭대,프랑스어문화학과,프랑스어문화학과,1.68,1.72,,,,,2.18,2.54,,,92.5,3/2,"국수 중 1개, 탐(1)"
가톨릭대,행정학과,행정학과,1.7,1.7,,,,,1.87,1.87,1.93,1.93,85,1/3,국수영탐(1)
가톨릭대,행정학과,행정학과,1.7,1.7,,,,,1.87,1.87,1.93,1.93,92.5,3/2,"국수 중 1개, 탐(1)"
가톨릭대,화학과,화학과,1.45,1.5,,,,,1.88,1.88,1.87,1.95,86.7,1/3,국수영탐(1)
가톨릭대,화학과,화학과,1.45,1.5,,,,,1.88,1.88,1.87,1.95,93,4/3,"국수 중 1개, 탐(1)"
가톨릭대,회계학과,회계학과,1.61,1.64,,,,,1.99,2,1.92,1.97,85,1/3,국수영탐(1)
가톨릭대,회계학과,회계학과,1.61,1.64,,,,,1.99,2,1.92,1.97,92.5,3/2,"국수 중 1개, 탐(1)"
가톨릭대,간호학과,간호학과,,,,,,,,,,,,-/-,국수탐(2)
가톨릭대,의예과,의예과,,,,,,,,,,,99.25,2/1,국수탐(2)
감리교신학대,신학부,신학부,3.09,3.34,3.15,3.71,,,,,,,45.2,5/-,국영탐(1)
강남대,교육학과,교육학과,,,,,,,2.41,2.49,,,75.4,4/-,국수영탐(1)
강남대,글로벌문화콘텐츠대학,글로벌문화콘텐츠대학,1.71,1.72,,,,,2.28,2.38,,,75.25,2/-,국수영탐(1)
강남대,디자인학과,디자인학과,,,,,,,,,,,,-/-,
강남대,법행정세무학부,법행정세무학부,1.87,1.88,,,,,2.34,2.49,,,75.95,3/-,국수영탐(1)
강남대,법행정세무학부(야),법행정세무학부(야),1.92,1.94,,,,,2.98,3.06,,,71.5,3/-,국수영탐(1)
강남대,복지융합대학,복지융합대학,1.72,1.79,,,,,2.36,2.43,,,74.35,3/-,국수영탐(1)
강남대,부동산건설학부,부동산건설학부,1.88,1.97,,,,,2.63,2.85,,,74.7,3/-,국수영탐(1)
강남대,사회복지학부(야),사회복지학부(야),1.99,1.99,,,,,2.86,3,,,71.1,4/-,국수영탐(1)
강남대,상경학부,상경학부,1.75,1.77,,,,,2.41,2.5,,,75.45,3/-,국수영탐(1)
강남대,상경학부(야),상경학부(야),1.97,2.03,,,,,2.97,3.11,,,71.9,4/-,국수영탐(1)
강남대,유아교육과,유아교육과,,,,,,,2.49,2.64,,,74.1,4/-,국수영탐(1)
강남대,인공지능융합공학부,인공지능융합공학부,1.91,1.94,,,,,2.56,2.61,,,76.5,4/-,국수영탐(1)
강남대,자유전공학부,자유전공학부,1.77,1.77,,,,,2.41,2.49,,,77,5/-,국수영탐(1)
강남대,전자반도체공학부,전자반도체공학부,1.88,1.88,,,,,2.42,2.49,,,77.05,3/-,국수영탐(1)
강남대,중등특수교육과,중등특수교육과,,,,,,,2.36,2.49,,,75.55,3/-,국수영탐(1)
강남대,초등특수교육과,초등특수교육과,,,,,,,2.41,2.5,,,76,3/-,국수영탐(1)
강남대,컴퓨터공학부,컴퓨터공학부,1.88,1.92,,,,,2.48,2.56,,,74.75,3/-,국수영탐(1)
강서대,간호학과,간호학과,1.94,2.32,,,,,,,,,82.8568,4/2,국수탐(1)
강서대,G2빅데이터경영학과,경영학과,2.22,2.33,2.4,2.59,,,,,,,68,4/2,국수탐(1)
강서대,사회복지학과,사회복지학과,2.4,2.45,2.65,2.89,,,,,,,73,4/4,국수탐(1)
강서대,상담심리학과,상담심리학과,2.33,2.65,1.91,2.09,,,,,,,76,5/3,국수탐(1)
강서대,식품영양학과,식품영양학과,2.65,2.66,2.22,2.25,,,,,,,78.286,4/3,국수탐(1)
강서대,신학과,신학과,2.56,3.24,2.86,2.81,,,,,,,63.5,4/2,국수탐(1)
강원대,AI융합학과,AI융합학과,2.05,2.06,,,,,2.23,2.08,,,72.05,3/3,국수영탐(2)
강원대,가정교육과,가정교육과,2.12,2.18,,,,,,,,,74.9,4/4,국수영탐(2)
강원대,간호학과,간호학과,1.59,1.6,,,,,1.7,1.63,1.73,1.57,83.3,3/4,국수영탐(2)
강원대,건축공학과,건축공학과,2.04,2.07,,,,,2.42,2.46,,,72.8,3/3,국수영탐(2)
강원대,건축학과(5),건축학과(5),1.72,1.72,,,,,2.08,2.37,,,76,4/4,국수영탐(2)
강원대,경영・회계학부,경영・회계학부,1.9,1.96,,,,,2.1,2.24,2.12,2.21,79.8,3/1,국수영탐(2)
강원대,경영대학 자유전공학과,경영대학 자유전공학과,1.94,1.97,,,,,,,,,80.3,3/4,국수영탐(2)
강원대,경제・정보통계학부,경제・정보통계학부,2.06,2.09,,,,,2.12,2.07,2.1,2.22,79.8,4/1,국수영탐(2)
강원대,과학교육학부,과학교육학부,1.93,2.03,,,,,2.02,1.97,,,76.3,3/4,국수영탐(2)
강원대,관광경영학과,관광경영학과,1.99,2.07,,,,,2.16,2.12,2.31,2.4,78.9,3/3,국수영탐(2)
강원대,교육학과,교육학과,,,,,,,2.3,1.93,,,80.1,4/3,국수영탐(2)
강원대,국어교육과,국어교육과,1.65,1.72,,,,,1.83,1.93,,,82,4/1,국수영탐(2)
강원대,국어국문학과,국어국문학과,2.01,2.1,,,,,2.49,2.26,2.37,2.3,79.1,3/2,국수영탐(2)
강원대,국제무역학과,국제무역학과,1.99,2.02,,,,,2.13,2.23,2.11,2.24,80.4,3/2,국수영탐(2)
강원대,기계융합공학부,기계융합공학부,2.06,2.11,,,,,2.2,2.15,2.27,2.14,74.2,4/4,국수영탐(2)
강원대,독어독문학과,독어독문학과,2.15,2.17,,,,,2.48,2.58,,,78.5,4/1,국수영탐(2)
강원대,동물산업융합학과,동물산업융합학과,2.05,2.14,,,,,2.37,2.4,2.56,2.72,77,3/3,국수영탐(2)
강원대,동물생명과학대학 자유전공학과,동물생명과학대학 자유전공학과,2.41,2.47,,,,,,,,,75.9,4/7,국수영탐(2)
강원대,동물응용과학과,동물응용과학과,2.05,2.1,,,,,2.27,2.46,2.59,2.46,77.55,4/6,국수영탐(2)
강원대,동물자원과학과,동물자원과학과,2.07,2.12,,,,,2.29,2.19,2.68,2.28,74.5,4/3,국수영탐(2)
강원대,디지털밀리터리학과,디지털밀리터리학과,2.22,2.36,,,,,2.35,2.14,,,,-/-,국수영탐(2)
강원대,문화예술・공과대학 자유전공학과,문화예술・공과대학 자유전공학과,2.25,2.31,,,,,,,,,66.5,4/3,국수영탐(2)
강원대,문화인류학과,문화인류학과,2.12,2.12,,,,,2.18,2.45,,,79.2,3/5,국수영탐(2)
강원대,미디어커뮤니케이션학과,미디어커뮤니케이션학과,1.81,1.88,,,,,1.79,1.84,,,80.9,4/2,국수영탐(2)
강원대,스마트팜융합바이오시스템공학과,바이오시스템공학과,2.08,2.1,,,,,2.28,2.13,,,77.45,3/1,국수영탐(2)
강원대,반도체물리학과,반도체물리학과,2.16,2.29,,,,,2.23,2.21,,,,-/-,국수영탐(2)
강원대,배터리융합공학과,배터리융합공학과,2.07,2.15,,,,,2.24,2.21,2.34,2.29,69.45,3/5,국수영탐(2)
강원대,부동산학과,부동산학과,2.06,2.07,,,,,,,,,79.9,4/4,국수영탐(2)
강원대,분자생명과학과,분자생명과학과,2.19,2.35,,,,,2.36,2.05,,,71.55,3/5,국수영탐(2)
강원대,불어불문학과,불어불문학과,2.3,2.32,,,,,2.13,2.25,,,78.8,4/4,국수영탐(2)
강원대,사학과,사학과,2.06,2.07,,,,,2.01,2.15,2.21,2.19,79.2,3/1,국수영탐(2)
강원대,사회과학대학 자유전공학과,사회과학대학 자유전공학과,2.08,2.12,,,,,,,,,79.5,2/3,국수영탐(2)
강원대,사회학과,사회학과,1.91,2.01,,,,,1.92,2.24,,,79,4/3,국수영탐(2)
강원대,산림경영학과,산림경영학과,2.09,2.09,,,,,2.52,2.17,,,77,4/6,국수영탐(2)
강원대,산림바이오소재공학과,산림바이오소재공학과,2.23,2.29,,,,,2.09,2.15,,,79.05,4/3,국수영탐(2)
강원대,산림자원학과,산림자원학과,1.99,1.99,,,,,1.43,2.3,,,78.7,4/6,국수영탐(2)
강원대,산림환경과학대학 자유전공학과,산림환경과학대학 자유전공학과,2.07,2.2,,,,,,,,,76.5,4/4,국수영탐(2)
강원대,산림환경보호학과,산림환경보호학과,1.91,1.94,,,,,1.65,2.15,,,78.5,3/3,국수영탐(2)
강원대,생명・환경융합학부,생명・환경융합학부,1.98,2.06,,,,,2.23,2.25,1.95,2.41,78.35,4/4,국수영탐(2)
강원대,생명건강공학과,생명건강공학과,2.04,2.1,,,,,1.72,1.88,,,65,4/7,국수영탐(2)
강원대,생명과학과,생명과학과,1.99,2,,,,,1.96,2.01,,,74.5,3/3,국수영탐(2)
강원대,생물의소재공학과,생물의소재공학과,2.13,2.17,,,,,2.23,2.36,,,63.35,4/3,국수영탐(2)
강원대,생물자원과학부,생물자원과학부,1.97,2.08,,,,,2.39,2.18,2.49,2.6,75.45,4/3,국수영탐(2)
강원대,생태조경디자인학과,생태조경디자인학과,2.01,2.04,,,,,1.63,1.52,,,78.75,3/4,국수영탐(2)
강원대,수의학과,수의학과,1,1.02,,,,,1.04,1.08,,,96.75,2/4,국수영탐(2)
강원대,수학과,수학과,2.06,2.27,,,,,2.22,2.12,,,72.9,3/2,국수영탐(2)
강원대,수학교육과,수학교육과,2.18,2.24,,,,,2.09,1.72,,,80.05,4/3,국수영탐(2)
강원대,스마트산업공학과,스마트산업공학과,2.22,2.27,,,,,2.4,2.35,,,70,3/2,국수영탐(2)
강원대,식품생명공학과,식품생명공학과,1.8,1.85,,,,,2.04,2.14,2.13,2.02,77.25,4/4,국수영탐(2)
강원대,식품자원경제학과,식품자원경제학과,2.18,2.18,,,,,2.21,2.31,,,78.9,4/2,국수영탐(2)
강원대,심리학과,심리학과,1.65,1.71,,,,,1.86,1.95,,,81.3,4/4,국수영탐(2)
강원대,약학과,약학과,1,1,,,,,1.03,1.04,,,96.55,2/2,국수영탐(2)
강원대,에너지자원공학과,에너지자원공학과,2.13,2.23,,,,,2.21,2.22,2.28,2.44,71.7,4/2,국수영탐(2)
강원대,역사교육과,역사교육과,,,,,,,1.68,1.67,,,82.2,4/1,국수영탐(2)
강원대,영상문화학과,영상문화학과,1.96,2.01,,,,,2.04,2.27,2.15,2.08,79.3,3/3,국수영탐(2)
강원대,영어교육과,영어교육과,1.88,1.94,,,,,1.88,1.68,,,82.1,2/3,국수영탐(2)
강원대,영어영문학과,영어영문학과,1.86,1.92,,,,,2.06,2.08,2.13,2.14,78.8,4/2,국수영탐(2)
강원대,원예학과,원예학과,2.25,2.25,,,,,2.58,2.77,,,,-/-,국수영탐(2)
강원대,윤리교육과,윤리교육과,1.86,1.88,,,,,1.7,1.8,,,81.7,4/3,국수영탐(2)
강원대,의생명공학과,의생명공학과,1.94,1.95,,,,,2.01,2.12,,,72.7,3/2,국수영탐(2)
강원대,의생명과학대학 자유전공학과,의생명과학대학 자유전공학과,2.13,2.19,,,,,,,,,75.25,4/5,국수영탐(2)
강원대,의생명시스템과학과,의생명시스템과학과,1.94,1.99,,,,,1.87,1.94,,,73.95,4/3,국수영탐(2)
강원대,의예과,의예과,1,1,,,,,1.09,1.07,,,98.15,2/1,국수영탐(2)
강원대,인문대학 자유전공학과,인문대학 자유전공학과,2.25,2.27,,,,,,,,,79.8,3/4,국수영탐(2)
강원대,일반사회교육과,일반사회교육과,1.75,1.9,,,,,1.57,1.84,,,82.8,3/1,국수영탐(2)
강원대,일본학과,일본학과,2.15,2.19,,,,,2.22,2.31,,,78.6,4/2,국수영탐(2)
강원대,자연과학대학 자유전공학과,자연과학대학 자유전공학과,2.32,2.5,,,,,,,,,73,3/3,국수영탐(2)
강원대,자유전공학부(인문계열),자유전공학부(인문계열),1.91,1.92,,,,,1.74,2.16,1.98,2.15,80.5,4/3,국수영탐(2)
강원대,자유전공학부(자연계열),자유전공학부(자연계열),1.88,1.91,,,,,1.97,2.05,2.28,2.27,80.5,3/2,국수영탐(2)
강원대,전기전자공학과,전기전자공학과,1.93,1.97,,,,,2,2.27,2.21,2.36,74.95,5/3,국수영탐(2)
강원대,전자공학과,전자공학과,2.07,2.08,,,,,2.13,2.2,2.46,2.39,70.8,5/6,국수영탐(2)
강원대,정치외교학과,정치외교학과,1.93,1.93,,,,,2.04,2.28,,,79.5,4/4,국수영탐(2)
강원대,중어중문학과,중어중문학과,2.19,2.24,,,,,2.31,2.5,2.36,2.68,77.8,2/1,국수영탐(2)
강원대,지리교육과,지리교육과,1.9,1.93,,,,,,,,,80.1,3/2,국수영탐(2)
강원대,지역건설공학과,지역건설공학과,2.04,2.2,,,,,2.28,2.24,,,76.75,4/5,국수영탐(2)
강원대,지질・지구물리학부,지질・지구물리학부,2.12,2.19,,,,,2.38,2.36,2.43,2.56,71.05,5/3,국수영탐(2)
강원대,철학과,철학과,1.99,2.05,,,,,2.03,2.11,,,80.5,3/1,국수영탐(2)
강원대,컴퓨터공학과,컴퓨터공학과,2.09,2.2,,,,,1.78,2.27,2.43,2.21,72.45,4/1,국수영탐(2)
강원대,토목공학과,토목공학과,2.12,2.21,,,,,2.19,2.11,2.12,2.34,71.2,4/4,국수영탐(2)
강원대,펄프제지공학과,펄프제지공학과,2.25,2.29,,,,,2.6,2.68,,,75.6,4/3,국수영탐(2)
강원대,한문교육과,한문교육과,,,,,,,2.12,2.29,,,79.6,3/1,국수영탐(2)
강원대,행정학과,행정학과,1.85,1.92,,,,,2.04,1.61,,,79.6,4/1,국수영탐(2)
강원대,화공・생물공학부,화공・생물공학부,1.9,1.95,,,,,1.92,2.04,1.99,2.14,71.4,2/2,국수영탐(2)
강원대,화학・생화학부,화학・생화학부,1.97,2.01,,,,,2.13,2.19,2.41,2.45,71.6,4/2,국수영탐(2)
강원대,환경공학과,환경공학과,1.97,2.05,,,,,2.04,2.12,2.42,2.43,68.3,5/5,국수영탐(2)
강원대(삼척),간호학과,간호학과,1.7,1.72,,,,,2.13,2.21,2.21,2.24,90.75,4/3,국수영탐(2) 중 2개
강원대(삼척),경제금융학과,경제금융학과,2.88,3.15,,,,,,,,,87.25,4/4,국수영탐(2) 중 2개
강원대(삼척),공공행정학과,공공행정학과,2.95,3.09,,,,,,,,,90,3/6,국수영탐(2) 중 2개
강원대(삼척),생활조형디자인학과,공예디자인학과,,,,,,,3.41,3.41,,,,-/-,
강원대(삼척),공학대학 자유전공학과,공학대학 자유전공학과,3.88,4.07,,,,,,,,,83,3/4,국수영탐(2) 중 2개
강원대(삼척),관광학과,관광학과,3.12,3.23,,,,,,,,,84.25,4/5,국수영탐(2) 중 2개
강원대(삼척),그린에너지공학과,그린에너지공학과,3.83,4.51,,,,,3.74,3.8,,,84,4/3,국수영탐(2) 중 2개
강원대(삼척),기계공학과,기계공학과,3.41,3.85,,,,,3.2,3.41,,,82.5,4/1,국수영탐(2) 중 2개
강원대(삼척),도시건축학과(5년제),도시건축학과(5년제),2.59,2.7,,,,,3.05,3.16,,,88.5,3/3,국수영탐(2) 중 2개
강원대(삼척),물리치료학과,물리치료학과,1.63,1.63,,,,,2.08,2.1,1.95,2.1,89.5,4/7,국수영탐(2) 중 2개
강원대(삼척),미래토목건설공학과,미래토목건설공학과,3.4,3.46,,,,,3.41,4.56,,,86.25,4/4,국수영탐(2) 중 2개
강원대(삼척),바이오기능성소재학과,바이오기능성소재학과,3.17,3.93,,,,,,,,,84,4/2,국수영탐(2) 중 2개
강원대(삼척),방사선학과,방사선학과,1.36,1.52,,,,,2.09,2.38,2.21,2.25,89,3/2,국수영탐(2) 중 2개
강원대(삼척),사회복지학과,사회복지학과,2.28,2.29,,,,,2.72,2.79,3.25,3.25,84.5,3/4,국수영탐(2) 중 2개
강원대(삼척),소방방재학부,소방방재학부,2.88,2.97,,,,,3.05,3.16,,,81.5,3/5,국수영탐(2) 중 2개
강원대(삼척),식품영양학과,식품영양학과,2.55,2.66,,,,,3.38,3.89,,,84.5,3/2,국수영탐(2) 중 2개
강원대(삼척),안경광학과,안경광학과,3.14,3.36,,,,,,,,,85.75,3/4,국수영탐(2) 중 2개
강원대(삼척),영어과,영어과,3.21,3.61,,,,,,,,,84.5,4/4,국수영탐(2) 중 2개
강원대(삼척),유아교육과,유아교육과,,,,,,,2.79,2.79,,,,-/-,국수영탐(2) 중 2개
강원대(삼척),응급구조학과,응급구조학과,2.04,2.04,,,,,2.51,2.56,2.37,2.79,88.75,3/1,국수영탐(2) 중 2개
강원대(삼척),인문사회대학 자유전공학과,인문사회대학 자유전공학과,2.86,3.06,,,,,,,,,86.5,3/1,국수영탐(2) 중 2개
강원대(삼척),일본학과,일본학과,2.77,3.03,,,,,,,,,,-/-,국수영탐(2) 중 2개
강원대(삼척),자유전공학부(인문계열),자유전공학부(인문계열),3.24,3.5,,,,,,,,,83.5,4/3,국수영탐(2) 중 2개
강원대(삼척),자유전공학부(자연계열),자유전공학부(자연계열),3.72,3.81,,,,,,,,,82.5,4/5,국수영탐(2) 중 2개
강원대(삼척),작업치료학과,작업치료학과,2.25,2.29,,,,,2.75,3.11,,,83.5,4/5,국수영탐(2) 중 2개
강원대(삼척),전기공학과,전기공학과,2.72,2.88,,,,,3.37,3.37,,,87.5,4/3,국수영탐(2) 중 2개
강원대(삼척),첨단AI공학과,첨단AI공학과,3.47,3.91,,,,,3.57,4.6,3.05,3.05,81.5,4/3,국수영탐(2) 중 2개
강원대(삼척),치위생학과,치위생학과,2.31,2.35,,,,,2.65,2.73,3.14,3.2,89,2/3,국수영탐(2) 중 2개
강원대(삼척),휴먼스포츠학과,휴먼스포츠학과,2.64,2.68,,,,,2.67,2.92,,,,-/-,
건국대,KU자유전공학부,KU자유전공학부,,,,,,,1.69,1.99,,,87.66666666666667,3/1,국수영탐(2)
건국대,KU자유전공학부,KU자유전공학부,,,,,,,1.69,1.99,,,85.11111111111111,3/1,국수영탐(2)
건국대,건축학부,건축학부,1.27,1.24,,,,,1.55,1.63,,,87.55555555555556,2/1,국수영탐(2)
건국대,경영학과,경영학과,1.24,1.31,,,,,1.49,1.61,,,86.11111111111111,2/1,국수영탐(2)
건국대,경제학과,경제학과,1.23,1.3,,,,,1.49,1.57,,,89.77777777777777,2/2,국수영탐(2)
건국대,공과대학자유전공학부,공과대학자유전공학부,1.23,1.25,,,,,,,,,91.66666666666667,3/4,국수영탐(2)
건국대,교육공학과,교육공학과,,,,,,,1.5,1.54,,,88.88888888888889,4/1,국수영탐(2)
건국대,국어국문학과,국어국문학과,,,,,,,1.55,1.57,,,88.66666666666667,3/2,국수영탐(2)
건국대,국제무역학과,국제무역학과,1.41,1.41,,,,,1.63,1.63,,,90.22222222222223,2/1,국수영탐(2)
건국대,기계・로봇・자동차공학부,기계・로봇・자동차공학부,1.21,1.19,,,,,1.23,1.23,,,92.44444444444444,3/3,국수영탐(2)
건국대,기술경영학과,기술경영학과,,,,,,,2.37,2.54,,,90.22222222222223,2/4,국수영탐(2)
건국대,동물자원・식품과학・유통학부,동물자원과학과,1.22,1.22,,,,,1.44,1.56,,,91,4/2,국수영탐(2)
건국대,문과대학자유전공학부,문과대학자유전공학부,1.35,1.48,,,,,,,,,,-/-,
건국대,문화콘텐츠학과,문화콘텐츠학과,1.3,1.3,,,,,1.52,1.63,,,87.33333333333333,3/2,국수영탐(2)
건국대,물리학과,물리학과,1.22,1.26,,,,,1.49,1.54,,,90.77777777777777,4/4,국수영탐(2)
건국대,미디어커뮤니케이션학과,미디어커뮤니케이션학과,1.28,1.23,,,,,1.44,1.59,,,86.33333333333333,3/1,국수영탐(2)
건국대,부동산학과,부동산학과,1.27,1.27,,,,,2.05,2.95,,,89.44444444444444,3/3,국수영탐(2)
건국대,사학과,사학과,,,,,,,1.51,1.54,,,86.33333333333333,3/3,국수영탐(2)
건국대,사회환경공학부,사회환경공학부,1.27,1.31,,,,,1.72,1.77,,,89.88888888888889,3/1,국수영탐(2)
건국대,산업공학과,산업공학과,,,,,,,1.47,1.57,,,89.33333333333333,2/2,국수영탐(2)
건국대,시스템생명공학과,생명공학부,,,,,,,1.22,1.3,,,91,1/4,국수영탐(2)
건국대,융합생명공학과,생명공학부,,,,,,,1.23,1.25,,,92.55555555555556,3/2,국수영탐(2)
건국대,생명과학특성학과,생명과학과,,,,,,,1.34,1.35,,,90.11111111111111,3/1,국수영탐(2)
건국대,생물공학과,생물공학과,,,,,,,1.3,1.36,,,90.66666666666667,2/3,국수영탐(2)
건국대,수의예과,수의예과,1,1,,,,,1.1,1.15,,,96.88888888888889,2/1,국수영탐(2)
건국대,수학과,수학과,1.27,1.35,,,,,1.41,1.46,,,90.77777777777777,3/1,국수영탐(2)
건국대,수학교육과,수학교육과,1.14,1.17,,,,,1.39,1.4,,,91.33333333333333,3/2,국수영탐(2)
건국대,식량자원과학과,식량자원과학과,,,,,,,1.48,1.64,,,89.22222222222223,2/4,국수영탐(2)
건국대,동물자원・식품과학・유통학부,식품융합학부,1.22,1.22,,,,,1.44,1.56,,,91,4/2,국수영탐(2)
건국대,영어교육과,영어교육과,1.35,1.35,,,,,1.42,1.45,,,88,3/4,국수영탐(2)
건국대,영어영문학과,영어영문학과,1.3,1.3,,,,,1.65,1.83,,,85.55555555555556,3/3,국수영탐(2)
건국대,응용통계학과,응용통계학과,1.19,1.19,,,,,1.5,1.55,,,90,2/1,국수영탐(2)
건국대,컴퓨터공학부,인공지능학과,1.17,1.18,,,,,1.47,1.51,,,91.11111111111111,2/1,국수영탐(2)
건국대,일어교육과,일어교육과,,,,,,,2.19,2.35,,,,-/-,국수영탐(2)
건국대,재료공학과,재료공학과,1.15,1.15,,,,,1.34,1.38,,,91.44444444444444,2/2,국수영탐(2)
건국대,전기전자공학부,전기전자공학부,1.06,1.07,,,,,1.36,1.4,,,92.77777777777777,3/2,국수영탐(2)
건국대,정치외교학과,정치외교학과,,,,,,,1.42,1.59,,,89.44444444444444,4/2,국수영탐(2)
건국대,중어중문학과,중어중문학과,,,,,,,2.63,2.79,,,85.88888888888889,1/2,국수영탐(2)
건국대,지리학과,지리학과,,,,,,,1.67,1.74,,,,-/-,국수영탐(2)
건국대,철학과,철학과,,,,,,,1.75,2.04,,,,-/-,국수영탐(2)
건국대,첨단바이오공학부,첨단바이오공학부,,,,,,,1.4,2.25,,,91.77777777777777,3/4,국수영탐(2)
건국대,컴퓨터공학부,컴퓨터공학과,1.17,1.18,,,,,1.47,1.51,,,91.11111111111111,2/1,국수영탐(2)
건국대,항공우주・모빌리티공학과,항공우주・모빌리티공학과,,,,,,,1.7,2.05,,,87.66666666666667,2/2,국수영탐(2)
건국대,행정학과,행정학과,1.28,1.38,,,,,1.54,1.69,,,88.55555555555556,1/1,국수영탐(2)
건국대,화공・생명・에너지공학부,화공・생명・에너지공학부,1.07,1.07,,,,,1.34,1.38,,,91.55555555555556,2/2,국수영탐(2)
건국대,화학과,화학과,,,,,,,1.31,1.35,,,88.77777777777777,3/1,국수영탐(2)
건국대,환경보건・산림조경학부,환경생태과학부,,,,,,,1.45,1.53,,,91.22222222222223,3/1,국수영탐(2)
건국대(글로컬),KU자유전공학부,KU자유전공학부,2.37,2.45,,,,,2.94,3.02,,,89,4/-,국수영탐(1) 중 2개
건국대(글로컬),간호학과,간호학과,1.39,1.44,,,,,1.78,1.84,,,94.55,-/-,국수영탐(1) 중 2개
건국대(글로컬),경영학과,경영학과,2.12,2.19,,,,,2.8,2.83,,,85,4/-,국수영탐(1) 중 2개
건국대(글로컬),경제통상학과,경제통상학과,2.24,2.41,,,,,3.06,3.16,,,88.5,3/-,국수영탐(1) 중 2개
건국대(글로컬),경찰학과,경찰학과,1.62,1.96,,,,,2.24,2.25,,,91,3/-,국수영탐(1) 중 2개
건국대(글로컬),녹색기술융합학과,녹색기술융합학과,2.42,2.51,,,,,2.98,3.19,,,88,3/-,국수영탐(1) 중 2개
건국대(글로컬),동화・한국어문화학과,동화・한국어문화학과,2.23,2.39,,,,,2.78,2.96,,,88,2/-,국수영탐(1) 중 2개
건국대(글로컬),메카트로닉스공학과,메카트로닉스공학과,2.45,2.56,,,,,3.07,3.13,,,88.4,4/-,국수영탐(1) 중 2개
건국대(글로컬),문헌정보학과,문헌정보학과,2,2,,,,,2.46,2.52,,,89.5,4/-,국수영탐(1) 중 2개
건국대(글로컬),바이오메디컬공학과,바이오메디컬공학과,2.49,2.64,,,,,2.97,3.14,,,88.7,3/-,국수영탐(1) 중 2개
건국대(글로컬),바이오의약학과,바이오의약학과,1.97,2,,,,,2.71,2.92,,,87.5,4/-,국수영탐(1) 중 2개
건국대(글로컬),뷰티화장품학과,뷰티화장품학과,1.51,1.72,,,,,2.61,2.77,,,89.5,4/-,국수영탐(1) 중 2개
건국대(글로컬),사회복지학과,사회복지학과,2.29,2.37,,,,,2.81,2.86,,,89,-/-,국수영탐(1) 중 2개
건국대(글로컬),생명공학과,생명공학과,2.12,2.18,,,,,2.66,2.82,,,81.8,4/-,국수영탐(1) 중 2개
건국대(글로컬),소방방재융합학과,소방방재융합학과,1.72,2.08,,,,,2.73,2.82,,,84.5,4/-,국수영탐(1) 중 2개
건국대(글로컬),식품영양학과,식품영양학과,1.69,2.01,,,,,2.78,2.84,,,88,3/-,국수영탐(1) 중 2개
건국대(글로컬),신문방송학과,신문방송학과,1.98,2.19,,,,,2.59,2.65,,,88.5,3/-,국수영탐(1) 중 2개
건국대(글로컬),에너지신소재공학과,에너지신소재공학과,2.58,2.68,,,,,2.68,2.96,,,90.9,3/-,국수영탐(1) 중 2개
건국대(글로컬),영어문화학과,영어문화학과,2.23,2.28,,,,,2.86,3.02,,,87.5,3/-,국수영탐(1) 중 2개
건국대(글로컬),유아교육과,유아교육과,2.39,2.42,,,,,2.78,2.9,,,87,3/-,국수영탐(1) 중 2개
건국대(글로컬),의예과,의예과,,,,,,,1.11,1.11,,,98.4375,2/-,국수영탐(2)
건국대(글로컬),컴퓨터공학과,컴퓨터공학과,2.31,2.38,,,,,2.87,2.96,,,89,3/-,국수영탐(1) 중 2개
건양대,간호학과,간호학과,1.32,1.4,,,,,1.62,1.67,,,,-/-,국수영탐(1) 중 3개
건양대,물리치료학과,물리치료학과,1.65,1.69,,,,,1.87,1.94,,,,-/-,국수영탐(1) 중 3개
건양대,방사선학과,방사선학과,1.59,1.68,,,,,1.97,2.17,,,,-/-,국수영탐(1) 중 3개
건양대,병원경영학과,병원경영학과,1.98,2.1,,,,,2.4,2.4,,,,-/-,국수영탐(1) 중 3개
건양대,안경광학과,안경광학과,2.12,2.21,,,,,2.53,2.75,,,,-/-,국수영탐(1) 중 3개
건양대,응급구조학과,응급구조학과,1.39,1.44,,,,,1.72,1.89,,,,-/-,국수영탐(1) 중 3개
건양대,의공학과,의공학과,2.3,2.34,,,,,2.79,2.97,,,,-/-,국수영탐(1) 중 2개
건양대,의료IT공학과,의료IT공학과,2.52,2.74,,,,,,,,,,-/-,국수영탐(1) 중 2개
건양대,의료공간디자인학과,의료공간디자인학과,2.69,2.88,,,,,3.17,3.37,,,,-/-,국수영탐(1) 중 2개
건양대,의료신소재학과,의료신소재학과,2.5,2.63,,,,,,,,,,-/-,국수영탐(1) 중 2개
건양대,의학과(의예과),의학과(의예과),1,1,,,,,,,,,98.25,2/1,국수영탐(2)
건양대,인공지능학과,인공지능학과,2.75,2.87,,,,,,,,,,-/-,국수영탐(1) 중 2개
건양대,임상병리학과,임상병리학과,1.77,1.85,,,,,1.99,2.08,,,,-/-,국수영탐(1) 중 3개
건양대,작업치료학과,작업치료학과,2.24,2.3,,,,,2.79,3.02,,,,-/-,국수영탐(1) 중 3개
건양대,제약생명공학과,제약생명공학과,1.76,1.85,,,,,2.05,2.26,,,,-/-,국수영탐(1) 중 2개
건양대,치위생학과,치위생학과,1.94,2.01,,,,,2.15,2.39,,,,-/-,국수영탐(1) 중 3개
건양대,ND산업디자인학부,ND산업디자인학부,2.88,3.08,,,,,,,,,,-/-,국수영탐(1) 중 2개
건양대,국방XR학부,국방XR학부,2.79,2.87,,,,,,,,,,-/-,국수영탐(1) 중 2개
건양대,국방경찰행정학부,국방경찰행정학부,2.5,2.6,,,,,,,,,,-/-,국수영탐(1) 중 2개
건양대,국방반도체공학과,국방반도체공학과,3.07,3.72,,,,,,,,,,-/-,국수영탐(1) 중 2개
건양대,국방산업경영학부,국방산업경영학부,3,3.45,,,,,,,,,,-/-,국수영탐(1) 중 2개
건양대,군사학과,군사학과,2.87,3.23,,,,,,,,,,-/-,국수영탐(1) 중 2개
건양대,글로벌의료뷰티학전공,글로벌의료뷰티학전공,2.83,2.95,,,,,,,,,,-/-,국수영탐(1) 중 2개
건양대,기업소프트웨어학부,기업소프트웨어학부,2.69,3.07,,,,,,,,,,-/-,국수영탐(1) 중 2개
건양대,방위산업공학전공,방위산업공학전공,2.4,2.97,,,,,,,,,,-/-,
건양대,사회복지학과,사회복지학과,2.54,2.67,,,,,3.29,3.79,,,,-/-,국수영탐(1) 중 2개
건양대,스마트보안학과,스마트보안학과,2.97,3.47,,,,,2.99,3.26,,,,-/-,국수영탐(1) 중 2개
건양대,스마트팜학부,스마트팜학부,2.9,3.2,,,,,,,,,,-/-,국수영탐(1) 중 2개
건양대,스포츠의학전공,스포츠의학전공,1.8,1.92,,,,,2.56,2.78,,,,-/-,국수영탐(1) 중 2개
건양대,식품생명공학과,식품생명공학과,2.97,3.37,,,,,,,,,,-/-,국수영탐(1) 중 2개
건양대,심리상담치료학과,심리상담치료학과,2.21,2.23,,,,,2.76,2.87,,,,-/-,국수영탐(1) 중 2개
건양대,유무인항공학과,유무인항공학과,2.85,3.2,,,,,2.62,2.79,,,,-/-,국수영탐(1) 중 2개
건양대,유아교육과,유아교육과,2.26,2.47,,,,,2.97,3.36,,,,-/-,국수영탐(1) 중 2개
건양대,임상의약바이오학과,임상의약바이오학과,2.4,2.8,,,,,,,,,,-/-,국수영탐(1) 중 2개
건양대,재난안전소방학전공,재난안전소방학전공,2.79,2.88,,,,,,,,,,-/-,국수영탐(1) 중 2개
건양대,특수교육과,특수교육과,2.59,2.88,,,,,2.4,2.4,,,,-/-,국수영탐(1) 중 2개
경기대,AI컴퓨터공학부,AI컴퓨터공학부,1.91,1.97,1.81,1.83,,,2.03,2.1,2.24,2.29,82.55,3/5,국수영탐(1)
경기대,FineArts학부,FineArts학부,2.01,2.01,,,,,2.51,2.58,,,,-/-,
경기대,건축학과,건축학과,1.61,1.61,1.21,1.21,,,1.99,2.03,,,82.6,3/4,국수영탐(1)
경기대,경영학부,경영학부,1.82,1.84,1.51,1.64,,,2.13,2.23,,,81.8,3/3,국수영탐(1)
경기대,경제학부,경제학부,1.93,1.95,1.83,1.88,,,2.21,2.31,,,81.8,4/1,국수영탐(1)
경기대,공공안전학부,공공안전학부,1.52,1.67,1.23,1.32,,,1.76,1.89,,,84.05,2/3,국수영탐(1)
경기대,공공인재학부,공공인재학부,1.96,1.98,1.76,1.8,,,2.05,2.09,,,81.35,3/2,국수영탐(1)
경기대,국어국문학과,국어국문학과,2.01,2.03,1.84,1.96,,,2.2,2.25,,,81.05,5/4,국수영탐(1)
경기대,글로벌어문학부,글로벌어문학부,1.88,1.89,1.96,1.98,,,2.49,2.7,,,80.75,3/1,국수영탐(1)
경기대,기계시스템공학과,기계시스템공학과,1.72,1.81,1.65,1.81,,,2.04,2.13,,,83.2,2/1,국수영탐(1)
경기대,디자인비즈학부,디자인학부,,,,,,,2.27,2.36,,,,-/-,국수영탐(1)
경기대,무역학과,무역학과,1.83,1.91,1.8,1.86,,,2.18,2.22,,,81.45,2/4,국수영탐(1)
경기대,문헌정보학과,문헌정보학과,1.86,1.86,1.83,1.83,,,2.12,2.18,,,81.7,2/4,국수영탐(1)
경기대,바이오융합학부,바이오융합학부,1.69,1.85,1.76,1.81,,,1.91,1.99,,,83.05,4/4,국수영탐(1)
경기대,법학과,법학과,1.78,1.78,1.73,1.84,,,2.05,2.09,,,82.85,4/7,국수영탐(1)
경기대,사학과,사학과,1.91,1.91,1.72,1.72,,,2.05,2.25,,,80.6,3/1,국수영탐(1)
경기대,사회과학부,사회과학부,1.8,1.84,,,,,,,,,81.25,4/4,국수영탐(1)
경기대,휴먼서비스학부,사회복지・청소년학과,1.83,1.88,1.9,1.9,,,2.18,2.24,,,80.7,3/2,국수영탐(1)
경기대,사회에너지시스템공학과,사회에너지시스템공학과,1.86,1.89,1.83,2.01,,,2.13,2.15,,,81.85,3/1,국수영탐(1)
경기대,산업경영공학과,산업경영공학과,1.82,1.9,1.95,1.97,,,2.27,2.36,,,81.85,3/5,국수영탐(1)
경기대,소프트웨어경영학부,소프트웨어경영학부,1.95,1.97,,,,,,,,,81.55,3/2,국수영탐(1)
경기대,수학과,수학과,1.88,1.93,1.75,1.75,,,2.22,2.25,,,82,2/4,국수영탐(1)
경기대,스마트시티공학부,스마트시티공학부,1.85,1.94,1.99,1.99,,,2.27,2.31,,,82.05,4/3,국수영탐(1)
경기대,신소재화학공학부,신소재화학공학부,1.75,1.77,1.78,1.81,,,2.03,2.12,,,83.25,2/3,국수영탐(1)
경기대,영어영문학과,영어영문학과,1.85,1.86,1.87,1.87,,,2.11,2.19,,,80.8,2/3,국수영탐(1)
경기대,유아교육과,유아교육과,1.39,1.39,,,,,2.09,2.29,,,80.2,4/2,국수영탐(1)
경기대,융합과학부,융합과학부,1.81,1.81,,,,,,,,,80.95,3/4,국수영탐(1)
경기대,인문학부,인문학부,1.92,1.94,,,,,,,,,80.75,3/3,국수영탐(1)
경기대,전자공학부,전자공학부,1.8,1.83,1.37,1.69,,,2.09,2.14,,,83.65,3/4,국수영탐(1)
경기대,창의공학부,창의공학부,1.84,1.87,,,,,,,,,82.1,3/4,국수영탐(1)
경기대,화학과,화학과,1.83,1.98,2.21,2.21,,,1.99,2.06,,,81.6,2/5,국수영탐(1)
경기대,관광개발경영학과,관광개발경영학과,1.85,1.87,1.38,1.54,,,2.28,2.36,,,82.85,3/3,국수영탐(1)
경기대,관광문화콘텐츠학과,관광문화콘텐츠학과,1.9,1.92,1.11,1.15,,,2.23,2.24,,,81.95,2/3,국수영탐(1)
경기대,미디어영상학과,미디어영상학과,1.66,1.68,1.34,1.55,,,1.95,2,,,83.55,4/2,국수영탐(1)
경기대,호텔외식경영학부,호텔외식경영학부,1.72,1.78,1.11,1.11,,,1.96,1.99,,,81.65,3/3,국수영탐(1)
경남대,가정교육과,가정교육과,1.9,1.95,,,,,,,,,69.8,3/-,국수영탐(1)
경남대,간호학과,간호학과,1.74,1.85,2.01,2.01,,,,,,,73.6,3/-,국수영탐(1)
경남대,건축학부,건축학부,2.69,2.97,2.63,3.31,,,,,,,51.125,4/-,국수영탐(1)
경남대,게임학과,게임학과,2.69,2.86,2.75,2.92,,,,,,,26.925,5/-,국수영탐(1)
경남대,경영학부,경영학부,2.75,3.09,,,,,,,,,56.55,4/-,국수영탐(1)
경남대,경찰학과,경찰학과,2.12,2.28,,,,,,,,,54.3,4/-,국수영탐(1)
경남대,경호보안학과,경호보안학과,2.51,2.69,3.31,3.49,,,,,,,52.5,4/-,국수영탐(1)
경남대,교육학과,교육학과,1.85,1.95,,,,,,,,,65.15,4/-,국수영탐(1)
경남대,국어교육과,국어교육과,1.69,1.9,,,,,,,,,74.65,2/-,국수영탐(1)
경남대,군사학과,군사학과,2.58,2.72,2.34,2.4,,,,,,,,3/-,국수영탐(1) 중 3개
경남대,군사학과,군사학과,2.58,2.72,2.34,2.4,,,,,,,,3/-,국수영탐(1) 중 3개
경남대,기계공학부,기계공학부,2.46,2.58,,,,,,,,,48.25,4/-,국수영탐(1)
경남대,디지털공연영상학과,디지털공연영상학과,2.75,3.03,,,,,,,,,45.75,4/-,국수영탐(1)
경남대,디지털마케팅학과,디지털마케팅학과,2.8,2.92,,,,,,,,,49.5,5/-,국수영탐(1)
경남대,무역물류학과,무역물류학과,2.8,3.09,2.97,2.97,,,,,,,50.075,4/-,국수영탐(1)
경남대,문화유산복원예술학과,문화유산복원예술학과,2.34,2.63,2.63,3.2,,,,,,,49.625,4/-,국수영탐(1)
경남대,물리치료학과,물리치료학과,1.69,1.8,2.06,2.06,,,,,,,70.1,3/-,국수영탐(1)
경남대,미디어영상학과,미디어영상학과,2.17,2.28,2.34,2.75,,,,,,,43.5,5/-,국수영탐(1)
경남대,미래자동차학과,미래자동차학과,3.09,3.31,,,,,,,,,53.65,5/-,국수영탐(1)
경남대,미술교육과,미술교육과,2.06,2.34,,,,,,,,,,-/-,
경남대,법학과,법학과,2.63,2.8,,,,,,,,,53.75,4/-,국수영탐(1)
경남대,보건의료정보학과,보건의료정보학과,2.86,2.97,,,,,,,,,39,4/-,국수영탐(1)
경남대,사회복지학과,사회복지학과,2.34,2.51,,,,,,,,,56.375,4/-,국수영탐(1)
경남대,소방안전공학과,소방안전공학과,2.69,2.8,,,,,,,,,57.45,3/-,국수영탐(1)
경남대,수학교육과,수학교육과,1.8,2.01,,,,,,,,,71.4,3/-,국수영탐(1)
경남대,스마트기계융합공학전공,스마트기계융합공학전공,2.69,2.86,,,,,,,,,42.725,4/-,국수영탐(1)
경남대,스포츠재활학전공,스포츠재활학전공,2.12,2.28,2.58,2.58,,,,,,,,-/-,국수영탐(1)
경남대,식품영양학과,식품영양학과,2.46,2.63,3.14,3.14,,,,,,,51.025,4/-,국수영탐(1)
경남대,심리학과,심리학과,2.46,2.69,,,,,,,,,62.6,4/-,국수영탐(1)
경남대,여행항공관광학과,여행항공관광학과,3.09,3.43,,,,,,,,,51.625,4/-,국수영탐(1)
경남대,영어교육과,영어교육과,1.74,1.9,,,,,,,,,67.9,3/-,국수영탐(1)
경남대,외식조리학과,외식조리학과,2.46,2.75,,,,,,,,,37.05,4/-,국수영탐(1)
경남대,웹툰・디자인학과,웹툰・디자인학과,,,,,,,,,,,,-/-,
경남대,유아교육과,유아교육과,2.23,2.23,,,,,,,,,60.1,3/-,국수영탐(1)
경남대,음악교육과,음악교육과,2.46,2.46,,,,,,,,,,-/-,
경남대,응급구조학과,응급구조학과,2.34,2.46,,,,,,,,,52.8,4/-,국수영탐(1)
경남대,인공지능학과,인공지능학과,3.14,3.25,,,,,,,,,54.25,3/-,국수영탐(1)
경남대,일어교육과,일어교육과,1.95,2.06,,,,,,,,,65.85,3/-,국수영탐(1)
경남대,자유전공학부,자유전공학부,2.97,3.09,,,,,,,,,62.5,3/-,국수영탐(1)
경남대,작업치료학과,작업치료학과,2.51,2.63,,,,,,,,,38.75,4/-,국수영탐(1)
경남대,전기공학과,전기공학과,2.69,2.92,,,,,,,,,52.95,3/-,국수영탐(1)
경남대,제약공학과,제약공학과,2.97,3.03,,,,,,,,,50.625,4/-,국수영탐(1)
경남대,체육교육과,체육교육과,1.74,1.8,,,,,,,,,65.05,4/-,국수영탐(1)
경남대,컴퓨터공학부,컴퓨터공학부,2.69,3.09,,,,,,,,,36.75,4/-,국수영탐(1)
경남대,행정학과,행정학과,2.34,2.58,,,,,,,,,57.85,4/-,국수영탐(1)
경동대,간호학과,간호학과,2.05,2.13,1.9,2.29,,,,,,,,-/-,국수영탐(1)
경동대,물리치료학과,물리치료학과,2.11,2.18,,,,,,,,,,-/-,국수영탐(1)
경동대,응급구조학과,응급구조학과,2.5,2.64,,,,,,,,,,-/-,국수영탐(1)
경동대,임상병리학과,임상병리학과,2.39,2.44,,,,,,,,,,-/-,국수영탐(1)
경동대,작업치료학과,작업치료학과,3.02,3.13,,,,,,,,,,-/-,국수영탐(1)
경동대,치기공학과,치기공학과,2.93,3.11,,,,,,,,,,-/-,국수영탐(1)
경동대,치위생학과,치위생학과,2.65,2.75,,,,,,,,,,-/-,국수영탐(1)
경동대,건설시스템공학과,건설시스템공학과,3.06,3.2,,,,,,,,,31.333333333333332,4/-,국수영탐(1)
경동대,건축공학과,건축공학과,2.79,2.95,,,,,,,,,42,4/-,국수영탐(1)
경동대,건축디자인학과,건축디자인학과,2.88,2.98,,,,,,,,,23.666666666666668,3/-,국수영탐(1)
경동대,경영학과,경영학과,2.55,2.61,,,,,,,,,45.666666666666664,3/-,국수영탐(1)
경동대,경찰학과,경찰학과,2.31,2.44,,,,,,,,,48.666666666666664,4/-,국수영탐(1)
경동대,군사학과,군사학과,2.44,2.68,,,,,,,,,38.666666666666664,4/-,국수영탐(1)
경동대,디자인학과,디자인학과,2.39,2.47,,,,,,,,,35,4/-,국수영탐(1)
경동대,보건행정학과,보건행정학과,2.46,2.52,,,,,,,,,22,3/-,국수영탐(1)
경동대,사회복지학과,사회복지학과,2.38,2.39,,,,,,,,,38,4/-,국수영탐(1)
경동대,소프트웨어융합보안학과,소프트웨어융합보안학과,2.72,2.93,,,,,,,,,38,4/-,국수영탐(1)
경동대,스포츠마케팅학과,스포츠마케팅학과,2.59,2.73,,,,,,,,,32.333333333333336,4/-,국수영탐(1)
경동대,외식사업학과,외식사업학과,2.71,2.96,,,,,,,,,29,3/-,국수영탐(1)
경동대,유아교육과,유아교육과,2.71,2.88,,,,,,,,,28.666666666666668,4/-,국수영탐(1)
경동대,컴퓨터공학과,컴퓨터공학과,2.8,2.95,,,,,,,,,42.333333333333336,4/-,국수영탐(1)
경동대,항공서비스학과,항공서비스학과,3.02,3.12,3.36,3.07,,,,,,,29.666666666666668,3/-,국수영탐(1)
경동대,행정학과,행정학과,2.63,2.68,,,,,,,,,36.666666666666664,4/-,국수영탐(1)
경동대,호텔관광경영학과,호텔관광경영학과,2.8,2.9,,,,,,,,,25,4/-,국수영탐(1)
경동대,호텔조리학과,호텔조리학과,2.52,2.67,,,,,,,,,32,3/-,국수영탐(1)
경북대,IT대학 자율학부,AI대학 AI자율학부,1.89,1.91,,,,,1.96,1.97,,,86.14285714285714,2/3,국수영탐(2)
경북대,IT 첨단자율학부,IT 첨단자율학부,1.6,1.68,,,,,1.72,1.75,,,88.42857142857143,3/3,국수영탐(2)
경북대,가정교육과,가정교육과,1.66,1.99,,,,,2.1,2.13,,,84.14285714285714,3/1,국수영탐(2)
경북대,간호학과,간호학과,1.24,1.26,,,,,2.15,2.27,,,84.42857142857143,3/1,국수영탐(2)
경북대,건축학부(건축공학전공),건축학부(건축공학전공),1.71,1.71,,,,,2.21,2.29,,,82.57142857142857,2/1,국수영탐(2)
경북대,건축학부(건축학전공),건축학부(건축학전공),1.47,1.54,,,,,2.14,2.25,,,83.71428571428571,2/5,국수영탐(2)
경북대,경상대학 자율학부,경상대학 자율학부,1.7,1.76,,,,,1.93,1.95,,,83.14285714285714,2/3,국수영탐(2)
경북대,경영학부,경영학부,1.56,1.65,,,,,2.18,2.25,,,82,2/2,국수영탐(2)
경북대,경제통상학부,경제통상학부,1.69,1.77,,,,,2.16,2.33,,,80.71428571428571,2/1,국수영탐(2)
경북대,고고인류학과,고고인류학과,1.83,1.84,,,,,2.25,2.25,,,78.14285714285714,2/1,국수영탐(2)
경북대,고분자공학과,고분자공학과,1.55,1.57,,,,,2.13,2.26,,,84.85714285714286,2/2,국수영탐(2)
경북대,공과대학 자율학부,공과대학 자율학부,1.42,1.54,,,,,1.57,1.59,,,87.71428571428571,3/3,국수영탐(2)
경북대,공학 첨단자율학부,공학 첨단자율학부,1.64,1.66,,,,,1.8,1.84,,,85.85714285714286,3/2,국수영탐(2)
경북대,교육학과,교육학과,,,,,,,2.02,2.06,,,,-/-,국수영탐(2)
경북대,국어교육과,국어교육과,1.6,1.61,,,,,1.89,2.21,,,84.14285714285714,3/3,국수영탐(2)
경북대,국어국문학과,국어국문학과,1.62,1.63,,,,,2.26,2.3,,,79.42857142857143,2/3,국수영탐(2)
경북대,금속재료공학과,금속재료공학과,1.62,1.63,,,,,2.43,2.56,,,83.57142857142857,3/2,국수영탐(2)
경북대,기계공학부,기계공학부,1.47,1.53,,,,,2.76,2.85,,,88,3/2,국수영탐(2)
경북대,노어노문학과,노어노문학과,,,,,,,3.05,3.14,,,,-/-,국수영탐(2)
경북대,농업생명과학대학 자율학부,농업생명과학대학 자율학부,1.75,1.79,,,,,1.86,1.91,,,80.85714285714286,3/3,국수영탐(2)
경북대,농업토목공학과,농업토목공학과,1.89,1.93,,,,,2.75,2.75,,,84.71428571428571,3/3,국수영탐(2)
경북대,독어독문학과,독어독문학과,1.98,1.99,,,,,2.74,3.28,,,81.57142857142857,4/1,국수영탐(2)
경북대,문헌정보학과,문헌정보학과,1.86,1.91,,,,,2.28,2.39,,,83.71428571428571,3/2,국수영탐(2)
경북대,물리교육과,물리교육과,2.01,2.02,,,,,1.91,1.92,,,,-/-,국수영탐(2)
경북대,물리학과,물리학과,1.73,1.75,,,,,2.4,2.54,,,79.71428571428571,2/2,국수영탐(2)
경북대,미디어커뮤니케이션학과,미디어커뮤니케이션학과,1.36,1.4,,,,,2.13,2.29,,,82.57142857142857,3/4,국수영탐(2)
경북대,바이오섬유소재학과,바이오섬유소재학과,1.85,1.87,,,,,2.7,2.7,,,85.71428571428571,4/3,국수영탐(2)
경북대,불어불문학과,불어불문학과,2.23,2.31,,,,,2.53,2.67,,,81.71428571428571,4/4,국수영탐(2)
경북대,사학과,사학과,1.77,1.87,,,,,2.25,2.5,,,78.71428571428571,2/1,국수영탐(2)
경북대,사회과학대학 자율학부,사회과학대학 자율학부,1.46,1.47,,,,,1.72,1.72,,,,-/-,국수영탐(2)
경북대,사회복지학부,사회복지학부,1.76,1.81,,,,,2.24,2.43,,,80.42857142857143,3/3,국수영탐(2)
경북대,사회학과,사회학과,1.63,1.65,,,,,2.14,2.82,,,86.57142857142857,4/4,국수영탐(2)
경북대,산림과학・조경학부,산림과학・조경학부,1.85,1.86,,,,,2.68,2.91,,,90.33333333333333,2/3,수영탐(2)
경북대,생명공학부,생명공학부,1.29,1.34,,,,,2.03,2.2,,,82.85714285714286,2/2,국수영탐(2)
경북대,생물교육과,생물교육과,1.42,1.43,,,,,2.14,2.41,,,,-/-,국수영탐(2)
경북대,생물학과,생물학과,1.52,1.56,,,,,2.3,2.51,,,79,2/4,국수영탐(2)
경북대,섬유시스템공학과,섬유시스템공학과,1.78,1.84,,,,,2.82,2.82,,,83,2/1,국수영탐(2)
경북대,수의예과,수의예과,1.03,1.03,,,,,1.13,1.16,,,97,2/1,국수영탐(2)
경북대,수학과,수학과,1.42,1.42,,,,,2.45,2.47,,,83.28571428571429,2/1,국수영탐(2)
경북대,수학교육과,수학교육과,1.5,1.53,,,,,1.56,1.72,,,87.14285714285714,2/1,국수영탐(2)
경북대,스마트생물산업기계공학과,스마트생물산업기계공학과,1.85,1.9,,,,,2.68,2.68,,,82,3/1,국수영탐(2)
경북대,식물의학과,식물의학과,1.93,1.93,,,,,2.64,2.64,,,79.28571428571429,3/3,국수영탐(2)
경북대,식품공학부,식품공학부,1.58,1.65,,,,,2.25,2.38,,,81.57142857142857,3/1,국수영탐(2)
경북대,식품영양학과,식품영양학과,1.75,1.84,,,,,2.29,2.57,,,81.85714285714286,3/3,국수영탐(2)
경북대,식품자원경제학과,식품자원경제학과,1.64,1.75,,,,,2.21,2.21,,,81,2/2,국수영탐(2)
경북대,신소재공학과,신소재공학과,1.45,1.49,,,,,1.93,2.12,,,85.14285714285714,3/1,국수영탐(2)
경북대,심리학과,심리학과,1.38,1.49,,,,,1.98,2.27,,,,-/-,국수영탐(2)
경북대,아동학부,아동학부,1.92,1.93,,,,,2.53,2.59,,,80.14285714285714,3/4,국수영탐(2)
경북대,약학과,약학과,1.02,1.02,,,,,,,,,95.42857142857143,2/1,국수영탐(2)
경북대,에너지공학부,에너지공학부,1.59,1.63,,,,,2.15,2.33,,,87,3/4,국수영탐(2)
경북대,역사교육과,역사교육과,1.47,1.47,,,,,1.77,2.14,,,86,3/1,국수영탐(2)
경북대,영어교육과,영어교육과,1.63,1.8,,,,,1.93,2.11,,,81.85714285714286,2/5,국수영탐(2)
경북대,영어영문학과,영어영문학과,1.76,1.79,,,,,2.32,2.59,,,82.14285714285714,3/4,국수영탐(2)
경북대,원예과학과,원예과학과,1.99,2,,,,,2.13,2.32,,,81.42857142857143,4/4,국수영탐(2)
경북대,유럽어교육학부 독어교육전공,유럽어교육학부 독어교육전공,,,,,,,,,,,,-/-,국수영탐(2)
경북대,윤리교육과,윤리교육과,1.42,1.49,,,,,2.06,2.06,,,83.85714285714286,3/2,국수영탐(2)
경북대,응용생명과학부,응용생명과학부,1.6,1.63,,,,,2.35,2.45,,,75.28571428571429,2/1,국수영탐(2)
경북대,응용화학공학부,응용화학공학부,1.36,1.42,,,,,1.87,1.91,,,86.28571428571429,2/2,국수영탐(2)
경북대,의류학과,의류학과,1.85,1.95,,,,,2.37,2.58,,,81.57142857142857,3/2,국수영탐(2)
경북대,의예과,의예과,,,,,,,1.07,1.08,,,98.71428571428571,2/1,국수영탐(2)
경북대,컴퓨터학부 인공지능컴퓨팅전공,인공지능시스템학과,1.58,1.63,,,,,2.05,2.15,,,82,2/1,국수영탐(2)
경북대,인문대학 자율학부,인문대학 자율학부,1.77,1.82,,,,,2.08,2.1,,,,-/-,국수영탐(2)
경북대,일반사회교육과,일반사회교육과,1.54,1.61,,,,,1.67,1.73,,,83.28571428571429,3/1,국수영탐(2)
경북대,일어일문학과,일어일문학과,1.8,1.83,,,,,3.22,3.28,,,80.71428571428571,2/3,국수영탐(2)
경북대,자연과학대학 자율학부,자연과학대학 자율학부,1.47,1.47,,,,,1.65,1.67,,,86.85714285714286,4/2,국수영탐(2)
경북대,자율전공학부,자율전공학부,1.63,1.71,,,,,1.8,1.87,,,79.35714285714286,2/2,국수영탐(2)
경북대,전기공학과,전기공학과,1.51,1.58,,,,,1.94,2.14,,,90.28571428571429,3/1,국수영탐(2)
경북대,전자공학부,전자공학부,1.38,1.42,,,,,1.94,2.19,,,87.28571428571429,3/1,국수영탐(2)
경북대,전자공학부모바일공학전공,전자공학부 모바일AI공학전공,,,,,,,1.26,1.26,,,86.71428571428571,3/,국수영탐(2)
경북대,전자공학부 인공지능전공,전자공학부 인공지능전공,2.03,2.07,,,,,2.38,2.73,,,87.14285714285714,3/4,국수영탐(2)
경북대,정보・컴퓨터교육과,정보・컴퓨터교육과,1.76,1.76,,,,,2.41,2.41,,,86.71428571428571,3/1,국수영탐(2)
경북대,정치외교학과,정치외교학과,1.47,1.53,,,,,2.06,2.14,,,80.14285714285714,2/2,국수영탐(2)
경북대,중어중문학과,중어중문학과,2.26,2.38,,,,,2.87,3.2,,,80.28571428571429,3/3,국수영탐(2)
경북대,지구과학교육과,지구과학교육과,1.51,1.61,,,,,2.28,2.92,,,83.57142857142857,4/2,국수영탐(2)
경북대,지구시스템과학부,지구시스템과학부,1.74,1.8,,,,,2.65,2.81,,,79.14285714285714,2/2,국수영탐(2)
경북대,지리교육과,지리교육과,1.62,1.62,,,,,2.18,2.57,,,78.85714285714286,2/1,국수영탐(2)
경북대,지리학과,지리학과,1.69,1.7,,,,,2.2,2.41,,,80.71428571428571,3/1,국수영탐(2)
경북대,철학과,철학과,1.74,1.83,,,,,2.33,2.38,,,82.28571428571429,4/1,국수영탐(2)
경북대,첨단기술융합대학 자율학부1,첨단기술융합대학 자율학부1,1.85,1.89,,,,,2.13,2.28,,,86.85714285714286,3/3,국수영탐(2)
경북대,첨단기술융합대학 자율학부2,첨단기술융합대학 자율학부2,1.5,1.63,,,,,1.76,1.89,,,79.14285714285714,2/1,국수영탐(2)
경북대,체육교육과,체육교육과,,,,,,,2.25,2.29,,,82.57142857142857,3/2,국수영탐(2)
경북대,치의예과,치의예과,1.03,1.03,,,,,1.13,1.15,,,97.85714285714286,2/4,국수영탐(2)
경북대,컴퓨터학부 심화컴퓨팅전공,컴퓨터학부(심화컴퓨팅전공),1.66,1.74,,,,,1.93,2.1,2.1,2.18,83.71428571428571,3/3,국수영탐(2)
경북대,컴퓨터학부 첨단컴퓨팅연구전공,컴퓨터학부(첨단AI컴퓨팅전공),2.1,2.11,,,,,,,2.03,2.23,82.14285714285714,2/2,국수영탐(2)
경북대,토목공학과,토목공학과,1.68,1.72,,,,,2.61,2.7,,,83.14285714285714,3/2,국수영탐(2)
경북대,통계학과,통계학과,1.39,1.43,,,,,2.12,2.43,,,79.14285714285714,2/1,국수영탐(2)
경북대,한문학과,한문학과,1.9,1.91,,,,,2.61,3.02,,,80.71428571428571,2/1,국수영탐(2)
경북대,행정학부,행정학부,1.67,1.74,,,,,2.03,2.07,,,81.85714285714286,2/2,국수영탐(2)
경북대,화학과,화학과,1.49,1.49,,,,,2.19,2.32,,,81.71428571428571,2/2,국수영탐(2)
경북대,화학교육과,화학교육과,1.63,1.63,,,,,2.13,2.13,,,,-/-,국수영탐(2)
경북대,환경공학과,환경공학과,1.6,1.62,,,,,1.96,2.06,,,84.42857142857143,2/4,국수영탐(2)
경북대(상주),건설방재공학과,건설방재공학과,2.86,2.93,,,,,,,,,71.66666666666667,3/7,수영탐(2)
경북대(상주),곤충생명과학과,곤충생명과학과,2.4,2.56,,,,,,,,,64.16666666666667,2/3,수영탐(2)
경북대(상주),관광학과,관광학과,2.27,2.35,,,,,,,,,73.71428571428571,4/-,국수영탐(2)
경북대(상주),나노신소재공학과,나노신소재공학과,2.86,2.92,,,,,,,,,69.16666666666667,3/3,수영탐(2)
경북대(상주),동물생명공학과,동물생명공학과,2.09,2.14,,,,,,,,,,-/-,수영탐(2)
경북대(상주),말/특수동물학과,말/특수동물학과,1.91,2.34,,,,,,,,,67.33333333333333,4/5,수영탐(2)
경북대(상주),산림생태보호학과,산림생태보호학과,2.64,2.67,,,,,,,,,,3/5,수영탐(2)
경북대(상주),섬유패션디자인학부 섬유공학전공,섬유패션디자인학부 섬유공학전공,2.66,3.1,,,,,,,,,72,4/3,수영탐(2)
경북대(상주),소프트웨어학과,소프트웨어학과,1.85,1.96,,,,,3.39,3.39,,,71.5,3/2,수영탐(2)
경북대(상주),스마트플랜트공학과,스마트플랜트공학과,3.05,3.21,,,,,,,,,72.33333333333333,4/1,수영탐(2)
경북대(상주),식물자원학과,식물자원학과,2.52,2.67,,,,,,,,,71.83333333333333,4/3,수영탐(2)
경북대(상주),식품외식산업학과,식품외식산업학과,2.77,3.01,,,,,,,,,67.5,3/2,수영탐(2)
경북대(상주),에너지화학공학과,에너지화학공학과,2.63,2.68,,,,,,,,,,-/-,수영탐(2)
경북대(상주),위치정보시스템학과,위치정보시스템학과,2.93,2.99,,,,,,,,,60.666666666666664,2/4,수영탐(2)
경북대(상주),자동차공학과,자동차공학과,2.53,2.66,,,,,,,,,67.33333333333333,3/4,수영탐(2)
경북대(상주),자율미래인재학부,자율미래인재학부,2.63,2.76,,,,,,,,,66.66666666666667,3/4,수영탐(2)
경북대(상주),정밀기계공학과,정밀기계공학과,2.7,2.76,,,,,,,,,71.16666666666667,3/6,수영탐(2)
경북대(상주),체육학부 건강운동관리전공,체육학부 건강운동관리전공,2.9,2.95,,,,,3.49,3.49,,,,-/-,국영탐(2)
경북대(상주),체육학부 체육학전공,체육학부 체육학전공,2.44,2.44,,,,,3.73,3.83,,,65.5,4/5,국영탐(2)
경북대(상주),축산학과,축산학과,2.19,2.35,,,,,,,,,60.333333333333336,3/3,수영탐(2)
경북대(상주),치위생학과,치위생학과,1.67,1.72,,,,,3.03,3.08,,,67,3/1,수영탐(2)
경북대(상주),환경안전공학과,환경안전공학과,2.84,2.93,,,,,,,,,64.33333333333333,3/4,수영탐(2)
경상국립대,AI정보공학과,AI컴퓨터공학부,2.43,2.56,,,,,2.71,2.78,,,43.4375,4/-,국수영탐(2)
경상국립대,소프트웨어공학과,AI컴퓨터공학부,2.32,2.34,,,,,2.9,2.66,,,68.09375,4/-,국수영탐(2)
경상국립대,컴퓨터공학부,AI컴퓨터공학부,2.32,2.51,,,,,2.48,2.41,,,70.40625,4/-,국수영탐(2)
경상국립대,간호학과,간호학과,1.72,1.84,,,,,1.82,1.97,,,54.1875,2/-,국수영탐(2)
경상국립대,건설시스템공학과,건설시스템공학과,2.83,2.9,,,,,2.88,3.04,,,44.125,5/-,국수영탐(2)
경상국립대,건축공학부,건축공학부,2.55,2.6,,,,,2.64,2.8,,,39.4375,3/-,국수영탐(2)
경상국립대,건축학과,건축학과,2.18,2.25,,,,,,,,,47,4/-,국수영탐(2)
경상국립대,경영정보학과,경영정보학과,2.42,2.46,,,,,2.58,2.5,,,68.8125,4/-,국수영탐(2)
경상국립대,경영학부,경영학부,2.09,2.14,,,,,2.47,2.56,,,68.34375,3/-,국수영탐(2)
경상국립대,경제학부,경제학부,2.41,2.48,,,,,2.64,2.39,,,69.1875,4/-,국수영탐(2)
경상국립대,교육학과,교육학과,1.38,1.85,,,,,,,,,69.8125,2/-,국수영탐(2)
경상국립대,국어교육과,국어교육과,1.8,1.84,,,,,,,,,73.5625,3/-,국수영탐(2)
경상국립대,국어국문학과,국어국문학과,2.33,2.38,,,,,2.51,2.76,,,71.3125,4/-,국수영탐(2)
경상국립대,국제통상학과,국제통상학과,2.39,2.43,,,,,2.83,2.39,,,68.25,4/-,국수영탐(2)
경상국립대,기계공학부,기계공학부,2.26,2.28,,,,,2.56,2.38,,,71.125,4/-,국수영탐(2)
경상국립대,기계시스템공학과,기계시스템공학과,3.14,3.17,,,,,,,,,,-/-,
경상국립대,기계융합공학과,기계융합공학과,2.71,2.71,,,,,2.91,2.9,,,65.40625,4/-,국수영탐(2)
경상국립대,농학과,농학과,2.48,2.53,,,,,2.97,2.97,,,56.25,3/-,국수영탐(2)
경상국립대,도시공학과,도시공학과,2.42,2.46,,,,,2.51,2.79,,,67.59375,4/-,국수영탐(2)
경상국립대,독어독문학과,독어독문학과,2.7,2.78,,,,,2.93,2.95,,,57.4375,4/-,국수영탐(2)
경상국립대,동물생명융합학부,동물생명융합학부,2.59,2.7,,,,,2.8,2.82,,,63.46875,4/-,국수영탐(2)
경상국립대,디자인비즈니스학과,디자인비즈니스학과,2.38,2.6,,,,,3.07,2.43,,,78.21428571428571,3/-,국영탐(2)
경상국립대,러시아학과,러시아학과,2.89,2.97,,,,,4.27,3.28,,,63.4375,3/-,국수영탐(2)
경상국립대,메카트로닉스공학부,메카트로닉스공학부,2.6,2.67,,,,,2.96,2.87,,,66.75,3/-,국수영탐(2)
경상국립대,물리교육과,물리교육과,,,,,,,2.49,2.48,,,71.03125,4/-,국수영탐(2)
경상국립대,미디어커뮤니케이션학과,미디어커뮤니케이션학과,2.21,2.22,,,,,2.38,2.25,,,71,4/-,국수영탐(2)
경상국립대,미래자동차공학과,미래자동차공학과,2.68,2.74,,,,,,,,,63.90625,4/-,국수영탐(2)
경상국립대,민속예술무용학과,민속예술무용학과,,,,,,,4.27,4.27,,,,-/-,국영탐(2)
경상국립대,반도체공학과,반도체공학과,2.73,2.75,,,,,2.53,2.8,,,66.65625,3/-,국수영탐(2)
경상국립대,법학부,법학부,2.38,2.45,,,,,2.41,2.41,,,65.59375,3/-,국수영탐(2)
경상국립대,불어불문학과,불어불문학과,2.66,2.76,,,,,3.83,2.78,,,63.96875,4/-,국수영탐(2)
경상국립대,사학과,사학과,2.31,2.41,,,,,2.42,2.46,,,66.34375,3/-,국수영탐(2)
경상국립대,사회복지학부,사회복지학부,2.39,2.41,,,,,2.76,2.38,,,66.40625,3/-,국수영탐(2)
경상국립대,사회학과,사회학과,2.32,2.39,,,,,2.47,2.66,,,66.21875,4/-,국수영탐(2)
경상국립대,산업시스템공학부,산업시스템공학부,2.64,2.7,,,,,3.22,3.17,,,66.9375,4/-,국수영탐(2)
경상국립대,생명과학부,생명과학부,2.35,2.39,,,,,2.47,2.43,,,65.375,4/-,국수영탐(2)
경상국립대,생물교육과,생물교육과,2.15,2.2,,,,,,,,,75.375,4/-,국수영탐(2)
경상국립대,생물산업기계공학과,생물산업기계공학과,2.94,3.04,,,,,3.43,3.05,,,44.25,3/-,국수영탐(2)
경상국립대,수의예과,수의예과,1.04,1.04,,,,,1.1,1.1,,,95.09375,2/-,국수영탐(2)
경상국립대,수학교육과,수학교육과,1.88,2.01,,,,,1.45,2.13,,,52.125,4/-,국수영탐(2)
경상국립대,수학물리학부,수학물리학부,2.74,2.83,,,,,3.62,3.56,,,72.125,3/-,국수영탐(2)
경상국립대,스마트농산업학과,스마트농산업학과,2.8,2.87,,,,,2.97,2.97,,,63.625,4/-,국수영탐(2)
경상국립대,스마트에너지기계공학과,스마트에너지기계공학과,3.55,3.75,,,,,,,,,,-/-,국수영탐(2)
경상국립대,스마트유통물류학과,스마트유통물류학과,2.59,2.61,,,,,,,,,,-/-,국수영탐(2)
경상국립대,스포츠헬스케어학과,스포츠헬스케어학과,2.88,2.95,,,,,,,,,62.57142857142857,4/-,국영탐(2)
경상국립대,식물의학과,식물의학과,2.55,2.82,,,,,2.5,2.5,,,62.34375,3/-,국수영탐(2)
경상국립대,식품공학부,식품공학부,2.38,2.39,,,,,,,,,64.71875,3/-,국수영탐(2)
경상국립대,식품영양학과,식품영양학과,2.38,2.44,,,,,2.68,2.39,,,65.375,4/-,국수영탐(2)
경상국립대,식품자원경제학과,식품자원경제학과,2.55,2.6,,,,,2.7,2.8,,,63.6875,4/-,국수영탐(2)
경상국립대,신소재공학부 고분자공학전공,신소재공학부 고분자공학전공,2.45,2.54,,,,,2.6,2.64,,,65.84375,3/-,국수영탐(2)
경상국립대,신소재공학부 금속재료공학전공,신소재공학부 금속재료공학전공,2.75,2.78,,,,,2.91,2.85,,,66.40625,4/-,국수영탐(2)
경상국립대,신소재공학부 세라믹공학전공,신소재공학부 세라믹공학전공,2.71,2.8,,,,,2.99,2.32,,,65.25,4/-,국수영탐(2)
경상국립대,심리학과,심리학과,2.13,2.21,,,,,2.13,2.36,,,69.125,4/-,국수영탐(2)
경상국립대,아동가족학과,아동가족학과,2.64,2.71,,,,,,,,,64.28125,3/-,국수영탐(2)
경상국립대,약학과(6년제),약학과(6년제),1.03,1.03,,,,,,,,,92.1875,3/-,국수영탐(2)
경상국립대,에너지공학과,에너지시스템공학과,2.48,2.58,,,,,,,,,65.78125,5/-,국수영탐(2)
경상국립대,역사교육과,역사교육과,1.68,1.73,,,,,,,,,71.46875,3/-,국수영탐(2)
경상국립대,영어교육과,영어교육과,1.77,1.9,,,,,,,,,74.03125,2/-,국수영탐(2)
경상국립대,영어영문학부 영어영문학전공,영어영문학부,2.31,1.37,,,,,2.59,2.72,,,65.8125,3/-,국수영탐(2)
경상국립대,영어영문학부 영어전공,영어영문학부,2.43,2.54,,,,,2.83,2.83,,,,2/-,국수영탐(2)
경상국립대,원예과학부,원예과학부,2.76,2.88,,,,,,,,,56.71875,4/-,국수영탐(2)
경상국립대,유아교육과,유아교육과,2.15,2.2,,,,,,,,,69.28125,4/-,국수영탐(2)
경상국립대,윤리교육과,윤리교육과,,,,,,,,,,,77.90625,5/-,국수영탐(2)
경상국립대,의류학과,의류학과,2.41,2.48,,,,,2.53,2.76,,,62.375,3/-,국수영탐(2)
경상국립대,의예과,의예과,1,1,,,,,,,,,97.03125,2/-,국수영탐(2)
경상국립대,인테리어재료공학과,인테리어재료공학과,2.86,2.99,,,,,3.49,3.56,,,57.8125,3/-,국수영탐(2)
경상국립대,일반사회교육과,일반사회교육과,1.78,1.78,,,,,,,,,75.6875,5/-,국수영탐(2)
경상국립대,일어교육과,일어교육과,2.2,2.2,,,,,2.47,2.46,,,,-/-,국수영탐(2)
경상국립대,자율전공학부,자율전공학부,2.27,2.33,,,,,,,,,,-/-,
경상국립대,전기공학과,전기공학과,2.21,2.22,,,,,2.56,2.18,,,72.8125,4/-,국수영탐(2)
경상국립대,전자공학부,전자공학부,2.31,2.34,,,,,2.52,2.43,,,70.6875,4/-,국수영탐(2)
경상국립대,정보통계학과,정보통계학과,2.51,2.62,,,,,3.43,2.9,,,65,4/-,국수영탐(2)
경상국립대,정치외교학과,정치외교학과,2.58,2.72,,,,,2.67,3.04,,,67.375,3/-,국수영탐(2)
경상국립대,제약공학과,제약공학과,2.12,2.22,,,,,2.42,2.32,,,65.03125,4/-,국수영탐(2)
경상국립대,제어로봇공학과,제어로봇공학과,2.73,2.76,,,,,2.81,2.95,,,65.84375,3/-,국수영탐(2)
경상국립대,조경학과,조경학과,2.71,2.79,,,,,,,,,61.9375,3/-,국수영탐(2)
경상국립대,조선해양공학과,조선해양공학과,3.48,3.5,,,,,3.45,3.02,,,,-/-,국수영탐(2)
경상국립대,중어중문학과,중어중문학과,2.46,2.63,,,,,2.59,2.59,,,63.4375,3/-,국수영탐(2)
경상국립대,지리교육과,지리교육과,1.87,1.88,,,,,,,,,77.1875,3/-,국수영탐(2)
경상국립대,지역시스템공학과,지역시스템공학과,2.97,3.23,,,,,2.93,2.97,,,62.5625,4/-,국수영탐(2)
경상국립대,지질과학과,지질과학과,2.67,2.88,,,,,2.79,3.25,,,58.6875,3/-,국수영탐(2)
경상국립대,철학과,철학과,2.29,2.41,,,,,2.7,2.79,,,63.84375,3/-,국수영탐(2)
경상국립대,체육교육과,체육교육과,2.03,2.1,,,,,,,,,,-/-,
경상국립대,축산과학부,축산과학부,2.76,2.86,,,,,2.2,3.25,,,60.6875,4/-,국수영탐(2)
경상국립대,토목공학과,토목공학과,2.31,2.43,,,,,2.35,2.65,,,53.25,5/-,국수영탐(2)
경상국립대,한문학과,한문학과,2.86,2.93,,,,,2.86,3.24,,,67.375,7/-,국수영탐(2)
경상국립대,항공우주공학부,항공우주공학부,2.09,2.24,,,,,1.92,2.17,,,75.34375,3/-,국수영탐(2)
경상국립대,항노화신소재과학과,항노화신소재과학과,2.75,2.78,,,,,2.78,2.61,,,66.03125,5/-,국수영탐(2)
경상국립대,해양경찰시스템학과,해양경찰시스템학과,2.75,2.8,,,,,3.17,2.65,,,68.9375,4/-,국수영탐(2)
경상국립대,해양생명과학과,해양생명과학과,3.19,2.82,,,,,2.43,3.57,,,,-/-,국수영탐(2)
경상국립대,해양수산경영학과,해양수산경영학과,3.45,3.58,,,,,3.43,3.51,,,58.5625,3/-,국수영탐(2)
경상국립대,해양식품생명의학부,해양식품공학・수산생명의학부,3.37,3.59,,,,,3.72,3,,,58.59375,4/-,국수영탐(2)
경상국립대,해양토목공학과,해양토목공학과,1.76,3.98,,,,,4,3.96,,,59.34375,4/-,국수영탐(2)
경상국립대,해양환경공학과,해양환경공학과,3.44,3.77,,,,,3.87,3.87,,,57.375,4/-,국수영탐(2)
경상국립대,행정학과,행정학과,2.15,2.28,,,,,2.53,2.43,,,70.78125,3/-,국수영탐(2)
경상국립대,화학공학과,화학공학과,2.25,2.34,,,,,2.34,2.27,,,68.03125,4/-,국수영탐(2)
경상국립대,화학과,화학과,2.41,2.58,,,,,2.7,2.75,,,57.21875,5/-,국수영탐(2)
경상국립대,화학교육과,화학교육과,,,,,,,,,,,68.75,3/-,국수영탐(2)
경상국립대,환경공학과,환경공학과,2.43,2.51,,,,,2.78,2.76,,,44.6875,4/-,국수영탐(2)
경상국립대,환경산림과학부,환경산림과학부,2.7,2.78,,,,,2.96,3.05,,,58.75,3/-,국수영탐(2)
경상국립대,환경생명화학과,환경생명화학과,2.6,2.64,,,,,2.22,2.79,,,66.9375,5/-,국수영탐(2)
경상국립대,환경재료과학과,환경재료과학과,2.78,2.79,,,,,2.96,2.88,,,62.0625,4/-,국수영탐(2)
경상국립대,회계세무학부,회계세무학부,2.31,2.41,,,,,2.52,2.69,,,67.53125,3/-,국수영탐(2)
경성대,AI미디어학과,AI미디어학과,2.28,2.4,,,,,,,,,57.333333333333336,3/-,국수영탐(2)
경성대,AI수리학과,AI수리학과,2.8,3.14,,,,,,,,,,-/-,국수영탐(2)
경성대,자율전공학부,MEGA학부,2.51,2.63,,,,,,,,,57.333333333333336,3/-,국수영탐(2)
경성대,간호학과,간호학과,1.69,1.69,,,,,2.24,2.33,,,69.5,2/-,국수영탐(2)
경성대,건축학과,건축학과,2.23,2.34,,,,,2.93,3.17,,,58,5/-,국수영탐(2)
경성대,경영학과,경영학과,2.34,2.4,,,,,,,,,61.333333333333336,2/-,국수영탐(2)
경성대,경제금융물류학부,경제금융물류학부,2.69,2.75,,,,,,,,,64,4/-,국수영탐(2)
경성대,경찰행정학과,경찰행정학과,2.06,2.12,,,,,2.8,2.84,,,68.5,3/-,국수영탐(2)
경성대,광고홍보학과,광고홍보학과,2.23,2.28,,,,,3.06,3.08,,,57.666666666666664,4/-,국수영탐(2)
경성대,국제무역통상학과,국제무역통상학과,2.58,2.63,,,,,3.5,3.67,,,59.333333333333336,3/-,국수영탐(2)
경성대,글로컬문화학부,글로컬문화학부,2.63,2.75,,,,,3.53,3.73,,,58,2/-,국수영탐(2)
경성대,기계자동차공학과,기계자동차공학과,2.34,2.46,,,,,,,,,,-/-,국수영탐(2)
경성대,도시계획학과,도시계획학과,2.75,2.8,,,,,,,,,,-/-,국수영탐(2)
경성대,동물보건생명과학과,동물보건생명과학과,1.9,2.06,,,,,3.01,3.08,,,58,3/-,국수영탐(2)
경성대,메카트로닉스공학과,메카트로닉스공학과,2.63,2.69,,,,,,,,,62.5,3/-,국수영탐(2)
경성대,문헌정보학과,문헌정보학과,2.23,2.46,,,,,3.03,3.13,,,57.833333333333336,3/-,국수영탐(2)
경성대,물리치료학과,물리치료학과,1.74,1.85,,,,,2.53,2.56,,,64.5,3/-,국수영탐(2)
경성대,미디어커뮤니케이션학과,미디어커뮤니케이션학과,2.06,2.17,,,,,2.35,2.44,,,66,3/-,국수영탐(2)
경성대,미디어콘텐츠학과,미디어콘텐츠학과,2.12,2.17,,,,,,,,,57.166666666666664,3/-,국수영탐(2)
경성대,법학과,법학과,2.28,2.63,,,,,,,,,60.833333333333336,4/-,국수영탐(2)
경성대,빅데이터응용통계학과,빅데이터응용통계학과,2.92,3.09,,,,,,,,,,-/-,국수영탐(2)
경성대,사진학과,사진학과,,,,,,,3.44,3.47,,,54.5,2/-,국수영탐(2) 중 2개
경성대,사회복지학과,사회복지학과,2.34,2.46,,,,,3.11,3.19,,,58,3/-,국수영탐(2)
경성대,산업경영공학과,산업경영공학과,2.92,2.92,,,,,,,,,,-/-,국수영탐(2)
경성대,소프트웨어학과,소프트웨어학과,2.58,2.58,,,,,3.5,3.5,,,53.833333333333336,3/-,국수영탐(2)
경성대,스마트바이오학과,스마트바이오학과,2.58,2.63,,,,,,,,,,-/-,국수영탐(2)
경성대,스포츠건강학과,스포츠건강학과,,,,,,,2.85,3.01,,,,-/-,
경성대,식품생명공학과,식품생명공학과,2.34,2.4,,,,,,,,,55.166666666666664,3/-,국수영탐(2)
경성대,식품영양학과,식품영양학과,2.51,2.51,,,,,3.54,3.87,,,59.833333333333336,3/-,국수영탐(2)
경성대,신소재에너지공학과,신소재에너지공학과,2.63,2.75,,,,,,,,,,-/-,국수영탐(2)
경성대,실내건축학과,실내건축학과,2.63,2.69,,,,,3.04,3.34,,,58.666666666666664,2/-,국수영탐(2)
경성대,심리학과,심리학과,2.12,2.28,,,,,2.93,3.13,,,58.666666666666664,2/-,국수영탐(2)
경성대,약학과,약학과,1.03,1.03,,,,,,,,,95.40625,2/-,국수영탐(2)
경성대,연극영화학부(뮤지컬전공),연극영화학부(뮤지컬전공),,,,,,,,,,,,-/-,
경성대,연극영화학부(영화전공),연극영화학부(영화전공),1.8,1.85,,,,,,,,,,-/-,국수영탐(2)
경성대,영상애니메이션학부,영상애니메이션학부,1.8,1.8,,,,,2.77,2.97,,,,-/-,국수영탐(2)
경성대,영어영문학과,영어영문학과,2.46,2.58,,,,,,,,,63.166666666666664,3/-,국수영탐(2)
경성대,유아교육과,유아교육과,2.28,2.34,,,,,2.82,2.86,,,62.166666666666664,3/-,국수영탐(2)
경성대,윤리교육과,윤리교육과,1.63,1.63,,,,,2.04,2.55,,,,-/-,국수영탐(2)
경성대,음악학과,음악학과,,,,,,,,,,,,-/-,
경성대,인문문화학부,인문문화학부,2.51,2.63,,,,,3.44,3.58,,,59.666666666666664,2/-,국수영탐(2)
경성대,전기공학과,전기공학과,2.4,2.46,,,,,,,,,61.833333333333336,3/-,국수영탐(2)
경성대,전자공학과,전자공학과,2.46,2.58,,,,,,,,,,-/-,국수영탐(2)
경성대,정보통신공학과,정보통신공학과,2.86,2.97,,,,,,,,,,-/-,국수영탐(2)
경성대,제약공학과,제약공학과,2.34,2.4,,,,,,,,,61.166666666666664,3/-,국수영탐(2)
경성대,중국학과,중국학과,2.97,3.14,,,,,,,,,59.666666666666664,2/-,국수영탐(2)
경성대,컴퓨터공학과,컴퓨터공학과,2.58,2.69,,,,,3.36,3.54,,,55.333333333333336,3/-,국수영탐(2)
경성대,토목공학과,토목공학과,2.75,2.8,,,,,,,,,56.166666666666664,3/-,국수영탐(2)
경성대,패션디자인학과,패션디자인학과,2.17,2.17,,,,,3.2,3.25,,,57.166666666666664,3/-,국수영탐(2)
경성대,외식서비스경영학전공,호텔관광외식경영학부(외식서비스경영학전공),2.51,2.63,,,,,3.42,3.48,,,56.333333333333336,3/-,국수영탐(2)
경성대,호텔관광경영학전공,호텔관광외식경영학부(호텔관광경영학전공),2.34,2.46,,,,,3.41,3.5,,,53,2/-,국수영탐(2)
경성대,화장품학과,화장품학과,2.17,2.23,,,,,,,,,57,3/-,국수영탐(2)
경성대,화학공학과,화학공학과,2.63,2.63,,,,,,,,,60,3/-,국수영탐(2)
경성대,환경공학과,환경공학과,2.63,2.8,,,,,,,,,56.166666666666664,3/-,국수영탐(2)
경성대,회계학과,회계학과,2.51,2.63,,,,,,,,,63.5,3/-,국수영탐(2)
경운대,소프트웨어학부,AI・소프트웨어학부,3.43,3.66,,,,,2.75,2.75,,,,4/7,국수영탐(1) 중 3개
경운대,G커리어대학,G커리어대학,,,,,,,3.54,5,,,,-/-,국수영탐(1) 중 3개
경운대,G커리어대학(야),G커리어대학(야),1.63,1.63,,,,,5,5,,,,-/-,국수영탐(1) 중 3개
경운대,간호학과,간호학과,2.01,2.12,1.74,1.8,,,2.12,2.28,,,,4/5,국수영탐(1) 중 3개
경운대,경찰학과,경찰학과,2.8,3.14,,,,,,,,,,5/6,국수영탐(1) 중 3개
경운대,군사학과,군사학과,3.09,3.25,2.06,3.2,,,,,,,,7/6,국수영탐(1) 중 3개
경운대,물리치료학과,물리치료학과,1.8,1.85,2.17,2.28,,,2.28,2.58,,,,3/4,국수영탐(1) 중 3개
경운대,반도체학과,반도체학과,1.42,1.74,,,,,,,,,,5/7,국수영탐(1) 중 3개
경운대,재난안전학과,산업안전시스템학과,2.86,3.09,,,,,3.86,3.86,,,,9/7,국수영탐(1) 중 3개
경운대,상담심리사회복지학부,상담심리사회복지학부,2.69,2.8,,,,,,,,,,5/7,국수영탐(1) 중 3개
경운대,스포츠지도학과,스포츠지도재활학부,2.8,3.25,,,,,,,,,,7/6,국수영탐(1) 중 3개
경운대,웹툰애니메이션디자인학과,웹툰애니메이션디자인학과,2.28,2.69,,,,,,,,,,4/3,국수영탐(1) 중 3개
경운대,임상병리학과,임상병리학과,2.34,2.63,2.8,2.97,,,,,,,,4/3,국수영탐(1) 중 3개
경운대,작업치료학과,작업치료학과,2.92,3.25,2.8,2.86,,,,,,,,6/7,국수영탐(1) 중 3개
경운대,치위생학과,치위생학과,2.28,2.86,2.23,3.14,,,,,,,,5/6,국수영탐(1) 중 3개
경운대,항공보안경호학부,항공보안경호학부,1.69,2.4,2.58,3.14,,,,,,,,-/-,국수영탐(1) 중 3개
경운대,항공산업대학통합모집단위,항공산업대학 통합,2.23,2.58,2.63,2.86,,,2.4,2.86,,,,4/5,국수영탐(1) 중 3개
경운대,항공산업대학통합모집단위,항공산업대학 통합 모집단위,2.23,2.58,2.63,2.86,,,2.4,2.86,,,,4/5,국수영탐(1) 중 3개
경운대,항공서비스학과,항공서비스학과,2.12,2.28,1.42,1.42,,,2.69,2.75,,,,3/6,국수영탐(1) 중 3개
경운대,항공운항학과,항공운항학과,1.42,1.52,1.17,1.22,,,,,,,,-/-,국수영탐(1) 중 3개
경인교대,초등교육과,초등교육과,1.42,1.4,,,,,1.72,1.78,,,,-/-,
경일대,간호학과,간호학과,1.96,2.11,1.6,1.7,,,2,2.19,,,69.275,3/-,국수영탐(1)
경일대,건축토목공학과,건축토목공학과,2.12,2.61,1.87,2.2,,,,,,,64.66666666666667,5/-,국수영탐(1) 중 3개
경일대,건축학과(5년제),건축학과(5년제),1.87,2.18,2.86,3,,,3.11,3.38,,,64.66666666666667,5/-,국수영탐(1) 중 3개
경일대,게임콘텐츠학과,게임콘텐츠학과,2.19,2.41,2.48,2.7,,,,,,,57.00000000000001,5/-,국수영탐(1) 중 3개
경일대,경찰행정학과,경찰행정학과,2.3,2.5,3.02,3.11,,,2.45,2.5,,,75.9,7/-,국수영탐(1) 중 3개
경일대,기계전기공학부 기계공학전공,기계전기공학과,2.4,2.65,2.57,2.94,,,,,,,64.9,6/-,국수영탐(1) 중 3개
경일대,기계전기공학부 전기공학전공,기계전기공학과,2.23,2.42,3,3.1,,,,,,,64.9,6/-,국수영탐(1) 중 3개
경일대,기계전기공학부 자동화융합전공,기계전기공학부 자동화융합전공,,,,,,,,,,,64.9,6/-,국수영탐(1) 중 3개
경일대,만화애니메이션학부,만화애니메이션학부,1.94,2.19,2.09,2.21,,,,,,,,-/-,
경일대,미디어크리에이터학과,미디어커뮤니케이션학과,,,2.35,2.56,,,,,,,62.16666666666667,5/-,국수영탐(1) 중 3개
경일대,방위산업시스템학과,방위산업시스템학과,,,,,,,,,,,,-/-,
경일대,부동산지적학과,부동산지적학과,2.38,2.79,2.33,2.8,,,3.23,3.38,,,71.53333333333333,4/-,국수영탐(1) 중 3개
경일대,뷰티스타일학과,뷰티스타일학과,3.13,3.58,2.73,2.95,,,,,,,62.66666666666667,5/-,국수영탐(1) 중 3개
경일대,사진영상학부,사진영상학부,2.25,2.39,2.07,2.24,,,2.38,2.68,,,77.63333333333334,5/-,국수영탐(1) 중 3개
경일대,사회복지학과,사회복지학과,2.5,2.61,2.93,3.11,,,,,,,,-/-,국수영탐(1) 중 3개
경일대,소방방재학부,소방방재학부,1.92,2.21,2.57,2.88,,,2.76,3,,,70.03333333333333,4/-,국수영탐(1) 중 3개
경일대,스마트경영공학과,스마트경영공학과,,,,,,,,,,,,-/-,
경일대,에너지솔루션학과,스마트전력에너지공학부,,,,,,,,,,,,-/-,
경일대,스마트전력인프라학과,스마트전력인프라학과,,,,,,,,,,,,-/-,
경일대,스마트경영공학과,스마트팩토리공학부,,,,,,,,,,,,-/-,
경일대,스마트팩토리융합학과,스마트팩토리공학부,,,,,,,,,,,,-/-,
경일대,스마트팩토리융합학과,스마트팩토리융합학과,,,,,,,,,,,,-/-,
경일대,스마트푸드테크학과,스마트푸드테크학과,,,,,,,,,,,,-/-,
경일대,스포츠복지학과,스포츠복지학과,2.55,3.17,,,,,2.59,2.86,,,,-/-,
경일대,스포츠융합학부,스포츠융합학과,2.42,2.61,,,,,,,,,,-/-,국수영탐(1) 중 3개
경일대,스포츠재활의학과,스포츠재활의학과,2,2.25,,,,,,,,,,-/-,국수영탐(1) 중 3개
경일대,스포츠지도학과,스포츠지도학과,2.45,2.87,2.35,2.5,,,,,,,,-/-,국수영탐(1) 중 3개
경일대,피트니스산업학부,스포츠학업학과,2.35,2.68,,,,,,,,,58.33333333333333,5/-,국수영탐(1) 중 3개
경일대,디자인융합학부,시각디자인학과,2.79,2.97,3.3,3.64,,,,,,,57.49999999999999,5/-,국수영탐(1) 중 3개
경일대,에너지솔루션학과,에너지솔루션학과,,,,,,,,,,,,-/-,
경일대,응급구조학과,응급구조학과,2.21,2.3,2.33,2.55,,,2.35,2.56,,,65.13333333333334,6/-,국수영탐(1) 중 3개
경일대,자율전공학부,자율전공학부,2.07,2.16,2.21,2.5,,,,,,,,-/-,국수영탐(1) 중 3개
경일대,철도운전시스템학부,철도운전시스템학부,1.87,2.04,2.4,2.61,,,2.4,2.53,,,74.33333333333334,3/-,국수영탐(1) 중 3개
경일대,축구학과,축구학과,2.21,2.59,,,,,,,,,,-/-,국수영탐(1) 중 3개
경일대,태권도학과,태권도학과,2.73,3.13,,,,,,,,,39.9,7/-,국수영탐(1) 중 3개
경일대,항공서비스학과,항공서비스학과,2.64,2.85,1.96,2.2,,,,,,,77.33333333333333,3/-,국수영탐(1) 중 3개
경찰대,단일모집,단일모집,,,,,,,,,,,,-/-,
경희대,건축공학과,건축공학과,1.24,1.24,,,,,1.44,1.5,,,88.825,3/1,국수탐(2)
경희대,건축학과(5년제),건축학과(5년제),,,,,,,1.29,1.34,,,89.8,2/2,국수탐(2)
경희대,골프산업학과,골프산업학과,,,,,,,,,,,95,2/1,국탐(1)
경희대,국제학과,국제학과,1.26,1.27,,,,,2.11,2.38,,,89.1,2/3,국수탐(2)
경희대,글로벌커뮤니케이션학부,글로벌커뮤니케이션학부,,,,,,,2.49,2.6,,,87.6,3/2,국수탐(2)
경희대,기계공학부,기계공학부,,,,,,,1.23,1.25,,,91.1,3/2,국수탐(2)
경희대,도예학과,도예학과,1.1,1.12,,,,,2.13,2.45,,,,-/-,국탐(1)
경희대,디지털콘텐츠학과,디지털콘텐츠학과,,,,,,,,,,,,-/-,국탐(1)
경희대,러시아어학과,러시아어학과,,,,,,,2.45,2.63,,,88.275,2/3,국수탐(2)
경희대,사회기반시스템공학과,사회기반시스템공학과,1.24,1.24,,,,,1.34,1.39,,,90.45,3/4,국수탐(2)
경희대,산업경영공학과,산업경영공학과,1.22,1.22,,,,,1.26,1.3,,,91,2/1,국수탐(2)
경희대,산업디자인학과,산업디자인학과,,,,,,,,,,,97.2,1/2,국탐(1)
경희대,생체의공학과,생체의공학과,,,,,,,,,,,89.95,1/4,국수탐(2)
경희대,소프트웨어융합학과,소프트웨어융합학과,,,,,,,1.34,1.47,,,90.75,1/2,국수탐(2)
경희대,스마트팜과학과,스마트팜과학과,1.18,1.19,,,,,1.31,1.36,,,89.45,3/1,국수탐(2)
경희대,스페인어학과,스페인어학과,,,,,,,2.33,2.7,,,86.75,3/1,국수탐(2)
경희대,스포츠의학과,스포츠의학과,,,,,,,1.85,2.4,,,96.2,2/1,국탐(1)
경희대,시각디자인학과,시각디자인학과,,,,,,,1.48,1.52,,,,-/-,국탐(1)
경희대,식품생명공학과,식품생명공학과,1.16,1.17,,,,,1.25,1.29,,,92.825,3/2,국수탐(2)
경희대,신소재공학과,신소재공학과,1.1,1.1,,,,,1.23,1.24,,,92.3,4/2,국수탐(2)
경희대,연극・뮤지컬 연출,연극・뮤지컬 연출,,,,,,,,,,,,-/-,
경희대,영화연출 및 제작,영화연출 및 제작,,,,,,,1.97,3.09,,,,-/-,국탐(1)
경희대,우주과학과,우주과학과,,,,,,,1.29,1.29,,,89.9,3/2,국수탐(2)
경희대,원자력공학과,원자력공학과,,,,,,,1.37,1.48,,,89.725,2/1,국수탐(2)
경희대,유전생명공학과,유전생명공학과,1.13,1.15,,,,,1.17,1.24,,,90.5,2/3,국수탐(2)
경희대,융합바이오・신소재공학과,융합바이오・신소재공학과,1.17,1.19,,,,,1.27,1.3,,,89.725,2/2,국수탐(2)
경희대,응용물리학과,응용물리학과,,,,,,,1.25,1.27,,,89.75,2/3,국수탐(2)
경희대,응용수학과,응용수학과,,,,,,,1.31,1.34,,,90.8,3/1,국수탐(2)
경희대,응용화학과,응용화학과,1.18,1.22,,,,,1.19,1.25,,,88.6,2/1,국수탐(2)
경희대,의류디자인학과,의류디자인학과,1.17,1.17,,,,,1.51,1.53,,,96.2,3/2,국탐(1)
경희대,일본어학과,일본어학과,,,,,,,2.71,2.83,,,86.45,2/1,국수탐(2)
경희대,자유전공학부,자유전공학부,1.17,1.19,,,,,1.22,1.25,,,92.675,1/3,국수탐(2)
경희대,전자공학부 반도체공학과,전자공학부 반도체공학과,,,,,,,1.21,1.24,,,91.8,3/1,국수탐(2)
경희대,전자공학부 전자공학과,전자공학부 전자공학과,1.11,1.11,,,,,1.26,1.29,,,90.3,3/2,국수탐(2)
경희대,중국어학과,중국어학과,,,,,,,2.64,2.75,,,88.625,2/2,국수탐(2)
경희대,체육학과,체육학과,1.03,1.03,,,,,1.58,1.7,,,95.8,1/2,국탐(1)
경희대,컴퓨터공학부 인공지능학과,컴퓨터공학부 인공지능학과,,,,,,,1.22,1.22,,,92.75,3/4,국수탐(2)
경희대,컴퓨터공학부 컴퓨터공학과,컴퓨터공학부 컴퓨터공학과,,,,,,,1.22,1.24,,,88.075,2/1,국수탐(2)
경희대,태권도학과,태권도학과,,,,,,,2.01,2.36,,,92.4,1/1,국탐(1)
경희대,프랑스어학과,프랑스어학과,,,,,,,2.22,2.57,,,90.1,4/4,국수탐(2)
경희대,한국어학과,한국어학과,,,,,,,2.56,2.58,,,89.925,3/1,국수탐(2)
경희대,화학공학과,화학공학과,,,,,,,1.19,1.22,,,90.4,3/3,국수탐(2)
경희대,환경조경디자인학과,환경조경디자인학과,1.1,1.1,,,,,1.63,1.88,,,,-/-,국탐(1)
경희대,환경학및환경공학과,환경학및환경공학과,,,,,,,1.26,1.27,,,89.65,2/2,국수탐(2)
경희대,Hospitality경영학과,Hospitality경영학과,1.28,1.28,,,,,1.52,1.67,,,88.45,2/1,국수탐(2)
경희대,간호학과,간호학과,1.19,1.21,,,,,1.26,1.29,,,88.075,3/3,국수탐(2)
경희대,경영회계계열,경영회계계열,1.24,1.26,,,,,1.32,1.78,,,89.35,2/2,국수탐(2)
경희대,경제학과,경제학과,1.25,1.26,,,,,1.35,1.47,,,90.9,1/3,국수탐(2)
경희대,관광・엔터테인먼트학부,관광・엔터테인먼트학부,1.41,1.51,,,,,1.41,1.53,,,90.3,3/1,국수탐(2)
경희대,국어국문학과,국어국문학과,1.27,1.3,,,,,1.53,2.16,,,88.8,2/1,국수탐(2)
경희대,글로벌Hospitality・관광학과,글로벌Hospitality・관광학과,,,,,,,1.68,1.99,,,90.35,3/2,국수탐(2)
경희대,무역학과,무역학과,1.24,1.3,,,,,1.41,1.52,,,92.45,3/2,국수탐(2)
경희대,물리학과,물리학과,,,,,,,1.26,1.34,,,91.025,2/2,국수탐(2)
경희대,미디어학과,미디어학과,1.22,1.23,,,,,1.35,1.51,,,89,3/1,국수탐(2)
경희대,미래정보디스플레이학부,미래정보디스플레이학부,1.14,1.18,,,,,1.29,1.32,,,92.2,3/1,국수탐(2)
경희대,빅데이터응용학과,빅데이터응용학과,,,,,,,1.17,1.18,,,91.8,2/2,국수탐(2)
경희대,사학과,사학과,1.28,1.3,,,,,1.4,1.41,,,87.4,2/1,국수탐(2)
경희대,사회학과,사회학과,1.18,1.2,,,,,1.26,1.27,,,90.05,2/4,국수탐(2)
경희대,생물학과,생물학과,1.13,1.15,,,,,1.22,2.15,,,89.675,2/2,국수탐(2)
경희대,수학과,수학과,1.31,1.37,,,,,1.29,1.31,,,90.1,1/2,국수탐(2)
경희대,식품영양학과,식품영양학과,,,,,,,1.27,1.47,,,90.175,2/2,국수탐(2)
경희대,아동가족학과,아동가족학과,1.26,1.3,,,,,1.53,1.54,,,88.125,3/3,국수탐(2)
경희대,약과학과,약과학과,1.09,1.11,,,,,1.15,1.19,,,93,3/3,국수탐(2)
경희대,약학과(6년제),약학과(6년제),1,1,,,,,1.04,1.04,,,97.125,2/2,국수탐(2)
경희대,영어영문학과,영어영문학과,,,,,,,1.39,2.15,,,88.575,2/1,국수탐(2)
경희대,응용영어통번역학과,응용영어통번역학과,,,,,,,2.32,2.66,,,89.9,3/1,국수탐(2)
경희대,의상학과,의상학과,1.31,1.31,,,,,1.5,1.68,,,86.775,2/2,국수탐(2)
경희대,의예과,의예과,1,1,,,,,1,1.09,,,98.45,2/1,국수탐(2)
경희대,자율전공학부,자율전공학부,1.15,1.17,,,,,1.22,1.27,,,89.2,4/2,국수탐(2)
경희대,정치외교학과,정치외교학과,1.19,1.22,,,,,1.25,1.28,,,87.85,2/2,국수탐(2)
경희대,조리&푸드디자인학과,조리&푸드디자인학과,,,,,,,1.17,1.29,,,87.95,2/1,국수탐(2)
경희대,주거환경학과,주거환경학과,1.26,1.26,,,,,,,,,90.125,3/2,국수탐(2)
경희대,지리학과(인문),지리학과(인문),1.18,1.18,,,,,1.31,1.63,,,91.95,3/3,국수탐(2)
경희대,지리학과(자연),지리학과(자연),,,,,,,1.41,1.41,,,88.6,1/1,국수탐(2)
경희대,철학과,철학과,,,,,,,1.25,1.45,,,89.075,3/3,국수탐(2)
경희대,치의예과,치의예과,1,1,,,,,1.09,1.12,,,98.2,2/1,국수탐(2)
경희대,한약학과,한약학과,1,1.03,,,,,1.22,1.26,,,93.15,2/1,국수탐(2)
경희대,한의예과(인문),한의예과(인문),,,,,,,1,1.04,,,98.5,2/2,국수탐(2)
경희대,한의예과(자연),한의예과(자연),1,1.02,,,,,1.11,1.16,,,97.225,2/4,국수탐(2)
경희대,행정학과,행정학과,1.25,1.26,,,,,1.29,1.3,,,89.15,2/1,국수탐(2)
경희대,화학과,화학과,1.1,1.11,,,,,1.24,1.24,,,90.9,3/4,국수탐(2)
계명대,Keimyung Adams College,Keimyung Adams College,2.06,2.33,2.79,2.86,,,2.96,3.19,,,64.125,3/-,국수영탐(2)
계명대,간호학과,간호학과,1.25,1.3,1.5,1.55,,,1.56,1.59,,,74.875,4/-,국수영탐(2)
계명대,건축공학과,건축공학과,2.67,2.67,,,,,3.04,3.24,,,60.0625,5/-,국수영탐(2)
계명대,건축학과,건축학과(5년제),1.84,1.92,1.92,1.92,,,2.38,2.56,,,69.125,6/-,국수영탐(2)
계명대,게임소프트웨어학과,게임소프트웨어학과,2.56,2.66,,,,,2.59,2.6,,,66.0625,5/-,국수영탐(2)
계명대,경영빅데이터학과,경영빅데이터학과,2.73,2.77,,,,,3.17,3.26,,,68.875,4/-,국수영탐(2)
계명대,경영정보학과,경영정보학과,2.72,2.75,,,,,2.94,3.07,,,61.125,4/-,국수영탐(2)
계명대,경영학과,경영학과,2.19,2.26,2.08,2.12,,,2.72,2.84,,,58.25,5/-,국수영탐(2)
계명대,경영학과(야),경영학과(야),2.19,2.26,,,,,2.72,2.84,,,,-/-,국수영탐(2)
계명대,경제금융학과,경제금융학과,2.67,2.71,2.98,3.09,,,2.85,2.97,,,59.625,5/-,국수영탐(2)
계명대,경찰행정학과,경찰행정학과,1.62,1.66,1.72,1.78,,,1.76,1.87,,,73.75,4/-,국수영탐(2)
계명대,공예디자인과,공예디자인과,,,,,,,2.23,2.23,,,,-/-,
계명대,공중보건학과,공중보건학과,2.58,2.62,,,,,2.76,2.8,,,65.375,4/-,국수영탐(2)
계명대,관광경영학과,관광경영학과,2.68,2.76,2.91,3.02,,,2.92,3.04,,,61.5625,6/-,국수영탐(2)
계명대,광고홍보학과,광고홍보학과,2.05,2.1,2.51,2.51,,,2.53,2.58,,,60.375,5/-,국수영탐(2)
계명대,교육학과,교육학과,1.85,1.87,,,,,2.49,2.52,,,68.375,4/-,국수영탐(2)
계명대,교통공학과,교통공학과,3.16,3.2,,,,,3.33,3.37,,,66.5,5/-,국수영탐(2)
계명대,국어교육과,국어교육과,2.03,2.06,1.96,1.96,,,2.15,2.15,,,75,4/-,국수영탐(2)
계명대,국어국문학과,국어국문학과,2.45,2.53,,,,,2.9,2.98,,,69.75,4/-,국수영탐(2)
계명대,국제통상학과,국제통상학과,2.81,2.86,2.99,3.09,,,3.08,3.22,,,56.5625,5/-,국수영탐(2)
계명대,기계공학과,기계공학과,2.67,2.79,2.85,2.91,,,3.07,3.16,,,58.5,5/-,국수영탐(2)
계명대,기독교학과,기독교학과,2.85,2.95,,,,,2.83,3.75,,,60,4/-,국수영탐(2)
계명대,도시계획학과,도시계획학과,2.85,2.93,,,,,3.13,3.16,,,68.125,5/-,국수영탐(2)
계명대,독일유럽학과,독일유럽학과,3.02,3.19,,,,,3.4,3.64,,,65.125,5/-,국수영탐(2)
계명대,디지펜게임공학과,디지펜게임공학과,2.4,2.41,2.57,2.57,,,2.61,2.71,,,76.625,3/-,국수영탐(2)
계명대,러시아중앙아시아학과,러시아중앙아시아학과,2.95,2.99,,,,,3.25,3.54,,,64.375,4/-,국수영탐(2)
계명대,로봇공학과,로봇공학과,2.99,3.03,3.29,3.35,,,3.01,3.21,,,62.25,5/-,국수영탐(2)
계명대,텍스타일디자인과,리빙디자인과,,,,,,,2.86,2.86,,,,-/-,
계명대,문예창작학과,문예창작학과,2.05,2.08,,,,,2.6,2.95,,,65.5,4/-,국수영탐(2)
계명대,문헌정보학과,문헌정보학과,2.2,2.27,,,,,2.24,2.26,,,59.75,4/-,국수영탐(2)
계명대,법학과,법학과,2.32,2.4,2.6,2.71,,,2.7,2.79,,,67.125,4/-,국수영탐(2)
계명대,사진영상미디어과,사진영상미디어과,1.65,1.65,,,,,2.83,2.99,,,,-/-,"국수 중 1개, 영탐(2)"
계명대,사학과,사학과,2.46,2.55,,,,,2.55,2.67,,,71,4/-,국수영탐(2)
계명대,사회복지학과,사회복지학과,2.36,2.43,2.56,2.63,,,3.03,3.11,,,65.125,4/-,국수영탐(2)
계명대,사회체육학과,사회체육학과,,,,,,,2.66,2.68,,,,-/-,
계명대,사회학과,사회학과,2.47,2.59,,,,,2.8,2.86,,,59.25,5/-,국수영탐(2)
계명대,산업공학과,산업공학과,2.93,2.96,,,,,3.45,3.51,,,66.5,6/-,국수영탐(2)
계명대,산업디자인과,산업디자인과,,,,,,,1.81,1.81,,,,-/-,
계명대,생명과학과,생명과학과,2.51,2.59,,,,,2.61,2.67,,,68.375,4/-,국수영탐(2)
계명대,생태조경학과,생태조경학과,2.5,2.7,,,,,3.11,3.17,,,64.5625,4/-,국수영탐(2)
계명대,수학과,수학과,2.73,2.95,,,,,3.2,3.28,,,69.375,4/-,국수영탐(2)
계명대,스페인어중남미학과,스페인어중남미학과,2.67,2.73,,,,,3.21,3.31,,,67.375,4/-,국수영탐(2)
계명대,스포츠마케팅학과,스포츠마케팅학과,2.26,2.29,2.1,2.33,,,2.42,2.54,,,66.1875,4/-,국수영탐(2)
계명대,시각디자인과,시각디자인과,,,,,,,1.69,1.97,,,,-/-,
계명대,식품가공학과,식품가공학과,2.43,2.52,,,,,2.67,2.97,,,65.125,4/-,국수영탐(2)
계명대,식품영양학과,식품영양학과,2.13,2.21,,,,,2.42,2.53,,,66.0625,3/-,국수영탐(2)
계명대,신소재공학과,신소재공학과,2.74,2.84,,,,,3.03,3.1,,,73.375,4/-,국수영탐(2)
계명대,실버스포츠복지학과,실버스포츠복지학과,2.64,2.78,,,,,2.83,3.1,,,56.875,4/-,국수영탐(2)
계명대,실용음악음향과,실용음악음향과,,,,,,,2.91,2.91,,,,-/-,
계명대,심리학과,심리학과,1.89,1.96,2.25,2.27,,,2.4,2.49,,,65.5625,4/-,국수영탐(2)
계명대,약학부,약학부,1.03,1.03,1.03,1.03,,,,,,,95.9,2/-,국수영탐(2)
계명대,언론영상학과,언론영상학과,2.1,2.2,2.68,2.75,,,2.29,2.42,,,61.625,5/-,국수영탐(2)
계명대,연극뮤지컬과,연극뮤지컬과,,,,,,,1.98,2.64,,,,-/-,
계명대,영상애니메이션과,영상애니메이션과,,,,,,,1.68,1.68,,,,-/-,
계명대,영어교육과,영어교육과,1.77,1.81,2.08,2.08,,,2.18,2.31,,,70.25,4/-,국수영탐(2)
계명대,영어영문학과,영어영문학과,2.35,2.42,2.6,2.75,,,2.79,2.94,,,65.875,5/-,국수영탐(2)
계명대,웹툰과,웹툰과,,,,,,,1.6,1.6,,,,-/-,
계명대,유아교육과,유아교육과,1.85,1.98,2.39,2.39,,,2.46,2.48,,,68.875,3/-,국수영탐(2)
계명대,의예과,의예과,1,1.02,,,,,1.06,1.07,,,96.7,2/-,국수영탐(2)
계명대,의용공학과,의용공학과,3.2,3.4,,,,,3.43,3.52,,,61.9375,4/-,국수영탐(2)
계명대,일본어일본학과,일본어일본학과,2.43,2.52,2.85,2.96,,,3,3.08,,,61.25,4/-,국수영탐(2)
계명대,자동차공학과,자동차공학과,2.98,3.14,,,,,2.82,3.02,,,68.125,4/-,국수영탐(2)
계명대,자율전공부,자율전공부,2.25,2.42,2.48,2.56,,,2.51,2.7,,,56.125,5/-,국수영탐(2)
계명대,전기공학과,전기공학과,2.6,2.76,,,,,3.05,3.13,,,66.8125,4/-,국수영탐(2)
계명대,전자공학과,전자공학과,2.5,2.58,,,,,2.79,2.91,,,72,5/-,국수영탐(2)
계명대,정치외교학과,정치외교학과,2.41,2.72,,,,,2.86,2.96,,,62.875,4/-,국수영탐(2)
계명대,중국어중국학과,중국어중국학과,2.93,2.97,2.76,3.24,,,3.2,3.31,,,58.375,4/-,국수영탐(2)
계명대,철학과,철학과,1.89,1.93,,,,,2.92,3.28,,,,-/-,국수영탐(2)
계명대,체육학과,체육학과,,,,,,,2.27,2.89,,,,-/-,
계명대,컴퓨터공학과,컴퓨터공학과,2.24,2.56,2.78,2.8,,,2.67,2.71,,,62.3125,5/-,국수영탐(2)
계명대,토목공학과,토목공학과,2.74,2.84,,,,,3.04,3.14,,,69.375,3/-,국수영탐(2)
계명대,통계학과,통계학과,2.67,3,,,,,3.06,3.26,,,65.375,5/-,국수영탐(2)
계명대,패션디자인과,패션디자인과,,,,,,,2.24,2.83,,,,-/-,
계명대,패션마케팅학과,패션마케팅학과,2.14,2.15,2.68,2.71,,,2.53,2.75,,,69.625,4/-,국수영탐(2)
계명대,한국어교육과,한국어교육과,2.81,2.86,,,,,3.03,3.18,,,65.625,4/-,국수영탐(2)
계명대,한문교육과,한문교육과,2.45,2.46,,,,,3.09,3.23,,,64.375,5/-,국수영탐(2)
계명대,행정학과,행정학과,2.25,2.31,2.75,2.77,,,2.64,2.7,,,69.375,4/-,국수영탐(2)
계명대,혁신신약학과,혁신신약학과,1.79,1.96,,,,,2.4,2.42,,,77.875,3/-,국수영탐(2)
계명대,화학공학과,화학공학과,2.58,2.65,2.82,2.82,,,2.9,3.04,,,64.0625,5/-,국수영탐(2)
계명대,화학과,화학과,2.75,2.77,,,,,2.82,2.84,,,67.3125,5/-,국수영탐(2)
계명대,환경공학과,환경공학과,2.61,2.67,,,,,3.03,3.12,,,68.75,4/-,국수영탐(2)
계명대,회계세무학과,회계세무학과,2.56,2.66,2.82,2.82,,,2.85,3.2,,,58.25,5/-,국수영탐(2)
고려대,가정교육과,가정교육과,1.07,1.07,,,,,1.24,1.35,1.41,1.74,90.92844284428443,2/2,국수탐(2)
고려대,가정교육과,가정교육과,1.07,1.07,,,,,1.24,1.35,1.41,1.74,93.64276427642764,2/1,국수탐(2)
고려대,간호대학,간호학과,1.06,1.07,,,,,1.24,1.31,1.23,1.38,95.57145714571455,2/2,국수탐(2)
고려대,간호대학,간호학과,1.06,1.07,,,,,1.24,1.31,1.23,1.38,94.14281428142813,2/1,국수탐(2)
고려대,건축사회환경공학부,건축사회환경공학부,1.07,1.08,,,,,1.23,1.35,1.5,1.71,95.71875,2/2,국수탐(2)
고려대,건축사회환경공학부,건축사회환경공학부,1.07,1.08,,,,,1.23,1.35,1.5,1.71,93.84375,2/1,국수탐(2)
고려대,건축학과,건축학과,1.08,1.09,,,,,1.14,1.16,1.58,1.78,94.375,3/2,국수탐(2)
고려대,건축학과,건축학과,1.08,1.09,,,,,1.14,1.16,1.58,1.78,93.9375,2/1,국수탐(2)
고려대,경영대학,경영학과,1.04,1.09,,,,,1.3,1.41,1.19,1.35,94.64286428642863,3/2,국수탐(2)
고려대,경영대학,경영학과,1.04,1.09,,,,,1.3,1.41,1.19,1.35,95.14286428642862,2/1,국수탐(2)
고려대,경제학과,경제학과,1.05,1.06,,,,,1.24,1.46,1.31,1.49,94.7142714271427,3/2,국수탐(2)
고려대,경제학과,경제학과,1.05,1.06,,,,,1.24,1.46,1.31,1.49,94.28572857285728,2/1,국수탐(2)
고려대,공과대학,공과대학,,,,,,,1.18,1.34,,,94.90625,2/1,국수탐(2)
고려대,교육학과,교육학과,1.12,1.14,,,,,1.17,1.21,1.15,1.19,94.2142714271427,3/1,국수탐(2)
고려대,교육학과,교육학과,1.12,1.14,,,,,1.17,1.21,1.15,1.19,92.99999999999999,2/1,국수탐(2)
고려대,국어교육과,국어교육과,1.07,1.08,,,,,1.31,1.31,1.35,1.56,94.64286428642863,3/2,국수탐(2)
고려대,국어교육과,국어교육과,1.07,1.08,,,,,1.31,1.31,1.35,1.56,92.64286428642865,2/1,국수탐(2)
고려대,국어국문학과,국어국문학과,1.06,1.08,,,,,1.29,1.6,1.55,1.63,93.5,2/2,국수탐(2)
고려대,국어국문학과,국어국문학과,1.06,1.08,,,,,1.29,1.6,1.55,1.63,92.07140714071407,2/2,국수탐(2)
고려대,국제학부,국제학부,1.07,1.07,,,,,1.49,1.57,1.49,1.52,95.42854285428541,3/2,국수탐(2)
고려대,국제학부,국제학부,1.07,1.07,,,,,1.49,1.57,1.49,1.52,92.14276427642763,2/2,국수탐(2)
고려대,글로벌한국융합학부,글로벌한국융합학부,,,,,,,1.75,1.76,,,,-/-,국수탐(2)
고려대,기계공학부,기계공학부,1.03,1.03,,,,,1.19,1.31,2.04,2.21,95.90625,3/3,국수탐(2)
고려대,기계공학부,기계공학부,1.03,1.03,,,,,1.19,1.31,2.04,2.21,94.65625,2/2,국수탐(2)
고려대,노어노문학과,노어노문학과,1.11,1.12,,,,,1.9,2.07,1.55,1.63,91.57150715071505,2/2,국수탐(2)
고려대,노어노문학과,노어노문학과,1.11,1.12,,,,,1.9,2.07,1.55,1.63,91.64281428142813,2/1,국수탐(2)
고려대,데이터과학과,데이터과학과,1.04,1.05,,,,,1.22,1.31,1.68,2.16,96,3/2,국수탐(2)
고려대,데이터과학과,데이터과학과,1.04,1.05,,,,,1.22,1.31,1.68,2.16,91.84375,1/1,국수탐(2)
고려대,독어독문학과,독어독문학과,1.11,1.11,,,,,1.74,1.79,1.72,1.78,93.42854285428542,2/2,국수탐(2)
고려대,독어독문학과,독어독문학과,1.11,1.11,,,,,1.74,1.79,1.72,1.78,91.92854285428544,2/2,국수탐(2)
고려대,물리학과,물리학과,1.04,1.05,,,,,1.17,1.18,,,94.0625,3/2,국수탐(2)
고려대,물리학과,물리학과,1.04,1.05,,,,,1.17,1.18,,,93.40625,2/2,국수탐(2)
고려대,미디어학부,미디어학부,1.03,1.03,,,,,1.22,1.35,1.31,1.44,93.78572857285728,2/1,국수탐(2)
고려대,미디어학부,미디어학부,1.03,1.03,,,,,1.22,1.35,1.31,1.44,93.92859285928593,2/1,국수탐(2)
고려대,바이오시스템의과학부,바이오시스템의과학부,1,1,,,,,1.17,1.27,1.45,1.52,94.90625,2/2,국수탐(2)
고려대,바이오시스템의과학부,바이오시스템의과학부,1,1,,,,,1.17,1.27,1.45,1.52,92.90625,2/1,국수탐(2)
고려대,바이오의공학부,바이오의공학부,1.03,1.03,,,,,1.3,1.34,1.49,1.8,94.625,3/2,국수탐(2)
고려대,바이오의공학부,바이오의공학부,1.03,1.03,,,,,1.3,1.34,1.49,1.8,94.28125,2/1,국수탐(2)
고려대,반도체공학과,반도체공학과,,,,,,,2.39,2.41,1.06,1.19,97.25,2/2,국수탐(2)
고려대,보건정책관리학부,보건정책관리학부,1.06,1.07,,,,,1.32,1.65,1.77,1.83,93.21432143214321,3/2,국수탐(2)
고려대,보건정책관리학부,보건정책관리학부,1.06,1.07,,,,,1.32,1.65,1.77,1.83,94.14281428142813,3/3,국수탐(2)
고려대,보건환경융합과학부,보건환경융합과학부,1.03,1.03,,,,,1.14,1.18,1.25,1.43,95.09375,2/3,국수탐(2)
고려대,보건환경융합과학부,보건환경융합과학부,1.03,1.03,,,,,1.14,1.18,1.25,1.43,92.59375,2/2,국수탐(2)
고려대,불어불문학과,불어불문학과,1.09,1.09,,,,,1.84,1.92,1.32,1.54,95.21432143214321,2/1,국수탐(2)
고려대,불어불문학과,불어불문학과,1.09,1.09,,,,,1.84,1.92,1.32,1.54,92.57140714071406,3/2,국수탐(2)
고려대,사이버국방학과,사이버국방학과,,,,,,,2.21,2.51,,,92.3125,3/2,국수탐(2)
고려대,사학과,사학과,1.1,1.11,,,,,1.22,1.35,1.29,1.44,93.35713571357135,3/1,국수탐(2)
고려대,사학과,사학과,1.1,1.11,,,,,1.22,1.35,1.29,1.44,92.57150715071506,2/1,국수탐(2)
고려대,사회학과,사회학과,1.04,1.05,,,,,1.22,1.31,1.18,1.25,94.78567856785679,3/2,국수탐(2)
고려대,사회학과,사회학과,1.04,1.05,,,,,1.22,1.31,1.18,1.25,95.14286428642862,2/1,국수탐(2)
고려대,산업경영공학부,산업경영공학부,1.03,1.03,,,,,1.14,1.15,1.54,1.94,95.875,2/2,국수탐(2)
고려대,산업경영공학부,산업경영공학부,1.03,1.03,,,,,1.14,1.15,1.54,1.94,94.34375,3/2,국수탐(2)
고려대,생명공학부,생명공학부,1.03,1.03,,,,,1.13,1.36,2.13,2.26,94.15625,3/2,국수탐(2)
고려대,생명공학부,생명공학부,1.03,1.03,,,,,1.13,1.36,2.13,2.26,90.875,2/2,국수탐(2)
고려대,생명과학부,생명과학부,1.03,1.03,,,,,1.2,1.34,1.32,1.51,93.90625,2/2,국수탐(2)
고려대,생명과학부,생명과학부,1.03,1.03,,,,,1.2,1.34,1.32,1.51,93.84375,2/1,국수탐(2)
고려대,서어서문학과,서어서문학과,1.09,1.09,,,,,1.59,1.77,1.47,1.59,92.42859285928591,2/2,국수탐(2)
고려대,서어서문학과,서어서문학과,1.09,1.09,,,,,1.59,1.77,1.47,1.59,91.07150715071506,2/2,국수탐(2)
고려대,수학과,수학과,1.04,1.04,,,,,1.15,1.2,,,94.8125,3/2,국수탐(2)
고려대,수학과,수학과,1.04,1.04,,,,,1.15,1.2,,,93.96875,3/1,국수탐(2)
고려대,수학교육과,수학교육과,1.03,1.03,,,,,1.11,1.14,1.13,1.3,96.21875,3/3,국수탐(2)
고려대,수학교육과,수학교육과,1.03,1.03,,,,,1.11,1.14,1.13,1.3,93.5625,3/1,국수탐(2)
고려대,스마트모빌리티학부,스마트모빌리티학부,,,,,,,2.22,2.33,1.34,1.53,97.84375,2/1,국수탐(2)
고려대,스마트보안학부,스마트보안학부,1.04,1.04,,,,,1.24,1.38,2.04,2.36,96.84375,3/3,국수탐(2)
고려대,스마트보안학부,스마트보안학부,1.04,1.04,,,,,1.24,1.38,2.04,2.36,93.03125,2/2,국수탐(2)
고려대,식품공학과,식품공학과,1.03,1.03,,,,,1.16,1.2,1.41,1.67,95.09375,2/2,국수탐(2)
고려대,식품공학과,식품공학과,1.03,1.03,,,,,1.16,1.2,1.41,1.67,93.21875,2/2,국수탐(2)
고려대,식품자원경제학과,식품자원경제학과,1.08,1.08,,,,,1.24,1.26,1.31,1.47,94.92854285428542,3/1,국수탐(2)
고려대,식품자원경제학과,식품자원경제학과,1.08,1.08,,,,,1.24,1.26,1.31,1.47,94.07135713571355,2/2,국수탐(2)
고려대,신소재공학부,신소재공학부,1.03,1.03,,,,,1.12,1.15,1.99,2.14,95.21875,3/1,국수탐(2)
고려대,신소재공학부,신소재공학부,1.03,1.03,,,,,1.12,1.15,1.99,2.14,94.9375,2/2,국수탐(2)
고려대,심리학부,심리학부,1.07,1.07,,,,,1.17,1.23,1.17,1.4,94.42859285928591,2/2,국수탐(2)
고려대,심리학부,심리학부,1.07,1.07,,,,,1.17,1.23,1.17,1.4,94.35713571357135,2/1,국수탐(2)
고려대,언어학과,언어학과,1.1,1.11,,,,,1.25,1.34,,,94.07145714571456,2/1,국수탐(2)
고려대,언어학과,언어학과,1.1,1.11,,,,,1.25,1.34,,,93.42864286428642,2/2,국수탐(2)
고려대,역사교육과,역사교육과,1.08,1.09,,,,,1.22,1.29,1.65,1.85,92.7142714271427,3/2,국수탐(2)
고려대,역사교육과,역사교육과,1.08,1.09,,,,,1.22,1.29,1.65,1.85,93.07150715071508,3/2,국수탐(2)
고려대,영어교육과,영어교육과,1.05,1.11,,,,,1.22,1.4,1.49,1.77,93.35713571357135,2/2,국수탐(2)
고려대,영어교육과,영어교육과,1.05,1.11,,,,,1.22,1.4,1.49,1.77,93.71432143214321,2/1,국수탐(2)
고려대,영어영문학과,영어영문학과,1.07,1.08,,,,,1.41,1.55,1.53,1.64,93.85713571357134,3/2,국수탐(2)
고려대,영어영문학과,영어영문학과,1.07,1.08,,,,,1.41,1.55,1.53,1.64,93.14286428642863,2/2,국수탐(2)
고려대,융합에너지공학과,융합에너지공학과,1.06,1.06,,,,,1.19,1.47,1.38,1.42,95.75,3/3,국수탐(2)
고려대,융합에너지공학과,융합에너지공학과,1.06,1.06,,,,,1.19,1.47,1.38,1.42,94.65625,4/2,국수탐(2)
고려대,의과대학,의과대학,1,1,,,,,1,1.03,1.04,1.04,99.21875,1/1,국수탐(2)
고려대,의과대학,의과대학,1,1,,,,,1,1.03,1.04,1.04,98.90625,1/1,국수탐(2)
고려대,인공지능학과,인공지능학과,1.04,1.05,,,,,1.11,1.12,1.35,1.4,95.375,2/2,국수탐(2)
고려대,인공지능학과,인공지능학과,1.04,1.05,,,,,1.11,1.12,1.35,1.4,94.625,3/1,국수탐(2)
고려대,일어일문학과,일어일문학과,1.09,1.09,,,,,1.78,1.87,1.41,1.47,93.07145714571456,2/2,국수탐(2)
고려대,일어일문학과,일어일문학과,1.09,1.09,,,,,1.78,1.87,1.41,1.47,93.64286428642863,2/2,국수탐(2)
고려대,자유전공학부,자유전공학부,1.02,1.03,,,,,1.44,1.61,,,95.2142714271427,3/2,국수탐(2)
고려대,자유전공학부,자유전공학부,1.02,1.03,,,,,1.44,1.61,,,94.64276427642766,2/1,국수탐(2)
고려대,전기전자공학부,전기전자공학부,1,1.02,,,,,1.24,1.34,1.31,1.47,95.6875,3/2,국수탐(2)
고려대,전기전자공학부,전기전자공학부,1,1.02,,,,,1.24,1.34,1.31,1.47,94.15625,2/2,국수탐(2)
고려대,정치외교학과,정치외교학과,1,1.02,,,,,1.14,1.26,1.31,1.4,94.21432143214322,3/2,국수탐(2)
고려대,정치외교학과,정치외교학과,1,1.02,,,,,1.14,1.26,1.31,1.4,94.92854285428542,2/1,국수탐(2)
고려대,중어중문학과,중어중문학과,1.09,1.1,,,,,1.93,1.99,1.5,1.57,92.92859285928593,2/2,국수탐(2)
고려대,중어중문학과,중어중문학과,1.09,1.1,,,,,1.93,1.99,1.5,1.57,93.42859285928591,3/2,국수탐(2)
고려대,지구환경과학과,지구환경과학과,,,,,,,1.24,1.38,1.54,1.67,94.375,2/2,국수탐(2)
고려대,지구환경과학과,지구환경과학과,,,,,,,1.24,1.38,1.54,1.67,93.125,2/2,국수탐(2)
고려대,지리교육과,지리교육과,1.09,1.1,,,,,1.21,1.22,1.46,1.82,94.35713571357135,3/3,국수탐(2)
고려대,지리교육과,지리교육과,1.09,1.1,,,,,1.21,1.22,1.46,1.82,92.2143714371437,2/1,국수탐(2)
고려대,차세대통신학과,차세대통신학과,,,,,,,1.54,1.76,1.38,1.44,96.5625,2/2,국수탐(2)
고려대,철학과,철학과,1.09,1.09,,,,,1.19,1.72,,,93.64291429142914,3/1,국수탐(2)
고려대,철학과,철학과,1.09,1.09,,,,,1.19,1.72,,,92.64291429142914,2/1,국수탐(2)
고려대,컴퓨터학과,컴퓨터학과,1.09,1.17,,,,,1.1,1.16,,,95.75,3/2,국수탐(2)
고려대,컴퓨터학과,컴퓨터학과,1.09,1.17,,,,,1.1,1.16,,,95.15625,2/1,국수탐(2)
고려대,통계학과,통계학과,1.08,1.08,,,,,1.17,1.4,1.75,1.88,94.99999999999999,3/2,국수탐(2)
고려대,통계학과,통계학과,1.08,1.08,,,,,1.17,1.4,1.75,1.88,92.42859285928591,2/2,국수탐(2)
고려대,학부대학,학부대학,,,,,,,1.19,1.25,,,95.4375,2/2,국수탐(2)
고려대,한국사학과,한국사학과,1.15,1.16,,,,,1.31,1.57,,,93.85718571857184,3/2,국수탐(2)
고려대,한국사학과,한국사학과,1.15,1.16,,,,,1.31,1.57,,,,-/-,국수탐(2)
고려대,한문학과,한문학과,,,,,,,1.41,1.83,,,93.71432143214321,3/2,국수탐(2)
고려대,한문학과,한문학과,,,,,,,1.41,1.83,,,,-/-,국수탐(2)
고려대,행정학과,행정학과,1.03,1.1,,,,,1.22,1.35,1.54,1.67,94.21432143214322,3/1,국수탐(2)
고려대,행정학과,행정학과,1.03,1.1,,,,,1.22,1.35,1.54,1.67,92.71432143214322,2/1,국수탐(2)
고려대,화공생명공학과,화공생명공학과,1,1.02,,,,,1.15,1.23,,,94.625,3/3,국수탐(2)
고려대,화공생명공학과,화공생명공학과,1,1.02,,,,,1.15,1.23,,,94.1875,2/1,국수탐(2)
고려대,화학과,화학과,,,,,,,1.2,1.41,2.4,2.42,94.8125,3/2,국수탐(2)
고려대,화학과,화학과,,,,,,,1.2,1.41,2.4,2.42,93.1875,2/1,국수탐(2)
고려대,환경생태공학부,환경생태공학부,1.03,1.04,,,,,1.18,1.24,1.42,1.52,95.4375,3/2,국수탐(2)
고려대,환경생태공학부,환경생태공학부,1.03,1.04,,,,,1.18,1.24,1.42,1.52,92.90625,2/1,국수탐(2)
고려대(세종),경제통계학부,경제통계학부,2.33,2.38,,,,,2.45,2.58,,,77,4/-,국수영탐(2)
고려대(세종),공공사회・통일외교학부,공공사회・통일외교학부,2.22,2.25,,,,,2.53,2.69,,,71.375,3/-,국수영탐(2)
고려대(세종),국제스포츠학부,국제스포츠학부,2.01,2.1,,,,,2.21,2.3,,,59.46875,4/-,국수영탐(2)
고려대(세종),글로벌학부,글로벌학부,2.24,2.31,,,,,2.91,3.12,,,71.875,3/-,국수영탐(2)
고려대(세종),디지털헬스케어공학과,디지털헬스케어공학과,2.21,2.23,,,,,2.36,2.44,,,72.5,3/-,국수영탐(2)
고려대(세종),문화유산융합학부,문화유산융합학부,2.19,2.34,,,,,1.94,2.2,,,71.5625,2/-,국수영탐(2)
고려대(세종),문화창의학부,문화창의학부,1.8,2,,,,,2.1,2.22,,,72.46875,2/-,국수영탐(2)
고려대(세종),미래모빌리티학과,미래모빌리티학과,,,,,,,2.28,2.66,,,60.75,2/-,국수영탐(2)
고려대(세종),반도체물리학부,반도체물리학부,1.85,1.85,,,,,2.24,2.52,,,63.875,4/-,국수영탐(2)
고려대(세종),빅데이터사이언스학부,빅데이터사이언스학부,2.06,2.1,,,,,2.38,2.48,,,75.3125,2/-,국수영탐(2)
고려대(세종),생명정보공학과,생명정보공학과,1.94,1.94,,,,,2.03,2.09,,,60.875,3/-,국수영탐(2)
고려대(세종),스마트도시학부,스마트도시학부,,,,,,,2.43,2.5,,,61.78125,3/-,국수영탐(2)
고려대(세종),식품생명공학과,식품생명공학과,2.23,2.27,,,,,2.15,2.27,,,69.84375,4/-,국수영탐(2)
고려대(세종),신소재화학과,신소재화학과,1.96,2.48,,,,,2.07,2.12,,,70.9375,4/-,국수영탐(2)
고려대(세종),융합경영학부,융합경영학부,2.21,2.24,,,,,2.31,2.38,,,70.5,2/-,국수영탐(2)
고려대(세종),응용수리과학부,응용수리과학부,2.04,2.04,,,,,2.46,2.78,,,66.0625,4/-,국수영탐(2)
고려대(세종),인공지능사이버보안학과,인공지능사이버보안학과,2.21,2.38,,,,,2.24,2.42,,,64.09375,4/-,국수영탐(2)
고려대(세종),자유전공학부(공공정책),자유전공학부(공공정책),2.33,2.4,,,,,,,,,76.375,3/-,국수영탐(2)
고려대(세종),자유전공학부(과학기술),자유전공학부(과학기술),2.01,2.04,,,,,,,,,78.4375,2/-,국수영탐(2)
고려대(세종),자유전공학부(글로벌비즈니스),자유전공학부(글로벌비즈니스),2.42,2.61,,,,,,,,,73.75,2/-,국수영탐(2)
고려대(세종),자유전공학부(문화스포츠),자유전공학부(문화스포츠),2.52,2.6,,,,,,,,,68.84375,2/-,국수영탐(2)
고려대(세종),전자・기계융합공학과,전자・기계융합공학과,2.24,2.46,,,,,2.29,2.38,,,65.875,2/-,국수영탐(2)
고려대(세종),전자및정보공학과,전자및정보공학과,2.11,2.14,,,,,2.41,2.46,,,72.15625,4/-,국수영탐(2)
고려대(세종),정부행정학부,정부행정학부,2.08,2.24,,,,,2.16,2.24,,,73.5,3/-,국수영탐(2)
고려대(세종),지능형반도체공학과,지능형반도체공학과,2.42,2.42,,,,,2.25,2.28,,,67.34375,3/-,국수영탐(2)
고려대(세종),첨단융합신약학과,첨단융합신약학과,1.82,1.82,,,,,1.83,1.87,,,75.34375,3/-,국수영탐(2)
고려대(세종),컴퓨터소프트웨어학과,컴퓨터소프트웨어학과,1.77,1.77,,,,,2.13,2.17,,,63.21875,3/-,국수영탐(2)
고려대(세종),표준・지식학과,표준・지식학과,2.27,2.32,,,,,2.59,3.29,,,68.125,2/-,국수영탐(2)
고려대(세종),환경시스템공학과,환경시스템공학과,2.33,2.33,,,,,2.13,2.16,,,65.78125,4/-,국수영탐(2)
고신대,간호학과,간호학과,1.45,1.49,,,,,2.27,2.43,2.19,2.19,76.66666666666667,3/2,국수영탐(1)
고신대,기독교교육과,기독교교육과,2.36,2.7,,,,,3.85,4.11,,,19.333333333333332,6/7,국수영탐(1)
고신대,기독교상담학과,기독교상담학과,,,,,,,,,,,,-/-,국수영탐(1)
고신대,미디어영상마케팅학과,미디어영상마케팅학과,2.58,2.75,,,,,,,,,36.666666666666664,3/5,국수영탐(1)
고신대,사회복지학과,사회복지학과,2.42,2.48,,,,,3.2,3.6,,,26,5/6,국수영탐(1)
고신대,성경학과,성경학과,,,,,,,,,,,,-/-,국수영탐(1)
고신대,시각디자인학과,시각디자인학과,2.48,2.51,,,,,,,,,53.333333333333336,3/1,국수영탐(1)
고신대,식품영양학과,식품영양학과,2.89,2.97,,,,,3.78,4.18,,,33.333333333333336,3/4,국수영탐(1)
고신대,신학과,신학과,2.4,2.52,,,,,2.38,2.38,3.84,3.84,22.333333333333332,4/4,국수영탐(1)
고신대,언어청각치료학과,언어청각치료학과,2.44,2.67,,,,,3.43,3.43,,,50.333333333333336,5/3,국수영탐(1)
고신대,유아교육과,유아교육과,2.3,2.33,,,,,3.67,3.98,,,39.666666666666664,3/5,국수영탐(1)
고신대,응급구조학과,응급구조학과,1.85,1.9,,,,,,,3.44,3.77,47.666666666666664,4/5,국수영탐(1)
고신대,의료경영학과,의료경영학부,2.15,2.23,,,,,2.38,3.83,,,38.333333333333336,4/3,국수영탐(1)
고신대,의예과,의예과,1.02,1.03,,,,,,,,,97.85714285714286,1/1,국수영탐(2)
고신대,자율전공학부,자율전공학부,2.72,3.05,,,,,,,,,34,5/4,국수영탐(1)
고신대,작업치료학과,작업치료학과,1.87,1.96,,,,,,,3.63,3.73,55.666666666666664,4/4,국수영탐(1)
고신대,재활치료학과,재활치료학과,2.06,2.15,,,,,3.76,3.95,,,52,4/2,국수영탐(1)
고신대,한국어교육학과,한국어교육학과,,,,,,,,,,,,-/-,국수영탐(1)
공군사관,단일모집,단일모집,,,,,,,,,,,,-/-,
공주교대,초등교육과,초등교육과,,,,,,,1.61,1.67,,,75,2/1,국수영탐(2)
광신대,복지상담융합학부,복지상담융합학부,,,,,,,,,,,,-/-,
광신대,신학과,신학과,,,,,,,,,,,,-/-,
광신대,유아교육과,유아교육과,,,,,,,,,,,,-/-,
광신대,한국어교육학과,한국어교육학과,,,,,,,,,,,,-/-,
광운대,건축공학과,건축공학과,1.17,1.32,,,,,2.09,2.17,1.65,1.89,85.0625,4/1,국수영탐(2)
광운대,건축학과,건축학과,1.3,1.47,,,,,1.61,1.77,1.59,1.65,82.75,3/1,국수영탐(2)
광운대,경영학부 경영학전공,경영학부 경영학전공,1.37,1.43,,,,,1.79,2.04,1.63,2.48,84.5,3/3,국수영탐(2)
광운대,경영학부 빅데이터경영전공,경영학부 빅데이터경영전공,1.32,1.38,,,,,1.83,2.78,1.66,1.91,82,2/1,국수영탐(2)
광운대,국어국문학과,국어국문학과,1.49,1.52,,,,,1.91,2.87,1.94,2.02,80.25,3/5,국수영탐(2)
광운대,국제통상학부,국제통상학부,1.45,1.47,,,,,1.68,2.05,1.65,2.36,78.875,2/5,국수영탐(2)
광운대,국제학부,국제학부,1.42,1.42,,,,,2.04,3.27,1.83,2.75,81.46875,3/1,국수영탐(2)
광운대,동북아문화산업학부,동북아문화산업학부,1.47,1.52,,,,,2.48,2.93,1.79,2.68,80.71875,2/1,국수영탐(2)
광운대,로봇학부 AI로봇전공,로봇학부 AI로봇전공,1.29,1.38,,,,,1.83,2.85,1.59,1.7,,2/3,국수영탐(2)
광운대,미디어커뮤니케이션학부,미디어커뮤니케이션학부,1.41,1.45,,,,,1.77,2.17,1.58,1.84,80.34375,2/3,국수영탐(2)
광운대,반도체시스템공학부,반도체시스템공학부,1.21,1.27,,,,,1.72,1.85,1.6,1.98,82.9375,3/2,국수영탐(2)
광운대,법학부,법학부,1.42,1.44,,,,,1.85,2.69,1.63,2.58,81.09375,2/3,국수영탐(2)
광운대,산업심리학과,산업심리학과,1.37,1.39,,,,,1.81,2.01,1.65,1.9,82.125,2/5,국수영탐(2)
광운대,소프트웨어학부,소프트웨어학부,1.47,1.67,,,,,1.84,3.34,1.51,2.14,83.65625,3/5,국수영탐(2)
광운대,수학과,수학과,1.43,1.47,,,,,1.85,2.18,1.73,2.33,83.4375,3/1,국수영탐(2)
광운대,영어산업학과,영어영문학과,1.54,1.58,,,,,1.74,2.58,1.79,2.45,79.21875,2/1,국수영탐(2)
광운대,전기공학과,전기공학과,1.33,1.35,,,,,1.74,2.34,1.55,1.75,84.90625,3/1,국수영탐(2)
광운대,전자공학과,전자공학과,1.31,1.54,,,,,1.62,2.22,1.38,1.52,86.71875,3/5,국수영탐(2)
광운대,전자바이오물리학과,전자바이오물리학과,1.34,1.46,,,,,1.75,2.13,1.58,1.99,84.46875,3/2,국수영탐(2)
광운대,전자융합공학과,전자융합공학과,1.27,1.31,,,,,1.77,2.19,1.52,1.63,82.46875,2/4,국수영탐(2)
광운대,전자재료공학과,전자재료공학과,1.28,1.44,,,,,1.72,3.34,1.51,1.69,86.875,3/4,국수영탐(2)
광운대,전자통신공학과,전자통신공학과,1.4,1.45,,,,,1.68,1.94,1.67,1.91,85.53125,3/2,국수영탐(2)
광운대,정보융합학부,정보융합학부,1.35,1.37,,,,,1.89,4.1,1.61,1.68,82.03125,3/1,국수영탐(2)
광운대,컴퓨터정보공학부,컴퓨터정보공학부,1.32,1.36,,,,,1.79,2.68,1.53,1.73,83.0625,2/1,국수영탐(2)
광운대,행정학과,행정학과,1.47,1.5,,,,,1.75,1.89,1.62,1.84,81.4375,2/1,국수영탐(2)
광운대,화학공학과,화학공학과,1.17,1.23,,,,,1.62,1.84,1.43,2.27,88.5625,5/3,국수영탐(2)
광운대,화학과,화학과,1.24,1.35,,,,,1.64,1.84,1.6,1.72,82.09375,2/1,국수영탐(2)
광운대,환경공학과,환경공학과,1.48,1.7,,,,,1.68,1.93,1.82,1.85,85.5625,4/1,국수영탐(2)
광주과학기술원,무학과,무학과,,,,,,,,,,,,-/-,
광주과학기술원,반도체공학과,반도체공학과,,,,,,,,,,,,-/-,
광주교대,초등교육과,초등교육과,1.32,1.38,,,,,1.86,1.97,,,81,3/3,국수영탐(2)
광주대,간호학과,간호학과,2.66,2.76,,,,,,,,,68.47415258474153,4/4,국수영탐(1)한
광주대,건축공학과,건축공학과,3.71,3.96,,,,,,,,,25.737526247375268,8/7,국수영탐(1)한
광주대,건축학과(5년제),건축학과(5년제),3.54,4.03,,,,,,,,,54.84391560843917,3/4,국수영탐(1)한
광주대,경영학과,경영학과,3.93,4.06,,,,,,,,,50.738326167383256,5/7,국수영탐(1)한
광주대,경찰행정학과,경찰행정학과,3.08,3.22,,,,,,,,,50.738326167383256,5/7,국수영탐(1)한
광주대,청소년상담・평생교육학과,교육상담학과,,,,,,,,,,,50.738326167383256,5/7,국수영탐(1)한
광주대,기계자동차공학과,기계자동차공학부,3.88,3.96,,,,,,,,,25.737526247375268,8/7,국수영탐(1)한
광주대,무역유통학과,무역유통학과,3.47,3.76,,,,,,,,,50.738326167383256,5/7,국수영탐(1)한
광주대,문예창작과,문예창작과,3.22,3.4,,,,,,,,,35.78942105789422,7/8,국수영탐(1)한
광주대,문헌정보학과,문헌정보학과,3.11,3.33,,,,,,,,,50.738326167383256,5/7,국수영탐(1)한
광주대,반려동물보건산업학과,반려동물보건산업학과,3.54,3.75,,,,,,,,,29.896010398960104,5/7,국수영탐(1)한
광주대,보건행정학과,보건행정학부,3.33,3.51,,,,,,,,,,6/4,국수영탐(1)한
광주대,뷰티미용학과,뷰티미용학과,3.01,3.19,,,,,,,,,28.47465253474653,8/7,국수영탐(1)한
광주대,사진영상미디어학과,사진영상미디어학과,3.51,3.65,,,,,,,,,28.47465253474653,8/7,국수영탐(1)한
광주대,사회복지학부,사회복지학부,3.48,3.68,,,,,,,,,29.896010398960104,5/7,국수영탐(1)한
광주대,소방행정학과,소방행정학과,3.71,3.84,,,,,,,,,50.738326167383256,5/7,국수영탐(1)한
광주대,스포츠과학부,스포츠과학부,2.94,3.14,,,,,,,,,28.47465253474653,8/7,국수영탐(1)한
광주대,시각영상디자인학과,시각영상디자인학과,3.48,3.78,,,,,,,,,28.47465253474653,8/7,국수영탐(1)한
광주대,식품영양학과,식품영양학과,3.29,3.68,,,,,,,,,29.896010398960104,5/7,국수영탐(1)한
광주대,심리학과,심리학과,3.33,3.9,,,,,,,,,50.738326167383256,5/7,국수영탐(1)한
광주대,유아교육과,유아교육과,3.37,3.75,,,,,,,,,39.79092090790921,7/3,국수영탐(1)한
광주대,응급구조학과,응급구조학과,3.33,3.61,,,,,,,,,29.896010398960104,5/7,국수영탐(1)한
광주대,인테리어디자인학과,인테리어디자인학과,3.65,3.75,,,,,,,,,28.47465253474653,8/7,국수영탐(1)한
광주대,작업치료학과,작업치료학과,3.78,4,,,,,,,,,34.68543145685432,6/4,국수영탐(1)한
광주대,전기공학과,전기공학과,3.95,4.21,,,,,,,,,25.737526247375268,8/7,국수영탐(1)한
광주대,컴퓨터공학과,컴퓨터공학과,3.4,3.65,,,,,,,,,25.737526247375268,8/7,국수영탐(1)한
광주대,토목공학과,토목공학과,3.78,4.3,,,,,,,,,25.737526247375268,8/7,국수영탐(1)한
광주대,패션주얼리디자인학과,패션주얼리디자인학과,4.12,4.38,,,,,,,,,28.47465253474653,8/7,국수영탐(1)한
광주대,항공서비스학과,항공서비스학과,3.81,4.03,,,,,,,,,35.78942105789422,7/8,국수영탐(1)한
광주대,호텔조리제과제빵학과,호텔조리제과제빵학과,3.48,3.75,,,,,,,,,35.78942105789422,7/8,국수영탐(1)한
광주대,회계세무학과,회계세무학과,3.29,4.06,,,,,,,,,50.738326167383256,5/7,국수영탐(1)한
광주여대,AI미디어콘텐츠학과,AI미디어콘텐츠학과,3.59,3.69,,,,,,,,,,6/7,국수영탐(1)
광주여대,간호학과,간호학과,3.18,3.27,3.34,3.42,,,,,,,46.666666666666664,4/4,국수영탐(1)
광주여대,경찰행정학과,경찰행정학과,3.73,3.94,,,,,,,,,,5/6,국수영탐(1)
광주여대,실내건축디자인학과,공간디자인학과,3.96,4.1,,,,,,,,,,5/6,국수영탐(1)
광주여대,물리치료학과,물리치료학과,3.16,3.34,3.7,3.73,,,,,,,,-/-,국수영탐(1)
광주여대,미용과학과,미용과학과,3.43,3.86,3.54,3.93,,,,,,,,5/6,국수영탐(1)
광주여대,미용과학과,미용과학부,3.43,3.86,3.54,3.93,,,,,,,,5/6,국수영탐(1)
광주여대,반려동물보건학과,반려동물보건학과,3.64,3.78,,,,,,,,,,-/-,국수영탐(1)
광주여대,사회복지학과,사회복지학과,3.83,4.01,,,,,,,,,,5/6,국수영탐(1)
광주여대,상담심리학과,상담심리학과,3.23,3.81,,,,,,,,,,5/6,국수영탐(1)
광주여대,스포츠재활학과,스포츠재활학과,3.96,4.53,2.83,2.83,,,,,,,,5/6,국수영탐(1)
광주여대,식품콘텐츠학과,외식조리제과제빵학과,3.61,3.84,,,,,,,,,,5/6,국수영탐(1)
광주여대,유아교육과,유아교육과,3.78,3.97,,,,,,,,,21.333333333333332,5/4,국수영탐(1)
광주여대,자유전공학부,자유전공학부,3.56,4.06,,,,,,,,,32.333333333333336,6/5,국수영탐(1)
광주여대,초등특수교육과,초등특수교육과,3.11,3.76,,,,,,,,,36.333333333333336,4/5,국수영탐(1)
광주여대,치위생학과,치위생학과,3.82,4,3.53,3.53,,,,,,,,-/-,국수영탐(1)
광주여대,한국어교육학과,한국어교육학과,,,,,,,,,,,,5/6,국수영탐(1)
광주여대,항공서비스학과,항공서비스학과,3.56,3.68,2.73,2.87,,,,,,,,5/6,국수영탐(1)
광주여대,화장품학과,화장품학과,3.5,3.95,,,,,,,,,,5/6,국수영탐(1)
국군간호사관,단일모집,단일모집,,,,,,,,,,,,-/-,
국립강릉원주대,AI콘텐츠공학과,AI콘텐츠공학과,2.62,2.65,,,,,3.14,3.29,,,87.66666666666666,4/3,국수영탐(1) 중 3개
국립강릉원주대,간호학과,간호학과,1.88,1.96,,,,,2,2.04,,,89.99999999999999,3/3,국수영탐(1) 중 3개
국립강릉원주대,건설환경공학부,건설환경공학부,2.86,2.93,,,,,3.12,3.13,,,81.33333333333334,3/5,국수영탐(1) 중 3개
국립강릉원주대,경영학과,경영학과,2.4,2.51,,,,,2.61,2.66,,,89.66666666666667,4/3,국수영탐(1) 중 3개
국립강릉원주대,경제학과,경제학과,2.64,2.86,,,,,3.01,3.12,,,85.66666666666667,4/5,국수영탐(1) 중 3개
국립강릉원주대,관광경영학과,관광경영학과,2.59,2.63,,,,,2.9,2.9,,,84,4/4,국수영탐(1) 중 3개
국립강릉원주대,국어국문학과,국어국문학과,2.66,2.74,,,,,2.69,2.7,,,86.66666666666666,3/2,국수영탐(1) 중 3개
국립강릉원주대,국제통상학과,국제통상학과,2.73,2.75,,,,,3.17,3.2,,,80,5/3,국수영탐(1) 중 3개
국립강릉원주대,기계융합공학부,기계융합공학부,2.88,2.95,,,,,3.45,3.52,,,83.66666666666666,2/3,국수영탐(1) 중 3개
국립강릉원주대,다문화학과,다문화학과,2.79,2.84,,,,,2.91,3.16,,,80.00000000000001,4/4,국수영탐(1) 중 3개
국립강릉원주대,대기환경과학과,대기환경과학과,2.61,2.7,,,,,2.83,2.85,,,82.33333333333333,4/5,국수영탐(1) 중 3개
국립강릉원주대,데이터사이언스학과,데이터사이언스학과,2.91,2.93,,,,,3.4,3.4,,,84,4/3,국수영탐(1) 중 3개
국립강릉원주대,도시계획・부동산학과,도시계획・부동산학과,2.63,2.69,,,,,3.31,3.34,,,85.33333333333333,4/1,국수영탐(1) 중 3개
국립강릉원주대,디지털미디어커뮤니케이션학부,디지털미디어커뮤니케이션학부,2.43,2.47,,,,,2.63,2.63,,,,-/-,국수영탐(1) 중 3개
국립강릉원주대,무역학과,무역학과,2.79,2.93,,,,,2.94,3.12,,,85.33333333333333,4/3,국수영탐(1) 중 3개
국립강릉원주대,사학과,사학과,2.43,2.5,,,,,2.5,2.5,,,86.33333333333333,4/1,국수영탐(1) 중 3개
국립강릉원주대,사회복지학과,사회복지학과,2.31,2.42,,,,,2.54,2.83,,,84.66666666666667,3/2,국수영탐(1) 중 3개
국립강릉원주대,산업경영공학과,산업경영공학과,2.89,2.98,,,,,3.4,3.45,,,84.66666666666667,4/4,국수영탐(1) 중 3개
국립강릉원주대,생명과학과,생명과학과,2.56,2.71,,,,,2.94,2.94,,,,-/-,국수영탐(1) 중 3개
국립강릉원주대,생명과학대학자유전공학과,생명과학대학자유전공학과,3.06,3.12,,,,,3.3,3.43,,,,-/-,국수영탐(1) 중 3개
국립강릉원주대,수산생명의학과,수산생명의학과,2.36,2.53,,,,,2.74,2.86,,,82.33333333333334,2/3,국수영탐(1) 중 3개
국립강릉원주대,수학물리학부,수학물리학부,2.84,2.95,,,,,3.23,3.38,,,80.33333333333333,5/4,국수영탐(1) 중 3개
국립강릉원주대,건설환경공학부,스마트인프라공학부,2.86,2.93,,,,,3.12,3.13,,,81.33333333333334,3/5,국수영탐(1) 중 3개
국립강릉원주대,식물생명과학과,식물생명과학과,2.55,2.64,,,,,3.26,3.31,,,85,4/2,국수영탐(1) 중 3개
국립강릉원주대,식품영양학과,식품영양학과,2.39,2.46,,,,,2.83,2.86,,,80.66666666666667,5/5,국수영탐(1) 중 3개
국립강릉원주대,신소재・생명화학공학부,신소재・생명화학공학부,3.06,3.21,,,,,3.49,3.53,,,82.99999999999999,3/1,국수영탐(1) 중 3개
국립강릉원주대,영어영문학과,영어영문학과,2.78,2.82,,,,,2.59,3.04,,,81.66666666666667,3/2,국수영탐(1) 중 3개
국립강릉원주대,유아교육과,유아교육과,2.63,2.73,,,,,2.87,2.97,,,82.66666666666667,4/3,국수영탐(1) 중 3개
국립강릉원주대,인문대학자유전공학과,인문대학자유전공학과,2.86,3.02,,,,,3.03,3.06,,,,-/-,국수영탐(1) 중 3개
국립강릉원주대,인문대학자유전공학과,인문대학자유전공학과,2.86,3.02,,,,,3.03,3.06,,,89.66666666666667,4/3,국수영탐(1) 중 3개
국립강릉원주대,일본학과,일본학과,2.58,2.63,,,,,2.98,2.99,,,84.33333333333333,3/1,국수영탐(1) 중 3개
국립강릉원주대,자연과학대학 자유전공학과,자연과학대학 자유전공학과,3.26,3.33,,,,,3.27,3.5,,,,-/-,국수영탐(1) 중 3개
국립강릉원주대,자유전공학부,자유전공학부,2.79,2.94,,,,,2.96,3.12,,,82.66666666666667,5/2,국수영탐(1) 중 3개
국립강릉원주대,자유전공학부,자유전공학부,2.79,2.94,,,,,2.96,3.12,,,,-/-,
국립강릉원주대,자치행정학과,자치행정학과,2.7,2.73,,,,,3,3.1,,,90.33333333333334,3/2,국수영탐(1) 중 3개
국립강릉원주대,전기공학과,전기공학과,2.39,2.59,,,,,3.02,3.04,,,84,4/4,국수영탐(1) 중 3개
국립강릉원주대,전자・반도체공학부,전자・반도체공학부,2.77,2.84,,,,,3.29,3.33,,,86.66666666666666,3/3,국수영탐(1) 중 3개
국립강릉원주대,정보통신공학과,정보통신공학과,2.82,2.96,,,,,3.19,3.48,,,84,4/3,국수영탐(1) 중 3개
국립강릉원주대,법률정책학과,정책학과,2.63,2.64,,,,,2.99,3.14,,,,-/-,국수영탐(1) 중 3개
국립강릉원주대,조형예술・디자인학과,조형예술・디자인학과,3.02,3.14,,,,,2.93,3.03,,,,-/-,국수영탐(1) 중 3개
국립강릉원주대,중어중문학과,중어중문학과,3.03,3.04,,,,,3.49,3.55,,,81.66666666666667,4/4,국수영탐(1) 중 3개
국립강릉원주대,철학과,철학과,2.71,2.72,,,,,3.06,3.06,,,85.66666666666667,3/4,국수영탐(1) 중 3개
국립강릉원주대,치위생학과,치위생학과,2.28,2.38,,,,,2.56,2.7,,,,-/-,국수영탐(1) 중 3개
국립강릉원주대,치의예과,치의예과,,,,,,,1.03,1.04,,,97.675,1/1,국수영탐(2)
국립강릉원주대,컴퓨터공학과,컴퓨터공학과,2.66,2.79,,,,,2.97,3.25,,,85,3/1,국수영탐(1) 중 3개
국립강릉원주대,패션디자인학과,패션디자인학과,2.45,2.48,,,,,2.71,2.87,,,,-/-,국수영탐(1) 중 3개
국립강릉원주대,해양융합과학과,해양융합과학과,3.13,3.24,,,,,3.45,3.55,,,82,4/2,국수영탐(1) 중 3개
국립강릉원주대,화학신소재학과,화학신소재학과,3.02,3.09,,,,,2.98,3.45,,,84,4/4,국수영탐(1) 중 3개
국립강릉원주대,환경조경학과,환경조경학과,2.83,2.85,,,,,2.63,3,,,82.99999999999999,4/3,국수영탐(1) 중 3개
국립강릉원주대,회계학과,회계학과,2.85,2.92,,,,,2.9,2.97,,,84,4/4,국수영탐(1) 중 3개
국립경국대,IT융합공학부,IT융합공학부,2.63,3,,,,,,,,,78,3/3,국수영탐(1) 중 2개
국립경국대,간호학부,간호학부,1.63,1.67,,,,,2.13,2.29,,,92.5,5/4,국수영탐(1) 중 2개
국립경국대,건설・환경・건축공학부,건설・환경・건축공학부,2.58,2.83,,,,,,,,,76,4/4,국수영탐(1) 중 2개
국립경국대,건설시스템공학전공,건설시스템공학전공,,,,,,,,,,,76,4/4,국수영탐(1) 중 2개
국립경국대,건축공학전공,건축공학전공,,,,,,,3.56,3.71,,,76,4/4,국수영탐(1) 중 2개
국립경국대,경영학부,경영학부,2.61,3.07,,,,,,,,,78,3/3,국수영탐(1) 중 2개
국립경국대,경영학전공,경영학전공,,,,,,,3.16,3.61,,,78,3/3,국수영탐(1) 중 2개
국립경국대,경제학전공,경제학전공,,,,,,,2.97,3.87,,,78,3/3,국수영탐(1) 중 2개
국립경국대,공공수요인재대학,공공수요인재대학,2.81,3.02,,,,,,,,,66,4/3,국수영탐(1) 중 2개
국립경국대,교육공학과,교육공학과,2.06,2.19,,,,,2.69,3.06,,,92,4/3,국수영탐(1) 중 2개
국립경국대,국어교육과,국어교육과,1.5,1.64,,,,,2.22,2.3,,,96,4/3,국수영탐(1) 중 2개
국립경국대,기계공학전공,기계공학전공,,,,,,,2.88,3.17,,,76,4/4,국수영탐(1) 중 2개
국립경국대,기계교육과,기계교육전공,1.6,1.85,,,,,2.32,2.93,,,87,4/2,국수영탐(1) 중 2개
국립경국대,기계교육과,기술교육전공,1.6,1.85,,,,,2.32,2.93,,,87,4/2,국수영탐(1) 중 2개
국립경국대,데이터과학전공,데이터과학전공,,,,,,,,,,,78,3/3,국수영탐(1) 중 2개
국립경국대,동물생명공학과,동물생명공학과,,,,,,,3.12,3.12,,,66,4/3,국수영탐(1) 중 2개
국립경국대,디지털ICT공학전공,디지털ICT공학전공,,,,,,,3.3,3.3,,,76,4/4,국수영탐(1) 중 2개
국립경국대,로봇공학전공,로봇공학전공,,,,,,,3.47,3.6,,,76,4/4,국수영탐(1) 중 2개
국립경국대,모빌리티디자인공학과,모빌리티디자인공학과,,,,,,,2.49,3.67,,,66,4/3,국수영탐(1) 중 2개
국립경국대,무역학전공,무역학전공,,,,,,,3.58,4.14,,,78,3/3,국수영탐(1) 중 2개
국립경국대,문화유산학전공,문화유산학전공,,,,,,,2.87,3.39,,,78,3/3,국수영탐(1) 중 2개
국립경국대,미디어문화커뮤니케이션학전공,미디어문화커뮤니케이션학전공,,,,,,,3.22,3.35,,,78,3/3,국수영탐(1) 중 2개
국립경국대,바이오생명공학부,바이오생명공학부,2.67,2.86,,,,,,,,,76,4/4,국수영탐(1) 중 2개
국립경국대,반도체신소재공학전공,반도체신소재공학전공,,,,,,,,,,,76,4/4,국수영탐(1) 중 2개
국립경국대,백신생명공학전공,백신생명공학전공,,,,,,,3.02,3.33,,,76,4/4,국수영탐(1) 중 2개
국립경국대,법・행정・경제학부,법・행정・경제학부,2.21,2.66,,,,,,,,,78,3/3,국수영탐(1) 중 2개
국립경국대,법학전공,법학전공,,,,,,,3.28,3.33,,,78,3/3,국수영탐(1) 중 2개
국립경국대,사학전공,사학전공,,,,,,,3.01,3.29,,,78,3/3,국수영탐(1) 중 2개
국립경국대,사회복지・상담학부,사회복지・상담학부,2.42,2.5,,,,,3.22,3.35,,,78,3/3,국수영탐(1) 중 2개
국립경국대,산림과학전공,산림과학전공,,,,,,,2.9,3.24,,,76,4/4,국수영탐(1) 중 2개
국립경국대,생명과학전공,생명과학전공,,,,,,,3.09,3.43,,,76,4/4,국수영탐(1) 중 2개
국립경국대,소방방재학과,소방방재학과,,,,,,,3.61,3.75,,,66,4/3,국수영탐(1) 중 2개
국립경국대,소프트웨어융합전공,소프트웨어융합전공,,,,,,,3.38,3.69,,,78,3/3,국수영탐(1) 중 2개
국립경국대,수학교육과,수학교육과,1.54,1.58,,,,,2.6,2.63,,,87,4/4,국수영탐(1) 중 2개
국립경국대,스마트그린학부,스마트그린학부,2.49,2.7,,,,,,,,,76,4/4,국수영탐(1) 중 2개
국립경국대,스마트모빌리티공학과,스마트모빌리티공학과,2.81,2.91,,,,,4.16,4.16,,,76,4/4,국수영탐(1) 중 2개
국립경국대,스마트모빌리티공학과,스마트모빌리티공학과,2.81,2.91,,,,,4.16,4.16,,,72,5/5,국수영탐(1) 중 2개
국립경국대,스마트센서공학전공,스마트센서공학전공,,,,,,,,,,,76,4/4,국수영탐(1) 중 2개
국립경국대,스마트원예과학전공,스마트원예과학전공,,,,,,,2.75,2.89,,,76,4/4,국수영탐(1) 중 2개
국립경국대,식물의학전공,식물의학전공,,,,,,,3.04,3.1,,,76,4/4,국수영탐(1) 중 2개
국립경국대,식품생명공학전공,식품생명공학전공,,,,,,,2.1,3.32,,,76,4/4,국수영탐(1) 중 2개
국립경국대,식품영양학과,식품영양학과,2.36,2.58,,,,,3.41,3.58,,,76,4/4,국수영탐(1) 중 2개
국립경국대,신소재에너지공학전공,신소재에너지공학전공,,,,,,,,,,,76,4/4,국수영탐(1) 중 2개
국립경국대,영어교육과,영어교육과,1.72,1.76,,,,,2.69,2.93,,,93.5,4/3,국수영탐(1) 중 2개
국립경국대,유아교육과,유아교육과,2.32,2.39,,,,,2.87,3.2,,,88,5/4,국수영탐(1) 중 2개
국립경국대,윤리교육과,윤리교육과,1.31,1.39,,,,,2.03,2.17,,,95,4/2,국수영탐(1) 중 2개
국립경국대,응급구조학과,응급구조학과,,,,,,,3.22,3.38,,,66,4/3,국수영탐(1) 중 2개
국립경국대,인문・문화학부,인문・문화학부,2.63,2.95,,,,,,,,,78,3/3,국수영탐(1) 중 2개
국립경국대,자유전공학부,자유전공학부,2.66,2.88,,,,,2.91,3.24,,,83,4/2,국수영탐(1) 중 2개
국립경국대,자유전공학부,자유전공학부,2.66,2.88,,,,,2.91,3.24,,,78,3/3,국수영탐(1) 중 2개
국립경국대,전기・신소재공학부,전기・신소재공학부,2.46,2.97,,,,,,,,,76,4/4,국수영탐(1) 중 2개
국립경국대,전기에너지공학전공,전기에너지공학전공,,,,,,,3.05,3.16,,,76,4/4,국수영탐(1) 중 2개
국립경국대,전기전자교육과,전기전자교육과,2.05,2.35,,,,,2.6,2.67,,,66.5,5/4,국수영탐(1) 중 2개
국립경국대,전자・기계공학부,전자・기계공학부,2.76,3.02,,,,,,,,,76,4/4,국수영탐(1) 중 2개
국립경국대,전자공학전공,전자공학전공,,,,,,,3.79,4.04,,,76,4/4,국수영탐(1) 중 2개
국립경국대,중국어문・문화학전공,중국어문・문화학전공,,,,,,,3.16,3.41,,,78,3/3,국수영탐(1) 중 2개
국립경국대,지구환경과학전공,지구환경과학전공,,,,,,,3.25,4.18,,,76,4/4,국수영탐(1) 중 2개
국립경국대,컴퓨터공학전공,컴퓨터공학전공,,,,,,,3.04,3.61,,,78,3/3,국수영탐(1) 중 2개
국립경국대,컴퓨터교육과,컴퓨터교육과,1.28,1.42,,,,,2.38,2.45,,,82.5,3/1,국수영탐(1) 중 2개
국립경국대,패션・예술・체육학부,패션・예술・체육학부,2.75,3.24,,,,,,,,,78,3/3,국수영탐(1) 중 2개
국립경국대,패션라이프스타일학전공,패션라이프스타일학전공,,,,,,,4.28,4.29,,,78,3/3,국수영탐(1) 중 2개
국립경국대,국어국문학전공,한국어문예콘텐츠학,,,,,,,3.17,3.7,,,78,3/3,국수영탐(1) 중 2개
국립경국대,한자문화콘텐츠학전공,한자문화콘텐츠학전공,,,,,,,3.13,4.51,,,78,3/3,국수영탐(1) 중 2개
국립경국대,행정학전공,행정학전공,,,,,,,2.79,3.13,,,78,3/3,국수영탐(1) 중 2개
국립경국대,화학생명공학전공,화학생명공학전공,,,,,,,4.06,4.06,,,76,4/4,국수영탐(1) 중 2개
국립경국대,환경공학전공,환경공학전공,,,,,,,2.97,2.97,,,76,4/4,국수영탐(1) 중 2개
국립경국대,회계세무학전공,회계세무학전공,,,,,,,2.8,3.62,,,78,3/3,국수영탐(1) 중 2개
국립공주대,간호학과,간호학과,1.89,1.93,,,,,1.92,2.01,,,72.66666666666667,3/-,"국영탐(1) 중 2개, 수"
국립공주대,건축학과,건축학과,2.18,2.2,,,,,2.33,2.35,,,83.66666666666666,3/-,"국영탐(1) 중 2개, 수"
국립공주대,게임디자인학과,게임디자인학과,2.2,2.29,,,,,1.61,1.71,,,,-/-,국수영탐(1) 중 3개
국립공주대,경영・금융교육과,경영・금융교육과,2.06,2.09,,,,,2.23,2.53,,,,-/-,국수영탐(1) 중 3개
국립공주대,경영학과,경영학과,2.09,2.1,,,,,2.25,2.41,,,,-/-,국수영탐(1) 중 3개
국립공주대,경제통상학부,경제통상학부,2.31,2.38,,,,,2.55,2.68,,,,-/-,국수영탐(1) 중 3개
국립공주대,관광&영어통역융복합학과,관광&영어통역융복합학과,2.42,2.49,,,,,2.91,2.98,,,,-/-,국수영탐(1) 중 3개
국립공주대,관광경영학과,관광경영학과,2.32,2.41,,,,,2.49,2.5,,,,-/-,국수영탐(1) 중 3개
국립공주대,광공학과,광공학과,2.96,3.04,,,,,3.25,3.47,,,,-/-,"국영탐(1) 중 2개, 수"
국립공주대,교육학과,교육학과,,,,,,,1.96,1.99,,,,-/-,국수영탐(1) 중 3개
국립공주대,국어교육과,국어교육과,1.8,2.14,,,,,1.87,1.98,,,,-/-,국수영탐(1) 중 3개
국립공주대,국제학부,국제학부,2.31,2.35,,,,,2.79,2.8,,,80,4/-,국수영탐(1) 중 3개
국립공주대,그린스마트건축공학과,그린스마트건축공학과,2.56,2.59,,,,,,,,,77.66666666666667,2/-,"국영탐(1) 중 2개, 수"
국립공주대,기계자동차공학부,기계자동차공학부,2.64,2.71,,,,,2.75,2.79,,,79.66666666666667,3/-,"국영탐(1) 중 2개, 수"
국립공주대,기술・가정교육과,기술・가정교육과,2.03,2.05,,,,,1.91,2.03,,,86,3/-,"국영탐(1) 중 2개, 수"
국립공주대,대기과학과,대기과학과,2.33,2.34,,,,,2.57,2.6,,,,-/-,"국영탐(1) 중 2개, 수"
국립공주대,데이터정보물리학과,데이터정보물리학과,2.77,2.8,,,,,2.94,3.06,,,,-/-,"국영탐(1) 중 2개, 수"
국립공주대,도시・교통공학과,도시・교통공학과,2.63,2.68,,,,,2.89,2.91,,,,-/-,"국영탐(1) 중 2개, 수"
국립공주대,독어독문학과,독어독문학과,2.53,2.56,,,,,3.11,3.17,,,,-/-,국수영탐(1) 중 3개
국립공주대,동물자원학과,동물생명과학과,2.58,2.68,,,,,2.75,2.85,,,75.33333333333334,3/-,"국영탐(1) 중 2개, 수"
국립공주대,디자인컨버전스학과,디자인컨버전스학과,2.59,2.64,,,,,2.04,2.33,,,,-/-,"국영탐(1) 중 2개, 수"
국립공주대,디지털융합금형공학과,디지털융합금형공학과,3.09,3.16,,,,,3.13,3.17,,,,-/-,"국영탐(1) 중 2개, 수"
국립공주대,문헌정보교육과,문헌정보교육과,1.52,1.6,,,,,1.69,1.79,,,,-/-,국수영탐(1) 중 3개
국립공주대,문화재보존과학과,문화재보존과학과,,,,,,,2.51,2.55,,,,-/-,"국영탐(1) 중 2개, 수"
국립공주대,물리교육과,물리교육과,,,,,,,2.2,2.29,,,,-/-,"국영탐(1) 중 2개, 수"
국립공주대,미래자동차공학과,미래자동차공학과,2.87,2.92,,,,,3.23,3.28,,,,-/-,"국영탐(1) 중 2개, 수"
국립공주대,미술교육과,미술교육과,2.36,2.79,,,,,2,2.2,,,72.66666666666667,4/-,국수영탐(1) 중 3개
국립공주대,법학과,법학과,2.26,2.27,,,,,2.31,2.44,,,,-/-,국수영탐(1) 중 3개
국립공주대,보건행정학과,보건행정학과,2.45,2.49,,,,,2.63,2.73,,,,-/-,"국영탐(1) 중 2개, 수"
국립공주대,부동산학과,부동산학과,3.15,3.27,,,,,3.19,3.38,,,,-/-,국수영탐(1) 중 3개
국립공주대,불어불문학과,불어불문학과,2.57,2.6,,,,,3.2,3.55,,,,-/-,국수영탐(1) 중 3개
국립공주대,사학과,사학과,2.2,2.21,,,,,2.22,2.31,,,,-/-,국수영탐(1) 중 3개
국립공주대,사회복지학과,사회복지학과,2.27,2.28,,,,,2.45,2.45,,,,-/-,국수영탐(1) 중 3개
국립공주대,산림과학과,산림과학과,2.86,3.2,,,,,2.82,3.19,,,,-/-,"국영탐(1) 중 2개, 수"
국립공주대,산업공학과,산업공학과,2.72,2.84,,,,,2.99,3,,,,-/-,"국영탐(1) 중 2개, 수"
국립공주대,산업과학대학자율전공학부,산업과학대학자율전공학부,2.94,3,,,,,,,,,76.66666666666667,2/-,국수영탐(1) 중 3개
국립공주대,산업유통학과,산업유통학과,3.05,3.06,,,,,3.19,3.31,,,,-/-,국수영탐(1) 중 3개
국립공주대,생명과학과,생명과학과,2.15,2.18,,,,,2.49,2.51,,,,-/-,"국영탐(1) 중 2개, 수"
국립공주대,생물교육과,생물교육과,1.67,1.72,,,,,1.95,1.99,,,,-/-,"국영탐(1) 중 2개, 수"
국립공주대,소프트웨어학과,소프트웨어학과,2.44,2.52,,,,,2.59,2.63,,,,-/-,"국영탐(1) 중 2개, 수"
국립공주대,수산생명의학과,수산생명의학과,2.88,2.93,,,,,3.09,3.33,,,75.33333333333334,4/-,"국영탐(1) 중 2개, 수"
국립공주대,수학교육과,수학교육과,1.57,1.67,,,,,1.97,2.09,,,89.66666666666666,3/-,"국영탐(1) 중 2개, 수"
국립공주대,스마트인프라공학과,스마트인프라공학과,2.96,2.98,,,,,3.22,3.31,,,,-/-,"국영탐(1) 중 2개, 수"
국립공주대,스마트정보기술공학과,스마트정보기술공학과,2.82,2.85,,,,,2.93,3.05,,,,-/-,"국영탐(1) 중 2개, 수"
국립공주대,스마트팜공학과,스마트팜공학과,2.83,2.92,,,,,2.6,2.79,,,,-/-,"국영탐(1) 중 2개, 수"
국립공주대,식물자원학과,식물자원학과,2.85,2.98,,,,,3.08,3.12,,,,-/-,"국영탐(1) 중 2개, 수"
국립공주대,식품공학과,식품공학과,2.5,2.57,,,,,2.82,2.89,,,74,4/-,"국영탐(1) 중 2개, 수"
국립공주대,식품영양학과,식품영양학과,2.61,2.85,,,,,2.88,2.98,,,,-/-,"국영탐(1) 중 2개, 수"
국립공주대,신소재공학부,신소재공학부,2.49,2.51,,,,,2.66,2.76,,,,-/-,"국영탐(1) 중 2개, 수"
국립공주대,역사교육과,역사교육과,,,,,,,1.67,1.71,,,,-/-,국수영탐(1) 중 3개
국립공주대,영상학과,영상학과,2.05,2.12,,,,,2.24,2.3,,,83,3/-,국수영탐(1) 중 3개
국립공주대,영어교육과,영어교육과,1.75,1.86,,,,,1.95,2.04,,,90.66666666666667,1/-,국수영탐(1) 중 3개
국립공주대,영어영문학과,영어영문학과,2.36,2.39,,,,,2.7,2.79,,,,-/-,국수영탐(1) 중 3개
국립공주대,외식상품학과,외식상품학과,3.04,3.05,,,,,3.25,3.31,,,,-/-,"국영탐(1) 중 2개, 수"
국립공주대,원예학과,원예학과,2.72,3.1,,,,,2.01,2.86,,,,-/-,"국영탐(1) 중 2개, 수"
국립공주대,유아교육과,유아교육과,2.17,2.23,,,,,2.21,2.29,,,,-/-,국수영탐(1) 중 3개
국립공주대,윤리교육과,윤리교육과,,,,,,,1.76,1.8,,,,-/-,국수영탐(1) 중 3개
국립공주대,음악교육과,음악교육과,1.81,2.1,,,,,,,,,80,2/-,국수영탐(1) 중 3개
국립공주대,응급구조학과,응급구조학과,2.08,2.09,,,,,2.59,2.61,,,79.33333333333333,3/-,"국영탐(1) 중 2개, 수"
국립공주대,응용수학과,응용수학과,2.55,2.56,,,,,2.89,2.93,,,,-/-,"국영탐(1) 중 2개, 수"
국립공주대,의료정보학과,의료정보학과,2.59,2.61,,,,,2.75,2.77,,,,-/-,"국영탐(1) 중 2개, 수"
국립공주대,의류상품학과,의류상품학과,2.57,2.68,,,,,2.6,2.75,,,,-/-,"국영탐(1) 중 2개, 수"
국립공주대,인공지능학부,인공지능학부,2.6,2.67,,,,,2.63,2.67,,,,-/-,"국영탐(1) 중 2개, 수"
국립공주대,인문사회과학대학자율전공학부,인문사회과학대학자율전공학부,2.35,2.39,,,,,,,,,84.66666666666667,3/-,국수영탐(1) 중 3개
국립공주대,일반사회교육과,일반사회교육과,2.86,2.89,,,,,1.83,1.87,,,89.33333333333333,3/-,국수영탐(1) 중 3개
국립공주대,자연과학대학자율전공학부,자연과학대학자율전공학부,2.52,2.59,,,,,,,,,79.66666666666667,3/-,"국영탐(1) 중 2개, 수"
국립공주대,전기전자제어공학부,전기전자제어공학부,2.56,2.6,,,,,2.54,2.64,,,82.66666666666667,3/-,"국영탐(1) 중 2개, 수"
국립공주대,정보통신공학과,정보통신공학과,2.72,2.74,,,,,3.19,3.23,,,,-/-,"국영탐(1) 중 2개, 수"
국립공주대,조경학과,조경학과,2.93,3.04,,,,,3.11,3.2,,,,-/-,"국영탐(1) 중 2개, 수"
국립공주대,중어중문학과,중어중문학과,2.5,2.6,,,,,2.72,2.78,,,,-/-,국수영탐(1) 중 3개
국립공주대,지구과학교육과,지구과학교육과,1.41,1.49,,,,,2.01,2.31,,,,-/-,"국영탐(1) 중 2개, 수"
국립공주대,지능형모빌리티공학과,지능형모빌리티공학과,2.85,2.87,,,,,3.21,3.25,,,,-/-,"국영탐(1) 중 2개, 수"
국립공주대,지리교육과,지리교육과,1.76,1.77,,,,,1.86,2.01,,,,-/-,국수영탐(1) 중 3개
국립공주대,지리학과,지리학과,2.34,2.41,,,,,2.64,2.67,,,,-/-,국수영탐(1) 중 3개
국립공주대,지역건설공학과,지역건설공학과,3.25,3.33,,,,,3.31,3.35,,,,-/-,"국영탐(1) 중 2개, 수"
국립공주대,지역사회개발학과,지역사회개발학과,2.93,3.02,,,,,,,,,,-/-,국수영탐(1) 중 3개
국립공주대,지질환경과학과,지질환경과학과,2.64,2.66,,,,,2.43,2.54,,,,-/-,"국영탐(1) 중 2개, 수"
국립공주대,천안공과대학자율전공학부,천안공과대학자율전공학부,2.69,2.73,,,,,,,,,79,4/-,"국영탐(1) 중 2개, 수"
국립공주대,체육교육과,체육교육과,1.94,2.01,,,,,,,,,84,3/-,국수영탐(1) 중 3개
국립공주대,컴퓨터공학과,컴퓨터공학과,2.46,2.51,,,,,2.38,2.49,,,81.66666666666666,3/-,"국영탐(1) 중 2개, 수"
국립공주대,컴퓨터교육과,컴퓨터교육과,1.84,1.87,,,,,1.99,2.03,,,,-/-,"국영탐(1) 중 2개, 수"
국립공주대,특수교육과,특수교육과,2.1,2.14,,,,,2.19,2.24,,,,-/-,국수영탐(1) 중 3개
국립공주대,특수동물학과,특수동물학과,,,,,,,1.99,2.09,,,,-/-,"국영탐(1) 중 2개, 수"
국립공주대,한문교육과,한문교육과,1.99,2.04,,,,,2.28,2.32,,,,-/-,국수영탐(1) 중 3개
국립공주대,행정학과,행정학과,2.21,2.26,,,,,2.63,2.65,,,85.66666666666667,3/-,국수영탐(1) 중 3개
국립공주대,화학공학부,화학공학부,2.46,2.51,,,,,2.57,2.63,,,,-/-,"국영탐(1) 중 2개, 수"
국립공주대,화학과,화학과,2.52,2.56,,,,,2.65,2.75,,,,-/-,"국영탐(1) 중 2개, 수"
국립공주대,화학교육과,화학교육과,,,,,,,2.12,2.29,,,,-/-,"국영탐(1) 중 2개, 수"
국립공주대,환경공학과,환경공학과,2.39,2.41,,,,,2.92,2.98,,,83.33333333333334,3/-,"국영탐(1) 중 2개, 수"
국립공주대,환경교육과,환경교육과,2.13,2.2,,,,,2.36,2.42,,,,-/-,"국영탐(1) 중 2개, 수"
국립군산대,컴퓨터소프트웨어특성화대학,AI융합계열,3.56,3.94,,,,,3.93,4.04,,,57.5,4/5,국수영탐(2)
국립군산대,간호학부,간호학과,1.38,1.38,,,,,2.08,2.29,,,79.4,3/4,국수영탐(2)
국립군산대,건축공학부,건축공학과,3.33,3.46,,,,,3.69,4.06,,,65.6,5/4,국수영탐(2)
국립군산대,경영학부,경영학과,3.05,3.17,,,,,3.2,3.69,,,63,4/4,국수영탐(2)
국립군산대,공간디자인융합기술학부,공간디자인융합기술학과,3.28,3.49,,,,,3.56,3.59,,,67,4/4,국수영탐(2)
국립군산대,국어국문학과,국어국문학과,2.83,3.18,,,,,3.95,4,,,67.6,4/3,국수영탐(2)
국립군산대,국제물류학과,국제물류학과,3.45,3.73,,,,,4.11,4.12,,,64,4/4,국수영탐(2)
국립군산대,금융부동산경제학과,금융부동산경제학과,3.67,3.9,,,,,4.1,4.11,,,60.2,5/4,국수영탐(2)
국립군산대,기계공학부,기계공학부,3.33,3.71,,,,,3.97,4.02,,,62.4,5/4,국수영탐(2)
국립군산대,기관공학과,기관공학과,2.94,2.96,,,,,3.13,3.13,,,,-/-,국수영탐(2)
국립군산대,무역학과,무역학과,3.89,3.96,,,,,3.81,4.23,,,58.9,4/4,국수영탐(2)
국립군산대,미디어문화학부,미디어문화학과,2.63,2.66,,,,,2.7,2.85,,,72.1,3/2,국수영탐(2)
국립군산대,첨단・에너지대학,바이오헬스학과,3.89,4.17,,,,,4.08,4.39,,,57.7,4/5,국수영탐(2)
국립군산대,법행정경찰학부,법경찰학과,2.83,3,,,,,3.27,3.41,,,66.4,4/3,국수영탐(2)
국립군산대,벤처창업학과,벤처창업학과,4.13,4.13,,,,,4.23,4.39,,,68.7,3/5,국수영탐(2)
국립군산대,사회복지학부,사회복지학과,2.48,2.77,,,,,3.01,3.06,,,,-/-,국수영탐(2)
국립군산대,생명과학과,생명과학과,3.11,3.24,,,,,3.39,3.43,,,62.7,5/4,국수영탐(2)
국립군산대,수산생명의학과,수산생명의학과,2.59,2.7,,,,,2.96,3.22,,,61.4,4/3,국수영탐(2)
국립군산대,수학과,수학과,3.48,3.5,,,,,4.43,4.43,,,62.1,5/5,국수영탐(2)
국립군산대,첨단・에너지대학,스마트시티학과,3.89,4.17,,,,,4.08,4.39,,,57.7,4/5,국수영탐(2)
국립군산대,첨단・에너지대학,스마트오션모빌리티공학과,3.89,4.17,,,,,4.08,4.39,,,57.7,4/5,국수영탐(2)
국립군산대,식품생명공학과,식품생명공학과,3.57,3.81,,,,,3.58,3.62,,,59.2,4/4,국수영탐(2)
국립군산대,식품영양학과,식품영양학과,2.79,3.14,,,,,3.52,3.83,,,67.7,4/5,국수영탐(2)
국립군산대,신소재공학과,신소재공학과,3.47,3.77,,,,,4.77,4.77,,,61.3,4/4,국수영탐(2)
국립군산대,아동학부,아동학과,3.51,3.63,,,,,3.49,3.6,,,57.8,4/3,국수영탐(2)
국립군산대,역사학과,역사학과,2.45,2.79,,,,,2.91,3.02,,,,-/-,국수영탐(2)
국립군산대,영어영문학과,영어영문학과,2.98,3.34,,,,,3.44,4.68,,,56,4/3,국수영탐(2)
국립군산대,의류학부,의류학과,3.32,3.52,,,,,3.93,4.13,,,65.9,4/5,국수영탐(2)
국립군산대,첨단・에너지대학,이차전지・에너지학과,3.89,4.17,,,,,4.08,4.39,,,57.7,4/5,국수영탐(2)
국립군산대,첨단・에너지대학,이차전지・에너지학부,3.89,4.17,,,,,4.08,4.39,,,57.7,4/5,국수영탐(2)
국립군산대,일어일문학과,일어일문학과,2.85,2.96,,,,,3.17,3.54,,,,-/-,국수영탐(2)
국립군산대,자율전공학부,자율전공학부,3.24,3.45,,,,,3.67,3.79,,,64.9,4/4,국수영탐(2)
국립군산대,전기공학과,전기공학과,2.48,2.52,,,,,3.42,3.43,,,65.7,5/3,국수영탐(2)
국립군산대,전자공학과,전자공학과,3.22,3.41,,,,,3.7,3.72,,,67.1,4/4,국수영탐(2)
국립군산대,중어중문학과,중어중문학과,2.97,3.69,,,,,3.96,3.96,,,58.7,4/3,국수영탐(2)
국립군산대,철학과,철학과,3.2,3.55,,,,,2.45,2.45,,,76,4/1,국수영탐(2)
국립군산대,첨단과학기술학부,첨단과학기술학부,3.71,3.84,,,,,4.15,4.15,,,59.1,4/5,국수영탐(2)
국립군산대,체육학부,체육학부,,,,,,,2.96,3.08,,,,-/-,
국립군산대,토목공학과,토목공학과,3.41,3.61,,,,,3.56,3.57,,,62.9,4/4,국수영탐(2)
국립군산대,해양건설공학과,해양건설공학과,3.84,3.92,,,,,4.03,4.1,,,59.7,4/5,국수영탐(2)
국립군산대,해양경찰학부,해양경찰학과,2.58,2.75,,,,,3.17,3.19,,,,-/-,국수영탐(2)
국립군산대,해양생명과학과,해양생명과학과,2.99,3.22,,,,,3.21,3.71,,,53.9,5/6,국수영탐(2)
국립군산대,해양생물자원학과,해양생물자원학과,3.34,3.61,,,,,3.76,3.99,,,56.9,4/4,국수영탐(2)
국립군산대,해양수산공공인재학과,해양수산공공인재학과,2.7,2.76,,,,,3.51,3.6,,,65.1,3/4,국수영탐(2)
국립군산대,법행정경찰학부,행정학과,2.83,3,,,,,3.27,3.41,,,66.4,4/3,국수영탐(2)
국립군산대,화학공학과,화학공학과,3.04,3.17,,,,,3.86,3.86,,,62,5/5,국수영탐(2)
국립군산대,환경공학과,환경공학과,3.41,3.69,,,,,3.57,3.66,,,63.1,4/4,국수영탐(2)
국립군산대,회계학부,회계학부,2.88,3.28,,,,,3.62,3.63,,,64.2,4/4,국수영탐(2)
국립금오공대,건축토목환경공학부,건축토목공학부,2.53,2.66,,,,,3.16,3.24,,,76.66666666666667,4/5,국수영탐(1) 중 3개
국립금오공대,건축토목환경공학부,건축학과,2.53,2.66,,,,,3.16,3.24,,,76.66666666666667,4/5,국수영탐(1) 중 3개
국립금오공대,경영학과,경영학과,2.83,3.02,,,,,3.19,3.34,,,77.33333333333333,4/3,국수영탐(1) 중 3개
국립금오공대,광시스템공학과,광시스템공학과,2.89,2.98,,,,,3.43,3.47,,,76.66666666666667,6/5,국수영탐(1) 중 3개
국립금오공대,기계공학부,기계공학부,2.31,2.4,,,,,2.9,3.06,,,79.33333333333333,4/5,국수영탐(1) 중 3개
국립금오공대,기계공학부 스마트모빌리티전공,기계공학부 스마트모빌리티전공,2.66,2.86,,,,,3.31,3.35,,,77.33333333333333,5/3,국수영탐(1) 중 3개
국립금오공대,자율전공학부,미래융합대학 자율전공학부,2.62,2.73,,,,,3.47,3.67,,,77.66666666666667,4/5,국수영탐(1) 중 3개
국립금오공대,바이오메디컬공학과,바이오메디컬공학과,2.41,2.43,,,,,3.35,3.39,,,77,5/3,국수영탐(1) 중 3개
국립금오공대,산업・빅데이터공학부,산업・빅데이터공학부,2.98,3.19,,,,,3.61,3.81,,,80.66666666666667,4/3,국수영탐(1) 중 3개
국립금오공대,자율전공학부,자율전공학부,2.62,2.73,,,,,3.47,3.67,,,77.66666666666667,4/5,국수영탐(1) 중 3개
국립금오공대,재료공학부,재료공학부,2.68,2.83,,,,,3.52,3.74,,,77,2/7,국수영탐(1) 중 3개
국립금오공대,전자공학부,전자공학부,2.08,2.17,,,,,2.88,2.95,,,81.00000000000001,5/2,국수영탐(1) 중 3개
국립금오공대,자율전공학부,첨단융합대학 자율전공학부,2.62,2.73,,,,,3.47,3.67,,,77.66666666666667,4/5,국수영탐(1) 중 3개
국립금오공대,컴퓨터공학부,컴퓨터공학부,2.28,2.37,,,,,2.96,3.17,,,80.66666666666666,5/5,국수영탐(1) 중 3개
국립금오공대,컴퓨터공학부,컴퓨터공학부 인공지능공학전공,2.28,2.37,,,,,2.96,3.17,,,80.66666666666666,5/5,국수영탐(1) 중 3개
국립금오공대,화학소재공학부,화학소재공학부,2.45,2.75,,,,,3.2,3.36,,,76.66666666666667,3/4,국수영탐(1) 중 3개
국립금오공대,건축토목환경공학부,환경공학과,2.53,2.66,,,,,3.16,3.24,,,76.66666666666667,4/5,국수영탐(1) 중 3개
국립목포대,간호학과,간호학과,2.04,2.1,,,,,2.29,2.34,,,79.9,5/4,"국탐(1) 중 1개, 수영"
국립목포대,건축・토목・환경공학부,건축 ・ 토목 ・ 환경공학부,3.26,3.42,,,,,3.81,3.93,,,71.7,4/4,"국탐(1) 중 1개, 수영"
국립목포대,건축학과,건축학과,2.82,2.88,,,,,3.17,3.51,,,,-/-,"국탐(1) 중 1개, 수영"
국립목포대,경영학부,경영학부,3.03,3.33,,,,,3.75,4.08,,,73.1,4/5,"수탐(1) 중 1개, 국영"
국립목포대,경제무역학부,경제무역학부,3.73,3.89,,,,,3.83,4.45,,,69.5,4/4,"수탐(1) 중 1개, 국영"
국립목포대,관광학과,관광학과,3.6,3.97,,,,,3.87,4,,,,-/-,"수탐(1) 중 1개, 국영"
국립목포대,교육학과,교육학과,2.4,2.42,,,,,,,,,,-/-,"수탐(1) 중 1개, 국영"
국립목포대,국어국문・문예창작학부,국어국문 ・ 문예창작학부,3.4,3.54,,,,,4.24,4.42,,,69.1,5/5,"수탐(1) 중 1개, 국영"
국립목포대,글로벌커뮤니케이션학부,글로벌커뮤니케이션학부,3.29,3.43,,,,,3.67,3.72,,,69.1,5/5,"수탐(1) 중 1개, 국영"
국립목포대,글로벌학부,글로벌학부,3.6,3.93,,,,,4.11,4.11,,,72.5,4/4,"수탐(1) 중 1개, 국영"
국립목포대,기계조선해양공학부,기계조선해양공학부,3.33,3.47,,,,,3.79,4.02,,,72.6,4/4,"국탐(1) 중 1개, 수영"
국립목포대,도시계획및조경학부,도시계획및조경학부,3.39,3.75,,,,,3.7,4.14,,,,-/-,"국탐(1) 중 1개, 수영"
국립목포대,반도체공학과,반도체공학과,3.82,4.03,,,,,3.91,4.03,,,69,5/6,"국탐(1) 중 1개, 수영"
국립목포대,법・경찰학부,법・경찰학부,2.82,2.98,,,,,3.38,3.43,,,73.9,5/4,"수탐(1) 중 1개, 국영"
국립목포대,사회복지학과,사회복지학과,2.57,2.69,,,,,3.07,3.17,,,,-/-,"수탐(1) 중 1개, 국영"
국립목포대,수산생명의학과,수산생명의학과,2.97,3.14,,,,,3.39,3.56,,,,-/-,"국탐(1) 중 1개, 수영"
국립목포대,수학교육과,수학교육과,2.61,2.64,,,,,3.29,3.46,,,,-/-,"국탐(1) 중 1개, 수영"
국립목포대,식품・제약공학부,식품・제약공학부,3.16,3.37,,,,,2.9,3.75,,,68.6,5/2,"국탐(1) 중 1개, 수영"
국립목포대,식품영양학과,식품영양학과,3.22,3.32,,,,,3.48,3.75,,,,-/-,"국탐(1) 중 1개, 수영"
국립목포대,아동학과,아동학과,3.28,3.52,,,,,,,,,,-/-,"수탐(1) 중 1개, 국영"
국립목포대,아트앤디자인학부,아트앤디자인학부,2.88,3.02,,,,,3.6,3.64,,,,-/-,"수탐(1) 중 1개, 국영"
국립목포대,약학과,약학과,,,,,,,,,,,97.45,2/1,"국영 중 1개, 수탐(2)"
국립목포대,에너지화학공학과,에너지화학공학과,4.05,4.14,,,,,4.27,4.58,,,69.5,5/6,"국탐(1) 중 1개, 수영"
국립목포대,영어교육과,영어교육과,2.8,2.86,,,,,,,,,,-/-,"수탐(1) 중 1개, 국영"
국립목포대,원예산림학부,원예산림학부,3.29,3.94,,,,,3.38,3.75,,,,-/-,"국탐(1) 중 1개, 수영"
국립목포대,윤리교육과,윤리교육과,2,2.16,,,,,,,,,,-/-,"수탐(1) 중 1개, 국영"
국립목포대,음악공연기획학부,음악공연기획학부,3.39,3.69,,,,,3.77,4.38,,,25.4,8/4,"수탐(1) 중 1개, 국영"
국립목포대,인공지능공학과,인공지능공학과,3.51,3.69,,,,,3.16,3.16,,,72.5,4/4,"국탐(1) 중 1개, 수영"
국립목포대,인문콘텐츠학부,인문콘텐츠학부,3.17,3.39,,,,,3.79,3.94,,,70.1,5/2,"수탐(1) 중 1개, 국영"
국립목포대,자율전공학부,자율전공학부,2.85,3.01,,,,,3.26,3.43,,,76.6,5/4,"국탐(1) 중 1개, 수영"
국립목포대,전기공학과,전기공학과,2.7,2.91,,,,,3.36,3.47,,,,-/-,"국탐(1) 중 1개, 수영"
국립목포대,지적학과,지적학과,2.4,2.56,,,,,2.4,2.5,,,62.1,5/1,"수탐(1) 중 1개, 국영"
국립목포대,체육학과,체육학과,3.3,3.58,,,,,3.19,3.28,,,69.4,4/4,"수탐(1) 중 1개, 국영"
국립목포대,컴퓨터학부,컴퓨터학부,3.63,3.9,,,,,3.66,3.95,,,68.2,5/4,"국탐(1) 중 1개, 수영"
국립목포대,패션의류학과,패션의류학과,3.89,4.05,,,,,,,,,60.8,5/4,"국탐(1) 중 1개, 수영"
국립목포대,행정・언론미디어학부,행정・언론미디어학부,3.24,3.34,,,,,3.8,3.8,,,75.5,4/5,"수탐(1) 중 1개, 국영"
국립목포대,환경교육과,환경교육과,2.97,3.09,,,,,,,,,,-/-,"국탐(1) 중 1개, 수영"
국립목포해양대,기관시스템공학부,기관시스템공학부,2.57,2.5,1.49,1.58,,,,,,,,-/-,국수영탐(2)
국립목포해양대,조선해양공학과,조선해양공학과,3.11,3.1,2.72,2.74,,,,,,,,-/-,국수영탐(2)
국립목포해양대,첨단해양모빌리티학과,첨단해양모빌리티학과,3.43,3.54,3.27,3.29,,,,,,,,-/-,국수영탐(2)
국립목포해양대,컴퓨터공학과,컴퓨터공학과,3.79,3.82,2.66,2.66,,,,,,,,-/-,국수영탐(2)
국립목포해양대,항해정보시스템학부,항해정보시스템학부,2.49,2.42,1.58,1.49,,,,,,,,-/-,국수영탐(2)
국립목포해양대,항해학부,항해학부,1.84,1.99,1.49,1.67,,,,,,,,-/-,국수영탐(2)
국립목포해양대,해군사관학부,해군사관학부,2.7,2.63,1.67,1.67,,,,,,,,-/-,국수영탐(2)
국립목포해양대,해상운송학부,해상운송학부,2.18,2.29,1.4,1.49,,,,,,,,-/-,국수영탐(2)
국립목포해양대,해양건설공학과,해양건설공학과,3.45,3.7,3.1,3.12,,,,,,,,-/-,국수영탐(2)
국립목포해양대,해양경찰학부,해양경찰학부,2.41,2.6,1.67,1.85,,,,,,,,-/-,국수영탐(2)
국립목포해양대,해양메카트로닉스학부,해양메카트로닉스학부,2.85,2.87,2.12,2.5,,,,,,,,-/-,국수영탐(2)
국립목포해양대,해양스포츠학과,해양스포츠학과,3.45,3.41,2.83,2.83,,,,,,,,-/-,국수영탐(2)
국립목포해양대,환경생명공학과,환경생명공학과,3.25,3.28,2.96,2.95,,,,,,,,-/-,국수영탐(2)
국립부경대,간호학과,간호학과,1.77,1.96,,,,,2.06,2.08,,,75.61875,3/3,국수영탐(2)
국립부경대,건축공학과,건축공학과,2.02,2.04,,,,,,,,,71.034375,4/4,국수영탐(2)
국립부경대,건축학전공(5년),건축학과<5년>,1.75,1.82,,,,,2.23,2.37,,,70.875,3/3,국수영탐(2)
국립부경대,경영대학자유전공학부,경영대학자유전공학부,1.85,1.9,,,,,2.17,2.29,,,73.78125,4/3,국수영탐(2)
국립부경대,경영학부,경영학부,1.76,1.88,1.45,1.57,,,2.06,2.06,,,70.753125,3/3,국수영탐(2)
국립부경대,경제학과,경제학과,1.84,1.89,1.31,1.42,,,2.06,2.13,,,70.59375,4/3,국수영탐(2)
국립부경대,고분자・화학소재공학부,고분자・화학소재공학부,2.04,2.08,2.04,2.12,,,2.21,2.22,,,68.515625,3/3,국수영탐(2)
국립부경대,공과대학자유전공학부,공과대학자유전공학부,1.96,2.01,,,,,2.21,2.35,,,71.21875,3/3,국수영탐(2)
국립부경대,과학컴퓨팅학과,과학컴퓨팅학과,2.28,2.32,,,,,,,,,,-/-,국수영탐(2)
국립부경대,국어국문학과,국어국문학과,1.96,2.06,,,,,,,,,70.778125,3/2,국수영탐(2)
국립부경대,국제지역학부,국제지역학부,1.99,2.07,,,,,2.79,2.88,,,69.203125,2/3,국수영탐(2)
국립부경대,국제통상학부,국제통상학부,1.88,1.92,1.31,1.31,,,2.18,2.44,,,70.65625,4/3,국수영탐(2)
국립부경대,글로벌자율전공학부,글로벌자율전공학부,1.71,1.72,,,,,2.21,2.34,,,69.6875,2/4,국수영탐(2)
국립부경대,기계공학부,기계공학부,1.83,1.88,1.81,1.83,,,2.22,2.24,,,73.390625,3/3,국수영탐(2)
국립부경대,나노융합반도체공학부,나노융합반도체공학부,2.05,2.13,2.06,2.25,,,2.22,2.23,,,69.225,3/3,국수영탐(2)
국립부경대,데이터정보과학부,데이터정보과학부,1.99,2.12,,,,,2.2,2.31,,,69.46875,4/4,국수영탐(2)
국립부경대,디지털금융학과,디지털금융학과,2.12,2.18,,,,,,,,,74.43125,4/3,국수영탐(2)
국립부경대,물리학과,물리학과,2.18,2.23,,,,,2.7,2.75,,,77.0625,3/4,국수영탐(2)
국립부경대,미디어커뮤니케이션학부,미디어커뮤니케이션학부,1.61,1.72,,,,,2.04,2.17,,,72.9375,4/3,국수영탐(2)
국립부경대,미생물학과,미생물학과,1.95,2.15,,,,,2.15,2.19,,,67.0375,3/3,국수영탐(2)
국립부경대,법학과,법학과,1.99,2.12,,,,,2.1,2.14,,,70.375,4/3,국수영탐(2)
국립부경대,사학과,사학과,2.01,2.1,,,,,,,,,71.1625,3/2,국수영탐(2)
국립부경대,사회계열,사회계열,2.09,2.18,,,,,,,,,73.2625,3/3,국수영탐(2)
국립부경대,생물공학과,생물공학과,1.64,1.67,,,,,1.96,2,,,75.24375,4/3,국수영탐(2)
국립부경대,생태공학전공,생태공학과,2.16,2.23,,,,,,,,,68.2875,5/3,국수영탐(2)
국립부경대,소방공학과,소방공학과,1.89,2.03,,,,,,,,,68.0625,3/4,국수영탐(2)
국립부경대,수산과학대학자유전공학부,수산과학대학자유전공학부,2.08,2.11,,,,,2.24,2.27,,,69.878125,3/3,국수영탐(2)
국립부경대,수산생명과학부,수산생명과학부,2.06,2.13,1.94,1.97,,,2.32,2.43,,,71.615625,2/3,국수영탐(2)
국립부경대,수산생명의학과,수산생명의학과,1.27,1.35,,,,,,,,,77.375,2/2,국수영탐(2)
국립부경대,수해양산업교육과,수해양산업교육과,,,,,,,2.5,2.56,,,,-/-,국수영탐(2)
국립부경대,스마트모빌리티공학과,스마트모빌리티공학과,2.14,2.16,,,,,2.42,2.5,,,72.35,3/3,국수영탐(2)
국립부경대,스마트헬스케어학부(의공학전공),스마트헬스케어학부,2.11,2.2,,,,,2.24,2.46,,,71.21875,4/4,국수영탐(2)
국립부경대,스마트헬스케어학부(휴먼바이오융합전공),스마트헬스케어학부,2.21,2.29,,,,,,,,,,-/-,국수영탐(2)
국립부경대,시스템경영・안전공학부,시스템경영・안전공학부,2.1,2.14,2.15,2.15,,,2.23,2.37,,,67.096875,4/3,국수영탐(2)
국립부경대,식품과학부,식품과학부,2.02,2.05,1.8,2.3,,,2.24,2.29,,,69.75,3/3,국수영탐(2)
국립부경대,에너지수송시스템공학부,에너지수송시스템공학부,1.85,1.87,1.58,1.85,,,2.21,2.23,,,75.8375,3/3,국수영탐(2)
국립부경대,에너지자원공학과,에너지자원공학과,2.2,2.23,,,,,2.41,2.63,,,68.128125,2/4,국수영탐(2)
국립부경대,영어문화・산업전공,"영어영문학부(영어영문학전공,영어문화・산업전공)",2.01,2.04,1.45,1.45,,,2.2,2.34,,,67.09375,3/3,국수영탐(2)
국립부경대,위성정보융합공학전공,위성정보융합공학과,2.26,2.31,,,,,2.43,2.49,,,69.378125,2/3,국수영탐(2)
국립부경대,유아교육과,유아교육과,,,,,,,2.04,2.25,,,74.1,3/2,국수영탐(2)
국립부경대,융합소재공학부,융합소재공학부,1.96,2.04,1.77,1.99,,,2.45,2.49,,,67.371875,3/3,국수영탐(2)
국립부경대,응용수학과,응용수학과,1.95,2.07,,,,,,,,,72.921875,4/4,국수영탐(2)
국립부경대,인문사회과학대학자유전공학부,인문사회과학대학자유전공학부,2.01,2.05,,,,,2.24,2.36,,,67.625,2/3,국수영탐(2)
국립부경대,일어일문학부,일어일문학부,2.01,2.03,1.31,1.31,,,2.33,2.46,,,71.4125,3/3,국수영탐(2)
국립부경대,자연과학대학자유전공학부,자연과학대학자유전공학부,2.08,2.13,,,,,2.41,2.43,,,67.59375,3/3,국수영탐(2)
국립부경대,자유전공학부,자유전공학부,1.93,1.99,,,,,,,,,75.1,3/3,국수영탐(2)
국립부경대,전기공학부,전기공학부,1.77,1.88,1.71,1.81,,,2.04,2.1,,,73.21875,4/3,국수영탐(2)
국립부경대,전자정보통신공학부,전자정보통신공학부,1.81,1.9,1.31,1.68,,,2.08,2.13,,,72.803125,3/3,국수영탐(2)
국립부경대,정보융합대학자유전공학부,정보융합대학자유전공학부,2.12,2.17,,,,,2.29,2.39,,,71.321875,3/3,국수영탐(2)
국립부경대,정치외교학과,정치외교학과,,,,,,,,,,,,-/-,국수영탐(2)
국립부경대,중국학과,중국학과,2.11,2.13,,,,,,,,,,-/-,국수영탐(2)
국립부경대,환경대기과학전공,지속가능대기환경학과,2.07,2.08,,,,,2.09,2.13,,,73.28125,3/3,국수영탐(2)
국립부경대,환경지질과학전공,지질환경과학과,2.24,2.31,,,,,2.46,2.54,,,68.8,4/3,국수영탐(2)
국립부경대,컴퓨터공학전공,"컴퓨터・인공지능공학부(컴퓨터공학전공,인공지능전공)",1.78,1.91,1.56,1.83,,,2.01,2.03,,,73.0625,3/3,국수영탐(2)
국립부경대,토목공학전공,토목공학과,2.12,2.2,2.08,2.15,,,2.57,2.63,,,73.76875,4/4,국수영탐(2)
국립부경대,패션디자인학과,패션디자인학과,2.12,2.12,,,,,,,,,68.859375,4/3,국수영탐(2)
국립부경대,해양공학과,해양공학과,1.99,2,,,,,2.45,2.46,,,73.30625,3/3,국수영탐(2)
국립부경대,해양생산시스템관리학부,해양생산시스템관리학부,2.2,2.23,,,,,2.56,2.6,,,69.546875,3/3,국수영탐(2)
국립부경대,해양수산경영경제학부,해양수산경영경제학부,2.04,2.07,1.31,1.31,,,2.27,2.3,,,68.88125,2/3,국수영탐(2)
국립부경대,스마트헬스케어학부(해양스포츠전공),해양스포츠학과,,,,,,,,,,,61.63846153846154,4/4,국영탐(2)
국립부경대,해양학전공,해양학과,2.11,2.18,,,,,2.36,2.38,,,73.21875,2/4,국수영탐(2)
국립부경대,행정복지학부,행정복지학부,1.99,2.05,1.31,1.31,,,2.1,2.15,,,70.0625,4/3,국수영탐(2)
국립부경대,화학공학과,화학공학과,1.54,1.57,2.02,2.12,,,1.96,2,,,70.1875,4/4,국수영탐(2)
국립부경대,화학과,화학과,1.92,1.94,,,,,2.15,2.24,,,68.875,4/4,국수영탐(2)
국립부경대,환경・해양대학자유전공학부,환경・해양대학자유전공학부,2.19,2.23,,,,,2.51,2.59,,,69.890625,3/3,국수영탐(2)
국립부경대,환경공학전공,환경공학과,1.74,1.93,,,,,2.22,2.28,,,71.81875,4/4,국수영탐(2)
국립순천대,간호학과,간호학과,,,,,,,2.18,2.23,,,77.33333333333333,4/-,"국탐(2) 중 1개, 수영"
국립순천대,건축학부,건축학부,,,,,,,2.81,2.81,,,,-/-,"국탐(2) 중 1개, 수영"
국립순천대,공학분야,공학분야,3.25,3.57,,,,,3.5,3.75,,,73.5,4/-,"국탐(2) 중 1개, 수영"
국립순천대,국어교육과,국어교육과,,,,,,,,,,,86,4/-,"수탐(2) 중 1개, 국영"
국립순천대,농업교육과,농업교육과,,,,,,,1.68,2.91,,,,-/-,"국탐(2) 중 1개, 수영"
국립순천대,물리교육과,물리교육과,,,,,,,,,,,77.49999999999999,4/-,"국탐(2) 중 1개, 수영"
국립순천대,사회과학분야,사회과학분야,2.79,2.94,,,,,3.54,3.76,,,67.16666666666666,4/-,"수탐(2) 중 1개, 국영"
국립순천대,사회교육과,사회교육과,2.18,2.19,,,,,,,,,,-/-,"수탐(2) 중 1개, 국영"
국립순천대,생명산업과학분야,생명산업과학분야,3.14,3.42,,,,,3.24,3.47,,,71.33333333333333,4/-,"국수탐(2) 중 2개, 영"
국립순천대,환경교육과,생물교육과,,,,,,,3.08,3.08,,,,-/-,"국탐(2) 중 1개, 수영"
국립순천대,수학교육과,수학교육과,,,,,,,2.49,2.64,,,,-/-,"국탐(2) 중 1개, 수영"
국립순천대,식품영양학과,식품영양학과,1.57,1.92,,,,,2.83,2.96,,,,-/-,"국탐(2) 중 1개, 수영"
국립순천대,약학과,약학과,1,1,,,,,,,,,99.00000000000001,1/-,"국영 중 1개, 수탐(2)"
국립순천대,영어교육과,영어교육과,2.41,2.41,,,,,,,,,77.16666666666667,3/-,"수탐(2) 중 1개, 국영"
국립순천대,예체능분야,예체능분야,2.15,2.15,,,,,3,3.33,,,69.33333333333333,4/-,"수탐(2) 중 1개, 국영"
국립순천대,바이오식품기계공학부(바이오시스템기계공학전공),융합바이오시스템기계공학과,3.7,3.71,,,,,,,,,69.16666666666667,4/-,"국탐(2) 중 1개, 수영"
국립순천대,인문분야,인문분야,3.53,3.99,,,,,3.55,4.18,,,66,4/-,"수탐(2) 중 1개, 국영"
국립순천대,자유전공학부(인문사회・자연),자유전공학부(인문사회・자연),2.77,2.85,,,,,3.35,3.53,,,71.83333333333333,3/-,"국수탐(2) 중 2개, 영"
국립순천대,컴퓨터교육과,컴퓨터교육과,2.33,2.33,,,,,,,,,,-/-,"국탐(2) 중 1개, 수영"
국립순천대,화학교육과,화학교육과,,,,,,,2.18,2.33,,,83.16666666666666,2/-,"국탐(2) 중 1개, 수영"
국립순천대,환경교육과,환경교육과,,,,,,,3.08,3.08,,,,-/-,"국탐(2) 중 1개, 수영"
국립창원대,이학융합학부,AI생명과학과,3.04,3.15,,,,,,,,,60.125,4/-,국수영탐(1)
국립창원대,공학융합학부,AI전기공학과,2.4,2.53,,,,,2.79,3.08,,,61.875,4/-,국수영탐(1)
국립창원대,간호학과,간호학과,1.84,1.85,,,,,1.95,2.01,,,67.8125,3/-,국수영탐(1)
국립창원대,스마트그린공학부 건설시스템공학전공,건설시스템공학과,2.64,2.69,,,,,,,,,60.3125,4/-,국수영탐(1)
국립창원대,건축학부 건축공학전공,건축학부 건축공학전공,2.68,2.7,,,,,,,,,59.6875,3/-,국수영탐(1)
국립창원대,건축학부 건축학전공,건축학부 건축학전공,2.27,2.3,,,,,,,,,58.9375,4/-,국수영탐(1)
국립창원대,경영계열자율전공학부,경영계열자율전공학부,2.33,2.4,,,,,,,,,60.6875,4/-,국수영탐(1)
국립창원대,경영학과,경영학과,2.93,3.38,,,,,,,,,64,4/-,국수영탐(1)
국립창원대,공학계열자율전공학부,공학계열자율전공학부,2.5,2.63,,,,,,,,,66.6875,4/-,국수영탐(1)
국립창원대,공학융합학부,공학융합학부,2.4,2.53,,,,,2.79,3.08,,,61.875,4/-,국수영탐(1)
국립창원대,국어국문학과,국어국문학과,2.69,2.85,,,,,2.94,2.99,,,56.1875,4/-,국수영탐(1)
국립창원대,국제관계학과,국제관계학과,2.5,2.53,,,,,2.91,3.1,,,60.4375,4/-,국수영탐(1)
국립창원대,국제무역학과,국제무역학과,2.51,2.58,,,,,2.72,2.85,,,59.625,3/-,국수영탐(1)
국립창원대,글로벌비즈니스학부,글로벌비즈니스학부,2.56,2.67,,,,,2.94,3.13,,,59.4375,4/-,국수영탐(1)
국립창원대,기술경영공학과,기술경영공학과,1.64,2.5,,,,,,,,,,-/-,국수영탐(1)
국립창원대,독어독문학과,독어독문학과,2.42,2.76,,,,,3.19,3.62,,,,-/-,국수영탐(1)
국립창원대,공학융합학부,모빌리티기계공학과,2.4,2.53,,,,,2.79,3.08,,,61.875,4/-,국수영탐(1)
국립창원대,공학융합학부,문화기술융합학과,2.4,2.53,,,,,2.79,3.08,,,61.875,4/-,국수영탐(1)
국립창원대,미디어커뮤니케이션학과,미디어커뮤니케이션학과,1.95,2.13,,,,,2.29,2.29,,,,-/-,국수영탐(1)
국립창원대,이학융합학부,미생물생명공학과,3.04,3.15,,,,,,,,,60.125,4/-,국수영탐(1)
국립창원대,이학융합학부,반도체물리학과,3.04,3.15,,,,,,,,,60.125,4/-,국수영탐(1)
국립창원대,법학과,법학과,2.5,2.55,,,,,2.68,2.73,,,61.875,4/-,국수영탐(1)
국립창원대,불어불문학과,불어불문학과,2.91,2.94,,,,,3.28,3.51,,,,-/-,국수영탐(1)
국립창원대,사림아너스학부,사림아너스학부,2.63,2.68,,,,,,,,,64.875,3/-,국수영탐(1)
국립창원대,사학과,사학과,2.4,2.65,,,,,2.62,2.71,,,60.75,5/-,국수영탐(1)
국립창원대,사회계열자율전공학부,사회계열자율전공학부,2.44,2.46,,,,,,,,,55.375,3/-,국수영탐(1)
국립창원대,사회복지학과,사회복지학과,2.19,2.28,,,,,2.7,2.9,,,62.75,4/-,국수영탐(1)
국립창원대,사회학과,사회학과,2.62,2.64,,,,,3.01,3.16,,,57.25,3/-,국수영탐(1)
국립창원대,산업시스템공학과,산업시스템공학과,2.15,2.29,,,,,,,,,63.9375,4/-,국수영탐(1)
국립창원대,이학융합학부,생명보건학과,3.04,3.15,,,,,,,,,60.125,4/-,국수영탐(1)
국립창원대,세무학과,세무학과,2.29,2.32,,,,,,,,,67.4375,2/-,국수영탐(1)
국립창원대,이학융합학부,수학과,3.04,3.15,,,,,,,,,60.125,4/-,국수영탐(1)
국립창원대,스마트오션모빌리티공학과,스마트오션모빌리티공학과,2.74,2.83,,,,,,,,,55.4375,3/-,국수영탐(1)
국립창원대,기계공학부 스마트제조융합전공,스마트제조융합공학과,2.61,2.67,,,,,2.48,2.58,,,72,4/-,국수영탐(1)
국립창원대,식품영양학과,식품영양학과,2.59,3.16,,,,,2.94,3,,,59.6875,3/-,국수영탐(1)
국립창원대,공학융합학부,에너지기계공학과,2.4,2.53,,,,,2.79,3.08,,,61.875,4/-,국수영탐(1)
국립창원대,영어영문학과,영어영문학과,2.93,3.03,,,,,2.73,3.69,,,56,4/-,국수영탐(1)
국립창원대,우주항공공학부,우주항공공학부,2.13,2.18,,,,,2.04,2.09,,,,-/-,국수영탐(1)
국립창원대,공학융합학부,원자력기계공학과,2.4,2.53,,,,,2.79,3.08,,,61.875,4/-,국수영탐(1)
국립창원대,유아교육과,유아교육과,2.4,2.42,,,,,2.55,2.56,,,,-/-,국수영탐(1)
국립창원대,의류학과,의류학과,2.31,2.33,,,,,2.97,3.16,,,,-/-,국수영탐(1)
국립창원대,이학융합학부,이학융합학부,3.04,3.15,,,,,,,,,60.125,4/-,국수영탐(1)
국립창원대,공학융합학부,인공지능공학과,2.4,2.53,,,,,2.79,3.08,,,61.875,4/-,국수영탐(1)
국립창원대,공학융합학부,인공지능화학공학과,2.4,2.53,,,,,2.79,3.08,,,61.875,4/-,국수영탐(1)
국립창원대,인문계열자율전공학부,인문계열자율전공학부,2.64,2.7,,,,,,,,,61,4/-,국수영탐(1)
국립창원대,일어일문학과,일어일문학과,1.38,1.45,,,,,2.35,2.38,,,,-/-,국수영탐(1)
국립창원대,재료금속공학과,재료금속공학과,2.72,2.77,,,,,,,,,57.5625,4/-,국수영탐(1)
국립창원대,전자공학과,전자공학과,2.23,2.34,,,,,,,,,70.0625,4/-,국수영탐(1)
국립창원대,중국학과,중국학과,2.87,2.95,,,,,2.89,3.28,,,,-/-,국수영탐(1)
국립창원대,지능로봇융합공학과,지능로봇융합공학과,2.62,2.72,,,,,2.9,3.14,,,62.0625,4/-,국수영탐(1)
국립창원대,철학과,철학과,2.67,3.02,,,,,3.21,3.32,,,,-/-,국수영탐(1)
국립창원대,첨단소재융합공학과,첨단소재융합공학과,2.7,2.72,,,,,,,,,56.125,3/-,국수영탐(1)
국립창원대,정보통신공학과,첨단지능정보공학과,2.15,2.27,,,,,,,,,61.8125,4/-,국수영탐(1)
국립창원대,컴퓨터공학과,컴퓨터공학과,2.49,2.88,,,,,2.67,2.72,,,63.375,3/-,국수영탐(1)
국립창원대,통계학과,통계학과,2.88,2.99,,,,,,,,,56,4/-,국수영탐(1)
국립창원대,특수교육과,특수교육과,2.21,2.36,,,,,2.32,2.34,,,,-/-,국수영탐(1)
국립창원대,행정학과,행정학과,1.95,2.07,,,,,2.4,2.51,,,54,3/-,국수영탐(1)
국립창원대,이학융합학부,화학과,3.04,3.15,,,,,,,,,60.125,4/-,국수영탐(1)
국립창원대,스마트그린공학부 환경에너지공학전공,환경에너지공학과,2.72,2.76,,,,,2.92,3.06,,,59,4/-,국수영탐(1)
국립창원대,회계학과,회계학과,2.34,2.42,,,,,,,,,60.25,4/-,국수영탐(1)
국립한국교통대,철도AI・데이터공학부,철도AI・데이터공학부,1.58,1.58,,,,,2.1,2.23,,,87.66666666666666,3/-,국수영탐(1) 중 3개
국립한국교통대,철도경영・물류학과,철도경영・물류학과,1.61,1.63,,,,,2.12,2.17,,,88.33333333333333,2/-,국수영탐(1) 중 3개
국립한국교통대,철도대학자유전공학부,철도대학자유전공학부,,,,,,,1.88,1.93,,,,-/-,국수영탐(1) 중 3개
국립한국교통대,철도운전시스템공학과,철도운전시스템공학과,1.08,1.19,,,,,1.46,1.52,,,93,3/-,국수영탐(1) 중 3개
국립한국교통대,철도인프라공학과,철도인프라공학과,1.64,1.66,,,,,2,2.06,,,88.66666666666666,3/-,국수영탐(1) 중 3개
국립한국교통대,철도전기정보공학과,철도전기정보공학과,1.72,1.75,,,,,1.96,2.07,,,89.00000000000001,3/-,국수영탐(1) 중 3개
국립한국교통대,철도차량시스템공학과,철도차량시스템공학과,1.35,1.45,,,,,1.92,2.05,,,90.99999999999999,4/-,국수영탐(1) 중 3개
국립한국교통대,컴퓨터소프트웨어학과,AI소프트웨어학과,2.41,2.47,,,,,2.32,2.43,,,82.66666666666667,4/-,국수영탐(1) 중 3개
국립한국교통대,간호학과,간호학과,1.72,1.76,,,,,1.93,1.99,,,85.66666666666667,4/-,국수영탐(1) 중 3개
국립한국교통대,건설환경도시교통공학부,건설환경도시교통공학부,2.56,2.65,,,,,3,3.06,,,82,4/-,국수영탐(1) 중 3개
국립한국교통대,건축공학과,건축공학과,2.45,1.56,,,,,2.64,2.74,,,82,3/-,국수영탐(1) 중 3개
국립한국교통대,건축학과(5년제),건축학과(5년제),1.86,1.92,,,,,2.25,2.45,,,80.66666666666667,4/-,국수영탐(1) 중 3개
국립한국교통대,경영학과,경영학과,2.02,2.04,,,,,2.27,2.29,,,80.33333333333334,4/-,국수영탐(1) 중 3개
국립한국교통대,국제무역학과,국제무역학과,2.05,2.1,,,,,2.3,2.36,,,77.33333333333333,5/-,국수영탐(1) 중 3개
국립한국교통대,기계공학과,기계공학과,2.31,2.41,,,,,2.59,2.75,,,80.33333333333334,3/-,국수영탐(1) 중 3개
국립한국교통대,나노메디컬공학부,나노메디컬공학부,2.38,2.51,,,,,2.49,2.72,,,80.99999999999999,4/-,국수영탐(1) 중 3개
국립한국교통대,나노화학소재공학과,나노화학소재공학과,2.52,2.57,,,,,2.75,2.85,,,80,5/-,국수영탐(1) 중 3개
국립한국교통대,물리치료학과,물리치료학과,1.76,1.8,,,,,2.12,2.18,,,84.66666666666667,4/-,국수영탐(1) 중 3개
국립한국교통대,반도체신소재공학과,반도체신소재공학과,2.3,2.38,,,,,2.86,2.9,,,85,4/-,국수영탐(1) 중 3개
국립한국교통대,사회복지학과,사회복지학과,2.07,2.2,,,,,2.42,2.42,,,79,4/-,국수영탐(1) 중 3개
국립한국교통대,산업경영공학과,산업경영공학과,2.51,2.56,,,,,3,3.07,,,78.66666666666666,4/-,국수영탐(1) 중 3개
국립한국교통대,산업디자인학과,산업디자인학과,2.37,2.38,,,,,2.8,2.85,,,77.33333333333333,4/-,국수영탐(1) 중 3개
국립한국교통대,생명공학전공,생명공학과,,,,,,,2.56,2.56,,,77.66666666666667,4/-,국수영탐(1) 중 3개
국립한국교통대,식품생명학부,생명공학과,2.55,2.68,,,,,,,,,77.66666666666667,4/-,국수영탐(1) 중 3개
국립한국교통대,생명자유전공학부,생명자유전공학부,2.73,2.73,,,,,,,,,,-/-,
국립한국교통대,스포츠의학과,스포츠의학과,2.85,2.64,,,,,,,,,68.66666666666667,3/-,국수영탐(1) 중 3개
국립한국교통대,식품공학전공,식품공학과,,,,,,,2.4,2.85,,,77.66666666666667,4/-,국수영탐(1) 중 3개
국립한국교통대,식품생명학부,식품공학과,2.55,2.68,,,,,,,,,77.66666666666667,4/-,국수영탐(1) 중 3개
국립한국교통대,식품생명학부,식품영양학과,2.55,2.68,,,,,,,,,77.66666666666667,4/-,국수영탐(1) 중 3개
국립한국교통대,식품영양학전공,식품영양학과,,,,,,,2.7,2.75,,,77.66666666666667,4/-,국수영탐(1) 중 3개
국립한국교통대,안전공학과,안전공학과,1.6,2.58,,,,,2.8,2.88,,,83.66666666666667,4/-,국수영탐(1) 중 3개
국립한국교통대,영어영문학과,영어영문학과,2.43,2.51,,,,,2.74,2.83,,,79,3/-,국수영탐(1) 중 3개
국립한국교통대,유아교육학과,유아교육학과,1.94,2.01,,,,,2.54,2.59,,,83.66666666666667,4/-,국수영탐(1) 중 3개
국립한국교통대,유아특수교육학과,유아특수교육학과,,,,,,,2.9,3.34,,,73.66666666666666,4/-,국수영탐(1) 중 3개
국립한국교통대,융합경영학과,융합경영학과,2.19,2.21,,,,,2.14,2.18,,,78,2/-,국수영탐(1) 중 3개
국립한국교통대,음악학과,음악학과,,,,,,,,,,,,-/-,
국립한국교통대,응급구조학과,응급구조학과,2.04,2.1,,,,,2.39,2.54,,,80.66666666666667,3/-,국수영탐(1) 중 3개
국립한국교통대,자동차공학과,자동차공학과,2.55,2.6,,,,,2.61,2.75,,,80,4/-,국수영탐(1) 중 3개
국립한국교통대,자유전공학부(충주),자유전공학부(충주),2.38,2.42,,,,,2.83,2.89,,,84,4/-,국수영탐(1) 중 3개
국립한국교통대,전기공학과,전기공학과,2.19,2.33,,,,,2.82,2.91,,,83.33333333333334,5/-,국수영탐(1) 중 3개
국립한국교통대,전자공학과,전자공학과,2.43,2.51,,,,,2.71,2.84,,,82.66666666666667,3/-,국수영탐(1) 중 3개
국립한국교통대,중국어학과,중국어학과,2.6,2.63,,,,,2.68,2.91,,,77.33333333333333,4/-,국수영탐(1) 중 3개
국립한국교통대,커뮤니케이션디자인학과,커뮤니케이션디자인학과,1,2.29,,,,,2.18,2.55,,,82.66666666666667,4/-,국수영탐(1) 중 3개
국립한국교통대,컴퓨터공학과,컴퓨터공학과,2.36,2.53,,,,,2.41,2.56,,,80,3/-,국수영탐(1) 중 3개
국립한국교통대,한국어문학과,한국어문학과,2.23,2.28,,,,,2.61,2.63,,,81.33333333333334,2/-,국수영탐(1) 중 3개
국립한국교통대,항공모빌리티학부,항공모빌리티학부,2.04,2.1,,,,,2.43,2.58,,,82.66666666666667,2/-,국수영탐(1) 중 3개
국립한국교통대,항공서비스학과,항공서비스학과,,,,,,,1.95,2.05,,,,-/-,
국립한국교통대,항공운항학과,항공운항학과,,,,,,,1.52,1.65,,,94.33333333333333,2/-,국수영탐(1) 중 3개
국립한국교통대,행정정보융합학과,행정정보융합학과,2.32,2.35,,,,,2.34,2.39,,,80.33333333333333,3/-,국수영탐(1) 중 3개
국립한국교통대,행정학과,행정학과,2.18,2.24,,,,,2.25,2.25,,,82.33333333333334,3/-,국수영탐(1) 중 3개
국립한국교통대,화공생물공학과,화공생물공학과,2.27,2.48,,,,,2.75,2.88,,,79.33333333333333,4/-,국수영탐(1) 중 3개
국립한국해양대,국제관계학과,국제관계학과,2.2,2.23,,,,,,,,,68.9,2/3,국수영탐(2)
국립한국해양대,국제무역경제학부,국제무역경제학부,2.09,2.12,,,,,2.2,2.25,,,72.8,3/2,국수영탐(2)
국립한국해양대,기계공학부(기계시스템공학전공),기계공학부(기계시스템공학전공),2.21,2.26,,,,,,,,,64.6,3/2,국수영탐(2)
국립한국해양대,기계공학부(냉동공조공학전공),기계공학부(냉동공조공학전공),2.01,2.05,,,,,,,,,65.83333333333333,2/1,국수영탐(2)
국립한국해양대,기관시스템공학부,기관시스템공학부,2.08,2.12,,,,,2.37,2.08,,,73.53333333333333,3/1,국수영탐(2)
국립한국해양대,동아시아학과,동아시아학과,2.28,2.33,,,,,,,,,70.1,3/1,국수영탐(2)
국립한국해양대,물류시스템공학과,물류시스템공학과,2.13,2.15,,,,,,,,,64.76666666666667,2/1,국수영탐(2)
국립한국해양대,에너지자원공학과,에너지자원공학과,2.31,2.43,,,,,,,,,67.56666666666666,3/2,국수영탐(2)
국립한국해양대,인공지능공학부(지능제어시스템공학전공),인공지능공학부(지능제어시스템공학전공),2.31,2.45,,,,,,,,,72.16666666666667,3/1,국수영탐(2)
국립한국해양대,인공지능공학부(컴퓨터공학전공),인공지능공학부(컴퓨터공학전공),2.17,2.27,,,,,,,,,68.26666666666667,4/2,국수영탐(2)
국립한국해양대,인문사회자율전공학부,인문사회자율전공학부,2.33,2.36,,,,,,,,,70.96666666666667,3/3,국수영탐(2)
국립한국해양대,전자전기정보공학부(나노반도체공학전공),전자전기정보공학부(나노반도체공학전공),2.26,2.33,,,,,,,,,68.26666666666667,3/1,국수영탐(2)
국립한국해양대,전자전기정보공학부(데이터사이언스전공),전자전기정보공학부(데이터사이언스전공),2.44,2.49,,,,,,,,,64.4,2/1,국수영탐(2)
국립한국해양대,전자전기정보공학부(전기전자공학전공),전자전기정보공학부(전기전자공학전공),2.08,2.15,,,,,,,,,72,3/4,국수영탐(2)
국립한국해양대,전자전기정보공학부(전자정보통신공학전공),전자전기정보공학부(전자정보통신공학전공),2.43,2.48,,,,,,,,,64.56666666666666,3/6,국수영탐(2)
국립한국해양대,전자전기정보공학부(전파모빌리티융합공학전공),전자전기정보공학부(전파모빌리티융합공학전공),2.64,2.72,,,,,,,,,69.56666666666666,2/1,국수영탐(2)
국립한국해양대,조선해양시스템공학부,조선해양시스템공학부,2.15,2.23,,,,,,,,,67.93333333333334,2/2,국수영탐(2)
국립한국해양대,해양신소재융합공학과,첨단소재공학과,2.45,2.53,,,,,,,,,64.83333333333333,2/4,국수영탐(2)
국립한국해양대,토목공학과,토목공학과,2.63,2.66,,,,,,,,,61.86666666666667,3/2,국수영탐(2)
국립한국해양대,항해융합학부,항해융합학부,1.58,1.67,,,,,1.89,1.74,,,78.13333333333334,3/2,국수영탐(2)
국립한국해양대,해사법학부,해사법학부,1.84,1.88,,,,,,,,,73.33333333333333,2/1,국수영탐(2)
국립한국해양대,해사인공지능・보안학부,해사인공지능・보안학부,1.92,1.95,,,,,1.99,1.99,,,76.56666666666666,3/2,국수영탐(2)
국립한국해양대,해양건축공학과,해양건축공학과,2.48,2.55,,,,,,,,,67.13333333333334,3/1,국수영탐(2)
국립한국해양대,해양경찰학부,해양경찰학부,,,,,,,,,,,81.8,3/2,국수영탐(2)
국립한국해양대,해양경찰학부(기관전공),해양경찰학부(남),2.14,2.19,,,,,,,,,77.2,2/3,국수영탐(2)
국립한국해양대,해양경찰학부(항해전공),해양경찰학부(여),1.68,1.75,,,,,,,,,81.8,3/2,국수영탐(2)
국립한국해양대,해양공학과,해양공학과,2.27,2.28,,,,,,,,,63.2,3/4,국수영탐(2)
국립한국해양대,"해양과학융합학부(해양생물공학전공,수산바이오공학전공)","해양과학융합학부(해양생물공학전공,수산바이오공학전공)",2.13,2.14,,,,,,,,,71.63333333333334,4/3,국수영탐(2)
국립한국해양대,해양과학융합학부(해양환경학전공),해양과학융합학부(해양환경학전공),2.21,2.24,,,,,,,,,72.36666666666666,3/3,국수영탐(2)
국립한국해양대,해양스포츠과학과,해양스포츠과학과,2.72,2.31,,,,,,,,,57.5,4/5,국영탐(2)
국립한국해양대,해양영어영문학과,해양영어영문학과,2.29,2.3,,,,,,,,,67.93333333333334,2/1,국수영탐(2)
국립한국해양대,해양행정학과,해양행정학과,2.1,2.13,,,,,,,,,71.2,3/4,국수영탐(2)
국립한국해양대,해운경영학부,해운경영학부,1.95,2.02,,,,,,,,,72.03333333333333,2/2,국수영탐(2)
국립한국해양대,환경공학과,환경공학과,2.32,2.34,,,,,,,,,66.8,3/1,국수영탐(2)
국립한밭대,건설환경공학과,건설환경공학과,2.53,2.58,,,,,3.07,3.31,2.7,2.69,82.1,5/-,"국영탐(1) 중 2개, 수"
국립한밭대,건축공학과,건축공학과,2.27,2.14,,,,,2.8,2.85,,,,-/-,"국영탐(1) 중 2개, 수"
국립한밭대,건축설비시스템공학과,건축설비시스템공학과,2.49,2.71,,,,,3.17,3.11,,,,-/-,"국영탐(1) 중 2개, 수"
국립한밭대,건축학과(5년제),건축학과(5년제),1.77,1.77,,,,,2.46,2.4,,,,-/-,"국영탐(1) 중 2개, 수"
국립한밭대,경제학과,경제학과,1.97,2.18,,,,,3,2.94,,,80,4/-,국수영탐(1) 중 3개
국립한밭대,공공행정학과,공공행정학과,1.85,1.85,,,,,2.38,2.23,,,86,3/-,국수영탐(1) 중 3개
국립한밭대,공학건설학부,공학건설학부,2.67,2.67,,,,,,,,,83.5,4/-,"국영탐(1) 중 2개, 수"
국립한밭대,기계공학과,기계공학과,2.14,2.18,,,,,2.87,2.97,2.7,3,,-/-,"국영탐(1) 중 2개, 수"
국립한밭대,도시공학과,도시공학과,2.22,2.14,,,,,2.99,3.07,,,,-/-,"국영탐(1) 중 2개, 수"
국립한밭대,모바일융합공학과,모바일융합공학과,2.31,2.58,,,,,2.7,2.88,,,79.5,4/-,"국영탐(1) 중 2개, 수"
국립한밭대,반도체시스템공학과,반도체시스템공학과,2.14,2.27,,,,,2.57,2.42,,,81.4,4/-,"국영탐(1) 중 2개, 수"
국립한밭대,빅데이터헬스케어융합학과,빅데이터헬스케어융합학과,2.62,2.45,,,,,,,,,,-/-,"국영탐(1) 중 2개, 수"
국립한밭대,산업경영공학과,산업경영공학과,2.22,2.45,,,,,3.05,2.75,2.34,3.28,81.3,4/-,"국영탐(1) 중 2개, 수"
국립한밭대,신소재공학과,신소재공학과,2.22,2.35,,,,,2.74,2.8,,,81.3,4/-,"국영탐(1) 중 2개, 수"
국립한밭대,영어영문학과,영어영문학과,2.14,2.18,,,,,2.99,2.97,,,81.33333333333333,3/-,국수영탐(1) 중 3개
국립한밭대,우주국방첨단융합학과,우주국방첨단융합학과,2.31,2.35,,,,,2.89,2.83,,,81.1,4/-,"국영탐(1) 중 2개, 수"
국립한밭대,융합건설시스템학과(야),융합건설시스템학과(야),,,,,,,3.33,3.56,,,,-/-,
국립한밭대,융합경영학과,융합경영학과,2.01,2.05,,,,,2.36,2.68,,,,-/-,국수영탐(1) 중 3개
국립한밭대,인공지능소프트웨어학과,인공지능소프트웨어학과,2.27,2.45,,,,,2.52,2.86,,,81,3/-,"국영탐(1) 중 2개, 수"
국립한밭대,인문사회경상학부,인문사회경상학부,2.27,1.97,,,,,,,,,87,3/-,국수영탐(1) 중 3개
국립한밭대,일본어과,일본어과,2.22,2.22,,,,,2.64,2.86,,,82.33333333333333,3/-,국수영탐(1) 중 3개
국립한밭대,자율전공학부,자율전공학부,2.27,2.31,,,,,,,,,86.2,4/-,"국영탐(1) 중 2개, 수"
국립한밭대,전기공학과,전기공학과,2.05,2.01,,,,,2.66,2.7,,,82.3,3/-,"국영탐(1) 중 2개, 수"
국립한밭대,전기시스템공학과(야),전기시스템공학과(야),,,,,,,3.66,3.95,,,,-/-,
국립한밭대,전자공학과,전자공학과,2.14,2.18,,,,,3.35,3.17,,,85.6,3/-,"국영탐(1) 중 2개, 수"
국립한밭대,정보기술학부,정보기술AI융합학부,2.49,2.53,,,,,,,,,84.6,3/-,"국영탐(1) 중 2개, 수"
국립한밭대,정보통신공학과,정보통신공학과,2.31,2.53,,,,,2.72,2.72,,,79.5,2/-,"국영탐(1) 중 2개, 수"
국립한밭대,중국어과,중국어과,2.58,2.49,,,,,2.95,3.37,,,,-/-,국수영탐(1) 중 3개
국립한밭대,지능미디어공학과,지능미디어공학과,2.53,2.58,,,,,2.79,2.87,,,,-/-,"국영탐(1) 중 2개, 수"
국립한밭대,창의융합학과,창의융합학과,,,,,,,2.97,3,,,,-/-,"국영탐(1) 중 2개, 수"
국립한밭대,컴퓨터공학과,컴퓨터공학과,2.14,2.05,,,,,2.53,2.66,,,82.2,4/-,"국영탐(1) 중 2개, 수"
국립한밭대,화학생명공학과,화학생명공학과,1.89,2.09,,,,,2.47,2.52,,,80,3/-,"국영탐(1) 중 2개, 수"
국립한밭대,회계세무부동산학과(야),회계세무부동산학과(야),,,,,,,1,1,,,,-/-,
국립한밭대,회계세무학과,회계세무학과,1.97,2.18,,,,,1.88,1.75,,,82.66666666666667,4/-,국수영탐(1) 중 3개
국민대,AI디자인학과,AI디자인학과,,,,,,,1.68,1.82,,,79.25000000000001,4/5,"수탐(2) 중 1개, 국영"
국민대,AI빅데이터융합경영학과,AI빅데이터융합경영학과,1.37,1.34,,,,,1.67,1.76,,,85,1/2,국수영탐(2)
국민대,AI빅데이터융합경영학과(자연),AI빅데이터융합경영학과(자연),,,,,,,1.69,1.74,,,88.875,3/2,국수영탐(2)
국민대,건설시스템공학부,건설시스템공학부,,,,,,,1.88,1.99,,,,-/-,국수영탐(2)
국민대,건축학부,건축학부,1.36,1.32,,,,,1.63,1.72,,,,-/-,국수영탐(2)
국민대,경영정보학부,경영정보학부,,,,,,,1.74,1.8,,,86,3/2,국수영탐(2)
국민대,경영정보학부(자연),경영정보학부(자연),,,,,,,1.65,1.68,,,,-/-,국수영탐(2)
국민대,경영학전공,경영학전공,1.38,1.38,,,,,1.65,1.71,,,87,2/2,국수영탐(2)
국민대,경제학과,경제학과,1.35,1.36,,,,,1.65,1.7,,,89.75,3/1,국수영탐(2)
국민대,광고홍보학전공,광고홍보학전공,1.27,1.34,,,,,1.59,1.66,,,,-/-,국수영탐(2)
국민대,교육학과,교육학과,1.44,1.54,,,,,1.61,1.76,,,84.375,2/4,국수영탐(2)
국민대,국어국문학전공,국어국문학전공,1.4,1.4,,,,,1.81,1.89,,,,-/-,국수영탐(2)
국민대,국제통상학과,국제통상금육학과,1.36,1.39,,,,,1.71,1.75,,,85.375,1/1,국수영탐(2)
국민대,글로벌경영전공,글로벌경영전공,,,,,,,2.98,3.05,,,,-/-,국수영탐(2)
국민대,글로벌한국어전공,글로벌한국어전공,,,,,,,,,,,,-/-,국수영탐(2)
국민대,기계공학부,기계공학부,1.36,1.39,,,,,1.81,1.85,,,85.25,2/1,국수영탐(2)
국민대,동아시아국제학부,동아시아국제학부,1.44,1.44,,,,,1.77,2.52,,,88,2/1,국수영탐(2)
국민대,러시아・유라시아학과,러시아・유라시아학과,1.48,1.48,,,,,1.71,1.8,,,85.875,2/1,국수영탐(2)
국민대,모빌리티전력전자융합전공,모빌리티전력전자융합전공,1.76,1.98,,,,,1.65,1.71,,,,-/-,국수영탐(2)
국민대,미디어전공,미디어전공,1.38,1.38,,,,,1.6,1.63,,,,-/-,국수영탐(2)
국민대,미래모빌리티학과,미래모빌리티학과,1.38,1.36,,,,,1.85,1.88,,,,-/-,국수영탐(2)
국민대,미래융합전공(A),미래융합전공(A),1.36,1.26,,,,,,,,,85.125,3/5,국수영탐(2)
국민대,미래융합전공(B),미래융합전공(B),1.38,1.33,,,,,,,,,83.25,1/2,국수영탐(2)
국민대,임산생명공학과,바이오소재융합공학과,1.36,1.37,,,,,1.63,1.67,,,,-/-,국수영탐(2)
국민대,바이오의약전공,바이오의과학과,1.3,1.37,,,,,1.38,1.39,,,,-/-,국수영탐(2)
국민대,법학부,법학부,1.31,1.38,,,,,1.63,2.78,,,86.625,2/1,국수영탐(2)
국민대,사회학과,사회학과,1.38,1.44,,,,,1.65,1.68,,,,-/-,국수영탐(2)
국민대,산림환경시스템학과,산림기후환경학과,,,,,,,1.65,1.72,,,,-/-,국수영탐(2)
국민대,소프트웨어학부,소프트웨어학부,1.35,1.4,,,,,1.55,1.61,,,83.1875,2/3,국수영탐(2)
국민대,스포츠건강재활학과,스포츠건강재활학과,,,,,,,1.91,2.06,,,,-/-,국영탐(2)
국민대,시각디자인학과,시각디자인학과,,,,,,,1.57,1.98,,,90.5,2/5,"수탐(2) 중 1개, 국영"
국민대,식품영양학과,식품영양학과,,,,,,,1.67,1.75,,,,-/-,국수영탐(2)
국민대,나노전자물리학과,양자융합공학과,1.36,1.39,,,,,1.69,1.73,,,88.8125,3/2,국수영탐(2)
국민대,에너지・모빌리티재료전공,에너지・모빌리티재료전공,1.41,1.38,,,,,1.6,1.63,,,,-/-,국수영탐(2)
국민대,나노소재전공,에너지반도체화학공학과,1.29,1.29,,,,,1.63,1.69,,,87.5,3/2,국수영탐(2)
국민대,영어영문학부,영어영문학부,1.55,1.52,,,,,1.89,2.64,,,,-/-,국수영탐(2)
국민대,융합바이오공학과,융합바이오공학과,1.27,1.23,,,,,1.59,1.63,,,88.5625,3/1,국수영탐(2)
국민대,인공지능학부,인공지능학부,1.29,1.38,,,,,1.77,1.81,,,87.5,2/2,국수영탐(2)
국민대,자동차모빌리티대학,자동차모빌리티대학,1.31,1.57,,,,,1.57,1.58,,,,-/-,국수영탐(2)
국민대,자유전공(A),자유전공(A),1.3,1.4,,,,,,,,,81.44444444444444,2/1,국수영탐(2)
국민대,자유전공(B),자유전공(B),1.45,1.49,,,,,,,,,85.44444444444444,3/1,국수영탐(2)
국민대,전자화학재료전공,전자화학재료전공,1.34,1.54,,,,,1.61,1.72,,,,-/-,국수영탐(2)
국민대,정보보안암호수학과,정보보안암호수학과,1.36,1.4,,,,,1.73,1.79,,,85.8125,2/1,국수영탐(2)
국민대,정치외교학과,정치외교학과,1.29,1.39,,,,,1.61,1.65,,,83.125,2/3,국수영탐(2)
국민대,중어중문학과,중어중문학과,1.44,1.45,,,,,2.31,2.38,,,,-/-,국수영탐(2)
국민대,지능형ICT융합전공,지능형ICT융합전공,1.45,1.4,,,,,1.72,1.76,,,,-/-,국수영탐(2)
국민대,지능형반도체융합전자전공,지능형반도체융합전자전공,1.29,1.34,,,,,1.65,1.72,,,83.4375,2/1,국수영탐(2)
국민대,한국역사학과,한국역사학과,1.54,1.44,,,,,1.71,1.76,,,86.75,2/1,국수영탐(2)
국민대,행정학과,행정학과,1.35,1.37,,,,,1.68,1.69,,,82.625,1/5,국수영탐(2)
극동대,간호학과,간호학과,2.33,2.4,,,,,,,,,67.45,3/5,"국수영 중 2개, 탐(1)"
극동대,글로벌융합학부,글로벌융합학부,2.97,3.4,,,,,,,,,,-/-,"국수영 중 2개, 탐(1)"
극동대,방사선학과,방사선학과,1.92,2.04,2.69,2.69,,,,,,,,-/-,"국수영 중 2개, 탐(1)"
극동대,사회복지학부,사회복지학부,3.93,3.93,,,,,,,,,,-/-,"국수영 중 2개, 탐(1)"
극동대,임상병리학과,임상병리학과,2.83,2.97,2.91,2.91,,,,,,,63.8,4/5,"국수영 중 2개, 탐(1)"
극동대,작업치료학과,작업치료학과,3.4,3.61,,,,,,,,,,-/-,"국수영 중 2개, 탐(1)"
극동대,항공안전관리학과,항공안전관리학과,3.75,3.75,,,,,,,,,,-/-,"국수영 중 2개, 탐(1)"
극동대,항공운항서비스학과,항공운항서비스학과,2.76,2.91,,,,,,,,,,-/-,"국수영 중 2개, 탐(1)"
극동대,항공운항학과,항공운항학과,2.4,2.76,,,,,,,,,,-/-,"국수영 중 2개, 탐(1)"
극동대,항공정비학과,항공정비학과,2.4,2.62,,,,,,,,,,-/-,"국수영 중 2개, 탐(1)"
극동대,해킹보안학과,해킹보안학과,3.54,4.43,,,,,,,,,15.2,7/7,"국수영 중 2개, 탐(1)"
금강대,불교문화학부,불교문화학부,,,,,,,,,,,,-/-,"국수영 중 2개, 탐(1)"
금강대,프라마나(인문과학)학부,프라마나(인문과학)학부,,,,,,,,,,,,-/-,"국수영 중 2개, 탐(1)"
김천대,K-글로벌학과,K-글로벌학과,,,,,,,,,,,,-/-,"국수 중 1개, 영탐(1)"
김천대,간호학과,간호학과,2.61,3.7,2.28,2.35,,,,,,,67,4/5,"국수 중 1개, 영탐(1)"
김천대,경찰소방학과,경찰소방학과,3.22,3.83,2.69,4.14,,,,,,,52.2,6/7,"국수 중 1개, 영탐(1)"
김천대,물리치료학과,물리치료학과,2.51,2.54,2.21,2.33,,,,,,,65.2,5/4,"국수 중 1개, 영탐(1)"
김천대,방사선학과,방사선학과,2.44,2.55,2.67,3.27,,,,,,,69.2,4/4,"국수 중 1개, 영탐(1)"
김천대,사회복지학과,사회복지학과,3.13,3.13,2.56,3.68,,,,,,,,-/-,"국수 중 1개, 영탐(1)"
김천대,상담심리학과,상담심리학과,4.02,4.02,,,,,,,,,34.6,7/2,"국수 중 1개, 영탐(1)"
김천대,생활체육학과,생활체육학과,3.05,4.04,,,,,,,,,43.2,4/5,"국수 중 1개, 영탐(1)"
김천대,스마트모빌리티학과,스마트모빌리티학과,3.69,3.75,,,,,,,,,,-/-,"국수 중 1개, 영탐(1)"
김천대,스포츠재활학과,스포츠재활학과,,,2.97,3.41,,,,,,,,-/-,"국수 중 1개, 영탐(1)"
김천대,신학과,신학과,2.14,3.09,,,,,,,,,,-/-,"국수 중 1개, 영탐(1)"
김천대,안경광학과,안경광학과,3.71,3.86,,,,,,,,,,-/-,"국수 중 1개, 영탐(1)"
김천대,유아교육과,유아교육과,1.04,1.04,,,,,,,,,,-/-,"국수 중 1개, 영탐(1)"
김천대,임상병리학과,임상병리학과,3.04,3.24,,,,,,,,,50.4,5/7,"국수 중 1개, 영탐(1)"
김천대,자율전공학부,자율전공학부,3.74,3.74,,,,,,,,,35.2,6/5,"국수 중 1개, 영탐(1)"
김천대,치기공학과,치기공학과,3.48,3.61,,,,,,,,,15.4,9/7,"국수 중 1개, 영탐(1)"
김천대,치위생학과,치위생학과,1.67,1.67,,,,,,,,,51,5/6,"국수 중 1개, 영탐(1)"
나사렛대,AI융합학부,AI융합학부,3.91,4.39,,,,,,,,,,-/-,"국수영 중 2개, 탐(1)"
나사렛대,간호학과,간호학과,1.81,1.9,,,,,,,,,78.6,1/-,"국수영 중 2개, 탐(1)"
나사렛대,경영학과,경영학과,3.08,3.23,,,,,,,,,,-/-,"국수영 중 2개, 탐(1)"
나사렛대,경영학과,경영학과,3.08,3.23,,,,,,,,,,-/-,
나사렛대,경찰행정학부,경찰행정학과,2.7,2.76,,,,,,,,,,-/-,"국수영 중 2개, 탐(1)"
나사렛대,금융부동산학과,금융부동산학과,3.66,3.86,,,,,,,,,,-/-,"국수영 중 2개, 탐(1)"
나사렛대,기독교학부,기독교학부,4.15,4.15,,,,,,,,,,-/-,"국수영 중 2개, 탐(1)"
나사렛대,인간재활학과,기독교학부,3.14,3.31,,,,,,,,,,-/-,"국수영 중 2개, 탐(1)"
나사렛대,물리치료학과,물리치료학과,1.69,1.7,,,,,,,,,76.4,3/-,"국수영 중 2개, 탐(1)"
나사렛대,방송시각영상디자인학부,방송시각영상디자인학부,2.93,3.1,,,,,,,,,,-/-,"국수영 중 2개, 탐(1)"
나사렛대,사회복지학부,사회복지학부,2.89,2.98,,,,,,,,,,-/-,"국수영 중 2개, 탐(1)"
나사렛대,상담심리학과,상담심리학과,2.71,2.83,,,,,,,,,,-/-,"국수영 중 2개, 탐(1)"
나사렛대,수어통역교육학과,수어통역교육학과,3.24,3.74,,,,,,,,,,-/-,"국수영 중 2개, 탐(1)"
나사렛대,아동심리교육학과,아동심리교육학과,3.13,3.3,,,,,,,,,,-/-,"국수영 중 2개, 탐(1)"
나사렛대,언어치료학과,언어치료학과,2.9,3.16,,,,,,,,,,-/-,"국수영 중 2개, 탐(1)"
나사렛대,유아특수교육과,유아특수교육과,3.49,3.49,,,,,,,,,58,4/-,"국수영 중 2개, 탐(1)"
나사렛대,응급구조학과,응급구조학과,2.23,2.27,,,,,,,,,68,4/-,"국수영 중 2개, 탐(1)"
나사렛대,인간재활학과,인간재활학과,3.14,3.31,,,,,,,,,,-/-,"국수영 중 2개, 탐(1)"
나사렛대,임상병리학과,임상병리학과,2.01,2.06,,,,,,,,,,-/-,
나사렛대,재활의료공학과,재활의료공학과,2.96,3.1,,,,,,,,,,-/-,"국수영 중 2개, 탐(1)"
나사렛대,재활자립학부,재활자립학부,,,,,,,,,,,,-/-,
나사렛대,중등특수교육과,중등특수교육과,2.45,2.63,,,,,,,,,69.6,3/-,"국수영 중 2개, 탐(1)"
나사렛대,특수교육과,특수교육과,2.56,2.73,,,,,,,,,70.4,4/-,"국수영 중 2개, 탐(1)"
나사렛대,항공호텔관광경영학과,항공호텔관광경영학과,3.21,3.36,,,,,,,,,,-/-,"국수영 중 2개, 탐(1)"
남부대,AI경영학과,IT경영학과,4.39,4.39,,,,,,,,,,-/-,국수영탐(1)한
남부대,간호학과,간호학과,3.49,3.64,,,,,,,,,64.5794,4/5,국수영탐(1)한
남부대,경찰행정학과,경찰행정학과,3.74,3.74,,,,,,,,,37.58084191580842,4/4,국수영탐(1)한
남부대,무도경호학과,무도경호학과,3.91,4.06,,,,,,,,,,-/-,국수영탐(1)한
남부대,물리치료학과,물리치료학과,3.2,3.24,,,,,,,,,,-/-,국수영탐(1)한
남부대,방사선학과,방사선학과,3.19,3.34,,,,,,,,,61.05299470052994,5/5,국수영탐(1)한
남부대,사회복지학과,사회복지학과,3.41,3.51,,,,,,,,,,-/-,국수영탐(1)한
남부대,스포츠레저학과,스포츠레저학과,3.4,3.86,,,,,,,,,,-/-,국수영탐(1)한
남부대,식품영양학과,식품영양학과,3.54,3.54,,,,,,,,,,-/-,국수영탐(1)한
남부대,유아교육과,유아교육과,3.54,3.54,,,,,,,,,,-/-,국수영탐(1)한
남부대,응급구조학과,응급구조학과,3.82,4.11,,,,,,,,,43.89491050894911,6/4,국수영탐(1)한
남부대,자동차기계공학과,자동차기계공학과,4.57,4.57,,,,,,,,,22.42155784421558,7/7,국수영탐(1)한
남부대,자유전공학부,자유전공학부,3.54,3.54,,,,,,,,,34.42135786421358,5/5,국수영탐(1)한
남부대,AI전기공학과,전기공학과,4.07,4.1,,,,,,,,,49.47405259474053,4/4,국수영탐(1)한
남부대,초등특수교육과,초등특수교육과,3.54,3.73,,,,,,,,,58.105989401059894,4/2,국수영탐(1)한
남부대,한국어학과,한국어학과,,,,,,,,,,,,-/-,국수영탐(1)한
남부대,향장미용학과,향장미용학과,4,4.25,,,,,,,,,,-/-,국수영탐(1)한
남부대,호텔조리학과,호텔조리학과,3.43,4.07,,,,,,,,,,-/-,국수영탐(1)한
남서울대,멀티미디어학과,AI 융합미디어학과,2.32,2.65,2.06,2.3,,,,,,,74,3/-,국수영탐(1) 중 2개
남서울대,가상현실학과,가상현실학과,3.36,3.53,2.82,3.03,,,,,,,63.5,4/-,국수영탐(1) 중 2개
남서울대,간호학과,간호학과,1.4,1.4,1.31,1.37,,,,,,,87.5,2/-,국수영탐(1) 중 2개
남서울대,건축공학과,건축공학과,2.48,2.59,2.5,2.58,,,,,,,52,5/-,국수영탐(1) 중 2개
남서울대,건축학과(5년제),건축학과(5년제),2.38,2.42,1.99,2.01,,,,,,,,-/-,국수영탐(1) 중 2개
남서울대,경영학과,경영학과,2.61,2.76,1.97,1.97,,,,,,,78,3/-,국수영탐(1) 중 2개
남서울대,드론공간정보공학과,공간정보공학과,2.8,2.97,3.03,3.29,,,,,,,,-/-,국수영탐(1) 중 2개
남서울대,공간조형디자인학과,공간조형디자인학과,,,,,,,,,,,,-/-,
남서울대,관광경영학과,관광경영학과,2.76,3.16,2.56,2.69,,,,,,,,-/-,국수영탐(1) 중 2개
남서울대,광고홍보학과,광고홍보학과,2.34,2.75,2.12,2.19,,,,,,,76,3/-,국수영탐(1) 중 2개
남서울대,글로벌무역학과,글로벌무역학과,,,2.61,2.75,,,,,,,65,4/-,국수영탐(1) 중 2개
남서울대,물리치료학과,물리치료학과,1.33,1.33,1.3,1.38,,,,,,,87,-/-,국수영탐(1) 중 2개
남서울대,보건행정학과,보건행정학과,2.34,2.5,2.04,2.1,,,,,,,75.5,-/-,국수영탐(1) 중 2개
남서울대,부동산학과,부동산학과,2.75,2.92,2.56,2.69,,,,,,,62.5,4/-,국수영탐(1) 중 2개
남서울대,뷰티보건학과,뷰티보건학과,2.4,2.61,2.04,2.08,,,,,,,71,4/-,국수영탐(1) 중 2개
남서울대,빅데이터경영공학과,빅데이터경영공학과,3.49,3.49,2.79,2.79,,,,,,,75,-/-,국수영탐(1) 중 2개
남서울대,사회복지학과,사회복지학과,2.01,2.73,2.1,2.12,,,,,,,74.5,3/-,국수영탐(1) 중 2개
남서울대,세무학과,세무학과,,,2.1,2.28,,,,,,,72.5,-/-,국수영탐(1) 중 2개
남서울대,스마트팜학과,스마트팜학과,,,2.21,2.27,,,,,,,69,-/-,국수영탐(1) 중 2개
남서울대,스포츠건강관리학과,스포츠건강관리학과,,,,,,,,,,,,-/-,
남서울대,스포츠비즈니스학과,스포츠비즈니스학과,,,,,,,,,,,,-/-,
남서울대,시각미디어디자인학과,시각미디어디자인학과,,,,,,,,,,,,-/-,
남서울대,아동복지학과,아동복지학과,2.94,3.02,2.5,2.76,,,,,,,71,-/-,국수영탐(1) 중 2개
남서울대,영상예술디자인학과,영상예술디자인학과,,,,,,,,,,,,-/-,
남서울대,영어과,영어과,2.28,2.28,2.17,2.24,,,,,,,80,2/-,국수영탐(1) 중 2개
남서울대,유통마케팅학과,유통마케팅학과,2.36,2.76,2.42,2.53,,,,,,,81.5,2/-,국수영탐(1) 중 2개
남서울대,응급구조학과,응급구조학과,1.87,2.23,1.58,1.84,,,,,,,67.5,3/-,국수영탐(1) 중 2개
남서울대,컴퓨터소프트웨어학과,인공지능소프트웨어학과,2.86,2.99,2.36,2.53,,,,,,,76.5,3/-,국수영탐(1) 중 2개
남서울대,일어일문학과,일어일문학과,2.38,2.53,1.95,2.01,,,,,,,73.5,-/-,국수영탐(1) 중 2개
남서울대,임상병리학과,임상병리학과,2.04,2.19,1.6,1.67,,,,,,,88.5,2/-,국수영탐(1) 중 2개
남서울대,전자공학과,전자공학과,2.79,3.1,2.36,2.71,,,,,,,55.5,5/-,국수영탐(1) 중 2개
남서울대,중국학과,중국학과,2.8,2.94,2.24,2.73,,,,,,,51,5/-,국수영탐(1) 중 2개
남서울대,지능정보통신공학과,지능정보통신공학과,2.96,3.71,2.53,2.63,,,,,,,65,3/-,국수영탐(1) 중 2개
남서울대,치위생학과,치위생학과,1.74,2.04,1.57,1.6,,,,,,,77.5,3/-,국수영탐(1) 중 2개
남서울대,호텔경영학과,호텔경영학과,2.71,2.8,2.3,2.61,,,,,,,71.5,-/-,국수영탐(1) 중 2개
남서울대,휴먼케어학과,휴먼케어학과,2.75,3.47,2.86,2.92,,,,,,,,-/-,국수영탐(1) 중 2개
단국대,SW융합계열광역,SW융합계열광역,,,,,,,1.87,1.94,,,,-/-,국수영탐(2)
단국대,건축학부 건축공학전공,건축학부 건축공학전공,1.47,1.5,,,,,1.84,1.84,1.76,1.76,84.45,4/4,국수영탐(2)
단국대,건축학부 건축학전공(5년제),건축학부 건축학전공(5년제),1.51,1.52,,,,,1.78,1.84,1.78,1.83,86.2,3/4,국수영탐(2)
단국대,경영학부,경영학부,,,,,,,1.67,1.73,1.77,1.82,86.8,3/3,국수영탐(2)
단국대,경제학과,경제학과,,,,,,,1.66,1.78,1.65,1.72,86.75,3/4,국수영탐(2)
단국대,고분자시스템공학부 고분자공학전공,고분자시스템공학부 고분자공학전공,1.41,1.42,,,,,1.75,1.81,1.75,1.75,85.35,3/2,국수영탐(2)
단국대,고분자시스템공학부 융합소재공학전공,고분자시스템공학부 융합소재공학전공,1.44,1.47,,,,,1.86,1.9,1.75,1.78,83.6,4/3,국수영탐(2)
단국대,과학교육과,과학교육과,1.35,1.38,,,,,1.7,1.7,1.57,1.73,84.05,4/2,국수영탐(2)
단국대,국어국문학과,국어국문학과,1.49,1.52,,,,,1.74,1.75,,,85,2/2,국수영탐(2)
단국대,국제경영학과,국제경영학과,1.51,1.53,,,,,1.9,1.91,1.84,1.87,86.6,3/4,국수영탐(2)
단국대,기계공학과,기계공학과,1.44,1.45,,,,,1.83,1.84,1.74,1.77,85.6,3/3,국수영탐(2)
단국대,도시계획・부동산학부,도시계획・부동산학부,,,,,,,1.77,1.86,1.63,1.65,85.6,3/1,국수영탐(2)
단국대,모바일시스템공학과,모바일시스템공학과,,,,,,,1.89,1.89,2.09,2.09,85.25,3/2,국수영탐(2)
단국대,무역학과,무역학과,,,,,,,2.12,2.85,1.72,1.81,86.05,3/2,국수영탐(2)
단국대,미디어커뮤니케이션학부,미디어커뮤니케이션학부,,,,,,,1.69,1.71,1.47,1.6,86.25,3/1,국수영탐(2)
단국대,법학과,법학과,,,,,,,1.61,1.67,1.75,1.77,86.2,4/2,국수영탐(2)
단국대,사이버보안학과,사이버보안학과,1.57,1.58,,,,,,,,,84.4,3/4,국수영탐(2)
단국대,사학과,사학과,1.52,1.52,,,,,1.65,1.78,,,84.95,2/3,국수영탐(2)
단국대,사회계열광역,사회계열광역,1.49,1.5,,,,,1.75,1.79,,,,-/-,국수영탐(2)
단국대,상담학과,상담학과,,,,,,,2.01,2.03,1.8,1.91,85.4,3/2,국수영탐(2)
단국대,소프트웨어학과,소프트웨어학과,1.47,1.47,,,,,,,,,85.5,3/4,국수영탐(2)
단국대,수학교육과,수학교육과,1.41,1.52,,,,,1.49,1.49,1.42,1.44,86.95,4/1,국수영탐(2)
단국대,영미인문학과,영미인문학과,1.61,1.65,,,,,1.86,1.87,,,85.3,3/2,국수영탐(2)
단국대,융합반도체공학과,융합반도체공학과,1.42,1.45,,,,,1.91,2.08,,,87.6,3/4,국수영탐(2)
단국대,인공지능학과,인공지능학과,1.55,1.59,,,,,,,,,84.7,3/4,국수영탐(2)
단국대,인문계열광역,인문계열광역,,,,,,,1.91,2.01,,,,-/-,국수영탐(2)
단국대,인프라건설공학과,인프라건설공학과,1.5,1.5,,,,,1.88,1.91,1.72,1.73,85.2,3/2,국수영탐(2)
단국대,전자전기공학과,전자전기공학과,1.47,1.47,,,,,1.68,1.75,1.63,1.76,85.8,5/1,국수영탐(2)
단국대,정치외교학과,정치외교학과,,,,,,,1.91,2.18,1.71,1.72,85.6,4/1,국수영탐(2)
단국대,철학과,철학과,,,,,,,1.77,1.77,,,85.05,1/2,국수영탐(2)
단국대,체육교육과,체육교육과,1.99,2.09,,,,,,,,,81.5,3/3,국수영탐(2)
단국대,컴퓨터공학과,컴퓨터공학과,1.4,1.53,,,,,,,,,87,1/3,국수영탐(2)
단국대,통계데이터사이언스학과,통계데이터사이언스학과,1.57,1.57,,,,,,,,,85.1,3/1,국수영탐(2)
단국대,특수교육과,특수교육과,1.5,1.5,,,,,1.99,2.04,1.38,1.38,84.8,2/1,국수영탐(2)
단국대,한문교육과,한문교육과,1.6,1.6,,,,,1.95,1.95,1.77,1.77,85.25,2/4,국수영탐(2)
단국대,행정학과,행정학과,,,,,,,2.2,2.32,1.68,1.71,86.1,3/1,국수영탐(2)
단국대,화학공학과,화학공학과,1.35,1.37,,,,,1.84,1.88,1.58,1.6,85.3,3/2,국수영탐(2)
단국대(천안),간호학과,간호학과,1.48,1.5,,,,,1.55,1.56,,,86.3,3/2,국수영탐(1)
단국대(천안),경영공학과,경영공학과,1.86,1.88,,,,,2.48,2.49,,,80.8,3/2,국수영탐(1)
단국대(천안),공공정책학과,공공정책학과,1.83,1.88,,,,,2.1,2.15,,,80.2,3/2,국수영탐(1)
단국대(천안),공공정책학과(야),공공정책학과(야),2.59,2.61,,,,,2.73,2.83,,,74.5,4/5,국수영탐(1)
단국대(천안),국제스포츠학부 운동처방재활전공,국제스포츠학부 운동처방재활전공,1.5,1.64,,,,,,,,,,-/-,
단국대(천안),글로벌한국어과,글로벌한국어과,2,2,,,,,2.46,2.46,,,,-/-,국수영탐(1)
단국대(천안),문예창작과,문예창작과,,,,,,,2.1,2.18,,,,-/-,
단국대(천안),물리치료학과,물리치료학과,1.18,1.41,,,,,1.86,1.9,,,81.85,4/3,국수영탐(1)
단국대(천안),물리학과,물리학과,2.05,2.06,,,,,2.32,2.56,,,77,3/2,국수영탐(1)
단국대(천안),보건행정학과,보건행정학과,1.76,1.89,,,,,2.09,2.17,,,79.85,3/6,국수영탐(1)
단국대(천안),사회복지학과,사회복지학과,2.01,2.16,,,,,2.23,2.29,,,78.9,4/4,국수영탐(1)
단국대(천안),생명공학부 녹지조경학전공,생명공학부 녹지조경학전공,2.04,2.04,,,,,2.6,2.63,,,78.95,4/2,국수영탐(1)
단국대(천안),생명공학부 동물생명공학전공,생명공학부 동물생명공학전공,1.69,1.78,,,,,2.06,2.14,,,77.8,3/6,국수영탐(1)
단국대(천안),생명공학부 식량생명공학전공,생명공학부 식량생명공학전공,1.86,1.93,,,,,2.21,2.24,,,77.75,3/5,국수영탐(1)
단국대(천안),생명공학부 환경원예학전공,생명공학부 환경원예학전공,1.92,1.96,,,,,2.39,2.41,,,76.85,3/3,국수영탐(1)
단국대(천안),수학과,수학과,1.96,2.08,,,,,2.18,2.32,,,78.75,3/2,국수영탐(1)
단국대(천안),스포츠경영학과,스포츠경영학과,1.71,1.71,,,,,,,,,,-/-,
단국대(천안),식품공학과,식품공학과,1.61,1.67,,,,,2.17,2.19,,,79.15,3/5,국수영탐(1)
단국대(천안),식품영양학과,식품영양학과,1.76,1.87,,,,,2.1,2.13,,,78.8,3/3,국수영탐(1)
단국대(천안),식품자원경제학과,식품자원경제학과,1.95,2,,,,,2.32,2.39,,,79.45,2/3,국수영탐(1)
단국대(천안),신소재공학과,신소재공학과,1.69,1.78,,,,,2.15,2.18,,,81.05,3/1,국수영탐(1)
단국대(천안),심리학과,심리학과,1.69,1.69,,,,,2.07,2.1,,,78.2,2/3,국수영탐(1)
단국대(천안),아시아중동학부 몽골학전공,아시아중동학부 몽골학전공,2.12,2.18,,,,,2.74,2.75,,,77.4,2/5,국수영탐(1)
단국대(천안),아시아중동학부 베트남학전공,아시아중동학부 베트남학전공,2.25,2.26,,,,,2.8,2.94,,,76.8,3/4,국수영탐(1)
단국대(천안),아시아중동학부 일본학전공,아시아중동학부 일본학전공,1.93,2.01,,,,,2.45,2.45,,,78.65,3/3,국수영탐(1)
단국대(천안),아시아중동학부 중국학전공,아시아중동학부 중국학전공,2.21,2.24,,,,,2.38,2.67,,,77.85,4/2,국수영탐(1)
단국대(천안),아시아중동학부 중동학전공,아시아중동학부 중동학전공,2.06,2.14,,,,,2.76,2.85,,,77.3,3/6,국수영탐(1)
단국대(천안),약학과,약학과,,,,,,,1.06,1.09,,,95.47058823529412,1/1,국수영탐(2)
단국대(천안),에너지공학과,에너지공학과,1.75,1.96,,,,,2.19,2.25,,,79.55,2/4,국수영탐(1)
단국대(천안),영어과,영어과,1.82,1.89,,,,,2.2,2.26,,,79.75,1/4,국수영탐(1)
단국대(천안),유럽중남미학부 독일학전공,유럽중남미학부 독일학전공,1.99,2.04,,,,,2.88,2.92,,,76.45,3/2,국수영탐(1)
단국대(천안),유럽중남미학부 러시아학전공,유럽중남미학부 러시아학전공,2.21,2.25,,,,,2.51,2.53,,,76.4,3/1,국수영탐(1)
단국대(천안),유럽중남미학부 스페인중남미학전공,유럽중남미학부 스페인중남미학전공,2.04,2.16,,,,,2.56,2.61,,,78.25,3/5,국수영탐(1)
단국대(천안),유럽중남미학부 포르투갈브라질학전공,유럽중남미학부 포르투갈브라질학전공,2.09,2.17,,,,,2.55,2.7,,,77.2,2/2,국수영탐(1)
단국대(천안),유럽중남미학부 프랑스학전공,유럽중남미학부 프랑스학전공,2.02,2.1,,,,,2.75,2.97,,,78.3,3/3,국수영탐(1)
단국대(천안),의생명과학부 미생물학전공,의생명과학부 미생물학전공,1.7,1.72,,,,,2,2.03,,,78.55,4/3,국수영탐(1)
단국대(천안),의생명과학부 생명과학전공,의생명과학부 생명과학전공,1.58,1.62,,,,,1.86,1.91,,,77.55,3/3,국수영탐(1)
단국대(천안),의생명과학부 의생명시스템학전공,의생명과학부 의생명시스템학전공,1.51,1.61,,,,,1.86,1.94,,,81.4,4/1,국수영탐(1)
단국대(천안),의예과,의예과,,,,,,,1,1.03,,,97.3529411764706,2/2,국수영탐(2)
단국대(천안),인문사회계열광역,인문사회계열광역,1.96,1.99,,,,,2.37,2.45,,,,-/-,국수영탐(1)
단국대(천안),임상병리학과,임상병리학과,1.59,1.65,,,,,1.87,1.94,,,82,3/1,국수영탐(1)
단국대(천안),자연공학계열광역,자연공학계열광역,1.93,1.94,,,,,2.21,2.27,,,,-/-,국수영탐(1)
단국대(천안),제약공학과,제약공학과,1.52,1.56,,,,,1.81,1.95,,,81.05,3/4,국수영탐(1)
단국대(천안),치위생학과,치위생학과,1.76,1.78,,,,,1.93,2.07,,,76.85,3/4,국수영탐(1)
단국대(천안),치의예과,치의예과,,,,,,,1.06,1.07,,,96.41176470588235,1/1,국수영탐(2)
단국대(천안),코스메디컬소재학과,코스메디컬소재학과,1.86,1.87,,,,,2.2,2.21,,,79.05,3/1,국수영탐(1)
단국대(천안),해병대군사학과,해병대군사학과(남),,,,,,,,,,,,-/-,국수영탐(1)
단국대(천안),해병대군사학과,해병대군사학과(여),,,,,,,,,,,,-/-,국수영탐(1)
단국대(천안),화학과,화학과,1.88,2.19,,,,,2.09,2.12,,,78.7,4/5,국수영탐(1)
대구가톨릭대,건축공학과,건축공학과,2.97,3.16,,,,,2.83,2.83,,,74.5,4/-,국수영탐(1) 중 3개
대구가톨릭대,건축학과,건축학과,2.21,2.4,,,,,2.77,2.91,,,78,3/-,국수영탐(1) 중 3개
대구가톨릭대,경영학과,경영학과,1.85,2.5,,,,,2.25,2.5,,,76.2,4/-,국수영탐(1) 중 3개
대구가톨릭대,회계세무학과,경영학과,2.25,2.61,,,,,2.85,3.25,,,76.2,4/-,국수영탐(1) 중 3개
대구가톨릭대,경찰행정학과,경찰행정학과,1.81,1.9,,,,,2.25,2.35,,,78.05,4/-,국수영탐(1) 중 3개
대구가톨릭대,교육학과,교육학과,1.58,1.54,,,,,1.54,1.67,,,,-/-,국수영탐(1) 중 3개
대구가톨릭대,국어교육과,국어교육과,1.85,1.89,,,,,1.94,2.07,,,,-/-,국수영탐(1) 중 3개
대구가톨릭대,군사학과,군사학과,2.35,2.59,,,,,2.45,2.45,,,78.05,4/-,국수영탐(1) 중 3개
대구가톨릭대,글로벌항공서비스학과,글로벌항공서비스학과,1.85,2.07,,,,,2.59,2.73,,,76.2,4/-,국수영탐(1) 중 3개
대구가톨릭대,금속・주얼리디자인과,금속・주얼리디자인과,2.55,3.11,,,,,,,,,,-/-,국수영탐(1) 중 2개
대구가톨릭대,기계공학과,기계공학과,2.66,2.79,,,,,2.4,2.4,,,74.5,4/-,국수영탐(1) 중 3개
대구가톨릭대,뉴미디어&게임디자인과,뉴미디어&게임디자인과,1.25,1.72,,,,,,,,,,-/-,국수영탐(1) 중 2개
대구가톨릭대,로봇공학과,로봇공학과,2.91,3.11,,,,,2.73,2.73,,,74.5,4/-,국수영탐(1) 중 3개
대구가톨릭대,문헌정보학과,문헌정보학과,2.16,2.45,,,,,2.4,2.3,,,78.05,4/-,국수영탐(1) 중 3개
대구가톨릭대,문화콘텐츠학과,문화콘텐츠학과,2.73,2.72,,,,,2.73,2.59,,,76.2,4/-,국수영탐(1) 중 3개
대구가톨릭대,물리치료학과,물리치료학과,1.27,1.31,1.15,1.49,,,1.4,1.54,,,88.2,4/-,국수영탐(1) 중 3개
대구가톨릭대,미디어영상광고홍보학부,미디어영상광고홍보학부,2.07,2.4,,,,,2.45,2.55,,,78.05,4/-,국수영탐(1) 중 3개
대구가톨릭대,라이프케어학부,미래라이프대학,,,,,,,,,,,,-/-,
대구가톨릭대,미래자동차공학과,미래자동차공학과,2.93,2.69,,,,,3.69,3.69,,,74.5,4/-,국수영탐(1) 중 3개
대구가톨릭대,첨단산업학부,미래자동차부품공학과,,,,,,,,,,,,-/-,
대구가톨릭대,바이오메디대학자율학부,바이오헬스융합대학자율학부,2.59,2.73,,,,,,,,,77.95,5/-,국수영탐(1) 중 3개
대구가톨릭대,반도체전자공학과,반도체전자공학과,2.59,2.69,,,,,3.17,3.17,,,74.5,4/-,국수영탐(1) 중 3개
대구가톨릭대,반려동물보건학과,반려동물보건학과,1.89,2.14,,,,,2.07,2.07,,,74.75,4/-,국수영탐(1) 중 3개
대구가톨릭대,방사선학과,방사선학과,1.19,1.23,1.45,1.81,,,1.45,1.45,,,90.5,3/-,국수영탐(1) 중 3개
대구가톨릭대,배터리공학과,배터리공학과,2.59,2.73,,,,,2.55,3.4,,,74.5,4/-,국수영탐(1) 중 3개
대구가톨릭대,보건관리학과,보건관리학과,2.83,2.79,,,,,2.66,2.69,,,77.95,5/-,국수영탐(1) 중 3개
대구가톨릭대,보건의료경영학과,보건의료경영학과,2.07,2.16,,,,,2.12,2.12,,,77.95,5/-,국수영탐(1) 중 3개
대구가톨릭대,사회과학대학자율학부,사회과학대학자율학부,3.03,3.4,,,,,,,,,78.05,4/-,국수영탐(1) 중 3개
대구가톨릭대,사회복지학과,사회복지학과,2.21,2.3,,,,,2.35,2.63,,,78.05,4/-,국수영탐(1) 중 3개
대구가톨릭대,산업디자인과,산업디자인과,1.78,2.55,,,,,,,,,,-/-,국수영탐(1) 중 2개
대구가톨릭대,소방방재학과,소방방재학과,2.25,2.45,,,,,2.35,2.72,,,74.5,4/-,국수영탐(1) 중 3개
대구가톨릭대,수학교육과,수학교육과,1.89,1.85,,,,,2.55,2.45,,,85.05,4/-,국수영탐(1) 중 3개
대구가톨릭대,시각디자인과,시각디자인과,1.58,1.25,,,,,,,,,,-/-,국수영탐(1) 중 2개
대구가톨릭대,식품영양학과,식품영양학과,2.12,1.9,,,,,2.69,2.83,,,77.95,5/-,국수영탐(1) 중 3개
대구가톨릭대,실용음악과,실용음악과,2.19,3.05,,,,,,,,,,-/-,국수영탐(1) 중 2개
대구가톨릭대,심리학과,심리학과,1.94,1.98,,,,,2.07,2.59,,,78.05,4/-,국수영탐(1) 중 3개
대구가톨릭대,아동학과,아동학과,2.69,3.11,,,,,2.79,2.79,,,78.05,4/-,국수영탐(1) 중 3개
대구가톨릭대,안경광학과,안경광학과,2.69,3.21,,,,,2.21,2.21,,,77.95,5/-,국수영탐(1) 중 3개
대구가톨릭대,약학부,약학부,1.04,1.06,1.09,1.09,,,,,,,91.66666666666667,1/-,국수영탐(2)
대구가톨릭대,언어청각치료학과,언어청각치료학과,2.12,2.4,,,,,2.69,2.69,,,77.95,5/-,국수영탐(1) 중 3개
대구가톨릭대,역사교육과,역사교육과,1.36,1.45,,,,,1.58,1.63,,,79.55,4/-,국수영탐(1) 중 3개
대구가톨릭대,영어교육과,영어교육과,1.03,1.72,,,,,2.09,2.3,,,,-/-,국수영탐(1) 중 3개
대구가톨릭대,영어학과,영어학과,2.48,2.72,,,,,2.12,2.12,,,76.2,4/-,국수영탐(1) 중 3개
대구가톨릭대,예술치료학과,예술치료학과,2.55,2.97,,,,,,,,,,-/-,국수영탐(1) 중 2개
대구가톨릭대,외식조리제과제빵학과,외식조리제과제빵학과,2.35,2.35,,,,,2.21,2.3,,,77.95,5/-,국수영탐(1) 중 3개
대구가톨릭대,웹툰애니창작과,웹툰애니창작과,1,1.06,,,,,,,,,,-/-,국수영탐(1) 중 2개
대구가톨릭대,유스티노자유대학,유스티노자유대학,3.21,3.68,,,,,,,,,,-/-,
대구가톨릭대,유아교육과,유아교육과,1.89,2.03,,,,,2.21,2.48,,,,-/-,국수영탐(1) 중 3개
대구가톨릭대,음악학과,음악학과,1.92,1.92,,,,,,,,,,-/-,국수영탐(1) 중 2개
대구가톨릭대,의료재활학과,의료재활학과,2.16,2.3,,,,,2.17,3.02,,,77.95,5/-,국수영탐(1) 중 3개
대구가톨릭대,일어일문학과,일어일문학과,2.25,2.5,,,,,2.79,3.02,,,76.2,4/-,국수영탐(1) 중 3개
대구가톨릭대,자율전공학부,자율전공학부,2.35,2.45,,,,,2.73,3.02,,,78.65,4/-,국수영탐(1) 중 3개
대구가톨릭대,전기공학과,전기공학과,2.79,3.07,,,,,2.21,2.21,,,74.5,4/-,국수영탐(1) 중 3개
대구가톨릭대,제약공학과,제약공학과,1.98,2.29,,,,,2.59,2.73,,,77.95,5/-,국수영탐(1) 중 3개
대구가톨릭대,지리교육과,지리교육과,1.49,1.67,,,,,1.58,1.76,,,,-/-,국수영탐(1) 중 3개
대구가톨릭대,체육교육과,체육교육과,1.04,1.07,,,,,,,,,,-/-,
대구가톨릭대,AI빅데이터공학과,컴퓨터인공지능학부,2.69,3.16,,,,,2.93,3.36,,,70.3,4/-,국수영탐(1) 중 3개
대구가톨릭대,소프트웨어융합학과,컴퓨터인공지능학부,3.11,3.11,,,,,2.73,3.64,2.97,3.02,70.3,4/-,국수영탐(1) 중 3개
대구가톨릭대,컴퓨터소프트웨어학부,컴퓨터인공지능학부,2.87,2.83,,,,,2.64,2.69,3.11,3.7,70.3,4/-,국수영탐(1) 중 3개
대구가톨릭대,패션디자인과(예체능),패션디자인과(예체능),2.12,2.33,,,,,,,,,,-/-,국수영탐(1) 중 2개
대구가톨릭대,행정법무학과,행정법무학과,2,2.64,,,,,2.25,2.97,,,78.05,4/-,국수영탐(1) 중 3개
대구가톨릭대,호텔관광학과,호텔관광학과,2.4,2.97,,,,,3.21,3.21,,,76.2,4/-,국수영탐(1) 중 3개
대구가톨릭대,간호학과,간호학과,1.1,1.16,1.27,1.36,,,1.19,1.23,,,80.7,3/-,국수영탐(1)
대구가톨릭대,신학부,신학부,2.06,2.24,,,,,,,,,,-/-,
대구가톨릭대,의예과,의예과,1,1,,,,,,,,,95.16666666666667,1/-,국수영탐(2)
대구경북과학기술원,기초학부,기초학부,,,,,,,,,,,,-/-,
대구경북과학기술원,반도체공학과,반도체공학과,,,,,,,,,,,,-/-,
대구교대,초등교육과,초등교육과,,,,,,,1.78,1.83,,,76.75,3/-,국수영탐(2)
대구대,건축공학과,건축공학과,2.67,2.92,,,,,3.84,3.9,,,66.8,3/-,국수영탐(1)
대구대,게임학과,게임학과,2.13,2.42,,,,,4.14,4.23,,,47.2,6/-,국영탐(1)
대구대,경영학부,경영학부,2.52,2.7,,,,,3.99,4.02,,,64.3,3/-,국수영탐(1)
대구대,경제금융통상학과,경제금융통상학과,2.82,3.11,,,,,4.04,4.17,,,64.3,3/-,국수영탐(1)
대구대,경찰학부(경찰행정학전공),경찰학부(경찰행정학전공),1.67,1.82,,,,,2.75,2.83,,,71,4/-,국수영탐(1)
대구대,경찰학부(자치경찰학전공),경찰학부(자치경찰학전공),2.15,2.21,,,,,3.29,3.38,,,64,5/-,국수영탐(1)
대구대,공공안전학부(공직법무전공),공공안전학부(공직법무전공),2.93,3.04,,,,,3.96,4.09,,,64,5/-,국수영탐(1)
대구대,공공안전학부(소방・행정학전공),공공안전학부(소방・행정학전공),2.42,2.61,,,,,3.73,3.76,,,64,5/-,국수영탐(1)
대구대,국방군사학과,국방군사학과,2.77,2.87,,,,,3.2,3.28,,,64,5/-,국수영탐(1)
대구대,국어교육과,국어교육과,1.39,1.42,1.95,1.95,,,2.61,2.8,,,,-/-,국수영탐(1)
대구대,국어교육과,국어교육과,1.39,1.42,1.95,1.95,,,2.61,2.8,,,47.2,6/-,국영탐(1)
대구대,기계자동차공학부,기계자동차공학부,2.86,3.05,,,,,3.8,3.83,,,66.8,3/-,국수영탐(1)
대구대,난임의료산업학과,난임의료산업학과,2.32,2.43,,,,,3.72,3.75,,,64.1,4/-,국수영탐(1)
대구대,동물자원학과,동물자원학과,2.38,2.55,,,,,2.75,2.97,,,64.1,4/-,국수영탐(1)
대구대,문헌정보학과,문헌정보학과,2.02,2.04,,,,,3.23,3.29,,,68.5,4/-,국수영탐(1)
대구대,문화콘텐츠학부,문화콘텐츠학부,2.49,2.59,,,,,3.73,3.74,,,,-/-,국수영탐(1)
대구대,물리교육과,물리교육과,2.23,2.38,,,,,3.31,3.35,,,,-/-,
대구대,물리치료학과,물리치료학과,1.08,1.11,1.57,1.68,,,2.32,2.36,,,,-/-,국수영탐(1)
대구대,물리치료학과,물리치료학과,1.08,1.11,1.57,1.68,,,2.32,2.36,,,,-/-,
대구대,미디어커뮤니케이션학부,미디어커뮤니케이션학부,1.95,2.04,2.5,2.6,,,3.25,3.4,,,68.5,4/-,국수영탐(1)
대구대,반려동물산업학과,반려동물산업학과,2.39,2.5,3,3.05,,,3.52,3.56,,,64.1,4/-,국수영탐(1)
대구대,보건의료학과,보건의료학과,2.42,2.61,,,,,3.56,3.76,,,64.1,4/-,국수영탐(1)
대구대,부동산・지적학과,부동산・지적학과,2.45,2.68,,,,,3.72,3.72,,,64,5/-,국수영탐(1)
대구대,뷰티학부,뷰티학부,2.28,2.48,,,,,3.9,4.04,,,47.2,6/-,국영탐(1)
대구대,사회복지학과,사회복지학과,1.88,1.94,2.38,2.64,,,3.1,3.22,,,69.6,2/-,국수영탐(1)
대구대,산업디자인학과,산업디자인학과,1.99,2.17,,,,,3.4,3.61,,,47.2,6/-,국영탐(1)
대구대,생물교육과,생물교육과,1.63,1.69,,,,,2.65,2.72,,,,-/-,
대구대,소방안전방재학과,소방안전방재학과,2.35,2.46,,,,,3.94,4.03,,,66.8,3/-,국수영탐(1)
대구대,수학교육과,수학교육과,1.62,1.67,2.11,2.11,,,2.7,2.72,,,,-/-,
대구대,수학교육과,수학교육과,1.62,1.67,2.11,2.11,,,2.7,2.72,,,,-/-,국수영탐(1)
대구대,스마트원예학과,스마트원예학과,2.4,2.55,,,,,3.8,3.82,,,64.1,4/-,국수영탐(1)
대구대,스포츠레저학과,스포츠레저학과,2.05,2.07,,,,,3.61,3.62,,,,-/-,
대구대,스포츠헬스케어학과,스포츠헬스케어학과,2.06,2.07,,,,,3.66,3.9,,,,-/-,
대구대,시각디자인융합학부(서비스마케팅디자인전공),시각디자인융합학부(서비스마케팅디자인전공),2.23,2.46,,,,,3.73,3.94,,,47.2,6/-,국영탐(1)
대구대,시각디자인융합학부(서비스마케팅디자인전공),시각디자인융합학부(서비스마케팅디자인전공),2.23,2.46,,,,,3.73,3.94,,,,-/-,
대구대,식품가공학과,식품가공학과,2.4,2.48,,,,,3.73,3.78,,,64.1,4/-,국수영탐(1)
대구대,식품영양학과,식품영양학과,1.97,2.18,,,,,3.53,3.53,,,66.8,3/-,국수영탐(1)
대구대,실내건축디자인학과,실내건축디자인학과,2.09,2.14,,,,,3.42,3.6,,,47.2,6/-,국영탐(1)
대구대,심리학과,심리학과,1.97,2.27,,,,,3.14,3.27,,,68.5,4/-,국수영탐(1)
대구대,아동가정복지학과,아동가족복지학과,2.45,2.58,,,,,3.68,3.84,,,68.5,4/-,국수영탐(1)
대구대,언어치료학과,언어치료학과,1.88,2.1,,,,,2.85,3.17,,,64.6,3/-,국수영탐(1)
대구대,역사교육과,역사교육과,1.18,1.22,1.54,1.54,,,2.28,2.34,,,,-/-,
대구대,영어교육과,영어교육과,1.61,1.67,1.91,2.18,,,2.71,2.76,,,,-/-,
대구대,영어교육과,영어교육과,1.61,1.67,1.91,2.18,,,2.71,2.76,,,,-/-,국수영탐(1)
대구대,웹툰영상애니메이션학부,웹툰영상애니메이션학부,1.5,1.68,,,,,,,,,,-/-,
대구대,유아교육과,유아교육과,1.77,1.91,2.25,2.25,,,2.93,3.04,,,,-/-,
대구대,유아특수교육과,유아특수교육전공,1.85,1.94,2.43,2.43,,,2.78,2.91,,,,-/-,국수영탐(1)
대구대,응급구조학과,응급구조학과,1.96,2.04,2.63,2.71,,,3.01,3.16,,,64.1,4/-,국수영탐(1)
대구대,의료재활학과,의료재활학과,2.3,2.33,,,,,3.56,4,,,64.6,3/-,국수영탐(1)
대구대,일반사회교육과,일반사회교육과,1.33,1.38,1.73,1.73,,,2.33,2.51,,,,-/-,
대구대,일본어일본학과,일본어일본학과,2.21,2.36,2.6,2.74,,,3.51,3.68,,,64.3,3/-,국수영탐(1)
대구대,자유전공학부,자유전공학부,2.41,2.5,2.67,2.92,,,3.75,3.9,,,67.8,4/-,국수영탐(1)
대구대,작업치료학과,작업치료학과,1.85,1.94,2.53,2.59,,,3,3.22,,,,-/-,국수영탐(1)
대구대,작업치료학과,작업치료학과,1.85,1.94,2.53,2.59,,,3,3.22,,,,-/-,국수영탐(1)
대구대,재활건강증진학과,재활건강증진학과,2.4,2.66,,,,,3.76,4.02,,,64.6,3/-,국수영탐(1)
대구대,재활상담심리치료학과,재활상담심리치료학과,2.98,3.28,,,,,4.08,4.34,,,64.6,3/-,국수영탐(1)
대구대,전자전기공학부(반도체전자공학전공),전자전기공학부(반도체전자공학전공),2.67,2.93,,,,,4,4.17,,,66.8,3/-,국수영탐(1)
대구대,전자전기공학부(전기공학전공),전자전기공학부(전기공학전공),2.34,2.56,,,,,,,,,66.8,3/-,국수영탐(1)
대구대,조경산림정원학과,조경산림정원학과,2.62,2.91,,,,,3.4,3.4,,,66.8,3/-,국수영탐(1)
대구대,지구과학교육과,지구과학교육과,1.63,1.71,,,,,2.47,2.63,,,,-/-,
대구대,지리교육과,지리교육과,1.35,1.42,1.83,1.83,,,2.45,2.51,,,,-/-,
대구대,청소년상담복지학과,청소년상담복지학과,2.58,2.79,,,,,3.68,3.99,,,68.5,4/-,국수영탐(1)
대구대,체육학과,체육학과,,,,,,,3.01,3.19,,,,-/-,국영탐(1)
대구대,초등특수교육과,초등특수교육전공,1.33,1.39,1.5,1.51,,,2.2,2.52,,,,-/-,국수영탐(1)
대구대,친환경에너지학과,친환경에너지학과,3.13,3.36,,,,,4.29,4.29,,,66.8,3/-,국수영탐(1)
대구대,컴퓨터정보공학부(사이버보안전공),컴퓨터정보공학부(사이버보안전공),2.91,2.99,,,,,3.67,3.67,,,66.8,3/-,국수영탐(1)
대구대,컴퓨터정보공학부(컴퓨터공학전공),컴퓨터정보공학부(컴퓨터공학전공),2.53,2.64,,,,,3.64,3.7,,,66.8,3/-,국수영탐(1)
대구대,컴퓨터정보공학부(컴퓨터소프트웨어전공),컴퓨터정보공학부(컴퓨터소프트웨어전공),2.52,2.78,,,,,3.35,3.54,,,66.8,3/-,국수영탐(1)
대구대,특수교육과,특수교육전공,1.57,1.64,1.72,1.83,,,2.61,2.76,,,,-/-,국수영탐(1)
대구대,특수창의융합학과,특수창의융합학과,,,,,,,,,,,,-/-,
대구대,패션디자인학과,패션디자인학과,2.25,2.68,,,,,3.68,3.72,,,47.2,6/-,국영탐(1)
대구대,평생교육실버복지학과,평생교육실버복지학과,2.57,2.69,,,,,4.41,4.41,,,68.5,4/-,국수영탐(1)
대구대,호텔관광경영학부,관광경영학부,2.78,2.94,,,,,3.53,3.93,,,64.3,3/-,국수영탐(1)
대구대,화학교육과,화학교육과,1.86,2.14,,,,,3.15,3.44,,,,-/-,
대구대,간호학과,간호학과,1.28,1.35,,,,,2.23,2.36,,,78.2,4/-,국수영탐(1)
대구예술대,국제학부,국제학부,,,,,,,,,,,,-/-,
대구한의대,간호학과,간호학과,1.49,1.58,1.69,1.71,,,1.78,1.82,,,74.3,3/4,국수영탐(1)
대구한의대,경찰행정학과,경찰행정학과,2.48,2.48,,,,,3.44,3.66,,,48.9,4/5,국수영탐(1)
대구한의대,물리치료학과,물리치료학과,1.54,1.65,,,,,1.85,1.87,,,70.3,4/5,국수영탐(1)
대구한의대,반려동물보건학과,반려동물보건학과,2.23,2.42,2.67,2.83,,,2.73,2.7,,,55.4,4/3,국수영탐(1)
대구한의대,반려동물산업학과,반려동물산업학과,2.98,3.05,,,,,,,,,43.8,5/6,국수영탐(1)
대구한의대,보건의료행정학과,보건의료행정학과,2.9,3.23,,,,,3.77,3.77,,,43.8,5/6,국수영탐(1)
대구한의대,뷰티케어학과,뷰티케어학과,2.85,2.95,2.71,2.99,,,,,,,27.3,6/7,국수영탐(1)
대구한의대,사회복지학과,사회복지학과,3.31,3.58,,,,,3,2.99,,,48.9,4/5,국수영탐(1)
대구한의대,상담심리학과,상담심리전공,3.06,3.44,,,,,,,,,48.9,4/5,국수영탐(1)
대구한의대,상담심리학과,상담심리학과,3.06,3.44,,,,,,,,,48.9,4/5,국수영탐(1)
대구한의대,소방안전환경학과,소방안전학과,3.53,3.86,,,,,3.58,3.14,,,43.8,5/6,국수영탐(1)
대구한의대,실내디자인학과,실내디자인학과,2.93,3.23,,,,,,,,,43.8,5/6,국수영탐(1)
대구한의대,응급구조학과,응급구조학과,2.81,2.89,3.17,3.48,,,,,,,43.8,5/6,국수영탐(1)
대구한의대,임상병리학과,임상병리학과,1.88,1.99,,,,,2.36,2.42,,,67.1,4/4,국수영탐(1)
대구한의대,재활치료학부,재활치료학부,2.59,2.72,,,,,2.98,2.55,,,43.8,5/6,국수영탐(1)
대구한의대,제약공학과,제약공학과,2.97,3.19,,,,,,,,,43.8,5/6,국수영탐(1)
대구한의대,중등특수교육과,중등특수교육과,2.5,2.75,,,,,2.66,2.94,,,68.4,3/4,국수영탐(1)
대구한의대,체육학과,체육학과,4,4,2.81,2.81,,,,,,,,-/-,
대구한의대,체육학과,체육학과,4,4,2.81,2.81,,,,,,,,-/-,
대구한의대,한방재활스포츠의학과,한방재활스포츠의학과,2.53,2.62,3.17,3.41,,,,,,,43.8,5/6,국수영탐(1)
대구한의대,한의예과(인문),한의예과(인문),1,1.03,,,,,1.16,1.24,,,96.875,2/1,국수영탐(2)
대구한의대,한의예과(자연),한의예과(자연),1,1.02,,,,,1.13,1.12,,,96.75,2/1,국수영탐(2)
대구한의대,헤어메이크업디자인학과,헤어메이크업디자인학과,3.14,3.14,2.53,2.81,,,,,,,27.3,6/7,국수영탐(1)
대구한의대,호텔외식조리베이커리학과,호텔외식조리베이커리학과,2.39,2.71,3.28,3.28,,,,,,,43.8,5/6,국수영탐(1)
대구한의대,화장품학과,화장품학과,2.53,2.63,,,,,,,,,27.3,6/7,국수영탐(1)
대신대,DSU자율전공학부,DSU자율전공학부,,,,,,,,,,,,-/-,
대신대,신학과,신학과,3.66,,,,,,,,,,,-/-,
대전가톨릭대,신학과,신학과,2.29,2.29,,,,,,,,,69.61429406606256,4/3,국수영탐(2)한
대전가톨릭대,신학과,신학과,2.29,2.29,,,,,,,,,,-/-,국수영탐(2)한
대전대,AI소프트웨어학부,AI소프트웨어학부,3.36,3.68,3.07,3.2,,,,,,,75,4/-,국수영탐(1) 중 2개
대전대,간호학과,간호학과,1.58,1.65,1.58,1.61,,,,,,,84,3/-,국수영탐(1) 중 3개
대전대,재난안전공학과,건설환경안전공학부,3.25,3.41,3.25,3.22,,,,,,,,-/-,국수영탐(1) 중 2개
대전대,토목환경공학과,건설환경안전공학부,3.4,3.48,3.81,3.9,,,,,,,74.5,4/-,국수영탐(1) 중 2개
대전대,건축공학과,건축공학과,3.25,3.4,3.16,3.42,,,,,,,,-/-,국수영탐(1) 중 2개
대전대,건축학과(4),건축학과(4),2.91,3.05,3.07,3.14,,,,,,,85,3/-,국수영탐(1) 중 2개
대전대,경영학부,경영학부,2.91,3.11,2.97,3.01,,,,,,,,-/-,국수영탐(1) 중 2개
대전대,경찰학과,경찰학과,2.33,2.4,2.5,2.49,,,,,,,,-/-,국수영탐(1) 중 2개
대전대,공연예술영상콘텐츠학과,공연예술영상콘텐츠학과,2.69,2.61,,,,,,,,,,-/-,
대전대,군사학과,군사학과(남),2.93,3.05,,,,,,,,,,-/-,국수영탐(1) 중 3개
대전대,군사학과,군사학과(여),2.93,3.05,,,,,,,,,,-/-,국수영탐(1) 중 3개
대전대,물류통상학과,물류통상학과,3.35,3.49,,,,,,,,,,-/-,국수영탐(1) 중 2개
대전대,물리치료학과,물리치료학과,1.65,1.71,1.94,1.94,,,,,,,78.66666666666666,3/-,국수영탐(1) 중 3개
대전대,반도체공학과,반도체공학과,3.12,3.19,3.16,3.45,,,,,,,75,4/-,국수영탐(1) 중 2개
대전대,법・행정학부,법・행정학부,2.83,3.05,3.25,3.19,,,,,,,,-/-,국수영탐(1) 중 2개
대전대,보건의료경영학과,보건의료경영학과,2.76,2.91,3.07,3.1,,,,,,,75,3/-,국수영탐(1) 중 2개
대전대,뷰티디자인학과,뷰티디자인학과,2.76,2.97,2.79,2.7,,,,,,,,-/-,국수영탐(1) 중 2개
대전대,비즈니스일본어학과,비즈니스일본어학과,2.76,2.78,2.97,2.77,,,,,,,75,5/-,국수영탐(1) 중 2개
대전대,사회복지학과,사회복지학과,2.91,3.11,2.97,3.02,,,,,,,,-/-,국수영탐(1) 중 2개
대전대,산업・광고심리학과,산업・광고심리학과,2.69,2.83,3.25,3.24,,,,,,,80,3/-,국수영탐(1) 중 2개
대전대,상담학과,상담학과,2.97,3.11,3.07,3.22,,,,,,,,-/-,국수영탐(1) 중 2개
대전대,소방방재학과,소방방재학과,2.55,2.76,2.79,2.79,,,,,,,,-/-,국수영탐(1) 중 2개
대전대,스포츠건강재활학과,스포츠과학부,,,,,,,,,,,,-/-,
대전대,식품영양학과,식품영양학과,2.59,2.77,3.07,3.01,,,,,,,,-/-,국수영탐(1) 중 2개
대전대,응급구조학과,응급구조학과,2.19,2.25,2.3,2.27,,,,,,,,-/-,국수영탐(1) 중 3개
대전대,임상병리학과,임상병리학과,1.92,1.99,2.21,2.14,,,,,,,79,3/-,국수영탐(1) 중 3개
대전대,정보보안학과,정보보안학과,3.33,3.48,,,,,,,,,77,3/-,국수영탐(1) 중 2개
대전대,정보통신공학과,정보통신공학과,3.83,4,2.88,3.67,,,,,,,79,4/-,국수영탐(1) 중 2개
대전대,중등특수교육과,중등특수교육과,1,1,2.97,3.1,,,,,,,,-/-,국수영탐(1) 중 2개
대전대,컴퓨터공학과,컴퓨터공학과,3.48,3.74,3.45,3.2,,,,,,,,-/-,국수영탐(1) 중 2개
대전대,패션디자인・비즈니스학과,패션디자인・비즈니스학과,2.69,2.78,2.79,2.75,,,,,,,,-/-,국수영탐(1) 중 2개
대전대,한의예과,한의예과,1.03,1.04,1,1,,,,,,,,-/-,국수영탐(2)
대전대,혜화리버럴아츠칼리지,혜화리버럴아츠칼리지,3.54,3.78,3.54,3.53,,,,,,,,-/-,국수영탐(1) 중 2개
대전대,화장품학과,화장품학과,2.7,2.89,3.25,3.33,,,,,,,,-/-,국수영탐(1) 중 2개
대전신학대,신학과,신학과,3.54,3.54,,,,,,,,,,-/-,
대진대,AI융합학부(AI빅데이터전공),AI융합학부(AI빅데이터전공),,,,,,,,,,,,-/-,"국수영 중 1개, 남은+탐(1)한 중 1개"
대진대,AI융합학부(스마트모빌리티전공),AI융합학부(스마트모빌리티전공),,,,,,,,,,,43.2,-/3,"국수영 중 1개, 남은+탐(1)한 중 1개"
대진대,AI융합학부(컴퓨터공학전공),AI융합학부(컴퓨터공학전공),,,,,,,,,,,82.4,4/-,"국수영 중 1개, 남은+탐(1)한 중 1개"
대진대,IT기계공학과,IT기계공학과,,,,,,,,,,,48.6,-/4,"국수영 중 1개, 남은+탐(1)한 중 1개"
대진대,간호학과,간호학과,,,,,,,,,,,85.8,-/-,"국수영 중 1개, 남은+탐(1)한 중 1개"
대진대,건축공학과,건축공학과,,,,,,,,,,,,-/-,"국수영 중 1개, 남은+탐(1)한 중 1개"
대진대,경영학과,경영학과,,,,,,,,,,,,-/-,"국수영 중 1개, 남은+탐(1)한 중 1개"
대진대,공공인재법학과,공공인재법학과,,,,,,,,,,,,-/-,"국수영 중 1개, 남은+탐(1)한 중 1개"
대진대,공학자율학부,공학자율학부,,,,,,,,,,,,-/-,"국수영 중 1개, 남은+탐(1)한 중 1개"
대진대,국제통상학과,국제통상학과,,,,,,,,,,,,-/-,"국수영 중 1개, 남은+탐(1)한 중 1개"
대진대,국제학부(국제지역학전공),국제학부(국제지역학전공),,,,,,,,,,,,-/-,"국수영 중 1개, 남은+탐(1)한 중 1개"
대진대,국제학부(중국학전공),국제학부(중국학전공),,,,,,,,,,,,-/-,"국수영 중 1개, 남은+탐(1)한 중 1개"
대진대,글로벌경제학과,글로벌경제학과,,,,,,,,,,,,-/-,"국수영 중 1개, 남은+탐(1)한 중 1개"
대진대,데이터경영산업공학과,데이터경영산업공학과,,,,,,,,,,,43.2,-/2,"국수영 중 1개, 남은+탐(1)한 중 1개"
대진대,문예콘텐츠창작학과,문예콘텐츠창작학과,,,,,,,,,,,,-/-,"국수영 중 1개, 남은+탐(1)한 중 1개"
대진대,문헌정보학과,문헌정보학과,,,,,,,,,,,,-/-,"국수영 중 1개, 남은+탐(1)한 중 1개"
대진대,미디어커뮤니케이션학과,미디어커뮤니케이션학과,,,,,,,,,,,,-/-,"국수영 중 1개, 남은+탐(1)한 중 1개"
대진대,반도체융합공학과,반도체융합공학과,,,,,,,,,,,80.6,3/-,"국수영 중 1개, 남은+탐(1)한 중 1개"
대진대,보건경영학과,보건경영학과,,,,,,,,,,,,-/-,"국수영 중 1개, 남은+탐(1)한 중 1개"
대진대,사회복지학과,사회복지학과,,,,,,,,,,,,-/-,"국수영 중 1개, 남은+탐(1)한 중 1개"
대진대,스마트건설환경공학과,스마트건설환경공학과,,,,,,,,,,,,-/-,"국수영 중 1개, 남은+탐(1)한 중 1개"
대진대,스마트융합보안학과,스마트융합보안학과,,,,,,,,,,,,-/-,"국수영 중 1개, 남은+탐(1)한 중 1개"
대진대,식품영양학과,식품영양학과,,,,,,,,,,,,-/-,"국수영 중 1개, 남은+탐(1)한 중 1개"
대진대,아동학과,아동학과,,,,,,,,,,,,-/-,"국수영 중 1개, 남은+탐(1)한 중 1개"
대진대,전기공학과,"에너지공학부(전기공학전공, 화학공학전공)",,,,,,,,,,,,-/-,"국수영 중 1개, 남은+탐(1)한 중 1개"
대진대,화학공학과,"에너지공학부(전기공학전공, 화학공학전공)",,,,,,,,,,,,-/-,"국수영 중 1개, 남은+탐(1)한 중 1개"
대진대,역사・문화콘텐츠학과,역사・문화콘텐츠학과,,,,,,,,,,,,-/-,"국수영 중 1개, 남은+탐(1)한 중 1개"
대진대,영어영문학과,영어영문학과,,,,,,,,,,,,-/-,"국수영 중 1개, 남은+탐(1)한 중 1개"
대진대,의생명과학과,의생명과학과,,,,,,,,,,,,-/-,"국수영 중 1개, 남은+탐(1)한 중 1개"
대진대,자율전공학부,자율전공학부,,,,,,,,,,,,-/-,"국수영 중 1개, 남은+탐(1)한 중 1개"
대진대,행정정보학과,행정정보학과,,,,,,,,,,,,-/-,"국수영 중 1개, 남은+탐(1)한 중 1개"
덕성여대,AI신약학과,AI신약학과,1.97,1.99,,,,,2.01,2.04,,,90.65,2/-,국수영탐(1)
덕성여대,가상현실융합학과,가상현실융합학과,2.01,2.08,,,,,2.25,2.37,,,87.6,3/-,국수영탐(1)
덕성여대,과학기술대학,과학기술대학,1.85,1.93,,,,,2,2.11,1.92,1.97,87.9,2/-,국수영탐(1)
덕성여대,글로벌융합대학,글로벌융합대학,1.88,1.94,,,,,2.09,2.18,1.95,2.01,87.9,3/-,국수영탐(1)
덕성여대,데이터사이언스학과,데이터사이언스학과,2.12,2.14,,,,,2.31,2.35,,,87.95,3/-,국수영탐(1)
덕성여대,약학과(6년제),약학과(6년제),1.02,1.03,,,,,1.09,1.13,,,96.3,2/-,국수영탐(2)
덕성여대,유아교육과,유아교육과,1.91,2.01,,,,,1.96,2.04,,,87.95,3/-,국수영탐(1)
덕성여대,자유전공학부,자유전공학부,1.89,1.93,,,,,2.07,2.1,1.88,1.99,88.6,2/-,국수영탐(1)
동국대,생명과학과,생명과학과,1,1.03,,,,,1.58,1.36,,,88.32352941176471,3/1,국수영탐(2)
동국대,식품바이오융합공학과,식품바이오융합공학과,1.1,1.07,,,,,1.49,1.54,,,87.55882352941177,3/1,국수영탐(2)
동국대,약학과,약학과,1,1,,,,,2.19,1.03,,,96.5,2/1,국수영탐(2)
동국대,융합환경과학과,융합환경과학과,1,1.1,,,,,1.33,1.53,,,88.29411764705883,3/2,국수영탐(2)
동국대,의생명공학과,의생명공학과,1,1.03,,,,,1.31,1.39,,,90.02941176470588,2/1,국수영탐(2)
동국대,가정교육과,가정교육과,1.17,1.17,,,,,1.85,1.83,,,89.82352941176471,3/4,국수영탐(2)
동국대,건설환경공학과,건설환경공학과,1.1,1.1,,,,,1.5,1.69,,,87.17647058823529,3/1,국수영탐(2)
동국대,건축공학부,건축공학부,1.03,1,,,,,1.58,1.32,,,88.32352941176471,2/1,국수영탐(2)
동국대,경영대학,경영대학,1.07,1.07,,,,,1.69,1.49,1.85,1.64,86.1470588235294,1/1,국수영탐(2)
동국대,경제학과,경제학과,1.07,1,,,,,1.63,1.59,1.97,1.97,89.11764705882354,3/1,국수영탐(2)
동국대,경찰행정학부,경찰행정학부,1,1,,,,,1.38,1.34,,,88.23529411764706,2/1,국수영탐(2)
동국대,광고홍보학과,광고홍보학과,1,1.17,,,,,1.49,1.31,,,89.02941176470588,3/4,국수영탐(2)
동국대,교육학과,교육학과,1,1,,,,,1.38,1.47,,,89.5,3/3,국수영탐(2)
동국대,국어교육과,국어교육과,1,1,,,,,1.31,1.43,,,87.82352941176471,2/1,국수영탐(2)
동국대,국어국문・문예창작학부,국어국문・문예창작학부,1,1,,,,,1.55,1.39,,,87.5,2/3,국수영탐(2)
동국대,국제통상학과,국제통상학과,1,1,,,,,2.19,2.36,,,86.61764705882354,2/2,국수영탐(2)
동국대,기계로봇에너지공학과,기계로봇에너지공학과,1.1,1,,,,,1.49,1.46,,,89.6470588235294,3/1,국수영탐(2)
동국대,문화유산학과,문화유산학과,,,,,,,,,,,86.17647058823529,2/2,국수영탐(2)
동국대,물리학과,물리학과,1.07,1.07,,,,,1.5,1.57,,,89.3529411764706,3/1,국수영탐(2)
동국대,법학과,법학과,1,1,,,,,1.28,1.41,,,87.47058823529412,3/2,국수영탐(2)
동국대,불교학부,불교학부,,,,,,,2.99,1.69,,,88.38235294117646,3/1,국수영탐(2)
동국대,사학과,사학과,1.1,1.1,,,,,1.43,1.52,,,86.11764705882354,3/1,국수영탐(2)
동국대,사회복지학과,사회복지학과,,,,,,,1.75,1.53,,,86.88235294117646,2/1,국수영탐(2)
동국대,사회언론정보학부 미디어커뮤니케이션학전공,사회언론정보학부 미디어커뮤니케이션학전공,1,1,,,,,1.33,1.31,,,89.3529411764706,3/1,국수영탐(2)
동국대,사회언론정보학부 사회학전공,사회언론정보학부 사회학전공,1,1,,,,,1.42,1.54,,,85.67647058823529,2/1,국수영탐(2)
동국대,산업시스템공학과,산업시스템공학과,1.1,1.1,,,,,1.57,1.64,,,88.76470588235294,3/3,국수영탐(2)
동국대,수학과,수학과,1.03,1.03,,,,,1.61,1.85,,,89.44117647058823,2/2,국수영탐(2)
동국대,수학교육과,수학교육과,1,1,,,,,1.58,1.6,,,89.32352941176471,3/2,국수영탐(2)
동국대,시스템반도체학부,시스템반도체학부,1,1,,,,,1.76,1.46,,,87.97058823529412,3/1,국수영탐(2)
동국대,식품산업관리학과,식품산업관리학과,,,,,,,1.64,1.31,,,88.67647058823529,3/2,국수영탐(2)
동국대,에너지신소재공학과,에너지신소재공학과,1,1,,,,,1.47,1.35,,,89.58823529411765,2/4,국수영탐(2)
동국대,역사교육과,역사교육과,1.1,1.07,,,,,1.41,1.57,,,86.61764705882354,3/1,국수영탐(2)
동국대,연극학부,연극학부,,,,,,,1.92,1.58,,,,-/-,
동국대,열린전공학부(인문),열린전공학부(인문),1,1.03,,,,,,,,,88.6470588235294,2/2,국수영탐(2)
동국대,열린전공학부(자연),열린전공학부(자연),1,1.07,,,,,,,,,89.67647058823529,2/3,국수영탐(2)
동국대,영어영문학부,영어영문학부,1,1,,,,,2.28,2.15,,,84.97058823529412,2/1,국수영탐(2)
동국대,영화영상학과,영화영상학과,,,,,,,1.72,2.81,,,88.47058823529412,2/2,국수영탐(2)
동국대,의료인공지능공학과,의료인공지능공학과,1,1,,,,,1.33,1.48,,,90.02941176470588,2/2,국수영탐(2)
동국대,일본학과,일본학과,,,,,,,2.44,2.34,,,85.91176470588235,3/1,국수영탐(2)
동국대,전자전기공학부,전자전기공학부,1,1.03,,,,,1.4,1.58,1.51,1.51,88.88235294117646,2/2,국수영탐(2)
동국대,정보통신공학과,정보통신공학과,1,1.14,,,,,1.56,1.66,,,88.8529411764706,2/3,국수영탐(2)
동국대,정치행정학부 북한학 전공,정치행정학부 북한학 전공,,,,,,,1.7,1.81,,,89.1470588235294,3/1,국수영탐(2)
동국대,정치행정학부 정치외교학 전공,정치행정학부 정치외교학 전공,1,1,,,,,2.38,2.12,,,86.82352941176471,3/2,국수영탐(2)
동국대,정치행정학부 행정학전공,정치행정학부 행정학전공,1.03,1,,,,,1.39,1.39,,,87.61764705882354,3/4,국수영탐(2)
동국대,중어중문학과,중어중문학과,1.07,1.07,,,,,2.66,2.19,,,88.55882352941177,3/1,국수영탐(2)
동국대,지능형네트워크융합학과,지능형네트워크융합학과,1.07,1.07,,,,,1.78,1.57,,,89.6470588235294,3/1,국수영탐(2)
동국대,지리교육과,지리교육과,1.03,1,,,,,1.52,1.63,,,86.97058823529412,2/1,국수영탐(2)
동국대,철학과,철학과,,,,,,,1.39,1.43,,,90.67647058823529,3/2,국수영탐(2)
동국대,컴퓨터・AI학부,컴퓨터・AI학부,1,1,,,,,1.3,1.19,,,88.61764705882354,2/1,국수영탐(2)
동국대,통계학과,통계학과,1,1,,,,,1.42,1.59,,,86.73529411764706,1/1,국수영탐(2)
동국대,화공생물공학과,화공생물공학과,1,1,,,,,1.41,1.42,,,89.67647058823529,2/1,국수영탐(2)
동국대,화학과,화학과,1,1,,,,,1.24,1.35,,,89.58823529411765,3/1,국수영탐(2)
동국대(WISE),가정교육과,가정교육과,2.19,2.25,3.14,3.41,,,,,,,77.5,6/4,국수탐(1) 중 2개
동국대(WISE),간호학과,간호학과,1.38,1.45,1.58,1.65,,,1.65,1.72,,,73.25,5/4,국수영탐(2)
동국대(WISE),경영학과,경영학과,2.62,2.69,,,,,,,,,53,6/5,국수탐(1) 중 2개
동국대(WISE),고고미술사학과,고고미술사학과,2.48,2.76,,,,,,,,,84.5,5/5,국수탐(1) 중 2개
동국대(WISE),국사학과,국사학과,2.4,2.48,3.59,3.65,,,,,,,73.5,1/9,국수탐(1) 중 2개
동국대(WISE),항공서비스무역학과,글로벌무역학과,3.25,3.48,,,,,,,,,57.5,5/5,국수탐(1) 중 2개
동국대(WISE),글로컬인재학부,글로컬인재학부,3.11,3.33,3.11,3.33,,,,,,,64,7/5,국수탐(1) 중 2개
동국대(WISE),명상심리상담학과,명상심리상담학과,3.19,3.4,,,,,,,,,67.5,5/4,국수탐(1) 중 2개
동국대(WISE),바이오・화학융합학부,바이오・화학융합학부,2.83,2.97,,,,,,,,,67,6/6,국수탐(1) 중 2개
동국대(WISE),보건의료정보학과,보건의료정보학과,2.48,2.55,3.62,3.77,,,,,,,71,4/4,국수탐(1) 중 2개
동국대(WISE),불교문화콘텐츠전공,불교문화콘텐츠전공,2.97,2.97,2.62,2.62,,,,,,,53.5,7/5,국수탐(1) 중 2개
동국대(WISE),불교학전공,불교학전공,2.25,2.62,2.06,2.06,,,,,,,58.5,8/6,국수탐(1) 중 2개
동국대(WISE),뷰티아트산업학과,뷰티아트산업학과,3.36,3.45,2.97,3.16,,,,,,,72,5/6,국수탐(1) 중 2개
동국대(WISE),사회복지학과,사회복지학과,2.76,2.97,,,,,,,,,59.5,7/6,국수탐(1) 중 2개
동국대(WISE),소방방재전공,소방방재전공,2.4,2.55,3.09,3.09,,,,,,,60.5,6/5,국수탐(1) 중 2개
동국대(WISE),수학교육과,수학교육과,2.25,2.25,3.56,3.67,,,,,,,75,7/4,국수탐(1) 중 2개
동국대(WISE),아동청소년교육학과,아동청소년교육학과,2.91,3.54,,,,,,,,,61.5,6/5,국수탐(1) 중 2개
동국대(WISE),안전보건전공,안전보건전공,3.11,3.25,,,,,,,,,66.5,6/4,국수탐(1) 중 2개
동국대(WISE),영어영문학과,영어영문학과,2.76,2.91,,,,,,,,,66,6/4,국수탐(1) 중 2개
동국대(WISE),원자력・에너지・전기공학과,원자력・에너지・전기공학과,2.97,3.19,,,,,,,,,59.5,6/7,국수탐(1) 중 2개
동국대(WISE),웹문예학과,웹문예학과,2.33,2.4,2.65,2.65,,,,,,,,-/-,국수탐(1) 중 2개
동국대(WISE),유아교육과,유아교육과,2.25,2.55,3.84,4.06,,,,,,,70.5,8/5,국수탐(1) 중 2개
동국대(WISE),의예과,의예과,1,1.02,,,,,1.04,1.04,,,95.95,3/2,국수영탐(2)
동국대(WISE),일어일문학과,일어일문학과,2.55,2.76,3.61,3.61,,,,,,,,-/-,국수탐(1) 중 2개
동국대(WISE),자동차소재부품공학전공,자동차소재부품공학전공,2.76,2.97,3.93,3.93,,,,,,,58.5,7/6,국수탐(1) 중 2개
동국대(WISE),전자・정보통신공학과,전자・정보통신공학과,2.91,3.33,,,,,,,,,66.5,7/8,국수탐(1) 중 2개
동국대(WISE),정보경영학과,정보경영학과,3.11,3.75,,,,,,,,,56.5,6/5,국수탐(1) 중 2개
동국대(WISE),조경・정원디자인학과,조경・정원디자인학과,2.76,2.97,3.22,3.5,,,,,,,59,5/5,국수탐(1) 중 2개
동국대(WISE),조리외식경영학전공,조리외식경영학전공,2.48,2.62,3.57,3.63,,,2.06,3.25,,,61,6/4,국수탐(1) 중 2개
동국대(WISE),중어중문학과,중어중문학과,3.19,3.25,,,,,,,,,61,5/5,국수탐(1) 중 2개
동국대(WISE),컴퓨터공학과,컴퓨터공학과,2.76,2.91,3.79,3.91,,,,,,,66,7/5,국수탐(1) 중 2개
동국대(WISE),한의예과,한의예과,1.03,1.04,1.08,1.09,,,1.08,1.12,,,96.8,2/1,국수영탐(2)
동국대(WISE),한의예과,한의예과,1.03,1.04,1.08,1.09,,,1.08,1.12,,,95.55,3/2,국수영탐(2)
동국대(WISE),행정・경찰공공학부,행정・경찰공공학부,2.25,2.33,3.2,3.25,,,,,,,69.5,6/5,국수탐(1) 중 2개
동국대(WISE),호텔관광경영학전공,호텔관광경영학전공,2.76,2.97,3.88,3.88,,,,,,,59.5,6/5,국수탐(1) 중 2개
동국대(WISE),회계세무학과,회계세무학과,2.25,2.48,,,,,,,,,57,7/5,국수탐(1) 중 2개
동덕여대,경영융합학부,경영융합학부,2.14,2.29,,,,,2.08,2.48,,,,-/-,국수영탐(1)
동덕여대,글로벌지역학부 영어전공,글로벌지역학부 영어전공,1.99,2.05,,,,,2.72,2.68,,,,-/-,국수영탐(1)
동덕여대,글로벌지역학부 유러피언스터디즈전공,글로벌지역학부 유러피언스터디즈전공,2.14,2.38,,,,,3.28,2.41,,,,-/-,국수영탐(1)
동덕여대,글로벌지역학부 일어일본학전공,글로벌지역학부 일어일본학전공,1.93,2.05,,,,,2.25,2.55,,,,-/-,국수영탐(1)
동덕여대,글로벌지역학부 중어중국학전공,글로벌지역학부 중어중국학전공,2.17,2.15,,,,,2.75,2.25,,,,-/-,국수영탐(1)
동덕여대,문화지식융합학부 HCI사이언스전공,문화지식융합학부 HCI사이언스전공,1.97,2.05,,,,,2.14,2.43,,,,-/-,국수영탐(1)
동덕여대,문화지식융합학부 데이터사이언스전공,문화지식융합학부 데이터사이언스전공,1.87,1.88,,,,,2.14,2.13,,,80.65,3/3,국수영탐(1)
동덕여대,문화지식융합학부 커뮤니케이션콘텐츠전공,문화지식융합학부 커뮤니케이션콘텐츠전공,1.68,1.83,,,,,2.58,2.05,,,,-/-,"국수 중 1개, 영탐(1)"
동덕여대,미술학부 큐레이터학전공,미술학부 큐레이터학전공,,,,,,,2.5,2.5,,,80.6,2/1,국수영탐(1)
동덕여대,사회과학부 문헌정보학전공,사회과학부 문헌정보학전공,2.09,2.16,,,,,2.6,2.27,,,,-/-,국수영탐(1)
동덕여대,사회과학부 사회복지학전공,사회과학부 사회복지학전공,2.1,2.24,,,,,2.35,2.17,,,,-/-,국수영탐(1)
동덕여대,사회과학부 아동학전공,사회과학부 아동학전공,2.18,2.31,,,,,2.19,2.28,,,,-/-,국수영탐(1)
동덕여대,앙트러프러너리얼리더십학부 글로벌MICE융합전공,앙트러프러너리얼리더십학부 글로벌MICE융합전공,2.2,2.31,,,,,2.24,2.2,,,,-/-,국수영탐(1)
동덕여대,앙트러프러너리얼리더십학부 문화예술경영전공,앙트러프러너리얼리더십학부 문화예술경영전공,2.22,2.4,,,,,2.03,2.46,,,,-/-,"국수 중 1개, 영탐(1)"
동덕여대,앙트러프러너리얼리더십학부 앙트러프러너십전공,앙트러프러너리얼리더십학부 앙트러프러너십전공,,,,,,,2.73,2.44,,,87.6,2/2,국수영탐(1)
동덕여대,약학과,약학과,1.04,1.04,,,,,1.14,1.06,,,96.7,2/1,국수영탐(2)
동덕여대,인문학부 국사학전공,인문학부,1.94,1.99,,,,,1.97,2.45,,,,-/-,국수영탐(1)
동덕여대,인문학부 국어국문학전공,인문학부,1.91,1.98,,,,,2.23,2.27,,,,-/-,국수영탐(1)
동덕여대,인문학부 문예창작전공,인문학부,2.19,2.24,,,,,2.63,2.59,,,,-/-,국수영탐(1)
동덕여대,자연과학부 보건관리학전공,자연과학부,1.78,1.97,,,,,2.1,2.06,,,,-/-,국수영탐(1)
동덕여대,자연과학부 식품영양학전공,자연과학부,1.87,1.93,,,,,2.28,1.91,,,,-/-,국수영탐(1)
동덕여대,자연과학부 응용화학전공,자연과학부,2.06,2.08,,,,,2,1.97,,,,-/-,국수영탐(1)
동덕여대,자연과학부 화장품학전공,자연과학부,1.78,1.83,,,,,2.24,2.23,,,,-/-,국수영탐(1)
동덕여대,정보학부 정보통계학전공,정보학부,2.19,2.27,,,,,2.27,2.27,,,,-/-,국수영탐(1)
동덕여대,정보학부 컴퓨터학전공,정보학부,2.24,2.31,,,,,2.66,2.49,,,,-/-,국수영탐(1)
동명대,K-sports태권도학과,K-sports태권도학과,2.76,3.11,,,,,,,,,,-/-,국수영탐(1)
동명대,간호학과,간호학과,1.78,1.98,1.45,1.58,,,,,,,61.333333333333336,2/3,국수영탐(1)
동명대,건축공학과,건축공학과,2.97,3.11,,,,,,,,,29,4/3,국수영탐(1)
동명대,"건축학과(4년,5년)","건축학과(4년,5년)",2.69,3.11,2.79,2.83,,,,,,,45.666666666666664,3/3,국수영탐(1)
동명대,게임학부,게임학부,,,,,,,2.48,2.76,,,24.666666666666668,3/3,국수영탐(1)
동명대,컴퓨터공학과,게임학부,2.97,3.25,,,,,,,,,24.666666666666668,3/3,국수영탐(1)
동명대,경영학과,경영학과,2.91,3.25,2.91,2.91,,,,,,,28,4/3,국수영탐(1)
동명대,군사학과,군사학과,2.62,2.76,2.4,2.76,,,1.92,2.69,,,,-/-,국수영탐(1)
동명대,냉동공조공학과,냉동공조공학과,2.69,2.83,2.62,2.91,,,,,,,24.666666666666668,3/3,국수영탐(1)
동명대,메이크업디자인과,메이크업디자인과,,,,,,,,,,,,-/-,국수영탐(1)
동명대,뷰티예술대학,메이크업디자인과,2.25,2.38,2.33,2.4,,,,,,,,-/-,국수영탐(1)
동명대,문화예술학부,문화예술학부,,,,,,,,,,,,-/-,
동명대,웹툰・애니메이션학과,문화예술학부,,,2.25,2.33,,,,,,,,-/-,
동명대,글로벌문화콘텐츠학과,문화컨텐츠학과,2.83,3.33,,,,,,,,,27.666666666666668,3/5,국수영탐(1)
동명대,문화컨텐츠학과,문화컨텐츠학과,,,,,,,3.05,3.4,,,27.666666666666668,3/5,국수영탐(1)
동명대,미디어커뮤니케이션학과,미디어커뮤니케이션학과,2.33,2.4,2.55,2.97,,,2.55,2.62,,,,-/-,국수영탐(1)
동명대,미래자동차학과,미래자동차학과,2.79,2.89,2.72,2.76,,,2.83,2.83,,,24.666666666666668,3/3,국수영탐(1)
동명대,반려동물보건학과,반려동물보건학과,1.92,2.12,2.19,2.33,,,2.4,2.48,,,,-/-,국수영탐(1)
동명대,반려동물산업학부,반려동물케어학부,2.12,2.76,2.25,2.83,,,,,,,,-/-,국수영탐(1)
동명대,애견미용・행동교정학과,반려동물케어학부,1.78,1.85,2.12,2.25,,,2.62,2.81,,,,-/-,국수영탐(1)
동명대,뷰티예술대학,뷰티케어학과,2.25,2.38,2.33,2.4,,,,,,,,-/-,국수영탐(1)
동명대,뷰티케어학과,뷰티케어학과,,,,,,,2.4,2.62,,,,-/-,국수영탐(1)
동명대,사회복지학과,사회복지학과,2.69,2.83,2.33,2.91,,,,,,,,-/-,국수영탐(1)
동명대,상담・임상심리학과,상담・임상심리학과,2.55,2.76,2.83,3.03,,,,,,,36.333333333333336,3/4,국수영탐(1)
동명대,스포츠레저학부,스포츠융합학과,,,,,,,,,,,,-/-,국수영탐(1)
동명대,스포츠융합학과,스포츠융합학과,,,,,,,2.73,3.19,,,,-/-,국수영탐(1)
동명대,스포츠재활학과,스포츠재활학과,1.31,1.72,,,,,2.55,2.71,,,46,3/3,국수영탐(1)
동명대,반려동물산업학부,식품조리학부,2.12,2.76,2.25,2.83,,,,,,,,-/-,국수영탐(1)
동명대,호텔조리베이커리학과,식품조리학부,2.76,2.83,3.05,3.19,,,,,,,,-/-,국수영탐(1)
동명대,실내건축학과,실내건축학과,2.91,3.1,2.91,2.91,,,,,,,,-/-,국수영탐(1)
동명대,언어치료청각재활학과,언어치료청각재활학과,2.51,2.53,2.83,3.19,,,,,,,34.333333333333336,4/4,국수영탐(1)
동명대,엔터테인먼트뮤직학과,엔터테인먼트뮤직학과,,,,,,,,,,,,-/-,국수영탐(1)
동명대,엔터테인먼트예술학과,엔터테인먼트뮤직학과,2.62,2.97,2.4,2.69,,,2.91,3.4,,,,-/-,국수영탐(1)
동명대,유아교육과,유아교육과,2.76,2.82,2.55,2.69,,,2.33,2.55,,,,-/-,국수영탐(1)
동명대,응급구조학과,응급구조학과,2.19,2.25,2.19,2.25,,,1.98,2.55,,,,-/-,국수영탐(1)
동명대,작업치료학과,작업치료학과,2.19,2.33,2.33,2.76,,,2.91,3.05,,,26,4/3,국수영탐(1)
동명대,전기제어학부,전기제어학과,2.76,3.4,2.97,3.11,,,,,,,24.666666666666668,3/3,국수영탐(1)
동명대,국제통상물류학과,항만물류시스템학과,3.17,3.4,3.19,3.25,,,,,,,28,4/3,국수영탐(1)
동명대,항만물류시스템학과,항만물류시스템학과,,,,,,,2.55,2.55,,,24.666666666666668,3/3,국수영탐(1)
동명대,해양방위산업공학과,해양방위산업공학과,,,,,,,,,,,,-/-,국수영탐(1)
동명대,뷰티예술대학,헤어디자인학과,2.25,2.38,2.33,2.4,,,,,,,,-/-,국수영탐(1)
동명대,헤어디자인학과,헤어디자인학과,,,,,,,,,,,,-/-,국수영탐(1)
동서대,간호학과,간호학과,1.31,1.31,1.85,1.9,1.03,1.07,,,,,,-/-,국수영탐(1)
동서대,건축공학과,건축공학과,2.69,2.86,3.09,3.09,,,,,,,,-/-,국수영탐(1)
동서대,경영학부,경영학부,2.69,2.8,3.43,3.43,2.34,2.46,,,,,,-/-,국수영탐(1)
동서대,경찰학과,경찰학과,2.06,2.17,2.75,2.75,1.37,1.42,,,,,,-/-,국수영탐(1)
동서대,국제통상물류학부,국제통상물류학부,2.8,2.8,2.51,2.92,2.86,3.43,,,,,,-/-,국수영탐(1)
동서대,글로벌관광대학,글로벌관광대학,2.51,2.8,2.46,2.8,2.97,2.97,,,,,,-/-,국수영탐(1)
동서대,디지털금융학과,디지털금융학과,,,,,2.28,2.63,,,,,,-/-,국수영탐(1)
동서대,방사선학과,방사선학과,1.42,1.52,2.01,2.06,1.22,1.37,,,,,,-/-,국수영탐(1)
동서대,보건행정학과,보건행정학과,2.34,2.4,2.01,2.17,2.75,3.03,,,,,,-/-,국수영탐(1)
동서대,사회복지학과,사회복지학과,2.34,2.46,2.97,3.14,2.01,2.28,,,,,,-/-,국수영탐(1)
동서대,상담심리학과,상담심리학과,2.34,2.34,3.14,3.14,,,,,,,,-/-,국수영탐(1)
동서대,스마트모빌리티학부,스마트모빌리티학부,2.97,3.49,1.95,2.46,2.51,2.51,,,,,,-/-,국수영탐(1)
동서대,뮤지컬엔터테인먼트학과,스텔라예술대학 계열1(영화/뮤지컬/연기),,,,,,,,,,,,-/-,
동서대,연기과,스텔라예술대학 계열1(영화/뮤지컬/연기),,,,,,,,,,,,-/-,
동서대,영화과,스텔라예술대학 계열1(영화/뮤지컬/연기),1.37,1.52,1.22,1.26,,,,,,,,-/-,국수영탐(1)
동서대,게임학과,스텔라예술대학 계열3(게임/애니메이션/웹툰),1.8,2.12,2.06,2.23,1.26,1.52,,,,,,-/-,
동서대,영상애니메이션학과,스텔라예술대학 계열3(게임/애니메이션/웹툰),1.58,1.63,2.01,2.06,1,1.1,,,,,,-/-,
동서대,광고홍보학과,스텔라예술대학 계열3(방송영상/광고홍보),2.51,2.69,1.69,1.74,2.69,2.8,,,,,,-/-,국수영탐(1)
동서대,방송영상학과,스텔라예술대학 계열3(방송영상/광고홍보),2.06,2.12,2.63,2.63,1.31,1.63,,,,,,-/-,국수영탐(1)
동서대,건축학과,스텔라예술대학 계열4(건축),2.34,2.51,2.63,2.63,2.23,2.28,,,,,,-/-,국수영탐(1)
동서대,디자인학부,스텔라예술대학 계열5(디자인/패션),1.9,2.06,2.46,2.46,1.37,1.74,,,,,,-/-,국수영탐(1)
동서대,패션디자인학과,스텔라예술대학 계열5(디자인/패션),2.34,2.46,2.23,2.69,,,,,,,,-/-,국수영탐(1)
동서대,식품영양학과,식품영양학과,2.63,2.8,2.06,2.23,2.4,3.49,,,,,,-/-,국수영탐(1)
동서대,운동처방학과,운동처방학과,1.95,2.12,,,,,,,,,,-/-,
동서대,임상병리학과,임상병리학과,1.8,1.85,2.17,2.17,1.42,1.42,,,,,,-/-,국수영탐(1)
동서대,자유전공학부,자유전공학부,2.4,2.46,2.17,2.28,2.34,2.58,,,,,,-/-,국수영탐(1)
동서대,작업치료학과,작업치료학과,2.12,2.23,2.63,2.63,1.85,1.85,,,,,,-/-,국수영탐(1)
동서대,체육학과,체육학과,2.28,2.28,2.4,2.4,,,,,,,,-/-,
동서대,치위생학과,치위생학과,1.95,1.95,1.58,1.63,2.51,2.51,,,,,,-/-,국수영탐(1)
동서대,캠퍼스아시아학과,캠퍼스아시아학과,1.37,1.69,,,,,,,,,,-/-,국수영탐(1)
동서대,컴퓨터공학부,컴퓨터공학부,2.58,2.86,2.28,2.46,2.63,2.63,,,,,,-/-,국수영탐(1)
동신대,디지털콘텐츠학과,AI컴퓨터융합학부(AI미디어콘텐츠학과),3.86,3.89,,,,,,,,,,-/-,국수영탐(1)한
동신대,컴퓨터학과,AI컴퓨터융합학부(AI보안학과),3.68,4.07,,,,,,,,,22.443999999999996,8/4,국수영탐(1)한
동신대,간호학과,간호학과,3.03,3.16,,,,,,,,,64.49940000000001,3/3,국수영탐(1)한
동신대,건축학과,건축학과,3.25,4.14,,,,,,,,,,-/-,국수영탐(1)한
동신대,경찰행정학과,경찰행정학과,3.86,4.07,,,,,,,,,,-/-,국수영탐(1)한
동신대,국제한국어학과,국제한국어학과,3.68,3.68,,,,,,,,,,-/-,국수영탐(1)한
동신대,군사학과,군사학과,3.98,4.15,,,,,,,,,,-/-,국수영탐(1)한
동신대,도시계획학과,도시계획학과,3.75,4.35,4.08,4.08,,,,,,,,-/-,국수영탐(1)한
동신대,물리치료학과,물리치료학과,3.36,3.56,,,,,,,,,56.221199999999996,4/5,국수영탐(1)한
동신대,뮤지컬・실용음악학과,뮤지컬・실용음악학과,3.4,4.05,,,,,,,,,,-/-,국수영탐(1)한
동신대,미래에너지기술학부,미래에너지기술학부,,,,,,,,,,,47.2774,5/2,국수영탐(1)한
동신대,반려동물학과,반려동물학과,3.51,3.73,3.66,3.79,,,,,,,,-/-,국수영탐(1)한
동신대,방사선학과,방사선학과,3.11,3.24,,,,,,,,,,-/-,국수영탐(1)한
동신대,보건행정학과,보건행정학과,2.8,3.07,3.71,3.85,,,,,,,,-/-,국수영탐(1)한
동신대,뷰티미용학과,뷰티미용학과,3.49,3.96,,,,,,,,,,-/-,국수영탐(1)한
동신대,사회복지학과,사회복지학과,3.79,3.94,,,,,,,,,15.388599999999999,8/6,국수영탐(1)한
동신대,산림조경학과,산림조경학과,3.02,3.47,,,,,,,,,,-/-,국수영탐(1)한
동신대,상담심리학과,상담심리학과,3.15,3.28,,,,,,,,,42.666000000000004,4/4,국수영탐(1)한
동신대,생활체육학과,생활체육학과,3.63,4.22,,,,,,,,,15.6658,6/3,국수영탐(1)한
동신대,소방안전학과,소방안전학과,3.95,4.19,3.28,4.05,,,,,,,,-/-,국수영탐(1)한
동신대,스포츠의학과,스포츠의학과,3.69,3.83,,,,,,,,,,-/-,국수영탐(1)한
동신대,식품영양학과,식품영양학과,3.84,4.1,,,,,,,,,31.777800000000003,7/3,국수영탐(1)한
동신대,안경광학과,안경광학과,3.16,3.75,,,,,,,,,31.276799999999998,5/7,국수영탐(1)한
동신대,언어치료학과,언어치료학과,3.58,3.87,,,,,,,,,,-/-,국수영탐(1)한
동신대,유아교육학과,유아교육학과,3.48,3.68,,,,,,,,,55.4436,3/5,국수영탐(1)한
동신대,응급구조학과,응급구조학과,3.95,4.03,3.83,4.06,,,,,,,,-/-,국수영탐(1)한
동신대,자유전공학부,자유전공학부,4.39,4.39,,,,,,,,,27.4434,4/4,국수영탐(1)한
동신대,작업치료학과,작업치료학과,3.89,4.29,,,,,,,,,58.7218,3/4,국수영탐(1)한
동신대,전기공학과,전기공학과,3.82,3.83,,,,,,,,,34.8326,5/5,국수영탐(1)한
동신대,토목환경공학과,토목환경공학과,3.8,3.99,,,,,,,,,20.944200000000002,8/4,국수영탐(1)한
동신대,한의예과,한의예과,1,1,,,,,,,,,97.22220000000002,1/1,국수영탐(1)한
동신대,호텔관광경영학과,호텔관광경영학과,2.53,2.74,,,,,,,,,,-/-,국수영탐(1)한
동아대,AI학과,AI학과,2.3,2.59,,,,,2.54,2.65,2.5,2.68,59.333333333333336,3/3,국수영탐(2)
동아대,간호학과,간호학과,1.4,1.45,,,,,1.65,1.7,1.72,1.76,75.16666666666667,4/3,국수영탐(2)
동아대,건강관리학과,건강관리학과,2.21,2.25,,,,,2.54,2.75,2.9,2.94,58.166666666666664,4/3,국수영탐(2)
동아대,건설시스템공학과,건설시스템공학과,2.55,2.59,,,,,2.9,2.97,2.95,3.01,59.666666666666664,3/2,국수영탐(2)
동아대,건축공학과,건축공학과,2.25,2.4,,,,,2.71,2.75,2.68,2.75,62.666666666666664,3/5,국수영탐(2)
동아대,건축학과,건축학과,1.94,2.03,,,,,2.5,2.54,2.29,2.38,63.333333333333336,3/4,국수영탐(2)
동아대,경영정보학과,경영정보학과,2.21,2.25,,,,,2.72,2.8,2.71,2.82,65.16666666666667,4/4,국수영탐(2)
동아대,경영학과,경영학과,1.94,1.98,,,,,2.32,2.4,2.52,2.6,67,3/3,국수영탐(2)
동아대,경제학과,경제학과,1.94,1.98,,,,,2.6,2.67,2.67,2.72,67.83333333333333,4/4,국수영탐(2)
동아대,경찰학과,경찰학과,1.85,1.89,,,,,2.13,2.26,2.13,2.15,65.33333333333333,3/3,국수영탐(2)
동아대,관광경영학과,관광경영학과,2.16,2.21,,,,,2.51,2.76,2.67,2.75,64.33333333333333,4/1,국수영탐(2)
동아대,교육학과,교육학과,1.89,2.03,,,,,2.25,2.39,2.24,2.33,,-/-,국수영탐(2)
동아대,국제무역학과,국제무역학과,2.12,2.12,,,,,2.53,2.59,2.5,2.65,66.16666666666667,3/1,국수영탐(2)
동아대,글로벌비즈니스학과,글로벌비즈니스학과,2.16,2.16,,,,,2.59,2.62,2.75,2.85,64,3/3,국수영탐(2)
동아대,금융학과,금융학과,2.21,2.3,,,,,2.46,2.6,2.77,2.98,63.666666666666664,4/3,국수영탐(2)
동아대,기계공학과,기계공학과,2.16,2.25,,,,,2.64,2.75,2.71,2.83,64.33333333333333,4/4,국수영탐(2)
동아대,도시공학과,도시공학과,2.21,2.45,,,,,2.75,3.03,2.97,3.27,68,2/3,국수영탐(2)
동아대,미디어커뮤니케이션학과,미디어커뮤니케이션학과,1.76,1.81,,,,,1.99,2.05,2.17,2.25,68.83333333333333,4/3,국수영탐(2)
동아대,바이오메디컬학과,바이오메디컬학과,2.07,2.07,,,,,2.6,2.67,2.5,2.5,64.16666666666667,4/4,국수영탐(2)
동아대,바이오소재공학과,바이오소재공학과,2.35,2.4,,,,,2.8,2.82,2.83,2.86,71.16666666666667,4/6,국수영탐(2)
동아대,반도체학과,반도체학과,2.45,2.45,,,,,2.85,2.93,2.76,2.93,63.166666666666664,2/4,국수영탐(2)
동아대,사회복지학과,사회복지학과,1.98,2.07,,,,,2.5,2.54,2.52,2.52,64,5/3,국수영탐(2)
동아대,산업경영공학과,산업경영공학과,2.55,2.59,,,,,2.97,3.24,2.93,3.16,60,4/3,국수영탐(2)
동아대,산업디자인학과,산업디자인학과,,,,,,,2.17,2.36,,,,-/-,
동아대,석당인재학부 공공정책학전공,석당인재학부 공공정책학전공,,,,,,,1.86,1.99,,,71.33333333333333,2/1,국수영탐(2)
동아대,스마트그린자원학과,스마트그린자원학과,2.55,2.64,,,,,3.03,3.2,2.82,2.95,66.33333333333333,3/2,국수영탐(2)
동아대,식품생명공학과,식품생명공학과,2.07,2.12,,,,,2.56,2.6,2.3,2.33,61.666666666666664,3/2,국수영탐(2)
동아대,식품영양학과,식품영양학과,2.07,2.16,,,,,2.29,2.58,2.6,2.72,61.833333333333336,2/5,국수영탐(2)
동아대,신소재공학과,신소재공학과,2.4,2.45,,,,,2.8,2.88,2.72,2.81,61.166666666666664,3/2,국수영탐(2)
동아대,아동학과,아동학과,2.25,2.3,,,,,2.87,2.96,2.68,2.82,69.5,3/4,국수영탐(2)
동아대,역사고고미술사학과,역사고고미술사학과,,,,,,,2.84,2.94,,,65.16666666666667,3/2,국수영탐(2)
동아대,역사문화학부(사학전공),역사고고미술사학과,,,,,,,,,,,65.16666666666667,3/2,국수영탐(2)
동아대,영미학과,영미학과,2.21,2.25,,,,,2.61,2.76,2.64,2.79,61.5,2/4,국수영탐(2)
동아대,응용생물공학과,융합생명공학과,2.3,2.45,,,,,2.74,2.88,2.3,2.55,62.333333333333336,4/3,국수영탐(2)
동아대,의약생명공학과,의약생명공학과,1.89,1.94,,,,,2.3,2.42,2.25,2.27,68.16666666666667,4/5,국수영탐(2)
동아대,의예과,의예과,,,,,,,,,,,97.83333333333333,2/1,국수영탐(2)
동아대,일본학과,일본학과,2.07,2.16,,,,,2.35,2.41,2.45,2.53,63.666666666666664,3/1,국수영탐(2)
동아대,자유전공학부(전계열),자유전공학부(전계열),,,,,,,,,,,72.83333333333333,4/3,국수영탐(2)
동아대,전기공학과,전기공학과,1.98,2.12,,,,,2.71,2.82,2.69,2.75,67.16666666666667,4/2,국수영탐(2)
동아대,전자공학과,전자공학과,2.16,2.21,,,,,2.6,2.76,2.68,2.98,70.16666666666667,4/1,국수영탐(2)
동아대,정보수학과,정보수학과,2.69,2.79,,,,,3.1,3.13,2.88,2.96,64.83333333333333,4/4,국수영탐(2)
동아대,정치사회학부(사회학전공),정치사회학부(사회학전공),2.07,2.16,,,,,2.65,2.73,2.41,2.6,63.833333333333336,4/2,국수영탐(2)
동아대,정치사회학부(정치외교학전공),정치사회학부(정치외교학전공),1.94,2.07,,,,,2.46,2.48,2.56,2.64,63.5,2/2,국수영탐(2)
동아대,조경학과,조경학과,2.16,2.3,,,,,2.55,2.82,2.82,2.82,59.333333333333336,3/2,국수영탐(2)
동아대,조선해양공학과,조선해양공학과,2.3,2.4,,,,,2.72,2.87,2.88,2.93,62.666666666666664,4/1,국수영탐(2)
동아대,중국학과,중국학과,2.4,2.45,,,,,2.98,3.1,3.2,3.41,60.5,3/3,국수영탐(2)
동아대,철학생명의료윤리학과,철학윤리학과,2.4,2.45,,,,,2.73,2.91,2.76,2.78,,-/-,국수영탐(2)
동아대,체육학과,체육학과,,,,,,,2.38,2.56,2.33,2.39,,-/-,
동아대,컴퓨터공학과,컴퓨터공학과,2.21,2.25,,,,,2.43,2.48,2.23,2.5,63.833333333333336,4/4,국수영탐(2)
동아대,태권도학과,태권도학과,,,,,,,2.49,2.64,,,,-/-,국수영탐(2)
동아대,패션디자인학과,패션디자인학과,1.89,1.98,,,,,2.42,2.48,2.63,2.75,58.833333333333336,3/4,국수영탐(2)
동아대,한국어문학과,한국어문학과,2.12,2.16,,,,,2.48,2.59,2.7,2.72,66.33333333333333,3/1,국수영탐(2)
동아대,행정학과,행정학과,1.94,1.94,,,,,2.38,2.5,2.46,2.55,70.33333333333333,4/2,국수영탐(2)
동아대,화학공학과,화학공학과,2.16,2.3,,,,,2.7,2.81,2.69,2.87,64.66666666666667,3/2,국수영탐(2)
동아대,화학과,화학과,2.45,2.59,,,,,2.93,2.96,2.71,2.96,69.83333333333333,4/3,국수영탐(2)
동아대,환경・에너지공학부(환경안전전공),환경에너지공학과,2.35,2.55,,,,,2.6,2.68,2.84,2.9,61.5,4/4,국수영탐(2)
동양대,AI빅데이터융합학과,AI빅데이터융합학과,2.23,2.46,,,,,,,,,77.55,4/3,"국수영 중 2개, 탐(1)"
동양대,e스포츠학과,e스포츠학과,2.17,2.34,1.9,1.95,,,,,,,,-/-,"국수영 중 2개, 탐(1)"
동양대,IT융합경영학과,IT융합경영학과,2.01,2.12,,,,,,,,,,-/-,"국수영 중 2개, 탐(1)"
동양대,게임학부,게임학부,1.95,2.06,1.69,1.85,,,,,,,77.7,4/5,"국수영 중 2개, 탐(1)"
동양대,경찰범죄심리학과,경찰범죄심리학과,1.58,1.69,,,,,,,,,,-/-,"국수영 중 2개, 탐(1)"
동양대,공공인재학부,공공인재학부,2.06,2.17,2.01,2.23,2.12,2.17,,,,,76.75,4/4,"국수영 중 2개, 탐(1)"
동양대,군사학과,군사학과,2.12,2.28,,,,,,,,,,-/-,
동양대,디자인학부,디자인학부,1.69,1.8,,,,,,,,,,-/-,
동양대,디지털트윈소프트웨어학과,디지털트윈소프트웨어학과,2.34,2.58,,,,,,,,,76.65,4/3,"국수영 중 2개, 탐(1)"
동양대,보건행정학과,보건행정학과,1.85,1.9,,,,,,,,,,-/-,
동양대,생활체육학과,생활체육학과,2.12,2.51,,,,,,,,,,-/-,
동양대,스마트안전시스템학부,안전공학부,2.28,2.46,,,,,,,,,77.25,4/5,"국수영 중 2개, 탐(1)"
동양대,유아교육과,유아교육과,2.01,2.12,,,,,,,,,,-/-,
동양대,철도시스템공학과,철도시스템공학과,1.63,1.69,,,,,,,,,,-/-,"국수영 중 2개, 탐(1)"
동양대,AI빅데이터융합학과,AI빅데이터융합학과,2.34,2.46,,,,,,,,,,4/3,"국수영 중 2개, 탐(1)"
동양대,간호학과,간호학과,1.8,1.85,,,,,,,,,73.3,4/4,"국수영 중 2개, 탐(1)"
동양대,스마트기계공학과,기계시스템공학과,2.4,2.86,,,,,,,,,,-/-,
동양대,스마트건축공학과,스마트건축공학과,2.92,3.03,,,,,,,,,,-/-,
동양대,창의자율전공학부,창의자율전공학부,2.58,2.97,,,,,,,,,42.9,6/7,"국수영 중 2개, 탐(1)"
동양대,철도건설안전공학과,철도건설안전공학과,2.69,2.92,,,,,,,,,,-/-,
동양대,철도관제학과,철도관제학과,2.28,2.51,,,,,,,,,,-/-,"국수영 중 2개, 탐(1)"
동양대,철도운전제어학과,철도운전제어학과,1.63,1.8,,,,,,,,,,-/-,"국수영 중 2개, 탐(1)"
동양대,철도자율전공학부,철도자율전공학부,2.28,2.58,,,,,,,,,,-/-,
동양대,철도전기신호학과,철도전기신호학과,2.75,3.03,,,,,,,,,,-/-,"국수영 중 2개, 탐(1)"
동양대,철도차량학과,철도차량학과,2.4,2.75,,,,,,,,,,-/-,
동의대,K-뷰티학과,K-뷰티학과,2.12,2.25,,,,,3.46,3.72,,,,-/-,국수영탐(2)
동의대,간호학과,간호학과,1.45,1.49,,,,,2.24,2.6,,,69.33333333333333,3/5,국수영탐(2)
동의대,건축공학과,건축공학과,2.93,3.06,,,,,4.19,4.19,,,54,4/5,국수영탐(2)
동의대,건축학과(5년제),건축학과(5년제),2.35,2.55,,,,,3.54,3.54,,,,-/-,국수영탐(2)
동의대,경영정보학과,경영정보학과,2.93,3.02,,,,,3.35,3.35,,,,-/-,국수영탐(2)
동의대,경영학과,경영학과,2.25,2.4,,,,,3.72,4.06,,,53.5,3/3,국수영탐(2)
동의대,경찰행정학과,경찰행정학과,1.85,1.93,,,,,2.84,2.84,,,67.66666666666667,3/2,국수영탐(2)
동의대,광고홍보학과,광고홍보학과,2.35,2.45,,,,,3.72,3.72,,,,-/-,국수영탐(2)
동의대,국어국문학과,국어국문학과,2.55,2.78,,,,,3.63,3.63,,,52,3/1,국수영탐(2)
동의대,국제관광경영학과,국제관광경영학과,2.78,2.93,,,,,4.12,4.12,,,46.666666666666664,3/4,국수영탐(2)
동의대,금융경영학과,금융경영학과,2.73,2.93,,,,,3.71,3.71,,,,-/-,국수영탐(2)
동의대,기계공학과,기계공학과,2.55,2.69,,,,,3.82,3.82,,,51.833333333333336,4/3,국수영탐(2)
동의대,도시공학과,도시공학과,3.02,3.16,,,,,4.03,4.1,,,58.5,4/2,국수영탐(2)
동의대,디지털융합학과,디지털융합학과,3.3,3.3,,,,,,,,,,-/-,국수영탐(2)
동의대,디지털콘텐츠학과,디지털콘텐츠학과,2.49,2.59,,,,,3.7,3.7,,,56,5/4,국수영탐(2)
동의대,레저스포츠학과,레저스포츠학과,,,,,,,3.63,3.86,,,,-/-,
동의대,로봇공학과,로봇공학과,3.25,3.35,,,,,,,,,55.833333333333336,3/2,국수영탐(2)
동의대,무역학과,무역학과,2.88,2.97,,,,,3.28,3.74,,,51.5,3/4,국수영탐(2)
동의대,문헌정보학과,문헌정보학과,2.35,2.49,,,,,3.96,3.96,,,,-/-,국수영탐(2)
동의대,물리치료학과,물리치료학과,1.63,1.72,,,,,2.58,2.58,,,63.833333333333336,3/6,국수영탐(2)
동의대,미디어커뮤니케이션학과,미디어커뮤니케이션학과,2.06,2.16,,,,,3.64,3.83,,,,-/-,국수영탐(2)
동의대,미래모빌리티학과,미래모빌리티학과,2.49,4.57,,,,,,,,,,-/-,국수영탐(2)
동의대,바이오의약학과,바이오의약학과,2.59,2.78,,,,,3.67,3.67,,,60.833333333333336,5/5,국수영탐(2)
동의대,방사선학과,방사선학과,1.58,1.76,,,,,3.41,3.41,,,,-/-,국수영탐(2)
동의대,법학과,법학과,2.4,2.49,,,,,3.52,3.72,,,,-/-,국수영탐(2)
동의대,사회복지학과,사회복지학과,2.35,2.45,,,,,3.81,3.81,,,,-/-,국수영탐(2)
동의대,산업경영빅데이터공학과,산업경영빅데이터공학과,3.11,3.3,,,,,3.78,3.78,,,53.166666666666664,5/2,국수영탐(2)
동의대,소방방재행정학과,소방방재행정학과,2.03,2.12,,,,,3.47,3.47,,,,-/-,국수영탐(2)
동의대,소프트웨어융합대학,소프트웨어융합대학,2.93,3.25,,,,,4.44,4.44,,,49.5,3/5,국수영탐(2)
동의대,스마트항만물류학과,스마트항만물류학과,2.69,2.78,,,,,3.14,3.8,,,52.5,4/4,국수영탐(2)
동의대,스마트호스피탈리티학과,스마트호스피탈리티학과,4.06,4.06,,,,,,,,,,-/-,국수영탐(2)
동의대,식품공학과,식품공학과,2.55,2.69,,,,,4.06,4.06,,,47.5,4/5,국수영탐(2)
동의대,식품영양학과,식품영양학과,2.45,2.59,,,,,3.87,3.87,,,,-/-,국수영탐(2)
동의대,신소재공학과,신소재공학과,2.83,2.97,,,,,4.06,4.06,,,57.333333333333336,4/6,국수영탐(2)
동의대,심리학과,심리학과,2.25,2.45,,,,,3.52,3.52,,,,-/-,국수영탐(2)
동의대,아동학과,아동학과,2.97,3.2,,,,,4.07,4.07,,,42.333333333333336,4/3,국수영탐(2)
동의대,영어영문학과,영어영문학과,2.88,3.16,,,,,4.07,4.07,,,54,2/3,국수영탐(2)
동의대,영화학과,영화학과,2.35,2.55,,,,,2.89,3.98,,,,-/-,국수영탐(2)
동의대,외식경영학과,외식경영학과,2.83,2.93,,,,,2.78,2.92,,,40.666666666666664,3/7,국수영탐(2)
동의대,유아교육과,유아교육과,2.03,2.35,,,,,3.41,3.41,,,54.833333333333336,4/1,국수영탐(2)
동의대,유통물류학과,유통물류학과,2.97,3.16,,,,,4.07,4.07,,,,-/-,국수영탐(2)
동의대,응급구조학과,응급구조학과,2.06,2.16,,,,,3.98,3.98,,,50.166666666666664,4/4,국수영탐(2)
동의대,의료경영학과,의료경영학과,2.49,2.55,,,,,3.88,3.88,,,55,3/4,국수영탐(2)
동의대,의생명공학과,의생명공학과,2.69,2.83,,,,,4.01,4.01,,,49.666666666666664,2/4,국수영탐(2)
동의대,일본학과,일본학과,2.59,2.69,,,,,3.82,3.82,,,,-/-,국수영탐(2)
동의대,임상병리학과,임상병리학과,1.93,1.98,,,,,3.09,3.09,,,61.333333333333336,3/2,국수영탐(2)
동의대,자동차공학과,자동차공학과,2.78,2.83,,,,,3.23,4.2,,,58.333333333333336,3/3,국수영탐(2)
동의대,자유전공,자유전공,2.25,2.3,,,,,,,,,,-/-,국수영탐(2)
동의대,재무부동산학과,재무부동산학과,2.97,3.25,,,,,4.03,4.28,,,49.833333333333336,3/1,국수영탐(2)
동의대,전기공학과,전기공학과,2.55,2.64,,,,,3.74,3.74,,,,-/-,국수영탐(2)
동의대,전자공학과,전자공학과,2.55,2.88,,,,,2.61,2.75,,,54.833333333333336,3/4,국수영탐(2)
동의대,조선해양공학과,조선해양공학과,2.73,2.88,,,,,3,3.7,,,52.833333333333336,3/2,국수영탐(2)
동의대,중어중국학과,중어중국학과,2.83,3.16,,,,,3.37,4.42,,,47.666666666666664,3/2,국수영탐(2)
동의대,창업투자경영학과,창업투자경영학과,2.69,2.93,,,,,4.11,4.11,,,52,4/3,국수영탐(2)
동의대,첨단에너지공학과,첨단에너지공학과,3.72,3.97,,,,,3.11,4.75,,,55.666666666666664,4/4,국수영탐(2)
동의대,체육학과,체육학과,,,,,,,3.7,3.7,,,,-/-,
동의대,치위생학과,치위생학과,2.03,2.06,,,,,3.47,3.47,,,63.333333333333336,4/4,국수영탐(2)
동의대,토목공학과,토목공학과,2.93,3.11,,,,,4.06,4.06,,,53.666666666666664,4/1,국수영탐(2)
동의대,패션디자인학과,패션디자인학과,2.4,2.49,,,,,3.75,3.75,,,55,4/3,국수영탐(2)
동의대,평생교육상담학과,평생교육상담학과,2.64,3.25,,,,,3.91,3.91,,,51.833333333333336,4/4,국수영탐(2)
동의대,한의예과,한의예과,1,1,,,,,1.1,1.1,,,95.16666666666667,1/2,국수영탐(2)
동의대,한의예과,한의예과,1,1,,,,,1.1,1.1,,,96.33333333333333,1/2,국수영탐(2)
동의대,행정학과,행정학과,2.4,2.55,,,,,3.4,3.4,,,,-/-,국수영탐(2)
동의대,호텔・컨벤션경영학과,호텔・컨벤션경영학과,2.83,2.93,,,,,3.09,4.22,,,39.333333333333336,3/5,국수영탐(2)
동의대,화장품공학과,화장품공학과,2.64,2.78,,,,,4.33,4.33,,,46.833333333333336,3/4,국수영탐(2)
동의대,화학공학과,화학공학과,2.61,2.88,,,,,3.59,3.59,,,47.833333333333336,2/5,국수영탐(2)
동의대,환경공학과,환경공학과,2.78,2.97,,,,,3.59,3.59,,,52,4/5,국수영탐(2)
동의대,회계학과,회계학과,2.83,3.02,,,,,3.74,3.74,,,53.833333333333336,4/4,국수영탐(2)
루터대,휴먼케어디자인학부,휴먼케어디자인학부,2.79,3.54,,,,,3.64,3.9,,,50.142857142857146,3/-,국영탐(1)
명지대,정보통신공학전공,AI응용시스템전공,1.97,2.03,1.58,1.65,,,2.09,2.12,2.15,2.16,83.2,4/4,국수영탐(1)
명지대,컴퓨터공학전공,AI컴퓨터공학전공,1.57,1.63,1.61,1.71,,,1.92,2.04,2.1,2.18,83.2,4/4,국수영탐(1)
명지대,건설환경공학전공,건설환경공학전공,1.94,2.12,1.52,1.53,,,2.18,2.27,1.96,2.04,84.15,3/2,국수영탐(1)
명지대,건축대학,건축대학,,,,,,,2.01,2.06,,,87.3,4/1,국수영탐(1)
명지대,건축학부 건축학전공(5년제),건축학부 건축학전공(5년제),1.59,1.61,1.55,1.96,,,2.05,2.11,2.04,2.12,87.3,4/1,국수영탐(1)
명지대,건축학부 전통건축학전공(5년제),건축학부 전통건축학전공(5년제),1.72,1.74,1.54,1.61,,,2.09,2.27,2.07,2.46,87.3,4/1,국수영탐(1)
명지대,공간디자인학과,공간디자인학과,1.85,1.9,1.67,1.71,,,2.15,2.37,1.94,2.02,87.3,4/1,국수영탐(1)
명지대,기계시스템공학부,기계시스템공학부,1.63,1.67,1.56,1.68,,,2.05,2.19,1.99,2.03,84.15,3/2,국수영탐(1)
명지대,반도체・ICT대학,반도체・ICT대학,,,,,,,2.25,2.36,,,83.2,4/4,국수영탐(1)
명지대,반도체공학부,반도체공학부,1.72,1.78,1.49,1.55,,,1.99,2.04,2.06,2.25,83.2,4/4,국수영탐(1)
명지대,산업경영공학과,산업경영공학과,1.63,1.67,1.65,1.72,,,2.18,2.35,2.06,2.09,83.2,4/4,국수영탐(1)
명지대,스마트모빌리티공학전공,스마트모빌리티공학전공,1.72,1.74,1.63,1.67,,,2.18,2.64,2.25,2.26,84.15,3/2,국수영탐(1)
명지대,스마트시스템공과대학,스마트시스템공과대학,,,,,,,2.08,2.21,,,84.15,3/2,국수영탐(1)
명지대,시스템생명과학전공,시스템생명과학전공,1.31,1.42,1.65,1.76,,,1.73,1.77,1.93,2.26,83.15,3/5,국수영탐(1)
명지대,식품영양학전공,식품영양학전공,1.64,1.7,1.47,1.57,,,2.04,2.1,1.75,2.18,83.15,3/5,국수영탐(1)
명지대,신소재공학전공,신소재공학전공,1.49,1.89,1.6,1.76,,,1.87,1.89,2.06,2.09,84.15,3/2,국수영탐(1)
명지대,융합에너지학전공,융합에너지학전공,1.8,1.85,1.52,1.54,,,2.1,2.22,1.8,2.25,83.15,3/5,국수영탐(1)
명지대,자율전공학부(자연),자율전공학부(자연),1.42,1.46,,,,,1.84,1.88,2.21,2.4,84.1,4/3,국수영탐(1)
명지대,전기전자공학부,전기전자공학부,1.69,1.74,1.4,1.41,,,1.95,1.99,2.08,2.17,83.2,4/4,국수영탐(1)
명지대,정보통신공학전공,정보통신공학전공,1.97,2.03,1.58,1.65,,,2.09,2.12,2.15,2.16,83.2,4/4,국수영탐(1)
명지대,컴퓨터공학전공,컴퓨터공학전공,1.57,1.63,1.61,1.71,,,1.92,2.04,2.1,2.18,83.2,4/4,국수영탐(1)
명지대,화학・생명과학대학,화학・생명과학대학,,,,,,,2.09,2.1,,,83.15,3/5,국수영탐(1)
명지대,화학공학전공,화학공학전공,1.38,1.45,1.5,1.82,,,1.89,1.96,1.87,1.92,84.15,3/2,국수영탐(1)
명지대,화학나노학전공,화학나노학전공,1.66,1.71,1.54,1.68,,,1.93,2.06,1.83,1.88,83.15,3/5,국수영탐(1)
명지대,환경시스템공학전공,환경시스템공학전공,1.52,1.91,1.67,1.76,,,1.96,2,1.93,2.03,84.15,3/2,국수영탐(1)
명지대,경영정보학과,AI경영정보학과,1.68,1.76,1.46,1.47,,,2.21,2.3,2.01,2.16,87.2,3/1,국수영탐(1)
명지대,경영대학,경영대학,,,,,,,2.08,2.08,,,87.2,3/1,국수영탐(1)
명지대,경영학전공,경영학전공,1.67,1.72,1.44,1.51,,,1.85,1.96,2.08,2.13,87.2,3/1,국수영탐(1)
명지대,경제학전공,경제학전공,1.35,1.58,1.77,1.8,,,1.84,1.86,1.93,2.04,85.3,3/3,국수영탐(1)
명지대,국어국문학전공,국어국문학전공,1.67,1.69,1.44,1.52,,,1.92,2.17,1.83,2.17,84.6,2/4,국수영탐(1)
명지대,국제통상학전공,국제통상학전공,1.78,1.84,1.49,1.52,,,2.04,2.05,1.86,1.99,85.3,3/3,국수영탐(1)
명지대,데이터사이언스전공,데이터사이언스전공,1.52,1.59,1.9,1.97,,,2.05,2.15,1.9,1.91,87.25,3/3,국수영탐(1)
명지대,디지털미디어학부,디지털미디어학부,1.71,1.73,1.35,1.35,,,1.81,2.04,1.64,1.96,85.25,3/4,국수영탐(1)
명지대,디지털콘텐츠디자인학과,디지털콘텐츠디자인학과,1.31,1.54,,,,,2.23,2.37,1.86,1.99,,-/-,"수탐(1) 중 1개, 국영"
명지대,문예창작학과,문예창작학과,,,,,,,2.2,2.58,,,,-/-,"수탐(1) 중 1개, 국영"
명지대,문헌정보학전공,문헌정보학전공,1.64,1.7,1.49,1.97,,,2.01,2.1,1.84,1.94,84.6,2/4,국수영탐(1)
명지대,미디어・휴먼라이프대학,미디어・휴먼라이프대학,,,,,,,1.96,1.98,,,85.25,3/4,국수영탐(1)
명지대,미술사・역사학전공,미술사・역사학전공,1.78,1.84,1.57,1.59,,,1.91,2.05,1.96,2.27,84.6,2/4,국수영탐(1)
명지대,법학과,법학과,1.74,1.76,1.48,1.49,,,2.06,2.4,1.89,1.99,85.3,3/3,국수영탐(1)
명지대,사회과학대학,사회과학대학,,,,,,,1.93,2.08,,,85.3,3/3,국수영탐(1)
명지대,아동학전공,아동학전공,1.84,1.85,1.58,1.62,,,2.28,2.29,2.01,2.11,85.25,3/4,국수영탐(1)
명지대,아랍지역학전공,아랍지역학전공,1.76,1.87,1.64,1.65,,,3,3.43,2.09,2.24,84.6,2/4,국수영탐(1)
명지대,영어영문학전공,영어영문학전공,1.72,1.72,1.46,1.55,,,2.21,2.35,1.91,2.55,84.6,2/4,국수영탐(1)
명지대,응용소프트웨어전공,응용소프트웨어전공,1.84,1.84,1.5,1.75,,,2.1,2.21,2.19,2.27,87.25,3/3,국수영탐(1)
명지대,응용통계학전공,응용통계학전공,1.7,1.73,1.72,1.72,,,2.08,2.09,1.81,1.86,85.3,3/3,국수영탐(1)
명지대,인공지능・소프트웨어융합대학,인공지능・소프트웨어융합대학,,,,,,,2.25,2.29,,,87.25,3/3,국수영탐(1)
명지대,인공지능전공,인공지능전공,1.65,1.68,1.81,1.87,,,2.06,2.08,1.93,2.03,87.25,3/3,국수영탐(1)
명지대,인문대학,인문대학,,,,,,,2.31,2.86,,,84.6,2/4,국수영탐(1)
명지대,일어일문학전공,일어일문학전공,1.79,1.84,1.51,1.54,,,2.53,3.05,1.95,2.04,84.6,2/4,국수영탐(1)
명지대,자율전공학부(인문),자율전공학부(인문),1.49,1.54,,,,,1.85,1.91,2.28,2.36,85.75,3/3,국수영탐(1)
명지대,정치외교학전공,정치외교학전공,1.68,1.72,1.52,1.6,,,2.13,2.61,1.92,1.94,85.3,3/3,국수영탐(1)
명지대,중어중문학전공,중어중문학전공,1.85,1.85,1.52,1.54,,,2.8,3.16,2.89,3.23,84.6,2/4,국수영탐(1)
명지대,청소년지도학전공,청소년지도학전공,1.87,1.87,1.58,1.72,,,2.21,2.56,1.91,2.24,85.25,3/4,국수영탐(1)
명지대,행정학전공,행정학전공,1.68,1.75,1.77,1.91,,,1.98,2.13,1.9,1.95,85.3,3/3,국수영탐(1)
목원대,AI응용학과,AI응용학과,2.62,3.05,,,,,,,,,87.2,3/3,국수영탐탐한 중 2개
목원대,건축학부,건축학부,2.25,2.4,,,,,,,,,75.4,5/2,국수영탐탐한 중 2개
목원대,게임소프트웨어공학과,게임소프트웨어공학과,1.98,2.48,,,,,,,,,73,4/1,국수영탐탐한 중 2개
목원대,게임콘텐츠학과,게임콘텐츠학과,1.15,1.25,,,,,,,,,,-/-,
목원대,경영학부,경영학부,2.48,2.62,,,,,2.97,2.4,,,74.6,5/1,국수영탐탐한 중 2개
목원대,경찰법학과,경찰법학과,2.33,2.48,,,,,,,,,68.4,3/1,국수영탐탐한 중 2개
목원대,경찰행정학부,경찰행정학부,2.05,2.12,,,,,,,,,69.8,4/1,국수영탐탐한 중 2개
목원대,공연콘텐츠학부,공연콘텐츠학부,1.78,1.98,,,,,,,,,,-/-,
목원대,광고홍보커뮤니케이션학부,광고홍보커뮤니케이션학부,2.12,2.19,,,,,2.97,2.97,,,69.2,3/1,국수영탐탐한 중 2개
목원대,국어교육과,국어교육과,1.51,1.58,,,,,,,,,85.4,3/1,국수영탐탐한 중 2개
목원대,국어교육과,국어교육과,1.51,1.58,,,,,,,,,85.4,3/1,국수영탐탐한 중 2개
목원대,금융경제학과,금융경제학과,2.76,2.97,,,,,,,,,63.6,5/1,국수영탐탐한 중 2개
목원대,도시공학과,도시공학과,2.48,2.76,,,,,,,,,74,3/2,국수영탐탐한 중 2개
목원대,도자디자인학과,도자디자인학과,1.38,1.45,,,,,,,,,,-/-,
목원대,마케팅빅데이터학과,마케팅빅데이터학과,2.62,2.83,,,,,,,,,74.6,4/2,국수영탐탐한 중 2개
목원대,미술교육과,미술교육과,1.06,1.1,,,,,,,,,,-/-,국수영탐탐한 중 2개
목원대,미술학부,미술학부,1.72,1.72,,,,,,,,,,-/-,
목원대,보건의료행정학과,보건의료행정학과,2.19,2.25,,,,,,,,,62.6,4/2,국수영탐탐한 중 2개
목원대,부동산금융보험학과,부동산금융보험학과,2.76,3.19,,,,,,,,,73.4,4/2,국수영탐탐한 중 2개
목원대,사회복지상담학부,사회복지상담학부,2.25,2.33,,,,,2.4,2.4,,,58.8,5/1,국수영탐탐한 중 2개
목원대,산업디자인학과,산업디자인학과,1.45,1.58,,,,,,,,,,-/-,
목원대,생물산업학부,생물산업학부,2.4,2.69,,,,,,,,,63,4/3,국수영탐탐한 중 2개
목원대,섬유・패션디자인학과,섬유・패션디자인학과,1.38,1.45,,,,,,,,,,-/-,
목원대,소방방재학과,소방방재학과,2.25,2.4,,,,,,,,,75.4,5/2,국수영탐탐한 중 2개
목원대,수학교육과,수학교육과,1.65,1.78,,,,,,,,,,-/-,국수영탐탐한 중 2개
목원대,수학교육과,수학교육과,1.65,1.78,,,,,,,,,,-/-,국수영탐탐한 중 2개
목원대,스포츠건강관리학과,스포츠건강관리학과,1.98,2.05,,,,,,,,,,-/-,국수영탐탐한 중 2개
목원대,시각디자인학과,시각디자인학과,1.15,1.15,,,,,,,,,,-/-,
목원대,식품제약학부,식품제약학부,2.33,2.48,,,,,,,,,74.4,2/1,국수영탐탐한 중 2개
목원대,신학과,신학과,2.33,2.48,,,,,,,,,58,3/4,국수영탐탐한 중 2개
목원대,애니메이션학과,애니메이션학과,1.06,1.06,,,,,,,,,,-/-,
목원대,역사학과,역사학과,1.78,1.78,,,,,1.85,1.85,,,,-/-,국수영탐탐한 중 2개
목원대,연극영화영상학부,연극영화영상학부,1.78,1.85,,,,,,,,,,-/-,
목원대,연극영화영상학부,연극영화영상학부,1.78,1.85,,,,,,,,,,-/-,
목원대,영어교육과,영어교육과,1.72,1.85,,,,,,,,,74,3/1,국수영탐탐한 중 2개
목원대,영어학과,영어학과,2.25,2.48,,,,,,,,,63.4,4/1,국수영탐탐한 중 2개
목원대,외식조리・제과제빵학과,외식조리・제과제빵학과,1.78,1.85,,,,,,,,,,-/-,국수영탐탐한 중 2개
목원대,웹툰학과,웹툰학과,1.19,1.25,,,,,,,,,,-/-,
목원대,유아교육과,유아교육과,1.98,2.12,1.65,1.72,,,,,,,,-/-,국수영탐탐한 중 2개
목원대,음악교육과,음악교육과,1.15,1.15,,,,,,,,,,-/-,
목원대,응급구조학과,응급구조학과,1.92,1.92,,,,,,,,,73.6,3/1,국수영탐탐한 중 2개
목원대,일본어・중국어문화학과,일본어・중국어문화학과,1.98,2.12,,,,,,,,,,-/-,국수영탐탐한 중 2개
목원대,입체조형학부,입체조형학부,1.58,1.65,,,,,,,,,,-/-,
목원대,자율전공학부,자율전공학부,2.25,2.33,,,,,,,,,73.6,5/1,국수영탐탐한 중 2개
목원대,전기전자공학과,전기전자공학과,2.25,2.33,,,,,,,,,,-/-,국수영탐탐한 중 2개
목원대,창의예술자율전공학부,창의예술자율전공학부,1.25,1.25,,,,,,,,,,-/-,
목원대,컴퓨터융합학부,컴퓨터융합학부,2.76,2.83,,,,,,,,,62.6,4/2,국수영탐탐한 중 2개
목원대,항공호텔관광경영학과,항공호텔관광경영학과,2.48,2.55,,,,,,,,,67,4/1,국수영탐탐한 중 2개
목원대,화장품학과,화장품학과,2.05,2.19,,,,,,,,,,-/-,국수영탐탐한 중 2개
목포가톨릭대,간호학과,간호학과,2.48,2.6,,,,,,,,,73.6,3/3,"국수 중 1개, 영탐(1)"
목포가톨릭대,사회복지학과,사회복지학과,3.71,4.21,,,,,,,,,,-/-,"국수 중 1개, 영탐(1)"
목포가톨릭대,유아교육과,유아교육과,,,,,,,,,,,,-/-,"국수 중 1개, 영탐(1)"
배재대,소프트웨어공학부(게임공학),소프트웨어공학부(게임공학),,,,,,,,,,,,-/-,국수영탐(1) 중 2개
배재대,소프트웨어공학부(소프트웨어학),소프트웨어공학부(소프트웨어학),,,,,,,,,,,,-/-,국수영탐(1) 중 2개
배재대,소프트웨어공학부(정보보안학),소프트웨어공학부(정보보안학),,,,,,,,,,,,-/-,국수영탐(1) 중 2개
배재대,소프트웨어공학부(컴퓨터공학),소프트웨어공학부(컴퓨터공학),,,,,,,,,,,,-/-,국수영탐(1) 중 2개
배재대,IT경영정보학과,IT경영정보학과,,,,,,,,,,,,-/-,
배재대,간호학과,간호학과,,,,,,,,,,,,-/-,국수영탐(1) 중 2개
배재대,건축학과(5년제),건축학과(5년제),,,,,,,,,,,,-/-,국수영탐(1) 중 2개
배재대,경영학과,경영학과,,,,,,,,,,,,-/-,국수영탐(1) 중 2개
배재대,경찰법학부,경찰법학부,,,,,,,,,,,,-/-,국수영탐(1) 중 2개
배재대,공연예술학과 영화영상(연기),공연예술학과 영화영상(연기),,,,,,,,,,,,-/-,
배재대,공연예술학과 영화영상(연출 및 스텝),공연예술학과 영화영상(연출 및 스텝),,,,,,,,,,,,-/-,
배재대,관광경영학과,관광경영학과,,,,,,,,,,,,-/-,국수영탐(1) 중 2개
배재대,광고사진영상학과,광고사진영상학과,,,,,,,,,,,,-/-,
배재대,국어국문한국어교육학과,국어국문한국어교육학과,,,,,,,,,,,,-/-,
배재대,글로벌비즈니스학과,글로벌비즈니스학과,,,,,,,,,,,,-/-,국수영탐(1) 중 2개
배재대,디자인학부(산업디자인),디자인학부(산업디자인),,,,,,,,,,,,-/-,국수영탐(1) 중 2개
배재대,디자인학부(커뮤니케이션디자인),디자인학부(커뮤니케이션디자인),,,,,,,,,,,,-/-,국수영탐(1) 중 2개
배재대,레저스포츠학부(스포츠마케팅),레저스포츠학부(스포츠마케팅),,,,,,,,,,,,-/-,
배재대,레저스포츠학부(스포츠지도・건강재활),레저스포츠학부(스포츠지도・건강재활),,,,,,,,,,,,-/-,
배재대,미디어콘텐츠학과,미디어콘텐츠학과,,,,,,,,,,,,-/-,
배재대,보건의료복지학과,보건의료복지학과,,,,,,,,,,,,-/-,국수영탐(1) 중 2개
배재대,뷰티케어학과,뷰티케어학과,,,,,,,,,,,,-/-,
배재대,생명공학과,생명공학과,,,,,,,,,,,,-/-,국수영탐(1) 중 2개
배재대,스마트배터리학과,스마트배터리학과,,,,,,,,,,,,-/-,국수영탐(1) 중 2개
배재대,식품영양학과,식품영양학과,,,,,,,,,,,,-/-,국수영탐(1) 중 2개
배재대,실내건축학과,실내건축학과,,,,,,,,,,,,-/-,국수영탐(1) 중 2개
배재대,심리상담학과,심리상담학과,,,,,,,,,,,,-/-,국수영탐(1) 중 2개
배재대,아트앤웹툰학부(게임애니메이션),아트앤웹툰학부(게임애니메이션),,,,,,,,,,,,-/-,국수영탐(1) 중 2개
배재대,외식조리학과,외식조리학과,,,,,,,,,,,,-/-,국수영탐(1) 중 2개
배재대,원예산림학과,원예산림학과,,,,,,,,,,,,-/-,국수영탐(1) 중 2개
배재대,유아교육과,유아교육과,,,,,,,,,,,,-/-,국수영탐(1) 중 2개
배재대,의류패션학과,의류패션학과,,,,,,,,,,,,-/-,국수영탐(1) 중 2개
배재대,일본학과,일본학과,,,,,,,,,,,,-/-,
배재대,자율전공학부,자율전공학부,,,,,,,,,,,,-/-,국수영탐(1) 중 2개
배재대,전기전자공학과,전기공학과,,,,,,,,,,,,-/-,국수영탐(1) 중 2개
배재대,전기전자공학과,전기전자공학과,,,,,,,,,,,,-/-,국수영탐(1) 중 2개
배재대,조경학과,조경학과,,,,,,,,,,,,-/-,국수영탐(1) 중 2개
배재대,철도건설공학과,철도건설공학과,,,,,,,,,,,,-/-,국수영탐(1) 중 2개
배재대,드론로봇공학,피지컬AI공학부(드론로봇공학),,,,,,,,,,,,-/-,국수영탐(1) 중 2개
배재대,항공서비스학과,항공서비스학과,,,,,,,,,,,,-/-,국수영탐(1) 중 2개
배재대,행정학과,행정학과,,,,,,,,,,,,-/-,국수영탐(1) 중 2개
배재대,호텔항공경영학과,호텔항공경영학과,,,,,,,,,,,,-/-,국수영탐(1) 중 2개
백석대,첨단IT학부,AI 컴퓨터공학부,3.04,3.14,3.93,4,,,3.42,3.58,,,76.4,3/-,"국수영 중 2개, 탐(1)"
백석대,컴퓨터공학부,AI 컴퓨터공학부,2.89,3.04,3.24,3.37,,,3.19,3.47,,,76,4/-,"국수영 중 2개, 탐(1)"
백석대,간호학과,간호학과,1,1.03,1.85,1.91,,,1.92,1.95,,,84.8,3/-,"국수영 중 2개, 탐(1)"
백석대,경상학부,경상학부,2.46,2.59,3.11,3.29,,,2.8,3.09,,,77.8,3/-,"국수영 중 2개, 탐(1)"
백석대,경찰학부,경찰학부,1.96,2.07,2.55,2.8,,,2.59,2.69,,,80,3/-,"국수영 중 2개, 탐(1)"
백석대,관광학부,관광학부,2.7,2.77,3.19,3.33,,,3.01,3.33,,,76.8,4/-,"국수영 중 2개, 탐(1)"
백석대,관광학부 글로벌호텔비즈니스전공,관광학부,2.74,2.85,3.16,3.16,,,3.33,3.33,,,77.8,3/-,"국수영 중 2개, 탐(1)"
백석대,관광학부 항공서비스전공,관광학부,2.75,2.93,,,,,,,,,79.6,3/-,"국수영 중 2개, 탐(1)"
백석대,기독교학부,기독교학부,3.24,3.55,3.1,3.34,,,3.7,3.88,,,73,3/-,"국수영 중 2개, 탐(1)"
백석대,물리치료학과,물리치료학과,1.92,2.1,1,1,,,2.25,2.3,,,85.4,2/-,"국수영 중 2개, 탐(1)"
백석대,사회복지학부,사회복지학부,2.58,2.68,3.06,3.2,,,2.97,3.16,,,75.6,4/-,"국수영 중 2개, 탐(1)"
백석대,스포츠과학부,스포츠과학부,,,,,,,2.81,2.85,,,,-/-,
백석대,안경광학과,안경광학과,2.66,2.73,3.09,3.09,,,2.83,2.83,,,77.4,3/-,"국수영 중 2개, 탐(1)"
백석대,어문학부,어문학부,2.49,2.64,3.1,3.24,,,2.95,3.19,,,66.4,4/-,"국수영 중 2개, 탐(1)"
백석대,외식산업학부,외식산업학부,2.6,2.83,2.97,3.11,,,3.03,3.03,,,75,4/-,"국수영 중 2개, 탐(1)"
백석대,유아교육과,유아교육과,2.28,2.44,2.69,2.76,,,2.78,2.9,,,77,3/-,"국수영 중 2개, 탐(1)"
백석대,유아특수교육과,유아특수교육과,2.87,2.95,3.37,3.43,,,3.28,3.31,,,77.2,4/-,"국수영 중 2개, 탐(1)"
백석대,응급구조학과,응급구조학과,1.91,2.01,2.61,2.65,,,2.78,2.79,,,75.6,3/-,"국수영 중 2개, 탐(1)"
백석대,자유전공학부,자유전공학부,2.6,2.69,,,,,,,,,77.4,3/-,"국수영 중 2개, 탐(1)"
백석대,작업치료학과,작업치료학과,2.44,2.5,2.73,2.79,,,2.8,3.06,,,76,3/-,"국수영 중 2개, 탐(1)"
백석대,치위생학과,치위생학과,2.01,2.12,2.53,2.55,,,2.7,2.79,,,78.2,3/-,"국수영 중 2개, 탐(1)"
백석대,특수교육과,특수교육과,2.27,2.58,2.69,2.83,,,2.8,3.06,,,76.4,4/-,"국수영 중 2개, 탐(1)"
백석대,특수체육교육과,특수체육교육과,,,,,,,2.36,2.45,,,73.6,3/-,"국수영 중 2개, 탐(1)"
부산가톨릭대,간호학과,간호학과,1.27,1.27,,,,,2.15,2.15,2.13,2.13,76.33333333333333,2/1,국수영탐(2)
부산가톨릭대,물리치료학과,물리치료학과,1.45,1.45,,,,,2.28,2.28,2.75,2.75,67.5,3/2,국수영탐(2)
부산가톨릭대,방사선학과,방사선학과,1.49,1.49,,,,,2.58,2.58,2.76,2.76,,-/-,국수영탐(2)
부산가톨릭대,병원경영학과,병원경영학과,2.4,2.4,,,,,3.9,3.9,,,56,5/5,국수영탐(2)
부산가톨릭대,사회복지학과,사회복지학과,2.4,2.4,,,,,3.83,3.83,,,48.166666666666664,3/4,국수영탐(2)
부산가톨릭대,산업안전보건학과,산업안전보건학과,2.64,2.64,,,,,3.24,3.24,,,53.666666666666664,4/4,국수영탐(2)
부산가톨릭대,상담심리학과,상담심리학과,2.25,2.25,,,,,3.89,3.89,,,58.333333333333336,5/5,국수영탐(2)
부산가톨릭대,소방방재학과,소방방재학과,2.45,2.45,,,,,3.8,3.8,,,51.333333333333336,3/6,국수영탐(2)
부산가톨릭대,언어청각치료학과,언어청각치료학과,2.16,2.16,,,,,3.56,3.56,,,56.5,4/3,국수영탐(2)
부산가톨릭대,유통마케팅학과,유통마케팅학과,2.69,2.69,,,,,4.14,4.14,3.98,3.98,48.166666666666664,4/5,국수영탐(2)
부산가톨릭대,임상병리학과,임상병리학과,1.58,1.58,,,,,2.64,2.64,2.58,2.58,,-/-,국수영탐(2)
부산가톨릭대,자율전공학부,자율전공학부,2.12,2.12,,,,,,,,,,-/-,국수영탐(2)
부산가톨릭대,치기공학과,치기공학과,1.85,1.85,,,,,3.14,3.14,3.42,3.42,,-/-,국수영탐(2)
부산가톨릭대,컴퓨터정보공학과,컴퓨터정보공학과,2.83,2.83,,,,,3.96,3.96,,,49.666666666666664,4/3,국수영탐(2)
부산교대,초등교육학부,초등교육학부,,,,,,,1.76,1.84,,,80,2/-,국수영탐(2)
부산대,IT응용공학과,IT응용공학과,2.17,2.25,,,,,2.15,2.15,,,79.75,4/1,국수영탐(2)
부산대,간호학과,간호학과,1.48,1.49,,,,,,,,,78.5625,2/4,국수영탐(2)
부산대,의생명융합공학부,데이터사이언스학부,1.96,2.15,,,,,1.65,1.76,,,74.875,4/1,국수영탐(2)
부산대,의생명융합공학부,바이모메디컬공학과,1.96,2.15,,,,,1.65,1.76,,,74.875,4/1,국수영탐(2)
부산대,의생명융합공학부,바이오메티컬공학과,1.96,2.15,,,,,1.65,1.76,,,74.875,4/1,국수영탐(2)
부산대,바이오산업기계공학과,바이오산업기계공학과,2.29,2.34,,,,,,,,,64.375,4/3,국수영탐(2)
부산대,바이오소재과학과,바이오소재과학과,,,,,,,2.28,2.36,,,66.25,3/4,국수영탐(2)
부산대,바이오환경에너지학과,바이오환경에너지학과,2.38,2.5,,,,,2.23,2.28,,,76.375,4/4,국수영탐(2)
부산대,생명환경화학과,생명환경화학과,,,,,,,,,,,61,3/3,국수영탐(2)
부산대,식품공학과,식품공학과,2.25,2.29,,,,,2.29,2.31,,,66.375,3/1,국수영탐(2)
부산대,식품자원경제학과,식품자원경제학과,2.05,2.07,,,,,2.04,2.04,,,75.9375,3/1,국수영탐(2)
부산대,원예생명과학과,원예생명과학과,2.67,2.67,,,,,2.44,2.55,,,69.5625,4/3,국수영탐(2)
부산대,응용생명융합학부,응용생명융합학부,,,,,,,1.93,2.03,,,74.5,4/3,국수영탐(2)
부산대,의예과,의예과,1,1,,,,,,,,,97.9375,2/1,국수영탐(2)
부산대,조경학과,조경학과,2.39,2.48,,,,,2.45,2.58,,,77.4375,3/2,국수영탐(2)
부산대,치의예과,치의예과,,,,,,,,,,,97.75,3/3,국수영탐(2)
부산대,첨단IT자율전공,AI컴퓨터공학부(AI컴퓨팅자율전공),1.83,1.89,,,,,,,,,81,3/4,국수영탐(2)
부산대,정보컴퓨터공학부(인공지능전공),AI컴퓨터공학부(인공지능전공),1.56,1.6,,,,,3.51,3.8,,,76.5,3/2,국수영탐(2)
부산대,정보컴퓨터공학부(디자인테크놀로지전공),AI컴퓨터공학부(인터랙티브컴퓨팅전공),1.67,1.74,,,,,,,,,84.125,4/1,국수영탐(2)
부산대,정보컴퓨터공학부(컴퓨터공학전공),AI컴퓨터공학부(컴퓨터공학전공),1.53,1.64,,,,,1.58,1.59,,,77.9375,2/1,국수영탐(2)
부산대,첨단IT자율전공,X-모빌리티융합학부,1.83,1.89,,,,,,,,,81,3/4,국수영탐(2)
부산대,첨단모빌리티자율전공,X-모빌리티융합학부,1.74,1.76,,,,,,,,,84.25,3/1,국수영탐(2)
부산대,건축공학과,건축공학과,1.86,1.89,,,,,1.74,1.81,,,76.625,3/2,국수영탐(2)
부산대,건축학과,건축학과,1.68,1.73,,,,,1.64,1.65,,,80.6875,3/2,국수영탐(2)
부산대,경영학과,경영학과,1.52,1.61,,,,,1.42,1.51,,,84.84375,2/1,국수영탐(2)
부산대,경제학부,경제학부,1.62,1.68,,,,,1.59,1.6,,,84.84375,4/4,국수영탐(2)
부산대,고고학과,고고학과,2.02,2.06,,,,,2.12,2.21,,,80.28125,4/3,국수영탐(2)
부산대,고분자공학과,고분자공학과,1.81,1.91,,,,,1.63,1.78,,,72.5625,3/4,국수영탐(2)
부산대,공공정책학부,공공정책학부,1.51,1.55,,,,,1.49,1.5,,,85.625,3/2,국수영탐(2)
부산대,관광컨벤션학과,관광컨벤션학과,2.18,2.23,,,,,1.79,1.79,,,81.65625,3/1,국수영탐(2)
부산대,교육학과,교육학과,1.63,1.63,,,,,1.5,1.63,,,83.0625,2/3,국수영탐(2)
부산대,국어교육과,국어교육과,1.54,1.57,,,,,1.5,1.54,,,84.3125,3/3,국수영탐(2)
부산대,국어국문학과,국어국문학과,1.92,1.97,,,,,1.83,1.83,,,81.6875,4/1,국수영탐(2)
부산대,국제학부,국제학부,1.67,1.74,,,,,1.8,1.86,,,84.4375,3/1,국수영탐(2)
부산대,기계공학부,기계공학부,1.47,1.55,,,,,1.55,1.58,,,85.5,2/1,국수영탐(2)
부산대,노어노문학과,노어노문학과,2.07,2.22,,,,,,,,,78.84375,3/1,국수영탐(2)
부산대,대기환경과학과,대기환경과학과,1.86,1.88,,,,,1.6,1.9,,,75.375,2/1,국수영탐(2)
부산대,도시공학과,도시공학과,1.69,1.75,,,,,1.73,1.89,,,82.3125,3/3,국수영탐(2)
부산대,독어독문학과,독어독문학과,2.31,2.36,,,,,2.33,2.51,,,79.125,2/1,국수영탐(2)
부산대,무역학부,무역학부,1.69,1.72,,,,,1.5,1.65,,,84.375,3/3,국수영탐(2)
부산대,문헌정보학과,문헌정보학과,1.68,1.75,,,,,1.83,1.83,,,81,3/6,국수영탐(2)
부산대,물리교육과,물리교육과,2.04,2.21,,,,,,,,,69.1875,2/3,국수영탐(2)
부산대,물리학과,물리학과,2.02,2.08,,,,,1.74,1.81,,,77.9375,2/3,국수영탐(2)
부산대,미디어커뮤니케이션학과,미디어커뮤니케이션학과,1.52,1.57,,,,,,,,,83.375,2/4,국수영탐(2)
부산대,미래도시건축환경융합전공,미래도시건축환경융합전공,1.97,2.06,,,,,,,,,85.0625,3/6,국수영탐(2)
부산대,미생물학과,미생물학과,1.69,1.74,,,,,1.56,1.6,,,77.0625,3/1,국수영탐(2)
부산대,분자생물학과,분자생물학과,1.56,1.67,,,,,1.52,1.62,,,78.75,1/5,국수영탐(2)
부산대,불어불문학과,불어불문학과,1.94,1.98,,,,,,,,,79.3125,3/5,국수영탐(2)
부산대,사학과,사학과,1.8,1.85,,,,,1.78,1.84,,,78.46875,2/3,국수영탐(2)
부산대,사회기반시스템공학과,사회기반시스템공학과,2,2.05,,,,,1.89,1.89,,,76.125,2/2,국수영탐(2)
부산대,사회복지학과,사회복지학과,1.88,1.93,,,,,,,,,81,2/1,국수영탐(2)
부산대,사회학과,사회학과,1.65,1.8,,,,,1.75,1.85,,,82.28125,2/4,국수영탐(2)
부산대,산업공학과,산업공학부,1.51,1.58,,,,,1.61,1.69,,,84.6875,2/3,국수영탐(2)
부산대,생명과학과,생명과학과,1.54,1.92,,,,,1.31,1.48,,,82,3/3,국수영탐(2)
부산대,생물교육과,생물교육과,1.77,1.84,,,,,1.38,1.41,,,79.25,3/3,국수영탐(2)
부산대,수학과,수학과,1.95,2.01,,,,,1.59,1.6,,,77.375,4/4,국수영탐(2)
부산대,수학교육과,수학교육과,1.37,1.47,,,,,1.49,1.52,,,82.125,3/1,국수영탐(2)
부산대,스포츠과학과,스포츠과학과,2.24,2.29,,,,,,,,,85.25,4/6,국영탐(2)
부산대,식품영양학과,식품영양학과,1.71,1.92,,,,,1.57,1.75,,,75.9375,3/1,국수영탐(2)
부산대,실내환경디자인학과,실내환경디자인학과,1.99,2.2,,,,,2.13,2.14,,,80.96875,3/3,국수영탐(2)
부산대,심리학과,심리학과,1.82,1.86,,,,,,,,,82.90625,2/3,국수영탐(2)
부산대,아동가족학과,아동가족학과,2.04,2.27,,,,,1.63,1.67,,,80.6875,3/5,국수영탐(2)
부산대,언어정보학과,언어정보학과,1.83,1.91,,,,,1.76,1.84,,,79.3125,2/2,국수영탐(2)
부산대,역사교육과,역사교육과,1.75,1.79,,,,,1.57,1.57,,,84.46875,3/1,국수영탐(2)
부산대,영어교육과,영어교육과,1.44,1.57,,,,,1.63,1.66,,,81.875,2/1,국수영탐(2)
부산대,영어영문학과,영어영문학과,1.8,1.85,,,,,1.75,1.88,,,81.84375,3/2,국수영탐(2)
부산대,예술문화영상학과,예술문화영상학과,1.67,1.67,,,,,1.64,1.68,,,82.4375,1/1,국수영탐(2)
부산대,유기소재시스템공학과,유기소재시스템공학과,1.72,1.85,,,,,1.72,1.8,,,80.75,3/5,국수영탐(2)
부산대,유아교육과,유아교육과,,,,,,,2.07,2.14,,,77.71875,2/2,국수영탐(2)
부산대,윤리교육과,윤리교육과,1.61,1.63,,,,,,,,,82.8125,3/3,국수영탐(2)
부산대,의류학과,의류학과,1.99,2.01,,,,,2.2,2.21,,,80.90625,4/4,국수영탐(2)
부산대,일반사회교육과,일반사회교육과,1.53,1.53,,,,,,,,,84,2/4,국수영탐(2)
부산대,일어일문학과,일어일문학과,1.87,1.87,,,,,1.87,1.9,,,81.46875,3/2,국수영탐(2)
부산대,자유전공학부,자유전공학부,,,,,,,1.49,1.56,,,85.75,2/3,국수영탐(2)
부산대,재료공학부,재료공학부,1.47,1.57,,,,,1.52,1.59,,,78.5625,1/2,국수영탐(2)
부산대,전기전자공학부(반도체공학전공),전기전자공학부(반도체공학전공),1.4,1.45,,,,,1.46,1.49,,,85.25,2/1,국수영탐(2)
부산대,전기전자공학부(전기공학전공),전기전자공학부(전기공학전공),1.38,1.41,,,,,1.39,1.45,,,85.625,4/3,국수영탐(2)
부산대,전기전자공학부(전자공학전공),전기전자공학부(전자공학전공),1.26,1.31,,,,,1.24,1.29,,,85.875,3/5,국수영탐(2)
부산대,정치외교학과,정치외교학과,1.64,1.71,,,,,,,,,81.0625,3/1,국수영탐(2)
부산대,조선・해양공학과,조선・해양공학과,1.83,1.88,,,,,1.77,1.85,,,79.0625,3/2,국수영탐(2)
부산대,중어중문학과,중어중문학과,2.1,2.19,,,,,1.94,2.18,,,80.1875,2/4,국수영탐(2)
부산대,지구과학교육과,지구과학교육과,1.86,1.92,,,,,,,,,77.9375,3/3,국수영탐(2)
부산대,지리교육과,지리교육과,2.08,2.19,,,,,,,,,81.75,3/1,국수영탐(2)
부산대,지질환경과학과,지질환경과학과,2.03,2.04,,,,,1.8,1.89,,,75.3125,3/1,국수영탐(2)
부산대,철학과,철학과,1.88,1.88,,,,,1.79,1.93,,,80.6875,3/1,국수영탐(2)
부산대,첨단소재자율전공,첨단소재자율전공,1.88,2.04,,,,,,,,,85.3125,4/3,국수영탐(2)
부산대,첨단융합학부,첨단융합학부,1.89,1.94,,,,,1.76,1.83,,,79.4375,3/2,국수영탐(2)
부산대,통계학과,통계학과,1.63,1.68,,,,,,,,,84.3125,2/3,국수영탐(2)
부산대,특수교육과,특수교육과,1.65,1.67,,,,,1.94,1.95,,,77.40625,3/3,국수영탐(2)
부산대,한문학과,한문학과,2.14,2.17,,,,,2.27,2.55,,,78.6875,3/4,국수영탐(2)
부산대,항공우주공학과,항공우주공학과,1.68,1.71,,,,,1.52,1.58,,,76.75,2/2,국수영탐(2)
부산대,해양학과,해양학과,1.96,1.96,,,,,1.76,1.87,,,74.0625,3/4,국수영탐(2)
부산대,행정학과,행정학과,1.43,1.58,,,,,1.4,1.45,,,83,2/1,국수영탐(2)
부산대,화공생명공학과,화공생명공학과,1.25,1.36,,,,,1.21,1.21,,,86.75,2/1,국수영탐(2)
부산대,화학과,화학과,1.66,1.7,,,,,1.18,1.42,,,79.625,3/3,국수영탐(2)
부산대,화학교육과,화학교육과,1.84,1.88,,,,,1.47,1.83,,,75.75,3/5,국수영탐(2)
부산대,환경공학과,환경공학과,1.69,1.8,,,,,1.73,1.78,,,75.625,2/4,국수영탐(2)
부산외대,사회체육전공,사회체육전공,1.42,2.75,,,,,1.95,1.95,,,37.833333333333336,3/5,국수영탐(2)
부산외대,스포츠재활전공,스포츠재활전공,,,2.23,2.4,,,2.28,2.86,,,39.833333333333336,4/8,국수영탐(2)
부산외대,통합모집(자유전공),통합모집(자유전공),2.46,2.86,2.86,3.09,,,2.63,3.03,,,48.666666666666664,4/4,국수영탐(2)
부산외대,항공서비스전공,항공서비스전공,2.63,2.8,1.37,1.37,,,,,,,41.166666666666664,4/5,국수영탐(2)
부산장신대,신학과,신학과,4.06,4.06,,,,,,,,,,-/-,
부산장신대,특수교육과(초등),특수교육과(초등),3.54,3.54,,,,,,,,,,-/-,
삼육대,간호학과,간호학과,1.3,1.31,,,,,1.69,1.75,1.77,1.88,89.25,4/3,국수영탐(2)
삼육대,건축학과(5년제),건축학과(5년제),1.88,1.93,,,,,2.15,2.28,2.48,2.89,84.3,2/3,국수영탐(2)
삼육대,경영학과,경영학과,1.81,1.81,,,,,2.27,2.39,2.2,2.37,,-/-,국수영탐(2)
삼육대,글로벌한국학과,글로벌한국학과,1.95,1.95,,,,,2.18,2.25,,,,-/-,국수영탐(2)
삼육대,데이터클라우드공학과,데이터클라우드공학과,2.03,2.03,,,,,2.32,2.36,3.45,3.45,85.6,4/5,국수영탐(2)
삼육대,동물자원과학과,동물자원과학과,1.91,1.91,,,,,1.94,2.15,,,,-/-,국수영탐(2)
삼육대,물리치료학과,물리치료학과,1.42,1.44,,,,,1.8,1.84,2.23,2.26,87.85,2/1,국수영탐(2)
삼육대,바이오융합공학과,바이오융합공학과,1.86,1.89,,,,,2.25,2.31,,,,-/-,국수영탐(2)
삼육대,보건관리학과,보건관리학과,1.83,1.9,,,,,2.12,2.12,,,,-/-,국수영탐(2)
삼육대,사회복지학과,사회복지학과,1.99,1.99,,,,,2.32,2.41,,,,-/-,국수영탐(2)
삼육대,상담심리학과,상담심리학과,1.89,1.89,,,,,2.08,2.09,,,84.6,3/2,국수영탐(2)
삼육대,식품영양학과,식품영양학과,1.9,1.97,,,,,2.32,2.59,,,,-/-,국수영탐(2)
삼육대,신학과,신학과,,,,,,,3.28,3.47,,,,-/-,
삼육대,약학과,약학과,1,1,,,,,1.08,1.08,1.13,1.13,96.45,1/5,국수영탐(2)
삼육대,영어영문학과,영어영문학과,1.92,1.94,,,,,2.28,2.33,,,83.7,4/4,국수영탐(2)
삼육대,유아교육과,유아교육과,,,,,,,2.36,2.42,2.94,2.94,83.8,3/1,국수영탐(2)
삼육대,인공지능융합학부,인공지능융합학부,1.92,1.92,,,,,2.4,2.43,2.21,2.24,,-/-,
삼육대,인공지능융합학부,인공지능융합학부,1.92,1.92,,,,,2.4,2.43,2.21,2.24,,-/-,국수영탐(2)
삼육대,컴퓨터공학부,컴퓨터공학부,2.33,2.42,,,,,2.29,2.37,2.21,2.21,79.2,3/1,국수영탐(2)
삼육대,항공관광외국어학부,항공관광외국어학부,,,,,,,2.53,2.61,,,,-/-,국수영탐(2)
삼육대,화학생명과학과,화학생명과학과,1.81,1.85,,,,,2.12,2.27,2.53,2.61,,-/-,국수영탐(2)
삼육대,환경디자인원예학과,환경디자인원예학과,1.94,1.98,,,,,2.28,2.35,,,,-/-,국수영탐(2)
상명대,SW융합학부 게임전공,SW융합학부 게임전공,1.63,1.76,,,,,2.12,2.12,,,82.1,4/2,국수영탐(1)
상명대,SW융합학부 애니메이션전공,SW융합학부 애니메이션전공,1.44,1.5,,,,,1.16,1.16,,,82.65,3/1,국수영탐(1)
상명대,SW융합학부 전기공학전공,SW융합학부 전기공학전공,1.57,1.59,,,,,1.87,1.87,,,86.65,3/1,국수영탐(1)
상명대,SW융합학부 컴퓨터과학전공,SW융합학부 컴퓨터과학전공,1.67,1.67,,,,,1.78,1.89,,,86,4/4,국수영탐(1)
상명대,가족복지학과,가족복지학과,1.68,1.84,,,,,1.81,1.87,,,84.75,4/3,국수영탐(1)
상명대,경영학부,경영학부,1.63,1.74,,,,,1.84,1.86,,,85.6,3/2,국수영탐(1)
상명대,경제금융학부,경제금융학부,1.73,1.82,,,,,1.95,1.99,,,85.9,4/1,국수영탐(1)
상명대,공간환경학부,공간환경학부,1.59,1.67,,,,,1.95,1.97,,,84.45,3/3,국수영탐(1)
상명대,교육학과,교육학과,1.72,1.73,,,,,1.7,1.88,,,84.75,3/1,국수영탐(1)
상명대,국가안보학과,국가안보학과,2.3,2.5,,,,,,,,,,-/-,국수영탐(1)
상명대,국어교육과,국어교육과,1.63,1.62,,,,,1.64,1.67,,,86.45,3/3,국수영탐(1)
상명대,글로벌경영학과,글로벌경영학과,1.65,1.69,,,,,1.89,1.91,,,84.9,4/3,국수영탐(1)
상명대,미술학부 조형예술전공,미술학부 조형예술전공,,,,,,,2.03,2.24,,,,-/-,
상명대,생명화학공학부 생명공학전공,생명화학공학부 생명공학전공,1.36,1.39,,,,,1.79,1.82,,,86.9,3/3,국수영탐(1)
상명대,생명화학공학부 식품영양학전공,생명화학공학부 식품영양학전공,1.63,1.63,,,,,1.03,1.83,,,85.1,2/1,국수영탐(1)
상명대,생명화학공학부 화공신소재전공,생명화학공학부 화공신소재전공,1.81,2.12,,,,,1.66,1.66,,,87.95,2/2,국수영탐(1)
상명대,생명화학공학부 화학에너지공학전공,생명화학공학부 화학에너지공학전공,1.81,2.24,,,,,1.84,1.85,,,86.1,3/1,국수영탐(1)
상명대,수학교육과,수학교육과,1.45,1.51,,,,,1.75,1.75,,,87.8,3/5,국수영탐(1)
상명대,스포츠무용학부 스포츠건강관리전공,스포츠무용학부 스포츠건강관리전공,,,,,,,2.17,2.26,,,,-/-,
상명대,영어교육과,영어교육과,1.55,1.58,,,,,1.64,1.69,,,85.05,2/7,국수영탐(1)
상명대,의류학과,의류학과,1.66,1.74,,,,,1.6,1.9,,,84.95,4/4,국수영탐(1)
상명대,인문콘텐츠학부 문헌정보학전공,인문콘텐츠학부 문헌정보학전공,1.72,1.72,,,,,1.92,2,,,,3/1,국수영탐(1)
상명대,인문콘텐츠학부 역사콘텐츠전공,인문콘텐츠학부 역사콘텐츠전공,1.69,1.87,,,,,1.84,1.9,,,84.5,3/3,국수영탐(1)
상명대,인문콘텐츠학부 지적재산권전공,인문콘텐츠학부 지적재산권전공,1.88,1.92,,,,,1.99,1.99,,,84.55,2/2,국수영탐(1)
상명대,인문콘텐츠학부 한일문화콘텐츠전공,인문콘텐츠학부 한일문화콘텐츠전공,1.67,1.67,,,,,1.76,1.89,,,84.3,2/2,국수영탐(1)
상명대,자유전공(예체능계열),자유전공(예체능계열),1.69,1.82,,,,,,,,,84.85,4/4,국수영탐(1)
상명대,자유전공(이공계열),자유전공(이공계열),1.61,1.65,,,,,,,,,86.55,3/2,국수영탐(1)
상명대,자유전공(인문계열),자유전공(인문계열),1.69,1.74,,,,,,,,,84.9,4/3,국수영탐(1)
상명대,지능・데이터융합학부,지능・데이터융합학부 데이터과학전공,1.75,1.78,,,,,2.02,2.08,,,84.05,3/3,국수영탐(1)
상명대,지능・데이터융합학부,지능・데이터융합학부 데이터과학전공,1.75,1.78,,,,,2.02,2.08,,,84.05,3/3,국수영탐(1)
상명대,지능・데이터융합학부 휴먼AI공학전공,지능・데이터융합학부 휴먼AI공학전공,1.7,1.74,,,,,1.94,2.04,,,86.25,3/2,국수영탐(1)
상명대,행정학부,행정학부,1.72,1.72,,,,,1.95,2.04,,,84,4/1,국수영탐(1)
상명대(천안),AI모빌리티공학과,AI모빌리티공학과,2.29,2.61,,,,,2.93,2.48,,,81.8,4/3,"국영 중 1개, 수탐(1)"
상명대(천안),시스템반도체공학과,AI반도체공학과,2.48,2.43,,,,,2.89,2.89,,,85.6,3/6,"국영 중 1개, 수탐(1)"
상명대(천안),간호학과,간호학과,1.78,1.78,,,,,1.92,1.93,,,88.4,4/5,"국영 중 1개, 수탐(1)"
상명대(천안),건설시스템공학과,건설시스템공학과,2.41,2.43,,,,,2.66,2.66,,,79.8,4/4,"국영 중 1개, 수탐(1)"
상명대(천안),경영공학과,경영공학과,2.5,2.28,,,,,3.01,3.01,,,84.4,3/1,"국영 중 1개, 수탐(1)"
상명대(천안),그린스마트시티학과,그린스마트시티학과,2.33,2.49,,,,,2.82,2.53,,,83.4,4/2,"국영 중 1개, 수탐(1)"
상명대(천안),그린화학공학과,그린화학공학과,2.53,2.47,,,,,2.53,2.7,,,83.4,4/4,"국영 중 1개, 수탐(1)"
상명대(천안),글로벌금융경영학부,글로벌금융경영학부,2.27,2.29,,,,,2.54,2.56,,,85.4,4/2,"국수영 중 2개, 탐구(1)"
상명대(천안),글로벌지역학부,글로벌지역학부,2.48,2.4,,,,,2.45,2.56,,,85.4,4/1,"국수영 중 2개, 탐구(1)"
상명대(천안),글로벌지역학부 한국언어문화전공,글로벌지역학부 한국언어문화전공,2.38,2.46,,,,,2.48,2.48,,,85,4/1,"국수영 중 2개, 탐구(1)"
상명대(천안),디자인학부,디자인학부,,,,,,,2.12,2.17,,,,-/-,
상명대(천안),디자인학부 AR・VR미디어디자인전공,디자인학부 AR・VR미디어디자인전공,1.58,1.68,,,,,1.63,1.63,,,88,3/4,"국수영 중 2개, 탐구(1)"
상명대(천안),소프트웨어학과,소프트웨어학과,2.37,2.5,,,,,2.4,2.73,,,84.2,4/2,"국영 중 1개, 수탐(1)"
상명대(천안),스포츠융합자유전공학부,스포츠융합자유전공학부,,,,,,,2.89,2.78,,,,-/-,
상명대(천안),식품공학과,식품공학과,2.1,2.19,,,,,2.47,2.56,,,84,3/5,"국영 중 1개, 수탐(1)"
상명대(천안),예술학부 AI미디어콘텐츠전공,예술학부 AI미디어콘텐츠전공,,,,,,,2.47,2.47,,,,-/-,
상명대(천안),예술학부 디지털만화영상전공,예술학부 디지털만화영상전공,,,,,,,,,,,,-/-,
상명대(천안),예술학부 무대미술전공,예술학부 무대미술전공,,,,,,,,,,,,-/-,
상명대(천안),예술학부 문화예술경영전공,예술학부 문화예술경영전공,1.8,1.97,,,,,2.51,2.61,,,87.6,4/2,"국수영 중 2개, 탐구(1)"
상명대(천안),예술학부 사진영상미디어전공,예술학부 사진영상미디어전공,,,,,,,3.18,2.92,,,90.2,4/4,"국수영 중 2개, 탐구(1)"
상명대(천안),예술학부 연극전공(이론),예술학부 연극전공(이론),,,,,,,2.46,2.46,,,89.4,3/3,"국수영 중 2개, 탐구(1)"
상명대(천안),예술학부 영화영상전공(연출・스태프),예술학부 영화영상전공(연출・스태프),,,,,,,1.74,2.6,,,90.6,3/3,"국수영 중 2개, 탐구(1)"
상명대(천안),자유전공(공학계열),자유전공(공학계열),2.35,2.43,,,,,,,,,84.4,3/6,"국영 중 1개, 수탐(1)"
상명대(천안),자유전공(디자인/예술계열),자유전공(디자인/예술계열),1.77,1.87,,,,,,,,,91,4/2,"국수영 중 2개, 탐구(1)"
상명대(천안),자유전공(인문사회계열),자유전공(인문사회계열),2.73,2.78,,,,,,,,,89.2,4/5,"국수영 중 2개, 탐구(1)"
상명대(천안),전자공학과,전자공학과,2.46,2.62,,,,,2.87,3.04,,,85.4,5/4,"국영 중 1개, 수탐(1)"
상명대(천안),정보보안공학과,정보보안공학과,2.39,2.45,,,,,2.62,2.87,,,83.6,5/5,"국영 중 1개, 수탐(1)"
상명대(천안),스마트정보통신공학과,정보통신공학과,2.75,2.76,,,,,3.15,3.09,,,82.2,4/2,"국영 중 1개, 수탐(1)"
상명대(천안),휴먼지능로봇공학과,휴먼지능로봇공학과,2.67,2.75,,,,,3.21,3.16,,,83,4/5,"국영 중 1개, 수탐(1)"
상지대,간호학과,간호학과,1.69,1.76,,,,,,,,,71.3,4/2,국수영탐(1)
상지대,건설환경공학과,건설환경공학과,3.15,3.5,,,,,,,,,61.6,4/4,국수영탐(2) 중 2개
상지대,경영학과,경영학과,2.7,2.91,,,,,3.35,3.63,,,65.8,3/6,국수영탐(2) 중 2개
상지대,경찰법학과,경찰법학과,2.66,2.8,,,,,2.86,2.86,,,,-/-,국수영탐(2) 중 2개
상지대,국제경영학과,국제경영학과,3.24,3.54,,,,,,,,,72,3/8,국수영탐(2) 중 2개
상지대,군사학과,군사학과,2.84,3.05,,,,,,,,,,-/-,국수영탐(2) 중 2개
상지대,동물자원학과,동물자원학과,2.56,2.66,,,,,2.78,2.78,,,67.2,4/4,국수영탐(2) 중 2개
상지대,리빙디자인학과,리빙디자인학과,2.87,2.87,,,,,2.87,3.48,,,,-/-,
상지대,만화애니메이션학과,만화애니메이션학과,2.81,3.07,,,,,,,,,,-/-,
상지대,문화콘텐츠학과,문화콘텐츠학과,2.91,3.17,,,,,2.62,2.71,,,,-/-,국수영탐(2) 중 2개
상지대,물리치료학과,물리치료학과,1.45,1.46,,,,,1.88,1.97,,,84,2/5,국수영탐(2) 중 2개
상지대,미디어영상광고학과,미디어영상광고학과,2.59,2.72,,,,,2.97,2.97,,,,-/-,국수영탐(2) 중 2개
상지대,보건계열,보건계열,2.79,2.9,,,,,2.7,2.86,,,73,3/4,국수영탐(2) 중 2개
상지대,사회복지학과,사회복지학과,2.55,2.66,,,,,2.76,2.85,,,,-/-,국수영탐(2) 중 2개
상지대,산업융합디자인학과,산업융합디자인학과,2.52,2.69,,,,,3.19,3.19,,,,-/-,
상지대,소방공학과,소방공학과,2.89,3.11,,,,,,,,,,-/-,국수영탐(2) 중 2개
상지대,소프트웨어학과,소프트웨어학과,3,3.11,,,,,,,,,69.7,3/4,국수영탐(2) 중 2개
상지대,스마트팜생명과학과,스마트팜생명과학과,2.68,3,,,,,,,,,79.2,4/7,국수영탐(2) 중 2개
상지대,시각영상디자인학과,시각영상디자인학과,,,,,,,2.51,3.39,,,,-/-,
상지대,유아교육학과,유아교육학과,2.6,2.75,,,,,3.11,3.14,,,,-/-,국수영탐(2) 중 2개
상지대,임상병리학과,임상병리학과,1.76,1.8,,,,,2.08,2.16,,,81.2,4/1,국수영탐(2) 중 2개
상지대,자유전공학부,자유전공학부,2.91,2.97,,,,,3.28,3.4,,,73.2,3/3,국수영탐(2) 중 2개
상지대,작업치료학과,작업치료학과,2.5,2.57,,,,,3.06,3.22,,,71.8,5/4,국수영탐(2) 중 2개
상지대,전기전자공학과,전기전자공학과,3.13,3.48,,,,,,,,,72,3/3,국수영탐(2) 중 2개
상지대,조경산림학과,조경산림학과,2.96,3.13,,,,,,,,,64,4/7,국수영탐(2) 중 2개
상지대,지역혁신행정학과,지역혁신행정학과,3.47,3.85,,,,,,,,,67.8,3/4,국수영탐(2) 중 2개
상지대,체육학부 체육학전공,체육학부 체육학전공,,,,,,,2.59,2.7,,,,-/-,
상지대,컴퓨터공학과,컴퓨터공학과,2.94,3.26,,,,,,,,,71.2,4/4,국수영탐(2) 중 2개
상지대,한의예과,한의예과,1.02,1.02,,,,,1.09,1.12,,,97.8,1/1,국수영탐(2)
상지대,한의예과,한의예과,1.02,1.02,,,,,1.09,1.12,,,97.3,1/2,국수영탐(2)
상지대,호텔항공관광경영학과,호텔항공관광경영학과,2.92,3.27,,,,,3.77,3.77,,,71.2,3/4,국수영탐(2) 중 2개
서강대,AI기반자유전공학부,AI기반자유전공학부,1.06,1.06,,,,,1.84,1.9,,,86.1673,2/1,국수탐(2)
서강대,AI기반자유전공학부,AI기반자유전공학부,1.06,1.06,,,,,1.84,1.9,,,87.43270000000001,2/1,국수탐(2)
서강대,AI기반자유전공학부,AI기반자유전공학부,1.06,1.06,,,,,1.84,1.9,,,92.2335,2/1,국수탐(2)
서강대,AI기반자유전공학부,AI기반자유전공학부,1.06,1.06,,,,,1.84,1.9,,,92.56649999999999,2/1,국수탐(2)
서강대,SCIENCE기반자유전공학부,SCIENCE기반자유전공학부,1.06,1.07,,,,,1.24,1.24,,,92.8001,1/2,국수탐(2)
서강대,SCIENCE기반자유전공학부,SCIENCE기반자유전공학부,1.06,1.07,,,,,1.24,1.24,,,92.9999,1/2,국수탐(2)
서강대,SCIENCE기반자유전공학부,SCIENCE기반자유전공학부,1.06,1.07,,,,,1.24,1.24,,,91.33370000000001,3/2,국수탐(2)
서강대,SCIENCE기반자유전공학부,SCIENCE기반자유전공학부,1.06,1.07,,,,,1.24,1.24,,,92.06630000000001,3/2,국수탐(2)
서강대,게페르트국제학부,게페르트국제학부,,,,,,,2.03,2.19,,,,-/-,국수탐(2)
서강대,게페르트국제학부,게페르트국제학부,,,,,,,2.03,2.19,,,,-/-,국수탐(2)
서강대,경영학부,경영학부,1.09,1.14,,,,,1.88,2.03,,,91.867,2/4,국수탐(2)
서강대,경영학부,경영학부,1.09,1.14,,,,,1.88,2.03,,,92.53299999999999,2/4,국수탐(2)
서강대,경제학과,경제학과,1.1,1.12,,,,,1.81,2.03,,,89.6337,2/2,국수탐(2)
서강대,경제학과,경제학과,1.1,1.12,,,,,1.81,2.03,,,90.36630000000001,2/2,국수탐(2)
서강대,국어국문학과,국어국문학과,,,,,,,1.34,1.89,,,92.8001,1/2,국수탐(2)
서강대,국어국문학과,국어국문학과,,,,,,,1.34,1.89,,,92.9999,1/2,국수탐(2)
서강대,글로벌한국학부,글로벌한국학부,,,,,,,2.1,2.12,,,91.5669,1/4,국수탐(2)
서강대,글로벌한국학부,글로벌한국학부,,,,,,,2.1,2.12,,,92.03310000000002,1/4,국수탐(2)
서강대,기계공학과,기계공학과,1.06,1.07,,,,,1.51,2.04,,,92.23370000000001,3/1,국수탐(2)
서강대,기계공학과,기계공학과,1.06,1.07,,,,,1.51,2.04,,,92.9663,3/1,국수탐(2)
서강대,물리학과,물리학과,1.1,1.11,,,,,1.88,1.95,,,92.1999,2/1,국수탐(2)
서강대,물리학과,물리학과,1.1,1.11,,,,,1.88,1.95,,,92.0001,2/1,국수탐(2)
서강대,미디어&엔터테인먼트학과,미디어&엔터테인먼트학과,,,,,,,1.26,1.4,,,92.4,2/1,국수탐(2)
서강대,미디어&엔터테인먼트학과,미디어&엔터테인먼트학과,,,,,,,1.26,1.4,,,92.4,2/1,국수탐(2)
서강대,반도체공학과,반도체공학과,,,,,,,1.63,2.04,,,95.8665,2/5,국수탐(2)
서강대,반도체공학과,반도체공학과,,,,,,,1.63,2.04,,,95.53349999999999,2/5,국수탐(2)
서강대,사학과,사학과,,,,,,,1.86,2.32,,,92.8001,1/2,국수탐(2)
서강대,사학과,사학과,,,,,,,1.86,2.32,,,92.9999,1/2,국수탐(2)
서강대,사회과학부,사회과학부,1.06,1.07,,,,,,,,,86.1673,2/1,국수탐(2)
서강대,사회과학부,사회과학부,1.06,1.07,,,,,,,,,87.43270000000001,2/1,국수탐(2)
서강대,사회학과,사회학과,,,,,,,1.3,1.54,,,86.1673,2/1,국수탐(2)
서강대,사회학과,사회학과,,,,,,,1.3,1.54,,,87.43270000000001,2/1,국수탐(2)
서강대,생명과학과,생명과학과,1.02,1.03,,,,,1.79,1.9,,,90.53370000000001,2/2,국수탐(2)
서강대,생명과학과,생명과학과,1.02,1.03,,,,,1.79,1.9,,,91.26630000000002,2/2,국수탐(2)
서강대,수학과,수학과,1.12,1.15,,,,,1.23,1.27,,,88.4337,2/5,국수탐(2)
서강대,수학과,수학과,1.12,1.15,,,,,1.23,1.27,,,89.1663,2/5,국수탐(2)
서강대,시스템반도체공학과,시스템반도체공학과,,,,,,,1.86,1.89,,,95.8002,2/1,국수탐(2)
서강대,시스템반도체공학과,시스템반도체공학과,,,,,,,1.86,1.89,,,96.1998,2/1,국수탐(2)
서강대,신문방송학과,신문방송학과,,,,,,,1.65,1.8,,,92.4,2/1,국수탐(2)
서강대,신문방송학과,신문방송학과,,,,,,,1.65,1.8,,,92.4,2/1,국수탐(2)
서강대,심리학과,심리학과,,,,,,,1.26,1.29,,,86.1673,2/1,국수탐(2)
서강대,심리학과,심리학과,,,,,,,1.26,1.29,,,87.43270000000001,2/1,국수탐(2)
서강대,아트&테크놀로지학과,아트&테크놀로지학과,,,,,,,1.35,1.6,,,92.4,2/1,국수탐(2)
서강대,아트&테크놀로지학과,아트&테크놀로지학과,,,,,,,1.35,1.6,,,92.4,2/1,국수탐(2)
서강대,영문학부,영문학부,1.13,1.13,,,,,1.78,2.08,,,93.20020000000001,1/1,국수탐(2)
서강대,영문학부,영문학부,1.13,1.13,,,,,1.78,2.08,,,93.5998,1/1,국수탐(2)
서강대,유럽문화학과,유럽문화학과,1.15,1.15,,,,,1.86,1.97,,,93.4333,3/1,국수탐(2)
서강대,유럽문화학과,유럽문화학과,1.15,1.15,,,,,1.86,1.97,,,93.3667,3/1,국수탐(2)
서강대,인공지능학과,인공지능학과,,,,,,,1.25,1.34,,,94.0667,2/1,국수탐(2)
서강대,인공지능학과,인공지능학과,,,,,,,1.25,1.34,,,94.1333,2/1,국수탐(2)
서강대,인문학기반자유전공학부,인문학기반자유전공학부,1.07,1.09,,,,,1.34,1.51,,,92.4,2/1,국수탐(2)
서강대,인문학기반자유전공학부,인문학기반자유전공학부,1.07,1.09,,,,,1.34,1.51,,,92.4,2/1,국수탐(2)
서강대,인문학기반자유전공학부,인문학기반자유전공학부,1.07,1.09,,,,,1.34,1.51,,,93.5669,3/1,국수탐(2)
서강대,인문학기반자유전공학부,인문학기반자유전공학부,1.07,1.09,,,,,1.34,1.51,,,94.03310000000002,3/1,국수탐(2)
서강대,인문학부,인문학부,1.13,1.13,,,,,,,,,92.8001,1/2,국수탐(2)
서강대,인문학부,인문학부,1.13,1.13,,,,,,,,,92.9999,1/2,국수탐(2)
서강대,전자공학과,전자공학과,1.04,1.06,,,,,1.44,1.92,,,90.6337,1/1,국수탐(2)
서강대,전자공학과,전자공학과,1.04,1.06,,,,,1.44,1.92,,,91.36630000000001,1/1,국수탐(2)
서강대,정치외교학과,정치외교학과,,,,,,,1.19,1.24,,,86.1673,2/1,국수탐(2)
서강대,정치외교학과,정치외교학과,,,,,,,1.19,1.24,,,87.43270000000001,2/1,국수탐(2)
서강대,종교학과,종교학과,,,,,,,1.92,1.97,,,92.8001,1/2,국수탐(2)
서강대,종교학과,종교학과,,,,,,,1.92,1.97,,,92.9999,1/2,국수탐(2)
서강대,중국문화학과,중국문화학과,1.15,1.15,,,,,1.86,1.87,,,87.30060000000002,2/1,국수탐(2)
서강대,중국문화학과,중국문화학과,1.15,1.15,,,,,1.86,1.87,,,88.49940000000001,2/1,국수탐(2)
서강대,지식융합미디어학부,지식융합미디어학부,1.14,1.15,,,,,,,,,92.4,2/1,국수탐(2)
서강대,지식융합미디어학부,지식융합미디어학부,1.14,1.15,,,,,,,,,92.4,2/1,국수탐(2)
서강대,철학과,철학과,,,,,,,1.84,2.15,,,92.8001,1/2,국수탐(2)
서강대,철학과,철학과,,,,,,,1.84,2.15,,,92.9999,1/2,국수탐(2)
서강대,컴퓨터공학과,컴퓨터공학과,1.22,1.3,,,,,1.2,1.75,,,95.1001,2/1,국수탐(2)
서강대,컴퓨터공학과,컴퓨터공학과,1.22,1.3,,,,,1.2,1.75,,,95.2999,2/1,국수탐(2)
서강대,화공생명공학과,화공생명공학과,1.03,1.04,,,,,1.24,1.68,,,94.40010000000001,2/1,국수탐(2)
서강대,화공생명공학과,화공생명공학과,1.03,1.04,,,,,1.24,1.68,,,94.59989999999999,2/1,국수탐(2)
서강대,화학과,화학과,1.11,1.11,,,,,1.83,1.92,,,94.2666,4/2,국수탐(2)
서강대,화학과,화학과,1.11,1.11,,,,,1.83,1.92,,,94.1334,4/2,국수탐(2)
서경대,군사학과-남자,군사학과-남자,2.74,3.19,,,,,,,,,,-/-,
서경대,군사학과-여자,군사학과-여자,2.39,2.61,,,,,,,,,,-/-,
서경대,미래융합학부1,미래융합학부1,1.67,1.72,2.01,2.05,,,,,,,83.6,2/-,"국수탐(2) 중 2개, 영"
서경대,미래융합학부2,미래융합학부2,1.72,1.78,1.97,2.02,,,,,,,84,2/-,"국수탐(2) 중 2개, 영"
서경대,아트앤테크놀로지학과,아트앤테크놀로지학과,,,,,,,,,,,,-/-,
서경대,자유전공학부,자유전공학부,1.72,1.76,1.97,2.02,,,,,,,84.8,4/-,"국수탐(2) 중 2개, 영"
서울과기대,스마트ICT융합공학과,ICT융합공학과,1.31,1.31,,,,,1.63,1.64,,,,-/-,
서울과기대,MSDE학과,MSDE학과,1.14,1.15,,,,,1.44,1.54,,,90.46875,3/2,국수영탐(2)
서울과기대,건설시스템공학과,건설시스템공학과,1.4,1.44,,,,,1.91,2.03,,,85.3125,2/1,국수영탐(2)
서울과기대,건축학부(건축공학전공),건축학부(건축공학전공),1.4,1.45,,,,,1.96,2.03,,,82.875,1/2,국수영탐(2)
서울과기대,건축학부(건축학전공),건축학부(건축학전공),1.34,1.35,,,,,1.71,1.84,,,84.5,2/2,국수영탐(2)
서울과기대,경영학과(경영학전공),경영학과(경영학전공),1.39,1.43,,,,,1.73,2.33,,,86.21875,2/1,국수영탐(2)
서울과기대,경영학과(글로벌테크노경영전공)_인문,경영학과(글로벌테크노경영전공)_인문,1.43,1.47,,,,,1.8,1.92,,,84.875,2/1,국수영탐(2)
서울과기대,경영학과(글로벌테크노경영전공)_자연,경영학과(글로벌테크노경영전공)_자연,,,,,,,,,,,,-/-,국수영탐(2)
서울과기대,금속공예디자인학과,금속공예디자인학과,,,,,,,,,,,,-/-,국영탐(2)
서울과기대,기계공학과,기계공학과,1.29,1.31,,,,,1.78,1.88,,,84.21875,1/2,국수영탐(2)
서울과기대,기계시스템공학부(미래자동차전공),기계시스템공학부(미래자동차전공),1.42,1.47,,,,,1.71,1.89,,,87.46875,3/1,국수영탐(2)
서울과기대,기계시스템공학부(지능형로봇전공),기계시스템공학부(지능형로봇전공),1.38,1.4,,,,,1.76,2.7,,,84.5625,2/3,국수영탐(2)
서울과기대,문예창작학과,문예창작학과,,,,,,,2.04,2.13,,,,-/-,"수탐(2) 중 1개, 국영"
서울과기대,미래에너지융합학과,미래에너지학과,1.38,1.38,,,,,1.58,1.58,,,89.8125,3/2,국수영탐(2)
서울과기대,바이오메디컬학과,바이오메디컬학과,1.16,1.16,,,,,3.92,3.94,,,87.125,2/2,국수영탐(2)
서울과기대,산업공학과 ITM전공(자연),산업공학부 ITM전공(자연),1.24,1.29,,,,,1.49,1.56,,,88.1875,3/4,국수영탐(2)
서울과기대,산업공학과 산업정보시스템전공(자연),산업공학부 산업정보시스템전공(자연),1.31,1.34,,,,,1.83,2.08,,,89.5,2/4,국수영탐(2)
서울과기대,스포츠과학과,스포츠과학과,,,,,,,1.72,1.92,,,78.96875,3/3,국수영탐(2)
서울과기대,디자인학과(시각디자인전공),시각디자인학과,,,,,,,,,,,,-/-,국영탐(2)
서울과기대,식품생명공학과,식품생명공학과,1.24,1.25,,,,,1.5,1.55,,,87.21875,3/2,국수영탐(2)
서울과기대,신소재공학과,신소재공학과,1.21,1.23,,,,,1.7,1.79,,,88.875,3/3,국수영탐(2)
서울과기대,안경광학과,안경광학과,1.42,1.43,,,,,1.74,1.89,,,83.75,2/1,국수영탐(2)
서울과기대,안전공학과,안전공학과,1.38,1.44,,,,,1.86,1.96,,,87.625,3/3,국수영탐(2)
서울과기대,영어영문학과,영어영문학과,1.48,1.49,,,,,2.23,2.53,,,84.125,2/1,국수영탐(2)
서울과기대,인공지능응용학과,인공지능응용학과,1.31,1.34,,,,,1.64,1.68,,,85.09375,1/3,국수영탐(2)
서울과기대,자유전공학부(창의융합대학),자유전공학부(창의융합대학),1.29,1.31,,,,,1.83,2.68,,,86.15625,3/3,국수영탐(2)
서울과기대,전기정보공학과,전기정보공학과,1.3,1.31,,,,,1.63,2.44,,,88.5,2/1,국수영탐(2)
서울과기대,전자공학과,전자공학과,1.21,1.23,,,,,1.44,1.49,,,87.40625,3/1,국수영탐(2)
서울과기대,정밀화학과,정밀화학과,1.26,1.26,,,,,1.44,1.48,,,87.3125,3/2,국수영탐(2)
서울과기대,지능형반도체공학과,지능형반도체공학과,1.29,1.31,,,,,1.72,2.13,,,86.3125,2/1,국수영탐(2)
서울과기대,컴퓨터공학과,컴퓨터공학과,1.31,1.38,,,,,1.61,1.72,,,88.375,2/4,국수영탐(2)
서울과기대,행정학과,행정학과,1.47,1.49,,,,,1.83,2.12,,,86.9375,4/1,국수영탐(2)
서울과기대,화공생명공학과,화공생명공학과,1.24,1.45,,,,,1.66,2.63,,,85.875,2/2,국수영탐(2)
서울과기대,환경공학과,환경공학과,1.3,1.31,,,,,1.53,1.59,,,86.1875,3/1,국수영탐(2)
서울교대,초등교육과,초등교육과,1.15,1.15,,,,,1.28,1.35,,,,-/-,국수탐(2)
서울기독대,글로벌휴먼경영전공,글로벌휴먼경영전공,3.41,3.73,,,,,,,,,35.142857142857146,4/-,국영탐(1)
서울기독대,기독교신학전공,기독교신학전공,,,,,,,,,,,,-/-,국영탐(1)
서울기독대,사회복지전공,사회복지전공,3.31,3.47,,,,,,,,,18,5/-,국영탐(1)
서울기독대,상담심리전공(야),상담심리전공(야),,,,,,,,,,,,-/-,국영탐(1)
서울대,간호대학,간호대학,,,,,,,1.22,1.32,1.05,1.05,93.66625,2/1,국수탐(2)
서울대,건설환경도시공학부,건설환경도시공학부,,,,,,,1.34,1.39,1.08,1.08,97.26655000000001,2/1,국수탐(2)
서울대,건축학과,건축학과,,,,,,,1.24,1.68,1.03,1.04,96.7333,1/1,국수탐(2)
서울대,경영대학,경영대학,,,,,,,1.22,1.29,1,1,96.86665,1/1,국수탐(2)
서울대,경제학부,경제학부,,,,,,,1.21,1.38,1,1,98.2667,2/1,국수탐(2)
서울대,경제학부,경제학부,,,,,,,1.21,1.38,1,1,97.86665,2/1,국수탐(2)
서울대,고고미술사학과,고고미술사학과,,,,,,,1.31,1.68,,,,-/-,
서울대,교육학과,교육학과,,,,,,,1.25,1.31,,,,-/-,
서울대,국악과,국악과,,,,,,,1.95,2.37,,,,-/-,
서울대,국어교육과,국어교육과,,,,,,,1.21,1.29,1,1,97.1334,2/1,국수탐(2)
서울대,국어국문학과,국어국문학과,,,,,,,1.37,1.59,,,,-/-,
서울대,기계공학부,기계공학부,,,,,,,1.34,1.45,1,1.03,97.19985000000001,2/2,국수탐(2)
서울대,노어노문학과,노어노문학과,,,,,,,1.13,1.4,,,,-/-,
서울대,농경제사회학부,농경제사회학부,,,,,,,1.49,1.55,1.04,1.06,97.59989999999999,3/2,국수탐(2)
서울대,독어교육과,독어교육과,,,,,,,1.54,1.74,1.13,1.13,,-/-,
서울대,독어독문학과,독어독문학과,,,,,,,1.41,1.5,,,,-/-,
서울대,디자인과,디자인과,,,,,,,1.15,1.17,,,,-/-,국수탐(2)
서울대,물리・천문학부(물리학전공),물리・천문학부(물리학전공),,,,,,,1.25,1.55,1,1,96.86650000000002,2/1,국수탐(2)
서울대,물리・천문학부(천문학전공),물리・천문학부(천문학전공),,,,,,,,,,,93.73315000000001,2/4,국수탐(2)
서울대,물리교육과,물리교육과,,,,,,,1.15,1.17,,,93.59965,2/3,국수탐(2)
서울대,미학과,미학과,,,,,,,1.34,1.39,,,,-/-,
서울대,바이오시스템・소재학부,바이오시스템・소재학부,,,,,,,1.82,1.87,1.03,1.04,97.66665,3/1,국수탐(2)
서울대,불어교육과,불어교육과,,,,,,,1.54,1.64,1.12,1.12,,-/-,
서울대,불어불문학과,불어불문학과,,,,,,,1.47,1.51,,,,-/-,
서울대,사회교육과,사회교육과,,,,,,,1.16,1.27,1.04,1.04,94.99959999999999,2/1,국수탐(2)
서울대,사회복지학과,사회복지학과,,,,,,,1.49,1.5,1.03,1.03,95.39995,2/1,국수탐(2)
서울대,사회학과,사회학과,,,,,,,1.21,1.28,1,1.02,94.0667,1/1,국수탐(2)
서울대,산림과학부,산림과학부,,,,,,,1.22,1.31,1.04,1.08,93.8665,1/1,국수탐(2)
서울대,산업공학과,산업공학과,,,,,,,1.36,1.39,1,1,96.19975000000001,1/1,국수탐(2)
서울대,생명과학부,생명과학부,,,,,,,1.31,1.35,1,1.02,97.1332,1/1,국수탐(2)
서울대,생물교육과,생물교육과,,,,,,,1.2,1.37,,,92.39965000000001,1/1,국수탐(2)
서울대,서어서문학과,서어서문학과,,,,,,,1.21,1.26,,,,-/-,
서울대,소비자아동학부(소비자학전공),소비자아동학부(소비자학전공),,,,,,,1.16,1.31,1.02,1.02,97.66665,1/1,국수탐(2)
서울대,소비자아동학부(아동가족학전공),소비자아동학부(아동가족학전공),,,,,,,1.47,1.55,1.06,1.13,96.66675000000001,2/1,국수탐(2)
서울대,수리과학부,수리과학부,,,,,,,,,1,1,97.46665000000002,1/1,국수탐(2)
서울대,수의예과,수의예과,,,,,,,1.09,1.17,1,1,97.3998,2/1,국수탐(2)
서울대,수학교육과,수학교육과,,,,,,,1.11,1.13,1,1,96.73305,2/1,국수탐(2)
서울대,스마트시스템과학과,스마트시스템과학과,,,,,,,1.08,1.08,1.07,1.07,96.7999,2/1,국수탐(2)
서울대,식물생산과학부,식물생산과학부,,,,,,,1.38,1.63,,,95.73315000000001,2/1,국수탐(2)
서울대,식품・동물생명공학부,식품・동물생명공학부,,,,,,,1.1,1.49,1,1.05,95.86645,3/1,국수탐(2)
서울대,식품영양학과,식품영양학과,,,,,,,1.15,1.19,1.03,1.03,95.53315,2/1,국수탐(2)
서울대,심리학과,심리학과,,,,,,,1.23,1.42,1.03,1.03,95.2666,2/1,국수탐(2)
서울대,아시아언어문명학부,아시아언어문명학부,,,,,,,1.13,1.36,,,,-/-,
서울대,약학계열,약학계열,,,,,,,1.08,1.17,1,1,95.99950000000001,2/1,국수탐(2)
서울대,약학계열,약학계열,,,,,,,1.08,1.17,1,1,95.5995,1/1,국수탐(2)
서울대,언론정보학과,언론정보학과,,,,,,,1.1,1.16,,,96.8665,2/1,국수탐(2)
서울대,언어학과,언어학과,,,,,,,1.13,1.31,,,,-/-,
서울대,에너지자원공학과,에너지자원공학과,,,,,,,1.46,1.73,1.04,1.09,95.39965000000001,2/1,국수탐(2)
서울대,역사교육과,역사교육과,,,,,,,1.15,1.16,1.07,1.08,97.1334,3/1,국수탐(2)
서울대,역사학부,역사학부,,,,,,,1.09,1.51,1.06,1.09,,-/-,
서울대,역사학부,역사학부,,,,,,,1.09,1.51,1.06,1.09,96.59995,2/1,국수탐(2)
서울대,영어교육과,영어교육과,,,,,,,1.21,1.49,1.03,1.03,95.6665,2/2,국수탐(2)
서울대,영어영문학과,영어영문학과,,,,,,,1.26,1.37,,,,-/-,
서울대,원자핵공학과,원자핵공학과,,,,,,,1.52,1.59,1.03,1.03,96.79975,2/2,국수탐(2)
서울대,윤리교육과,윤리교육과,,,,,,,1.17,1.19,,,96.86655,2/1,국수탐(2)
서울대,응용생물화학부,응용생물화학부,,,,,,,1.47,1.69,,,96.26650000000001,3/1,국수탐(2)
서울대,의류학과,의류학과,,,,,,,1.33,1.44,1.06,1.08,96.7333,1/1,국수탐(2)
서울대,의예과,의학과,,,,,,,1,1.03,1,1,99.59995,1/1,국수탐(2)
서울대,의예과,의학과,,,,,,,1,1.03,1,1,100,2/1,국수탐(2)
서울대,인류학과,인류학과,,,,,,,1.23,1.51,,,96.79995000000001,1/1,국수탐(2)
서울대,인문계열,인문계열,,,,,,,1.04,1.06,,,96.4668,2/1,국수탐(2)
서울대,인문계열,인문계열,,,,,,,1.04,1.06,,,95.33335000000001,1/1,국수탐(2)
서울대,자유전공학부,자유전공학부,,,,,,,1,1.12,1,1,97.93325,1/1,국수탐(2)
서울대,재료공학부,재료공학부,,,,,,,1.29,1.42,1,1.03,95.26630000000002,2/2,국수탐(2)
서울대,전기・정보공학부,전기・정보공학부,,,,,,,1.11,1.29,1,1,97.53315,2/1,국수탐(2)
서울대,정치외교학부,정치외교학부,,,,,,,1.22,1.31,1,1,95.13325,1/1,국수탐(2)
서울대,정치외교학부,정치외교학부,,,,,,,1.22,1.31,1,1,96.33310000000002,2/1,국수탐(2)
서울대,조경・지역시스템공학부,조경・지역시스템공학부,,,,,,,1.63,1.97,1.04,1.04,95.33290000000001,2/1,국수탐(2)
서울대,조선해양공학과,조선해양공학과,,,,,,,1.39,1.75,1.07,1.07,97.33345000000001,1/1,국수탐(2)
서울대,종교학과,종교학과,,,,,,,1.51,1.58,,,,-/-,
서울대,중어중문학과,중어중문학과,,,,,,,1.38,1.5,,,,-/-,
서울대,지구과학교육과,지구과학교육과,,,,,,,1.32,1.5,,,94.79979999999999,1/2,국수탐(2)
서울대,지구환경과학부,지구환경과학부,,,,,,,1.45,2.04,1.07,1.09,96.46645000000001,1/4,국수탐(2)
서울대,지리교육과,지리교육과,,,,,,,1.27,1.55,1.13,1.14,94.59985,3/1,국수탐(2)
서울대,지리학과,지리학과,,,,,,,1.31,1.49,1.06,1.08,96.5334,2/1,국수탐(2)
서울대,철학과,철학과,,,,,,,1.24,1.5,,,,-/-,
서울대,첨단융합학부,첨단융합학부,,,,,,,1.15,1.27,1,1,97.33319999999999,2/1,국수탐(2)
서울대,첨단융합학부,첨단융합학부,,,,,,,1.15,1.27,1,1,95.99970000000002,1/1,국수탐(2)
서울대,체육교육과,체육교육과,,,,,,,,,,,94.66680000000001,2/1,국수탐(2)
서울대,치의학과,치의학과,,,,,,,1,1.12,,,99.06655,2/1,국수탐(2)
서울대,치의학과,치의학과,,,,,,,1,1.12,,,97.13305,2/1,국수탐(2)
서울대,컴퓨터공학부,컴퓨터공학부,,,,,,,1.03,1.04,1,1,95.13285,2/1,국수탐(2)
서울대,통계학과,통계학과,,,,,,,,,1,1,99.0666,1/1,국수탐(2)
서울대,항공우주공학과,항공우주공학과,,,,,,,1.59,1.7,1,1,97.39995,3/3,국수탐(2)
서울대,화학교육과,화학교육과,,,,,,,1.38,1.41,1.03,1.08,96.06639999999999,2/1,국수탐(2)
서울대,화학부,화학부,,,,,,,,,1,1.02,95.99995000000001,2/1,국수탐(2)
서울대,화학생물공학부,화학생물공학부,,,,,,,1.17,1.23,1,1.03,93.86605,2/2,국수탐(2)
서울시립대,건축학부 건축공학전공,건축학부 건축공학전공,1.27,1.27,,,,,1.41,1.58,,,91,1/2,국수영탐(2)
서울시립대,건축학부 건축학전공(5년제),건축학부 건축학전공(5년제),1.12,1.12,,,,,1.52,1.65,,,87.44444444444444,1/1,국수영탐(2)
서울시립대,경영학부,경영학부,,,,,,,1.38,1.44,1.53,2.23,89.94117647058823,2/1,국수영탐(2)
서울시립대,경제학부,경제학부,1.22,1.22,,,,,1.58,1.81,,,91.44117647058823,1/1,국수영탐(2)
서울시립대,공간정보공학과,공간정보공학과,1.24,1.24,,,,,1.38,1.41,,,91.88888888888889,2/1,국수영탐(2)
서울시립대,교통공학과,교통공학과,1.26,1.26,,,,,1.66,3.7,,,90.52777777777777,2/1,국수영탐(2)
서울시립대,국사학과,국사학과,,,,,,,1.79,2.69,,,93.0625,2/1,국수영탐(2)
서울시립대,국어국문학과,국어국문학과,,,,,,,1.47,1.57,,,88.875,2/3,국수영탐(2)
서울시립대,국제관계학과,국제관계학과,1.3,1.3,,,,,1.4,1.45,,,89.5625,2/1,국수영탐(2)
서울시립대,기계정보공학과,기계정보공학과,1.17,1.17,,,,,1.35,1.56,,,91.11111111111111,3/3,국수영탐(2)
서울시립대,도시공학과,도시공학과,,,,,,,1.4,1.51,,,91.44444444444444,1/1,국수영탐(2)
서울시립대,도시사회학과,도시사회학과,1.26,1.26,,,,,1.49,1.52,,,89.0625,1/2,국수영탐(2)
서울시립대,도시행정학과,도시행정학과,1.23,1.23,,,,,1.55,2.51,,,92.17647058823529,2/5,국수영탐(2)
서울시립대,물리학과,물리학과,,,,,,,1.34,1.35,,,92.77777777777777,2/1,국수영탐(2)
서울시립대,사회복지학과,사회복지학과,1.28,1.28,,,,,1.57,1.79,,,90.97058823529412,2/4,국수영탐(2)
서울시립대,생명과학과,생명과학과,1.13,1.13,,,,,1.32,1.34,,,92.11111111111111,1/1,국수영탐(2)
서울시립대,세무학과,세무학과,1.26,1.26,,,,,1.36,2.43,,,86.79411764705883,2/3,국수영탐(2)
서울시립대,수학과,수학과,1.26,1.26,,,,,1.4,1.43,,,92,2/3,국수영탐(2)
서울시립대,스포츠과학과,스포츠과학과,,,,,,,1.48,1.57,,,84.28571428571429,2/1,국수영
서울시립대,신소재공학과,신소재공학과,1.17,1.17,,,,,1.32,1.4,,,93.11111111111111,3/2,국수영탐(2)
서울시립대,영어영문학과,영어영문학과,1.29,1.29,,,,,1.81,2.17,,,88.6875,1/4,국수영탐(2)
서울시립대,융합응용화학과,융합응용화학과,,,,,,,1.4,1.47,,,90.41666666666667,2/2,국수영탐(2)
서울시립대,인공지능학과,인공지능학과,1.2,1.2,,,,,1.38,1.41,,,90.44444444444444,2/1,국수영탐(2)
서울시립대,자유전공학부(인문),자유전공학부(인문),1.24,1.24,,,,,,,,,89,2/4,국수영탐(2)
서울시립대,자유전공학부(자연),자유전공학부(자연),1.14,1.14,,,,,,,,,92.88888888888889,2/3,국수영탐(2)
서울시립대,전자전기컴퓨터공학부,전자전기컴퓨터공학부,1.13,1.13,,,,,1.36,1.45,,,88.77777777777777,3/2,국수영탐(2)
서울시립대,조경학과,조경학과,,,,,,,1.56,1.83,,,90.47222222222223,2/2,국수영탐(2)
서울시립대,중국어문화학과,중국어문화학과,,,,,,,2.08,2.23,,,89.1875,1/2,국수영탐(2)
서울시립대,철학과,철학과,,,,,,,1.74,1.83,,,87.5,2/2,국수영탐(2)
서울시립대,첨단융합학부 융합바이오헬스전공,첨단융합학부 융합바이오헬스전공,,,,,,,,,,,,-/-,국수영탐(2)
서울시립대,첨단융합학부 지능형반도체전공,첨단융합학부 지능형반도체전공,1.21,1.21,,,,,,,,,92.22222222222223,1/1,국수영탐(2)
서울시립대,첨단융합학부 첨단인공지능전공,첨단융합학부 첨단인공지능전공,,,,,,,,,,,,-/-,국수영탐(2)
서울시립대,컴퓨터과학부,컴퓨터과학부,1.17,1.17,,,,,1.35,1.35,,,91.55555555555556,3/2,국수영탐(2)
서울시립대,토목공학과,토목공학과,1.22,1.22,,,,,1.5,1.63,,,91.55555555555556,3/5,국수영탐(2)
서울시립대,통계학과,통계학과,1.3,1.3,,,,,1.38,1.43,,,91.11111111111111,3/1,국수영탐(2)
서울시립대,행정학과,행정학과,1.2,1.2,,,,,1.47,1.6,,,87.8125,1/2,국수영탐(2)
서울시립대,화학공학과,화학공학과,1.13,1.13,,,,,1.32,1.37,,,91.66666666666667,2/1,국수영탐(2)
서울시립대,환경공학부,환경공학부,1.17,1.17,,,,,1.36,1.42,,,90.88888888888889,2/1,국수영탐(2)
서울시립대,환경원예학과,환경원예학과,1.19,1.19,,,,,1.36,1.55,,,89.58333333333333,1/2,국수영탐(2)
서울신학대,IT융합학부,IT융합학부,2.63,2.7,2.19,2.24,,,3.2,3.37,,,77.6,4/2,"국수탐(1) 중 2개, 영"
서울신학대,관광경영학과,관광경영학과,2.43,2.62,2.28,2.75,,,3.01,3.18,,,79.6,4/2,"국수탐(1) 중 2개, 영"
서울신학대,글로벌경영학과,글로벌경영학과,2.08,2.18,2.32,2.36,,,2.84,3.08,,,80,4/6,"국수탐(1) 중 2개, 영"
서울신학대,기독교교육과,기독교교육과,3.07,3.23,2.83,2.83,,,3.38,3.45,,,74,3/3,"국수탐(1) 중 2개, 영"
서울신학대,데이터사이언스학과,데이터사이언스학과,2.78,3.07,2.33,2.38,,,,,,,79.2,3/4,"국수탐(1) 중 2개, 영"
서울신학대,사회복지학과,사회복지학과,2.24,2.33,1.78,1.85,,,3.1,3.17,,,79.2,4/5,"국수탐(1) 중 2개, 영"
서울신학대,신학과,신학과,2.91,3.2,3.42,4.19,,,3.45,3.92,,,70.8,3/3,"국수탐(1) 중 2개, 영"
서울신학대,아동보육학과,아동보육학과,2.94,2.96,2.14,2.21,,,3.52,3.59,,,75.2,4/4,"국수탐(1) 중 2개, 영"
서울신학대,유아교육과,유아교육과,2.35,2.43,,,,,2.94,3.05,,,80.8,4/5,"국수탐(1) 중 2개, 영"
서울신학대,일본어문화콘텐츠학과,일본어문화콘텐츠학과,1.72,1.93,2.24,2.38,,,2.55,2.63,,,78,4/2,"국수탐(1) 중 2개, 영"
서울신학대,자율전공학부,자율전공학부,2.09,2.2,2.61,2.74,,,,,,,81.2,4/3,"국수탐(1) 중 2개, 영"
서울신학대,중국언어문화콘텐츠학과,중국언어문화콘텐츠학과,2.43,2.61,2.77,2.78,,,3.22,3.37,,,75.2,3/5,"국수탐(1) 중 2개, 영"
서울여대,메타버스융합콘텐츠전공,AI융합콘텐츠전공,1.75,1.92,,,,,2.04,2.05,1.91,1.91,86.85,2/-,국수영탐(1)
서울여대,데이터사이언스학과,AI융합학부 데이터사이언스전공,1.81,1.86,,,,,1.92,2.04,2.27,2.4,86.55,1/-,국수영탐(1)
서울여대,소프트웨어학과,AI융합학부 소프트웨어전공,2.04,2.05,,,,,2.19,2.23,2.19,2.21,86.4,3/-,국수영탐(1)
서울여대,경영학과,경영학과,1.72,1.72,,,,,2.05,2.2,1.82,1.88,86,3/-,국수영탐(1)
서울여대,경제학과,경제학과,1.77,1.86,,,,,2.04,2.15,2.06,2.12,88.5,2/-,국수영탐(1)
서울여대,국어국문학과,국어국문학과,1.89,1.92,,,,,1.94,1.98,1.97,1.99,86.35,2/-,국수영탐(1)
서울여대,독일문화콘텐츠전공,독일문화콘텐츠전공,1.76,1.89,,,,,2.38,2.58,2.79,2.79,85.75,2/-,국수영탐(1)
서울여대,디지털미디어학과,디지털미디어학과,1.84,1.92,,,,,2.62,2.69,2.6,2.63,86.4,2/-,국수영탐(1)
서울여대,문헌정보학과,문헌정보학과,1.75,1.75,,,,,2.21,2.28,2.19,2.19,87.5,2/-,국수영탐(1)
서울여대,바이오헬스융합학과,바이오헬스융합학과,1.59,1.63,,,,,2.01,2.04,1.83,1.84,87.5,3/-,국수영탐(1)
서울여대,사학과,사학과,1.76,1.77,,,,,2.31,2.31,1.97,1.97,85.55,4/-,국수영탐(1)
서울여대,사회복지학과,사회복지학과,1.73,1.83,,,,,2.32,2.5,2.09,2.09,85.35,2/-,국수영탐(1)
서울여대,산업디자인학과,산업디자인학과,,,,,,,2.09,2.15,1.85,2.15,84.2,4/-,국수영탐(1) 중 3개
서울여대,생명환경공학과,생명환경공학과,1.65,1.65,,,,,1.74,1.92,1.92,1.92,88.5,3/-,국수영탐(1)
서울여대,수학과,수학과,1.85,1.85,,,,,2.08,2.13,2.17,2.17,85.65,3/-,국수영탐(1)
서울여대,스포츠운동과학과,스포츠운동과학과,2.51,2.63,,,,,2.15,2.15,,,85.2,4/-,국수영탐(1) 중 3개
서울여대,시각디자인전공,시각디자인전공,,,,,,,1.98,2.19,,,86.2,3/-,국수영탐(1) 중 3개
서울여대,식품생명공학과,식품생명공학과,1.8,1.8,,,,,1.89,1.94,1.8,1.86,86.45,2/-,국수영탐(1)
서울여대,식품영양학과,식품영양학과,1.63,1.63,,,,,1.96,1.99,1.89,2.01,85.1,2/-,국수영탐(1)
서울여대,심리・인지과학학부,심리・인지과학학부,1.71,1.74,,,,,1.94,2.01,1.85,1.88,86.5,3/-,국수영탐(1)
서울여대,아동학과,아동학과,1.91,1.96,,,,,2.11,2.17,2.17,2.18,85.2,2/-,국수영탐(1)
서울여대,언론영상학부,언론영상학부,1.68,1.73,,,,,1.99,2.01,1.78,1.87,87.3,2/-,국수영탐(1)
서울여대,영어영문학과,영어영문학과,1.61,1.77,,,,,2.06,2.07,1.93,2.11,86.45,4/-,국수영탐(1)
서울여대,원예생명조경학과,원예생명조경학과,1.8,1.81,,,,,1.9,1.99,2.01,2.04,85.95,3/-,국수영탐(1)
서울여대,일어일문학과,일어일문학과,1.87,1.9,,,,,2.29,2.32,2.17,2.19,85.15,3/-,국수영탐(1)
서울여대,중어중문학과,중어중문학과,1.89,1.89,,,,,2.39,2.46,2.32,2.32,85.7,3/-,국수영탐(1)
서울여대,지능정보보호학부,지능정보보호학부,1.82,1.82,,,,,2.33,2.33,2.06,2.18,86.35,3/-,국수영탐(1)
서울여대,첨단미디어디자인전공,첨단미디어디자인전공,1.57,1.69,,,,,1.86,2.03,1.83,1.85,86.6,2/-,국수영탐(1)
서울여대,패션산업학과,패션산업학과,1.74,1.83,,,,,2.22,2.24,1.81,1.81,86.15,2/-,국수영탐(1)
서울여대,프랑스문화콘텐츠전공,프랑스문화콘텐츠전공,1.99,1.99,,,,,2.39,2.81,1.92,1.92,86.35,3/-,국수영탐(1)
서울여대,행정학과,행정학과,1.81,1.88,,,,,1.96,1.97,1.95,2.03,87.7,3/-,국수영탐(1)
서울여대,화학과,화학과,1.72,1.72,,,,,2.06,2.14,1.8,1.82,87.3,2/-,국수영탐(1)
서울장신대,복지상담학부,복지상담학부,3.38,3.78,,,,,,,,,33.57142857142857,3/5,국영탐(1)
서울장신대,신학부,신학부,3.47,3.88,,,,,,,,,48.857142857142854,4/4,국영탐(1)
서울한영대,사회복지학과,사회복지학과,3.13,3.23,,,,,,,,,60.75,5/4,국영탐(1)한
서울한영대,상담심리학과,상담심리학과,3.1,3.16,,,,,,,,,63.875,4/3,국영탐(1)한
서울한영대,신학과,신학과,4.17,4.17,,,,,,,,,44.875,4/5,국영탐(1)한
서울한영대,아동보육학과,아동보육학과,3.73,4.11,,,,,,,,,64.875,3/4,국영탐(1)한
서울한영대,재활복지학과,재활복지학과,3.47,3.52,,,,,,,,,63.125,4/2,국영탐(1)한
서원대,AI소프트웨어학과,AI소프트웨어학과,3.2,3.95,,,,,,,,,,-/-,"국수탐(1) 중 2개, 영"
서원대,건축학과,건축학부,2.97,3.49,,,,,,,,,,-/-,"국수탐(1) 중 2개, 영"
서원대,경영학부,경영학부,2.86,3.43,2.97,3.31,,,,,,,,-/-,"국수탐(1) 중 2개, 영"
서원대,경찰행정학부,경찰행정학부,2.23,2.34,2.23,2.28,2.69,2.97,,,,,,-/-,"국수탐(1) 중 2개, 영"
서원대,광고홍보학과,광고홍보학과,2.51,2.8,2.63,2.8,,,,,,,,-/-,"국수탐(1) 중 2개, 영"
서원대,교육학과,교육학과,1.95,2.06,,,,,,,,,,-/-,"국수탐(1) 중 2개, 영"
서원대,국어교육과,국어교육과,1.63,1.74,,,,,,,,,,-/-,"국수탐(1) 중 2개, 영"
서원대,디자인학과,디자인학과,2.17,2.46,,,,,,,,,,-/-,"국수탐(1) 중 2개, 영"
서원대,레저스포츠학부,레저스포츠학부,2.17,2.34,3.2,4.06,,,,,,,,-/-,
서원대,미디어콘텐츠학부,미디어콘텐츠학부,2.46,2.69,2.46,2.69,,,,,,,,-/-,"국수탐(1) 중 2개, 영"
서원대,바이오코스메틱학과,바이오코스메틱학과,2.63,2.8,3.03,3.43,,,,,,,,-/-,"국수탐(1) 중 2개, 영"
서원대,뷰티학과,뷰티학과,2.92,3.54,2.23,2.4,2.34,2.75,,,,,66.8,5/-,"국수탐(1) 중 2개, 영"
서원대,사회교육과,사회교육과,1.74,1.95,,,,,,,,,,-/-,"국수탐(1) 중 2개, 영"
서원대,사회복지학부,사회복지학과,2.46,2.63,2.58,2.75,2.92,3.66,,,,,,-/-,"국수탐(1) 중 2개, 영"
서원대,상담심리학과,상담심리학과,2.23,2.4,2.28,2.46,3.09,3.6,,,,,,-/-,"국수탐(1) 중 2개, 영"
서원대,생물교육과,생물교육과,2.01,2.34,,,,,,,,,,-/-,"국수탐(1) 중 2개, 영"
서원대,소방행정학과,소방행정학과,2.34,2.58,2.46,2.63,3.03,3.31,,,,,,-/-,"국수탐(1) 중 2개, 영"
서원대,수학교육과,수학교육과,1.63,1.95,,,,,,,,,,-/-,"국수탐(1) 중 2개, 영"
서원대,식품공학과,식품공학과,3.03,4.01,,,,,,,,,,-/-,"국수탐(1) 중 2개, 영"
서원대,식품영양학과,식품영양학과,2.28,2.92,2.69,2.97,,,,,,,,-/-,"국수탐(1) 중 2개, 영"
서원대,아동복지학과,아동복지학과,2.63,2.86,,,,,,,,,,-/-,"국수탐(1) 중 2개, 영"
서원대,역사교육과,역사교육과,1.8,2.01,,,,,,,,,,-/-,"국수탐(1) 중 2개, 영"
서원대,영어교육과,영어교육과,1.8,2.17,,,,,,,,,,-/-,"국수탐(1) 중 2개, 영"
서원대,웹툰콘텐츠학과,웹툰콘텐츠학과,2.8,3.54,,,,,,,,,,-/-,
서원대,유아교육과,유아교육과,2.12,2.51,,,,,,,,,,-/-,"국수탐(1) 중 2개, 영"
서원대,윤리교육과,윤리교육과,1.63,1.8,,,,,,,,,,-/-,"국수탐(1) 중 2개, 영"
서원대,음악교육과,음악교육과,2.12,2.69,,,,,,,,,63.2,3/-,"국수탐(1) 중 2개, 영"
서원대,응급구조학과,응급구조학과,2.34,2.58,2.46,2.63,,,,,,,,-/-,"국수탐(1) 중 2개, 영"
서원대,제약공학과,제약공학과,2.8,3.2,,,,,,,,,,-/-,"국수탐(1) 중 2개, 영"
서원대,체육교육과,체육교육과,1.63,2.01,,,,,,,,,84.4,3/-,"국수탐(1) 중 2개, 영"
서원대,컴퓨터공학과,컴퓨터공학과,2.97,3.81,3.31,3.86,,,,,,,72,5/-,"국수탐(1) 중 2개, 영"
서원대,패션의류학과,패션의류학과,2.01,2.28,2.51,3.14,2.12,2.17,,,,,,-/-,"국수탐(1) 중 2개, 영"
서원대,항공관광학과,항공관광학과,2.75,3.91,2.06,2.28,,,,,,,,-/-,"국수탐(1) 중 2개, 영"
서원대,헬스케어운동학과,헬스케어운동학과,2.92,4.1,2.06,2.23,,,,,,,,-/-,
서원대,호텔외식조리학부,호텔외식조리학부,2.06,2.51,3.09,4.3,2.46,2.51,,,,,,-/-,"국수탐(1) 중 2개, 영"
서원대,환경공학과,환경안전학과,3.43,4.01,,,,,,,,,72.8,5/-,"국수탐(1) 중 2개, 영"
선문대,AI모빌리티융합공학과,AI모빌리티융합공학과,2.65,2.65,,,,,,,,,,-/-,국수영탐(1) 중 2개
선문대,AI소프트웨어학과,AI소프트웨어학과,,,3.56,3.81,,,3.95,3.95,,,23.5,4/4,국수영탐(1) 중 2개
선문대,AI소프트웨어학과,AI소프트웨어학과 및 컴퓨터공학부,,,3.56,3.81,,,3.95,3.95,,,,-/-,
선문대,IT경영학과,IT경영학과,3.25,3.41,,,,,,,,,,4/7,국수영탐(1) 중 2개
선문대,간호학과,간호학과,1.47,1.62,1.84,2.01,,,2.36,2.36,,,78.66666666666666,5/3,국수영탐(1) 중 3개
선문대,건축학부,건축학부,2.58,2.76,,,,,3.67,3.86,,,,4/5,국수영탐(1) 중 2개
선문대,경영학과,경영학과,2.99,3.22,,,,,3.8,3.94,,,,4/7,국수영탐(1) 중 2개
선문대,경찰행정법학과,경찰행정법학과,2.53,2.65,,,,,3.76,3.8,,,,4/4,국수영탐(1) 중 2개
선문대,관광호텔경영학과,관광호텔경영학과,3.07,3.25,,,,,4.03,4.05,,,,4/7,국수영탐(1) 중 2개
선문대,글로벌경제학과,글로벌경제학과,3.25,3.67,,,,,4.03,4.03,,,,4/7,국수영탐(1) 중 2개
선문대,기계공학과,기계공학과,2.69,2.92,,,,,3.96,4.05,,,23.5,4/4,국수영탐(1) 중 2개
선문대,디스플레이반도체공학과,디스플레이반도체공학과,3.25,3.33,,,,,3.9,3.9,,,,4/5,국수영탐(1) 중 2개
선문대,디자인학부 방송콘텐츠디자인전공,디자인학부 방송콘텐츠디자인전공,,,,,,,3.64,3.68,,,,-/-,
선문대,디자인학부 시각디자인전공,디자인학부 시각디자인전공,,,,,,,3.27,3.41,,,,-/-,
선문대,디지털콘텐츠학과,디지털콘텐츠학과,2.65,3.03,,,,,3.8,3.8,,,,4/4,국수영탐(1) 중 2개
선문대,모빌리티시스템공학과,모빌리티시스템공학과,2.61,3.07,,,,,,,,,,-/-,국수영탐(1) 중 2개
선문대,물리치료학과,물리치료학과,1.72,1.97,1.4,1.44,,,2.69,2.69,,,76.99999999999999,4/2,국수영탐(1) 중 3개
선문대,미디어커뮤니케이션학부,미디어커뮤니케이션학부,2.5,2.69,,,,,3.41,3.48,,,,4/4,국수영탐(1) 중 2개
선문대,미래자동차공학부,미래자동차공학부,3.03,3.18,,,,,3.76,3.87,,,23.5,4/4,국수영탐(1) 중 2개
선문대,반도체소재공학과,반도체소재공학과,2.85,3.14,,,,,,,,,,4/5,국수영탐(1) 중 2개
선문대,사학과,사학과,2.27,2.65,,,,,2.88,3.02,,,,4/4,국수영탐(1) 중 2개
선문대,사회복지학과,사회복지학과,2.69,2.85,,,,,3.51,3.71,,,,4/4,국수영탐(1) 중 2개
선문대,산업경영공학과,산업경영공학과,3.22,3.47,,,,,3.91,3.96,,,,4/5,국수영탐(1) 중 2개
선문대,상담심리학과,상담심리학과,2.53,2.61,,,,,3.21,3.48,,,,4/4,국수영탐(1) 중 2개
선문대,소방방재안전학과,소방방재안전학과,2.85,2.99,,,,,3.82,3.82,,,,4/5,국수영탐(1) 중 2개
선문대,수산생명의학과,수산생명의학과,2.85,3.03,,,,,3.45,3.45,,,,5/4,국수영탐(1) 중 2개
선문대,스마트팩토리융합공학과,스마트팩토리융합공학과,3.1,3.1,,,,,,,,,,-/-,국수영탐(1) 중 2개
선문대,식품공학・영양학부,식품공학・영양학부,2.58,2.65,,,,,3.51,3.51,,,,5/4,국수영탐(1) 중 2개
선문대,신학과,신학과,1.72,2.27,,,,,,,,,,-/-,국수영탐(1) 중 2개
선문대,아시아문화학부,아시아문화학부,3.67,3.74,,,,,3.64,3.7,,,,4/7,국수영탐(1) 중 2개
선문대,영화영상학과,영화영상학과,3.03,3.18,,,,,3.53,3.53,,,33.5,6/6,국수영탐(1) 중 2개
선문대,외국어학부 스페인어중남미전공,외국어학부 스페인어중남미전공,2.88,2.92,,,,,3.97,3.97,,,,4/7,국수영탐(1) 중 2개
선문대,외국어학부 영어학전공,외국어학부 영어학전공,2.8,2.96,,,,,3.9,3.9,,,,4/7,국수영탐(1) 중 2개
선문대,외국어학부 일본어전공,외국어학부 일본어전공,2.34,2.42,,,,,3.61,3.9,,,,4/7,국수영탐(1) 중 2개
선문대,응급구조학과,응급구조학과,2.5,2.69,2.5,2.53,,,3.05,3.13,,,45.66666666666667,5/3,국수영탐(1) 중 3개
선문대,자유전공학부,자유전공학부,2.58,2.76,,,,,3.84,4.01,,,,5/5,국수영탐(1) 중 2개
선문대,전자공학과,전자공학과,2.73,3.03,,,,,3.75,3.75,,,,4/5,국수영탐(1) 중 2개
선문대,제약생명공학과,제약생명공학과,2.53,2.92,,,,,3.51,3.67,,,,5/4,국수영탐(1) 중 2개
선문대,지능로봇공학과,지능로봇공학과,3.37,3.6,,,,,4,4,,,23.5,4/4,국수영탐(1) 중 2개
선문대,치위생학과,치위생학과,2.38,2.46,1.97,2.04,,,3.33,3.39,,,66.66666666666667,4/5,국수영탐(1) 중 3개
선문대,컴퓨터공학부,컴퓨터공학부,2.99,3.29,,,,,3.87,3.95,,,23.5,4/4,국수영탐(1) 중 2개
선문대,항공서비스학과,항공서비스학과,3.07,3.37,2.85,2.85,,,,,,,,4/7,국수영탐(1) 중 2개
성결대,정보통신공학과,ICT공학과,1.95,2.06,2.86,3.43,,,,,,,77.15,5/-,"국수영 중 2개, 탐(1)"
성결대,자율전공학부,SK자율전공학부,1.85,1.95,,,,,2.4,3.2,,,55.3,4/-,"국수영 중 2개, 탐(1)"
성결대,경영학과,경영학과,1.31,1.52,2.28,2.63,,,,,,,78.6,2/-,"국수영 중 2개, 탐(1)"
성결대,공학계열자율전공학부,공학계열자율전공학부,1.95,2.06,2.63,3.31,,,2.51,2.97,,,76.95,3/-,"국수영 중 2개, 탐(1)"
성결대,국제개발협력학과,국제교류개발협력학과,1.95,2.17,2.75,3.2,,,,,,,76.95,3/-,"국수영 중 2개, 탐(1)"
성결대,글로벌물류학과,글로벌물류학과,2.06,2.17,2.86,3.31,,,,,,,74.65,4/-,"국수영 중 2개, 탐(1)"
성결대,기독교교육상담학과,기독교교육상담학과,2.28,2.51,2.63,2.86,,,,,,,,-/-,"국수영 중 2개, 탐(1)"
성결대,미디어소프트웨어학과,미디어소프트웨어학과,1.85,2.06,2.63,2.97,,,,,,,76.9,3/-,"국수영 중 2개, 탐(1)"
성결대,뷰티디자인학과,뷰티디자인학과,1.22,1.63,2.17,2.4,,,,,,,57.75,4/-,"국수영 중 2개, 탐(1)"
성결대,사회복지학과,사회복지학과,1.52,1.85,2.51,2.75,,,,,,,76.95,4/-,"국수영 중 2개, 탐(1)"
성결대,산업경영공학과,산업시스템공학과,2.06,2.28,2.97,3.31,,,,,,,76.25,3/-,"국수영 중 2개, 탐(1)"
성결대,관광학과,스마트관광항공학부(관광학),2.63,2.97,1.85,2.06,,,,,,,76.9,3/-,"국수영 중 2개, 탐(1)"
성결대,도시디자인정보공학과,스마트도시공학과,1.74,1.95,2.63,3.09,,,,,,,76.25,3/-,"국수영 중 2개, 탐(1)"
성결대,신학과,신학과,3.09,4.06,2.97,4.06,,,,,,,,-/-,"국수영 중 2개, 탐(1)"
성결대,영어영문학과,영미언어문화학과,1.85,2.06,2.63,2.97,,,,,,,76.85,2/-,"국수영 중 2개, 탐(1)"
성결대,유아교육과,유아교육과,1.42,1.74,2.06,2.28,,,,,,,77,3/-,"국수영 중 2개, 탐(1)"
성결대,융합학부,융합학부,1.74,2.06,,,,,,,,,75.95,3/-,"국수영 중 2개, 탐(1)"
성결대,인문사회계열자율전공학부,인문사회계열자율전공학부,1.85,2.06,2.63,2.97,,,2.28,2.97,,,77,1/-,"국수영 중 2개, 탐(1)"
성결대,중어중문학과,중국어문화학과,1.85,1.95,2.86,3.09,,,,,,,71.9,3/-,"국수영 중 2개, 탐(1)"
성결대,컴퓨터공학과,컴퓨터AI공학과,1.52,1.74,2.06,2.97,,,,,,,75.25,4/-,"국수영 중 2개, 탐(1)"
성결대,국어국문학과,한국어문화학과,1.63,1.74,2.63,2.86,,,,,,,76.15,3/-,"국수영 중 2개, 탐(1)"
성결대,행정학부,행정학부,1.85,2.06,2.63,3.31,,,,,,,77.3,2/-,"국수영 중 2개, 탐(1)"
성공회대,경영학부,경영학부,1.19,1.31,,,,,2.35,2.45,,,88,3/2,"국수 중 1개, 영탐(1)"
성공회대,미디어콘텐츠융합학부,미디어콘텐츠융합학부,1.25,1.38,,,,,2.33,2.48,,,86.66666666666666,4/1,"국수 중 1개, 영탐(1)"
성공회대,미래융합학부,미래융합학부,1.85,1.85,,,,,3.03,3.34,,,84.66666666666667,4/3,"국수 중 1개, 영탐(1)"
성공회대,사회융합학부,사회융합학부,1.51,1.65,,,,,2.54,2.59,,,88.33333333333334,3/2,"국수 중 1개, 영탐(1)"
성공회대,소프트웨어융합학부,소프트웨어융합학부,1.51,1.72,,,,,2.75,2.85,,,84.66666666666667,3/3,"국수 중 1개, 영탐(1)"
성공회대,인문융합콘텐츠학부,인문융합콘텐츠학부,1.65,1.78,,,,,2.58,2.69,,,86.33333333333333,3/1,"국수 중 1개, 영탐(1)"
성공회대,자유전공학부,자유전공학부,1.72,1.78,,,,,,,,,86,4/3,"국수 중 1개, 영탐(1)"
성균관대,건설환경공학부,건설환경공학부,1.15,1.17,,,,,1.55,1.65,,,94.65,4/3,국수영탐(2)
성균관대,건설환경공학부,건설환경공학부,1.15,1.17,,,,,1.55,1.65,,,94.2,4/3,국수영탐(2)
성균관대,건축학과(5년제),건축학과(5년제),1.18,1.19,,,,,1.4,1.49,,,,-/-,국수영탐(2)
성균관대,건축학과(5년제),건축학과(5년제),1.18,1.19,,,,,1.4,1.49,,,,-/-,국수영탐(2)
성균관대,공학계열,공학계열,1.09,1.09,,,,,1.3,1.45,2.5,2.75,94.7,2/1,국수영탐(2)
성균관대,공학계열,공학계열,1.09,1.09,,,,,1.3,1.45,2.5,2.75,94.9,2/1,국수영탐(2)
성균관대,글로벌바이오메디컬공학과,글로벌바이오메디컬공학과,1.09,1.1,,,,,2.51,2.72,1.78,1.88,97.55555555555556,2/1,국수영탐(1)
성균관대,글로벌바이오메디컬공학과,글로벌바이오메디컬공학과,1.09,1.1,,,,,2.51,2.72,1.78,1.88,97.55555555555556,2/1,국수영탐(1)
성균관대,물리학과,물리학과,1.15,1.16,,,,,3.17,3.31,,,,-/-,
성균관대,바이오신약・규제과학과,바이오신약・규제과학과,1.09,1.1,,,,,1.74,1.8,,,94.8,3/1,국수영탐(2)
성균관대,바이오신약・규제과학과,바이오신약・규제과학과,1.09,1.1,,,,,1.74,1.8,,,95.8,3/1,국수영탐(2)
성균관대,반도체시스템공학과,반도체시스템공학과,,,,,,,2.39,2.7,1.97,2.2,96,2/1,국수영탐(2)
성균관대,반도체시스템공학과,반도체시스템공학과,,,,,,,2.39,2.7,1.97,2.2,97,2/1,국수영탐(2)
성균관대,반도체융합공학과,반도체융합공학과,1.09,1.11,,,,,1.68,1.93,3.12,3.28,97.44444444444444,2/2,국수영탐(1)
성균관대,반도체융합공학과,반도체융합공학과,1.09,1.11,,,,,1.68,1.93,3.12,3.28,97.11111111111111,2/2,국수영탐(1)
성균관대,배터리학과,배터리학과,1.05,1.06,,,,,1.35,1.81,2.5,2.95,97.33333333333333,3/3,국수영탐(1)
성균관대,배터리학과,배터리학과,1.05,1.06,,,,,1.35,1.81,2.5,2.95,96.55555555555556,3/3,국수영탐(1)
성균관대,생명과학과,생명과학과,1.07,1.08,,,,,3.11,3.2,,,,-/-,
성균관대,수학과,수학과,1.14,1.18,,,,,2.41,2.57,,,,-/-,
성균관대,스포츠과학과,스포츠과학과,,,,,,,1.45,1.66,,,88.44444444444444,3/5,국수영탐(1)
성균관대,약학과,약학과,,,,,,,1.22,1.63,,,97.55555555555556,3/2,국수영탐(2)
성균관대,약학과,약학과,,,,,,,1.22,1.63,,,96.88888888888889,3/2,국수영탐(2)
성균관대,양자정보공학과,양자정보공학과,,,,,,,1.94,2.06,3.27,3.39,95.22222222222223,3/2,국수영탐(1)
성균관대,양자정보공학과,양자정보공학과,,,,,,,1.94,2.06,3.27,3.39,93.11111111111111,3/2,국수영탐(1)
성균관대,에너지학과,에너지학과,1.13,1.13,,,,,1.47,2.08,3.35,3.45,96.66666666666667,2/1,국수영탐(1)
성균관대,에너지학과,에너지학과,1.13,1.13,,,,,1.47,2.08,3.35,3.45,96.33333333333333,2/1,국수영탐(1)
성균관대,의예과,의예과,,,,,,,1.12,1.54,,,99.16666666666667,2/1,국수영탐(2)
성균관대,의예과,의예과,,,,,,,1.12,1.54,,,99.44444444444444,2/1,국수영탐(2)
성균관대,자연과학계열,자연과학계열,1.06,1.08,,,,,1.42,1.72,3.08,3.2,93,2/3,국수영탐(2)
성균관대,자연과학계열,자연과학계열,1.06,1.08,,,,,1.42,1.72,3.08,3.2,93.88888888888889,2/3,국수영탐(2)
성균관대,전자전기공학부,전자전기정보공학부,1.06,1.06,,,,,1.25,1.33,3.09,3.1,95.5,3/1,국수영탐(2)
성균관대,전자전기공학부,전자전기정보공학부,1.06,1.06,,,,,1.25,1.33,3.09,3.1,95.9,3/1,국수영탐(2)
성균관대,지능형소프트웨어학과,지능형소프트웨어학과,,,,,,,2.71,2.88,1.6,1.75,97.7,2/1,국수영탐(2)
성균관대,지능형소프트웨어학과,지능형소프트웨어학과,,,,,,,2.71,2.88,1.6,1.75,97.65,2/1,국수영탐(2)
성균관대,지능형소프트웨어학과,지능형소프트웨어학과A,,,,,,,2.71,2.88,1.6,1.75,97.65,2/1,국수영탐(2)
성균관대,소프트웨어학과,컴퓨터공학과,1.12,1.14,,,,,1.4,1.86,2.85,2.87,95.5,2/2,국수영탐(2)
성균관대,소프트웨어학과,컴퓨터공학과,1.12,1.14,,,,,1.4,1.86,2.85,2.87,95.2,2/2,국수영탐(2)
성균관대,화학과,화학과,1.08,1.09,,,,,2.88,3.02,,,,-/-,
성균관대,경영학과,경영학과,1.11,1.19,,,,,1.9,2.04,,,95.1,3/2,국수영탐(2)
성균관대,경영학과,경영학과,1.11,1.19,,,,,1.9,2.04,,,94.5,3/2,국수영탐(2)
성균관대,교육학과,교육학과,1.19,1.2,,,,,1.71,2.08,,,94,3/1,국수영탐(2)
성균관대,교육학과,교육학과,1.19,1.2,,,,,1.71,2.08,,,94.6,3/1,국수영탐(2)
성균관대,국어국문학과,국어국문학과,1.17,1.21,,,,,,,,,,-/-,
성균관대,글로벌융합학부,글로벌AI융합학부,,,,,,,1.97,2.41,,,94.55555555555556,3/1,국수영탐(2)
성균관대,글로벌융합학부,글로벌AI융합학부,,,,,,,1.97,2.41,,,94.55555555555556,3/1,국수영탐(2)
성균관대,글로벌경영학과,글로벌경영학과,1.11,1.14,,,,,1.99,2.05,,,96.77777777777777,2/2,국수영탐(1)
성균관대,글로벌경영학과,글로벌경영학과,1.11,1.14,,,,,1.99,2.05,,,97,2/2,국수영탐(1)
성균관대,글로벌경제학과,글로벌경제학과,1.14,1.14,,,,,1.83,1.96,,,94.44444444444444,3/1,국수영탐(2)
성균관대,글로벌경제학과,글로벌경제학과,1.14,1.14,,,,,1.83,1.96,,,93.33333333333333,3/1,국수영탐(2)
성균관대,글로벌리더학부,글로벌리더학부,1.14,1.14,,,,,1.67,1.92,,,94.5,2/3,국수영탐(2)
성균관대,글로벌리더학부,글로벌리더학부,1.14,1.14,,,,,1.67,1.92,,,94.8,2/3,국수영탐(2)
성균관대,독어독문학과,독어독문학과,,,,,,,1.99,2.12,,,,-/-,
성균관대,러시아어문학과,러시아어문학과,,,,,,,1.73,2,,,,-/-,
성균관대,사학과,사학과,1.24,1.26,,,,,,,,,,-/-,
성균관대,사회과학계열,사회과학계열,1.11,1.13,,,,,1.52,1.87,,,93.55555555555556,2/1,국수영탐(2)
성균관대,사회과학계열,사회과학계열,1.11,1.13,,,,,1.52,1.87,,,92.88888888888889,2/1,국수영탐(2)
성균관대,사회복지학과,사회복지학과,1.17,1.19,,,,,1.75,1.94,,,,-/-,
성균관대,사회학과,사회학과,1.16,1.19,,,,,1.92,2.2,,,,-/-,
성균관대,수학교육과,수학교육과,1.16,1.18,,,,,1.57,1.61,,,95.35,1/1,국수영탐(2)
성균관대,수학교육과,수학교육과,1.16,1.18,,,,,1.57,1.61,,,94.5,1/1,국수영탐(2)
성균관대,심리학과,심리학과,1.13,1.14,,,,,,,,,,-/-,
성균관대,아동・청소년학과,아동・청소년학과,1.19,1.19,,,,,1.55,1.77,,,,-/-,
성균관대,영상학과,영상학과,1.18,1.18,,,,,2.03,2.19,,,94.4,2/1,국수영탐(2)
성균관대,영상학과,영상학과,1.18,1.18,,,,,2.03,2.19,,,93.3,2/1,국수영탐(2)
성균관대,유학・동양학과,유학・동양학과,1.19,1.2,,,,,1.63,1.87,,,,-/-,
성균관대,의상학과,의상학과,1.19,1.19,,,,,2.12,2.39,,,92.11111111111111,3/3,국수영탐(2)
성균관대,의상학과,의상학과,1.19,1.19,,,,,2.12,2.39,,,91.44444444444444,3/3,국수영탐(2)
성균관대,인문과학계열,인문과학계열,1.14,1.16,,,,,1.85,2.01,,,94.4,2/1,국수영탐(2)
성균관대,인문과학계열,인문과학계열,1.14,1.16,,,,,1.85,2.01,,,94.4,2/1,국수영탐(2)
성균관대,자유전공계열,자유전공계열,1.1,1.1,,,,,1.53,1.83,,,92.94444444444444,3/3,국수영탐(2)
성균관대,자유전공계열,자유전공계열,1.1,1.1,,,,,1.53,1.83,,,93.77777777777777,3/3,국수영탐(2)
성균관대,철학과,철학과,1.19,1.19,,,,,,,,,,-/-,
성균관대,컴퓨터교육과,컴퓨터교육과,1.14,1.15,,,,,1.27,1.36,,,95,3/1,국수영탐(2)
성균관대,컴퓨터교육과,컴퓨터교육과,1.14,1.15,,,,,1.27,1.36,,,94.1,3/1,국수영탐(2)
성균관대,통계학과,통계학과,1.12,1.13,,,,,,,,,,-/-,
성균관대,프랑스어문학과,프랑스어문학과,,,,,,,2.02,2.06,,,,-/-,
성균관대,한문교육과,한문교육과,1.18,1.18,,,,,1.51,1.9,,,93.6,3/2,국수영탐(2)
성균관대,한문교육과,한문교육과,1.18,1.18,,,,,1.51,1.9,,,94.1,3/2,국수영탐(2)
성균관대,한문학과,한문학과,1.21,1.21,,,,,2.05,2.07,,,,-/-,
성신여대,AI융합학부,AI융합학과,,,,,,,1.94,2.05,,,89.725,2/3,국수영탐(2)
성신여대,간호학과,간호학과,1.14,1.22,,,,,1.53,1.58,,,88.65,1/1,국수영탐(2)
성신여대,간호학과,간호학과,1.14,1.22,,,,,1.53,1.58,,,86.8,2/3,국수영탐(2)
성신여대,경영학과,경영학과,,,,,,,1.81,1.88,,,85.675,2/5,국수영탐(2)
성신여대,경제학과,경제학과,,,,,,,1.84,1.87,,,85.2,3/3,국수영탐(2)
성신여대,교육학과,교육학과,1.35,1.35,,,,,1.74,1.84,,,85.35,2/2,국수영탐(2)
성신여대,국어국문학과,국어국문학과,,,,,,,1.77,1.81,,,87,1/5,국수영탐(2)
성신여대,독일어문・문화학과,독일어문・문화학과,,,,,,,2.73,2.77,,,86.6,2/2,국수영탐(2)
성신여대,문화예술경영학과,문화예술경영학과,,,,,,,1.84,2.05,,,86.9,2/2,국수영탐(2)
성신여대,미디어커뮤니케이션학과,미디어커뮤니케이션학과,,,,,,,1.71,1.74,,,85.975,3/2,국수영탐(2)
성신여대,바이오식품공학과,바이오식품공학과,,,,,,,1.71,1.76,,,87.35,2/3,국수영탐(2)
성신여대,바이오신약의과학부,바이오신약의과학부,,,,,,,1.66,1.72,,,85.75,2/1,국수영탐(2)
성신여대,바이오헬스융합학부,바이오헬스융합학부,,,,,,,1.84,1.94,,,84.9,4/1,국수영탐(2)
성신여대,법학부,법학부,,,,,,,1.84,1.91,,,85.9,3/2,국수영탐(2)
성신여대,뷰티산업학과,뷰티산업학과,,,,,,,1.96,2.08,,,,-/-,
성신여대,사학과,사학과,,,,,,,1.84,1.96,,,86.4,2/1,국수영탐(2)
성신여대,사회교육과,사회교육과,1.49,1.49,,,,,1.78,1.91,,,86,4/1,국수영탐(2)
성신여대,사회복지학과,사회복지학과,,,,,,,1.92,1.98,,,84.875,4/4,국수영탐(2)
성신여대,서비스디자인공학과,서비스디자인공학과,,,,,,,2,2.12,,,85.85,2/1,국수영탐(2)
성신여대,소비자산업학과,소비자산업학과,,,,,,,1.87,1.93,,,83.15,2/3,국수영탐(2)
성신여대,"수리통계데이터사이언스학부(수학,핀테크)","수리통계데이터사이언스학부(수학,핀테크)",,,,,,,1.93,1.97,,,83.9,2/2,국수영탐(2)
성신여대,"수리통계데이터사이언스학부(통계학,빅데이터사이언스)","수리통계데이터사이언스학부(통계학,빅데이터사이언스)",,,,,,,2.05,2.1,,,85.2,3/2,국수영탐(2)
성신여대,심리학과,심리학과,,,,,,,1.77,1.81,,,86.05,4/4,국수영탐(2)
성신여대,영어영문학과,영어영문학과,,,,,,,1.99,2.73,,,86.8,2/1,국수영탐(2)
성신여대,유아교육과,유아교육과,1.51,1.52,,,,,1.84,1.94,,,85.5,3/1,국수영탐(2)
성신여대,윤리교육과,윤리교육과,1.31,1.31,,,,,1.83,1.94,,,86.45,3/1,국수영탐(2)
성신여대,AI융합학부,융합AI반도체공학과,,,,,,,1.94,2.05,,,89.725,2/3,국수영탐(2)
성신여대,융합보안공학과,융합보안공학과,,,,,,,2.1,2.17,,,85.1,2/5,국수영탐(2)
성신여대,의류산업학과,의류산업학과,,,,,,,1.81,1.84,,,86.525,3/2,국수영탐(2)
성신여대,일본어문・문화학과,일본어문・문화학과,,,,,,,2.13,2.26,,,86.6,2/1,국수영탐(2)
성신여대,정치외교학과,정치외교학과,,,,,,,1.67,1.77,,,86.35,2/2,국수영탐(2)
성신여대,중국어문・문화학과,중국어문・문화학과,,,,,,,2.59,2.7,,,86.5,3/3,국수영탐(2)
성신여대,지리학과,지리학과,,,,,,,1.75,1.85,,,85.15,4/4,국수영탐(2)
성신여대,창의융합학부(자유전공),창의융합학부(자유전공),1.38,1.41,,,,,,,,,84.4,3/1,국수영탐(2)
성신여대,창의융합학부(첨단분야전공),창의융합학부(첨단분야전공),1.45,1.5,,,,,,,,,85.15,2/1,국수영탐(2)
성신여대,청정신소재공학과,청정신소재공학과,,,,,,,1.85,1.88,,,84.75,3/3,국수영탐(2)
성신여대,컴퓨터공학과,컴퓨터공학과,,,,,,,1.95,2.02,,,86.3,3/4,국수영탐(2)
성신여대,프랑스어문・문화학과,프랑스어문・문화학과,,,,,,,2.06,2.22,,,86.5,3/1,국수영탐(2)
성신여대,한문교육과,한문교육과,1.5,1.5,,,,,1.83,1.87,,,84.85,3/1,국수영탐(2)
성신여대,화학・에너지융합학부,화학・에너지융합학부,,,,,,,1.86,1.9,,,84.2,2/1,국수영탐(2)
세명대,컴퓨터학부,AI컴퓨터학부,3.14,3.31,,,,,,,,,50.5,-/-,국수탐탐 중 2개
세명대,간호학과,간호학과,1.74,1.81,2.21,2.36,,,2.24,2.28,,,65.6,2/2,"국수탐(1) 중 2개, 영한 중 1개"
세명대,건축학과,건축학과,3.09,3.37,,,,,,,,,56,-/-,국수탐탐 중 2개
세명대,경영학과,경영학과,3.03,3.31,,,,,,,,,66,-/-,국수탐탐 중 2개
세명대,경찰학과,경찰학과,2.86,2.97,3.49,3.49,,,,,,,64.5,-/-,국수탐탐 중 2개
세명대,광고홍보학과,광고홍보학과,2.86,3.14,,,,,,,,,57.5,-/-,국수탐탐 중 2개
세명대,동물보건학과,동물보건학과,2.69,2.92,,,,,,,,,58.5,-/-,국수탐탐 중 2개
세명대,미디어콘텐츠창작학과,미디어콘텐츠창작학과,2.75,2.86,3.2,3.37,,,,,,,61,-/-,국수탐탐 중 2개
세명대,바이오식품영양학부,바이오식품영양학부,2.92,3.2,,,,,,,,,53.5,-/-,국수탐탐 중 2개
세명대,바이오제약산업학부,바이오제약산업학부,2.92,3.2,,,,,,,,,58.5,-/-,국수탐탐 중 2개
세명대,바이오코스메틱학과,바이오코스메틱학과,2.92,3.14,,,,,,,,,48,-/-,국수탐탐 중 2개
세명대,반려동물산업학과,반려동물산업학과,2.86,2.97,,,,,,,,,64,-/-,국수탐탐 중 2개
세명대,법학과,법학과,2.86,3.09,3.37,3.81,,,,,,,61,-/-,국수탐탐 중 2개
세명대,보건안전학과,보건안전공학과,3.14,3.43,,,,,,,,,50.5,-/-,국수탐탐 중 2개
세명대,부동산지적학과,부동산지적학과,3.37,3.43,,,,,,,,,46.5,-/-,국수탐탐 중 2개
세명대,뷰티케어학과,뷰티케어학과,3.14,3.49,,,,,,,,,36.5,-/-,국수탐탐 중 2개
세명대,사회복지학과,사회복지학과,,,2.97,3.22,,,,,,,53,-/-,국수탐탐 중 2개
세명대,상담심리학과,상담심리학과,,,2.8,3.09,,,,,,,,-/-,국수탐탐 중 2개
세명대,소방방재학과,소방방재학과,2.86,3.03,2.8,3.09,,,,,,,59,-/-,국수탐탐 중 2개
세명대,스마트IT학부,스마트IT학부,3.31,3.43,,,,,,,,,55,-/-,국수탐탐 중 2개
세명대,실내디자인학과,실내디자인학과,2.8,3.03,,,,,,,,,48,-/-,국수탐탐 중 2개
세명대,외국어학부,외국어학부,,,2.69,2.97,,,,,,,53.5,-/-,국수탐탐 중 2개
세명대,임상병리학과,임상병리학과,2.06,2.2,2.51,2.63,,,2.59,2.69,,,63.6,3/-,"국수탐(1) 중 2개, 영한 중 1개"
세명대,자율전공학부,자율전공학부,3.2,3.37,,,,,,,,,62,-/-,국수탐탐 중 2개
세명대,작업치료학과,작업치료학과,2.75,2.88,,,,,3.16,3.2,,,71,-/-,국수탐탐 중 2개
세명대,재난안전학과,재난안전학과,3.6,3.6,,,,,,,,,43,-/-,국수탐탐 중 2개
세명대,전기전자공학과,전기전자공학과,3.03,3.31,,,,,,,,,59,-/-,국수탐탐 중 2개
세명대,한의예과,한의예과,,,,,,,1.06,1.03,,,87.4,1/-,국수영탐(2)
세명대,항공서비스학과,항공서비스학과,2.51,2.75,1.42,1.63,,,,,,,62.5,-/-,국수탐탐 중 2개
세명대,호텔경영학과,호텔경영학과,3.14,3.49,,,,,,,,,51,-/-,국수탐탐 중 2개
세명대,회계세무금융학과,회계세무금융학과,2.75,2.92,,,,,,,,,61.5,-/-,국수탐탐 중 2개
세종대,AI로봇학과,AI로봇학과,1.38,1.42,,,,,1.77,1.92,1.64,1.67,85.0625,1/2,국수영탐(2)
세종대,AI로봇학과,AI로봇학과,1.38,1.42,,,,,1.77,1.92,1.64,1.67,83.90625,1/5,국수영탐(2)
세종대,AI융합전자공학과,AI융합전자공학과,1.27,1.28,,,,,1.65,1.71,1.54,1.54,,-/-,국수영탐(2)
세종대,AI융합전자공학과,IT계열,1.27,1.28,,,,,1.65,1.71,1.54,1.54,84.03125,2/3,국수영탐(2)
세종대,반도체시스템공학과,IT계열,1.36,1.38,,,,,1.58,1.61,1.69,1.69,84.03125,2/3,국수영탐(2)
세종대,정보보호학과,IT계열,1.39,1.42,,,,,1.65,1.65,1.63,1.63,84.03125,2/3,국수영탐(2)
세종대,컴퓨터공학과,IT계열,1.31,1.38,,,,,1.65,1.71,1.5,1.59,84.03125,2/3,국수영탐(2)
세종대,건설환경공학과,건설환경공학과,1.43,1.43,,,,,1.8,1.85,1.62,1.62,84.46875,3/3,국수영탐(2)
세종대,건축공학과,건축공학과,1.41,1.47,,,,,1.51,1.52,1.74,1.74,84.46875,3/3,국수영탐(2)
세종대,건축학과,건축학과,1.27,1.27,,,,,1.61,1.61,1.47,1.47,84.46875,3/3,국수영탐(2)
세종대,경영학부,경상호텔관광계열,1.38,1.39,,,,,1.54,1.57,1.44,1.45,86.375,3/2,국수영탐(2)
세종대,경제학과,경상호텔관광계열,1.37,1.37,,,,,1.63,1.63,1.49,1.52,86.375,3/2,국수영탐(2)
세종대,호텔관광외식경영학부,경상호텔관광계열,1.38,1.42,,,,,1.95,2.69,1.82,2.59,86.375,3/2,국수영탐(2)
세종대,경영학부,경영학부,1.38,1.39,,,,,1.54,1.57,1.44,1.45,86.375,3/2,국수영탐(2)
세종대,경제학과,경제학과,1.37,1.37,,,,,1.63,1.63,1.49,1.52,86.375,3/2,국수영탐(2)
세종대,건설환경공학과,공과계열,1.43,1.43,,,,,1.8,1.85,1.62,1.62,84.46875,3/3,국수영탐(2)
세종대,건축공학과,공과계열,1.41,1.47,,,,,1.51,1.52,1.74,1.74,84.46875,3/3,국수영탐(2)
세종대,건축학과,공과계열,1.27,1.27,,,,,1.61,1.61,1.47,1.47,84.46875,3/3,국수영탐(2)
세종대,기계공학과,공과계열,1.31,1.31,,,,,1.61,1.65,1.59,1.74,84.46875,3/3,국수영탐(2)
세종대,나노신소재공학과,공과계열,1.29,1.3,,,,,1.49,1.61,1.62,1.63,84.46875,3/3,국수영탐(2)
세종대,양자원자력공학과,공과계열,1.43,1.43,,,,,1.63,1.63,1.58,1.58,84.46875,3/3,국수영탐(2)
세종대,에너지자원공학과,공과계열,1.41,1.43,,,,,1.6,1.63,1.69,1.69,84.46875,3/3,국수영탐(2)
세종대,우주항공시스템공학부(우주항공공학전공),공과계열,1.3,1.3,,,,,1.64,1.64,1.55,1.55,84.46875,3/3,국수영탐(2)
세종대,환경융합공학과,공과계열,1.3,1.32,,,,,1.44,1.45,1.61,1.61,84.46875,3/3,국수영탐(2)
세종대,교육학과,교육학과,1.39,1.39,,,,,1.65,1.65,1.86,1.86,84,2/1,국수영탐(2)
세종대,국방AI로봇융합공학과,국방AI로봇융합시스템공학과(해병대)(남),,,,,,,2.09,2.18,,,75.90625,2/-,국수영탐(2)
세종대,국방AI로봇융합공학과,국방AI로봇융합시스템공학과(해병대)(여),,,,,,,2.09,2.18,,,,-/-,국수영탐(2)
세종대,국방AI융합시스템공학과,국방AI융합시스템공학과(해군)(남),,,,,,,1.94,2.04,,,83.71875,3/-,국수영탐(2)
세종대,국방AI융합시스템공학과,국방AI융합시스템공학과(해군)(여),,,,,,,1.94,2.04,,,,-/-,국수영탐(2)
세종대,국어국문학과,국어국문학과,1.44,1.44,,,,,1.52,1.7,1.53,1.53,83.125,2/3,국수영탐(2)
세종대,국제학부,국제학부,1.37,1.41,,,,,1.77,2.49,1.59,1.59,83.125,2/3,국수영탐(2)
세종대,기계공학과,기계공학과,1.31,1.31,,,,,1.61,1.65,1.59,1.74,84.46875,3/3,국수영탐(2)
세종대,나노신소재공학과,나노신소재공학과,1.29,1.3,,,,,1.49,1.61,1.62,1.63,84.46875,3/3,국수영탐(2)
세종대,물리천문학과,물리천문학과,1.21,1.21,,,,,1.49,1.54,1.72,1.75,83.96875,3/2,국수영탐(2)
세종대,미디어커뮤니케이션학과,미디어커뮤니케이션학과,1.32,1.6,,,,,1.52,1.6,1.41,1.48,83.125,2/3,국수영탐(2)
세종대,반도체시스템공학과,반도체시스템공학과,1.36,1.38,,,,,1.58,1.61,1.69,1.69,87.15625,4/1,국수영탐(2)
세종대,법학과,법학과,1.45,1.45,,,,,1.6,1.85,1.64,1.64,83.125,2/3,국수영탐(2)
세종대,사이버국방학과,사이버국방학과(육군)(남),,,,,,,1.76,1.89,,,81.5,3/-,국수영탐(2)
세종대,사이버국방학과,사이버국방학과(육군)(여),,,,,,,1.76,1.89,,,,-/-,국수영탐(2)
세종대,생명시스템학부,생명시스템학부,1.27,1.29,,,,,1.49,1.51,1.36,1.41,83.96875,3/2,국수영탐(2)
세종대,수학통계학과,수학통계학과,1.31,1.31,,,,,1.5,1.5,1.59,1.63,83.96875,3/2,국수영탐(2)
세종대,스마트생명산업융합학과,스마트생명산업융합학과,1.26,1.26,,,,,1.45,1.52,1.63,1.63,85.125,3/3,국수영탐(2)
세종대,양자원자력공학과,양자원자력공학과,1.43,1.43,,,,,1.63,1.63,1.58,1.58,84.46875,3/3,국수영탐(2)
세종대,양자지능정보학과,양자지능정보학과,1.47,1.49,,,,,1.72,1.74,1.72,1.76,84.4375,3/2,국수영탐(2)
세종대,에너지자원공학과,에너지자원공학과,1.41,1.43,,,,,1.6,1.63,1.69,1.69,84.46875,3/3,국수영탐(2)
세종대,역사학과,역사학과,1.45,1.45,,,,,1.63,1.78,1.69,1.69,83.125,2/3,국수영탐(2)
세종대,우주항공시스템공학부(우주항공공학전공),우주항공시스템공학부(우주항공공학전공),1.3,1.3,,,,,1.64,1.64,1.55,1.55,84.46875,3/3,국수영탐(2)
세종대,우주항공시스템공학부(지능형드론융합전공),우주항공시스템공학부(지능형드론융합전공),1.5,1.52,,,,,1.77,1.82,1.59,1.6,84.46875,1/3,국수영탐(2)
세종대,우주항공시스템공학부(항공시스템공학전공),우주항공시스템공학부(항공시스템공학전공),1.49,1.6,,,,,,,,,,-/-,
세종대,인공지능데이터사이언스학과,인공지능데이터사이언스학과,1.55,1.6,,,,,1.68,1.69,1.61,1.63,86.84375,4/4,국수영탐(2)
세종대,인공지능데이터사이언스학과,인공지능데이터사이언스학과,1.55,1.6,,,,,1.68,1.69,1.61,1.63,83.90625,1/5,국수영탐(2)
세종대,교육학과,인문사회계열,1.39,1.39,,,,,1.65,1.65,1.86,1.86,83.125,2/3,국수영탐(2)
세종대,국어국문학과,인문사회계열,1.44,1.44,,,,,1.52,1.7,1.53,1.53,83.125,2/3,국수영탐(2)
세종대,국제학부,인문사회계열,1.37,1.41,,,,,1.77,2.49,1.59,1.59,83.125,2/3,국수영탐(2)
세종대,미디어커뮤니케이션학과,인문사회계열,1.32,1.6,,,,,1.52,1.6,1.41,1.48,83.125,2/3,국수영탐(2)
세종대,법학과,인문사회계열,1.45,1.45,,,,,1.6,1.85,1.64,1.64,83.125,2/3,국수영탐(2)
세종대,역사학과,인문사회계열,1.45,1.45,,,,,1.63,1.78,1.69,1.69,83.125,2/3,국수영탐(2)
세종대,행정학과,인문사회계열,1.46,1.46,,,,,1.35,1.47,1.51,1.51,83.125,2/3,국수영탐(2)
세종대,물리천문학과,자연생명계열,1.21,1.21,,,,,1.49,1.54,1.72,1.75,83.96875,3/2,국수영탐(2)
세종대,생명시스템학부,자연생명계열,1.27,1.29,,,,,1.49,1.51,1.36,1.41,83.96875,3/2,국수영탐(2)
세종대,수학통계학과,자연생명계열,1.31,1.31,,,,,1.5,1.5,1.59,1.63,83.96875,3/2,국수영탐(2)
세종대,화학과,자연생명계열,1.38,1.38,,,,,1.58,1.58,1.3,1.3,83.96875,3/2,국수영탐(2)
세종대,자유전공학부,자유전공학부,1.38,1.4,,,,,,,,,86.1875,3/2,국수영탐(2)
세종대,정보보호학과,정보보호학과,1.39,1.42,,,,,1.65,1.65,1.63,1.63,84.03125,2/3,국수영탐(2)
세종대,지능정보융합학과,지능정보융합학과,1.39,1.41,,,,,1.77,1.83,1.66,1.68,83.8125,3/2,국수영탐(2)
세종대,지능정보융합학과,지능정보융합학과,1.39,1.41,,,,,1.77,1.83,1.66,1.68,83.90625,1/5,국수영탐(2)
세종대,창의소프트학부(디자인이노베이션전공),창의소프트학부(디자인이노베이션전공),,,,,,,1.8,1.9,,,86.1875,1/-,국수영탐(2)
세종대,창의소프트학부(만화애니메이션텍전공),창의소프트학부(만화애니메이션텍전공),,,,,,,1.66,1.84,,,85,3/-,국수영탐(2)
세종대,컴퓨터공학과,컴퓨터공학과,1.31,1.38,,,,,1.65,1.71,1.5,1.59,84.03125,2/3,국수영탐(2)
세종대,콘텐츠소프트웨어학과,콘텐츠소프트웨어학과,1.63,1.64,,,,,1.71,1.8,1.68,1.73,84.9375,3/1,국수영탐(2)
세종대,콘텐츠소프트웨어학과,콘텐츠소프트웨어학과,1.63,1.64,,,,,1.71,1.8,1.68,1.73,83.90625,1/5,국수영탐(2)
세종대,행정학과,행정학과,1.46,1.46,,,,,1.35,1.47,1.51,1.51,83.125,2/3,국수영탐(2)
세종대,호텔관광외식경영학부,호텔관광외식경영학부,1.38,1.42,,,,,1.95,2.69,1.82,2.59,86.375,3/2,국수영탐(2)
세종대,화학과,화학과,1.38,1.38,,,,,1.58,1.58,1.3,1.3,83.96875,3/2,국수영탐(2)
세종대,환경융합공학과,환경융합공학과,1.3,1.32,,,,,1.44,1.45,1.61,1.61,84.46875,3/3,국수영탐(2)
세한대,간호학과,간호학과,2.86,3.14,,,,,,,,,,-/-,국수영탐(1)
세한대,글로벌복지한국어학과,글로벌복지한국어학과,,,,,,,,,,,,-/-,국수영탐(1)
세한대,스포츠융합복지학부,글로벌스포츠복지학부,,,,,,,,,,,,-/-,국수영탐(1)
세한대,물리치료학과,물리치료학과,2.78,3.14,,,,,,,,,,-/-,국수영탐(1)
세한대,AI융합학부,AI융합콘텐츠학부,,,,,,,,,,,,-/-,국수영탐(1)
세한대,공공안전학부,공공안전학부,,,,,,,,,,,,-/-,국수영탐(1)
세한대,사회문화복지학부,사회문화복지학부,,,,,,,,,,,,-/-,국수영탐(1)
송원대,간호학과,간호학과,3.14,3.31,,,,,,,,,,-/-,국수영탐(2)한
송원대,건축공학과(야),건축공학과,4.06,4.2,,,,,,,,,,-/-,국수영한
송원대,경찰행정학과,경찰행정학과,3.86,4.06,,,,,,,,,,-/-,국수영한
송원대,한국어교육과,국제자율학부(한국어교육과),,,,,,,,,,,,-/-,국수영한
송원대,미용예술학과,미용예술학과,3.54,3.81,,,,,,,,,,-/-,국수영한
송원대,보건안전관리학과,보건안전관리학과,3.54,3.71,,,,,,,,,,-/-,국수영한
송원대,사회복지학과,사회복지학과,2.75,3.54,,,,,,,,,,-/-,국수영한
송원대,스포츠데이터분석학과,스포츠데이터분석학과,3.81,4.06,,,,,,,,,,-/-,국수영한
송원대,스포츠지도학과,스포츠지도학과,3.25,3.81,,,,,,,,,,-/-,국수영한
송원대,유아교육과,유아교육과,2.17,3.86,,,,,,,,,,-/-,국수영한
송원대,철도운전・관제시스템학과,철도운전・관제시스템학과,2.75,2.97,,,,,,,,,,-/-,국수영한
송원대,철도운전경영학과,철도운전경영학과,2.97,3.31,,,,,,,,,,-/-,국수영한
송원대,철도운전시스템학과,철도운전시스템학과,2.75,2.97,,,,,,,,,,-/-,국수영한
송원대,철도차량시스템학과,철도차량시스템학과,3.54,3.71,,,,,,,,,,-/-,국수영한
송원대,치위생학과,치위생학과,3.31,4.06,,,,,,,,,,-/-,국수영한
송원대,토목환경공학과(야),토목환경공학과(야),,,,,,,,,,,,-/-,국수영한
수원가톨릭대,신학과,신학과,2.4,2.97,3.54,3.54,,,,,,,,-/-,국수영탐(2)한
수원가톨릭대,신학과,신학과,2.4,2.97,3.54,3.54,,,,,,,72.8375475313191,5/1,국수영탐(2)한
수원가톨릭대,신학과,신학과,2.4,2.97,3.54,3.54,,,,,,,,-/-,국수영탐(2)한
수원대,AI데이터과학부,AI데이터과학부,2.6,2.63,2.06,2.25,2,2.4,,,,,83.3,3/3,국수영탐(1)
수원대,AI데이터과학부,AI데이터과학부,2.6,2.63,2.06,2.25,2,2.4,,,,,90.45,4/2,국수영탐(1) 중 3개
수원대,간호학과,간호학과,1.72,1.66,1.83,1.85,1.31,1.4,,,,,82.55,3/4,국수영탐(1)
수원대,건설환경에너지공학부,건설환경에너지공학부,2.43,2.49,1.95,2.01,2.31,2.34,,,,,81.25,2/4,국수영탐(1)
수원대,건설환경에너지공학부,건설환경에너지공학부,2.43,2.49,1.95,2.01,2.31,2.34,,,,,89.3,4/3,국수영탐(1) 중 3개
수원대,건축도시부동산학부,건축도시부동산학부,2.14,2.14,1.98,2.04,2.37,2.43,,,,,81.85,3/1,국수영탐(1)
수원대,건축도시부동산학부,건축도시부동산학부,2.14,2.14,1.98,2.04,2.37,2.43,,,,,90.65,4/3,국수영탐(1) 중 3개
수원대,건축도시부동산학부,건축학과,2.14,2.14,1.98,2.04,2.37,2.43,,,,,81.85,3/1,국수영탐(1)
수원대,건축도시부동산학부,건축학과,2.14,2.14,1.98,2.04,2.37,2.43,,,,,90.65,4/3,국수영탐(1) 중 3개
수원대,경영공학대학,경영공학대학,2.23,2.34,1.87,1.9,2.14,2.19,,,,,82.55,3/3,국수영탐(1)
수원대,경영공학대학,경영공학대학,2.23,2.34,1.87,1.9,2.14,2.19,,,,,90.5,5/5,국수영탐(1) 중 3개
수원대,기계공학부,기계공학부,2.34,2.34,2.12,2.01,2.14,2.34,,,,,83.45,4/2,국수영탐(1)
수원대,기계공학부,기계공학부,2.34,2.34,2.12,2.01,2.14,2.34,,,,,89.8,4/2,국수영탐(1) 중 3개
수원대,건축도시부동산학부,도시부동산학과,2.14,2.14,1.98,2.04,2.37,2.43,,,,,81.85,3/1,국수영탐(1)
수원대,건축도시부동산학부,도시부동산학과,2.14,2.14,1.98,2.04,2.37,2.43,,,,,90.65,4/3,국수영탐(1) 중 3개
수원대,바이오공학과,바이오공학과,2.16,2.2,1.88,1.95,1.88,2.03,,,,,83.55,3/2,국수영탐(1)
수원대,바이오공학과,바이오공학과,2.16,2.2,1.88,1.95,1.88,2.03,,,,,88.4,3/1,국수영탐(1) 중 3개
수원대,반도체공학과,반도체공학과,2.32,2.37,1.9,1.95,2.23,2.23,,,,,80.65,4/1,국수영탐(1)
수원대,반도체공학과,반도체공학과,2.32,2.37,1.9,1.95,2.23,2.23,,,,,88.9,4/3,국수영탐(1) 중 3개
수원대,식품영양학과,식품영양학과,2.04,2.45,1.93,1.95,1.68,1.78,,,,,84.15,4/3,국수영탐(1)
수원대,식품영양학과,식품영양학과,2.04,2.45,1.93,1.95,1.68,1.78,,,,,89.45,3/2,국수영탐(1) 중 3개
수원대,아동가족복지학과,아동가족복지학과,2.36,2.46,2.37,2.27,2.34,2.39,,,,,79.95,4/4,국수영탐(1)
수원대,아동가족복지학과,아동가족복지학과,2.36,2.46,2.37,2.27,2.34,2.39,,,,,89.55,3/5,국수영탐(1) 중 3개
수원대,의류학과,의류학과,2.25,2.25,2,2,2.33,2.39,,,,,81.3,3/1,국수영탐(1)
수원대,의류학과,의류학과,2.25,2.25,2,2,2.33,2.39,,,,,89.15,3/3,국수영탐(1) 중 3개
수원대,인문사회융합대학,인문사회융합대학,2.25,2.28,1.93,1.95,2.04,2.12,,,,,82.45,3/1,국수영탐(1)
수원대,인문사회융합대학,인문사회융합대학,2.25,2.28,1.93,1.95,2.04,2.12,,,,,89.35,2/1,국수영탐(1) 중 3개
수원대,자유전공학부,자유전공학부,2.37,2.34,2.06,2.06,2.34,2.28,,,,,89.9,4/4,국수영탐(1) 중 3개
수원대,전기전자공학부,전기전자공학부,2.46,2.4,2.14,1.95,2.24,2.4,,,,,78.85,4/3,국수영탐(1)
수원대,전기전자공학부,전기전자공학부,2.46,2.4,2.14,1.95,2.24,2.4,,,,,90.45,3/3,국수영탐(1) 중 3개
수원대,지능형보안학부,지능형보안학부,2.4,2.43,2.12,2.12,2.34,2.43,,,,,79.85,3/6,국수영탐(1)
수원대,지능형보안학부,지능형보안학부,2.4,2.43,2.12,2.12,2.34,2.43,,,,,88.3,3/5,국수영탐(1) 중 3개
수원대,컴퓨터공학부,컴퓨터공학부,2.25,2.4,1.98,2.08,2.24,2.33,,,,,78.05,4/4,국수영탐(1)
수원대,컴퓨터공학부,컴퓨터공학부,2.25,2.4,1.98,2.08,2.24,2.33,,,,,89.45,4/2,국수영탐(1) 중 3개
수원대,화학공학・신소재공학부,화학공학・신소재공학부,2.31,2.38,1.88,1.98,2.12,2.23,,,,,82.5,4/5,국수영탐(1)
수원대,화학공학・신소재공학부,화학공학・신소재공학부,2.31,2.38,1.88,1.98,2.12,2.23,,,,,89.45,3/2,국수영탐(1) 중 3개
숙명여대,가족자원경영학과,가족자원경영학과,,,,,,,1.61,1.72,,,82.3529411764706,2/-,국수영탐(2)
숙명여대,경영학부,경영학부,1.24,1.29,,,,,1.52,1.58,,,84.79411764705883,2/-,국수영탐(2)
숙명여대,경제학부,경제학부,1.24,1.29,,,,,1.41,1.49,,,83.94117647058823,2/-,국수영탐(2)
숙명여대,교육학부,교육학부,1.24,1.25,,,,,1.48,1.5,,,86.02941176470588,2/-,국수영탐(2)
숙명여대,글로벌협력전공,글로벌협력전공,,,,,,,1.97,2.29,,,84.73529411764706,2/-,국수영탐(2)
숙명여대,기계시스템학부,기계시스템학부,1.23,1.25,,,,,1.53,1.6,,,82.82352941176471,2/-,국수영탐(2)
숙명여대,데이터사이언스전공,데이터사이언스전공,1.16,1.2,,,,,1.49,1.57,,,83.88235294117646,2/-,국수영탐(2)
숙명여대,독일언어・문화학과,독일언어・문화학과,,,,,,,2.36,2.38,,,85.11764705882354,2/-,국수영탐(2)
숙명여대,르꼬르동블루외식경영전공,르꼬르동블루외식경영전공,1.35,1.38,,,,,1.88,2.33,,,85,2/-,국수영탐(2)
숙명여대,문헌정보학과,문헌정보학과,,,,,,,1.35,1.35,,,85.26470588235294,2/-,국수영탐(2)
숙명여대,문화관광학전공,문화관광학전공,1.33,1.36,,,,,1.68,1.77,,,81.94117647058823,2/-,국수영탐(2)
숙명여대,미디어학부,미디어학부,1.16,1.17,,,,,1.42,1.49,,,85.73529411764706,2/-,국수영탐(2)
숙명여대,법학부,법학부,1.24,1.29,,,,,1.63,2.01,,,84.5,2/-,국수영탐(2)
숙명여대,사회심리학과,사회심리학과,,,,,,,1.4,1.41,,,86.61764705882354,2/-,국수영탐(2)
숙명여대,생명시스템학부,생명시스템학부,1.13,1.15,,,,,1.33,1.42,,,85.3529411764706,2/-,국수영탐(2)
숙명여대,소비자경제학과,소비자경제학과,,,,,,,1.64,1.78,,,87.88235294117646,3/-,국수영탐(2)
숙명여대,수학과,수학과,1.23,1.28,,,,,1.43,1.47,,,84.91176470588235,2/-,국수영탐(2)
숙명여대,식품영양학과,식품영양학과,1.16,1.18,,,,,1.29,1.3,,,84.76470588235294,2/-,국수영탐(2)
숙명여대,신소재물리학부,신소재물리학부,1.25,1.26,,,,,1.41,1.49,,,89.76470588235294,2/-,국수영탐(2)
숙명여대,아동복지학부,아동복지학부,1.33,1.35,,,,,1.49,1.76,,,84.23529411764706,2/-,국수영탐(2)
숙명여대,앙트러프러너십전공,앙트러프러너십전공,,,,,,,2.04,2.17,,,83.73529411764706,2/-,국수영탐(2)
숙명여대,약학부,약학부,1,1,,,,,1.08,1.17,,,97,-/-,국수영탐(2)
숙명여대,역사문화학과,역사문화학과,1.33,1.35,,,,,1.52,1.54,,,83.8529411764706,2/-,국수영탐(2)
숙명여대,영어영문학전공,영어영문학전공,1.26,1.27,,,,,1.58,1.89,,,83.88235294117646,2/-,국수영탐(2)
숙명여대,의류학과,의류학과,1.22,1.24,,,,,1.42,1.45,,,87.8529411764706,2/-,국수영탐(2)
숙명여대,인공지능공학부,인공지능공학부,1.22,1.23,,,,,1.64,1.67,,,81.88235294117646,2/-,국수영탐(2)
숙명여대,일본학과,일본학과,1.31,1.35,,,,,2.2,2.4,,,84.91176470588235,3/-,국수영탐(2)
숙명여대,정치외교학과,정치외교학과,1.29,1.36,,,,,1.41,1.5,,,83.97058823529412,2/-,국수영탐(2)
숙명여대,중어중문학부,중어중문학부,1.27,1.29,,,,,2.28,2.64,,,84.88235294117646,2/-,국수영탐(2)
숙명여대,지능형전자시스템학부,지능형전자시스템학부,1.21,1.24,,,,,1.56,1.77,,,92.02941176470588,3/-,국수영탐(2)
숙명여대,컴퓨터과학전공,컴퓨터과학전공,1.24,1.27,,,,,1.52,1.74,,,85.47058823529412,2/-,국수영탐(2)
숙명여대,테슬(TESL)전공,테슬(TESL)전공,,,,,,,2.38,2.53,,,,-/-,국수영탐(2)
숙명여대,통계학과,통계학과,1.15,1.18,,,,,1.59,1.62,,,88.6470588235294,2/-,국수영탐(2)
숙명여대,프랑스언어・문화학과,프랑스언어・문화학과,,,,,,,2.64,2.67,,,82.6470588235294,3/-,국수영탐(2)
숙명여대,한국어문학부,한국어문학부,1.33,1.35,,,,,1.54,1.58,,,82.02941176470588,2/-,국수영탐(2)
숙명여대,행정학과,행정학과,1.25,1.29,,,,,1.42,1.45,,,80.70588235294117,2/-,국수영탐(2)
숙명여대,홍보광고학과,홍보광고학과,1.22,1.26,,,,,1.49,1.51,,,83.76470588235294,2/-,국수영탐(2)
숙명여대,화공생명공학부,화공생명공학부,1.16,1.17,,,,,1.33,1.38,,,88,2/-,국수영탐(2)
숙명여대,화학과,화학과,1.14,1.18,,,,,1.41,1.44,,,86.97058823529412,2/-,국수영탐(2)
순천향대,메타버스&게임학과,AI게임공학과,2.2,2.67,2.09,2.09,,,2.83,2.95,2.51,2.51,73,4/-,"국영수 중 2개, 탐1)"
순천향대,IT금융경영학과,IT금융경영학과,2.28,2.48,2.78,3.03,,,2.88,2.94,,,78.4,2/-,"국영수 중 2개, 탐1)"
순천향대,간호학과,간호학과,1.31,1.31,,,,,1.58,1.61,,,82.5,2/-,국수영탐(2)
순천향대,건축학과(5),건축학과(5),1.78,2.01,2.17,2.17,,,2.55,2.58,,,80.2,3/-,"국영수 중 2개, 탐1)"
순천향대,경영학과,경영학과,1.67,1.77,2.12,2.12,,,2.53,2.56,,,80,4/-,"국영수 중 2개, 탐1)"
순천향대,경제금융학과,경제금융학과,1.99,2.15,2.53,2.66,,,2.62,2.82,,,78.6,2/-,"국영수 중 2개, 탐1)"
순천향대,경찰행정학과,경찰행정학과,1.36,1.4,1.89,1.89,,,1.92,1.93,,,83.4,3/-,"국영수 중 2개, 탐1)"
순천향대,관광경영학과,관광경영학과,2.27,2.29,2.38,2.74,,,2.69,2.79,,,78.2,2/-,"국영수 중 2개, 탐1)"
순천향대,국제통상학과,국제통상학과,2.36,2.42,2.71,2.78,,,2.85,2.98,,,77.2,3/-,"국영수 중 2개, 탐1)"
순천향대,글로벌문화산업학과,글로벌문화산업학과,1.94,2.12,2.42,2.42,,,2.69,2.76,,,77.8,4/-,"국영수 중 2개, 탐1)"
순천향대,기계공학과,기계공학과,2.05,2.14,2.41,2.43,,,2.64,2.7,,,80.2,2/-,"국영수 중 2개, 탐1)"
순천향대,나노화학공학과,나노화학공학과,2.32,2.38,2.49,2.53,,,2.78,2.85,,,79.4,3/-,"국영수 중 2개, 탐1)"
순천향대,디스플레이신소재공학과,디스플레이신소재공학과,2.35,2.47,2.93,2.94,,,2.87,2.91,,,77.2,3/-,"국영수 중 2개, 탐1)"
순천향대,AI・빅데이터학과,디지털의료스쿨,2.17,2.17,2.67,2.67,,,2.73,2.76,2.19,2.19,75.4,4/-,"국영수 중 2개, 탐1)"
순천향대,사물인터넷학과,디지털의료스쿨,2.66,2.69,2.85,3.2,,,3.23,3.29,3.12,3.12,76,2/-,"국영수 중 2개, 탐1)"
순천향대,의료IT공학과,디지털의료스쿨,2.08,2.21,2.73,2.94,,,2.93,3.02,3.31,3.31,79.6,3/-,"국영수 중 2개, 탐1)"
순천향대,미디어커뮤니케이션학과,미디어커뮤니케이션학과,1.82,1.94,2.03,2.06,,,2.33,2.37,,,78.8,2/-,"국영수 중 2개, 탐1)"
순천향대,법학과,법 ・행정학부(법학전공),1.81,1.84,1.76,1.76,,,2.45,2.51,,,79.6,3/-,"국영수 중 2개, 탐1)"
순천향대,행정학과,법 ・행정학부(행정학전공),2.17,2.17,,,,,2.6,2.79,,,78.4,3/-,"국영수 중 2개, 탐1)"
순천향대,사회복지학과,사회복지학과,1.8,1.94,2.55,2.64,,,2.51,2.57,,,78.8,2/-,"국영수 중 2개, 탐1)"
순천향대,생명과학과,생명과학과,1.98,2.08,2.3,2.41,,,2.56,2.6,,,79.6,3/-,"국영수 중 2개, 탐1)"
순천향대,스마트자동차학과,스마트자동차학과,2.44,2.46,2.4,3.03,,,2.97,3.07,,,76.2,3/-,"국영수 중 2개, 탐1)"
순천향대,스포츠과학과,스포츠과학과,,,,,,,2.78,2.88,,,,-/-,
순천향대,식품영양학과,식품영양학과,1.97,2.13,2.25,2.56,,,2.63,2.81,,,74,4/-,"국영수 중 2개, 탐1)"
순천향대,에너지공학과,에너지공학부,2.24,2.48,2.79,3.02,,,3.13,3.24,,,74.4,4/-,"국영수 중 2개, 탐1)"
순천향대,탄소중립학과,에너지공학부,2.68,2.78,,,,,3.12,3.24,,,72.8,4/-,"국영수 중 2개, 탐1)"
순천향대,에너지환경공학과,에너지환경공학과,2.45,2.74,2.63,2.63,,,2.71,2.88,,,77.8,3/-,"국영수 중 2개, 탐1)"
순천향대,영미학과,영미학과,2.19,2.25,2.81,2.83,,,3.07,3.11,,,78.6,2/-,"국영수 중 2개, 탐1)"
순천향대,유아교육과,유아교육과,2.25,2.29,2.52,2.52,,,2.65,2.7,,,75.8,3/-,"국영수 중 2개, 탐1)"
순천향대,의료생명공학과,의약바이오스쿨,2.1,2.19,2.42,2.69,,,2.31,2.37,,,79.8,3/-,"국영수 중 2개, 탐1)"
순천향대,의생명융합학부(바이오의약전공),의약바이오스쿨,2.04,2.21,,,,,2.56,2.63,,,81.8,3/-,"국영수 중 2개, 탐1)"
순천향대,임상병리학과,의약바이오스쿨(임상병리학과),1.31,1.31,1.67,1.67,,,2.01,2.06,,,83.4,2/-,"국영수 중 2개, 탐1)"
순천향대,의예과,의예과,1,1,,,,,1,1,,,97.6,1/-,국수영탐(2)
순천향대,전기공학과,전기공학과,2.24,2.28,2.66,2.68,,,2.97,3.01,,,76.2,3/-,"국영수 중 2개, 탐1)"
순천향대,전자공학과,전자공학부(전자공학전공),2.34,2.36,2.87,2.95,,,2.67,2.8,,,77.6,4/-,"국영수 중 2개, 탐1)"
순천향대,정보통신공학과,전자공학부(정보통신공학전공),2.61,2.71,2.77,2.83,,,3.13,3.24,,,75,3/-,"국영수 중 2개, 탐1)"
순천향대,전자정보공학과,전자정보공학과,2.51,2.51,2.96,3.05,,,3.13,3.19,,,76.6,2/-,"국영수 중 2개, 탐1)"
순천향대,정보보호학과,정보보호학과,2.21,2.48,2.03,2.03,,,2.93,3.04,2.32,2.32,75.2,3/-,"국영수 중 2개, 탐1)"
순천향대,중국학과,중국학과,2.41,2.48,2.77,2.86,,,3.25,3.58,,,76.6,3/-,"국영수 중 2개, 탐1)"
순천향대,첨단융합공학부,첨단융합공학부,,,,,,,3.4,3.8,,,,-/-,
순천향대,의공학과,첨단의료기기스쿨,2.25,2.28,2.9,2.9,,,2.85,2.91,,,76.2,3/-,"국영수 중 2개, 탐1)"
순천향대,의생명융합학부(헬스케어융합전공),첨단의료기기스쿨,2.59,2.64,,,,,3.07,3.14,,,78.6,2/-,"국영수 중 2개, 탐1)"
순천향대,청소년교육・상담학과,청소년교육 ・ 상담학과,1.4,1.67,,,,,2.35,2.39,,,78.4,3/-,"국영수 중 2개, 탐1)"
순천향대,컴퓨터소프트웨어공학과,컴퓨터공학부(소프트웨어공학전공),2.31,2.55,,,,,2.75,2.98,2.99,2.99,73.4,4/-,"국영수 중 2개, 탐1)"
순천향대,컴퓨터공학과,컴퓨터공학부(컴퓨터공학전공),1.85,1.94,2.46,2.53,,,2.82,2.94,,,77.4,3/-,"국영수 중 2개, 탐1)"
순천향대,특수교육과,특수교육과,1.67,1.94,,,,,2.84,2.95,,,80.6,4/-,"국영수 중 2개, 탐1)"
순천향대,한국문화콘텐츠학과,한국문화콘텐츠학과,2.09,2.12,,,,,2.47,2.48,,,77.6,4/-,"국영수 중 2개, 탐1)"
순천향대,스포츠의학과,헬스케어서비스스쿨,,,,,,,2.41,2.41,,,,-/-,
순천향대,보건행정경영학과,헬스케어서비스스쿨(보건행정경영학과),1.99,2,1.91,2.23,,,2.58,2.66,,,80,3/-,"국영수 중 2개, 탐1)"
순천향대,작업치료학과,헬스케어서비스스쿨(작업치료학과),1.67,2.06,2.21,2.27,,,2.47,2.58,,,77.8,3/-,"국영수 중 2개, 탐1)"
순천향대,화학과,화학과,2.19,2.31,,,,,2.67,2.69,,,77.4,3/-,"국영수 중 2개, 탐1)"
순천향대,환경보건학과,환경보건학과,2.29,2.35,,,,,2.95,3.02,,,77.6,3/-,"국영수 중 2개, 탐1)"
순천향대,회계학과,회계학과,2.12,2.19,,,,,2.9,3,,,80.4,3/-,"국영수 중 2개, 탐1)"
숭실대,AI소프트웨어학부,AI소프트웨어학부,1.29,1.35,,,,,1.58,1.7,2.05,2.14,89.375,3/5,국수영탐(2)
숭실대,건축학부(건축학・건축공학전공),건축학부(건축학・건축공학전공),1.47,1.49,,,,,1.77,1.82,,,85.75,2/1,국수영탐(2)
숭실대,건축학부(실내건축전공),건축학부(실내건축전공),1.54,1.57,,,,,1.94,1.99,,,87.8125,3/3,국수영탐(2)
숭실대,경영학부,경영학부,1.35,1.4,,,,,1.76,1.85,,,86.65625,2/1,국수영탐(2)
숭실대,경제학과,경제학과,1.38,1.47,,,,,1.67,1.71,,,85.71875,2/1,국수영탐(2)
숭실대,국어국문학과,국어국문학과,1.47,1.49,,,,,1.62,1.65,,,84.65625,2/4,국수영탐(2)
숭실대,국제법무학과,국제법무학과,1.39,1.44,,,,,1.8,1.82,,,85.03125,2/5,국수영탐(2)
숭실대,글로벌미디어학부,글로벌미디어학부,1.45,1.49,,,,,1.66,1.74,2,2,85.875,2/1,국수영탐(2)
숭실대,글로벌통상학과,글로벌통상학과,1.41,1.47,,,,,1.84,2,,,88.5,3/3,국수영탐(2)
숭실대,금융학부,금융학부,1.47,1.47,,,,,1.72,1.77,1.68,1.68,86.65625,2/1,국수영탐(2)
숭실대,기계공학부,기계공학부,1.4,1.41,,,,,1.72,1.84,,,87.3125,3/3,국수영탐(2)
숭실대,기독교학과,기독교학과,,,,,,,2.48,2.56,,,,-/-,
숭실대,독어독문학과,독어독문학과,1.47,1.47,,,,,2.28,2.59,,,84.3125,2/1,국수영탐(2)
숭실대,물리학과,물리학과,1.27,1.35,,,,,1.79,1.88,,,84.96875,2/1,국수영탐(2)
숭실대,법학과,법학과,1.34,1.49,,,,,1.79,1.86,,,86.0625,2/1,국수영탐(2)
숭실대,벤처중소기업학과,벤처중소기업학과,1.5,1.52,,,,,1.78,1.86,,,85.84375,2/2,국수영탐(2)
숭실대,불어불문학과,불어불문학과,1.52,1.55,,,,,2.04,2.8,,,87.625,3/4,국수영탐(2)
숭실대,사학과,사학과,1.55,1.55,,,,,1.61,1.67,,,82.6875,2/3,국수영탐(2)
숭실대,사회복지학부,사회복지학부,1.47,1.47,,,,,1.89,1.97,,,84.6875,3/2,국수영탐(2)
숭실대,산업・정보시스템공학과,산업・정보시스템공학과,1.38,1.42,,,,,1.73,1.75,,,84.53125,2/1,국수영탐(2)
숭실대,수학과,수학과,1.38,1.44,,,,,1.59,1.74,,,87.8125,3/1,국수영탐(2)
숭실대,신소재공학과,신소재공학과,1.34,1.38,,,,,1.67,1.71,,,85,1/1,국수영탐(2)
숭실대,언론홍보학과,언론홍보학과,1.33,1.4,,,,,1.55,1.58,,,82.03125,1/2,국수영탐(2)
숭실대,영어영문학과,영어영문학과,1.42,1.42,,,,,1.9,2.04,,,83.21875,2/1,국수영탐(2)
숭실대,의생명시스템학부,의생명시스템학부,1.22,1.22,,,,,1.56,1.58,,,87.25,3/1,국수영탐(2)
숭실대,일어일문학과,일어일문학과,1.49,1.51,,,,,2.71,2.87,,,85.5625,2/2,국수영탐(2)
숭실대,자유전공학부(인문),자유전공학부(인문),1.24,1.29,,,,,,,,,84.65625,2/2,국수영탐(2)
숭실대,자유전공학부(자연),자유전공학부(자연),1.27,1.29,,,,,,,,,86.25,2/2,국수영탐(2)
숭실대,전기공학부,전기공학부,1.38,1.4,,,,,1.78,1.84,,,89,3/4,국수영탐(2)
숭실대,정보보호학과,정보보호학과,,,,,,,1.59,1.61,,,91.6875,2/2,국수영탐(2)
숭실대,정보사회학과,정보사회학과,1.47,1.47,,,,,1.61,1.63,,,82.9375,2/2,국수영탐(2)
숭실대,정보통계・보험수리학과,정보통계・보험수리학과,1.4,1.47,,,,,1.63,1.72,,,91.1875,4/1,국수영탐(2)
숭실대,정치외교학과,정치외교학과,1.43,1.43,,,,,1.61,1.69,,,83.4375,2/3,국수영탐(2)
숭실대,중어중문학과,중어중문학과,1.43,1.49,,,,,2.08,2.1,,,83.625,2/2,국수영탐(2)
숭실대,전자정보공학부(IT융합전공),지능전자공학부,1.41,1.47,,,,,1.63,1.68,,,88.25,2/3,국수영탐(2)
숭실대,전자정보공학부(전자공학전공),지능전자공학부,1.29,1.34,,,,,1.63,1.67,,,86.78125,3/3,국수영탐(2)
숭실대,철학과,철학과,1.42,1.45,,,,,1.92,1.94,,,,-/-,
숭실대,컴퓨터학부,컴퓨터학부,1.31,1.34,,,,,1.49,1.54,1.93,1.93,89.375,3/3,국수영탐(2)
숭실대,평생교육학과,평생교육학과,1.49,1.49,,,,,1.84,1.92,,,87.09375,3/3,국수영탐(2)
숭실대,행정학부,행정학부,1.38,1.45,,,,,1.75,1.75,,,82.71875,1/2,국수영탐(2)
숭실대,화학공학과,화학공학과,1.29,1.31,,,,,1.57,1.61,,,85.90625,2/1,국수영탐(2)
숭실대,화학과,화학과,1.29,1.3,,,,,1.52,1.63,,,87.84375,3/2,국수영탐(2)
숭실대,회계학과,회계학과,1.34,1.37,,,,,1.76,1.89,,,85.25,2/2,국수영탐(2)
신경주대,AI융합미디어창업학과,AI융합미디어창업학과,,,,,,,,,,,39.9,4/-,국영탐(1)
신경주대,AI전기자동차학과,AI전기자동차학과,4.57,4.57,,,,,,,,,,-/-,국수영탐(1)
신경주대,관광사업경영학과,관광사업경영학과,,,,,,,,,,,,-/-,국영탐(1)
신경주대,글로벌외식조리학과,글로벌외식조리학과,4.06,4.06,,,,,,,,,,-/-,국영탐(1)
신경주대,K뷰티예술학과,미용미술향장학과,2.97,2.97,,,,,,,,,,-/-,국영탐(1)
신경주대,반려동물학과,반려동물학과,2.4,3.54,,,,,,,,,,-/-,국수영탐(1)
신경주대,방사선학과,방사선학과,2.97,3.54,,,,,,,,,65.25,5/-,국수영탐(1)
신경주대,스마트팜농축산업학과,스마트팜농축산업학과,2.97,2.97,,,,,,,,,,-/-,국수영탐(1)
신경주대,악기제작학과,악기제작학과,,,,,,,,,,,,-/-,국영탐(1)
신경주대,장례문화산업학과,장례문화산업학과,2.97,2.97,,,,,,,,,32.7,8/-,국영탐(1)
신경주대,산업안전보건학과,재난안전경영학과,3.54,3.54,,,,,,,,,,-/-,국수영탐(1)
신경주대,치위생학과,치위생학과,3.54,3.54,,,,,,,,,,-/-,국수영탐(1)
신경주대,스포츠리더양성학과,태권도학과,,,,,,,,,,,,-/-,국영탐(1)
신라대,간호학과,간호학과,1.37,1.47,1.52,1.85,,,1.58,1.95,,,66.33333333333333,4/4,국수영탐(1)
신라대,건축학과(5년제),건축학과(5년제),3.03,3.54,2.58,2.58,,,,,,,34.333333333333336,4/4,국수영탐(1)
신라대,게임콘텐츠디자인학과,게임컨텐츠디자인학과,2.8,3.31,,,,,,,,,21.666666666666668,6/7,국수영탐(1)
신라대,경영학과,경영학과,3.14,3.25,3.25,3.25,,,1.63,1.63,,,35.333333333333336,4/4,국수영탐(1)
신라대,경찰행정학과,경찰행정학과,2.51,3.03,2.28,2.46,,,2.46,2.01,,,,-/-,국수영탐(1)
신라대,교육학과,교육학과,1.9,1.9,2.23,2.34,,,2.51,2.28,,,66.66666666666667,4/3,국수영탐(1)
신라대,국어교육과,국어교육과,1.69,1.85,2.01,2.12,,,1.52,2.01,,,52,3/1,국수영탐(1)
신라대,문헌정보학과,문헌정보학과,2.51,2.86,2.17,2.51,,,2.63,1.47,,,56.333333333333336,4/2,국수영탐(1)
신라대,문화콘텐츠학과,문화콘텐츠학과,3.09,3.25,,,,,,,,,22.666666666666668,6/3,국수영탐(1)
신라대,물리치료학과,물리치료학과,1.74,1.8,2.06,1.95,,,1.42,1.9,,,64.33333333333333,4/2,국수영탐(1)
신라대,미디어문예창작학과,미디어문예창작학과,2.51,2.92,,,,,3.66,3.66,,,11.333333333333334,1/6,국수영탐(1)
신라대,광고홍보영상미디어학부,미디어커뮤니케이션학부,2.92,3.2,2.75,3.09,,,2.92,2.92,,,38.333333333333336,4/4,국수영탐(1)
신라대,미래융합학과,미래융합학과,1.85,2.63,,,,,,,,,,-/-,
신라대,반려동물학부,반려동물학부,2.46,2.58,2.23,2.51,,,2.06,2.34,,,52,5/5,국수영탐(1)
신라대,뷰티케어학과,뷰티케어학과,2.92,3.14,2.8,3.6,,,,,,,8.666666666666666,7/7,국수영탐(1)
신라대,사회복지학과,사회복지학과,2.51,2.75,2.51,2.69,,,2.86,2.58,,,51.666666666666664,4/4,국수영탐(1)
신라대,상담치료복지학과,상담치료학과,2.86,2.97,2.58,2.69,,,2.63,2.63,,,29,6/3,국수영탐(1)
신라대,소방안전학과,소방안전학과,2.34,2.92,2.86,3.14,,,3.25,3.25,,,41.333333333333336,4/6,국수영탐(1)
신라대,수학교육과,수학교육과,1.47,1.74,1.9,2.01,,,1.37,2.23,,,64,3/2,국수영탐(1)
신라대,실내건축디자인학과,실내건축디자인학과,2.86,2.97,2.01,2.34,,,2.8,2.97,,,37.333333333333336,5/6,국수영탐(1)
신라대,역사교육과,역사교육과,1.37,1.47,1.9,1.95,,,1.69,1.69,,,53.666666666666664,4/1,국수영탐(1)
신라대,영어교육과,영어교육과,1.85,2.06,2.34,2.51,,,2.34,2.51,,,67.66666666666667,2/1,국수영탐(1)
신라대,외식조리학부,외식조리학부,2.69,2.92,2.58,3.25,,,3.03,2.75,,,14.333333333333334,6/6,국수영탐(1)
신라대,웹툰학과,웹툰학과,2.51,2.69,,,,,3.14,2.34,,,18,4/6,국수영탐(1)
신라대,유아교육과,유아교육과,2.23,2.34,1.85,2.12,,,2.34,1.52,,,61.333333333333336,4/6,국수영탐(1)
신라대,응급구조학과,응급구조학과,2.51,2.69,2.69,2.97,,,2.69,2.69,,,41.333333333333336,4/6,국수영탐(1)
신라대,일본어일본학과,일본어일본학과,2.58,2.8,,,,,3.25,3.25,,,61.333333333333336,5/1,국수영탐(1)
신라대,일어교육과,일어교육과,1.85,1.9,2.34,2.46,,,2.4,2.63,,,55.333333333333336,4/4,국수영탐(1)
신라대,체육학부,체육학부,2.12,2.34,2.12,2.51,,,,,,,,-/-,
신라대,치위생학과,치위생학과,2.12,2.23,2.17,2.28,,,2.34,2.69,,,59,3/3,국수영탐(1)
신라대,컴퓨터교육과,컴퓨터교육과,1.52,1.8,1.58,1.8,,,2.58,2.58,,,66.66666666666667,3/1,국수영탐(1)
신라대,패션디자인학과,패션디자인학과,2.97,3.2,3.49,3.86,,,,,,,30,5/5,국수영탐(1)
신라대,항공교통물류학부,항공교통물류학부,2.97,3.43,2.8,3.31,,,2.34,2.34,,,51.333333333333336,4/2,국수영탐(1)
신라대,항공서비스학과,항공서비스학과,2.58,3.2,2.4,2.4,,,2.75,2.75,,,47.666666666666664,5/4,국수영탐(1)
신라대,항공운항학과,항공운항학과,2.4,3.03,2.01,2.06,,,2.69,2.63,,,66.66666666666667,3/6,국수영탐(1)
신라대,항공정비학과,항공정비학과,2.01,2.17,1.9,2.12,,,2.69,2.12,,,57.666666666666664,4/5,국수영탐(1)
신라대,호텔관광학부,호텔관광학과,2.34,2.92,3.25,3.31,,,,,,,25.333333333333332,3/3,국수영탐(1)
신한대,K-뷰티학과,K-뷰티학과,2.17,2.46,1.22,1.63,,,,,,,87.7,4/4,국수영탐(1)한 중 3개
신한대,간호학과,간호학과,1.58,1.58,1.07,1.14,,,2.32,2.61,,,83.75,4/1,"국수한 중 2개, 남은+영탐(1) 중 1개"
신한대,경영대학(자율전공),경영대학(자율전공),2.06,1.85,1.52,1.58,,,2.64,2.79,,,87.35,3/1,국수영탐(1)한 중 3개
신한대,기계공학과,기계공학과,1.9,1.95,1.58,1.69,,,,,,,90.1,1/4,국수영탐(1)한 중 3개
신한대,에너지공학과,기후환경에너지공학과,2.23,2.34,1.74,1.85,,,,,,,86.15,3/5,국수영탐(1)한 중 3개
신한대,미래스포츠융합학과,미래스포츠융합학과,2.34,2.58,,,,,,,,,79.6,2/1,국수영탐(1)한 중 3개
신한대,미래자동차공학과,미래자동차공학과,1.69,2.58,1.74,1.8,,,,,,,72.95,3/1,국수영탐(1)한 중 3개
신한대,바이오식품외식산업학과,바이오식품외식산업학과,1.69,2.01,1.17,1.31,,,,,,,81.15,4/1,국수영탐(1)한 중 3개
신한대,방사선학과,방사선학과,1.31,1.52,1,1,,,2.13,2.18,,,84.25,2/1,"국수한 중 2개, 남은+영탐(1) 중 1개"
신한대,사이버드론봇군사학과,사이버드론봇군사학과,2.63,2.8,,,,,,,,,75.75,4/1,국수영탐(1)한 중 3개
신한대,사회과학대학(자율전공),사회과학대학(자율전공),2.06,2.01,1.52,1.58,,,2.91,3.01,,,79.5,2/2,"국수한 중 2개, 남은+영탐(1) 중 1개"
신한대,산업디자인학과,산업디자인학과,1.58,1.63,,,,,,,,,,2/1,
신한대,소프트웨어융합학과,소프트웨어융합학과,2.23,2.4,1.1,1.14,,,2.4,2.58,,,84,4/1,"국수 중 1개, 남은+영탐(1)한 중 1개"
신한대,스포츠의학과,스포츠의학과,2.12,2.17,1.58,1.74,,,,,,,80.75,4/1,국수영탐(1)한 중 3개
신한대,식품영양학과,식품영양학과,2.01,1.9,1.26,1.52,,,2.65,2.65,,,84.35,4/1,국수영탐(1)한 중 3개
신한대,실내디자인학과,실내디자인학과,2.06,1.85,,,,,,,,,80.85,2/1,국수영탐(1)한 중 3개
신한대,안경광학과,안경광학과,1.85,2.12,1.69,1.69,,,,,,,83.5,3/1,국수영탐(1)한 중 3개
신한대,유아교육과,유아교육과,1.85,1.95,1.8,1.9,,,2.81,3.03,,,79.7,3/1,국수영탐(1)한 중 3개
신한대,임상병리학과,임상병리학과,1.58,1.85,1.22,1.22,,,2.27,2.31,,,79.5,2/2,"국수한 중 2개, 남은+영탐(1) 중 1개"
신한대,전자공학과,전자공학과,2.17,1.9,1.47,1.58,,,,,,,92.1,2/2,국수영탐(1)한 중 3개
신한대,첨단소재공학과,첨단소재공학과,2.17,1.8,1.69,1.74,,,,,,,89.5,4/1,국수영탐(1)한 중 3개
신한대,치기공학과,치기공학과,2.01,1.8,1.63,1.69,,,2.86,2.87,,,87.25,4/2,국수영탐(1)한 중 3개
신한대,치위생학과,치위생학과,1.69,1.8,1.42,1.42,,,2.75,2.75,,,84.75,2/2,"국수한 중 2개, 남은+영탐(1) 중 1개"
신한대,패션디자인학과,패션디자인학과,1.52,1.63,,,,,,,,,84.25,3/1,국수영탐(1)한 중 3개
아신대,기독교교육과 미디어학과,기독교교육과 미디어학과,3.14,3.14,,,,,,,,,,-/-,
아신대,기독교상담학과,기독교상담학과,3.14,3.54,,,,,,,,,,-/-,
아신대,사회복지선교학과,사회복지선교학과,3.54,4.06,,,,,,,,,,-/-,
아신대,신학과,신학과,2.97,4.06,,,,,,,,,,-/-,
아주대,소프트웨어학과,AI컴퓨터공학부,1.44,1.58,,,,,1.59,1.68,1.45,1.48,87.3529411764706,2/2,국수영탐(2)
아주대,간호학과,간호학과,1.17,1.19,,,,,1.31,1.39,,,88.23529411764706,3/1,국수영탐(2)
아주대,간호학과,간호학과,1.17,1.19,,,,,1.31,1.39,,,89.58823529411765,2/4,국수영탐(2)
아주대,건설시스템공학과,건설시스템공학과,1.4,1.51,,,,,1.87,2.44,,,85.41176470588235,3/3,국수영탐(2)
아주대,건축학과,건축학과,1.45,1.57,,,,,1.68,1.75,,,87,3/3,국수영탐(2)
아주대,경영인텔리전스학과,경영인텔리전스학과,1.49,1.56,,,,,1.78,1.87,,,83.76470588235294,2/3,국수영탐(2)
아주대,경영학과,경영학과,1.5,1.51,,,,,2.28,2.77,,,86.94117647058823,2/1,국수영탐(2)
아주대,경제정치사회융합학부,경제정치사회융합학부,1.45,1.63,,,,,1.76,1.92,,,82.76470588235294,3/1,국수영탐(2)
아주대,교통시스템공학과,교통시스템공학과,1.44,1.5,,,,,1.86,2.06,,,83.11764705882354,2/2,국수영탐(2)
아주대,국방디지털융합학과,국방디지털융합학과,,,,,,,2.58,2.8,,,84.22222222222223,3/3,국수영탐(2)
아주대,국어국문학과,국어국문학과,1.6,1.69,,,,,1.66,1.83,,,83.38235294117646,3/1,국수영탐(2)
아주대,금융공학과,금융공학과,1.46,1.51,,,,,1.8,1.95,,,87.29411764705883,1/1,국수영탐(2)
아주대,기계공학과,기계공학과,1.29,1.35,,,,,1.56,1.71,,,87.23529411764706,3/2,국수영탐(2)
아주대,디지털미디어학과,디지털미디어학과,1.49,1.49,,,,,1.76,1.84,,,84.29411764705883,3/1,국수영탐(2)
아주대,문화콘텐츠학과,문화콘텐츠학과,1.49,1.49,,,,,1.52,1.62,,,84.58823529411765,3/1,국수영탐(2)
아주대,미래모빌리티공학과,미래모빌리티공학과,1.37,1.42,,,,,1.67,1.95,,,86.70588235294117,3/1,국수영탐(2)
아주대,불어불문학과,불어불문학과,1.57,1.57,,,,,2.46,2.76,,,82.5,3/1,국수영탐(2)
아주대,사이버보안학과,사이버보안학과,1.36,1.43,,,,,1.55,1.59,,,89.88235294117646,4/4,국수영탐(2)
아주대,사학과,사학과,1.78,1.85,,,,,1.82,1.84,,,83.6470588235294,3/2,국수영탐(2)
아주대,수학과,수학과,1.32,1.45,,,,,1.72,1.77,,,83.82352941176471,3/1,국수영탐(2)
아주대,심리학과,심리학과,1.19,1.27,,,,,1.42,1.57,,,85.38235294117646,3/1,국수영탐(2)
아주대,약학과,약학과,,,,,,,1.04,1.08,,,95.82352941176471,3/1,국수영탐(2)
아주대,영어영문학과,영어영문학과,1.55,1.6,,,,,1.94,2.08,,,84.32352941176471,2/1,국수영탐(2)
아주대,의학과(예과),의학과(예과),1,1,,,,,1,1.09,,,99.16666666666667,3/1,국수영탐(2)
아주대,자유전공학부(인문),자유전공학부(인문),1.37,1.47,,,,,,,,,89.20588235294117,4/1,국수영탐(2)
아주대,자유전공학부(자연),자유전공학부(자연),1.31,1.28,,,,,,,,,86.52941176470588,2/1,국수영탐(2)
아주대,전자공학과,전자공학과,1.24,1.25,,,,,1.5,1.64,,,87.58823529411765,2/3,국수영탐(2)
아주대,지능형반도체공학과,지능형반도체공학과,1.22,1.27,,,,,1.5,1.57,,,90.52941176470588,3/2,국수영탐(2)
아주대,첨단바이오융합대학,첨단바이오융합대학,1.22,1.31,,,,,1.39,1.45,,,84.17647058823529,2/2,국수영탐(2)
아주대,산업공학과,첨단스마트산업공학과,1.38,1.43,,,,,1.61,1.76,,,87,3/2,국수영탐(2)
아주대,첨단신소재공학과,첨단신소재공학과,1.35,1.34,,,,,1.5,1.58,,,92,4/1,국수영탐(2)
아주대,응용화학과,첨단에코에너지공학과,1.4,1.38,,,,,1.47,1.5,,,88.94117647058823,3/2,국수영탐(2)
아주대,환경안전공학과,첨단에코에너지공학과,1.34,1.39,,,,,1.49,1.55,,,82.29411764705883,3/1,국수영탐(2)
아주대,프런티어과학학부,프런티어과학학부,1.38,1.35,,,,,1.6,1.8,,,84.88235294117646,3/1,국수영탐(2)
아주대,행정학과,행정학과,1.55,1.63,,,,,1.76,1.85,,,84,2/3,국수영탐(2)
아주대,화학공학과,화학공학과,1.23,1.3,,,,,1.39,1.44,,,85.58823529411765,3/2,국수영탐(2)
안양대,AI융합학과,AI학부,1.93,2.03,2.27,2.27,,,2.31,2.51,,,82.8,4/-,수영탐(1)
안양대,소프트웨어학과,AI학부,2.35,2.51,2.46,2.66,,,2.29,2.4,,,80.6,3/-,수영탐(1)
안양대,컴퓨터공학과,AI학부,1.64,1.82,1.84,2.2,,,2.16,2.17,,,78.7,4/-,수영탐(1)
안양대,관광경영학과,관광경영학과,1.8,1.81,1.84,2,,,2.12,2.22,,,83.6,3/-,국영탐(1)
안양대,국어국문학과,국어국문학과,1.52,1.57,1.94,1.94,,,1.95,1.95,,,83.2,3/-,국영탐(1)
안양대,글로벌경영학과,글로벌경영학과,1.54,1.63,1.64,1.89,,,2.06,2.12,,,84.6,3/-,국영탐(1)
안양대,글로벌경영학과(야),글로벌경영학과(야),2.34,2.39,2.74,2.76,,,,,,,77.6,3/-,국영탐(1)
안양대,기독교교육과,기독교교육과,2.5,2.6,2.68,2.78,,,,,,,79.5,3/-,국영탐(1)
안양대,통계데이터사이언스학과,데이터사이언스학과,1.88,1.99,2.45,2.45,,,2.3,2.61,,,79.1,4/-,수영탐(1)
안양대,도시정보공학과,도시정보공학과,1.96,2.02,2.16,2.25,,,2.44,2.55,,,81.4,3/-,수영탐(1)
안양대,도시정보공학과(야),도시정보공학과(야),2.5,2.58,2.78,3.03,,,,,,,80.4,3/-,수영탐(1)
안양대,디지털미디어디자인학과,디지털미디어디자인학과,2.45,2.97,1.55,1.55,,,2.17,2.3,,,81.5,4/-,수영탐(1)
안양대,러시아언어문화학과,러시아언어문화학과,1.9,1.93,2.45,2.45,,,2.45,2.45,,,80.3,3/-,국영탐(1)
안양대,뷰티메디컬디자인학과,뷰티메디컬디자인학과,2.21,2.31,1.9,1.91,,,,,,,81.3,4/-,국영탐(1)
안양대,사회계열자유전공,사회계열자유전공,1.75,1.76,2.15,2.15,,,2.66,2.66,,,83,4/-,국영탐(1)
안양대,식품영양학과,식품영양학과,1.29,2.15,1.5,1.85,,,2.28,2.35,,,79.2,5/-,수영탐(1)
안양대,신학과,신학과,2.43,2.49,2.8,2.8,,,,,,,77.5,3/-,국영탐(1)
안양대,영미언어문화학과,영미언어문화학과,1.8,1.99,2.26,2.26,,,2.21,2.21,,,82.5,2/-,국영탐(1)
안양대,유아교육과,유아교육과,1.78,1.89,1.99,2,,,2.18,2.33,,,80.9,3/-,국영탐(1)
안양대,이공계열자유전공,이공계열자유전공,1.9,1.95,2.13,2.29,,,2.35,2.35,,,79.7,4/-,수영탐(1)
안양대,인문계열자유전공,인문계열자유전공,1.74,1.81,2.25,2.29,,,2.34,2.36,,,83.1,4/-,국영탐(1)
안양대,자유전공,자유전공,1.86,1.92,2.08,2.1,,,2.47,2.53,,,85.33333333333333,2/-,국수영탐(1) 중 3개
안양대,정보전기전자공학과,정보전기전자공학과,1.88,1.93,2.23,2.24,,,2.26,2.44,,,84.6,3/-,수영탐(1)
안양대,정보전기전자공학과(야),정보전기전자공학과(야),2.56,2.58,2.86,2.86,,,,,,,77.8,5/-,수영탐(1)
안양대,중국언어문화학과,중국언어문화학과,1.8,1.99,2.22,2.22,,,2.5,2.93,,,81.2,3/-,국영탐(1)
안양대,통계데이터사이언스학과(야),통계데이터사이언스학과(야),2.64,2.67,2.79,2.82,,,,,,,76.6,3/-,수영탐(1)
안양대,행정학과,행정학과,1.64,1.85,1.78,1.78,,,2.04,2.07,,,82.8,4/-,국영탐(1)
안양대,행정학과(야),행정학과(야),2.24,2.37,2.59,2.59,,,,,,,79.2,4/-,국영탐(1)
안양대,화장품발명디자인학과,화장품발명디자인학과,2.01,2.06,2.02,2.02,,,2.46,2.65,,,81.9,4/-,수영탐(1)
안양대,환경에너지공학과,환경에너지공학과,1.9,1.99,2.18,2.18,,,2.13,2.18,,,80.5,5/-,수영탐(1)
안양대,게임콘텐츠학과,게임콘텐츠학과,2.75,2.86,,,,,2.79,2.79,,,45.8,-/-,수영탐(1)
안양대,스마트시티공학과,스마트시티공학과,3.15,3.34,,,,,3.24,3.24,,,48.9,-/-,수영탐(1)
안양대,해양바이오공학과,해양바이오공학과,2.99,3.16,,,,,3.49,3.49,,,49.2,-/-,수영탐(1)
연세대,IT융합공학전공,IT융합공학전공,1.03,1.04,,,,,1.09,1.13,,,95.125,1/1,국수영탐(2)
연세대,간호학과,간호학과,1.06,1.06,,,,,1.19,1.25,,,93.49951998079923,1/1,국수영탐(2)
연세대,건축공학과,건축공학과,1.03,1.04,,,,,1.18,1.2,,,93.625,2/2,국수영탐(2)
연세대,경영학과,경영학과,1.03,1.03,,,,,1.14,1.21,,,92.71428571428571,2/2,국수영탐(2)
연세대,경제학부,경제학부,1.03,1.03,,,,,1.22,1.39,,,93.85714285714286,2/2,국수영탐(2)
연세대,교육학부,교육학부,1.14,1.14,,,,,1.24,1.72,,,92.57142857142857,2/1,국수영탐(2)
연세대,국어국문학과,국어국문학과,1.03,1.05,,,,,1.32,1.44,,,92.71428571428571,2/2,국수영탐(2)
연세대,기계공학부,기계공학부,1.03,1.03,,,,,1.09,1.17,,,94.375,2/2,국수영탐(2)
연세대,노어노문학과,노어노문학과,1.11,1.12,,,,,1.88,2.01,,,92.14285714285714,2/2,국수영탐(2)
연세대,대기과학과,대기과학과,1.03,1.05,,,,,1.39,1.54,,,94.3125,1/2,국수영탐(2)
연세대,도시공학과,도시공학과,1.04,1.04,,,,,1.21,1.41,,,94.75,1/2,국수영탐(2)
연세대,독어독문학과,독어독문학과,1.09,1.11,,,,,1.47,1.47,,,92.28571428571429,2/2,국수영탐(2)
연세대,디스플레이융합공학과,디스플레이융합공학과,1,1.03,,,,,1.32,1.57,,,96.5,2/2,국수영탐(2)
연세대,모빌리티시스템전공,모빌리티시스템전공,1.07,1.07,,,,,1.12,1.13,,,94.12499999999999,2/3,국수영탐(2)
연세대,문헌정보학과,문헌정보학과,1.04,1.09,,,,,1.61,1.69,,,92.28571428571429,2/2,국수영탐(2)
연세대,문화인류학과,문화인류학과,1.03,1.03,,,,,1.46,1.46,,,93.14285714285714,2/1,국수영탐(2)
연세대,물리학과,물리학과,1,1,,,,,1.09,1.13,,,93.5625,2/2,국수영탐(2)
연세대,불어불문학과,불어불문학과,1.09,1.09,,,,,1.63,1.7,,,91.14285714285714,1/2,국수영탐(2)
연세대,사학과,사학과,1.06,1.08,,,,,1.24,1.34,,,91.71428571428571,2/1,국수영탐(2)
연세대,사회복지학과,사회복지학과,1.12,1.12,,,,,1.2,1.24,,,92.28571428571429,2/2,국수영탐(2)
연세대,사회학과,사회학과,1,1.03,,,,,1.2,1.27,,,91.85714285714286,2/1,국수영탐(2)
연세대,사회환경시스템공학부,사회환경시스템공학부,1.06,1.06,,,,,1.17,1.21,,,94.18750000000001,2/2,국수영탐(2)
연세대,산업공학과,산업공학과,1.03,1.03,,,,,1.05,1.08,,,95.125,2/1,국수영탐(2)
연세대,생명공학과,생명공학과,1,1,,,,,1.07,1.08,,,94.125,2/1,국수영탐(2)
연세대,생명과학부,생명과학부,,,,,,,1.1,1.18,,,94,2/1,국수영탐(2)
연세대,생화학과,생화학과,1,1,,,,,1.06,1.06,,,96.5,2/1,국수영탐(2)
연세대,수학과,수학과,1.03,1.03,,,,,1.14,1.15,,,92.875,2/1,국수영탐(2)
연세대,시스템반도체공학과,시스템반도체공학과,1,1,,,,,1.16,1.22,,,95.43749999999999,2/2,국수영탐(2)
연세대,시스템생물학과,시스템생물학과,1.03,1.03,,,,,1.08,1.09,,,97.625,1/1,국수영탐(2)
연세대,식품영양학과,식품영양학과,1.03,1.03,,,,,1.1,1.13,,,91.99903996159846,1/2,국수영탐(2)
연세대,신소재공학부,신소재공학부,1,1.02,,,,,1.09,1.11,,,95.37500000000001,2/2,국수영탐(2)
연세대,신학과,신학과,1.13,1.15,,,,,1.38,1.74,,,90.42857142857143,2/1,국수영탐(2)
연세대,실내건축학과,실내건축학과,1.09,1.09,,,,,1.3,1.38,,,92.899375975039,1/2,국수영탐(2)
연세대,심리학과,심리학과,1.05,1.05,,,,,1.12,1.12,,,92.71428571428571,1/1,국수영탐(2)
연세대,아동・가족학과,아동・가족학과,1.08,1.08,,,,,1.25,1.32,,,91.49939997599904,1/2,국수영탐(2)
연세대,아시아학전공,아시아학전공,,,,,,,1.49,1.72,,,,-/-,
연세대,약학과,약학과,1.21,1.21,,,,,1.06,1.06,,,97.81249999999999,1/1,국수영탐(2)
연세대,언론홍보영상학부,언론홍보영상학부,1.06,1.1,,,,,1.16,1.19,,,92.42857142857143,2/2,국수영탐(2)
연세대,영어영문학과,영어영문학과,1.04,1.05,,,,,1.31,1.39,,,92.14285714285714,1/2,국수영탐(2)
연세대,응용통계학과,응용통계학과,1.03,1.04,,,,,1.19,1.33,,,94.28571428571429,2/1,국수영탐(2)
연세대,의류환경학과,의류환경학과,1,1.03,,,,,1.23,1.25,,,92.59930397215889,1/2,국수영탐(2)
연세대,의예과,의예과,1,1,,,,,1,1,,,99.37499999999999,1/1,국수영탐(2)
연세대,첨단컴퓨팅학부,인공지능시스템학과,1.02,1.02,,,,,1.09,1.14,,,94.0625,2/2,국수영탐(2)
연세대,첨단컴퓨팅학부,인공지능학과,1.02,1.02,,,,,1.09,1.14,,,94.0625,2/2,국수영탐(2)
연세대,전기전자공학부,전기전자공학부,1,1,,,,,1.11,1.13,,,95.00000000000001,2/2,국수영탐(2)
연세대,정치외교학과,정치외교학과,1,1,,,,,1.17,1.34,,,92,1/1,국수영탐(2)
연세대,중어중문학과,중어중문학과,1.09,1.09,,,,,1.84,1.85,,,92.57142857142857,2/1,국수영탐(2)
연세대,지구시스템과학과,지구시스템과학과,1.04,1.04,,,,,1.24,1.27,,,94.375,2/2,국수영탐(2)
연세대,지능형반도체전공,지능형반도체전공,1.04,1.04,,,,,1.22,1.4,,,94.18750000000001,2/2,국수영탐(2)
연세대,진리자유학부(인문),진리자유학부(인문),1.03,1.03,,,,,1.36,1.55,,,92.57142857142857,2/2,국수영탐(2)
연세대,진리자유학부(자연),진리자유학부(자연),1,1,,,,,1.11,1.13,,,93.50000000000001,2/2,국수영탐(2)
연세대,천문우주학과,천문우주학과,1,1,,,,,1.09,1.09,,,93.1875,1/2,국수영탐(2)
연세대,철학과,철학과,1.06,1.07,,,,,1.32,1.51,,,93.71428571428571,1/2,국수영탐(2)
연세대,치의예과,치의예과,1,1,,,,,1,1.03,,,98.375,2/2,국수영탐(2)
연세대,첨단컴퓨팅학부,컴퓨터과학과,1.02,1.02,,,,,1.09,1.14,,,94.0625,2/2,국수영탐(2)
연세대,통합디자인학과,통합디자인학과,1.03,1.07,,,,,1.21,1.33,,,93.49951998079923,1/3,국수영탐(2)
연세대,행정학과,행정학과,1.06,1.08,,,,,1.16,1.21,,,92.28571428571429,2/1,국수영탐(2)
연세대,화공생명공학부,화공생명공학부,1,1,,,,,1.07,1.1,,,93.375,2/2,국수영탐(2)
연세대,화학과,화학과,1.03,1.03,,,,,1.14,1.17,,,93.87500000000001,2/1,국수영탐(2)
연세대,언더우드학부(생명과학공학),언더우드학부(생명과학공학),,,,,,,,,,,,-/-,국수영탐(2)
연세대,언더우드학부(인문・사회),언더우드학부(인문・사회),,,,,,,,,,,91.29947197887914,1/1,국수영탐(2)
연세대,융합과학공학부(ISE),융합과학공학부(ISE),,,,,,,1.14,1.2,,,92.69920796831873,1/2,국수영탐(2)
연세대,융합인문사회과학부(HASS),융합인문사회과학부(HASS),,,,,,,1.16,1.22,,,91.19944797791912,1/2,국수영탐(2)
연세대(미래),AI반도체학부,AI반도체학부,1.73,1.78,2.24,2.26,,,2.53,2.67,,,70,3/3,국수영탐(1)
연세대(미래),AI보건정보관리학과,AI보건정보관리학과,1.58,1.58,,,,,2.11,2.25,,,73.99999999999999,3/3,국수영탐(1)
연세대(미래),간호학과,간호학과,1,1,1.32,1.32,,,1.53,1.57,,,83.66666666666666,5/3,국수영탐(1)
연세대(미래),글로벌엘리트학부,글로벌엘리트학부,,,,,,,,,,,,-/-,국수영탐(1)
연세대(미래),데이터사이언스학부,데이터사이언스학부,1.74,1.74,2.47,2.55,,,2.84,2.87,,,67.57142857142857,4/3,국수영탐(1)
연세대(미래),동아시아국제학부,동아시아국제학부,,,,,,,3.48,3.75,,,63,4/1,국수영탐(1)
연세대(미래),디자인예술학부,디자인예술학부,,,,,,,2.32,2.47,,,,-/-,
연세대(미래),디지털헬스케어학부,디지털헬스케어학부,1.99,2.02,2.23,2.3,,,2.64,2.79,,,66.71428571428571,3/3,국수영탐(1)
연세대(미래),물리치료학과,물리치료학과,1,1,1.25,1.57,,,1.72,1.75,,,78.33333333333333,2/3,국수영탐(1)
연세대(미래),방사선학과,방사선학과,1.05,1.07,1.59,1.59,,,1.81,1.92,,,86.57142857142857,2/2,국수영탐(1)
연세대(미래),소프트웨어학부,소프트웨어학부,1.86,1.97,2.43,2.55,,,2.76,2.88,,,65.85714285714286,3/3,국수영탐(1)
연세대(미래),의예과,의예과,1.04,1.06,1,1,,,1.07,1.09,,,97.625,1/2,국수영탐(2)
연세대(미래),임상병리학과,임상병리학과,1,1.02,1.42,1.48,,,1.8,1.88,,,76.14285714285714,3/3,국수영탐(1)
연세대(미래),자율융합계열,자율융합계열,1.79,1.85,2.35,2.4,,,2.75,2.95,,,68.66666666666666,4/3,국수영탐(1)
연세대(미래),자율융합계열,자율융합계열(인문),1.79,1.85,2.35,2.4,,,2.75,2.95,,,68.66666666666666,4/3,국수영탐(1)
연세대(미래),자율융합계열,자율융합계열(자연),1.79,1.85,2.35,2.4,,,2.75,2.95,,,68.66666666666666,4/3,국수영탐(1)
연세대(미래),작업치료학과,작업치료학과,1.38,1.45,1.78,1.92,,,2.13,2.24,,,76.33333333333333,3/3,국수영탐(1)
연세대(미래),치위생학과,치위생학과,1.31,1.31,,,,,2.08,2.31,,,74.66666666666666,2/3,국수영탐(1)
영남대,건설시스템공학과,건설시스템공학과,2.7,2.8,,,,,2.8,2.84,,,78.2,2/3,국수영탐(2)
영남대,건축학부,건축학부,2.53,2.74,,,,,2.63,2.71,,,75.375,4/2,국수영탐(2)
영남대,경영학과,경영학과,2.22,2.36,,,,,2.34,2.36,,,75.15,4/3,국수영탐(2)
영남대,경제금융학부,경제금융학부,2.49,2.61,,,,,2.78,3,,,76.95,4/4,국수영탐(2)
영남대,경찰행정학과,경찰행정학과,2.14,2.24,,,,,2.25,2.3,,,75.15,4/3,국수영탐(2)
영남대,교육학과,교육학과,2.06,2.11,,,,,2.21,2.27,,,79,3/1,국수영탐(2)
영남대,국어교육과,국어교육과,1.54,1.56,,,,,2.18,2.2,,,79.05,3/6,국수영탐(2)
영남대,국어국문학과,국어국문학과,2.45,2.61,,,,,2.66,2.72,,,72.85,3/5,국수영탐(2)
영남대,국제개발새마을학과,국제개발새마을학과,2.89,2.94,,,,,3.19,3.28,,,69.5,3/4,국수영탐(2)
영남대,군사학과,군사학과,3.12,3.23,,,,,,,,,,-/-,
영남대,글로벌교육학부,글로벌교육학부,2.85,2.89,,,,,3.2,3.21,,,73.6,3/3,국수영탐(2)
영남대,글로벌비즈니스학과,글로벌비즈니스학과,2.49,2.53,,,,,3.56,3.73,,,73.65,4/5,국수영탐(2)
영남대,기계공학부,기계공학부,2.44,2.51,,,,,2.63,2.7,,,76.55,4/4,국수영탐(2)
영남대,도시공학과,도시공학과,2.78,2.84,,,,,3.1,3.55,,,72.375,5/1,국수영탐(2)
영남대,독일언어문화전공,독일언어문화전공,2.85,2.88,,,,,3.71,3.74,,,,-/-,국수영탐(2)
영남대,로봇공학과,로봇공학과,2.83,2.87,,,,,2.93,3.09,,,75.675,2/5,국수영탐(2)
영남대,무역학부,무역학부,2.66,2.72,,,,,2.92,3.05,,,73.65,2/3,국수영탐(2)
영남대,문화인류학과,문화인류학과,2.68,2.71,,,,,2.85,3.17,,,72.25,3/4,국수영탐(2)
영남대,물리학과,물리학과,2.71,2.87,,,,,3.02,3.04,,,73.3,4/5,국수영탐(2)
영남대,미디어커뮤니케이션학과,미디어커뮤니케이션학과,2.27,2.74,,,,,2.32,2.39,,,75.55,4/5,국수영탐(2)
영남대,미래자동차공학과,미래자동차공학과,2.82,2.93,,,,,3.03,3.06,,,72.75,3/4,국수영탐(2)
영남대,사회학과,사회학과,2.34,2.39,,,,,2.58,2.68,,,71.5,5/2,국수영탐(2)
영남대,산림자원학과,산림자원학과,2.58,2.85,,,,,3.07,3.14,,,72.625,4/2,국수영탐(2)
영남대,생명공학과,생명공학과,2.24,2.29,,,,,2.5,2.63,,,75.375,4/1,국수영탐(2)
영남대,생명과학과,생명과학과,2.36,2.5,,,,,2.7,2.72,,,73.025,4/4,국수영탐(2)
영남대,소프트웨어융합전공,소프트웨어융합전공,2.58,2.7,,,,,2.65,2.72,,,73.95,5/3,국수영탐(2)
영남대,수학과,수학과,2.93,2.98,,,,,2.72,2.89,,,71.1,3/3,국수영탐(2)
영남대,수학교육과,수학교육과,2.04,2.05,,,,,2.01,2.2,,,78.25,2/3,국수영탐(2)
영남대,식품경제외식학과,식품경제외식학과,2.76,2.86,,,,,2.9,3.03,,,71.75,3/1,국수영탐(2)
영남대,식품공학과,식품공학과,2.33,2.36,,,,,2.51,2.56,,,72.5,3/5,국수영탐(2)
영남대,식품영양학과,식품영양학과,2.29,2.42,,,,,2.57,2.59,,,72.1,3/6,국수영탐(2)
영남대,신소재공학부,신소재공학부,2.6,2.68,,,,,2.96,3.02,,,74.775,3/3,국수영탐(2)
영남대,심리학과,심리학과,1.62,1.69,,,,,2.28,2.41,,,73.85,3/4,국수영탐(2)
영남대,약학부,약학부,1.03,1.03,,,,,,,,,96.1,4/1,국수영탐(2)
영남대,역사학과,역사학과,2.46,2.55,,,,,2.68,2.77,,,71.35,4/1,국수영탐(2)
영남대,영어교육과,영어교육과,1.9,2.04,,,,,2.15,2.3,,,77.85,3/2,국수영탐(2)
영남대,영어영문학과,영어영문학과,2.39,2.51,,,,,3.07,3.22,,,72.5,3/1,국수영탐(2)
영남대,영어통번역전공,영어통번역전공,2.61,2.76,,,,,2.9,3.5,,,,-/-,
영남대,원예생명과학과,원예생명과학과,2.63,2.73,,,,,2.79,2.96,,,71.875,3/5,국수영탐(2)
영남대,유아교육과,유아교육과,2.22,2.28,,,,,2.49,2.61,,,72.7,3/6,국수영탐(2)
영남대,응용중국어통번역전공,응용중국어통번역전공,2.9,2.94,,,,,2.65,3.8,,,,3/4,국수영탐(2)
영남대,의류패션학과,의류패션학과,2.53,2.59,,,,,2.78,2.9,,,71.75,5/3,국수영탐(2)
영남대,의생명공학과,의생명공학과,1.88,1.99,,,,,2.31,2.43,,,78.825,3/4,국수영탐(2)
영남대,의예과,의예과,1.05,1.06,1.03,1.03,,,,,,,97.9,2/1,국수영탐(2)
영남대,일어일문학과,일어일문학과,2.08,2.15,,,,,2.66,2.75,,,72.1,4/4,국수영탐(2)
영남대,전공자유선택학부(인문),전공자유선택학부(인문),2.41,2.48,,,,,2.61,2.71,,,74.625,4/4,국수영탐(2)
영남대,전공자유선택학부(자연),전공자유선택학부(자연),2.57,2.66,,,,,2.68,2.76,,,74.625,4/4,국수영탐(2)
영남대,전기공학과,전기공학과,2.42,2.52,,,,,2.71,2.81,,,76.225,3/1,국수영탐(2)
영남대,전자공학과,전자공학과,2.19,2.26,,,,,2.44,2.49,,,80.675,2/5,국수영탐(2)
영남대,정보통신공학전공,정보통신공학전공,2.78,2.8,,,,,2.89,2.93,,,74.5,5/4,국수영탐(2)
영남대,정치외교학과,정치외교학과,2.48,2.55,,,,,3.14,3.15,,,73.2,3/5,국수영탐(2)
영남대,조경학과,조경학과,2.62,2.68,,,,,2.7,2.83,,,72.5,4/3,국수영탐(2)
영남대,주거환경학과,주거환경학과,2.85,2.95,,,,,3,3.08,,,71,2/1,국수영탐(2)
영남대,중국언어문화학과,중국언어문화학과,2.99,3,,,,,3.09,3.28,,,71.1,3/2,국수영탐(2)
영남대,차세대반도체학과,차세대반도체학과,2.65,2.73,,,,,2.83,2.85,,,77.35,4/1,국수영탐(2)
영남대,철학과,철학과,2.72,2.73,,,,,3.2,3.51,,,72.55,4/2,국수영탐(2)
영남대,컴퓨터공학전공,컴퓨터공학전공,2.1,2.23,,,,,2.46,2.57,,,77.675,3/4,국수영탐(2)
영남대,통계학과,통계학과,2.72,2.85,,,,,2.98,3.01,,,72.975,3/3,국수영탐(2)
영남대,특수체육교육과,특수체육교육과,1.76,1.77,,,,,,,,,,-/-,
영남대,파이버시스템공학과,파이버시스템공학과,2.95,3,,,,,3.25,3.31,,,73.2,4/5,국수영탐(2)
영남대,프랑스어문전공,프랑스어문전공,2.9,2.98,,,,,3.29,3.46,,,69.95,4/5,국수영탐(2)
영남대,한문교육과,한문교육과,2.46,2.53,,,,,2.76,2.76,,,72.95,4/1,국수영탐(2)
영남대,행정학과,행정학과,2.26,2.39,,,,,2.38,2.54,,,77.55,4/3,국수영탐(2)
영남대,화학공학부,화학공학부,2.35,2.48,,,,,2.53,2.64,,,73.35,4/5,국수영탐(2)
영남대,화학과,화학과,2.64,2.76,,,,,2.83,2.97,,,72.15,3/1,국수영탐(2)
영남대,환경공학과,환경공학과,2.64,2.67,,,,,2.81,2.87,,,72.5,4/3,국수영탐(2)
영남대,회계세무학과,회계세무학과,2.37,2.43,,,,,2.67,2.71,,,72.4,3/4,국수영탐(2)
영남대,휴먼서비스학과,휴먼서비스학과,2.43,2.61,,,,,2.88,2.98,,,70.625,4/3,국수영탐(2)
영남신학대,국제언어다문화학과,기독교융합학부,,,,,,,,,,,,-/-,
영남신학대,사회복지학과,기독교융합학부,,,,,,,,,,,,-/-,
영남신학대,상담심리학과,기독교융합학부,,,,,,,,,,,,-/-,
영남신학대,기독교교육학과,신학부,,,,,,,,,,,,-/-,
영남신학대,신학과,신학부,,,,,,,,,,,,-/-,
영산대,간호학과,간호학과,1.85,2.04,2,2.28,,,,,,,,-/-,국수영탐(1)
영산대,동양무예학과,동양무예학과,1.66,2.17,1.7,2.08,,,,,,,,-/-,국수영탐(1) 중 3개
영산대,물리치료학과,물리치료학과,1.76,2.04,1.92,2.34,1.49,1.9,,,,,,-/-,국수영탐(1)
영산대,자기설계전공학부,자기설계전공학부,2.85,3.73,3.05,4.1,,,,,,,,-/-,국수영탐(1)
영산대,치위생학과,치위생학과,2.47,2.87,3.16,4.02,2.29,2.98,,,,,,-/-,국수영탐(1)
영산대,태권도학과,태권도학과,1.67,2.04,1.46,1.86,,,,,,,,-/-,국수영탐(1) 중 3개
영산대,Bakery&Beverage전공,Bakery&Beverage전공,2.05,2.49,2.21,2.63,,,,,,,,-/-,국수영탐(1)
영산대,K-Food조리전공,K-Food조리전공,2.53,3.25,2.41,2.79,,,,,,,,-/-,국수영탐(1)
영산대,연기공연미디어학부(연기공연예술전공),K-공연방송미디어학과,2.15,2.93,,,,,,,,,,-/-,국수영탐(1) 중 3개
영산대,연기공연미디어학부(방송사진미디어전공),K-공연방송미디어학과,2.48,2.95,2.08,2.69,,,,,,,,-/-,국수영탐(1) 중 3개
영산대,게임VR학과,게임콘텐츠학과,,,2.09,2.86,2.46,3.12,,,,,,-/-,국수영탐(1) 중 3개
영산대,경찰행정학과,경찰행정학과,2.6,3.07,2.57,3.33,2.8,3.45,,,,,,-/-,국수영탐(1)
영산대,동양조리전공,동양조리전공,2.03,2.48,2.17,2.46,,,,,,,,-/-,국수영탐(1)
영산대,레저스포츠관광학과,레저스포츠관광학과,1.63,1.97,1.74,2.27,,,,,,,,-/-,국수영탐(1) 중 3개
영산대,만화애니메이션학과,만화애니메이션학과,1.27,1.61,1.6,1.91,,,,,,,,-/-,국수영탐(1) 중 3개
영산대,미용예술학과,미용예술학과,1.89,2.32,1.99,2.33,,,,,,,,-/-,국수영탐(1) 중 3개
영산대,경찰행정학과,법행정학부(경찰행정전공),2.6,3.07,2.57,3.33,2.8,3.45,,,,,,-/-,국수영탐(1)
영산대,서양조리전공,서양조리전공,2.06,2.57,2.16,2.54,,,,,,,,-/-,국수영탐(1)
영산대,웹툰학과,웹툰학과,1.6,2.13,1.52,1.78,,,,,,,,-/-,국수영탐(1) 중 3개
영산대,항공관광학과,항공관광학과,2.21,2.68,,,,,,,,,,-/-,국수영탐(1)
영산대,호텔관광학과,호텔관광학과,2.85,3.31,2.26,2.96,,,,,,,,-/-,국수영탐(1)
예수대,간호학부,간호학부,2.35,2.43,,,,,,,,,72.55,5/-,국수영탐(1)
용인대,AI융합학부,AI융합학부,1.58,1.69,1.74,1.74,,,,,,,79.8,3/-,수영탐(1)
용인대,경영학과,경영학과,1.47,1.47,1.47,1.47,,,,,,,82.5,2/-,국영탐(1)
용인대,경찰행정학과,경찰행정학과,1.14,1.22,1.47,1.8,,,,,,,81.2,2/-,국수영탐(1)
용인대,경호학과,경호학과,1.26,1.31,,,,,,,,,90.6,3/-,"국수영 중 1개, 탐(1)"
용인대,관광경영학과,관광경영학과,1.47,1.58,1.69,1.69,,,,,,,80.7,2/-,국영탐(1)
용인대,무도계열전공학부,무도계열전공학부,1.42,1.47,,,,,,,,,86.6,3/-,"국수영 중 1개, 탐(1)"
용인대,무전공학부,무전공학부,1.47,1.58,,,,,,,,,83.4,4/-,"국수 중 1개, 영탐(1)"
용인대,문화예술계열전공학부,문화예술계열전공학부,1.31,1.37,,,,,,,,,92.2,2/-,"국수영 중 1개, 탐(1)"
용인대,문화유산학과,문화유산학과,1.74,1.8,1.63,1.74,,,,,,,78.5,2/-,수영탐(1)
용인대,문화콘텐츠학과,문화콘텐츠학과,1.26,1.37,1.47,1.47,,,,,,,82.7,3/-,국영탐(1)
용인대,물리치료학과,물리치료학과,1.1,1.14,1.22,1.22,,,,,,,85.2,3/-,수영탐(1)
용인대,바이오생명공학과,바이오생명공학과,1.47,1.47,1.42,1.42,,,,,,,79.9,3/-,수영탐(1)
용인대,보건환경안전학과,보건환경안전학과,1.47,1.52,1.69,1.69,,,,,,,79.8,3/-,수영탐(1)
용인대,사회복지학과,사회복지학과,1.47,1.47,1.63,1.69,,,,,,,81,3/-,국영탐(1)
용인대,식품영양학과,식품영양학과,1.52,1.58,1.74,1.74,,,,,,,80.1,3/-,수영탐(1)
용인대,식품조리학과,식품조리학과,1.69,1.74,1.63,1.74,,,,,,,78.9,4/-,수영탐(1)
용인대,인문사회계열전공학부,인문사회계열전공학부,1.47,1.52,,,,,,,,,82.2,4/-,국영탐(1)
용인대,자연계열전공학부,자연계열전공학부,1.63,1.63,,,,,,,,,80.7,3/-,수영탐(1)
용인대,중국학과,중국학과,1.52,1.58,1.69,1.69,,,,,,,80.1,4/-,국영탐(1)
용인대,체육계열전공학부,체육계열전공학부,1.14,1.17,,,,,,,,,93.2,-/-,"국수영 중 1개, 탐(1)"
우석대,정보보안학과,AI융합학부,3.4,4.06,3.29,3.87,,,,,,,,-/-,
우석대,간호학과,간호학과,2.02,1.91,2.01,2.32,,,,,,,79.95,3/-,"국수영 중 2개, 탐(1)"
우석대,경찰행정학과,경찰행정학과,2.97,3.24,3.26,3.11,,,,,,,,-/-,
우석대,경찰행정학과,경찰행정학과,2.97,3.24,3.26,3.11,,,,,,,,-/-,
우석대,국어교육과,국어교육과,2.63,2.72,2.85,2.91,,,,,,,,-/-,
우석대,군사학과,군사학과,3.96,3.38,2.85,2.97,,,,,,,,-/-,
우석대,물리치료학과,물리치료학과,2.08,2.19,2.4,2.42,,,,,,,,-/-,
우석대,소방방재학과,소방방재학과,2.97,2.7,2.9,3.09,,,,,,,,-/-,
우석대,소방방재학과,소방방재학과,2.97,2.7,2.9,3.09,,,,,,,,-/-,
우석대,수소테크 자율전공학부,수소테크 자율전공학부,3.27,3.48,,,,,,,,,,-/-,
우석대,식품영양학과,식품영양학과,,,3.94,3.6,,,,,,,,-/-,
우석대,심리학과,심리학과,3.31,3.68,4.06,3.6,,,,,,,,-/-,
우석대,아동사회복지학부,아동사회복지학부,3.16,3.61,4.06,4.18,,,,,,,,-/-,
우석대,유아특수교육과,유아특수교육과,,,3.29,3.35,,,,,,,,-/-,
우석대,응급구조학과,응급구조학과,3.15,3.38,,,,,,,,,,-/-,
우석대,작업치료학과,작업치료학과,3.48,3.54,3.6,3.37,,,,,,,,-/-,
우석대,정보보안학과,정보보안학과,3.4,4.06,3.29,3.87,,,,,,,,-/-,
우석대,조경학과,조경학과,3.74,3.8,,,,,,,,,,-/-,
우석대,호텔외식조리학과,조리제과제빵학부,3.67,3.42,3.96,3.76,,,,,,,,-/-,
우석대,태권도학과,태권도학과,2.8,3.49,,,,,,,,,,-/-,
우석대,특수교육과,특수교육과,2.82,3.06,3.42,3.46,,,,,,,,-/-,
우석대,한약학과,한약학과,1.07,1.08,,,,,,,,,92.5,1/-,국수영탐(2)
우석대,한의예과,한의예과,1,1,,,,,,,,,97.3,1/-,국수영탐(2)
우석대,휴먼테크 자율전공학부(전주),휴먼테크 자율전공학부(전주),3.01,3.69,,,,,,,,,,-/-,
우석대,건축・인테리어디자인학과,건축학부,,,2.49,2.56,,,,,,,,-/-,
우석대,휴먼테크 자율전공학부(진천),경찰범죄심리학과,3.39,3.78,,,,,,,,,,-/-,
우석대,군사안보학과,군사안보학과,4.02,3.89,3.98,3.93,,,,,,,,-/-,
우석대,휴먼테크 자율전공학부(진천),글로벌디자인문화경영학부,3.39,3.78,,,,,,,,,,-/-,
우석대,문예창작학과,문예창작학과,,,3.29,3.43,,,,,,,,-/-,
우석대,휴먼테크 자율전공학부(진천),바이오융합학과,3.39,3.78,,,,,,,,,,-/-,
우석대,생활체육학부,생활체육학부,2.38,2.64,,,,,,,,,,-/-,
우석대,스포츠문화예술학부,스포츠문화예술학부,3.6,3.54,,,,,,,,,,-/-,
우석대,생활체육학부,체육자율전공학부,2.38,2.64,,,,,,,,,,-/-,
우석대,휴먼테크 자율전공학부(진천),휴먼테크 자율전공학부(진천),3.39,3.78,,,,,,,,,,-/-,
우송대,컴퓨터・소프트웨어전공,AI・컴퓨터공학과,3.3,3.4,,,,,2.55,3.83,,,82.2,3/-,국수영탐(1) 중 2개
우송대,컴퓨터공학전공,AI・컴퓨터공학과,3.21,3.3,,,,,3.6,3.61,,,83.8,3/-,국수영탐(1) 중 2개
우송대,AI・빅데이터학과,AI・빅데이터학과,3.36,3.64,,,,,,,,,,-/-,국수영탐(1) 중 2개
우송대,AI경영학과,AI경영학과,3.16,3.3,2.93,2.93,,,,,,,,-/-,국수영탐(1) 중 2개
우송대,Lyfe조리전공,Lyfe조리전공,1.4,1.49,1.81,2.03,,,2.16,2.21,,,,-/-,국수영탐(1) 중 2개
우송대,간호학과,간호학과,1.76,1.85,,,,,2.42,2.56,2.17,2.17,94.4,3/-,국수영탐(1) 중 2개
우송대,건축공학전공,건축공학전공,2.88,3.07,,,,,,,,,,-/-,국수영탐(1) 중 2개
우송대,게임그래픽전공,게임그래픽전공,2.83,2.93,2.03,2.97,,,,,,,,-/-,국수영탐(1) 중 2개
우송대,게임소프트웨어전공,게임소프트웨어전공,2.97,3.07,,,,,,,,,80.8,4/-,국수영탐(1) 중 2개
우송대,글로벌미디어영상학과,글로벌미디어AI영상학과,2.83,2.83,,,2.88,2.97,,,,,83.2,2/-,국수영탐(1) 중 2개
우송대,"글로벌외식,조리경영전공","글로벌외식,조리경영전공",2.4,2.45,2.12,2.3,,,3.13,3.13,,,,-/-,국수영탐(1) 중 2개
우송대,글로벌조리전공,글로벌조리전공,1.76,1.85,1.98,2.07,2.25,2.25,2.62,2.81,1.39,1.39,,-/-,국수영탐(1) 중 2개
우송대,글로벌철도학과,글로벌철도학과,2.73,2.83,,,,,,,,,,-/-,국수영탐(1) 중 2개
우송대,글로벌호스피탈리티학과,글로벌호텔관광학과,3.45,3.54,3.16,3.25,,,3.2,3.2,,,84.4,4/-,국수영탐(1) 중 2개
우송대,동물의료관리학과,동물의료관리학과,2.21,2.45,2.3,2.4,,,3.23,3.25,,,,-/-,국수영탐(1) 중 2개
우송대,물리치료학과,물리치료학과,1.49,1.76,1.63,1.81,,,2.46,2.76,2.32,2.36,,-/-,국수영탐(1) 중 2개
우송대,미디어디자인・영상전공,미디어디자인・영상전공,2.64,2.73,2.79,3.16,2.73,2.83,3.49,3.49,,,,-/-,국수영탐(1) 중 2개
우송대,보건복지자율전공학부,보건복지자율전공학부,3.16,3.36,,,,,,,,,,-/-,국수영탐(1) 중 2개
우송대,보건의료경영학과,보건의료경영학과,2.93,3.02,,,,,,,,,,-/-,국수영탐(1) 중 2개
우송대,뷰티디자인경영학과,뷰티디자인경영학과,2.59,2.88,2.16,2.35,,,3.34,3.93,3.5,3.5,,-/-,국수영탐(1) 중 2개
우송대,사회복지학과,사회복지학과,2.64,2.69,2.79,2.88,,,,,,,,-/-,국수영탐(1) 중 2개
우송대,소방・안전학부,소방・안전학부,2.97,3.07,2.69,2.79,,,3.43,3.43,,,,-/-,국수영탐(1) 중 2개
우송대,솔브릿지경영학부,솔브릿지경영학부,2.69,2.79,2.16,2.21,,,3.96,4.1,3.21,3.37,89.6,1/-,국수영탐(1) 중 2개
우송대,스포츠건강재활학과,스포츠건강재활학과,2.69,2.79,2.45,2.45,2.55,2.55,,,,,,-/-,국수영탐(1) 중 2개
우송대,언어치료・청각재활학과,언어치료・청각재활학과,3.16,3.25,2.5,2.69,,,,,,,,-/-,국수영탐(1) 중 2개
우송대,"외식,조리경영전공","외식,조리경영전공",2.3,2.3,2.16,2.21,2.25,2.25,2.97,2.97,,,,-/-,국수영탐(1) 중 2개
우송대,외식조리영양학과,외식조리영양학과,2.5,2.64,1.94,2.12,,,2.68,2.91,,,,-/-,국수영탐(1) 중 2개
우송대,외식조리자율전공학부,외식조리자율전공학부,2.4,2.5,,,,,2.38,2.7,2.9,2.94,,-/-,국수영탐(1) 중 2개
우송대,외식조리전공,외식조리전공,1.23,1.49,1.72,1.76,2.12,2.12,1.77,2.12,1.45,1.47,89,3/-,국수영탐(1) 중 2개
우송대,유아교육과,유아교육과,2.69,2.88,2.64,2.64,,,3.5,3.64,3.07,3.4,,-/-,국수영탐(1) 중 2개
우송대,응급구조학과,응급구조학과,2.3,2.5,2.35,2.4,,,3.04,3.14,3.25,3.25,84,5/-,국수영탐(1) 중 2개
우송대,자유전공학부,자유전공학부,2.55,2.69,2.55,2.59,2.88,2.88,,,,,84.6,3/-,국수영탐(1) 중 2개
우송대,작업치료학과,작업치료학과,2.3,2.35,2.4,2.59,,,3.22,3.22,,,,-/-,국수영탐(1) 중 2개
우송대,제과제빵・조리전공,제과제빵・조리전공,1.49,1.67,1.54,1.58,1.67,1.72,2.52,2.73,2.23,2.67,,-/-,국수영탐(1) 중 2개
우송대,철도건설시스템전공,철도건설시스템전공,2.64,2.73,,,,,3.62,3.62,,,,-/-,국수영탐(1) 중 2개
우송대,철도경영학과,철도경영학과,2.25,2.35,2.4,2.59,,,3.12,3.14,,,,-/-,국수영탐(1) 중 2개
우송대,철도소프트웨어전공,철도소프트웨어전공,2.69,2.73,2.88,2.88,,,,,,,,-/-,국수영탐(1) 중 2개
우송대,철도자율전공학부,철도자율전공학부,2.45,2.5,2.21,2.3,,,,,,,,-/-,국수영탐(1) 중 2개
우송대,철도전기시스템전공,철도전기시스템전공,2.35,2.5,2.69,2.88,,,,,,,91.4,3/-,국수영탐(1) 중 2개
우송대,철도차량시스템학과,철도차량시스템학과,1.85,1.94,2.03,2.12,2.07,2.12,2.54,2.61,,,95.2,2/-,국수영탐(1) 중 2개
우송대,토탈펫케어학과,토탈펫케어학과,2.97,3.36,2.5,2.59,,,3.13,3.15,,,,-/-,국수영탐(1) 중 2개
우송대,한식・조리과학전공,한식・조리과학전공,2.5,2.88,2.25,2.25,1.13,1.98,3.02,3.05,2.88,2.88,78.2,3/-,국수영탐(1) 중 2개
우송대,호텔관광경영학과,호텔관광경영전공,2.73,2.83,2.97,3.07,,,,,,,84.2,3/-,국수영탐(1) 중 2개
울산과학기술원,경영과학부,경영과학부,,,,,,,,,,,,-/-,
울산과학기술원,무학과,무학과,,,,,,,,,,,,-/-,
울산과학기술원,반도체공학과,반도체공학과,,,,,,,,,,,,-/-,
울산대,ICT융합학부,ICT융합학부,2.28,2.4,,,,,3.23,3.33,,,69.13131313131314,3/5,국수영탐(1)한
울산대,간호학과,간호학과,1.57,2.04,,,,,1.65,1.3,,,85.12121212121212,4/2,국수영탐(1)한
울산대,건축・도시환경학부,건축・도시환경학부,2.63,2.75,,,,,3.47,3.18,,,72.6969696969697,4/3,국수영탐(1)한
울산대,경영경제융합학부,경영경제융합학부,2.4,2.63,,,,,3.5,3.71,,,71.95959595959597,3/1,국수영탐(1)한
울산대,공공인재학부,공공인재학부,2.51,2.63,,,,,3.48,3.64,,,69.66666666666667,4/4,국수영탐(1)한
울산대,글로벌인문학부,글로벌인문학부,2.63,2.8,,,,,3.79,3.9,,,68.95959595959597,4/3,국수영탐(1)한
울산대,디자인융합학부,디자인융합학부,2.58,2.75,,,,,3.68,2.27,,,68.58585858585859,5/6,국수영탐(1)한
울산대,미래모빌리티공학부,미래모빌리티공학부,2.06,2.17,,,,,2.97,2.86,,,73.60606060606062,4/3,국수영탐(1)한
울산대,바이오메디컬헬스학부,바이오메디컬헬스학부,2.17,2.12,,,,,3.2,3.27,,,71.63636363636364,2/3,국수영탐(1)한
울산대,신소재・반도체융합학부,신소재・반도체융합학부,2.17,2.28,,,,,3.15,3.43,,,71.8888888888889,4/2,국수영탐(1)한
울산대,에너지화학공학부,에너지화학공학부,1.8,1.52,,,,,2.5,2.52,,,77.51515151515152,3/4,국수영탐(1)한
울산대,예술학부(미술),예술학부(미술),2.06,2.06,,,,,,,,,,-/-,
울산대,의예과,의예과,,,,,,,1,1,,,98.68750000000001,1/1,국수영탐(2)
울산대,자율전공학부,자율전공학부,1.98,2.06,,,,,2.12,2.18,,,87.34343434343435,4/3,국수영탐(1)한
울산대,전기전자융합학부,전기전자융합학부,1.95,2.01,,,,,2.87,2.73,,,81.41414141414143,5/5,국수영탐(1)한
원광대,가정교육과,가정교육과,2.04,2.31,,,,,3.12,3.34,,,,-/-,"국수 중 1개, 영탐(1)"
원광대,간호학과,간호학과,1.91,2,,,,,2.07,2.17,,,70.83333333333333,2/3,국수영탐(2)
원광대,건축학과(5년제),건축학과(5년제),2.38,2.45,,,,,3.12,3.28,,,,-/-,"국수 중 1개, 영탐(1)"
원광대,경영계열,경영계열,3.02,3.28,,,,,3.5,3.65,,,65,4/1,"국수 중 1개, 영탐(1)"
원광대,경제금융・회계세무계열,경제금융・회계세무계열,3.35,3.67,,,,,3.61,4.04,,,64.66666666666667,4/2,"국수 중 1개, 영탐(1)"
원광대,경찰・공공행정계열,경찰・공공행정계열,2.15,2.27,,,,,2.42,2.53,,,71.66666666666667,3/2,"국수 중 1개, 영탐(1)"
원광대,공학1계열,공학1계열,3.14,3.59,,,,,3.61,3.74,,,56.666666666666664,3/6,"국수 중 1개, 영탐(1)"
원광대,공학2계열,공학2계열,3.15,3.5,,,,,3.36,3.64,,,60.333333333333336,4/3,"국수 중 1개, 영탐(1)"
원광대,공학3계열,공학3계열,3.05,3.48,,,,,3.42,3.56,,,57,4/4,"국수 중 1개, 영탐(1)"
원광대,국방기술학과,국방기술학과,3.1,3.2,,,,,3.58,3.64,,,,-/-,"국수 중 1개, 영탐(1)"
원광대,국어교육과,국어교육과,2.05,2.15,,,,,2.63,2.69,,,,-/-,"국수 중 1개, 영탐(1)"
원광대,군사학과(남),군사학과(남),2.83,3.12,,,,,,,,,,-/-,
원광대,군사학과(여),군사학과(여),,,,,,,,,,,,-/-,
원광대,그린바이오계열,그린바이오계열,3.22,3.61,,,,,3.34,3.36,,,58,5/6,"국수 중 1개, 영탐(1)"
원광대,동물보건학과,동물보건학과,2.5,2.62,,,,,3.33,3.55,,,,-/-,"국수 중 1개, 영탐(1)"
원광대,디자인융합계열,디자인융합계열,3.14,3.58,,,,,3.41,3.54,,,,5/6,
원광대,디자인융합계열,디자인융합계열,3.14,3.58,,,,,3.41,3.54,,,,-/-,"국수 중 1개, 영탐(1)"
원광대,물리치료학과,물리치료학과,2.01,2.08,,,,,2.59,2.68,,,74,2/3,"국수 중 1개, 영탐(1)"
원광대,반려동물산업학과,반려동물산업학과,2.77,2.91,,,,,3.04,3.37,,,,-/-,
원광대,방사선학과,방사선학과,2.08,2.14,,,,,2.78,2.91,,,77.33333333333333,3/1,"국수 중 1개, 영탐(1)"
원광대,보건행정학과,보건행정학과,2.63,2.78,,,,,3.14,3.17,,,,-/-,
원광대,뷰티디자인학과,뷰티디자인학과,2.97,3.33,,,,,2.91,3.62,,,,-/-,"국수 중 1개, 영탐(1)"
원광대,사회복지학과,사회복지학과,2.88,3.27,,,,,3.54,3.66,,,72.33333333333333,5/4,"국수 중 1개, 영탐(1)"
원광대,소방행정・방재계열,소방행정・방재계열,2.39,2.53,,,,,2.78,3.08,,,68.33333333333333,5/3,"국수 중 1개, 영탐(1)"
원광대,수학교육과,수학교육과,2.6,2.75,,,,,2.94,3.09,,,,-/-,"국수 중 1개, 영탐(1)"
원광대,스마트농업계열,스마트농업계열,3.31,3.54,,,,,3.43,3.64,,,52.666666666666664,4/5,"국수 중 1개, 영탐(1)"
원광대,스포츠과학부,스포츠과학부,,,,,,,3.21,3.21,,,,-/-,
원광대,식품영양학과,식품영양학과,2.94,3.19,,,,,3.06,3.28,,,57.333333333333336,4/4,"국수 중 1개, 영탐(1)"
원광대,안경광학과,안경광학과,3.05,3.29,,,,,,,,,48,2/5,"국수 중 1개, 영탐(1)"
원광대,안전보건학과,안전보건학과,2.93,3.24,,,,,3.1,3.21,,,,-/-,"국수 중 1개, 영탐(1)"
원광대,약학과(6년제),약학과(6년제),,,,,,,1.06,1.06,,,94.90652098508497,1/1,국수영탐(2)
원광대,언어재활학과,언어재활학과,3.44,3.8,,,,,3.5,3.5,,,58.333333333333336,5/3,"국수 중 1개, 영탐(1)"
원광대,역사교육과,역사교육과,2.04,2.16,,,,,2.43,2.51,,,,-/-,
원광대,영어교육과,영어교육과,2.06,2.09,,,,,2.43,2.83,,,,-/-,"국수 중 1개, 영탐(1)"
원광대,원불교학과,원불교학과,,,,,,,2.84,2.84,,,13.333333333333334,6/6,"국수 중 1개, 영탐(1)"
원광대,유아교육과,유아교육과,2.56,2.71,,,,,3.34,3.44,,,,-/-,"국수 중 1개, 영탐(1)"
원광대,응급구조학과,응급구조학과,2.43,2.67,,,,,2.94,3.09,,,66.33333333333333,3/3,"국수 중 1개, 영탐(1)"
원광대,의료상담학과,의료상담학과,2.77,3.03,,,,,3.61,3.65,,,,-/-,"국수 중 1개, 영탐(1)"
원광대,의생명공학계열,의생명공학계열,2.88,3.24,,,,,3.15,3.22,,,63.666666666666664,4/1,"국수 중 1개, 영탐(1)"
원광대,의예과,의예과,,,,,,,1,1,,,97.74991328477282,2/1,국수영탐(2)
원광대,일어교육과,일어교육과,2.25,2.39,,,,,2.71,2.88,,,,-/-,"국수 중 1개, 영탐(1)"
원광대,임상병리학과,임상병리학과,2.39,2.5,,,,,2.7,2.94,,,,-/-,"국수 중 1개, 영탐(1)"
원광대,자율전공학부,자율전공학부,2.83,3.03,,,,,3.45,3.67,,,64.66666666666667,3/2,"국수 중 1개, 영탐(1)"
원광대,작업치료학과,작업치료학과,2.82,2.87,,,,,2.86,3.06,,,,-/-,국수영탐(2)
원광대,중등특수교육과,중등특수교육과,2.32,2.72,,,,,3.36,3.5,,,,-/-,
원광대,창의문화융합계열,창의문화융합계열,2.95,3.27,,,,,3.58,3.74,,,63.333333333333336,3/5,"국수 중 1개, 영탐(1)"
원광대,치기공학과,치기공학과,3.12,3.41,,,,,,,,,64,4/5,"국수 중 1개, 영탐(1)"
원광대,치위생학과,치위생학과,2.55,2.62,,,,,3.13,3.35,,,,-/-,"국수 중 1개, 영탐(1)"
원광대,치의예과(인문),치의예과(인문),,,,,,,,,,,,-/-,국수영탐(2)
원광대,치의예과(자연),치의예과(자연),,,,,,,1.03,1.04,,,96.65643426985778,2/1,국수영탐(2)
원광대,푸드테크계열,푸드테크계열,3.19,3.56,,,,,3.68,3.86,,,52,4/8,"국수 중 1개, 영탐(1)"
원광대,한문교육과,한문교육과,2.27,2.36,,,,,3,3.24,,,71,3/3,"국수 중 1개, 영탐(1)"
원광대,한약학과,한약학과,,,,,,,1.34,1.46,,,95.66666666666666,2/1,국수영탐(2)
원광대,한의예과(인문),한의예과(인문),,,,,,,1.03,1.06,,,,-/-,국수영탐(2)
원광대,한의예과(자연),한의예과(자연),,,,,,,1.08,1.09,,,96.18765175164758,2/1,국수영탐(2)
위덕대,간호학과,간호학과,3.55,3.74,,,,,,,,,48.25,4/3,국수영탐(1)
위덕대,경영학과,경영학과,3.34,3.81,2.51,3.53,,,,,,,,-/-,국수영탐(1)
위덕대,물리치료학과,물리치료학과,3.94,4.11,3.79,4.02,,,,,,,55.25,4/5,국수영탐(1)
위덕대,반려동물학과,반려동물산업학과,3.94,4.26,3.88,3.94,,,,,,,16.25,9/7,국수영탐(1)
위덕대,불교문화학과,불교문화학과,2.71,3.06,,,,,,,,,65.5,2/2,국수영탐(1)
위덕대,사회복지학과,사회복지학과,4.06,4.28,3.96,4.51,,,,,,,,-/-,국수영탐(1)
위덕대,외식제과제빵창업학과,외식제과제빵창업학과,3.95,4.14,3.79,3.94,,,,,,,65.25,4/5,국수영탐(1)
위덕대,유아교육과,유아교육과,3.95,4.41,3.82,3.94,,,,,,,53.5,4/6,국수영탐(1)
위덕대,전력시스템공학과,전력시스템공학과,4.31,4.71,3.91,4.36,,,,,,,35.5,7/5,국수영탐(1)
위덕대,중등특수교육전공,중등특수교육전공,3.23,3.69,2.72,3.36,,,,,,,,-/-,국수영탐(1)
위덕대,체육학부,체육학부,4.12,4.53,,,,,,,,,,-/-,국수영탐(1)
위덕대,체육학부(야),체육학부(야),4.05,4.26,,,,,,,,,,-/-,국수영탐(1)
위덕대,초등특수교육전공,초등특수교육전공,3.26,3.8,2.84,2.89,,,,,,,,-/-,국수영탐(1)
유원대,AI모빌리티학과,AI모빌리티학과,,,,,,,,,,,,-/-,국수영탐(1) 중 2개
유원대,AI소프트웨어학과,AI소프트웨어학과,3.14,3.31,,,,,,,,,69,4/-,국수영탐(1) 중 2개
유원대,경찰・소방행정학부,경찰・소방행정학부,5,5,2.75,3.03,5,5,,,,,77,5/-,국수영탐(1) 중 2개
유원대,드론로봇응용학과,드론로봇응용학과,2.58,2.8,5,5,,,,,,,58,6/-,국수영탐(1) 중 2개
유원대,문화복지융합학부,문화복지융합학과,5,5,,,,,,,,,68,4/-,국수영탐(1) 중 2개
유원대,미디어콘텐츠학과,미디어콘텐츠학과,2.97,3.25,,,,,,,,,70.5,5/-,국수영탐(1) 중 2개
유원대,미래자동차학과,미래자동차학과,3.03,3.31,,,,,,,,,70.5,4/-,국수영탐(1) 중 2개
유원대,반도체융합학과,반도체융합학과,,,,,,,,,,,,-/-,국수영탐(1) 중 2개
유원대,뷰티산업학과,뷰티산업학과,,,,,,,,,,,,-/-,국수영탐(1) 중 2개
유원대,뷰티케어학과,뷰티케어학과,5,5,5,5,,,,,,,62.5,6/-,국수영탐(1) 중 2개
유원대,작업치료학과,작업치료학과,2.58,3.09,,,,,,,,,68,6/-,국수영탐(1) 중 2개
유원대,중등특수교육과,중등특수교육과,2.63,2.92,5,5,,,,,,,44,7/-,국수영탐(1) 중 2개
유원대,창의설계학부,창의설계학부,3.03,3.25,5,5,,,,,,,55,4/-,국수영탐(1) 중 2개
유원대,초등특수교육과,초등특수교육과,2.12,2.69,4.57,5,,,,,,,62.5,4/-,국수영탐(1) 중 2개
유원대,간호학과,간호학과,3.09,3.31,,,,,,,,,78.35,3/-,"국수탐(1) 중 2개, 영"
유원대,물리치료학과,물리치료학과,4.68,5,,,,,,,,,73.35,6/-,"국수탐(1) 중 2개, 영"
유원대,사회복지학부,사회복지학부,3.66,5,5,5,,,,,,,64.5,4/-,국수영탐(1) 중 2개
유원대,산업안전보건학과,산업안전보건학과,3.76,3.81,5,5,5,5,,,,,58.5,4/-,국수영탐(1) 중 2개
유원대,스마트팜학과,스마트팜학과,2.97,3.14,,,,,,,,,54.5,5/-,국수영탐(1) 중 2개
유원대,응급구조학과,응급구조학과,2.51,2.75,,,,,,,,,59.5,5/-,국수영탐(1) 중 2개
유원대,자율설계학부,자율설계학부,3.37,3.81,,,,,,,,,46.5,7/-,국수영탐(1) 중 2개
유원대,치위생학과,치위생학과,2.17,2.4,5,5,,,,,,,72.5,4/-,국수영탐(1) 중 2개
유원대,호텔조리베이커리학과,호텔조리베이커리학과,5,5,2.46,2.8,,,,,,,47,7/-,국수영탐(1) 중 2개
을지대,간호학과,간호학과,1.32,1.4,,,,,1.5,1.78,1.64,1.57,87.4,1/1,"국탐(2) 중 1개, 수영"
을지대,간호학과,간호학과,1.32,1.4,,,,,1.5,1.78,1.64,1.57,95.5,2/1,국수영탐(2) 중 2개
을지대,간호학과(의정부),간호학과(의정부),1.47,1.49,,,,,1.93,1.75,1.69,1.7,94,1/5,국수영탐(2) 중 2개
을지대,물리치료학과,물리치료학과,1.62,1.63,,,,,2.09,2.04,1.86,1.76,84.7,3/1,"국탐(2) 중 1개, 수영"
을지대,물리치료학과,물리치료학과,1.62,1.63,,,,,2.09,2.04,1.86,1.76,92.5,3/3,국수영탐(2) 중 2개
을지대,방사선학과,방사선학과,1.44,1.45,,,,,1.95,2.07,1.74,1.74,87.2,3/4,"국탐(2) 중 1개, 수영"
을지대,방사선학과,방사선학과,1.44,1.45,,,,,1.95,2.07,1.74,1.74,94.25,2/6,국수영탐(2) 중 2개
을지대,안경광학과,안경광학과,,,,,,,2.79,2.79,2.56,2.56,82.2,3/7,"국탐(2) 중 1개, 수영"
을지대,안경광학과,안경광학과,,,,,,,2.79,2.79,2.56,2.56,89.25,3/4,국수영탐(2) 중 2개
을지대,응급구조학과,응급구조학과,,,,,,,2.36,2.33,1.9,2.03,81,3/3,"국탐(2) 중 1개, 수영"
을지대,응급구조학과,응급구조학과,,,,,,,2.36,2.33,1.9,2.03,90.5,3/2,국수영탐(2) 중 2개
을지대,의료경영학과,의료경영학과,2,2.01,,,,,2.58,2.58,2.36,2.36,85.55,2/2,"수탐(2) 중 1개, 국영"
을지대,의료경영학과,의료경영학과,2,2.01,,,,,2.58,2.58,2.36,2.36,92,3/5,국수영탐(2) 중 2개
을지대,인문사회계열학부,인문사회계열학부,2.19,2.21,,,,,2.56,2.61,2.39,2.55,84.45,3/3,"수탐(2) 중 1개, 국영"
을지대,인문사회계열학부,인문사회계열학부,2.19,2.21,,,,,2.56,2.61,2.39,2.55,90.5,1/6,국수영탐(2) 중 2개
을지대,임상병리학과,임상병리학과,1.58,1.67,,,,,1.78,2.12,1.93,1.88,85.5,4/2,"국탐(2) 중 1개, 수영"
을지대,임상병리학과,임상병리학과,1.58,1.67,,,,,1.78,2.12,1.93,1.88,93,3/5,국수영탐(2) 중 2개
을지대,임상병리학과(의정부),임상병리학과(의정부),,,,,,,2.05,2.05,,,91.5,3/6,국수영탐(2) 중 2개
을지대,자연계열학부,자연계열학부,2.1,2.14,,,,,2.25,2.36,2.39,2.75,81.9,3/5,"국탐(2) 중 1개, 수영"
을지대,자연계열학부,자연계열학부,2.1,2.14,,,,,2.25,2.36,2.39,2.75,90.5,3/4,국수영탐(2) 중 2개
을지대,자유전공학부(의정부),자유전공학부(의정부),2.31,2.35,,,,,,,,,89,3/4,국수영탐(2) 중 2개
을지대,첨단학부,첨단학부,2.31,2.35,,,,,2.96,2.96,2.47,2.47,,4/2,"국탐(2) 중 1개, 수영"
을지대,첨단학부,첨단학부,2.31,2.35,,,,,2.96,2.96,2.47,2.47,,3/4,국수영탐(2) 중 2개
을지대,치위생학과,치위생학과,,,,,,,2.33,2.24,2.34,2.34,83.9,3/2,"국탐(2) 중 1개, 수영"
을지대,치위생학과,치위생학과,,,,,,,2.33,2.24,2.34,2.34,90.5,3/3,국수영탐(2) 중 2개
을지대,의예과,의예과,1,1,,,,,,,,,98.2,1/1,국수영탐(2)
이화여대,간호학부(자연),간호학부(자연),1.07,1.09,,,,,1.21,1.22,1.29,1.38,92.75,2/1,국수영탐(2)
이화여대,간호학부(자연),간호학부(자연),1.07,1.09,,,,,1.21,1.22,1.29,1.38,92.75,2/1,국수영탐(2)
이화여대,건축도시시스템공학과,건축도시시스템공학과,1.14,1.15,,,,,1.36,1.38,,,90.25,2/1,국수영탐(2)
이화여대,건축학과,건축학과,1.17,1.17,,,,,1.36,1.41,,,90.25,2/1,국수영탐(2)
이화여대,경영학부,경영학부,1.1,1.13,,,,,1.35,1.4,2.1,2.12,90.625,2/4,국수영탐(2)
이화여대,경제학과,경제학과,1.13,1.14,,,,,1.53,2.2,,,90.625,2/4,국수영탐(2)
이화여대,과학교육과,과학교육과,1.11,1.14,,,,,1.26,1.29,1.21,1.24,89.46875,2/2,국수영탐(2)
이화여대,교육공학과,교육공학과,1.33,1.36,,,,,1.38,1.4,,,90.75,3/1,국수영탐(2)
이화여대,교육학과,교육학과,1.16,1.17,,,,,1.24,1.29,,,91.375,2/4,국수영탐(2)
이화여대,국어교육과,국어교육과,1.11,1.11,,,,,1.25,1.26,,,88.25,1/2,국수영탐(2)
이화여대,국어국문학과,국어국문학과,1.17,1.17,,,,,1.41,1.52,2.12,2.12,90.625,2/4,국수영탐(2)
이화여대,국제사무학과,국제사무학과,1.17,1.18,,,,,1.44,1.46,,,90.625,2/4,국수영탐(2)
이화여대,국제학부,국제학부,,,,,,,2.41,2.51,1.87,2.17,90.625,2/4,국수영탐(2)
이화여대,기독교학과,기독교학과,,,,,,,1.55,1.6,1.61,1.66,90.625,2/4,국수영탐(2)
이화여대,기후에너지시스템공학과,기후에너지시스템공학과,1.11,1.12,,,,,1.32,1.35,,,90.25,2/1,국수영탐(2)
이화여대,뇌인지과학부(자연),뇌인지과학부(자연),,,,,,,1.13,1.15,,,92,2/1,국수영탐(2)
이화여대,뇌인지과학부(자연),뇌인지과학부(자연),,,,,,,1.13,1.15,,,91.96875,1/1,국수영탐(2)
이화여대,독어독문학과,독어독문학과,,,,,,,2.61,2.75,2.23,2.3,90.625,2/4,국수영탐(2)
이화여대,디자인학부,디자인학부,,,,,,,,,,,,-/-,
이화여대,문헌정보학과,문헌정보학과,,,,,,,1.32,1.41,,,90.625,2/4,국수영탐(2)
이화여대,물리학과,물리학과,,,,,,,1.39,1.42,,,90.25,2/1,국수영탐(2)
이화여대,미래산업약학전공,미래산업약학전공,,,,,,,1.62,1.8,,,95.875,2/2,국수영탐(2)
이화여대,미래산업약학전공,미래산업약학전공,,,,,,,1.62,1.8,,,95.03125,2/2,국수영탐(2)
이화여대,불어불문학과,불어불문학과,,,,,,,2.25,2.48,2.21,2.43,90.625,2/4,국수영탐(2)
이화여대,사이버보안학과,사이버보안학과,1.1,1.1,,,,,1.33,1.35,,,90.625,2/4,국수영탐(2)
이화여대,사이버보안학과,사이버보안학과,1.1,1.1,,,,,1.33,1.35,,,90.25,2/1,국수영탐(2)
이화여대,사학과,사학과,,,,,,,1.41,1.44,,,90.625,2/4,국수영탐(2)
이화여대,사회교육전공,사회교육전공,1.4,1.47,,,,,1.35,1.39,,,92.125,3/1,국수영탐(2)
이화여대,사회복지학과,사회복지학과,,,,,,,1.39,1.41,,,90.625,2/4,국수영탐(2)
이화여대,사회학과,사회학과,1.15,1.16,,,,,1.27,1.34,,,90.625,2/4,국수영탐(2)
이화여대,생명과학과,생명과학과,1.21,1.3,,,,,1.21,1.23,1.37,2.11,90.25,2/1,국수영탐(2)
이화여대,소비자학과,소비자학과,,,,,,,1.36,1.38,,,90.625,2/4,국수영탐(2)
이화여대,수학과,수학과,1.13,1.14,,,,,1.33,1.38,,,90.25,2/1,국수영탐(2)
이화여대,수학교육과,수학교육과,1.06,1.08,,,,,1.24,1.25,,,89.3125,1/2,국수영탐(2)
이화여대,스크랜튼학부,스크랜튼학부,,,,,,,1.27,1.3,1.25,1.27,,-/-,
이화여대,식품생명공학과,식품생명공학과,1.06,1.07,,,,,1.21,1.24,,,90.25,2/1,국수영탐(2)
이화여대,식품영양학과,식품영양학과,1.13,1.15,,,,,1.27,1.29,1.21,1.26,90.625,2/4,국수영탐(2)
이화여대,식품영양학과,식품영양학과,1.13,1.15,,,,,1.27,1.29,1.21,1.26,90.25,2/1,국수영탐(2)
이화여대,심리학과,심리학과,1.16,1.17,,,,,1.34,1.36,,,90.625,2/4,국수영탐(2)
이화여대,약학전공(자연),약학전공(자연),,,,,,,1,1,1,1.03,95.875,2/2,국수영탐(2)
이화여대,역사교육전공,역사교육전공,1.18,1.24,,,,,1.42,1.45,,,92.125,3/1,국수영탐(2)
이화여대,영어교육과,영어교육과,1.14,1.2,,,,,1.25,1.28,,,88,1/1,국수영탐(2)
이화여대,영어영문학부,영어영문학부,1.11,1.13,,,,,2.21,2.32,1.94,2.06,90.625,2/4,국수영탐(2)
이화여대,유아교육과,유아교육과,1.22,1.23,,,,,1.32,1.45,,,89.375,2/2,국수영탐(2)
이화여대,융합보건학과,융합보건학과,,,,,,,1.22,1.24,,,90.25,2/1,국수영탐(2)
이화여대,전자전기공학전공,전자전기공학전공,1.09,1.09,,,,,1.25,1.27,,,90.25,2/1,국수영탐(2)
이화여대,지능형반도체공학전공,지능형반도체공학전공,1.08,1.09,,,,,1.31,1.32,,,90.25,2/1,국수영탐(2)
이화여대,융합콘텐츠학과(인문),융합콘텐츠학과(인문),,,,,,,2.09,2.28,,,90.625,2/4,국수영탐(2)
이화여대,의류산업학과,의류산업학과,1.15,1.15,,,,,1.5,1.59,,,90.25,2/1,국수영탐(2)
이화여대,의예과(자연),의예과(자연),,,,,,,1,1.27,1,1,98.375,1/2,국수영탐(2)
이화여대,인공지능데이터사이언스학부(자연),인공지능데이터사이언스학부(자연),1.07,1.08,,,,,1.25,1.28,1.34,1.39,89.25,1/1,국수영탐(2)
이화여대,정치외교학과,정치외교학과,1.2,1.22,,,,,1.29,1.31,,,90.625,2/4,국수영탐(2)
이화여대,중어중문학과,중어중문학과,1.15,1.16,,,,,2.35,2.59,2.43,2.47,90.625,2/4,국수영탐(2)
이화여대,지리교육전공,지리교육전공,1.22,1.22,,,,,1.43,1.49,,,92.125,3/1,국수영탐(2)
이화여대,철학과,철학과,,,,,,,1.4,1.47,,,90.625,2/4,국수영탐(2)
이화여대,체육과학부,체육과학부,,,,,,,,,,,,-/-,
이화여대,초등교육과,초등교육과,1.09,1.1,,,,,1.24,1.31,,,91,2/1,국수영탐(2)
이화여대,커뮤니케이션・미디어학부,커뮤니케이션・미디어학부,1.14,1.15,,,,,1.33,1.35,,,90.625,2/4,국수영탐(2)
이화여대,컴퓨터공학과,컴퓨터공학과,1.12,1.14,,,,,1.32,1.38,,,90.625,2/4,국수영탐(2)
이화여대,컴퓨터공학과,컴퓨터공학과,1.12,1.14,,,,,1.32,1.38,,,90.25,2/1,국수영탐(2)
이화여대,통계학과,통계학과,1.09,1.09,,,,,1.34,1.37,,,90.25,2/1,국수영탐(2)
이화여대,특수교육과,특수교육과,1.2,1.21,,,,,1.49,1.58,,,88.25,1/1,국수영탐(2)
이화여대,행정학과,행정학과,1.14,1.15,,,,,1.31,1.32,,,90.625,2/4,국수영탐(2)
이화여대,화공신소재공학과,화공신소재공학과,1.03,1.06,,,,,1.23,1.25,1.29,1.29,90.25,2/1,국수영탐(2)
이화여대,화학・나노과학과,화학・나노과학과,1.06,1.07,,,,,1.33,1.35,2.62,3.1,90.25,2/1,국수영탐(2)
이화여대,환경공학과,환경공학과,1.09,1.11,,,,,1.27,1.32,,,90.25,2/1,국수영탐(2)
이화여대,휴먼기계바이오공학과,휴먼기계바이오공학과,1.09,1.1,,,,,1.22,1.25,,,90.25,2/1,국수영탐(2)
인제대,경영계열,경영계열,3.03,3.2,1.52,1.52,,,,,,,37,4/-,국수영탐(2)
인제대,공학계열,공학・건축계열,3.14,3.43,,,,,,,,,26,3/-,국수영탐(2)
인제대,글로컬리더스학부,글로컬리더스학부,,,2.51,2.51,,,,,,,12.333333333333334,3/-,국수영탐(2)
인제대,물리치료학과,물리치료학과,1.63,1.9,1.37,1.58,,,,,,,47,4/-,국수영탐(2)
인제대,미디어・콘텐츠계열,미디어・콘텐츠계열,3,3.2,,,,,,,,,32,4/-,국수영탐(2)
인제대,반려동물보건학과,반려동물보건학과,2.12,2.23,2.51,2.75,,,,,,,14.333333333333334,4/-,국수영탐(2)
인제대,방사선학과,방사선학과,1.69,1.7,1.31,1.42,,,,,,,48,3/-,국수영탐(2)
인제대,사회과학계열,사회과학계열,2.58,2.8,2.97,3.25,,,,,,,27.666666666666668,4/-,국수영탐(2)
인제대,유아교육과,유아교육과,2.86,2.92,2.41,2.46,,,,,,,40.333333333333336,4/-,국수영탐(2)
인제대,융합기술공학과,융합기술공학과,4.01,4.01,,,,,,,,,,-/-,
인제대,의생명보건계열,의생명보건・의료공학계열,2.51,2.69,,,,,,,,,33.333333333333336,3/-,국수영탐(2)
인제대,임상병리학과,임상병리학과,1.63,1.74,1.52,1.52,,,,,,,,-/-,
인제대,자유전공학부,자유전공학부,2.8,2.97,3.31,3.37,,,,,,,34,4/-,국수영탐(2)
인제대,작업치료학과,작업치료학과,1.9,1.95,2.34,2.45,,,,,,,,-/-,
인제대,컴퓨터・AI계열,컴퓨터・AI・게임・스마트물류계열,2.8,3.03,,,,,,,,,27.333333333333332,5/-,국수영탐(2)
인제대,특수교육과,특수교육과,2.06,2.17,2.34,2.4,,,,,,,,-/-,
인제대,간호학과,간호학과,1.14,1.17,,,,,,,,,54,3/-,국수영탐(2)
인제대,약학과,약학과,1.03,1.07,,,,,,,,,64.33333333333333,1/-,국수영탐(2)
인제대,의예과,의예과,1,1,,,,,,,,,66.33333333333333,1/-,국수영탐(2)
인제대,혁신신약・제약공학계열,혁신신약・제약공학계열,2.4,2.75,2.51,2.86,,,,,,,29,3/-,국수영탐(2)
인천가톨릭대,간호학과,간호학과,1.34,1.5,,,,,,,,,79.7,2/5,국수영탐(2)
인천가톨릭대,문화콘텐츠학과,문화콘텐츠학과,2.91,2.6,,,,,,,,,,-/-,국수영탐(2) 중 2개
인천가톨릭대,신학과,신학과,2.74,3.24,,,,,,,,,,-/-,
인천가톨릭대,자유전공,자유전공,1.77,1.92,,,,,,,,,,-/-,
인천대,Global Trade & Service학부,Global Trade & Service학부,1.72,1.79,1.69,1.72,,,2.12,2.22,,,80.15,1/-,국수영탐(2)
인천대,건설환경공학전공,건설환경공학전공,1.84,1.86,1.79,1.85,,,2.28,2.49,,,80.35,3/-,국수영탐(2)
인천대,경영학부,경영학부,1.65,1.67,1.62,1.74,,,1.96,2.01,,,80.25,4/-,국수영탐(2)
인천대,경제학과,경제학과,1.76,1.78,1.64,1.68,,,2.12,2.15,,,81.425,3/-,국수영탐(2)
인천대,국어교육과,국어교육과,1.49,1.49,,,,,1.72,1.8,,,82.125,3/-,국수영탐(2)
인천대,국어국문학과,국어국문학과,1.84,1.9,1.8,1.8,,,2.13,2.2,,,79.55,3/-,국수영탐(2)
인천대,기계공학과,기계공학과,1.71,1.72,1.69,1.72,,,1.92,2.06,,,81,4/-,국수영탐(2)
인천대,나노바이오공학전공,나노바이오공학전공,1.63,1.67,1.47,1.47,,,1.79,1.93,,,80.6,3/-,국수영탐(2)
인천대,데이터과학과,데이터과학과,1.76,1.76,1.69,1.69,,,2.04,2.04,,,79.925,3/-,국수영탐(2)
인천대,도시건축학부,도시건축학부,1.8,1.84,1.69,1.77,,,1.95,2.02,,,80.5,3/-,국수영탐(2)
인천대,도시공학과,도시공학과,1.77,1.78,1.76,1.76,,,2.24,2.35,,,80.65,2/-,국수영탐(2)
인천대,도시행정학과,도시행정학과,1.84,1.84,1.77,1.77,,,1.96,2.07,,,80.025,3/-,국수영탐(2)
인천대,독어독문학과,독어독문학과,1.86,1.88,1.77,1.85,,,2.77,3.53,,,78.85,4/-,국수영탐(2)
인천대,동북아국제통상전공,동북아국제통상전공,1.55,1.63,,,,,1.97,2.11,,,83.9,4/-,국수영탐(2)
인천대,디자인학부,디자인학부,2.19,2.25,,,,,,,,,81.5,2/-,국수영탐(2)
인천대,문헌정보학과,문헌정보학과,1.97,1.97,1.94,1.94,,,2.04,2.12,,,79.575,3/-,국수영탐(2)
인천대,물리학과,물리학과,1.67,1.82,1.86,1.86,,,2.12,2.2,,,79.9,3/-,국수영탐(2)
인천대,미디어커뮤니케이션학과,미디어커뮤니케이션학과,1.97,1.97,1.68,1.68,,,1.84,1.85,,,80.5,3/-,국수영탐(2)
인천대,바이오-로봇시스템공학과,바이오-로봇시스템공학과,1.81,1.85,1.71,1.74,,,2.06,2.11,,,80.75,3/-,국수영탐(2)
인천대,법학부,법학부,1.76,1.83,1.73,1.79,,,1.94,2.03,,,80.75,2/-,국수영탐(2)
인천대,분자의생명전공,분자의생명전공,1.75,1.75,1.75,1.75,,,1.78,1.81,,,80.35,3/-,국수영탐(2)
인천대,불어불문학과,불어불문학과,1.76,1.88,1.87,1.89,,,2.43,2.53,,,78.825,2/-,국수영탐(2)
인천대,사회복지학과,사회복지학과,1.84,1.84,1.92,1.92,,,2.05,2.09,,,78.8,4/-,국수영탐(2)
인천대,산업경영공학과,산업경영공학과,1.74,1.75,1.63,1.82,,,1.99,2.06,,,80.25,2/-,국수영탐(2)
인천대,생명공학전공,생명공학전공,1.49,1.5,1.59,1.59,,,1.65,1.73,,,81.7,4/-,국수영탐(2)
인천대,생명과학전공,생명과학전공,1.54,1.62,1.72,1.72,,,1.84,1.87,,,79.7,3/-,국수영탐(2)
인천대,세무회계학과,세무회계학과,1.97,1.97,1.58,1.58,,,2.23,2.28,,,80.425,3/-,국수영탐(2)
인천대,소비자학과,소비자학과,1.67,1.71,1.8,1.86,,,2.06,2.18,,,78.525,4/-,국수영탐(2)
인천대,수학과,수학과,1.74,1.75,1.53,1.65,,,2.08,2.24,,,80.6,3/-,국수영탐(2)
인천대,수학교육과,수학교육과,1.5,1.5,,,,,1.83,1.83,,,83.45,2/-,국수영탐(2)
인천대,스마트물류공학전공,스마트물류공학전공,,,,,,,1.99,1.99,,,81.5,3/-,국수영탐(2)
인천대,운동건강학부,스포츠의학부,,,,,,,1.99,1.99,,,77,4/-,국영탐(2)
인천대,신소재공학과,신소재공학과,1.65,1.67,1.59,1.78,,,1.91,2.01,,,80.75,3/-,국수영탐(2)
인천대,안전공학과,안전공학과,1.86,1.86,1.8,1.81,,,2.16,2.21,,,79.8,3/-,국수영탐(2)
인천대,에너지화학공학과,에너지화학공학과,1.5,1.51,1.58,1.81,,,2.03,2.06,,,81.3,1/-,국수영탐(2)
인천대,역사교육과,역사교육과,1.85,1.85,,,,,1.71,1.72,,,83.325,2/-,국수영탐(2)
인천대,영어교육과,영어교육과,1.42,1.42,,,,,1.74,1.76,,,80.125,2/-,국수영탐(2)
인천대,영어영문학과,영어영문학과,1.91,1.97,1.95,1.96,,,2.1,2.29,,,79.25,3/-,국수영탐(2)
인천대,유아교육과,유아교육과,1.86,1.89,,,,,2.14,2.2,,,78.2,4/-,국수영탐(2)
인천대,윤리교육과,윤리교육과,1.44,1.44,,,,,1.75,1.76,,,80.775,4/-,국수영탐(2)
인천대,임베디드시스템공학과,인공지능시스템공학과,1.89,1.95,1.91,1.91,,,2.15,2.17,,,80.95,3/-,국수영탐(2)
인천대,정보통신공학과,인공지능정보통신공학부,1.84,1.86,1.78,1.81,,,2.03,2.09,,,81.45,2/-,국수영탐(2)
인천대,일본지역문화학과,일본지역문화학과,1.86,1.97,1.99,1.99,,,2.11,2.23,,,78.05,3/-,국수영탐(2)
인천대,일어교육과,일어교육과,1.72,1.72,,,,,2.17,2.21,,,79.6,3/-,국수영탐(2)
인천대,자유전공학부(인문),자유전공학부(인문),1.81,1.84,1.72,1.78,,,,,,,80.5,2/-,국수영탐(2)
인천대,자유전공학부(자연),자유전공학부(자연),1.73,1.77,1.61,1.67,,,,,,,81.5,2/-,국수영탐(2)
인천대,전기공학과,전기공학과,1.71,1.73,1.61,1.64,,,2.01,2.09,,,81.2,3/-,국수영탐(2)
인천대,전자공학부,전자공학부,1.65,1.66,1.62,1.63,,,1.92,2.08,,,82.25,4/-,국수영탐(2)
인천대,정치외교학과,정치외교학과,1.89,1.89,1.73,1.73,,,1.91,1.93,,,79.775,4/-,국수영탐(2)
인천대,중어중국학과,중어중국학과,1.87,1.88,1.83,1.89,,,2.39,2.56,,,78.725,3/-,국수영탐(2)
인천대,창의인재개발학과,창의인재개발학과,1.97,1.97,1.72,1.72,,,2.01,2.1,,,79.525,3/-,국수영탐(2)
인천대,컴퓨터공학부,컴퓨터공학부,1.76,1.81,1.77,2.09,,,1.9,1.94,,,81.6,5/-,국수영탐(2)
인천대,패션산업학과,패션산업학과,1.79,1.89,1.84,1.84,,,2.05,2.12,,,79.15,3/-,국수영탐(2)
인천대,해양학과,해양학과,1.81,1.84,1.68,1.68,,,2.03,2.19,,,79.3,3/-,국수영탐(2)
인천대,행정학과,행정학과,1.72,1.84,1.7,1.7,,,1.99,2.04,,,79.55,4/-,국수영탐(2)
인천대,화학과,화학과,1.68,1.69,1.77,2.02,,,1.89,1.95,,,80.75,4/-,국수영탐(2)
인천대,환경공학전공,환경공학전공,1.76,1.77,2.25,2.25,,,2.03,2.11,,,81.1,3/-,국수영탐(2)
인하대,간호학과,간호학과,1.25,1.27,,,,,1.42,1.47,,,84.5,1/3,국수영탐(2)
인하대,건축학부,건축학부,1.48,1.48,,,,,1.79,1.86,1.67,1.69,84.33333333333333,2/3,국수영탐(2)
인하대,경영학과,경영학과,1.45,1.45,,,,,1.65,1.69,1.49,1.54,82.41176470588235,2/1,국수영탐(2)
인하대,경제학과,경제학과,1.42,1.43,,,,,1.8,1.86,1.65,1.65,82.32352941176471,4/4,국수영탐(2)
인하대,고분자공학과,고분자공학과,1.36,1.36,,,,,1.72,1.83,1.6,1.6,82.66666666666667,2/1,국수영탐(2)
인하대,공간정보공학과,공간정보공학과,1.41,1.41,,,,,1.97,2.03,,,85,4/2,국수영탐(2)
인하대,교육학과,교육학과,1.45,1.47,,,,,1.67,1.67,,,80.29411764705883,2/4,국수영탐(2)
인하대,국어교육과,국어교육과,1.47,1.47,,,,,1.55,1.59,,,86.3529411764706,3/3,국수영탐(2)
인하대,국제통상학과,국제통상학과,1.39,1.39,,,,,1.81,1.9,1.64,1.65,86.26470588235294,3/7,국수영탐(2)
인하대,기계공학과,기계공학과,1.35,1.36,,,,,1.61,1.69,1.54,1.6,86.11111111111111,3/1,국수영탐(2)
인하대,데이터사이언스학과,데이터사이언스학과,1.49,1.57,,,,,1.92,1.93,1.54,1.54,87.72222222222223,3/1,국수영탐(2)
인하대,디자인테크놀로지학과,디자인테크놀로지학과,,,,,,,2.04,2.09,1.36,1.61,74.83333333333333,3/4,국영탐(2)
인하대,문화콘텐츠문화경영학과,문화콘텐츠문화경영학과,1.43,1.45,,,,,1.74,1.76,1.6,1.62,83.52941176470588,3/3,국수영탐(2)
인하대,물리학과,물리학과,1.49,1.49,,,,,1.85,1.95,1.58,1.64,84.55555555555556,3/3,국수영탐(2)
인하대,미디어커뮤니케이션학과,미디어커뮤니케이션학과,1.39,1.39,,,,,1.57,1.62,1.54,1.68,84.3529411764706,3/4,국수영탐(2)
인하대,바이오식품공학과,바이오식품공학과,,,,,,,1.58,1.63,,,83.22222222222223,3/4,국수영탐(2)
인하대,반도체시스템공학과,반도체시스템공학과,1.32,1.38,,,,,1.6,1.71,1.52,1.61,85.22222222222223,3/1,국수영탐(2)
인하대,사학과,사학과,1.52,1.52,,,,,1.82,1.83,1.65,1.65,80.38235294117646,2/1,국수영탐(2)
인하대,사회교육과,사회교육과,1.41,1.42,,,,,1.54,1.57,,,84.47058823529412,3/2,국수영탐(2)
인하대,사회복지학과,사회복지학과,1.5,1.5,,,,,1.8,1.92,,,80.76470588235294,3/1,국수영탐(2)
인하대,사회인프라공학과,사회인프라공학과,1.45,1.45,,,,,1.95,2.09,1.77,1.81,84.38888888888889,3/4,국수영탐(2)
인하대,산업경영공학과,산업경영공학과,1.4,1.44,,,,,1.62,1.69,1.59,1.6,85.77777777777777,2/1,국수영탐(2)
인하대,생명공학과,생명공학과,1.18,1.22,,,,,1.4,1.42,,,84.66666666666667,3/1,국수영탐(2)
인하대,생명과학과,생명과학과,1.23,1.23,,,,,1.47,1.54,,,82.11111111111111,3/3,국수영탐(2)
인하대,소비자학과,소비자학과,1.45,1.45,,,,,1.84,1.87,1.65,1.68,81.97058823529412,3/3,국수영탐(2)
인하대,수학과,수학과,1.43,1.44,,,,,1.72,1.76,1.63,1.63,83.22222222222223,2/1,국수영탐(2)
인하대,수학교육과,수학교육과,1.29,1.29,,,,,1.43,1.5,,,86.22222222222223,4/3,국수영탐(2)
인하대,스마트모빌리티공학과,스마트모빌리티공학과,1.5,1.5,,,,,1.7,1.88,1.71,1.71,84.61111111111111,2/2,국수영탐(2)
인하대,스포츠과학과,스포츠과학과,,,,,,,1.87,1.97,,,85.66666666666667,3/3,국영탐(2)
인하대,식품영양학과,식품영양학과,1.47,1.51,,,,,1.62,1.75,1.69,1.69,84.72222222222223,4/1,국수영탐(2)
인하대,신소재공학과,신소재공학과,1.29,1.31,,,,,1.52,1.59,1.48,1.53,85.33333333333333,3/4,국수영탐(2)
인하대,아동심리학과,아동심리학과,1.51,1.51,,,,,1.81,1.82,1.67,1.78,82.02941176470588,2/4,국수영탐(2)
인하대,아태물류학부,아태물류학부,1.33,1.33,,,,,1.69,1.71,1.45,1.45,84.23529411764706,2/2,국수영탐(2)
인하대,에너지자원공학과,에너지자원공학과,,,,,,,1.72,1.85,,,83.55555555555556,2/1,국수영탐(2)
인하대,영미유럽인문융합학부,영미유럽인문융합학부,1.51,1.51,,,,,2.55,2.76,1.78,1.85,,-/-,
인하대,영어교육과,영어교육과,1.44,1.44,,,,,1.68,1.68,,,80.47058823529412,2/1,국수영탐(2)
인하대,의류디자인학과(일반),의류디자인학과(일반),1.54,1.6,,,,,1.85,1.88,1.63,1.71,,-/-,
인하대,의예과,의예과,1,1,,,,,1,1,,,98.66666666666667,2/1,국수영탐(2)
인하대,이차전지융합학과,이차전지공학전공,1.39,1.43,,,,,1.68,1.71,1.44,1.44,80.33333333333333,2/2,국수영탐(2)
인하대,인공지능공학과,인공지능공학과,1.36,1.36,,,,,1.76,1.81,,,84.72222222222223,4/4,국수영탐(2)
인하대,일본언어문화학과,일본언어문화학과,1.54,1.58,,,,,1.92,2.1,1.99,2.01,80.5,3/3,국수영탐(2)
인하대,자유전공융합학부(인문),자유전공융합학부,1.3,1.31,,,,,,,,,86.63888888888889,4/4,국수영탐(2)
인하대,자유전공융합학부(인문),자유전공융합학부,1.3,1.31,,,,,,,,,86.16666666666667,4/4,국수영탐(2)
인하대,전기전자공학부,전기전자공학부,1.24,1.29,,,,,1.6,1.75,1.4,1.47,88.77777777777777,3/3,국수영탐(2)
인하대,정치외교학과,정치외교학과,1.44,1.5,,,,,1.84,2.1,1.67,1.72,82.94117647058823,2/2,국수영탐(2)
인하대,조선해양공학과,조선해양공학과,1.45,1.46,,,,,1.92,1.98,1.6,1.75,82.05555555555556,1/2,국수영탐(2)
인하대,중국학과,중국학과,1.58,1.59,,,,,2.5,2.96,1.96,2.03,81.79411764705883,3/4,국수영탐(2)
인하대,철학과,철학과,1.44,1.44,,,,,1.65,1.73,1.65,1.65,79.79411764705883,2/1,국수영탐(2)
인하대,첨단바이오의약학과,첨단바이오의약학과,,,,,,,1.42,1.45,,,88.88888888888889,3/4,국수영탐(2)
인하대,체육교육과,체육교육과,,,,,,,1.52,1.7,,,89.42857142857143,3/3,국영탐(2)
인하대,컴퓨터공학과,컴퓨터공학과,1.41,1.47,,,,,1.61,1.68,1.52,1.57,80.66666666666667,2/3,국수영탐(2)
인하대,통계학과,통계학과,1.44,1.44,,,,,1.93,1.93,1.71,1.71,85.61111111111111,4/3,국수영탐(2)
인하대,파이낸스경영학과,파이낸스경영학과,1.49,1.5,,,,,1.75,1.91,,,83.76470588235294,3/2,국수영탐(2)
인하대,한국어문학과,한국어문학과,1.52,1.56,,,,,1.8,2.01,1.61,1.71,81.1470588235294,2/2,국수영탐(2)
인하대,항공우주공학과,항공우주공학과,1.26,1.27,,,,,1.53,1.58,1.41,1.44,88.38888888888889,3/3,국수영탐(2)
인하대,해양과학과,해양과학과,1.36,1.36,,,,,1.74,1.78,1.71,1.71,82.05555555555556,2/1,국수영탐(2)
인하대,행정학과,행정학과,1.46,1.47,,,,,1.77,1.86,1.6,1.63,86.94117647058823,4/2,국수영탐(2)
인하대,화학공학과,화학공학전공,1.24,1.33,,,,,1.52,1.57,1.27,1.29,85.55555555555556,4/5,국수영탐(2)
인하대,화학과,화학과,1.32,1.32,,,,,1.59,1.65,1.41,1.41,85.94444444444444,4/4,국수영탐(2)
인하대,환경공학과,환경공학과,1.38,1.41,,,,,1.63,1.69,1.49,1.51,87.55555555555556,4/3,국수영탐(2)
장로회신학대,기독교교육과,기독교교육과,2.28,2.49,,,,,,,,,80.33333333333333,3/4,국수영탐(2) 중 3개
장로회신학대,신학과,신학과,1.8,2.14,,,,,,,,,59.33333333333333,4/5,국수영탐(2) 중 3개
장로회신학대,자유전공,자유전공,2.87,3.28,,,,,,,,,60.666666666666664,4/3,국수영탐(2) 중 3개
전남대,가정교육과,가정교육과,,,,,,,2.14,2.14,,,,-/-,국수영탐(2)
전남대,간호학과,간호학과,1.17,1.29,,,,,1.47,1.49,,,80.35,3/3,국수영탐(2)
전남대,건축학부,건축학부,,,,,,,1.78,1.84,,,79.9,3/2,국수영탐(2)
전남대,건축학부(건축공학전공),건축학부(건축공학전공),2.06,2.1,,,,,,,,,79.9,3/2,국수영탐(2)
전남대,건축학부(건축・도시설계전공),건축학부(건축・도시설계전공),1.97,1.99,,,,,,,,,79.9,3/2,국수영탐(2)
전남대,경영학부,경영학부,1.96,2.01,,,,,1.85,1.9,,,77.1,3/3,국수영탐(2)
전남대,경제학부,경제학부,2.17,2.24,,,,,2.19,2.24,,,81.2,3/3,국수영탐(2)
전남대,고분자융합소재공학부,고분자융합소재공학부,1.94,1.96,,,,,2,2.1,,,70.55,4/3,국수영탐(2)
전남대,교육학과,교육학과,,,,,,,,,,,72.3,3/3,국수영탐(2)
전남대,국어교육과,국어교육과,1.44,1.64,,,,,1.76,1.77,,,86.2,3/2,국수영탐(2)
전남대,국어국문학과,국어국문학과,1.88,1.89,,,,,2.23,2.35,,,73.65,3/3,국수영탐(2)
전남대,기계공학부,기계공학부,1.84,1.89,,,,,1.92,1.98,,,75.15,3/3,국수영탐(2)
전남대,농생명화학과,농생명화학과,1.97,1.97,,,,,2.17,2.23,,,74.55,3/3,국수영탐(2)
전남대,농업경제학과,농업경제학과,,,,,,,2.17,2.24,,,78.45,3/2,국수영탐(2)
전남대,독일언어문학과,독일언어문학과,1.97,1.97,,,,,2.48,2.56,,,71.85,3/5,국수영탐(2)
전남대,동물자원학부,동물자원학부,1.31,1.55,,,,,2.18,2.25,,,72.3,3/4,국수영탐(2)
전남대,문헌정보학과,문헌정보학과,1.71,1.71,,,,,2.08,2.12,,,72.2,3/2,국수영탐(2)
전남대,문화인류고고학과,문화인류고고학과,1.74,2.09,,,,,2.39,2.47,,,76,3/1,국수영탐(2)
전남대,물리교육과,물리교육과,2.19,2.19,,,,,2.29,2.32,,,,-/-,국수영탐(2)
전남대,물리학과,물리학과,2.23,2.24,,,,,2.25,2.35,,,73.5,3/4,국수영탐(2)
전남대,미디어커뮤니케이션학과,미디어커뮤니케이션학과,1.76,1.8,,,,,1.78,1.88,,,75.35,3/3,국수영탐(2)
전남대,미래모빌리티학과,미래모빌리티학과,2.04,2.09,,,,,2.17,2.18,,,66.2,4/3,국수영탐(2)
전남대,미술학과(이론전공),미술학과(이론전공),1.88,2.04,,,,,,,,,,-/-,국영탐(2)
전남대,바이오에너지공학과,바이오에너지공학과,1.96,1.96,,,,,2.03,2.1,,,,-/-,국수영탐(2)
전남대,분자생명공학과,분자생명공학과,1.82,1.87,,,,,1.93,2.06,,,81.1,3/2,국수영탐(2)
전남대,불어불문학과,불어불문학과,2.18,2.21,,,,,2.55,2.7,,,72.2,3/3,국수영탐(2)
전남대,빅데이터융합학과,빅데이터융합학과,2.2,2.22,,,,,2.21,2.24,,,68.15,3/2,국수영탐(2)
전남대,사학과,사학과,1.8,1.8,,,,,2.04,2.22,,,70.8,3/1,국수영탐(2)
전남대,사회학과,사회학과,1.54,1.54,,,,,2.09,2.16,,,77.7,2/4,국수영탐(2)
전남대,산림자원학과,산림자원학과,2.01,2.06,,,,,2.04,2.15,,,79.2,3/2,국수영탐(2)
전남대,산업공학과,산업공학과,1.9,1.93,,,,,2.1,2.13,,,83.4,2/2,국수영탐(2)
전남대,생명과학기술학부,생명과학기술학부,1.85,1.85,,,,,2.03,2.09,,,74.8,3/3,국수영탐(2)
전남대,생물공학과,생물공학과,1.54,1.57,,,,,1.64,1.65,,,79.9,2/1,국수영탐(2)
전남대,생물교육과,생물교육과,1.46,1.46,,,,,1.74,1.76,,,81.45,2/2,국수영탐(2)
전남대,생물학과,생물학과,1.89,1.89,,,,,1.97,2.01,,,77.2,4/4,국수영탐(2)
전남대,생활복지학과,생활복지학과,1.94,2.03,,,,,2.17,2.22,,,76.65,3/3,국수영탐(2)
전남대,수의예과,수의예과,1.03,1.03,,,,,1.11,1.14,,,94.3,1/2,국수영탐(2)
전남대,수학과,수학과,2.01,2.06,,,,,2.22,2.4,,,75.15,3/3,국수영탐(2)
전남대,수학교육과,수학교육과,1.4,1.49,,,,,1.86,1.95,,,81.85,3/3,국수영탐(2)
전남대,식품공학과,식품공학과,1.63,1.65,,,,,1.86,1.89,,,76.35,3/2,국수영탐(2)
전남대,식품영양과학부,식품영양과학부,1.31,1.31,,,,,2.18,2.25,,,72.4,3/2,국수영탐(2)
전남대,신소재공학부,신소재공학부,1.74,1.8,,,,,1.86,1.9,,,72.3,3/3,국수영탐(2)
전남대,심리학과,심리학과,,,,,,,1.9,1.97,,,81.35,3/1,국수영탐(2)
전남대,약학부,약학부,1,1.12,,,,,1.03,1.03,,,94.5,1/1,국수영탐(2)
전남대,에너지자원공학과,에너지자원공학과,1.8,1.91,,,,,2.12,2.22,,,68.3,4/4,국수영탐(2)
전남대,역사교육과,역사교육과,,,,,,,1.67,1.75,,,73.95,3/1,국수영탐(2)
전남대,영어교육과,영어교육과,,,,,,,1.6,1.64,,,79.25,2/2,국수영탐(2)
전남대,영어영문학과,영어영문학과,1.86,1.95,,,,,2.13,2.16,,,73.85,3/3,국수영탐(2)
전남대,원예생명공학과,원예생명공학과,,,,,,,2.06,2.31,2.5,2.55,79.4,3/2,국수영탐(2)
전남대,유아교육과,유아교육과,,,,,,,,,,,76.05,4/3,국수영탐(2)
전남대,윤리교육과,윤리교육과,,,,,,,1.69,1.69,,,,-/-,국수영탐(2)
전남대,융합바이오시스템기계공학과,융합바이오시스템기계공학과,2.01,2.04,,,,,2.24,2.31,,,74.4,3/3,국수영탐(2)
전남대,음악교육과,음악교육과,,3.02,,,,,,,,,,-/-,국영탐(2)
전남대,응용생물학과,응용생물학과,1.94,1.94,,,,,2.22,2.24,,,77.2,3/3,국수영탐(2)
전남대,응용식물학과,응용식물학과,1.72,1.96,,,,,2.01,2.16,,,78.05,3/4,국수영탐(2)
전남대,의류학과,의류학과,1.73,1.97,,,,,2.28,2.32,,,76.3,3/3,국수영탐(2)
전남대,의학과,의학과,,,,,,,1,1,,,97.2,2/1,국수영탐(2)
전남대,인공지능학부,인공지능학부,1.89,1.92,,,,,2.12,2.21,,,70.45,3/3,국수영탐(2)
전남대,일어일문학과,일어일문학과,2.25,2.25,,,,,2.34,2.46,,,72.3,4/3,국수영탐(2)
전남대,임산공학과,임산공학과,2.15,2.15,,,,,2.43,2.43,,,80.4,4/4,국수영탐(2)
전남대,자율전공학부(1년),자율전공학부(1년),1.66,1.72,,,,,,,,,86.7,2/2,국수영탐(2)
전남대,자율전공학부(4년),자율전공학부(4년),2.06,2.06,,,,,2.13,2.14,,,75.9,3/3,국수영탐(2)
전남대,전기공학과,전기공학과,1.13,1.14,,,,,1.27,1.31,,,88,2/2,국수영탐(2)
전남대,전자컴퓨터공학부,전자컴퓨터공학부,1.7,1.76,,,,,1.9,1.96,,,70,3/4,국수영탐(2)
전남대,정치외교학과,정치외교학과,1.78,1.78,,,,,2.03,2.11,,,79.2,3/2,국수영탐(2)
전남대,조경학과,조경학과,1.63,1.63,,,,,2.18,2.28,,,74.1,3/2,국수영탐(2)
전남대,중어중문학과,중어중문학과,2.03,2.04,,,,,2.33,2.38,,,74.1,4/3,국수영탐(2)
전남대,지구과학교육과,지구과학교육과,1.84,1.96,,,,,1.8,1.89,,,59.7,3/3,국수영탐(2)
전남대,지구환경과학부,지구환경과학부,2.15,2.17,,,,,2.26,2.28,,,73,3/4,국수영탐(2)
전남대,지리교육과,지리교육과,1.86,2.03,,,,,1.91,1.95,,,76.5,3/1,국수영탐(2)
전남대,지리학과,지리학과,2.03,2.03,,,,,2.41,2.43,,,75.05,3/3,국수영탐(2)
전남대,지역 ・ 바이오시스템공학과,지역 ・ 바이오시스템공학과,,,,,,,2.4,2.57,,,76.05,3/4,국수영탐(2)
전남대,철학과,철학과,1.96,1.99,,,,,2.38,2.48,,,76.8,3/2,국수영탐(2)
전남대,체육교육과,체육교육과,2.04,2.13,,,,,,,,,,-/-,국수영탐(2)
전남대,치의학과,치의학과,1,1,,,,,1.03,1.03,,,97.65,1/1,국수영탐(2)
전남대,토목공학과,토목공학과,1.99,2.02,,,,,2.17,2.19,,,74.5,3/3,국수영탐(2)
전남대,통계학과,통계학과,1.84,1.84,,,,,2.04,2.28,,,84.25,2/3,국수영탐(2)
전남대,특수교육학부,특수교육학부,1.85,2.08,,,,,2.23,2.28,,,73.25,3/3,국수영탐(2)
전남대,행정학과,행정학과,1.67,1.87,,,,,1.85,1.9,,,77.3,3/2,국수영탐(2)
전남대,화학공학부,화학공학부,1.66,1.71,,,,,1.82,1.87,,,73,3/3,국수영탐(2)
전남대,화학과,화학과,1.83,1.93,,,,,2.16,2.24,,,80.8,3/3,국수영탐(2)
전남대,화학교육과,화학교육과,1.81,2.03,,,,,2.16,2.19,,,68.1,3/3,국수영탐(2)
전남대,환경에너지공학과,환경에너지공학과,1.91,1.94,,,,,1.99,2.04,,,71.2,3/2,국수영탐(2)
전남대,건축디자인학과,건축디자인학과,2.93,3,,,,,,,,,66.2,4/3,국수영탐(2)
전남대,국제학부(영어학전공),국제학부(영어학전공),3.2,3.55,,,,,,,,,62.85,3/3,국수영탐(2)
전남대,국제학부(일본학전공),국제학부(일본학전공),2.93,3.1,,,,,,,,,52.8,4/3,국수영탐(2)
전남대,국제학부(중국학전공),국제학부(중국학전공),3.37,3.37,,,,,,,,,46.75,4/5,국수영탐(2)
전남대,글로벌비즈니스학부,글로벌비즈니스학과,3.4,3.65,,,,,,,,,59.45,4/4,국수영탐(2)
전남대,공학계열,기계공학계열,3.41,3.58,,,,,3.72,3.98,,,49.55,4/5,국수영탐(2)
전남대,공학계열,기계설계공학과,3.41,3.58,,,,,3.72,3.98,,,49.55,4/5,국수영탐(2)
전남대,공학계열,기계시스템공학과,3.41,3.58,,,,,3.72,3.98,,,49.55,4/5,국수영탐(2)
전남대,기관시스템공학과,기관시스템공학과,3.02,3.06,,,,,,,,,,-/-,국수영탐(2)
전남대,공학계열,냉동공조공학과,3.41,3.58,,,,,3.72,3.98,,,49.55,4/5,국수영탐(2)
전남대,디지털융합정보학과,디지털융합정보학과,,,,,,,,,,,,-/-,
전남대,공학계열,메카트로닉스공학과,3.41,3.58,,,,,3.72,3.98,,,49.55,4/5,국수영탐(2)
전남대,문화관광경영학과,문화관광경영학과,3.56,3.91,,,,,3.42,3.42,,,,-/-,국수영탐(2)
전남대,문화콘텐츠학부,문화콘텐츠학부,2.71,3.98,,,,,3.26,3.3,,,53.1,4/5,국수영탐(2)
전남대,문화콘텐츠학부(멀티미디어전공),문화콘텐츠학부(멀티미디어전공),3.2,3.41,,,,,,,,,53.1,4/5,국수영탐(2)
전남대,문화콘텐츠학부(전자상거래전공),문화콘텐츠학부(전자상거래전공),3.93,4,,,,,,,,,53.1,4/5,국수영탐(2)
전남대,물류교통학과,물류교통학과,4.18,4.47,,,,,,,,,48.55,4/4,국수영탐(2)
전남대,산업기술융합공학과(야),산업기술융합공학과(야),,,,,,,,,,,,-/-,국수영탐(2)
전남대,석유화학소재공학과,석유화학소재공학과,4,4.19,,,,,,,,,49.45,4/4,국수영탐(2)
전남대,수산생명의학과,수산생명의학과,2.58,2.63,,,,,2.68,2.7,,,62.55,3/4,국수영탐(2)
전남대,스마트ICT융합공학과,스마트ICT융합공학과,,,,,,,,,,,,-/-,
전남대,스마트수산자원관리학과,스마트수산자원관리학과,3.48,3.64,,,,,3.85,3.93,,,50.05,4/4,국수영탐(2)
전남대,스마트응용설계공학과,스마트응용설계공학과,,,,,,,,,,,,-/-,
전남대,스마트전기제어공학과,스마트전기제어공학과,,,,,,,,,,,,-/-,
전남대,해양수산광역,양식생물학과,3.11,3.31,,,,,3.4,3.55,,,58.8,4/4,국수영탐(2)
전남대,공학계열,융합생명공학과,3.41,3.58,,,,,3.72,3.98,,,49.55,4/5,국수영탐(2)
전남대,의공학부,의공학부,3.52,3.56,,,,,3.4,3.94,,,55.25,4/4,국수영탐(2)
전남대,공학계열,전기전자컴퓨터공학계열,3.41,3.58,,,,,3.72,3.98,,,49.55,4/5,국수영탐(2)
전남대,조선해양공학과,조선해양공학과,3.75,3.95,,,,,,,,,61.65,3/3,국수영탐(2)
전남대,창의융합학부,창의융합학부,2.53,2.57,,,,,2.87,2.91,,,,-/-,국수영탐(2)
전남대,해양수산광역,해양경찰학과,3.11,3.31,,,,,3.4,3.55,,,58.8,4/4,국수영탐(2)
전남대,해양수산광역,해양바이오식품학과,3.11,3.31,,,,,3.4,3.55,,,58.8,4/4,국수영탐(2)
전남대,해양수산광역,해양생산관리학과,3.11,3.31,,,,,3.4,3.55,,,58.8,4/4,국수영탐(2)
전남대,해양수산광역,해양수산자율전공계열,3.11,3.31,,,,,3.4,3.55,,,58.8,4/4,국수영탐(2)
전남대,해양수산광역,해양융합과학과,3.11,3.31,,,,,3.4,3.55,,,58.8,4/4,국수영탐(2)
전남대,공학계열,화공생명공학과,3.41,3.58,,,,,3.72,3.98,,,49.55,4/5,국수영탐(2)
전남대,공학계열,화공환경공학계열,3.41,3.58,,,,,3.72,3.98,,,49.55,4/5,국수영탐(2)
전남대,공학계열,환경시스템공학과,3.41,3.58,,,,,3.72,3.98,,,49.55,4/5,국수영탐(2)
전북대,간호학과,간호학과,1.38,1.44,,,,,1.67,1.67,,,81,2/2,국수탐(2)
전북대,경상계열,경상계열,1.99,2.09,,,,,2.22,2.26,,,75.2,4/3,국수탐(2)
전북대,고고문화인류학과,고고문화인류학과,2.13,2.14,,,,,2.56,2.56,,,,-/-,
전북대,공학계열1,공학계열1,2.04,2.11,,,,,2.25,2.32,,,71.4,4/6,국수탐(2)
전북대,공학계열2,공학계열2,2.15,2.2,,,,,2.22,2.27,2.43,2.52,72.95,3/2,국수탐(2)
전북대,과학교육학부,과학교육학부,1.87,1.89,,,,,2.15,2.27,,,72.3,4/3,국수탐(2)
전북대,교육학과,교육학과,1.91,1.91,,,,,,,,,74.15,3/4,국수탐(2)
전북대,국어교육과,국어교육과,1.7,1.87,,,,,1.75,1.75,,,75.45,3/1,국수탐(2)
전북대,국어국문학과,국어국문학과,2.1,2.27,,,,,,,,,,-/-,
전북대,국제이공학부,국제이공학부,,,,,,,2.91,2.95,,,,-/-,
전북대,국제학부,국제학부,,,,,,,2.44,2.56,,,,-/-,
전북대,농업생명과학계열,농업생명과학계열,2.2,2.27,,,,,2.55,2.66,,,72.95,4/4,국수탐(2)
전북대,독어교육과,독어교육과,,,,,,,,,,,,-/-,국수탐(2)
전북대,독일학과,독일학과,2.22,2.23,,,,,,,,,,-/-,
전북대,문헌정보학과,문헌정보학과,1.93,1.97,,,,,,,,,,-/-,
전북대,사학과,사학과,2.12,2.14,,,,,,,,,,-/-,국수탐(2)
전북대,사회과교육학부,사회과교육학부,1.65,1.73,,,,,1.9,1.99,,,73.6,2/1,국수탐(2)
전북대,사회과학계열,사회과학계열,1.97,2.05,,,,,2.24,2.29,,,71.1,3/1,국수탐(2)
전북대,생활과학계열,생활과학계열,2.13,2.17,,,,,2.39,2.49,,,68.55,1/4,국수탐(2)
전북대,수의예과,수의예과,1,1,,,,,,,,,94.3,1/1,국수탐(2)
전북대,수학교육과,수학교육과,1.7,1.81,,,,,,,,,79.4,2/1,국수탐(2)
전북대,스마트팜학과,스마트팜학과,2.12,2.18,,,,,,,,,70.25,2/4,국수탐(2)
전북대,스페인・중남미학과,스페인・중남미학과,2.19,2.21,,,,,,,,,,-/-,
전북대,약학과,약학과,1,1,,,,,,,,,95.8,2/3,국수탐(2)
전북대,영어교육과,영어교육과,1.74,1.76,,,,,1.91,1.91,,,79.3,4/3,국수탐(2)
전북대,영어영문학과,영어영문학과,2.01,2.04,,,,,2.29,2.31,,,,-/-,국수탐(2)
전북대,융합자율전공학부1,융합자율전공학부1,2.08,2.1,,,,,,,,,76.2,3/1,국수탐(2)
전북대,융합자율전공학부2,융합자율전공학부2,2.4,2.45,,,,,,,,,70.35,3/3,국수탐(2)
전북대,의예과,의예과,1,1.03,,,,,1.03,1.03,,,96.9,1/1,국수탐(2)
전북대,이차전지공학과,이차전지공학과,2.42,2.46,,,,,2.68,2.68,,,75.85,3/3,국수탐(2)
전북대,일본학과,일본학과,2.08,2.12,,,,,2.36,2.36,,,,-/-,
전북대,자연과학계열1,자연과학계열1,2.13,2.18,,,,,2.18,2.27,,,67.5,1/4,국수탐(2)
전북대,자연과학계열2,자연과학계열2,2.33,2.38,,,,,2.42,2.49,,,73.4,3/4,국수탐(2)
전북대,중어중문학과,중어중문학과,2.17,2.21,,,,,2.64,2.82,,,,-/-,
전북대,철학과,철학과,2.13,2.18,,,,,2.49,2.49,,,,-/-,국수탐(2)
전북대,첨단방위산업학과,첨단방위산업학과,1.93,2.16,,,,,2.35,2.35,,,80.05,3/1,국수탐(2)
전북대,치의예과,치의예과,,,,,,,,,,,94.9,1/3,국수탐(2)
전북대,프랑스・아프리카학과,프랑스・아프리카학과,2.23,2.32,,,,,2.45,2.48,,,,-/-,
전북대,환경생명자원계열,환경생명자원계열,2.64,2.69,,,,,2.87,2.92,,,67.7,3/5,국수탐(2)
전주교대,초등교육과,초등교육과,,,,,,,,,,,77.66666666666667,3/2,국수영탐(2)
전주대,가정교육과,가정교육과,2.5,2.64,,,,,2.93,3.15,,,81.8,4/3,"국수영 중 2개, 탐(1)"
전주대,간호학과,간호학과,1.24,1.24,,,,,2.42,2.5,,,85.4,3/4,"국수영 중 2개, 탐(1)"
전주대,건축공학과,건축공학과,3.89,4.07,,,,,3.98,4.05,,,69.6,3/6,"국수영 중 2개, 탐(1)"
전주대,건축학과,건축학과,2.98,3.18,,,,,3.73,3.85,,,71.6,4/6,"국수영 중 2개, 탐(1)"
전주대,게임콘텐츠학과,게임콘텐츠학과,3.2,3.53,,,,,3.77,3.9,,,63.8,4/4,"국수영 중 2개, 탐(1)"
전주대,경영대학,경영대학,3.56,4.06,4.13,4.39,,,4.05,4.28,,,66.8,3/5,"국수영 중 2개, 탐(1)"
전주대,경찰학과,경찰학과,2.9,3.02,,,,,3.28,3.37,,,73.2,3/3,"국수영 중 2개, 탐(1)"
전주대,공연예술학과,공연예술학과,3.61,3.71,,,,,,,,,63.8,4/4,"국수영 중 2개, 탐(1)"
전주대,과학교육과,과학교육과,2.71,2.85,,,,,3.68,3.78,,,79.4,4/2,"국영 중 1개, 수탐(1)"
전주대,관광경영학과,관광경영학과,3.91,4.09,,,,,,,,,67,5/5,"국수영 중 2개, 탐(1)"
전주대,국어교육과,국어교육과,2.3,2.36,,,,,2.78,2.8,,,85.6,4/1,"국수영 중 2개, 탐(1)"
전주대,기계공학과,기계공학과,3.57,3.94,,,,,,,,,69,6/6,"국수영 중 2개, 탐(1)"
전주대,데이터사이언스학과,데이터사이언스학과,4.13,4.14,,,,,4.11,4.26,,,65.6,6/4,"국수영 중 2개, 탐(1)"
전주대,반려동물산업학부,동물보건학과,3.1,3.59,,,,,3.71,3.87,,,60.6,3/6,"국수영 중 2개, 탐(1)"
전주대,문헌정보학과,문헌정보학과,2.29,2.41,,,,,3,3.17,,,63.8,4/4,"국수영 중 2개, 탐(1)"
전주대,물리치료학과,물리치료학과,2.49,2.53,,,,,2.7,2.86,,,82,3/4,"국수영 중 2개, 탐(1)"
전주대,방사선학과,방사선학과,2.71,2.73,,,,,2.78,3.02,,,79.8,3/6,"국수영 중 2개, 탐(1)"
전주대,법학과,법학과,3.55,3.83,,,,,3.05,3.46,,,73.2,3/3,"국수영 중 2개, 탐(1)"
전주대,보건관리학과,보건관리학과,3.11,3.44,,,,,3.87,3.94,,,78.6,4/5,"국수영 중 2개, 탐(1)"
전주대,사회복지학과,사회복지학과,3.22,3.38,,,,,3.71,3.82,,,73.2,3/3,"국수영 중 2개, 탐(1)"
전주대,산업디자인학과,산업디자인학과,,,,,,,3.41,3.95,,,63.8,4/4,"국수영 중 2개, 탐(1)"
전주대,상담심리학과,상담심리학과,2.53,2.61,,,,,3.22,3.52,,,73.2,3/3,"국수영 중 2개, 탐(1)"
전주대,소방안전공학과,소방안전공학과,3.31,3.43,,,,,3.71,3.77,,,77.6,4/3,"국수영 중 2개, 탐(1)"
전주대,수학교육과,수학교육과,2.54,2.73,,,,,2.89,3.03,,,88,4/3,"국영 중 1개, 수탐(1)"
전주대,스마트미디어학과,스마트미디어학과,4.05,4.39,,,,,3.26,3.69,,,65.6,6/4,"국수영 중 2개, 탐(1)"
전주대,시각디자인학과,시각디자인학과,2.72,3.73,,,,,,,,,,-/-,
전주대,식품영양학과,식품영양학과,3.32,3.54,,,,,3.71,4.18,,,75.6,3/4,"국수영 중 2개, 탐(1)"
전주대,영어교육과,영어교육과,2.51,2.7,,,,,2.87,3.07,,,84.6,3/2,"국수영 중 2개, 탐(1)"
전주대,영화방송학과,영화방송학과,1.69,2.02,,,,,3.29,3.41,,,63.8,4/4,"국수영 중 2개, 탐(1)"
전주대,예술심리치료학과,예술심리치료학과,3.76,4.2,,,,,,,,,63.8,4/4,"국수영 중 2개, 탐(1)"
전주대,외식산업조리학과,외식산업조리학과,2.97,3.09,,,,,3.85,4.04,,,67,5/5,"국수영 중 2개, 탐(1)"
전주대,운동처방학과,운동처방학과,3.02,3.04,,,,,3.52,3.63,,,75.6,3/4,"국수영 중 2개, 탐(1)"
전주대,인공지능학과,인공지능학과,2.9,3.5,,,,,2.78,3.6,,,65.6,6/4,"국수영 중 2개, 탐(1)"
전주대,인문콘텐츠대학,인문콘텐츠대학,3.11,3.44,3.93,4.16,,,3.51,3.7,,,69.8,5/5,"국수영 중 2개, 탐(1)"
전주대,자유전공학부,자유전공학부,3.69,3.86,,,,,,,,,75.4,4/1,"국수영 중 2개, 탐(1)"
전주대,작업치료학과,작업치료학과,3.03,3.06,,,,,3.52,3.7,,,75.6,4/5,"국수영 중 2개, 탐(1)"
전주대,재활학과,재활학과,3.64,3.76,,,,,3.89,3.99,,,75.6,3/4,"국수영 중 2개, 탐(1)"
전주대,전기전자공학과,전기전자공학과,3.01,3.69,,,,,3.24,3.74,,,76.6,3/1,"국수영 중 2개, 탐(1)"
전주대,정보통신공학과,정보통신공학과,4.28,4.38,,,,,,,,,66.2,6/5,"국수영 중 2개, 탐(1)"
전주대,중등특수교육과,중등특수교육과,3.28,3.32,,,,,3.5,3.55,,,74.2,4/3,"국수영 중 2개, 탐(1)"
전주대,신소재화학공학과,첨단신소재공학과,3.13,3.48,,,,,3.73,3.73,,,70,5/6,"국수영 중 2개, 탐(1)"
전주대,컴퓨터공학과,컴퓨터공학과,3.28,3.49,,,,,2.87,3.2,,,65.6,6/4,"국수영 중 2개, 탐(1)"
전주대,토목환경공학과,토목환경공학과,3.97,4.04,,,,,3.85,4.02,,,69,6/6,"국수영 중 2개, 탐(1)"
전주대,패션산업학과,패션산업학과,3.48,3.55,,,,,3.81,3.95,,,67,5/5,"국수영 중 2개, 탐(1)"
전주대,반려동물산업학부,펫산업학과,3.1,3.59,,,,,3.71,3.87,,,60.6,3/6,"국수영 중 2개, 탐(1)"
전주대,한문교육과,한문교육과,3.66,3.66,,,,,3.8,3.8,,,74.4,3/4,"국수영 중 2개, 탐(1)"
전주대,한식조리학과,한식조리학과,2.64,2.75,,,,,3.28,3.75,,,67,5/5,"국수영 중 2개, 탐(1)"
전주대,행정학과,행정학과,3.72,3.82,,,,,,,,,73.2,3/3,"국수영 중 2개, 탐(1)"
전주대,호텔경영학과,호텔경영학과,3.65,3.82,,,,,3.76,3.86,,,67,5/5,"국수영 중 2개, 탐(1)"
제주국제대,건설공학부,건설공학부,,,,,,,,,,,,-/-,국수영탐(1)
제주국제대,건설공학부[야],건설공학부(야),,,,,,,,,,,,-/-,국수영탐(1)
제주국제대,복지상담학부,복지상담학부,,,,,,,,,,,,-/-,국수영탐(1)
제주국제대,안전공학부,안전공학부,,,,,,,,,,,,-/-,국수영탐(1)
제주국제대,에너지기계공학부,에너지기계공학부,,,,,,,,,,,,-/-,국수영탐(1)
제주국제대,융합경영학부,융합경영학부,,,,,,,,,,,,-/-,국수영탐(1)
제주국제대,체육학부,체육학부,,,,,,,,,,,,-/-,국수영탐(1)
제주국제대,체육학부[야],체육학부(야),,,,,,,,,,,,-/-,국수영탐(1)
제주대,간호학과,간호학과,1.93,1.97,,,,,2.01,2.29,,,59.785,-/-,국수영탐(2)
제주대,건축공학과,건축공학과,3.11,3.37,,,,,,,,,50.545,-/-,국수영탐(2)
제주대,건축학과,건축학과,,,,,,,,,,,60.03,-/-,국수영탐(2)
제주대,경영정보학과,경영정보학과,2.86,2.91,,,,,3.03,3.19,,,51.445,-/-,국수영탐(2)
제주대,경영학과,경영학과,1.84,1.92,,,,,,,,,55.75,-/-,국수영탐(2)
제주대,경영학과(야),경영학과(야),,,,,,,,,,,40.49,-/-,국수영탐(2)
제주대,경제학과,경제학과,2.79,2.79,,,,,,,,,53.47,-/-,국수영탐(2)
제주대,관광개발학과,관광개발학과,2.91,3.06,,,,,,,,,51.15,-/-,국수영탐(2)
제주대,관광경영학과,관광경영학과,2.47,2.59,,,,,2.81,2.96,,,48.22,-/-,국수영탐(2)
제주대,국어교육과,국어교육과,,,,,,,2.46,2.75,,,,-/-,국수영탐(2)
제주대,국어국문학과,국어국문학과,2.79,2.86,,,,,,,,,49.82,-/-,국수영탐(2)
제주대,자유전공,글로벌자율학부,2.04,2.18,,,,,2.96,3.08,,,,-/-,
제주대,기계시스템공학과,기계시스템공학과,3.1,3.16,,,,,3.5,3.52,,,49.41,-/-,국수영탐(2)
제주대,데이터사이언스학과,데이터사이언스학과,3.31,3.43,,,,,,,,,45.42,-/-,국수영탐(2)
제주대,독일학과,독일학과,3.19,3.48,,,,,,,,,46.6,-/-,국수영탐(2)
제주대,무역학과,무역학과,2.86,3.06,,,,,,,,,51.175,-/-,국수영탐(2)
제주대,물리교육전공,물리교육전공,,,,,,,2.8,3.12,,,47.73,-/-,국수영탐(2)
제주대,물리학과,물리학과,3.6,4,,,,,,,,,48.29,-/-,국수영탐(2)
제주대,바이오메디컬정보학과,바이오메디컬정보학과,3.23,3.38,,,,,3.39,3.53,,,48.6,-/-,국수영탐(2)
제주대,사학과,사학과,2.76,2.86,,,,,,,,,48.35,-/-,국수영탐(2)
제주대,사회교육과,사회교육과,,,,,,,,,,,60.755,-/-,국수영탐(2)
제주대,사회학과,사회학과,2.59,2.75,,,,,,,,,50.3,-/-,국수영탐(2)
제주대,산업응용경제학과,산업응용경제학과,3.42,3.43,,,,,,,,,46.815,-/-,국수영탐(2)
제주대,생명공학부,생명공학부,2.8,2.94,,,,,3.22,3.49,,,49.44,-/-,국수영탐(2)
제주대,생물교육전공,생물교육전공,,,,,,,,,,,51.14,-/-,국수영탐(2)
제주대,생물학과,생물학과,3.36,3.45,,,,,,,,,45.2,-/-,국수영탐(2)
제주대,생활환경복지학부,생활환경복지학부,2.75,2.94,,,,,,,,,47.84,-/-,국수영탐(2)
제주대,수산생명의학과,수산생명의학과,2.42,2.45,,,,,,,,,49.86,-/-,국수영탐(2)
제주대,수의예과,수의예과,1.03,1.03,,,,,,,,,76.12,-/-,국수영탐(2)
제주대,수학과,수학과,3.88,3.94,,,,,,,,,49.55,-/-,국수영탐(2)
제주대,수학교육과,수학교육과,,,,,,,2.04,2.3,,,62.345,-/-,국수영탐(2)
제주대,식물자원환경전공,식물자원환경전공,2.75,2.89,,,,,,,,,51.11,-/-,국수영탐(2)
제주대,식품생명공학과,식품생명공학과,2.58,2.72,,,,,,,,,51.665,-/-,국수영탐(2)
제주대,식품영양학과,식품영양학과,2.55,2.63,,,,,,,,,52.06,-/-,국수영탐(2)
제주대,약학과,약학과,1,1,,,,,1.08,1.1,,,76.04,-/-,국수영탐(2)
제주대,언론홍보학과,언론홍보학과,2.44,2.49,,,,,,,,,53.12,-/-,국수영탐(2)
제주대,영어교육과,영어교육과,,,,,,,1.96,2.03,,,58.275,-/-,국수영탐(2)
제주대,영어영문학과,영어영문학과,2.41,2.56,,,,,,,,,50.85,-/-,국수영탐(2)
제주대,원예과학전공,원예과학전공,2.57,2.68,,,,,,,,,47.51,-/-,국수영탐(2)
제주대,원자력공학과,원자력공학과,3.04,3.23,,,,,,,,,48.3,-/-,국수영탐(2)
제주대,윤리교육과,윤리교육과,,,,,,,2.25,2.35,,,56.22,-/-,국수영탐(2)
제주대,의예과,의예과,1,1,,,,,,,,,77.65,-/-,국수영탐(2)
제주대,인공지능학과,인공지능학과,3.13,3.22,,,,,,,,,53,-/-,국수영탐(2)
제주대,일어일문학과,일어일문학과,2.76,2.9,,,,,,,,,48.77,-/-,국수영탐(2)
제주대,전기공학과,전기공학과,2.89,2.94,,,,,,,,,55.95,-/-,국수영탐(2)
제주대,전자공학과,전자공학과,2.63,2.83,,,,,,,,,56.02,-/-,국수영탐(2)
제주대,정치외교학과,정치외교학과,2.84,2.98,,,,,,,,,47.22,-/-,국수영탐(2)
제주대,중어중문학과,중어중문학과,2.76,2.96,,,,,,,,,46.415,-/-,국수영탐(2)
제주대,지구해양과학과,지구해양과학과,3.17,3.2,,,,,,,,,50.135,-/-,국수영탐(2)
제주대,지리교육과,지리교육과,,,,,,,,,,,,-/-,국수영탐(2)
제주대,철학과,철학과,2.99,3.02,,,,,,,,,49.09,-/-,국수영탐(2)
제주대,초등교육학부,초등교육학부,1.94,2.08,,,,,1.76,1.89,,,60.99,-/-,국수영탐(2)
제주대,컴퓨터공학과,컴퓨터공학과,2.38,2.5,,,,,2.46,2.6,,,56.88,-/-,국수영탐(2)
제주대,컴퓨터교육과,컴퓨터교육과,,,,,,,,,,,61.055,-/-,국수영탐(2)
제주대,토목공학과,토목공학과,3.13,3.16,,,,,,,,,49.53,-/-,국수영탐(2)
제주대,통신공학과,통신공학과,3.54,3.59,,,,,,,,,45.255,-/-,국수영탐(2)
제주대,패션의류학과,패션의류학과,2.43,3.04,,,,,,,,,47.285,-/-,국수영탐(2)
제주대,해양산업경찰학과,해양산업경찰학과,2.51,2.79,,,,,,,,,44.55,-/-,국수영탐(2)
제주대,해양생명과학과,해양생명과학과,2.56,2.6,,,,,,,,,45.38,-/-,국수영탐(2)
제주대,해양시스템공학과,해양시스템공학과,3.03,3.13,,,,,,,,,46.925,-/-,국수영탐(2)
제주대,행정학과,행정학과,2.63,2.69,,,,,2.29,2.43,,,56.62,-/-,국수영탐(2)
제주대,행정학과(야),행정학과(야),3.31,3.42,,,,,,,,,39.19,-/-,국수영탐(2)
제주대,화공그린에너지학과,화공그린에너지학과,3.21,3.58,,,,,,,,,57.1,-/-,국수영탐(2)
제주대,화학・코스메틱스학과,화학・코스메틱스학과,3.27,3.36,,,,,,,,,48.035,-/-,국수영탐(2)
제주대,환경공학과,환경공학과,3.23,3.34,,,,,,,,,46.135,-/-,국수영탐(2)
제주대,회계학과,회계학과,2.75,2.78,,,,,2.71,2.85,,,52.375,-/-,국수영탐(2)
조선대,AI・SW학부(인공지능공학전공),AI・SW학부(인공지능공학전공),2.72,2.9,,,,,3.21,3.3,,,,-/-,국수영탐(1)
조선대,간호학과,간호학과,1.71,1.76,,,,,1.78,1.78,1.86,2.01,,-/-,국수영탐(1)
조선대,건축공학과,건축공학과,2.68,2.58,,,,,3.06,3.29,2.94,3.03,,-/-,국수영탐(1)
조선대,건축학과(5년제),건축학과(5년제),2.38,2.51,,,,,2.13,2.17,2.82,2.6,,-/-,국수영탐(1)
조선대,경영학부,경영학부,2.86,3.07,,,,,3.01,3.06,2.65,2.68,70.46666666666667,5/4,국수영탐(1)
조선대,경제학과,경제학과,3.33,3.13,,,,,3.53,3.66,2.88,2.88,70.2,5/1,국수영탐(1)
조선대,공공인재법무학과,공공인재법무학과,3.33,3.43,,,,,3.41,3.37,,,,-/-,국수영탐(1)
조선대,교육학과,교육학과,2.43,2.51,,,,,2.62,2.48,2.7,2.66,,-/-,국수영탐(1)
조선대,국어교육과,국어교육과,2.24,2.28,,,,,2.56,2.79,2.23,2.23,,-/-,국수영탐(1)
조선대,국어국문학부(국어국문학전공),국어국문학부(국어국문학전공),2.83,3.24,,,,,3.32,3.38,2.94,2.94,,-/-,국수영탐(1)
조선대,국어국문학부(한국어교육전공),국어국문학부(한국어교육전공),3.61,3.61,,,,,,,,,,-/-,국수영탐(1)
조선대,군사학과,군사학과(남),3.88,3.83,,,,,,,,,,-/-,국수영탐(1) 중 3개
조선대,군사학과,군사학과(여),3.88,3.83,,,,,,,,,,-/-,국수영탐(1) 중 3개
조선대,기계공학과,기계공학과,3.19,3.38,,,,,3.34,3.43,2.62,3.11,71.33333333333333,4/3,국수영탐(1)
조선대,라이프스타일디자인학부,라이프스타일디자인학부(섬유・패션디자인전공),2.49,2.69,,,,,3.14,3.63,,,,-/-,
조선대,K-컬처공연・기획학과,라이프케어,2.82,2.86,,,,,2.94,3.51,2.73,2.79,,-/-,국영탐(1)
조선대,경찰행정학과,라이프케어,1.91,2.16,,,,,2.45,2.33,2.32,2.2,,-/-,국수영탐(1)
조선대,글로벌비즈니스커뮤니케이션학과,라이프케어,2.97,3.34,,,,,3.84,3.81,3.43,3.43,,-/-,국수영탐(1)
조선대,상담심리학과,라이프케어,1.91,1.91,,,,,2.49,2.7,2.86,3.39,,-/-,국수영탐(1)
조선대,소방재난관리학과,라이프케어,2.52,2.54,,,,,2.87,2.41,3.19,2.73,,-/-,국수영탐(1)
조선대,아시아언어문화학부(중국어문화학전공),라이프케어,3.55,3.73,,,,,3.43,3.8,,,,-/-,국수영탐(1)
조선대,아시아언어문화학부(철학전공),라이프케어,2.97,3.54,,,,,,,,,,-/-,국수영탐(1)
조선대,언어치료학과,라이프케어,2.66,2.8,,,,,3.06,3.45,3.14,3.32,,-/-,국수영탐(1)
조선대,유럽언어문화학부(독일어문화학전공),라이프케어,4.06,3.95,,,,,,,,,65.93333333333334,5/4,국수영탐(1)
조선대,체육학과,라이프케어,,,,,,,2.68,2.81,,,,-/-,
조선대,무역학과,무역학과,3.44,3.55,,,,,3.7,3.87,3.74,2.95,50.8,3/3,국수영탐(1)
조선대,문예창작학과,문예창작학과,,,,,,,2.39,2.85,3.24,3.24,,-/-,국수영탐(1)
조선대,문화콘텐츠학부,문화콘텐츠학부(시각문화큐레이터전공 제외),,,,,,,3.19,3.11,,,,-/-,
조선대,문화콘텐츠학부,문화콘텐츠학부(시각문화큐레이터전공),,,,,,,3.19,3.11,,,,-/-,
조선대,물리교육과,물리교육과,,,,,,,3.05,3.57,,,66.66666666666667,4/4,국수영탐(1)
조선대,미디어커뮤니케이션학과,미디어커뮤니케이션학과,2.37,2.44,,,,,2.48,2.86,2.88,2.75,,-/-,국수영탐(1)
조선대,반도체화학과,바이오메디,3.9,4.14,,,,,3.25,4.22,,,68.46666666666667,4/3,국수영탐(1)
조선대,반도체화학과,바이오메디,3.9,4.14,,,,,3.25,4.22,,,68.46666666666667,4/3,국수영탐(1)
조선대,생명과학과,바이오메디,2.93,3.2,,,,,3.26,3.38,,,68.46666666666667,4/3,국수영탐(1)
조선대,생명과학과,바이오메디,2.93,3.2,,,,,3.26,3.38,,,68.46666666666667,4/3,국수영탐(1)
조선대,식품영양학과,바이오메디,2.46,2.49,,,,,2.8,3.04,2.97,3.04,,-/-,국수영탐(1)
조선대,융합수리과학부,바이오메디,4.18,4.34,,,,,,,,,68.46666666666667,4/3,국수영탐(1)
조선대,의생명과학부,바이오메디,2.9,3.3,,,,,2.9,3.29,,,68.46666666666667,4/3,국수영탐(1)
조선대,의생명과학부,바이오메디,2.9,3.3,,,,,2.9,3.29,,,68.46666666666667,4/3,국수영탐(1)
조선대,컴퓨터통계학과,바이오메디,3.93,4.02,,,,,,,,,68.46666666666667,4/3,국수영탐(1)
조선대,광기술공학과,반도체광공학과,3.98,4.09,,,,,,,,,,-/-,국수영탐(1)
조선대,법학과,법학과,2.83,3,,,,,3.05,3.34,2.96,2.96,73.13333333333334,5/1,국수영탐(1)
조선대,생명화학공학과,생명화학공학과,2.58,2.55,,,,,3.46,3.52,,,66.26666666666667,4/4,국수영탐(1)
조선대,생물교육과,생물교육과,2.5,2.76,,,,,2.5,2.52,3.15,3.15,,-/-,국수영탐(1)
조선대,라이프스타일디자인학부,섬유・패션디자인전공,2.49,2.69,,,,,3.14,3.63,,,,-/-,
조선대,수학교육과,수학교육과,2.41,2.49,,,,,2.53,2.38,2.72,2.72,,-/-,국수영탐(1)
조선대,스포츠산업학과,스포츠산업학과,1.96,1.96,,,,,2.78,2.9,3.26,3.19,,-/-,
조선대,라이프스타일디자인학부,실내디자인전공,2.49,2.69,,,,,3.14,3.63,,,,-/-,
조선대,약학과(6년제),약학과(6년제),1,1,,,,,1.09,1.03,1.05,1.06,98.33333333333333,2/1,국수영탐(1)
조선대,AI・SW학부(모빌리티SW전공),에이지테크,3.54,3.76,,,,,3.62,3.83,,,,-/-,국수영탐(1)
조선대,AI・SW학부(정보보안전공),에이지테크,2.97,2.94,,,,,3.25,3.41,2.91,2.91,,-/-,국수영탐(1)
조선대,AI・SW학부(정보통신공학전공),에이지테크,3.43,3.7,,,,,3.71,3.98,,,66.86666666666666,4/1,국수영탐(1)
조선대,AI・SW학부(컴퓨터공학전공),에이지테크,2.8,2.97,,,,,3.34,3.03,2.74,2.76,60.333333333333336,2/5,국수영탐(1)
조선대,산업공학과,에이지테크,3.31,3.91,,,,,,,,,,-/-,국수영탐(1)
조선대,선박해양공학과,에이지테크,3.56,3.56,,,,,4.11,3.94,,,63.86666666666667,4/4,국수영탐(1)
조선대,신소재공학과,에이지테크,3.48,3.66,,,,,3.82,3.94,,,,-/-,국수영탐(1)
조선대,전자공학과,에이지테크,2.82,3.02,,,,,3.51,3.28,,,39.733333333333334,4/5,국수영탐(1)
조선대,역사문화학과,역사문화학과,2.8,3.24,,,,,3.29,3.5,,,,-/-,국수영탐(1)
조선대,영어교육과,영어교육과,2.41,2.45,,,,,2.62,2.89,2.86,2.86,,-/-,국수영탐(1)
조선대,영어영문학과,영어영문학과,3.18,3.33,,,,,3.34,3.43,,,,-/-,국수영탐(1)
조선대,용접・접합과학공학과,용접・접합과학공학과,4.16,4.01,,,,,,,,,,-/-,국수영탐(1)
조선대,원자력공학과,원자력공학과,3.78,4.07,,,,,,,,,65,5/3,국수영탐(1)
조선대,유럽언어문화학부(러시아어전공),유럽언어문화학부(러시아어전공),3.84,4.01,,,,,,,,,65.93333333333334,5/4,국수영탐(1)
조선대,유럽언어문화학부(스페인중남미전공),유럽언어문화학부(스페인중남미전공),3,4.12,,,,,,,,,65.93333333333334,5/4,국수영탐(1)
조선대,의예과,의예과,1,1,,,,,1.02,1.02,1.04,1,99,1/2,국수영탐(1)
조선대,일본어과,일본어과,2.72,2.8,,,,,3.14,3.28,,,,-/-,국수영탐(1)
조선대,자유전공학부,자유전공(공학),2.61,2.9,,,,,3,3.19,2.95,2.68,48,5/2,국수영탐(1)
조선대,자유전공학부,자유전공(법사회・경상),2.61,2.9,,,,,3,3.19,2.95,2.68,48,5/2,국수영탐(1)
조선대,자유전공학부,자유전공(인문・예체능),2.61,2.9,,,,,3,3.19,2.95,2.68,48,5/2,국수영탐(1)
조선대,자유전공학부,자유전공학부,2.61,2.9,,,,,3,3.19,2.95,2.68,48,5/2,국수영탐(1)
조선대,작업치료학과,작업치료학과,2.6,2.64,,,,,3.33,3.64,3.35,3.4,,-/-,국수영탐(1)
조선대,전기공학과,전기공학과,2.32,2.37,,,,,2.46,2.71,2.28,2.24,74.6,4/4,국수영탐(1)
조선대,정치외교학과,정치외교학과,3.19,3.34,,,,,3.72,3.68,2.96,2.96,,-/-,국수영탐(1)
조선대,지구과학교육과,지구과학교육과,2.46,2.82,,,,,2.47,2.82,,,,-/-,국수영탐(1)
조선대,첨단에너지공학과,첨단에너지공학과,3.78,3.61,,,,,,,,,66,4/3,국수영탐(1)
조선대,치의예과,치의예과,1,1,,,,,1.04,1.04,1.08,1.09,98.93333333333334,1/1,국수영탐(1)
조선대,토목공학과,토목공학과,2.8,2.89,,,,,2.87,3.19,2.82,3.06,,-/-,국수영탐(1)
조선대,특수교육과,특수교육과,2.56,2.67,,,,,3.15,2.9,,,,-/-,국수영탐(1)
조선대,항공우주공학과,항공우주공학과,3.15,2.92,,,,,3.42,3.48,,,,-/-,국수영탐(1)
조선대,행정복지학부,행정・사회복지학부,2.6,2.28,,,,,2.98,3.02,2.8,2.8,,-/-,국수영탐(1)
조선대,화학교육과,화학교육과,2.97,3.41,,,,,2.67,3,,,,-/-,국수영탐(1)
조선대,환경공학과,환경공학과,3.12,3.19,,,,,3.2,3.25,2.66,2.66,,-/-,국수영탐(1)
중부대,건축학전공,건축학전공,1.9,2.01,1.9,2.01,,,,,,,,-/-,"국수영 중 2개, 탐(1)한 중 1개"
중부대,게임소프트웨어전공,게임소프트웨어전공,1.69,1.9,2.01,2.12,,,,,,,,-/-,"국수영 중 2개, 탐(1)한 중 1개"
중부대,경영학전공,경영학전공,1.69,1.69,2.01,2.12,,,,,,,49.7,3/1,"국수영 중 2개, 탐(1)한 중 1개"
중부대,공공안전학전공,공공안전학전공,1.74,1.85,2.01,2.06,,,,,,,47.6,4/1,"국수영 중 2개, 탐(1)한 중 1개"
중부대,국제통상학전공,글로벌무역학전공,1.8,1.9,2.01,2.01,,,,,,,,-/-,"국수영 중 2개, 탐(1)한 중 1개"
중부대,동물보건학과,동물보건학과,1.58,1.58,,,,,,,,,,-/-,
중부대,문헌정보학전공,문헌정보학전공,1.58,1.69,,,,,,,,,,-/-,
중부대,미디어커뮤니케이션학전공,미디어커뮤니케이션학전공,1.47,1.58,1.63,1.69,,,,,,,,-/-,
중부대,뷰티・패션비즈니스학전공,뷰티・패션비즈니스학전공,1.74,1.9,1.52,1.69,,,,,,,,-/-,
중부대,사진영상학전공,사진영상학전공,1.74,1.9,,,,,,,,,53.55,3/3,"국수영 중 2개, 탐(1)한 중 1개"
중부대,스마트모빌리티공학전공,스마트모빌리티공학전공,2.17,2.34,2.34,2.4,,,,,,,53.55,4/3,"국수영 중 2개, 탐(1)한 중 1개"
중부대,엔터테인먼트학전공,엔터테인먼트학전공,1.8,1.9,1.8,1.85,,,,,,,,-/-,"국수영 중 2개, 탐(1)한 중 1개"
중부대,유아교육과,유아교육과,1.69,1.8,1.74,1.8,,,,,,,,-/-,"국수영 중 2개, 탐(1)한 중 1개"
중부대,인공지능전공,인공지능전공,1.85,2.06,1.58,1.85,,,,,,,60.9,2/4,"국수영 중 2개, 탐(1)한 중 1개"
중부대,자율설계학부,자율설계전공학부,1.8,1.9,,,,,,,,,54.6,3/3,"국수영 중 2개, 탐(1)한 중 1개"
중부대,전기전자공학전공,전기전자공학전공,1.95,2.01,1.9,2.17,,,,,,,52.85,3/1,"국수영 중 2개, 탐(1)한 중 1개"
중부대,정보보호학전공,정보보호학전공,2.01,2.12,2.12,2.23,,,,,,,,-/-,"국수영 중 2개, 탐(1)한 중 1개"
중부대,특수교육과(유아특수교육),특수교육과(유아특수교육),2.34,2.34,2.17,2.23,,,,,,,,-/-,
중부대,특수교육과(중등특수교육),특수교육과(중등특수교육),1.8,1.8,2.12,2.17,,,,,,,,-/-,
중부대,특수교육과(초등특수교육),특수교육과(초등특수교육),1.8,2.01,1.85,1.95,,,,,,,,-/-,
중부대,항공서비스학전공,항공서비스학전공,1.9,1.95,1.26,1.31,,,,,,,,-/-,
중부대,간호학과,간호학과,1.58,1.58,1.9,2.01,,,,,,,49.7,4/1,"국수영 중 2개, 탐(1)한 중 1개"
중부대,경찰경호학전공,경찰경호학전공,2.8,2.86,2.4,2.58,,,,,,,,-/-,
중부대,경찰행정학전공,경찰행정학전공,2.12,2.23,2.23,2.34,,,,,,,46.2,4/1,"국수영 중 2개, 탐(1)한 중 1개"
중부대,물리치료학과,물리치료학과,1.47,1.58,1.8,1.8,,,,,,,,-/-,"국수영 중 2개, 탐(1)한 중 1개"
중부대,반려동물사육학전공,반려동물사육학전공,1.95,2.06,2.12,2.34,,,,,,,66.6,3/-,"국수영 중 2개, 탐(1)한 중 1개"
중부대,스마트팜학과,스마트팜학과,2.34,2.86,,,,,,,,,,-/-,
중부대,스포츠건강관리학전공,스포츠건강관리학전공,2.23,3.03,,,,,,,,,,-/-,
중부대,스포츠재활복지학전공,스포츠재활복지학전공,2.23,2.23,,,,,,,,,,-/-,
중부대,응급구조학과,응급구조학과,2.46,2.58,,,,,,,,,,-/-,
중부대,자유전공학부,자유전공학부,2.58,2.69,,,,,,,,,,-/-,
중부대,작업치료학과,작업치료학과,2.69,2.75,,,,,,,,,45.15,6/4,"국수영 중 2개, 탐(1)한 중 1개"
중부대,항공운항서비스학전공,항공운항서비스학전공,2.17,2.4,2.23,2.23,,,,,,,,-/-,
중앙대,AI학과,AI학과,1.12,1.14,,,,,1.51,1.6,,,90.5,2/1,국수탐(2)
중앙대,간호학과,간호학과,1.15,1.17,,,,,1.23,1.26,1.41,1.47,91.3,2/2,국수탐(2)
중앙대,간호학과,간호학과,1.15,1.17,,,,,1.23,1.26,1.41,1.47,91.3,3/2,국수탐(2)
중앙대,건축학부,건축학부,,,,,,,1.2,1.28,1.54,2.14,91.175,2/1,국수탐(2)
중앙대,경영경제대학,경영경제대학,1.17,1.18,,,,,,,,,,-/-,
중앙대,경영학부(경영학전공),경영학부(경영학전공),1.19,1.19,,,,,1.24,1.28,2.04,2.23,91.45,2/1,국수탐(2)
중앙대,경영학부(글로벌금융전공),경영학부(글로벌금융전공),1.14,1.18,,,,,2.24,2.4,,,91.65,3/4,국수탐(2)
중앙대,경제학부,경제학부,,,,,,,1.24,1.27,2.24,2.43,91.1,2/1,국수탐(2)
중앙대,공공인재학부,공공인재학부,1.19,1.21,,,,,1.82,2.23,1.35,1.52,90.45,2/3,국수탐(2)
중앙대,공과대학,공과대학,1.12,1.13,,,,,,,,,,-/-,
중앙대,광고홍보학과,광고홍보학과,,,,,,,1.47,1.47,1.22,1.25,91.15,2/4,국수탐(2)
중앙대,교육학과,교육학과,1.23,1.24,,,,,1.28,1.29,,,92.4,3/2,국수탐(2)
중앙대,국어국문학과,국어국문학과,,,,,,,1.22,1.26,1.96,2.01,86.85,2/5,국수탐(2)
중앙대,국제물류학과,국제물류학과,,,,,,,2.21,2.31,2.17,2.29,89.35,2/2,국수탐(2)
중앙대,기계공학부,기계공학부,1.11,1.12,,,,,2.15,2.49,1.21,1.25,91.8,2/1,국수탐(2)
중앙대,도시계획부동산학과,도시계획부동산학과,,,,,,,1.38,1.63,2.41,2.46,90,2/1,국수탐(2)
중앙대,문헌정보학과,문헌정보학과,,,,,,,1.36,1.43,,,92.05,2/1,국수탐(2)
중앙대,물리학과,물리학과,,,,,,,1.41,1.44,,,90.225,1/1,국수탐(2)
중앙대,미디어커뮤니케이션학부,미디어커뮤니케이션학부,1.15,1.23,,,,,1.22,1.22,1.58,2.03,92.2,4/2,국수탐(2)
중앙대,사회과학대학,사회과학대학,1.19,1.21,,,,,,,,,,-/-,
중앙대,사회기반시스템공학부(건설환경플랜트공학전공),사회기반시스템공학부(건설환경플랜트공학전공),,,,,,,1.22,1.26,2.65,3.13,91.15,2/4,국수탐(2)
중앙대,사회기반시스템공학부(도시시스템공학전공),사회기반시스템공학부(도시시스템공학전공),,,,,,,1.34,1.34,,,91.6,1/1,국수탐(2)
중앙대,사회복지학부,사회복지학부,,,,,,,1.36,1.48,1.51,1.7,91.25,3/3,국수탐(2)
중앙대,사회학과,사회학과,,,,,,,1.22,1.27,,,92.95,3/2,국수탐(2)
중앙대,산업보안학과(인문),산업보안학과(인문),,,,,,,2.23,2.51,,,,-/-,
중앙대,산업보안학과(자연),산업보안학과(자연),,,,,,,1.23,1.25,,,92.45,2/4,국수탐(2)
중앙대,생명과학과,생명과학과,,,,,,,2.15,3,,,91.75,2/5,국수탐(2)
중앙대,소프트웨어학부,소프트웨어학부,1.14,1.15,,,,,1.35,1.6,1.17,1.18,92.325,3/1,국수탐(2)
중앙대,수학과,수학과,,,,,,,1.91,3.15,,,90.975,2/3,국수탐(2)
중앙대,심리학과,심리학과,,,,,,,1.2,1.21,1.56,1.64,93.4,4/4,국수탐(2)
중앙대,아시아문화학부(일본어문학전공),아시아문화학부(일본어문학전공),,,,,,,2.12,2.29,,,88.975,3/3,국수탐(2)
중앙대,아시아문화학부(중국어문학전공),아시아문화학부(중국어문학전공),,,,,,,2.17,2.24,,,90.2,3/3,국수탐(2)
중앙대,약학부,약학부,1,1,,,,,1.45,1.7,1,1,96.85,2/1,국수탐(2)
중앙대,에너지시스템공학부,에너지시스템공학부,,,,,,,3.05,3.27,1.15,1.18,90.85,2/4,국수탐(2)
중앙대,역사학과,역사학과,,,,,,,1.29,1.34,,,87.65,2/1,국수탐(2)
중앙대,영어교육과,영어교육과,1.19,1.22,,,,,1.22,1.27,,,91.525,3/1,국수탐(2)
중앙대,영어영문학과,영어영문학과,,,,,,,1.88,2.06,1.35,1.48,86.175,1/1,국수탐(2)
중앙대,유럽문화학부(독일어문학전공),유럽문화학부(독일어문학전공),,,,,,,2.49,2.54,,,,-/-,국수탐(2)
중앙대,유럽문화학부(러시아어문학전공),유럽문화학부(러시아어문학전공),,,,,,,2.47,2.73,,,,-/-,국수탐(2)
중앙대,유럽문화학부(프랑스어문학전공),유럽문화학부(프랑스어문학전공),,,,,,,2.28,2.42,,,,-/-,국수탐(2)
중앙대,유아교육과,유아교육과,1.26,1.26,,,,,1.47,1.55,,,90.125,1/2,국수탐(2)
중앙대,융합공학부,융합공학부,1.11,1.12,,,,,2.28,3.25,1.16,1.19,,-/-,
중앙대,응용통계학과,응용통계학과,,,,,,,1.25,1.27,,,91.65,3/1,국수탐(2)
중앙대,의학부(의예),의학부(의예),,,,,,,1.1,1.31,1,1.03,98.825,2/1,국수탐(2)
중앙대,인문대학,인문대학,1.2,1.22,,,,,,,,,,-/-,
중앙대,자연과학대학,자연과학대학,1.13,1.13,,,,,,,,,,-/-,
중앙대,전자전기공학부,전자전기공학부,1.09,1.11,,,,,1.32,1.39,1.17,1.2,,-/-,
중앙대,정치국제학과,정치국제학과,,,,,,,1.99,2.26,,,88.3,2/1,국수탐(2)
중앙대,지능형반도체공학과,지능형반도체공학과,,,,,,,1.29,1.65,,,94.15,2/3,국수탐(2)
중앙대,철학과,철학과,,,,,,,1.6,2.3,,,91.775,3/1,국수탐(2)
중앙대,체육교육과,체육교육과,,,,,,,1.37,1.46,,,85.775,3/4,국수탐(2)
중앙대,화학공학과,화학공학과,1.07,1.08,,,,,3.36,3.47,1.08,1.08,92.275,3/2,국수탐(2)
중앙대,화학과,화학과,,,,,,,1.29,1.39,,,92.65,3/2,국수탐(2)
중앙대(다빈치),공연영상창작학부(문예창작전공),공연영상창작학부(문예창작전공),,,,,,,1.76,1.81,,,,-/-,
중앙대(다빈치),디자인학부(실내환경디자인전공),디자인학부(실내환경디자인전공),,,,,,,2.13,2.15,,,77.4,4/1,국수탐(2)
중앙대(다빈치),디자인학부(패션전공),디자인학부(패션전공),,,,,,,2.01,2.14,,,77.325,2/1,국수탐(2)
중앙대(다빈치),생명공학대학,생명공학대학,1.58,1.67,,,,,,,,,,-/-,
중앙대(다빈치),생명자원공학부(동물생명공학전공),생명자원공학부(동물생명공학전공),,,,,,,2.05,2.25,1.82,1.84,77.85,3/5,국수탐(2)
중앙대(다빈치),생명자원공학부(식물생명공학전공),생명자원공학부(식물생명공학전공),,,,,,,1.93,1.96,1.98,2.89,73.95,2/1,국수탐(2)
중앙대(다빈치),시스템생명공학과,시스템생명공학과,,,,,,,1.7,2.13,1.17,1.25,78.025,3/1,국수탐(2)
중앙대(다빈치),식품공학부(식품공학전공),식품공학부(식품공학전공),,,,,,,2.06,2.27,2.09,2.25,77.3,3/1,국수탐(2)
중앙대(다빈치),식품공학부(식품영양전공),식품공학부(식품영양전공),,,,,,,2.05,2.08,,,74.975,2/3,국수탐(2)
중앙대(다빈치),예술공학부,예술공학부,1.82,1.9,,,,,2.21,2.31,2.48,2.79,77.35,3/3,국수탐(2)
중앙대(다빈치),첨단소재공학과,첨단소재공학과,1.69,1.82,,,,,1.6,1.9,2.15,2.15,74.55,3/1,국수탐(2)
중앙승가대,승가학부,승가학부,,,,,,,,,,,,-/-,
중원대,만화애니메이션학과,AI융합디자인학부,2.25,2.25,,,,,,,,,,5/-,국수영탐(1) 중 3개
중원대,간호학과,간호학과,1.98,2.09,2.4,2.83,,,2.71,2.97,,,65.86666666666667,4/-,국수영탐(1) 중 3개
중원대,경찰행정학과,경찰행정학과,2.69,3.13,2.25,2.25,,,,,,,45.2,5/-,국수영탐(1) 중 3개
중원대,글로벌항공서비스학과,글로벌항공서비스학과,2.21,2.71,,,,,,,,,32.666666666666664,6/-,국수영탐(1) 중 3개
중원대,기계항공우주공학과,기계공학과,1.58,2.46,1.31,1.31,,,,,,,,5/-,국수영탐(1) 중 3개
중원대,드론봇군사학과,드론봇군사학과,2.35,2.41,2.76,3.05,,,,,,,24.03333333333333,6/-,국수영탐(1) 중 3개
중원대,바이오산업학과,바이오융합학과,2.4,2.83,,,,,,,,,64.33333333333333,3/-,국수영탐(1) 중 3개
중원대,보건복지학과,보건복지학과,1.78,2.2,,,,,,,,,37.06666666666667,5/-,국수영탐(1) 중 3개
중원대,뷰티메디컬학과,뷰티메디컬학과,1.93,2.41,2.83,2.95,,,,,,,,-/-,국수영탐(1) 중 3개
중원대,스마트농산림학과,스마트농산림학과,2.62,2.76,,,,,,,,,25.466666666666665,7/-,국수영탐(1) 중 3개
중원대,스포츠과학과,스포츠과학부,3.56,3.9,,,,,,,,,32,5/-,국수영탐(1) 중 3개
중원대,운동레저학부,스포츠과학부,3.2,3.37,1.97,2.05,,,,,,,10.333333333333334,9/-,국수영탐(1) 중 3개
중원대,운동레저학부,스포츠산업학부,3.2,3.37,1.97,2.05,,,,,,,10.333333333333334,9/-,국수영탐(1) 중 3개
중원대,임상병리학과,임상병리학과,2.4,2.55,2.8,2.97,,,,,,,42.733333333333334,5/-,국수영탐(1) 중 3개
중원대,자율전공학부,자율전공학부,2.71,3.02,,,,,,,,,38.4,5/-,국수영탐(1) 중 3개
중원대,작업치료학과,작업치료학과,2.59,2.7,,,,,,,,,26.033333333333335,6/-,국수영탐(1) 중 3개
중원대,전기반도체컴퓨터공학과,전기반도체컴퓨터공학과,1.85,1.98,2.83,2.83,,,,,,,40.1,5/-,국수영탐(1) 중 3개
중원대,종교문화학부,종교문화학부,1.85,1.95,,,,,,,,,,-/-,국수영탐(1) 중 3개
중원대,항공정비학과,항공정비학과,2.52,2.61,2.57,2.75,,,,,,,48.33333333333333,4/-,국수영탐(1) 중 3개
진주교대,초등교육과,초등교육과,,,,,,,1.51,1.88,,,77.5,3/6,국수영탐(2)
차의과학대,간호대학,간호대학,1.4,1.44,1.54,1.57,,,1.69,1.72,,,86.55,3/-,"국탐(2) 중 1개, 수영"
차의과학대,미래융합대학,글로벌미래인재대학,2.25,2.38,2.43,2.56,,,2.8,2.98,,,78.65,3/-,"국탐(1) 중 1개, 수영"
차의과학대,약학대학,약학대학,1,1,1,1,,,,,,,92.5625,2/-,국수영탐(2)
창신대,간호학과,간호학과,2.45,2.58,2.87,2.95,,,,,,,52.285714285714285,4/2,국수영탐(1)
창신대,글로벌비즈니스학과,글로벌비즈니스학과,1.69,3.1,2.48,2.91,,,,,,,12.571428571428571,-/-,국수영탐(1)
창신대,디지털도시건설학과,디지털도시건설학과,3.17,3.47,3.42,1.37,,,,,,,,-/-,국수영탐(1)
창신대,물리치료학과,물리치료학과,1.91,1.95,1.54,2.55,,,,,,,,-/-,국수영탐(1)
창신대,뮤직공연예술학과,뮤직공연예술학과,3.47,4.67,2.04,2.04,,,,,,,8.285714285714286,8/7,국수영탐(1)
창신대,미용예술학과,미용예술학과,3.29,3.41,2.32,2.5,,,,,,,,-/-,국수영탐(1)
창신대,부동산경영학과(야),부동산경영학과(야),2.04,2.29,,,,,,,,,,-/-,
창신대,사회복지학과,사회복지학과,2.59,2.83,3.15,3.77,,,,,,,15,6/9,국수영탐(1)
창신대,식품영양학과,식품영양학과,3.02,3.3,1.5,3.07,,,,,,,,-/-,국수영탐(1)
창신대,유아교육과,유아교육과,2.84,3.13,3.02,2.5,,,,,,,27.428571428571427,7/8,국수영탐(1)
창신대,응급구조학과,응급구조학과,2.8,3.02,2.61,2.71,,,,,,,22.285714285714285,5/4,국수영탐(1)
창신대,지역산업자율전공학부,자유전공학부(공통),3.66,3.79,3.62,3.56,,,,,,,,4/3,
창신대,항공정비기계학과,항공정비기계학과,2.51,2.63,2.55,2.45,,,,,,,,-/-,국수영탐(1)
청운대,건축공학과,건축공학과,2.13,2.32,2.56,2.67,,,,,,,73.6,-/-,"국수영 중 2개, 남은+탐(1) 중 1개"
청운대,경영학과,경영학과,2.06,2.17,2.38,2.44,,,,,,,80.74,-/-,"국수영 중 2개, 남은+탐(1) 중 1개"
청운대,광고홍보학과,광고홍보학과,1.99,2.06,2.38,2.28,,,,,,,76.8,-/-,"국수영 중 2개, 남은+탐(1) 중 1개"
청운대,멀티미디어학과,멀티미디어학과,2.12,2.24,2.43,2.17,,,,,,,81.4,-/-,"국수영 중 2개, 남은+탐(1) 중 1개"
청운대,무역물류학과,무역물류학과,2.31,2.4,2.43,2.24,,,,,,,79.6,-/-,"국수영 중 2개, 남은+탐(1) 중 1개"
청운대,미래융합자율전공학부,미래융합자율전공학부,2.17,2.24,,,,,,,,,80.26,-/-,"국수영 중 2개, 남은+탐(1) 중 1개"
청운대,설비소방학과,설비소방학과,1.99,2.13,2.87,2.9,,,,,,,80.58,-/-,"국수영 중 2개, 남은+탐(1) 중 1개"
청운대,전자공학과,전자공학과,2.32,2.4,2.49,2.24,,,,,,,79.2,-/-,"국수영 중 2개, 남은+탐(1) 중 1개"
청운대,컴퓨터공학과,컴퓨터공학과,2.08,2.17,2.64,2.67,,,,,,,81.4,-/-,"국수영 중 2개, 남은+탐(1) 중 1개"
청운대,토목환경공학과,토목환경공학과,2.5,2.71,3.13,3.2,,,,,,,77.68,-/-,"국수영 중 2개, 남은+탐(1) 중 1개"
청운대,화학생명공학과,화학생명공학과,1.93,2.06,2.43,2.24,,,,,,,78.4,-/-,"국수영 중 2개, 남은+탐(1) 중 1개"
청운대,미래융합자율전공학부,미래융합자율전공학부,,,,,,,,,,,80.26,-/-,"국수영 중 2개, 남은+탐(1) 중 1개"
청운대,간호학과,간호학과,1.99,2.1,,,,,,,,,79,-/-,"국수영 중 2개, 남은+탐(1) 중 1개"
청운대,공간디자인학과,공간디자인학과,3.38,3.69,,,,,,,,,39.2,-/-,"국수영 중 2개, 남은+탐(1) 중 1개"
청운대,공연기획경영학과,공연기획경영학과,3.43,3.69,,,,,,,,,54.2,-/-,"국수영 중 2개, 남은+탐(1) 중 1개"
청운대,미디어커뮤니케이션학과,미디어커뮤니케이션학과,2.88,3.2,,,,,,,,,72.8,-/-,"국수영 중 2개, 남은+탐(1) 중 1개"
청운대,방송영화영상학과,방송영화영상학과,3.03,3.36,,,,,,,,,60.6,-/-,"국수영 중 2개, 남은+탐(1) 중 1개"
청운대,사회복지학과,사회복지학과,3.42,3.66,,,,,,,,,59.8,-/-,"국수영 중 2개, 남은+탐(1) 중 1개"
청운대,스포츠과학과,스포츠과학과,3.36,3.61,,,,,,,,,,-/-,
청운대,식품영양학과,식품영양학과,3.13,3.39,,,,,,,,,58.72,-/-,"국수영 중 2개, 남은+탐(1) 중 1개"
청운대,자율전공학부,자율전공학부,2.75,2.86,,,,,,,,,,-/-,"국수영 중 2개, 남은+탐(1) 중 1개"
청운대,항공서비스경영학과,항공서비스경영학과,2.53,2.67,,,,,,,,,,-/-,
청운대,호텔조리베이커리경영학과,호텔조리베이커리경영학과,2.33,2.67,3.09,3.16,,,,,,,,-/-,"국수영 중 2개, 남은+탐(1) 중 1개"
청주교대,초등교육학과,초등교육학과,,,,,,,1.64,1.72,,,,2/-,국수영탐(2)
청주대,간호학과,간호학과,1.72,1.58,2.05,2.19,,,,,,,82.33333333333334,3/-,국수영탐(2) 중 3개
청주대,건축공학과,건축공학과,2.62,3.19,2.91,2.91,2.69,2.83,,,,,70.66666666666666,4/-,국수영탐(2) 중 3개
청주대,건축학과,건축학과,2.33,2.69,2.4,2.62,2.25,2.33,,,,,74.5,4/-,국수영탐(2) 중 3개
청주대,경영학과,경영학과,2.19,2.33,2.62,2.48,2.55,2.83,,,,,72.5,4/-,국수영탐(2) 중 3개
청주대,경제통상학과,경제금융학과,2.69,2.55,3.05,3.11,2.91,3.19,,,,,72.66666666666667,4/-,국수영탐(2) 중 3개
청주대,경찰행정학과,경찰행정학과,2.12,1.98,2.25,2.4,1.98,1.98,,,,,77.83333333333333,3/-,국수영탐(2) 중 3개
청주대,공예디자인학과,공예디자인학과,1.72,1.92,,,,,,,,,,-/-,
청주대,관광경영학과,관광경영학과,2.69,2.76,2.62,2.76,2.83,3.05,,,,,69.33333333333333,5/-,국수영탐(2) 중 3개
청주대,광고홍보학과,광고홍보학과,2.12,2.4,2.55,2.55,2.33,2.69,,,,,71.5,3/-,국수영탐(2) 중 3개
청주대,국어교육과,국어교육과,2.19,2.19,2.05,2.12,2.55,2.4,,,,,77.66666666666667,3/-,국수영탐(2) 중 3개
청주대,군사학과,군사학과,2.76,2.97,,,,,,,,,68,4/-,국수영탐(2) 중 3개
청주대,데이터사이언스학과,데이터사이언스학과,3.19,3.25,2.97,3.19,2.19,2.69,,,,,72,3/-,국수영탐(2) 중 3개
청주대,동물보건복지학과,동물보건복지학과,2.25,2.48,2.62,2.62,1.85,1.98,,,,,71,3/-,국수영탐(2) 중 3개
청주대,디지털미디어디자인학과,디지털미디어디자인학과,2.19,2.19,,,,,,,,,,-/-,
청주대,디지털보안학과,디지털보안학과,2.76,2.91,2.91,3.11,3.05,3.05,,,,,69.00000000000001,4/-,국수영탐(2) 중 3개
청주대,무역학과,무역학과,2.83,3.05,3.05,3.25,2.83,2.97,,,,,71.33333333333334,3/-,국수영탐(2) 중 3개
청주대,무인항공기학과,무인항공기학과,2.62,2.97,2.97,2.97,3.11,3.25,,,,,71.83333333333334,4/-,국수영탐(2) 중 3개
청주대,문헌정보학과,문헌정보학과,2.12,2.19,2.05,2.19,2.69,2.4,,,,,74,4/-,국수영탐(2) 중 3개
청주대,물리치료학과,물리치료학과,2.19,2.4,1.31,1.31,,,,,,,81.16666666666667,3/-,국수영탐(2) 중 3개
청주대,바이오의약학과,바이오의약학과,2.4,2.62,2.25,2.48,2.62,2.76,,,,,73.83333333333333,3/-,국수영탐(2) 중 3개
청주대,방사선학과,방사선학과,2.05,1.98,1.15,1.15,,,,,,,85.83333333333333,2/-,국수영탐(2) 중 3개
청주대,법학과,법학과,2.4,2.48,2.25,2.25,2.76,2.91,,,,,76.16666666666667,5/-,국수영탐(2) 중 3개
청주대,사회복지학과,사회복지학과,2.25,2.4,2.55,2.69,2.76,2.83,,,,,71.83333333333333,3/-,국수영탐(2) 중 3개
청주대,산업디자인학과,산업디자인학과,2.12,2.25,,,,,,,,,,-/-,
청주대,수학교육과,수학교육과,2.25,2.48,2.48,2.55,2.12,2.33,,,,,80.66666666666666,3/-,국수영탐(2) 중 3개
청주대,스포츠재활학과,스포츠재활학과,2.19,2.12,2.97,3.05,,,,,,,75.33333333333334,4/-,국수영탐(2) 중 3개
청주대,시각디자인학과,시각디자인학과,1,1.45,,,,,,,,,,-/-,
청주대,시스템반도체공학과,시스템반도체공학과,2.55,2.83,2.76,2.83,2.62,2.69,,,,,71.33333333333334,4/-,국수영탐(2) 중 3개
청주대,신문방송학과,신문방송학과,2.33,2.33,2.48,2.48,2.69,2.76,,,,,76.16666666666667,4/-,국수영탐(2) 중 3개
청주대,신소재화학과,신소재화학과,2.4,2.55,2.97,3.25,3.19,3.19,,,,,74.33333333333334,4/-,국수영탐(2) 중 3개
청주대,아트앤패션디자인학과,아트앤패션디자인학과,1.98,1.98,,,,,,,,,,-/-,
청주대,에너지융합공학과,에너지융합공학과,3.05,2.91,3.19,3.48,3.48,3.61,,,,,72.33333333333333,5/-,국수영탐(2) 중 3개
청주대,영어영문학과,영어영문학과,2.62,2.76,2.69,3.19,2.55,2.55,,,,,73.33333333333333,2/-,국수영탐(2) 중 3개
청주대,의료경영학과,의료경영학과,2.62,2.76,3.19,3.48,2.55,2.55,,,,,72.5,3/-,국수영탐(2) 중 3개
청주대,인공지능소프트웨어학과,인공지능소프트웨어학과,2.19,2.48,2.83,2.83,2.55,2.76,,,,,70.83333333333334,3/-,국수영탐(2) 중 3개
청주대,임상병리학과,임상병리학과,2.19,1.92,2.4,2.4,,,,,,,74.33333333333334,4/-,국수영탐(2) 중 3개
청주대,자유전공학부,자유전공학부,2.12,1.92,2.12,2.55,2.19,2.48,,,,,74.66666666666667,4/-,국수영탐(2) 중 3개
청주대,작업치료학과,작업치료학과,2.83,2.83,2.19,2.62,,,,,,,74.33333333333334,2/-,국수영탐(2) 중 3개
청주대,전기제어공학과,전기제어공학과,2.76,2.97,3.11,3.33,2.62,2.62,,,,,74.5,3/-,국수영탐(2) 중 3개
청주대,전자공학과,전자공학과,2.33,2.62,2.55,2.97,2.62,2.69,,,,,74.33333333333334,4/-,국수영탐(2) 중 3개
청주대,제약공학과,제약공학과,2.25,2.62,2.76,2.91,2.48,2.62,,,,,72.33333333333333,3/-,국수영탐(2) 중 3개
청주대,조경학과,조경학과,2.55,2.76,2.62,3.11,2.91,2.97,,,,,71.16666666666667,3/-,국수영탐(2) 중 3개
청주대,지적학과,지적학과,2.55,2.69,2.48,2.76,2.76,3.05,,,,,76.16666666666667,2/-,국수영탐(2) 중 3개
청주대,치위생학과,치위생학과,2.05,2.12,2.4,2.48,,,,,,,75.66666666666667,4/-,국수영탐(2) 중 3개
청주대,토목공학과,토목공학과,2.62,2.69,3.05,3.05,3.05,3.05,,,,,68.50000000000001,4/-,국수영탐(2) 중 3개
청주대,항공기계공학과,항공기계공학과,2.25,2.19,2.48,2.4,2.76,2.83,,,,,70.83333333333334,4/-,국수영탐(2) 중 3개
청주대,항공서비스학과,항공서비스학과,2.91,3.05,1.98,2.25,,,,,,,69.66666666666666,4/-,국수영탐(2) 중 3개
청주대,항공운항학과,항공운항학과,1.58,1.51,1.72,1.85,,,,,,,85.525,1/-,수영탐(2)
청주대,호텔외식경영학과,호텔외식경영학과,2.62,2.55,3.19,3.19,2.91,2.91,,,,,68.33333333333333,2/-,국수영탐(2) 중 3개
청주대,회계학과,회계학과,1.92,2.33,2.48,2.69,2.83,2.97,,,,,69.33333333333334,4/-,국수영탐(2) 중 3개
초당대,간호학과,간호학과,2.83,3.11,3.11,3.21,,,,,,,59.1,6/4,"국수영 중 2개, 탐(1)"
초당대,국방・소방・안전학부,소방・군사・경찰학부,3.16,3.85,,,,,,,,,,-/-,
초당대,스포츠과학부,스포츠과학부,3.54,3.72,,,,,,,,,,-/-,
초당대,UCC자율전공학부,자율전공학부,3.3,3.81,,,,,,,,,,-/-,
초당대,치위생학과,치위생학과,3.64,3.81,,,,,,,,,,-/-,
초당대,항공관광서비스학과,항공관광서비스학과,3.07,3.21,,,,,,,,,,-/-,
초당대,항공운항학과,항공운항학과,2.03,2.12,2.25,2.3,,,,,,,84.5,2/1,"국수영 중 2개, 탐(1)"
초당대,항공학부,항공학부,2.88,3.11,,,,,,,,,,-/-,
초당대,호텔조리관광학부,호텔조리베이커리학부,3.36,4.14,,,,,,,,,,-/-,
총신대,기독교교육과,기독교교육과,,,,,,,2.37,2.72,2.17,2.46,,-/-,"국수 중 1개, 영탐(2)"
총신대,사회복지학과,사회복지학과,2.19,2.21,,,,,2.69,2.76,2.58,2.97,,-/-,
총신대,신학과,신학과,2.23,2.63,,,,,2.93,3.28,,,55.05,3/-,"국수 중 1개, 영탐(2)"
총신대,아동학과,아동학과,,,,,,,2.63,2.87,,,,-/-,"국수 중 1개, 영탐(2)"
총신대,역사교육과,역사교육과,,,,,,,,,2.17,2.35,,-/-,"국수 중 1개, 영탐(2)"
총신대,영어교육과,영어교육과,,,,,,,2.24,2.33,,,,-/-,"국수 중 1개, 영탐(2)"
총신대,유아교육과,유아교육과,2.17,2.17,,,,,2.62,2.69,,,58.25,3/-,"국수 중 1개, 영탐(2)"
총신대,자율전공학부,자율전공학부,,,,,,,,,2.92,2.93,,-/-,
총신대,중독상담학과,중독상담학과,,,,,,,,,,,,-/-,"국수 중 1개, 영탐(2)"
춘천교대,초등교육학과,초등교육학과,,,,,,,1.8,1.89,,,,-/-,국수영탐(1)
충남대,간호학과,간호학과,1.26,1.31,,,,,1.63,1.63,1.57,1.59,80.45,3/3,국수탐(2)
충남대,건설공학교육과,건설공학교육과,1.99,2.01,,,,,2.44,2.45,,,71.1,2/2,국수탐(2)
충남대,건축학과(5),건축학과(5),2.12,2.29,,,,,1.89,1.92,1.75,1.76,76.4,2/1,국수탐(2)
충남대,경영학부,경영학부,1.75,1.93,,,,,1.84,1.92,1.9,1.98,85.3,3/1,국수탐(2)
충남대,경제학과,경제학과,1.72,1.74,,,,,1.84,2.03,1.8,1.84,82.05,3/3,국수탐(2)
충남대,고고학과,고고학과,1.85,1.9,,,,,2.19,2.23,2.36,2.36,74.4,2/2,국수탐(2)
충남대,공공안전융합전공,공공안전융합전공,1.77,1.77,,,,,1.94,1.99,1.88,1.88,75.6,2/3,국수탐(2)
충남대,공학융합학부,공학융합학부,1.75,1.81,,,,,,,,,83.9,3/1,국수탐(2)
충남대,교육학과,교육학과,1.7,1.73,,,,,2.04,2.07,,,81.1,3/1,국수탐(2)
충남대,국사학과,국사학과,1.73,1.76,,,,,2.03,2.04,1.96,2,78.6,3/3,국수탐(2)
충남대,국어교육과,국어교육과,1.38,1.45,,,,,1.74,1.74,,,79.65,2/2,국수탐(2)
충남대,국어국문학과,국어국문학과,1.86,1.89,,,,,1.95,2.09,1.94,1.99,81.15,3/4,국수탐(2)
충남대,국제학부,국제학부,1.9,2.03,,,,,2.05,2.05,,,80.5,3/1,국수탐(2)
충남대,국토안보학전공,국토안보학전공,2.25,2.28,,,,,2.64,2.67,2.59,2.71,,-/-,국수탐(2)
충남대,기계공학교육과,기계공학교육과,2.01,2.03,,,,,2.42,2.43,,,77.3,3/1,국수탐(2)
충남대,기계공학부,기계공학부,1.55,1.57,,,,,1.87,1.89,1.8,1.85,79.95,2/1,국수탐(2)
충남대,기술교육과,기술교육과,1.65,2.01,,,,,1.99,2.07,,,85.2,3/1,국수탐(2)
충남대,농업경제학과,농업경제학과,,,,,,,2.12,2.2,,,,-/-,
충남대,농생명융합학부,농업생명과학대학 자율전공,1.84,1.87,,,,,,,,,75.15,2/3,국수탐(2)
충남대,도시・자치융합학과,도시・자치융합학과,1.76,1.76,,,,,1.89,1.97,2.03,2.05,80.55,3/2,국수탐(2)
충남대,독어독문학과,독어독문학과,1.89,1.92,,,,,2.7,2.76,2.37,2.38,76.95,3/1,국수탐(2)
충남대,농생명융합학부,동물바이오시스템과학과,1.84,1.87,,,,,,,,,75.15,2/3,국수탐(2)
충남대,농생명융합학부,동물자원생명과학과,1.84,1.87,,,,,,,,,75.15,2/3,국수탐(2)
충남대,리더십과조직과학전공,리더십과조직과학전공,2.02,2.05,,,,,2.38,2.38,2.26,2.26,75.85,2/3,국수탐(2)
충남대,메카트로닉스공학과,메카트로닉스공학과,1.7,1.71,,,,,2,2.05,2,2.08,78.15,1/2,국수탐(2)
충남대,무역학과,무역학과,1.78,1.85,,,,,2.05,2.08,2.07,2.13,77.85,2/3,국수탐(2)
충남대,문헌정보학과,문헌정보학과,1.97,2.04,,,,,1.84,1.95,1.94,1.98,80.7,3/2,국수탐(2)
충남대,문화와사회융합전공,문화와사회융합전공,1.89,1.9,,,,,2.08,2.16,2.21,2.21,79.85,2/2,국수탐(2)
충남대,물리학과,물리학과,1.82,1.86,,,,,2.26,2.34,2.13,2.23,78.55,3/1,국수탐(2)
충남대,미생물・분자생명과학과,미생물・분자생명과학과,1.52,1.54,,,,,1.8,1.82,,,75.45,2/1,국수탐(2)
충남대,반도체융합학과,반도체융합학과,1.58,1.61,,,,,1.99,2.05,1.95,2,81.4,2/3,국수탐(2)
충남대,불어불문학과,불어불문학과,1.92,1.95,,,,,2.35,2.88,3.18,3.37,77.25,3/1,국수탐(2)
충남대,사학과,사학과,1.84,1.86,,,,,1.81,1.81,2.03,2.05,83.55,4/1,국수탐(2)
충남대,사회복지학과,사회복지학과,1.74,1.76,,,,,1.97,2.05,1.87,1.95,78,3/1,국수탐(2)
충남대,사회학과,사회학과,1.69,1.76,,,,,1.93,1.99,1.99,2.01,79.85,2/2,국수탐(2)
충남대,농생명융합학부,산림환경자원학과,1.84,1.87,,,,,,,,,75.15,2/3,국수탐(2)
충남대,생명정보융합학과,생명정보융합학과,1.44,1.49,,,,,1.74,1.8,1.72,1.74,79.9,2/3,국수탐(2)
충남대,생물과학과,생물과학과,1.43,1.48,,,,,1.59,1.61,,,78.55,3/2,국수탐(2)
충남대,농생명융합학부,생물환경화학과,1.84,1.87,,,,,,,,,75.15,2/3,국수탐(2)
충남대,생물환경화학과,생물환경화학과,,,,,,,2.35,2.46,,,,-/-,
충남대,생화학과,생화학과,1.49,1.57,,,,,1.65,1.67,1.97,2.01,82.5,2/3,국수탐(2)
충남대,소비자학과,소비자학과,1.76,1.78,,,,,2.24,2.25,2.06,2.14,77.3,2/1,국수탐(2)
충남대,수의예과,수의예과,1,1.02,,,,,1.08,1.15,1.09,1.12,95.4,2/1,국수탐(2)
충남대,수학과,수학과,1.82,1.84,,,,,2.28,2.33,2.28,2.31,77.9,3/1,국수탐(2)
충남대,수학교육과,수학교육과,1.45,1.49,,,,,1.59,1.59,,,80,3/4,국수탐(2)
충남대,농생명융합학부,스마트농업시스템기계공학과,1.84,1.87,,,,,,,,,75.15,2/3,국수탐(2)
충남대,스마트시티건축공학과,스마트시티건축공학과,1.85,1.91,,,,,2.08,2.12,2.01,2.04,76.75,3/1,국수탐(2)
충남대,스포츠과학과,스포츠과학과,,,,,,,2.18,2.53,,,76.4,3/2,국수탐(2)
충남대,농생명융합학부,식물자원학과,1.84,1.87,,,,,,,,,75.15,2/3,국수탐(2)
충남대,농생명융합학부,식품공학과,1.84,1.87,,,,,,,,,75.15,2/3,국수탐(2)
충남대,식품영양학과,식품영양학과,1.69,1.72,,,,,1.8,1.88,2.04,2.13,73.95,3/4,국수탐(2)
충남대,신소재공학과,신소재공학과,1.52,1.54,,,,,1.78,1.84,1.84,1.88,80.1,2/3,국수탐(2)
충남대,심리학과,심리학과,2.44,2.55,,,,,1.9,1.96,,,80.3,2/3,국수탐(2)
충남대,약학과,약학과,1.02,1.03,,,,,1.1,1.11,,,95.75,1/2,국수탐(2)
충남대,언론정보학과,언론정보학과,2.29,2.6,,,,,1.85,1.9,1.76,1.76,81.15,2/4,국수탐(2)
충남대,언어학과,언어학과,1.82,1.83,,,,,2.35,2.51,2.35,2.39,74,2/1,국수탐(2)
충남대,에너지공학과,에너지공학과,1.67,1.69,,,,,1.94,1.98,1.83,1.87,80.5,3/2,국수탐(2)
충남대,영어교육과,영어교육과,1.64,1.66,,,,,2.03,2.13,,,78.8,2/3,국수탐(2)
충남대,영어영문학과,영어영문학과,1.76,1.83,,,,,2.38,2.49,2.06,2.17,81.7,4/2,국수탐(2)
충남대,농생명융합학부,원예학과,1.84,1.87,,,,,,,,,75.15,2/3,국수탐(2)
충남대,원예학과,원예학과,,,,,,,2.25,2.28,,,,-/-,
충남대,유기재료공학과,유기재료공학과,1.68,1.72,,,,,2.01,2.05,1.92,1.97,79.3,3/1,국수탐(2)
충남대,농생명융합학부,응용생물학과,1.84,1.87,,,,,,,,,75.15,2/3,국수탐(2)
충남대,응용화학공학과,응용화학공학과,1.39,1.42,,,,,1.71,1.75,1.59,1.62,84.75,4/4,국수탐(2)
충남대,의류학과,의류학과,1.91,1.94,,,,,2.03,2.04,2.08,2.18,77.55,3/3,국수탐(2)
충남대,의예과,의예과,1,1,,,,,1,1,1,1,94.6,1/3,국수탐(2)
충남대,인문사회융합학부,인문대학 자율전공,1.86,1.92,,,,,,,,,79.5,3/4,국수탐(2)
충남대,인문사회융합학부,사회과학대학 자율전공,1.86,1.92,,,,,,,,,79.5,3/4,국수탐(2)
충남대,인문사회융합학부,경상대학 자율전공,1.86,1.92,,,,,,,,,79.5,3/4,국수탐(2)
충남대,인문사회융합학부,지식융합학부 자율전공,1.86,1.92,,,,,,,,,79.5,3/4,국수탐(2)
충남대,일어일문학과,일어일문학과,2.16,2.18,,,,,2.68,2.88,2.48,2.79,77.8,3/2,국수탐(2)
충남대,자연과학융합학부,자연과학대학 자율전공,1.88,1.93,,,,,,,,,77.95,3/2,국수탐(2)
충남대,자연과학융합학부,생활과학대학 자율전공,1.88,1.93,,,,,,,,,77.95,3/2,국수탐(2)
충남대,자연과학융합학부,생명시스템과학대학 자율전공,1.88,1.93,,,,,,,,,77.95,3/2,국수탐(2)
충남대,자연과학융합학부,농업생명과학대학 자율전공,1.88,1.93,,,,,,,,,77.95,3/2,국수탐(2)
충남대,자율운항시스템공학과,자율운항시스템공학과,1.8,1.85,,,,,2.15,2.28,2.05,2.1,78.3,4/2,국수탐(2)
충남대,자율전공융합학부,자율전공융합학부,1.59,1.71,,,,,,,,,78.45,2/3,국수탐(2)
충남대,전기・전자・통신공학교육과,전기・전자・통신공학교육과,1.86,1.91,,,,,2.2,2.27,,,72.65,2/5,국수탐(2)
충남대,전기공학과,전기공학과,1.41,1.45,,,,,1.84,1.86,1.81,1.88,87.8,3/2,국수탐(2)
충남대,전자공학과,전자공학과,1.28,1.31,,,,,1.69,1.72,1.64,1.71,86.25,2/1,국수탐(2)
충남대,정보통계학과,정보통계학과,1.69,1.71,,,,,1.99,1.99,1.6,1.6,81,3/2,국수탐(2)
충남대,정보통신융합학부,정보통신융합학부,1.73,1.75,,,,,2.13,2.15,2.1,2.12,78.65,2/2,국수탐(2)
충남대,정치외교학과,정치외교학과,1.64,1.71,,,,,1.94,2.06,,,79.55,3/1,국수탐(2)
충남대,중어중문학과,중어중문학과,1.9,1.9,,,,,1.97,2.1,2.21,2.24,74.45,1/2,국수탐(2)
충남대,농생명융합학부,지역환경토목학과,1.84,1.87,,,,,,,,,75.15,2/3,국수탐(2)
충남대,지질환경과학과,지질환경과학과,1.84,1.89,,,,,2.21,2.29,2.17,2.2,77.05,3/3,국수탐(2)
충남대,천문우주과학과,천문우주과학과,1.55,1.71,,,,,1.9,1.94,1.72,1.74,75.9,2/5,국수탐(2)
충남대,철학과,철학과,1.78,1.81,,,,,2.38,2.4,2.19,2.2,78.5,3/1,국수탐(2)
충남대,컴퓨터인공지능학부,컴퓨터인공지능학부,1.63,1.68,,,,,1.81,1.93,1.87,1.95,84.05,2/4,국수탐(2)
충남대,토목공학과,토목공학과,1.72,1.76,,,,,2.13,2.15,2.13,2.18,78.15,3/1,국수탐(2)
충남대,한문학과,한문학과,1.87,1.91,,,,,2.46,2.46,2.25,2.25,75.2,2/3,국수탐(2)
충남대,항공우주공학과,항공우주공학과,1.56,1.59,,,,,2,2.05,1.94,1.99,81.75,3/1,국수탐(2)
충남대,해양안보학전공,해양안보학전공,,,,,,,2.57,2.67,,,,-/-,국수탐(2)
충남대,해양환경과학과,해양환경과학과,1.87,1.88,,,,,2.05,2.07,2.1,2.13,74.4,2/3,국수탐(2)
충남대,행정학부,행정학부,1.58,1.63,,,,,1.89,1.99,1.76,1.76,80,3/3,국수탐(2)
충남대,화학공학교육과,화학공학교육과,1.88,1.88,,,,,2.27,2.33,,,70.05,2/4,국수탐(2)
충남대,화학과,화학과,1.57,1.63,,,,,1.87,1.88,1.77,1.85,84.05,3/4,국수탐(2)
충남대,환경공학과,환경공학과,1.52,1.54,,,,,1.59,1.63,1.81,1.85,76.7,3/1,국수탐(2)
충남대,농생명융합학부,환경소재공학과,1.84,1.87,,,,,,,,,75.15,2/3,국수탐(2)
충북대,간호학과,간호학과,,,,,,,1.76,1.51,1.5,1.46,83.25,3/-,국수영탐(2)
충북대,건축공학과,건축공학과,1.95,1.96,,,,,1.81,2.2,2.16,2.08,66.9375,3/-,국수영탐(2)
충북대,건축학과,건축학과,1.69,1.69,,,,,1.85,1.74,1.64,1.64,76.3125,3/-,국수영탐(2)
충북대,경영정보학과,경영정보학과,1.75,1.86,,,,,1.92,1.99,1.92,1.99,71.8125,3/-,국수영탐(2)
충북대,경영학부,경영학부,,,,,,,1.87,2.1,1.91,1.9,75.5625,3/-,국수영탐(2)
충북대,경영학자율전공학부,경영학자율전공학부,1.77,1.77,,,,,,,,,,-/-,
충북대,경제학과,경제학과,,,,,,,2.1,1.81,2.02,1.94,73.9375,2/-,국수영탐(2)
충북대,고고미술사학과,고고미술사학과,1.96,1.99,,,,,1.95,1.95,2.1,2.1,76.125,4/-,국수영탐(2)
충북대,공업화학과,공업화학과,1.91,1.93,,,,,1.85,2.03,2.03,1.97,74.5625,3/-,국수영탐(2)
충북대,공학자율전공학부,공학자율전공학부,1.74,1.77,,,,,1.75,2.07,2.01,1.96,75,4/-,국수영탐(2)
충북대,교육학과,교육학과,,,,,,,1.74,1.77,,,,-/-,국수영탐(2)
충북대,국어교육과,국어교육과,1.39,1.54,,,,,1.74,1.88,,,74.375,2/-,국수영탐(2)
충북대,국어국문학과,국어국문학과,,,,,,,1.73,2.06,2.16,2.16,76.9375,4/-,국수영탐(2)
충북대,국제경영학과,국제경영학과,1.77,1.79,,,,,2.03,1.91,2.09,2.03,78,4/-,국수영탐(2)
충북대,기계공학부,기계공학부,1.67,1.67,,,,,1.91,1.99,1.85,1.96,76.8125,3/-,국수영탐(2)
충북대,농업경제학과,농업경제학과,1.84,1.84,,,,,1.95,2.23,2.19,2.19,77.625,4/-,국수영탐(2)
충북대,농업생명환경자율전공학부,농업생명환경자율전공학부,1.89,1.92,,,,,,,,,,-/-,
충북대,도시공학과,도시공학과,1.97,2,,,,,2.39,1.96,2.06,2.2,71.3125,3/-,국수영탐(2)
충북대,독일언어문화학과,독일언어문화학과,1.93,1.93,,,,,2.2,2.12,2.22,2.22,75.9375,3/-,국수영탐(2)
충북대,러시아언어문화학과,러시아언어문화학과,,,,,,,2.29,2.29,2.28,2.28,66.6875,1/-,국수영탐(2)
충북대,목재・종이과학과,목재・종이과학과,2.06,2.08,,,,,2.41,2.41,2.09,2.09,72.875,3/-,국수영탐(2)
충북대,물리교육과,물리교육과,,,,,,,2.33,2.22,,,71.6875,3/-,국수영탐(2)
충북대,물리학과,물리학과,1.99,1.99,,,,,2.26,2.31,2.17,2.42,70.4375,3/-,국수영탐(2)
충북대,미생물학과,미생물학과,1.8,1.8,,,,,1.87,1.83,1.85,2.01,69.5,3/-,국수영탐(2)
충북대,바이오시스템공학과,바이오시스템공학과,1.63,1.87,,,,,1.93,2.03,1.91,1.91,77.75,3/-,국수영탐(2)
충북대,바이오헬스학부,바이오헬스학부,1.87,1.89,,,,,2.08,1.54,1.92,2.14,75.6875,5/-,국수영탐(2)
충북대,반도체공학부,반도체공학부,1.67,1.67,,,,,1.92,1.99,2.07,1.98,76.5,3/-,국수영탐(2)
충북대,사학과,사학과,,,,,,,2.08,2.08,2.04,2.04,74.4375,3/-,국수영탐(2)
충북대,사회과학자율전공학부,사회과학자율전공학부,,,,,,,,,,,,-/-,
충북대,사회교육과,사회교육과,,,,,,,1.64,1.69,,,76.5,3/-,국수영탐(2)
충북대,사회학과,사회학과,1.83,1.83,,,,,1.94,2.09,1.86,1.86,77.625,4/-,국수영탐(2)
충북대,산림학과,산림학과,2.04,2.05,,,,,2.29,2.29,2.67,2.67,71.75,2/-,국수영탐(2)
충북대,생물교육과,생물교육과,,,,,,,1.66,1.76,,,,-/-,국수영탐(2)
충북대,생물학과,생물학과,1.59,1.65,,,,,2.02,1.78,1.96,1.83,68.5625,3/-,국수영탐(2)
충북대,생화학과,생화학과,1.68,1.69,,,,,1.67,1.85,1.96,1.96,74,4/-,국수영탐(2)
충북대,생활과학자율전공학부,생활과학자율전공학부,,,,,,,,,,,,-/-,
충북대,소비자학과,소비자학과,1.72,1.72,,,,,1.95,1.95,2.14,2.12,,-/-,국수영탐(2)
충북대,수의예과,수의예과,1,1,,,,,1,1.03,1.03,1.06,94.625,1/-,국수영탐(2)
충북대,수학과,수학과,1.97,2.02,,,,,2.01,2.05,2.32,2.32,68.6875,4/-,국수영탐(2)
충북대,수학교육과,수학교육과,1.45,1.45,,,,,1.5,1.83,,,73.125,3/-,국수영탐(2)
충북대,식물의학과,식물의학과,1.8,1.8,,,,,1.85,2.2,2.14,2.14,72.1875,3/-,국수영탐(2)
충북대,식물자원학과,식물자원학과,1.99,1.99,,,,,1.87,2.11,2.22,2.22,72.1875,3/-,국수영탐(2)
충북대,식품생명공학과,식품생명공학과,1.6,1.6,,,,,1.81,1.81,2.01,2.01,76.9375,3/-,국수영탐(2)
충북대,식품영양학과,식품영양학과,1.08,1.08,,,,,1.95,1.85,1.95,1.95,77.0625,3/-,국수영탐(2)
충북대,신소재공학과,신소재공학과,1.72,1.72,,,,,1.92,1.84,2.15,1.81,72.5625,2/-,국수영탐(2)
충북대,심리학과,심리학과,1,1,,,,,1.83,1.61,2.03,2.03,76.625,2/-,국수영탐(2)
충북대,아동복지학과,아동복지학과,,,,,,,1.92,1.92,2.06,2.06,71.25,3/-,국수영탐(2)
충북대,안전공학과,안전공학과,1.88,1.89,,,,,2.15,2.18,2.26,2.26,66.5625,2/-,국수영탐(2)
충북대,약학과,약학과,,,,,,,,,,,,-/-,국수영탐(2)
충북대,역사교육과,역사교육과,,,,,,,1.4,1.5,,,,-/-,국수영탐(2)
충북대,영어교육과,영어교육과,,,,,,,1.71,1.74,,,80.125,3/-,국수영탐(2)
충북대,영어영문학과,영어영문학과,,,,,,,2,2.21,2.12,2.12,76.125,3/-,국수영탐(2)
충북대,원예과학과,원예과학과,1.89,1.94,,,,,2.12,2.13,2.2,2.2,78.75,4/-,국수영탐(2)
충북대,윤리교육과,윤리교육과,,,,,,,1.46,1.6,,,,-/-,국수영탐(2)
충북대,의류학과,의류학과,,,,,,,2.08,2.08,1.98,1.98,78,3/-,국수영탐(2)
충북대,의예과,의예과,1,1,,,,,1,1,,,96.4375,1/-,국수영탐(2)
충북대,소프트웨어학부,인공지능학부,1.76,1.81,,,,,1.93,1.71,2,1.99,75,5/-,국수영탐(2)
충북대,인문사회자율전공계열,인문사회자율전공계열,1.77,1.79,,,,,,,,,77.5,2/-,국수영탐(2)
충북대,인문학자율전공학부,인문학자율전공학부,1.96,1.96,,,,,,,,,,-/-,
충북대,자연과학자율전공계열,자연과학자율전공계열,1.8,1.83,,,,,,,,,81.375,3/-,국수영탐(2)
충북대,자연과학자율전공학부,자연과학자율전공학부,1.91,1.94,,,,,,,,,,-/-,
충북대,전기공학부,전기공학부,1.61,1.62,,,,,1.89,1.88,1.83,2.25,73.3125,3/-,국수영탐(2)
충북대,전자공학과,전자공학과,1.5,1.5,,,,,1.59,2.28,1.91,1.91,78.875,3/-,국수영탐(2)
충북대,전자정보자율전공학부,전자정보자율전공학부,1.79,1.8,,,,,2.2,1.99,2.13,1.94,73.75,3/-,국수영탐(2)
충북대,정보통계학과,정보통계학과,1.95,2.03,,,,,2.07,2.19,2.07,2.47,68.5625,2/-,국수영탐(2)
충북대,정보통신공학부,정보통신공학부,1.96,1.99,,,,,2.09,1.99,1.93,2.08,68.9375,3/-,국수영탐(2)
충북대,정치외교학과,정치외교학과,,,,,,,1.92,1.93,1.83,1.83,77.6875,3/-,국수영탐(2)
충북대,제약학과,제약학과,,,,,,,,,,,,-/-,국수영탐(2)
충북대,주거환경학과,주거환경학과,1.84,1.84,,,,,2.04,2.04,1.98,1.98,,-/-,국수영탐(2)
충북대,중어중문학과,중어중문학과,1.83,1.83,,,,,1.96,1.96,2.32,2.32,75.625,3/-,국수영탐(2)
충북대,지구과학교육과,지구과학교육과,,,,,,,1.93,1.72,,,,-/-,국수영탐(2)
충북대,지구환경과학과,지구환경과학과,2.04,2.08,,,,,2.25,2.25,2.1,2.1,67.8125,3/-,국수영탐(2)
충북대,지능로봇공학과,지능로봇공학과,1.86,1.94,,,,,1.83,1.96,2.31,2.31,70.125,2/-,국수영탐(2)
충북대,지리교육과,지리교육과,,,,,,,1.72,1.7,,,,-/-,국수영탐(2)
충북대,지역건설공학과,지역건설공학과,1.94,1.94,,,,,2.3,2.33,2.15,2.15,77.625,4/-,국수영탐(2)
충북대,천문우주학과,천문우주학과,1.96,1.98,,,,,2.02,1.75,2.25,2.25,71.0625,4/-,국수영탐(2)
충북대,철학과,철학과,,,,,,,2.43,2.43,2.12,2.12,70.25,2/-,국수영탐(2)
충북대,축산학과,축산학과,1.79,1.79,,,,,2.27,2.26,2.37,2.5,72.4375,3/-,국수영탐(2)
충북대,컴퓨터공학과,컴퓨터공학과,1.74,1.74,,,,,1.99,1.99,1.8,1.89,62.5,3/-,국수영탐(2)
충북대,토목공학부,토목공학부,1.99,2.03,,,,,2.03,2.25,2.35,2.15,71.5625,4/-,국수영탐(2)
충북대,특용식물학과,특용식물학과,2.01,2.08,,,,,2.28,2.28,1.84,1.84,74.25,4/-,국수영탐(2)
충북대,프랑스언어문화학과,프랑스언어문화학과,,,,,,,2.21,2.22,2.2,2.2,74.625,3/-,국수영탐(2)
충북대,행정학과,행정학과,,,,,,,1.86,1.91,1.88,1.88,77.0625,3/-,국수영탐(2)
충북대,화학공학과,화학공학과,,,,,,,1.44,1.77,1.65,1.97,68.75,3/-,국수영탐(2)
충북대,화학과,화학과,1.64,1.67,,,,,1.64,2.09,2.24,2.06,68.5,2/-,국수영탐(2)
충북대,화학교육과,화학교육과,,,,,,,1.98,1.9,,,,-/-,국수영탐(2)
충북대,환경공학과,환경공학과,1.71,1.74,,,,,1.61,1.81,1.98,1.98,75.0625,4/-,국수영탐(2)
충북대,환경생명화학과,환경생명화학과,1.73,1.83,,,,,1.87,2.01,1.61,1.61,77.25,3/-,국수영탐(2)
칼빈대,애완동물학과,반려동물산업학과,3.54,4.06,,,,,,,,,,-/-,탐(1)
칼빈대,사회복지학과,사회복지학과,4.06,4.57,,,,,,,,,,-/-,국
칼빈대,스포츠지도학과,스포츠지도학과,4.06,4.57,,,,,,,,,,-/-,
칼빈대,신학과,신학과,4.06,4.57,,,,,,,,,,-/-,국
평택대,융합소프트웨어학과,AI소프트웨어학과,1.78,1.85,2.03,2.03,,,3.04,3.12,,,54.05,4/1,국수영탐(1)한 중 3개
평택대,IT공학자율전공,AI융합자율전공,1.91,1.96,2.2,2.4,,,,,,,49.65,2/1,국수영탐(1)한 중 3개
평택대,스마트콘텐츠학과,AI콘텐츠학과,2.03,2.14,2.59,2.78,,,,,,,56.05,2/5,국수영탐(1)한 중 3개
평택대,경영학과,경영학과,1.55,1.55,1.76,1.76,,,3.23,3.45,,,56.5,2/2,국수영탐(1)한 중 3개
평택대,광고홍보학과,광고홍보학과,1.55,1.61,1.67,1.67,,,2.93,3.05,,,56.5,2/2,국수영탐(1)한 중 3개
평택대,국제무역행정학과,국제무역행정학과,1.78,1.85,1.85,2.2,,,3.22,3.4,,,61,3/2,국수영탐(1)한 중 3개
평택대,국제물류학과,국제물류학과,1.85,1.96,2.2,2.2,,,,,,,54.05,4/1,국수영탐(1)한 중 3개
평택대,국제지역및신학자율전공학부,국제지역및신학자율전공학부,2.08,2.14,2.4,2.4,,,,,,,54.05,4/1,국수영탐(1)한 중 3개
평택대,글로벌자율전공학부,글로벌자율전공학부,1.67,1.72,1.76,2.03,,,,,,,56.5,2/2,국수영탐(1)한 중 3개
평택대,도시계획부동산학과,도시계획부동산학과,1.96,1.96,2.03,2.4,,,,,,,59.35,4/2,국수영탐(1)한 중 3개
평택대,미디어디자인학과,미디어디자인학과,1.72,1.72,1.67,1.67,,,,,,,54.05,4/1,국수영탐(1)한 중 3개
평택대,데이터정보학과,빅데이터정보학과,1.96,2.08,2.4,2.4,,,3.32,3.35,,,54.05,4/1,국수영탐(1)한 중 3개
평택대,사회복지학과,사회복지학과,1.49,1.67,2.03,2.03,,,3.09,3.23,,,61,3/2,국수영탐(1)한 중 3개
평택대,스마트모빌리티학과,스마트모빌리티학과,1.85,1.91,2.03,2.2,,,3.35,3.43,,,54.05,4/1,국수영탐(1)한 중 3개
평택대,아동・청소년교육상담학과,아동・청소년교육상담학과,1.64,1.67,2.03,2.03,,,3.04,3.12,,,56.05,2/5,국수영탐(1)한 중 3개
평택대,인문사회자율전공,인문사회자율전공,1.78,1.85,2.2,2.2,,,,,,,56.05,2/5,국수영탐(1)한 중 3개
평택대,재활상담학과,재활상담학과,1.91,1.91,2.4,2.4,,,,,,,,2/5,국수영탐(1)한 중 3개
평택대,정보통신학과,정보통신학과,2.27,2.33,2.59,2.59,,,3.35,3.4,,,,4/1,국수영탐(1)한 중 3개
평택대,지능형반도체학과,지능형반도체학과,1.85,1.91,2.2,2.2,,,,,,,,2/1,국수영탐(1)한 중 3개
평택대,ICT환경융합학과,환경융합학과,2.03,2.08,2.78,2.97,,,,,,,54.05,4/1,국수영탐(1)한 중 3개
포항공대,단일계열,단일계열,,,,,,,,,,,,-/-,
포항공대,반도체공학과,반도체공학과,,,,,,,,,,,,-/-,
한경국립대,AI반도체융합전공,AI반도체융합학과,1.68,1.77,,,,,,,,,80.6,3/-,"국수영 중 2개, 탐구(1)"
한경국립대,HK자율전공학부,HK자율전공학부Ⅰ,2.56,2.61,2.43,2.46,,,,,,,69.8,-/-,"국수영 중 2개, 탐구(1)"
한경국립대,ICT로봇공학전공,ICT로봇공학과,2.82,2.86,,,,,2.73,2.79,,,,-/-,"국수영 중 2개, 탐구(1)"
한경국립대,건축공학전공,건축공학과,2.55,2.57,,,,,,,,,,-/-,"국수영 중 2개, 탐구(1)"
한경국립대,건축학전공,건축학과(5년제),2.27,2.3,,,,,,,,,,-/-,"국수영 중 2개, 탐구(1)"
한경국립대,경영학전공,경영학과,2.59,2.66,,,,,2.39,2.61,,,,-/-,"국수영 중 2개, 탐구(1)"
한경국립대,귀금속보석공예전공,귀금속보석공예학과,2.38,2.5,,,,,,,,,,-/-,"국수영 중 2개, 탐구(1)"
한경국립대,기계공학전공,기계공학과,2.67,2.72,,,,,2.84,2.88,,,,-/-,"국수영 중 2개, 탐구(1)"
한경국립대,동물생명과학전공,동물생명과학과,2.66,2.73,,,,,2.63,2.68,,,,-/-,"국수영 중 2개, 탐구(1)"
한경국립대,동물응용과학전공,동물응용과학과,2.85,2.94,,,,,2.84,3.04,,,,-/-,
한경국립대,문예창작미디어콘텐츠홍보전공,문예창작미디어콘텐츠홍보학과,2.24,2.35,,,,,2.33,2.61,,,,-/-,
한경국립대,법학전공,법학과,2.65,2.82,,,,,2.48,2.63,,,,-/-,
한경국립대,복지상담학전공,복지상담학과,2.71,2.76,,,,,2.53,2.7,,,,-/-,"국수영 중 2개, 탐구(1)"
한경국립대,사회복지학전공,사회복지학과,1.27,1.27,,,,,,,,,,-/-,"국수영 중 2개, 탐구(1)"
한경국립대,스포츠과학전공,스포츠과학과,,,,,,,,,,,,-/-,"국수영 중 2개, 탐구(1)"
한경국립대,시각미디어디자인전공,시각미디어디자인학과,,,,,,,2.43,2.66,,,,-/-,
한경국립대,식물생명환경전공,식물생명환경학과,2.98,3.04,,,,,2.83,2.95,,,,-/-,"국수영 중 2개, 탐구(1)"
한경국립대,식품생명공학전공,식품생명공학과,2.66,2.71,,,,,2.72,2.82,,,,-/-,"국수영 중 2개, 탐구(1)"
한경국립대,식품영양학전공,식품영양학과,2.17,2.27,,,,,2.56,2.73,,,,-/-,
한경국립대,안전공학전공,안전공학과,3.03,3.06,,,,,3.11,3.2,,,,-/-,"국수영 중 2개, 탐구(1)"
한경국립대,영미언어문화전공,영미언어문화학과,2.75,2.87,,,,,2.39,2.56,,,,-/-,"국수영 중 2개, 탐구(1)"
한경국립대,원예생명공학전공,원예생명공학과,2.88,3,,,,,2.85,2.93,,,,-/-,"국수영 중 2개, 탐구(1)"
한경국립대,유아특수보육학전공,유아특수보육학과,2.92,2.94,,,,,,,,,,-/-,"국수영 중 2개, 탐구(1)"
한경국립대,응용생명공학전공,응용생명공학과,2.2,2.36,,,,,2.72,2.8,,,,-/-,
한경국립대,응용수학전공,응용수학과,3,3.07,,,,,2.78,3.38,,,,-/-,
한경국립대,의료재활공학전공,의료재활공학과,2.15,2.15,,,,,,,,,81.8,3/-,"국수영 중 2개, 탐구(1)"
한경국립대,의류산업학전공,의류산업학과,2.42,2.5,,,,,2.56,2.67,,,,-/-,"국수영 중 2개, 탐구(1)"
한경국립대,소프트웨어융합전공,인공지능학과,2.57,2.69,,,,,2.48,2.51,,,,-/-,
한경국립대,정보보안전공,인공지능학과,2.77,2.85,,,,,,,,,75,-/-,"국수영 중 2개, 탐구(1)"
한경국립대,전기공학전공,전기공학과,2.55,2.59,,,,,2.82,2.94,,,,-/-,
한경국립대,전자공학전공,전자공학과,2.51,2.61,,,,,2.91,3.12,,,,-/-,"국수영 중 2개, 탐구(1)"
한경국립대,제품공간디자인전공,제품공간디자인학과,1.95,2.2,,,,,,,,,,-/-,
한경국립대,조경학전공,조경학과,2.74,2.85,,,,,3.05,3.14,,,,-/-,"국수영 중 2개, 탐구(1)"
한경국립대,지역자원시스템공학전공,지역자원시스템공학과,3.12,3.18,,,,,3.25,3.37,,,,-/-,
한경국립대,컴퓨터공학전공,컴퓨터공학과,2.56,2.65,,,,,2.55,2.8,,,,-/-,
한경국립대,토목공학전공,토목공학과,2.83,2.92,,,,,2.88,2.94,,,,-/-,
한경국립대,한국수어교육전공,한국수어교육학과,2.17,2.19,,,,,,,,,,-/-,"국수영 중 2개, 탐구(1)"
한경국립대,행정학전공,행정학과,2.53,2.59,,,,,2.51,2.66,,,,-/-,
한경국립대,화학공학전공,화학공학과,2.63,2.74,,,,,2.48,2.5,,,80.4,3/-,"국수영 중 2개, 탐구(1)"
한경국립대,환경공학전공,환경공학과,2.8,2.87,,,,,2.57,2.67,,,,-/-,"국수영 중 2개, 탐구(1)"
한국공학대,게임공학과,게임공학과,1.84,1.91,1.98,1.99,,,2.13,2.15,,,79.5,3/-,국수영탐(1)
한국공학대,게임공학과,게임공학과,1.84,1.91,1.98,1.99,,,2.13,2.15,,,86.6,3/-,"국영탐(1) 중 2개, 수"
한국공학대,경영학부 (IT경영전공),경영학부 (IT경영전공),1.77,1.84,1.71,1.71,,,,,,,79.6,2/-,국수영탐(1)
한국공학대,경영학부 (IT경영전공),경영학부 (IT경영전공),1.77,1.84,1.71,1.71,,,,,,,89.8,2/-,"국영탐(1) 중 2개, 수"
한국공학대,경영학부(경영학전공),경영학부(경영학전공),1.8,1.83,1.75,1.77,,,2.29,2.38,,,78.4,3/-,국수영탐(1)
한국공학대,경영학부(경영학전공),경영학부(경영학전공),1.8,1.83,1.75,1.77,,,2.29,2.38,,,86.45,2/-,"국영탐(1) 중 2개, 수"
한국공학대,경영학부(데이터사이언스경영전공),경영학부(데이터사이언스경영전공),1.87,1.89,1.74,1.74,,,,,,,81.5,3/-,국수영탐(1)
한국공학대,경영학부(데이터사이언스경영전공),경영학부(데이터사이언스경영전공),1.87,1.89,1.74,1.74,,,,,,,86,3/-,"국영탐(1) 중 2개, 수"
한국공학대,기계공학과,기계공학과,1.76,1.81,1.69,1.72,,,2.26,2.33,,,79.5,2/-,국수영탐(1)
한국공학대,기계공학과,기계공학과,1.76,1.81,1.69,1.72,,,2.26,2.33,,,88,3/-,"국영탐(1) 중 2개, 수"
한국공학대,기계설계공학부(기계설계전공),기계설계공학부(기계설계전공),1.88,1.91,1.88,1.93,,,2.64,2.81,,,79.1,3/-,국수영탐(1)
한국공학대,기계설계공학부(기계설계전공),기계설계공학부(기계설계전공),1.88,1.91,1.88,1.93,,,2.64,2.81,,,88.7,2/-,"국영탐(1) 중 2개, 수"
한국공학대,기계설계공학부(지능형모빌리티전공),기계설계공학부(지능형모빌리티전공),1.96,1.97,1.84,1.98,,,2.37,2.37,,,79.6,4/-,국수영탐(1)
한국공학대,기계설계공학부(지능형모빌리티전공),기계설계공학부(지능형모빌리티전공),1.96,1.97,1.84,1.98,,,2.37,2.37,,,85.95,4/-,"국영탐(1) 중 2개, 수"
한국공학대,디자인공학부,디자인공학부,1.92,1.94,1.74,1.78,,,2.32,2.36,,,77.65,4/-,국수영탐(1)
한국공학대,디자인공학부,디자인공학부,1.92,1.94,1.74,1.78,,,2.32,2.36,,,88.35,3/-,"국영탐(1) 중 2개, 수"
한국공학대,메카트로닉스공학부(AI로봇전공),메카트로닉스공학부(AI로봇전공),1.74,1.76,2.11,2.14,,,2.47,2.55,,,79.9,4/-,국수영탐(1)
한국공학대,메카트로닉스공학부(AI로봇전공),메카트로닉스공학부(AI로봇전공),1.74,1.76,2.11,2.14,,,2.47,2.55,,,87.2,3/-,"국영탐(1) 중 2개, 수"
한국공학대,메카트로닉스공학부(메카트로닉스전공),메카트로닉스공학부(메카트로닉스전공),1.84,1.86,1.75,1.76,,,2.31,2.51,,,80.05,4/-,국수영탐(1)
한국공학대,메카트로닉스공학부(메카트로닉스전공),메카트로닉스공학부(메카트로닉스전공),1.84,1.86,1.75,1.76,,,2.31,2.51,,,90.6,3/-,"국영탐(1) 중 2개, 수"
한국공학대,반도체공학부(나노반도체공학전공),반도체공학부(나노반도체공학전공),1.77,1.8,1.54,1.6,,,2.35,2.4,,,82.25,2/-,국수영탐(1)
한국공학대,반도체공학부(나노반도체공학전공),반도체공학부(나노반도체공학전공),1.77,1.8,1.54,1.6,,,2.35,2.4,,,90.65,3/-,"국영탐(1) 중 2개, 수"
한국공학대,반도체공학부(반도체시스템전공),반도체공학부(반도체시스템전공),1.8,1.8,1.71,1.74,,,,,,,81.3,3/-,국수영탐(1)
한국공학대,반도체공학부(반도체시스템전공),반도체공학부(반도체시스템전공),1.8,1.8,1.71,1.74,,,,,,,89.85,2/-,"국영탐(1) 중 2개, 수"
한국공학대,생명화학공학과,생명화학공학과,1.66,1.73,1.58,1.64,,,2.09,2.14,,,79.75,3/-,국수영탐(1)
한국공학대,생명화학공학과,생명화학공학과,1.66,1.73,1.58,1.64,,,2.09,2.14,,,85.1,4/-,"국영탐(1) 중 2개, 수"
한국공학대,신소재공학과,신소재공학과,1.68,1.72,1.65,1.68,,,2.23,2.31,,,80.05,3/-,국수영탐(1)
한국공학대,신소재공학과,신소재공학과,1.68,1.72,1.65,1.68,,,2.23,2.31,,,87.75,2/-,"국영탐(1) 중 2개, 수"
한국공학대,에너지・전기공학부(미래에너지시스템전공),에너지・전기공학부(미래에너지시스템전공),1.79,1.81,1.71,1.72,,,2.35,2.35,,,79,4/-,국수영탐(1)
한국공학대,에너지・전기공학부(미래에너지시스템전공),에너지・전기공학부(미래에너지시스템전공),1.79,1.81,1.71,1.72,,,2.35,2.35,,,84.2,3/-,"국영탐(1) 중 2개, 수"
한국공학대,에너지・전기공학부(미래에너지시스템전공),에너지・전기공학부(에너지공학전공),1.79,1.81,1.71,1.72,,,,,,,79,4/-,국수영탐(1)
한국공학대,에너지・전기공학부(미래에너지시스템전공),에너지・전기공학부(에너지공학전공),1.79,1.81,1.71,1.72,,,,,,,84.2,3/-,"국영탐(1) 중 2개, 수"
한국공학대,에너지・전기공학부(전력응용시스템전공),에너지・전기공학부(전기공학전공),1.84,1.85,1.84,1.86,,,,,,,79,3/-,국수영탐(1)
한국공학대,에너지・전기공학부(전력응용시스템전공),에너지・전기공학부(전기공학전공),1.84,1.85,1.84,1.86,,,,,,,86.9,4/-,"국영탐(1) 중 2개, 수"
한국공학대,에너지・전기공학부(전력응용시스템전공),에너지・전기공학부(전력응용시스템전공),1.84,1.85,1.84,1.86,,,2.28,2.43,,,79,3/-,국수영탐(1)
한국공학대,에너지・전기공학부(전력응용시스템전공),에너지・전기공학부(전력응용시스템전공),1.84,1.85,1.84,1.86,,,2.28,2.43,,,86.9,4/-,"국영탐(1) 중 2개, 수"
한국공학대,인공지능학과,인공지능학과,1.77,1.79,1.88,1.88,,,2.33,2.33,,,79.6,3/-,국수영탐(1)
한국공학대,인공지능학과,인공지능학과,1.77,1.79,1.88,1.88,,,2.33,2.33,,,91.65,2/-,"국영탐(1) 중 2개, 수"
한국공학대,자유전공학부,자유전공학부,,,,,,,2.26,2.35,,,79.05,4/-,국수영탐(1)
한국공학대,전자공학부(임베디드시스템전공),전자공학부(임베디드시스템전공),1.92,1.93,1.84,1.84,,,2.4,2.44,,,79.75,3/-,국수영탐(1)
한국공학대,전자공학부(임베디드시스템전공),전자공학부(임베디드시스템전공),1.92,1.93,1.84,1.84,,,2.4,2.44,,,88.2,2/-,"국영탐(1) 중 2개, 수"
한국공학대,전자공학부(전자공학전공),전자공학부(전자공학전공),1.84,1.96,1.72,1.76,,,2.35,2.4,,,81,3/-,국수영탐(1)
한국공학대,전자공학부(전자공학전공),전자공학부(전자공학전공),1.84,1.96,1.72,1.76,,,2.35,2.4,,,88.75,4/-,"국영탐(1) 중 2개, 수"
한국공학대,컴퓨터공학부(소프트웨어전공),컴퓨터공학부(소프트웨어전공),1.82,1.84,1.85,2.1,,,2.33,2.46,,,81.2,3/-,국수영탐(1)
한국공학대,컴퓨터공학부(소프트웨어전공),컴퓨터공학부(소프트웨어전공),1.82,1.84,1.85,2.1,,,2.33,2.46,,,89.2,2/-,"국영탐(1) 중 2개, 수"
한국공학대,컴퓨터공학부(컴퓨터공학전공),컴퓨터공학부(컴퓨터공학전공),1.8,1.83,1.76,1.98,,,2.4,2.56,,,78.55,3/-,국수영탐(1)
한국공학대,컴퓨터공학부(컴퓨터공학전공),컴퓨터공학부(컴퓨터공학전공),1.8,1.83,1.76,1.98,,,2.4,2.56,,,86.8,2/-,"국영탐(1) 중 2개, 수"
한국과학기술원,무학과,무학과,,,,,,,,,,,,-/-,
한국과학기술원,반도체시스템공학과,반도체시스템공학과,,,,,,,,,,,,-/-,
한국교원대,가정교육과,가정교육과,,,,,,,1.96,2.03,,,86.275,3/-,국수영탐(2)
한국교원대,교육학과,교육학과,,,,,,,1.52,1.61,,,,-/-,국수영탐(2)
한국교원대,국어교육과,국어교육과,,,,,,,1.47,1.49,,,89.975,1/-,국수영탐(2)
한국교원대,기술교육과,기술교육과,,,,,,,1.67,1.72,,,86.95,2/-,국수영탐(2)
한국교원대,독어교육과,독어교육과,,,,,,,1.93,2.22,,,,-/-,국수영탐(2)
한국교원대,물리교육과,물리교육과,,,,,,,1.6,1.65,,,86.1,2/-,국수영탐(2)
한국교원대,불어교육과,불어교육과,,,,,,,2.01,2.21,,,,-/-,국수영탐(2)
한국교원대,생물교육과,생물교육과,,,,,,,1.29,1.34,,,87.675,3/-,국수영탐(2)
한국교원대,수학교육과,수학교육과,,,,,,,1.33,1.42,,,90.825,2/-,국수영탐(2)
한국교원대,역사교육과,역사교육과,,,,,,,1.31,1.4,,,87.1,2/-,국수영탐(2)
한국교원대,영어교육과,영어교육과,,,,,,,1.49,1.56,,,88.475,2/-,국수영탐(2)
한국교원대,유아교육과,유아교육과,,,,,,,1.93,2.04,,,85.7875,3/-,국수영탐(2)
한국교원대,윤리교육과,윤리교육과,,,,,,,1.29,1.34,,,88.65,3/-,국수영탐(2)
한국교원대,음악교육과,음악교육과,,,,,,,1.72,1.75,,,81.0834,4/-,"국수 중 1개, 영탐(2)"
한국교원대,일반사회교육과,일반사회교육과,,,,,,,1.49,1.51,,,89.55,2/-,국수영탐(2)
한국교원대,중국어교육과,중국어교육과,,,,,,,2.97,3.01,,,84.825,3/-,국수영탐(2)
한국교원대,지구과학교육과,지구과학교육과,,,,,,,1.44,1.51,,,88.075,2/-,국수영탐(2)
한국교원대,지리교육과,지리교육과,,,,,,,1.75,1.83,,,87.65,2/-,국수영탐(2)
한국교원대,체육교육과,체육교육과,,,,,,,1.49,1.49,,,85.3161,2/-,"국수 중 1개, 영탐(2)"
한국교원대,초등교육과,초등교육과,,,,,,,1.26,1.31,,,89.3625,2/-,국수영탐(2)
한국교원대,컴퓨터교육과,컴퓨터교육과,,,,,,,1.66,1.76,,,90.775,2/-,국수영탐(2)
한국교원대,특수교육과,특수교육과,,,,,,,2.13,2.23,,,85.4625,1/-,국수영탐(2)
한국교원대,화학교육과,화학교육과,,,,,,,1.3,1.47,,,84.75,3/-,국수영탐(2)
한국교원대,환경교육과,환경교육과,,,,,,,1.8,1.9,,,85.975,2/-,국수영탐(2)
한국기술교대,건축공학과,건축공학과,1.99,2.38,,,,,2.53,2.59,2.59,2.6,68.075,4/-,국수영탐(1)
한국기술교대,건축공학과,건축공학과,1.99,2.38,,,,,2.53,2.59,2.59,2.6,69.675,4/-,국수영탐(1)
한국기술교대,경영학부(데이터경영전공),경영학부(데이터경영전공),2.46,2.49,,,,,2.33,2.61,2.75,2.6,64.65,3/-,국수영탐(1)
한국기술교대,경영학부(융합경영전공),경영학부(융합경영전공),2.2,2.32,,,,,2.5,2.29,3.41,3.18,64.65,3/-,국수영탐(1)
한국기술교대,고용서비스정책학과,고용서비스정책학과,2.23,2.19,,,,,2.35,2.5,1,2.43,64.65,3/-,국수영탐(1)
한국기술교대,기계공학부,기계공학부,2.11,2.16,,,,,2.16,2.48,2.46,1.93,68.075,4/-,국수영탐(1)
한국기술교대,기계공학부,기계공학부,2.11,2.16,,,,,2.16,2.48,2.46,1.93,69.675,4/-,국수영탐(1)
한국기술교대,디자인공학과,디자인공학과,2.31,2.24,,,,,2.82,2.51,2.31,2.46,68.075,4/-,국수영탐(1)
한국기술교대,디자인공학과,디자인공학과,2.31,2.24,,,,,2.82,2.51,2.31,2.46,69.675,4/-,국수영탐(1)
한국기술교대,메카트로닉스공학부,메카트로닉스공학부,2.04,2.13,,,,,2.41,2.17,2.34,2.65,68.075,4/-,국수영탐(1)
한국기술교대,메카트로닉스공학부,메카트로닉스공학부,2.04,2.13,,,,,2.41,2.17,2.34,2.65,69.675,4/-,국수영탐(1)
한국기술교대,반도체・디스플레이공학과,반도체・디스플레이공학과,,,,,,,3.06,3.17,,,,-/-,
한국기술교대,에너지신소재화학공학부(에너지신소재공학전공),에너지신소재화학공학부(에너지신소재공학전공),1.9,1.99,,,,,2.21,2.12,2.44,2.44,68.075,4/-,국수영탐(1)
한국기술교대,에너지신소재화학공학부(에너지신소재공학전공),에너지신소재화학공학부(에너지신소재공학전공),1.9,1.99,,,,,2.21,2.12,2.44,2.44,69.675,4/-,국수영탐(1)
한국기술교대,에너지신소재화학공학부(화학생명공학전공),에너지신소재화학공학부(화학생명공학전공),1.95,2.01,,,,,2.24,1.88,1.92,2.61,68.075,4/-,국수영탐(1)
한국기술교대,에너지신소재화학공학부(화학생명공학전공),에너지신소재화학공학부(화학생명공학전공),1.95,2.01,,,,,2.24,1.88,1.92,2.61,69.675,4/-,국수영탐(1)
한국기술교대,자율전공(인문),자율전공(인문),2.1,2.31,,,,,,,,,67.75,3/-,국수영탐(1)
한국기술교대,자율전공(자연),자율전공(자연),2.15,2.23,,,,,,,,,70.045,3/-,국수영탐(1)
한국기술교대,자율전공(자연),자율전공(자연),2.15,2.23,,,,,,,,,70.445,3/-,국수영탐(1)
한국기술교대,전기・전자・통신공학부(AI정보통신공학전공),전기・전자・통신공학부(AI정보통신공학전공),2.41,2.53,,,,,2.35,2.09,2.12,2.8,69.575,4/-,국수영탐(1)
한국기술교대,전기・전자・통신공학부(AI정보통신공학전공),전기・전자・통신공학부(AI정보통신공학전공),2.41,2.53,,,,,2.35,2.09,2.12,2.8,67.675,4/-,국수영탐(1)
한국기술교대,전기・전자・통신공학부(전기공학전공),전기・전자・통신공학부(전기공학전공),2.13,2.24,,,,,2.04,2.16,2.45,2.29,69.575,4/-,국수영탐(1)
한국기술교대,전기・전자・통신공학부(전기공학전공),전기・전자・통신공학부(전기공학전공),2.13,2.24,,,,,2.04,2.16,2.45,2.29,67.675,4/-,국수영탐(1)
한국기술교대,전기・전자・통신공학부(전자공학전공),전기・전자・통신공학부(전자공학전공),1.85,1.96,,,,,2.24,2.29,2.03,2.01,69.575,4/-,국수영탐(1)
한국기술교대,전기・전자・통신공학부(전자공학전공),전기・전자・통신공학부(전자공학전공),1.85,1.96,,,,,2.24,2.29,2.03,2.01,67.675,4/-,국수영탐(1)
한국기술교대,컴퓨터공학부(AI・소프트웨어전공),컴퓨터공학부(AI・소프트웨어전공),2.18,2.25,,,,,1.2,2.45,2.48,2.23,69.575,4/-,국수영탐(1)
한국기술교대,컴퓨터공학부(AI・소프트웨어전공),컴퓨터공학부(AI・소프트웨어전공),2.18,2.25,,,,,1.2,2.45,2.48,2.23,67.675,4/-,국수영탐(1)
한국기술교대,컴퓨터공학부(컴퓨터공학전공),컴퓨터공학부(컴퓨터공학전공),2.54,2.73,,,,,1.98,2.31,2.2,2.2,69.575,4/-,국수영탐(1)
한국기술교대,컴퓨터공학부(컴퓨터공학전공),컴퓨터공학부(컴퓨터공학전공),2.54,2.73,,,,,1.98,2.31,2.2,2.2,67.675,4/-,국수영탐(1)
한국성서대,AI융합학부,AI융합학부,2.33,2.7,2.35,2.66,2.67,2.77,,,,,76.7,5/2,수영탐(1)
한국성서대,간호학과,간호학과,2.25,2.38,2.06,2.17,2.8,2.82,,,,,55.5,3/2,국수영탐(1)
한국성서대,사회복지학과,사회복지학과,2.23,2.34,2.83,4.44,2.7,2.79,,,,,75.6,4/2,국영탐(1)
한국성서대,성서학과,성서학과,3.43,3.53,4.12,4.34,3.19,3.4,,,,,62.5,5/4,국영탐(1)
한국성서대,영유아보육학과,영유아보육학과,2.7,2.96,2.76,2.97,2.99,2.99,,,,,77.1,4/4,국영탐(1)
한국에너지공과대,에너지공학부,에너지공학부,,,,,,,,,,,,-/-,
한국외대,AI데이터융합학부,AI데이터융합학부,,,,,,,2.45,2.82,2.17,2.25,79.11764705882354,3/3,국수영탐(2)
한국외대,정보통신공학과,AI로봇공학과,,,,,,,2.31,2.33,,,75.52941176470588,3/2,국수영탐(2)
한국외대,Finance & AI융합학부,Finance & AI융합학부,,,,,,,2.41,2.8,2.44,2.5,76.76470588235294,2/6,국수영탐(2)
한국외대,Global Business & Technology학부,Global Business & Technology학부,,,,,,,2.15,2.23,2.36,2.42,82.94117647058823,4/3,국수영탐(2)
한국외대,국제금융학과,국제금융학과,,,,,,,2.14,3.23,2.23,2.27,82.94117647058823,3/4,국수영탐(2)
한국외대,그리스・불가리아학과,그리스・불가리아학과,,,,,,,3.14,3.28,2.73,2.8,74.5,3/3,국수영탐(2)
한국외대,글로벌스포츠산업학부,글로벌스포츠산업학부,,,,,,,1.87,2.04,1.65,1.76,79.82352941176471,3/3,국수영탐(2)
한국외대,기후변화융합학부,기후변화융합학부,,,,,,,2.18,2.35,1.94,1.99,77.41176470588235,3/1,국수영탐(2)
한국외대,디지털콘텐츠학부,디지털콘텐츠학부,,,,,,,2.24,2.37,2.01,2.04,76.75,3/3,국수영탐(2)
한국외대,루마니아학과,루마니아학과,,,,,,,2.97,3.02,2.93,2.96,75.125,3/2,국수영탐(2)
한국외대,바이오메디컬공학부,바이오메디컬공학부,,,,,,,2.02,2.26,1.96,2.05,80.58823529411765,3/4,국수영탐(2)
한국외대,반도체전자공학부(반도체공학전공),반도체전자공학부(반도체공학전공),,,,,,,2.16,2.55,2.03,2.1,80.82352941176471,4/3,국수영탐(2)
한국외대,반도체전자공학부(전자공학전공),반도체전자공학부(전자공학전공),,,,,,,2.18,2.99,2.04,2.18,77.23529411764706,2/2,국수영탐(2)
한국외대,사학과,사학과,,,,,,,1.9,2.58,2.05,2.08,75,2/1,국수영탐(2)
한국외대,산업경영공학과,산업경영공학과,,,,,,,2.06,2.61,2.2,2.35,78.52941176470588,4/3,국수영탐(2)
한국외대,생명공학과,생명공학과,,,,,,,1.78,1.83,1.91,2.01,80.6470588235294,4/4,국수영탐(2)
한국외대,세르비아・크로아티아학과,세르비아・크로아티아학과,,,,,,,2.85,2.96,3.03,3.1,75.125,3/1,국수영탐(2)
한국외대,수학과,수학과,,,,,,,1.99,2.04,2.33,2.46,76.41176470588235,3/1,국수영탐(2)
한국외대,아프리카학부,아프리카학부,,,,,,,3.13,3.43,2.83,2.94,77.375,3/6,국수영탐(2)
한국외대,언어인지과학과,언어인지과학과,,,,,,,2.2,2.33,2.12,2.2,83.5,3/3,국수영탐(2)
한국외대,우크라이나학과,우크라이나학과,,,,,,,,,,,74.25,3/1,국수영탐(2)
한국외대,융합인재학부,융합인재학부,,,,,,,2.56,2.78,2.32,2.39,77.6470588235294,3/3,국수영탐(2)
한국외대,자유전공학부(글로벌),자유전공학부(글로벌),,,,,,,1.99,2.1,2.47,2.75,79,2/1,국수영탐(2)
한국외대,전자물리학과,전자물리학과,,,,,,,2.06,2.14,2.37,2.38,76.11764705882354,3/2,국수영탐(2)
한국외대,중앙아시아학과,중앙아시아학과,,,,,,,3.2,3.3,3.05,3.16,77.25,4/2,국수영탐(2)
한국외대,철학과,철학과,,,,,,,1.93,2.01,2.04,2.08,76,3/4,국수영탐(2)
한국외대,체코・슬로바키아학과,체코・슬로바키아학과,,,,,,,3.02,3.06,3.05,3.12,73.25,2/3,국수영탐(2)
한국외대,컴퓨터공학부,컴퓨터공학부,,,,,,,2.08,2.12,,,77.58823529411765,3/3,국수영탐(2)
한국외대,통계학과,통계학과,,,,,,,2.23,2.32,2.07,2.12,80.76470588235294,5/1,국수영탐(2)
한국외대,투어리즘 & 웰니스학부,투어리즘 & 웰니스학부,,,,,,,3.05,3.16,2.06,2.16,75.875,2/3,국수영탐(2)
한국외대,폴란드학과,폴란드학과,,,,,,,2.89,3.07,2.79,3.2,78.75,2/2,국수영탐(2)
한국외대,한국학과,한국학과,,,,,,,2.97,3.16,2.17,2.27,74.625,2/2,국수영탐(2)
한국외대,헝가리학과,헝가리학과,,,,,,,2.56,2.85,3.16,3.36,75.75,3/1,국수영탐(2)
한국외대,화학과,화학과,,,,,,,1.83,1.92,1.99,2.64,76.70588235294117,3/1,국수영탐(2)
한국외대,환경학과,환경학과,,,,,,,1.89,1.95,2.51,2.98,77.05882352941177,3/1,국수영탐(2)
한국외대,ELLT학과,ELLT학과,,,,,,,1.39,1.51,1.81,2.21,90.3529411764706,1/2,국수영탐(2)
한국외대,Language & AI융합학부,Language & AI융합학부,,,,,,,1.49,3.23,1.33,1.38,92.70588235294117,3/3,국수영탐(2)
한국외대,Language & Diplomacy학부,Language & Diplomacy학부,,,,,,,1.61,1.91,,,91.88235294117646,2/4,국수영탐(2)
한국외대,Language & Trade학부,Language & Trade학부,,,,,,,,,,,90.6470588235294,3/1,국수영탐(2)
한국외대,Social Science & AI융합학부,Social Science & AI융합학부,,,,,,,1.6,1.97,1.51,1.54,90.3529411764706,2/3,국수영탐(2)
한국외대,경영학부,경영학부,,,,,,,1.4,1.42,1.38,1.4,91,2/2,국수영탐(2)
한국외대,경제학부,경제학부,,,,,,,1.33,1.35,1.39,1.42,90.94117647058823,2/3,국수영탐(2)
한국외대,국제통상학과,국제통상학과,,,,,,,1.38,1.39,2.14,2.34,90.94117647058823,1/3,국수영탐(2)
한국외대,국제학부,국제학부,,,,,,,1.4,1.44,2.06,2.31,90.70588235294117,2/2,국수영탐(2)
한국외대,네덜란드어과,네덜란드어과,,,,,,,2.32,2.38,1.87,2.12,86.125,2/2,국수영탐(2)
한국외대,노어과,노어과,,,,,,,1.57,1.96,1.63,2.16,88.25,2/1,국수영탐(2)
한국외대,독일어과,독일어과,,,,,,,1.99,2.63,2.36,2.97,90.25,2/4,국수영탐(2)
한국외대,말레이인도네시아어과,말레이인도네시아어과,,,,,,,2.3,2.59,2.78,2.8,84.75,1/1,국수영탐(2)
한국외대,몽골어과,몽골어과,,,,,,,1.83,2.43,,,84.375,2/2,국수영탐(2)
한국외대,미디어커뮤니케이션학부,미디어커뮤니케이션학부,,,,,,,1.4,1.45,1.29,1.3,90.11764705882354,2/1,국수영탐(2)
한국외대,베트남어과,베트남어과,,,,,,,2.15,2.26,2.47,2.59,86.5,2/3,국수영탐(2)
한국외대,스칸디나비아어과,스칸디나비아어과,,,,,,,1.54,1.55,2.4,2.5,86.5,2/1,국수영탐(2)
한국외대,스페인어과,스페인어과,,,,,,,2.18,2.55,2.19,2.25,89.75,3/2,국수영탐(2)
한국외대,아랍어과,아랍어과,,,,,,,2.09,2.32,1.65,1.82,89,2/1,국수영탐(2)
한국외대,영미문학.문화학과,영미문학.문화학과,,,,,,,1.47,1.57,2.15,2.28,88.625,3/2,국수영탐(2)
한국외대,영어교육과,영어교육과,,,,,,,1.32,1.32,,,90.625,2/4,국수영탐(2)
한국외대,영어통번역학과,영어통번역학과,,,,,,,1.51,1.52,1.89,2.02,86,3/1,국수영탐(2)
한국외대,외국어교육학부(독일어교육전공),외국어교육학부(독일어교육전공),,,,,,,,,,,,-/-,국수영탐(2)
한국외대,외국어교육학부(중국어교육전공),외국어교육학부(중국어교육전공),,,,,,,,,,,,-/-,국수영탐(2)
한국외대,외국어교육학부(프랑스어교육전공),외국어교육학부(프랑스어교육전공),,,,,,,,,,,,-/-,국수영탐(2)
한국외대,융합일본지역학부,융합일본지역학부,,,,,,,2.38,2.4,2.65,2.93,85.125,1/1,국수영탐(2)
한국외대,이탈리아어과,이탈리아어과,,,,,,,2.5,2.54,2.81,2.9,91.25,3/2,국수영탐(2)
한국외대,인도어과,인도・남아시아학과,,,,,,,2.57,2.59,2.57,2.68,89.375,2/1,국수영탐(2)
한국외대,인도어과,인도어과,,,,,,,2.57,2.59,2.57,2.68,89.375,2/1,국수영탐(2)
한국외대,일본언어문화학부,일본언어문화학부,,,,,,,1.5,1.57,1.83,1.85,89.125,2/1,국수영탐(2)
한국외대,자유전공학부(서울),자유전공학부(서울),,,,,,,1.42,1.47,,,86.75,1/1,국수영탐(2)
한국외대,정치외교학과,정치외교학과,,,,,,,1.41,1.42,1.44,2.85,90.6470588235294,2/3,국수영탐(2)
한국외대,중국언어문화학부,중국언어문화학부,,,,,,,1.52,1.58,1.93,2.21,90.25,2/2,국수영탐(2)
한국외대,중국외교통상학부,중국외교통상학부,,,,,,,1.99,2.04,2.13,2.25,85.875,3/1,국수영탐(2)
한국외대,태국학과,태국학과,,,,,,,1.66,1.81,2.05,2.41,87.5,2/2,국수영탐(2)
한국외대,튀르키예・아제르바이잔학과,튀르키예・아제르바이잔학과,,,,,,,1.58,2.6,2.24,2.37,86.875,2/1,국수영탐(2)
한국외대,페르시아어・이란학과,페르시아어・이란학과,,,,,,,1.54,1.72,2.28,2.41,88.5,2/1,국수영탐(2)
한국외대,포르투갈어과,포르투갈어과,,,,,,,2.91,3.01,1.76,1.99,87.375,3/1,국수영탐(2)
한국외대,프랑스어학부,프랑스어학부,,,,,,,2.28,2.85,2.18,2.53,89.375,3/3,국수영탐(2)
한국외대,한국어교육과,한국어교육과,,,,,,,,,,,90.125,2/2,국수영탐(2)
한국외대,행정학과,행정학과,,,,,,,1.47,1.56,1.29,1.3,86.11764705882354,3/1,국수영탐(2)
한국전통문화대,국가유산관리학과,국가유산관리학과,,,,,,,,,,,,-/-,
한국전통문화대,무형유산학과,무형유산학과,,,,,,,,,,,,-/-,
한국전통문화대,보존과학과,보존과학과,,,,,,,,,,,,-/-,
한국전통문화대,융합고고학과,융합고고학과,,,,,,,,,,,,-/-,
한국전통문화대,전통건축학과,전통건축학과,,,,,,,,,,,,-/-,
한국전통문화대,전통미술공예학과-전통도자,전통도자공예과,,,,,,,,,,,,-/-,
한국전통문화대,전통미술공예학과-전통섬유,전통섬유공예과,,,,,,,,,,,,-/-,
한국전통문화대,전통미술공예학과-전통조각,전통조각과,,,,,,,,,,,,-/-,
한국전통문화대,전통조경학과,전통조경학과,,,,,,,,,,,,-/-,
한국전통문화대,전통미술공예학과-전통회화,전통회화과,,,,,,,,,,,,-/-,
한국체대,노인체육복지학과,노인체육복지학과,1.65,1.68,,,,,,,,,50.8,2/6,"국수영 중 2개, 탐(1)"
한국체대,사회체육학과,사회체육학과,1.58,1.69,,,,,,,,,56.8,3/5,"국수영 중 2개, 탐(1)"
한국체대,스포츠산업학과,스포츠산업학과,1.62,1.65,,,,,,,,,84.05,3/2,"국수영 중 2개, 탐(1)"
한국체대,스포츠청소년지도학과,스포츠청소년지도학과,1.74,1.75,,,,,,,,,61.9,3/5,"국수영 중 2개, 탐(1)"
한국체대,운동건강관리학과,운동건강관리학과,1.49,1.49,,,,,,,,,74,2/2,"국수영 중 2개, 탐(1)"
한국체대,특수체육교육과,특수체육교육과,1.38,1.45,,,,,,,,,66.85,2/5,"국수영 중 2개, 탐(1)"
한국침례신학대,신학부,신학과,1.58,1.85,,,,,,,,,,-/-,
한국항공대,AI융합대학,AI융합대학,1.51,1.55,1.58,1.58,,,,,,,82.375,3/3,국수영탐(1)
한국항공대,AI자율주행시스템공학과,AI자율주행시스템공학과,1.66,1.66,1.63,1.61,,,,,,,85.75,3/3,국수영탐(1)
한국항공대,공과대학,공과대학,1.37,1.42,1.47,1.57,,,,,,,84.375,3/2,국수영탐(1)
한국항공대,스마트드론공학과,스마트드론공학과,1.63,1.63,1.55,1.58,,,,,,,87.25,3/3,국수영탐(1)
한국항공대,자유전공학부(공학적성),자유전공학부(공학적성),1.37,1.42,1.47,1.52,,,,,,,92.25,4/4,국수영탐(1)
한국항공대,자유전공학부(사회적성),자유전공학부(사회적성),1.24,1.31,1.37,1.37,,,,,,,84.0625,2/1,국수영탐(1)
한국항공대,자유전공학부(사회적성),자유전공학부(사회적성),1.24,1.31,1.37,1.37,,,,,,,85.6875,2/1,국수영탐(1)
한국항공대,자유전공학부,자유전공학부(이학적성),1.37,1.37,,,,,,,,,81.8125,3/3,국수영탐(1)
한국항공대,자유전공학부,자유전공학부(이학적성),1.37,1.37,,,,,,,,,83.5,3/3,국수영탐(1)
한국항공대,자유전공학부(이학적성),자유전공학부(이학적성),1.24,1.31,,,,,,,,,81.8125,3/3,국수영탐(1)
한국항공대,자유전공학부(이학적성),자유전공학부(이학적성),1.24,1.31,,,,,,,,,83.5,3/3,국수영탐(1)
한국항공대,항공・경영대학(사회적성),항공・경영대학(사회적성),1.37,1.39,1.17,1.22,,,1.8,1.83,,,84.6875,2/3,국수영탐(1)
한국항공대,항공・경영대학(사회적성),항공・경영대학(사회적성),1.37,1.39,1.17,1.22,,,1.8,1.83,,,84.9375,2/3,국수영탐(1)
한국항공대,항공・경영대학(사회적성),항공・경영대학(사회적성),1.37,1.39,1.17,1.22,,,1.8,1.83,,,88.0625,4/2,국수영탐(1)
한국항공대,항공・경영대학(사회적성),항공・경영대학(사회적성),1.37,1.39,1.17,1.22,,,1.8,1.83,,,88.875,4/2,국수영탐(1)
한국항공대,항공・경영대학(이학적성),항공・경영대학(이학적성),,,,,,,1.77,1.74,,,88.0625,4/2,국수영탐(1)
한국항공대,항공・경영대학(이학적성),항공・경영대학(이학적성),,,,,,,1.77,1.74,,,88.875,4/2,국수영탐(1)
한국항공대,항공운항학과,항공운항학과,1.03,1.03,1.03,1.03,,,,,,,96.3125,1/3,국수영탐(1)
한국항공대,항공운항학과,항공운항학과,1.03,1.03,1.03,1.03,,,,,,,96.3125,1/3,국수영탐(1)
한남대,빅데이터응용학과,AI데이터사이언스학과,3.09,3.28,,,,,3.48,3.55,,,76,4/4,"수영탐(1) 중 2개, 국"
한남대,AI융합학과,AI융합학과,2.83,3.03,,,,,3.09,3.22,,,77.66666666666667,1/5,"국영탐(1) 중 2개, 수"
한남대,간호학과,간호학과,1.51,1.73,,,,,2.03,2.08,2.01,2.18,81.66666666666667,3/3,"국영탐(1) 중 2개, 수"
한남대,건설환경공학과,건설환경공학과,3.05,3.13,,,,,3.24,3.4,,,74,3/4,"국영탐(1) 중 2개, 수"
한남대,건축공학과,건축공학과,2.82,2.83,,,,,3.03,3.1,,,74,3/4,"국영탐(1) 중 2개, 수"
한남대,건축학과(5년제),건축학과(5년제),2.29,2.33,,,,,2.5,2.58,2.09,2.18,77.66666666666667,4/3,"국영탐(1) 중 2개, 수"
한남대,경상대학자유전공학부,경상대학자유전공학부,3.03,3.22,,,,,,,,,,-/-,
한남대,경영정보학과,경영정보학과,2.83,2.94,,,,,2.99,3.04,,,76.33333333333333,3/4,"수영탐(1) 중 2개, 국"
한남대,경영학과,경영학과,2.5,2.6,,,,,2.79,2.85,2.22,2.94,78,4/5,"수영탐(1) 중 2개, 국"
한남대,경제학과,경제학과,2.75,3.02,,,,,2.92,3.12,,,78.33333333333333,4/3,"수영탐(1) 중 2개, 국"
한남대,경찰학과,경찰학과,2.2,2.24,,,,,2.25,2.28,2.18,2.36,78.33333333333333,5/3,"수영탐(1) 중 2개, 국"
한남대,공과대학자유전공학부,공과대학자유전공학부,3.03,3.28,,,,,,,,,,-/-,
한남대,교육학과,교육학과,2.12,2.19,,,,,2.4,2.54,2.26,2.26,80.66666666666666,3/3,"수영탐(1) 중 2개, 국"
한남대,국어교육과,국어교육과,1.86,1.91,,,,,2.01,2.12,2.27,2.27,85.33333333333333,4/3,"수영탐(1) 중 2개, 국"
한남대,국어국문・창작학과,국어국문・창작학과,2.71,2.82,,,,,3.02,3.2,,,71.99999999999999,4/3,"수영탐(1) 중 2개, 국"
한남대,기계공학과,기계공학과,2.87,2.95,,,,,2.94,2.97,,,77.66666666666667,3/4,"국영탐(1) 중 2개, 수"
한남대,기독교학과,기독교학과,1.81,1.81,,,,,3.76,3.76,,,69.33333333333333,3/6,"수영탐(1) 중 2개, 국"
한남대,신소재공학과,나노반도체소재공학과,2.8,2.85,,,,,3.16,3.45,,,77,3/1,"국영탐(1) 중 2개, 수"
한남대,응용영어콘텐츠학과,디지털영어콘텐츠학과,3.04,3.14,,,,,3.06,3.06,,,75.66666666666667,4/3,"수영탐(1) 중 2개, 국"
한남대,응용영어콘텐츠학과,디지텉ㄹ영어콘텐츠학과,3.04,3.14,,,,,3.06,3.06,,,75.66666666666667,4/3,"수영탐(1) 중 2개, 국"
한남대,린튼글로벌스쿨,린튼글로벌스쿨,3.26,3.5,3.1,3.45,,,3.02,3.02,,,77,3/2,"수영탐(1) 중 2개, 국"
한남대,멀티미디어공학과,멀티미디어공학과,2.86,3,,,,,3.2,3.31,,,75.33333333333334,3/2,"국영탐(1) 중 2개, 수"
한남대,무역물류학과,무역물류학과,3.03,3.4,,,,,3.3,3.36,,,74.33333333333334,3/3,"수영탐(1) 중 2개, 국"
한남대,문과대학자유전공학부,문과대학자유전공학부,2.86,3.05,,,,,,,,,,-/-,
한남대,문헌정보학과,문헌정보학과,2.15,2.24,,,,,2.49,2.64,2.56,2.56,77.33333333333333,4/4,"수영탐(1) 중 2개, 국"
한남대,미디어영상학과,미디어영상학과,2.26,2.4,,,,,2.3,2.65,2.61,2.86,77,5/4,"국영탐(1) 중 2개, 수"
한남대,바이오제약공학과,바이오제약공학과,2.63,2.75,,,,,2.7,2.7,,,73.33333333333334,3/3,"국영탐(1) 중 2개, 수"
한남대,법학부,법학부,2.72,2.82,,,,,3,3.09,,,75.33333333333334,3/1,"수영탐(1) 중 2개, 국"
한남대,사학과,사학과,2.21,2.42,,,,,2.63,2.64,,,78.33333333333333,3/1,"수영탐(1) 중 2개, 국"
한남대,사회과학대학자유전공학부,사회과학대학자유전공학부,2.88,2.95,,,,,,,,,,-/-,
한남대,사회복지학과,사회복지학과,2.28,2.4,,,,,2.46,2.65,2.8,2.8,78.33333333333333,3/5,"수영탐(1) 중 2개, 국"
한남대,사회적경제기업학과,사회적경제기업학과,3.33,3.45,,,,,3.27,3.27,4.32,4.32,75.66666666666666,3/3,"수영탐(1) 중 2개, 국"
한남대,산업경영공학과,산업정보공학과,3.24,3.37,,,,,3.09,3.27,,,77,4/4,"국영탐(1) 중 2개, 수"
한남대,상담심리학과,상담심리학과,2.28,2.35,,,,,2.19,2.28,2.32,2.56,81.00000000000001,3/5,"수영탐(1) 중 2개, 국"
한남대,생명나노과학대학자유전공학부,생명나노과학대학자유전공학부,3.05,3.11,,,,,,,,,,-/-,
한남대,생명시스템과학과,생명시스템과학과,2.85,2.9,,,,,3.11,3.14,,,73,5/3,"국영탐(1) 중 2개, 수"
한남대,수학과,수학과,2.95,3.36,,,,,3.65,3.65,,,75.33333333333334,4/5,"국영탐(1) 중 2개, 수"
한남대,수학교육과,수학교육과,2.04,2.15,,,,,2.14,2.14,2.93,2.95,81,3/5,"국영탐(1) 중 2개, 수"
한남대,식품영양학과,식품영양학과,2.68,2.78,,,,,3.03,3.24,,,75.33333333333334,5/5,"국영탐(1) 중 2개, 수"
한남대,아동복지학과,아동복지학과,2.97,3.04,,,,,3.09,3.17,,,74,3/6,"수영탐(1) 중 2개, 국"
한남대,역사교육과,역사교육과,1.56,1.69,,,,,1.84,1.88,2.07,2.12,84.66666666666667,2/1,"수영탐(1) 중 2개, 국"
한남대,영어교육과,영어교육과,2.02,2.19,,,,,2.41,2.42,2.18,2.18,82.66666666666667,3/3,"수영탐(1) 중 2개, 국"
한남대,영어영문학과,영어영문학과,2.71,2.8,,,,,3.29,3.33,,,76,4/2,"수영탐(1) 중 2개, 국"
한남대,스마트융합대학자유전공학부,인공지능대학 자유전공학부,3.22,3.46,,,,,,,,,,-/-,
한남대,일어일문학과,일어일문학과,2.5,2.59,,,,,2.59,2.63,,,79,4/1,"수영탐(1) 중 2개, 국"
한남대,자유전공학부,자유전공학부,2.82,2.97,,,,,3.16,3.34,,,77.66666666666667,4/5,"국영탐(1) 중 2개, 수"
한남대,전기전자공학과,전기전자공학과,2.66,2.75,,,,,3.22,3.36,2.7,2.7,78.33333333333333,4/5,"국영탐(1) 중 2개, 수"
한남대,정보통신공학과,정보통신공학과,3.04,3.19,,,,,3.51,3.75,,,74.33333333333334,4/4,"국영탐(1) 중 2개, 수"
한남대,정치・언론학과,정치・언론학과,2.38,2.51,,,,,3.06,3.06,,,,-/-,"수영탐(1) 중 2개, 국"
한남대,중국경제통상학과,중국경제통상학과,3.26,3.38,,,,,3.48,3.68,,,75.66666666666667,4/1,"수영탐(1) 중 2개, 국"
한남대,컴퓨터공학과,컴퓨터공학과,2.61,2.68,,,,,2.76,2.84,2.73,3.14,74,4/5,"국영탐(1) 중 2개, 수"
한남대,패션디자인학과,패션디자인학과,2.41,2.46,,,,,2.67,2.7,2.61,2.61,80.66666666666666,4/1,"수영탐(1) 중 2개, 국"
한남대,프랑스어문학과,프랑스어문학과,2.96,3,,,,,2.86,2.89,,,75.33333333333334,3/1,"수영탐(1) 중 2개, 국"
한남대,행정학과,행정학과,2.65,2.73,,,,,2.95,3.06,,,79,4/2,"수영탐(1) 중 2개, 국"
한남대,호텔항공경영학과,호텔항공경영학과,2.67,2.84,,,,,3.27,3.42,,,72.66666666666667,3/4,"수영탐(1) 중 2개, 국"
한남대,화학공학과,화학공학과,2.79,3.06,,,,,2.86,2.94,,,76.33333333333333,3/4,"국영탐(1) 중 2개, 수"
한남대,화학과,화학과,3.16,3.25,,,,,3.18,3.54,,,74.66666666666666,4/4,"국영탐(1) 중 2개, 수"
한남대,회계학과,회계학과,2.71,2.91,,,,,3.16,3.31,,,75.33333333333334,4/2,"수영탐(1) 중 2개, 국"
한동대,전 모집단위,전 모집단위,2.36,2.5,1.64,1.84,,,2.33,2.45,,,78.7,3/3,국수영탐(1)
한라대,AI정보보안학과,AI정보보안학과,2.66,2.78,,,,,,,,,67.5,4/3,국수영탐(1) 중 2개
한라대,IT소프트웨어학과,IT소프트웨어학과,2.66,2.67,,,,,,,,,66.5,5/5,국수영탐(1) 중 2개
한라대,건축학과,건축학과,2.28,2.58,,,,,,,,,71,3/3,국수영탐(1) 중 2개
한라대,경영학과,경영학과,2.25,2.38,,,,,,,,,68.5,4/1,국수영탐(1) 중 2개
한라대,경찰행정학과,경찰행정학과,2.24,2.42,,,,,,,,,74,4/3,국수영탐(1) 중 2개
한라대,기계자동차공학과,기계자동차공학과,2.56,2.27,,,,,,,,,69.5,4/1,국수영탐(1) 중 2개
한라대,도시인프라공학과,도시인프라공학과,2.91,3.02,,,,,,,,,59.5,5/4,국수영탐(1) 중 2개
한라대,문화관광경영학과,문화관광경영학과,3.04,3.05,,,,,,,,,66.5,4/5,국수영탐(1) 중 2개
한라대,미디어광고콘텐츠학과,미디어광고콘텐츠학과,2.23,2.34,,,,,,,,,76,3/3,국수영탐(1) 중 2개
한라대,미래모빌리티공학과,미래모빌리티공학과,1.99,2.13,3.02,2.99,,,,,,,70.5,2/4,국수영탐(1) 중 2개
한라대,뷰티디자인학과,뷰티디자인학과,3.29,3.72,2.21,2.21,,,,,,,34,6/6,국수영탐(1) 중 2개
한라대,사회복지학과,사회복지학과,2.48,2.86,,,,,,,,,68,4/4,국수영탐(1) 중 2개
한라대,소방안전학과,소방안전학과,2.87,2.9,,,,,,,,,68.5,3/5,국수영탐(1) 중 2개
한라대,스포츠학과,스포츠학과,2.55,2.93,2.78,2.92,,,,,,,53.5,5/4,국수영탐(1) 중 2개
한라대,영상제작학과,영상제작학과,2.01,2.13,3.02,2.98,,,,,,,70,4/4,국수영탐(1) 중 2개
한라대,자유전공학부,자유전공학부,2.48,2.78,,,,,,,,,73,3/3,국수영탐(1) 중 2개
한라대,전기전자공학과,전기전자공학과,2.35,2.67,,,,,,,,,,-/-,국수영탐(1) 중 2개
한라대,철도운전시스템학과,철도운전시스템학부,1.97,2.19,,,,,,,,,83.5,3/1,국수영탐(1) 중 2개
한라대,컴퓨터공학과,컴퓨터공학과,2.49,2.24,,,,,,,,,69,3/2,국수영탐(1) 중 2개
한라대,호텔항공외식경영학과,호텔항공외식경영학과,2.36,2.77,,,,,,,,,63,4/3,국수영탐(1) 중 2개
한림대,간호학과,간호학과,1.49,1.52,,,,,1.76,1.83,,,88.45,3/-,"국탐(2) 중 1개, 수영"
한림대,경영대학,경영대학,2.31,2.43,,,,,3.01,3.09,,,86,2/-,"국수영 중 1개, 남은+탐(2) 중 1개"
한림대,경제학과,경제학과,2.64,2.82,,,,,2.94,3.1,,,,-/-,"국수영 중 1개, 남은+탐(2) 중 1개"
한림대,광고홍보학과,광고홍보학과,2.12,2.19,,,,,2.68,2.81,,,,-/-,"국수영 중 1개, 남은+탐(2) 중 1개"
한림대,글로벌학부,글로벌학부,2.41,2.61,,,,,,,,,,-/-,"국수탐(2) 중 1개, 영"
한림대,데이터사이언스학부,데이터사이언스학부,2.7,2.72,,,,,3.23,3.54,,,88,3/-,"국수영 중 1개, 남은+탐(2) 중 1개"
한림대,러시아학과,러시아학과,2.86,2.91,,,,,3.37,3.49,,,83.2,3/-,"국수영 중 1개, 남은+탐(2) 중 1개"
한림대,미디어스쿨,미디어스쿨,2.31,2.39,,,,,2.87,2.94,,,85.3,3/-,"국수영 중 1개, 남은+탐(2) 중 1개"
한림대,미래융합스쿨,미래융합스쿨,2.32,2.45,,,,,3.23,3.39,,,86.8,3/-,"국수영 중 1개, 남은+탐(2) 중 1개"
한림대,바이오메디컬학과,바이오메디컬학과,2.48,2.85,,,,,2.84,2.9,,,84.4,4/-,"국수영 중 1개, 남은+탐(2) 중 1개"
한림대,반도체・디스플레이스쿨,반도체・디스플레이스쿨,2.64,2.7,,,,,3.1,3.23,,,86.8,3/-,"국수영 중 1개, 남은+탐(2) 중 1개"
한림대,법학과,법학과,2.3,2.38,,,,,2.83,2.98,,,84.55,3/-,"국수영 중 1개, 남은+탐(2) 중 1개"
한림대,사회복지학부,사회복지학부,2.21,2.21,,,,,3.14,3.22,,,86,2/-,"국수영 중 1개, 남은+탐(2) 중 1개"
한림대,사회학과,사회학과,2.41,2.48,,,,,2.95,3.07,,,84.55,3/-,"국수영 중 1개, 남은+탐(2) 중 1개"
한림대,생명과학과,생명과학과,2.24,2.38,,,,,2.96,3.04,,,84.4,3/-,"국수영 중 1개, 남은+탐(2) 중 1개"
한림대,식품영양학과,식품영양학과,2.41,2.49,,,,,2.98,3.1,,,86.5,3/-,"국수영 중 1개, 남은+탐(2) 중 1개"
한림대,심리학과,심리학과,1.85,1.94,,,,,2.5,2.61,,,88.1,2/-,"국수영 중 1개, 남은+탐(2) 중 1개"
한림대,언어청각학부,언어청각학부,2.3,2.39,,,,,2.9,3.07,,,83.8,3/-,"국수영 중 1개, 남은+탐(2) 중 1개"
한림대,영어영문학과,영어영문학과,2.33,2.55,,,,,3.19,3.22,,,86.3,2/-,"국수영 중 1개, 남은+탐(2) 중 1개"
한림대,융합과학수사학과,융합과학수사학과,2.07,2.17,,,,,2.67,2.84,,,85.95,-/-,"국수영 중 1개, 남은+탐(2) 중 1개"
한림대,의학과,의학과,,,,,,,1,1,,,98.55555555555556,2/-,국수영탐(2)
한림대,소프트웨어・AI계열,인공지능컴퓨팅학부,2.55,2.61,,,,,3.25,3.38,,,83.8,3/-,"국수영 중 1개, 남은+탐(2) 중 1개"
한림대,인문학부,인문학부,2.51,2.6,,,,,3.02,3.26,,,84.1,3/-,"국수영 중 1개, 남은+탐(2) 중 1개"
한림대,일본학과,일본학과,2.21,2.33,,,,,2.91,2.97,,,85.6,3/-,"국수영 중 1개, 남은+탐(2) 중 1개"
한림대,자연과학대학 자율전공,자연과학대학 자율전공,2.58,2.61,,,,,3.12,3.18,,,81.1,3/-,"국수영 중 1개, 남은+탐(2) 중 1개"
한림대,자유전공학부,자유전공학부,2.55,2.64,,,,,,,,,86.5,3/-,"국수영 중 1개, 남은+탐(2) 중 1개"
한림대,정치행정학과,정치행정학과,2.48,2.59,,,,,2.85,2.91,,,84.7,3/-,"국수영 중 1개, 남은+탐(2) 중 1개"
한림대,중국학과,중국학과,2.76,2.79,,,,,3.54,3.6,,,83.8,3/-,"국수영 중 1개, 남은+탐(2) 중 1개"
한림대,체육학과,체육학과,2.12,2.32,,,,,2.9,2.9,,,,-/-,
한림대,화학과,화학과,2.5,2.6,,,,,3.03,3.09,,,83.8,3/-,"국수영 중 1개, 남은+탐(2) 중 1개"
한림대,환경생명공학과,환경생명공학과,2.43,2.52,,,,,2.93,2.99,,,84.1,3/-,"국수영 중 1개, 남은+탐(2) 중 1개"
한서대,AI로보틱스학과,AI로보틱스학과,3.49,4.1,,,,,,,,,54.86,5/-,"국수영 중 2개, 탐(1)"
한서대,AI모빌리티학과,AI모빌리티학과,2.75,2.8,,,,,,,,,65.365,5/-,"국수영 중 2개, 탐(1)"
한서대,간호학과,간호학과,1.52,1.63,2.01,2.17,2.12,2.34,,,,,79.5,3/-,"국수영 중 2개, 탐(1)"
한서대,공간디자인학과,공간디자인학과,,,,,,,,,,,,-/-,
한서대,공학전공자율학과,공학전공자율학과,2.34,2.58,3.03,3.31,,,,,,,,-/-,
한서대,공항행정학과,공항행정학과,2.51,2.69,,,,,,,,,,-/-,
한서대,무인항공기학과,무인항공기학과,1.8,2.01,2.23,2.34,2.69,2.83,,,,,80.38,4/-,"국수영 중 2개, 탐(1)"
한서대,문화재유산보존학과,문화재보존학과,,,,,,,,,,,,-/-,
한서대,물리치료학과,물리치료학과,1.69,1.85,2.23,2.4,2.23,2.37,,,,,,-/-,
한서대,미디어문예창작학과,미디어문예창작학과,2.28,2.58,,,,,,,,,,-/-,
한서대,방사선학과,방사선학과,1.47,1.63,2.06,2.12,2.12,2.17,,,,,,-/-,
한서대,사회복지학과,사회복지학과,2.63,2.86,,,,,,,,,66.8,4/-,"국수영 중 2개, 탐(1)"
한서대,디지털산업디자인학과,산업디자인학과,,,,,,,,,,,,-/-,
한서대,수산생명의학과,수산생명의학과,2.75,2.86,,,,,,,,,51.8,4/-,"국수영 중 2개, 탐(1)"
한서대,신소재화학공학과,신소재화학공학과,2.86,3.31,,,,,,,,,69.25,5/-,"국수영 중 2개, 탐(1)"
한서대,영화영상학과,영화영상학과,2.51,3.09,,,,,,,,,,-/-,
한서대,예체능전공자율학과,예체능전공자율학과,2.8,2.86,,,,,,,,,59.1,5/-,"국수영 중 2개, 탐(1)"
한서대,의료재활학과,의료재활학과,2.75,2.92,,,,,,,,,,-/-,
한서대,인문사회전공자율학과,인문사회전공자율학과,2.46,2.69,3.03,3.49,,,,,,,76.1,3/-,"국수영 중 2개, 탐(1)"
한서대,자연과학전공자율학과,자연과학전공자율학과,1.47,1.58,1.85,2.04,,,,,,,,-/-,
한서대,자유전공학과,자유전공학과,2.23,2.51,2.92,3.14,,,,,,,85.15,2/-,"국수영 중 2개, 탐(1)"
한서대,작업치료학과,작업치료학과,2.51,2.86,2.8,2.92,3.14,3.28,,,,,66.4,3/-,"국수영 중 2개, 탐(1)"
한서대,치위생학과,치위생학과,2.01,2.12,2.51,2.8,2.4,2.46,,,,,72,4/-,"국수영 중 2개, 탐(1)"
한서대,항공AI소프트웨어학과,항공AI소프트웨어학과,2.75,2.86,3.37,3.76,,,,,,,75.1,3/-,"국수영 중 2개, 탐(1)"
한서대,항공관광학과,항공관광학과,2.12,2.4,2.23,2.58,,,,,,,,-/-,
한서대,항공교통물류학과,항공교통물류학과,1.37,1.42,1.63,1.8,1.47,1.58,,,,,88.14,2/-,"국수영 중 2개, 탐(1)"
한서대,항공기계공학과,항공기계공학과,1.52,1.63,2.23,2.31,1.85,2.06,,,,,84.585,3/-,"국수영 중 2개, 탐(1)"
한서대,항공보안학과,항공보안학과,2.06,2.23,,,,,,,,,,-/-,
한서대,항공산업공학과,항공산업공학과,2.46,2.69,2.58,2.86,,,,,,,,-/-,
한서대,항공외국어학과,항공외국어학과,2.06,2.28,,,,,,,,,,-/-,
한서대,항공운항학과,항공운항학과,1,1.03,1.22,1.22,1.14,1.15,,,,,94.14,2/-,국수영탐(1)
한서대,항공전자공학과,항공전자공학과,2.01,2.46,2.8,2.97,2.46,2.75,,,,,81.05,3/-,"국수영 중 2개, 탐(1)"
한서대,항공정비학과,항공정비학과,1.17,1.23,1.85,1.93,1.63,1.8,,,,,88.6,3/-,"국수영 중 2개, 탐(1)"
한서대,해양경찰학과,해양경찰학과,2.17,2.46,,,,,,,,,,-/-,
한서대,헬리콥터조종학과,헬리콥터조종학과,1.58,1.69,1.52,1.69,1.37,1.47,,,,,,-/-,
한서대,호텔카지노관광학과,호텔카지노관광학과,2.34,2.75,2.75,2.92,,,,,,,,-/-,
한서대,환경・토목・건축학과,환경・토목・건축학과,2.86,3.14,,,,,,,,,54.1,6/-,"국수영 중 2개, 탐(1)"
한성대,뷰티디자인매니지먼트학과,AI뷰티디자인학과,1.91,1.99,,,,,1.16,1.17,,,,-/-,
한성대,뷰티디자인매니지먼트학과(야),AI뷰티디자인학과(야),2.01,2.1,,,,,1.64,1.72,,,,-/-,
한성대,AI응용학과,AI응용학과,1.57,1.59,,,,,2.06,2.16,,,81.615,3/4,국수영탐(1)
한성대,글로벌패션산업학부,AI패션학부,1.45,1.45,1.94,1.99,,,2.03,2.13,,,78.84,3/2,국수영탐(1)
한성대,글로벌패션산업학부(야),AI패션학부(야),1.73,1.76,1.88,1.9,,,2.23,2.31,,,76.85,3/3,국수영탐(1)
한성대,IT공과대학,IT공과대학,1.47,1.52,1.67,1.71,,,2.12,2.2,,,80.18,3/4,국수영탐(1)
한성대,문학문화콘텐츠학과,문학문화콘텐츠학과,1.75,1.77,1.39,1.42,,,2.12,2.2,,,,-/-,
한성대,미래모빌리티학과,미래모빌리티학과,1.82,1.84,1.71,1.76,,,,,,,78.76,3/3,국수영탐(1)
한성대,미래융합사회과학대학,미래융합사회과학대학,1.46,1.47,1.68,1.69,,,2.05,2.12,,,80.3,3/4,국수영탐(1)
한성대,미래융합사회과학대학(야),미래융합사회과학대학(야),1.72,1.73,1.95,1.99,,,2.36,2.43,,,76.24,3/4,국수영탐(1)
한성대,상상력인재학부,상상력인재학부,1.55,1.6,1.77,1.81,,,,,,,83.88,3/3,국수영탐(1)
한성대,융합보안학과,융합보안학과,1.63,1.63,,,,,2.13,2.23,,,79.21,3/4,국수영탐(1)
한성대,크리에이티브인문학부,크리에이티브인문학부,1.52,1.55,1.78,1.78,,,2.05,2.14,,,77.66,3/3,국수영탐(1)
한성대,크리에이티브인문학부(야),크리에이티브인문학부(야),1.81,1.82,1.99,2.05,,,2.28,2.29,,,75.745,3/4,국수영탐(1)
한신대,AI・SW계열,AI・SW계열,2.18,2.3,2.13,2.19,,,,,,,83.9,4/5,국수영탐(1) 중 3개
한신대,AI시스템반도체학,AI시스템반도체학,2.13,2.66,,,,,,,,,85.7,3/5,국수영탐(1) 중 3개
한신대,경영계열,경영계열,2.04,2.23,1.88,1.88,,,,,,,85.7,3/2,국수영탐(1) 중 3개
한신대,글로벌융합계열,글로벌융합계열,2.11,2.15,2.09,2.18,,,,,,,84.7,5/1,국수영탐(1) 중 3개
한신대,문화콘텐츠계열,문화콘텐츠계열,2.06,2.12,2.09,2.09,,,,,,,83,2/4,국수영탐(1) 중 3개
한신대,미디어계열,미디어계열,1.83,1.93,1.92,1.92,,,,,,,86.8,3/4,국수영탐(1) 중 3개
한신대,신학・인문융합계열,신학・인문융합계열,2.17,2.3,2.22,2.23,,,,,,,82.6,2/1,국수영탐(1) 중 3개
한신대,자유전공학부,자유전공학부,1.9,2.02,,,,,,,,,86.3,4/4,국수영탐(1) 중 3개
한신대,첨단융합계열,첨단융합계열,2.23,2.29,2.33,2.42,,,,,,,84.1,3/6,국수영탐(1) 중 3개
한신대,휴먼서비스계열,휴먼서비스계열,2.05,2.14,2.07,2.1,,,,,,,83.3,3/3,국수영탐(1) 중 3개
한양대,간호학과,간호학과,1.11,1.11,,,,,1.18,1.82,,,94.52777777777777,3/4,국수영탐(2)
한양대,건설환경공학과,건설환경공학과,1.1,1.1,,,,,1.84,2.2,,,94.47222222222223,2/1,국수영탐(2)
한양대,건축공학부,건축공학부,1.1,1.11,,,,,1.27,1.58,,,93.5,2/2,국수영탐(2)
한양대,건축학부(5년제),건축학부(5년제),,,,,,,,,,,91.94444444444444,2/1,국수영탐(2)
한양대,경영학부,경영학부,1.11,1.14,,,,,1.22,1.76,1.85,2.12,92.11111111111111,2/1,국수영탐(2)
한양대,경제금융학부,경제금융학부,1.1,1.12,,,,,1.22,1.99,1.75,1.78,93.83333333333333,3/1,국수영탐(2)
한양대,관광학부,관광학부,1.14,1.14,,,,,1.78,1.84,2.33,2.33,93.08333333333333,3/1,국수영탐(2)
한양대,교육공학과,교육공학과,1.15,1.16,,,,,1.91,1.99,,,89.16666666666667,2/1,국수영탐(2)
한양대,교육학과,교육학과,1.15,1.16,,,,,1.93,2.05,,,93.38888888888889,3/1,국수영탐(2)
한양대,국어교육과,국어교육과,1.16,1.16,,,,,1.24,1.69,,,92.72222222222223,1/1,국수영탐(2)
한양대,국어국문학과,국어국문학과,1.22,1.22,,,,,1.78,2.14,,,91.88888888888889,1/1,국수영탐(2)
한양대,국제학부,국제학부,,,,,,,1.91,2.04,2.04,2.15,88.86111111111111,2/1,국수영탐(2)
한양대,기계공학부,기계공학부,1.07,1.07,,,,,2.8,2.9,1.66,1.89,94.83333333333333,3/3,국수영탐(2)
한양대,데이터사이언스학부,데이터사이언스학부,1.09,1.1,,,,,1.45,1.52,1.24,1.26,92.33333333333333,1/1,국수영탐(2)
한양대,도시공학과,도시공학과,1.09,1.1,,,,,1.54,1.68,,,92.22222222222223,3/2,국수영탐(2)
한양대,독어독문학과,독어독문학과,1.19,1.19,,,,,2.15,2.34,,,,-/-,국수영탐(2)
한양대,물리학과,물리학과,1.11,1.11,,,,,1.49,1.55,,,92.75,2/2,국수영탐(2)
한양대,미디어커뮤니케이션학과,미디어커뮤니케이션학과,1.09,1.1,,,,,1.78,2.16,1.54,1.54,91.41666666666667,2/3,국수영탐(2)
한양대,미래자동차공학과,미래자동차공학과,1.09,1.09,,,,,1.63,1.75,2.63,2.63,93.86111111111111,2/2,국수영탐(2)
한양대,반도체공학과,반도체공학과,1,1,,,,,1.77,1.94,,,97.58333333333333,2/3,국수영탐(2)
한양대,사학과,사학과,1.14,1.16,,,,,1.36,1.93,,,87.08333333333333,2/1,국수영탐(2)
한양대,사회학과,사회학과,1.16,1.16,,,,,1.67,2.17,,,92.94444444444444,3/1,국수영탐(2)
한양대,산업공학과,산업공학과,1.06,1.08,,,,,1.14,1.18,,,92,2/4,국수영탐(2)
한양대,생명공학과,생명공학과,1,1.07,,,,,1.77,2.08,,,94.77777777777777,3/3,국수영탐(2)
한양대,생명과학과,생명과학과,1.08,1.08,,,,,1.33,2.05,,,93.44444444444444,1/1,국수영탐(2)
한양대,수학과,수학과,1.1,1.12,,,,,1.61,1.81,,,93.66666666666667,1/2,국수영탐(2)
한양대,수학교육과,수학교육과,1.06,1.12,,,,,1.32,1.32,,,93.44444444444444,2/1,국수영탐(2)
한양대,스포츠매니지먼트전공,스포츠매니지먼트전공,,,,,,,1.27,1.29,,,96,3/2,국수영탐(1)
한양대,스포츠사이언스전공,스포츠사이언스전공,,,,,,,1.19,1.21,,,89.33333333333333,2/1,국수영탐(1)
한양대,식품영양학과,식품영양학과,1.1,1.1,,,,,1.24,1.51,,,92.83333333333333,2/2,국수영탐(2)
한양대,신소재공학부,신소재공학부,1.03,1.06,,,,,2.59,2.64,1.63,1.88,93.16666666666667,2/2,국수영탐(2)
한양대,실내건축디자인학과,실내건축디자인학과,1.14,1.15,,,,,1.93,2.09,,,92.58333333333333,2/2,국수영탐(2)
한양대,에너지공학과,에너지공학과,1.1,1.1,,,,,2.72,3.01,1.71,1.97,94.77777777777777,2/2,국수영탐(2)
한양대,연극영화학과(영화전공),연극영화학과(영화전공),,,,,,,1.22,1.41,,,89.22222222222223,3/3,국수영탐(2)
한양대,영어교육과,영어교육과,1.21,1.21,,,,,1.15,1.35,,,90,3/2,국수영탐(2)
한양대,영어영문학과,영어영문학과,1.12,1.14,,,,,1.7,2.11,2.07,2.07,93.27777777777777,2/3,국수영탐(2)
한양대,원자력공학과,원자력공학과,1.08,1.09,,,,,1.55,2.12,,,93.02777777777777,2/3,국수영탐(2)
한양대,유기나노공학과,유기나노공학과,1.07,1.07,,,,,1.72,2.09,,,90.13888888888889,3/4,국수영탐(2)
한양대,융합전자공학부,융합전자공학부,1.06,1.06,,,,,1.54,1.64,2.18,2.87,93.58333333333333,2/2,국수영탐(2)
한양대,의류학과,의류학과,1.18,1.19,,,,,1.78,2.03,,,92.75,1/1,국수영탐(2)
한양대,의예과,의예과,,,,,,,1,1.03,1.05,1.07,98.33333333333333,2/1,국수영탐(2)
한양대,자원환경공학과,자원환경공학과,1.06,1.14,,,,,1.65,1.75,,,91.94444444444444,3/2,국수영탐(2)
한양대,전기생체공학부(바이오메디컬공학전공),전기생체공학부(바이오메디컬공학전공),,,,,,,1.66,1.66,1.97,1.97,93.38888888888889,2/3,국수영탐(2)
한양대,전기생체공학부(전기공학전공),전기생체공학부(전기공학전공),1.09,1.09,,,,,1.51,1.51,2.31,2.49,92.22222222222223,1/1,국수영탐(2)
한양대,정보시스템학과,정보시스템학과,1.08,1.08,,,,,1.18,1.87,,,92.72222222222223,2/1,국수영탐(2)
한양대,정책학과,정책학과,1.13,1.15,,,,,1.94,2.15,2.14,2.15,91.80555555555556,3/1,국수영탐(2)
한양대,정치외교학과,정치외교학과,1.18,1.18,,,,,1.21,1.21,,,91.91666666666667,1/1,국수영탐(2)
한양대,중어중문학과,중어중문학과,1.16,1.19,,,,,1.86,2.39,,,90.13888888888889,3/1,국수영탐(2)
한양대,철학과,철학과,1.18,1.18,,,,,2.19,2.19,,,92.38888888888889,2/3,국수영탐(2)
한양대,컴퓨터소프트웨어학부,컴퓨터소프트웨어학부,1.14,1.22,,,,,2.6,2.9,1.03,1.6,93.86111111111111,2/2,국수영탐(2)
한양대,파이낸스경영학과,파이낸스경영학과,1.13,1.14,,,,,1.74,1.94,1.83,1.93,90.88888888888889,2/2,국수영탐(2)
한양대,한양인터칼리지학부,한양인터칼리지학부,1.07,1.07,,,,,,,,,93.38888888888889,1/1,국수영탐(2)
한양대,한양인터칼리지학부(인문),한양인터칼리지학부(인문),,,,,,,1.95,2.03,1.99,2.14,,-/-,국수영탐(2)
한양대,한양인터칼리지학부(자연),한양인터칼리지학부(자연),,,,,,,1.36,1.47,1.27,1.6,,1/1,국수영탐(2)
한양대,행정학과,행정학과,1.14,1.15,,,,,1.19,1.49,,,91.69444444444444,1/2,국수영탐(2)
한양대,화학공학과,화학공학과,1.08,1.08,,,,,1.24,1.27,2.16,2.76,95.25,3/1,국수영탐(2)
한양대,화학과,화학과,1.08,1.09,,,,,1.53,1.72,,,93.72222222222223,2/2,국수영탐(2)
한양대(ERICA),ICT융합학부,ICT융합학부,1.63,1.65,,,,,1.67,1.85,,,81.44117647058823,3/2,국수영탐(2)
한양대(ERICA),LIONS자율전공학부(인문사회계열),LIONS자율전공학부(인문사회계열),1.69,1.75,,,,,1.91,2.39,,,82.41666666666667,2/1,국수영탐(2)
한양대(ERICA),LIONS자율전공학부(자연계열),LIONS자율전공학부(자연계열),1.55,1.58,,,,,1.76,1.9,,,82.41666666666667,2/1,국수영탐(2)
한양대(ERICA),LIONS자율전공학부(전계열),LIONS자율전공학부(전계열),1.58,1.61,,,,,2.55,2.83,,,82.41666666666667,2/1,국수영탐(2)
한양대(ERICA),건설환경공학과,건설환경공학과,1.67,1.72,,,,,1.83,1.84,,,82.26470588235294,4/3,국수영탐(2)
한양대(ERICA),건축학부(건축공학전공),건축학부(건축공학전공),1.64,1.72,,,,,1.77,1.9,,,80.70588235294117,3/3,국수영탐(2)
한양대(ERICA),건축학부(건축학전공),건축학부(건축학전공),1.67,1.75,,,,,1.67,1.72,,,83.6470588235294,4/3,국수영탐(2)
한양대(ERICA),경영학부,경영학부,1.64,1.71,,,,,1.84,1.88,,,82.32352941176471,4/5,국수영탐(2)
한양대(ERICA),경제학부,경제학부,1.78,1.8,,,,,1.88,1.99,,,81,3/2,국수영탐(2)
한양대(ERICA),광고홍보학과,광고홍보학과,1.69,1.7,,,,,1.75,1.78,,,79.17647058823529,2/1,국수영탐(2)
한양대(ERICA),교통물류공학과,교통물류공학과,1.77,1.77,,,,,1.96,1.96,,,81.29411764705883,3/1,국수영탐(2)
한양대(ERICA),국방전략기술공학과,국방전략기술공학과,,,,,,,,,,,,-/-,국수영탐(2)
한양대(ERICA),국방지능정보융합학부(지능형시스템공학전공),국방지능정보융합학부(지능형시스템공학전공),1.71,1.74,,,,,2.03,2.05,,,81.67647058823529,3/2,국수영탐(2)
한양대(ERICA),글로벌문화통상학부,글로벌문화통상학부,1.72,1.8,,,,,2.5,2.73,,,79.02941176470588,4/6,국수영탐(2)
한양대(ERICA),기계공학과,기계공학과,1.6,1.61,,,,,1.78,1.79,,,82.38235294117646,2/1,국수영탐(2)
한양대(ERICA),디자인계열,디자인계열,,,,,,,1.36,1.49,,,,-/-,
한양대(ERICA),로봇공학과,로봇공학과,1.6,1.6,,,,,1.84,1.92,,,82.02941176470588,3/2,국수영탐(2)
한양대(ERICA),문화인류학과,문화인류학과,1.6,1.68,,,,,2.14,2.14,,,78.47058823529412,3/3,국수영탐(2)
한양대(ERICA),문화콘텐츠학과,문화콘텐츠학과,1.67,1.74,,,,,1.55,1.82,,,80.52941176470588,3/4,국수영탐(2)
한양대(ERICA),미디어학과,미디어학과,1.55,1.63,,,,,1.78,1.8,,,78.67647058823529,3/1,국수영탐(2)
한양대(ERICA),바이오신약융합학부,바이오신약융합학부,1.37,1.44,,,,,1.57,1.63,,,81.79411764705883,3/5,국수영탐(2)
한양대(ERICA),바이오신약융합학부(바이오나노공학전공),바이오신약융합학부(바이오나노공학전공),1.55,1.64,,,,,1.63,1.63,,,82.41176470588235,4/3,국수영탐(2)
한양대(ERICA),바이오신약융합학부(분자의약전공),바이오신약융합학부(분자의약전공),1.54,1.58,,,,,1.63,1.65,,,83.58823529411765,2/1,국수영탐(2)
한양대(ERICA),반도체디스플레이공학전공,반도체디스플레이공학전공,1.8,1.8,,,,,1.91,1.98,,,84,3/3,국수영탐(2)
한양대(ERICA),배터리소재화학공학과,배터리소재화학공학과,1.47,1.54,,,,,1.67,2.13,,,80.76470588235294,3/3,국수영탐(2)
한양대(ERICA),보험계리학과,보험계리학과,1.74,1.81,,,,,,,,,81.52941176470588,3/1,국수영탐(2)
한양대(ERICA),산업경영공학과,산업경영공학과,1.62,1.64,,,,,1.77,1.77,,,81.5,3/3,국수영탐(2)
한양대(ERICA),수리데이터사이언스학과,수리데이터사이언스학과,1.65,1.81,,,,,1.8,1.8,,,83.05882352941177,3/4,국수영탐(2)
한양대(ERICA),스마트융합공학부 스마트ICT융합전공,스마트융합공학부 스마트ICT융합전공,,,,,,,,,,,81.44117647058823,3/2,국수영탐(2)
한양대(ERICA),스포츠과학부,스포츠과학부,,,,,,,,,2.01,2.8,,-/-,"수탐(1) 중 1개, 국영"
한양대(ERICA),약학과,약학과,1,1,,,,,1.21,1.27,,,97.23529411764706,3/5,국수영탐(2)
한양대(ERICA),에너지바이오학과,에너지바이오학과,1.64,1.69,,,,,1.69,1.71,,,80.91176470588235,3/1,국수영탐(2)
한양대(ERICA),인공지능학과,인공지능학과,1.62,1.63,,,,,1.69,1.76,,,83.5,3/2,국수영탐(2)
한양대(ERICA),전자공학부,전자공학부,1.5,1.54,,,,,1.75,1.84,,,83.73529411764706,2/1,국수영탐(2)
한양대(ERICA),차세대반도체융합공학부,차세대반도체융합공학부,1.65,1.73,,,,,1.82,1.93,,,79.52941176470588,4/3,국수영탐(2)
한양대(ERICA),차세대반도체융합공학부(신소재반도체공학전공),차세대반도체융합공학부(신소재반도체공학전공),1.45,1.52,,,,,1.76,1.8,,,82.17647058823529,3/3,국수영탐(2)
한양대(ERICA),차세대반도체융합공학부,차세대융합공학부,1.65,1.73,,,,,1.82,1.93,,,79.52941176470588,4/3,국수영탐(2)
한양대(ERICA),컴퓨터학부,컴퓨터학부,2.05,2.05,,,,,1.69,1.69,,,83.70588235294117,3/3,국수영탐(2)
한양대(ERICA),컴퓨터학부(지능형클라우드전공),컴퓨터학부(지능형클라우드전공),,,,,,,1.87,1.87,,,82.91176470588235,4/2,국수영탐(2)
한양대(ERICA),컴퓨터학부(컴퓨터전공),컴퓨터학부(컴퓨터전공),1.61,1.65,,,,,1.54,1.66,,,83.70588235294117,2/4,국수영탐(2)
한양대(ERICA),해양융합공학과,해양융합공학과,1.59,1.64,,,,,1.84,1.9,,,81.6470588235294,3/2,국수영탐(2)
한일장신대,간호학과,간호학과,2.97,3.54,,,,,,,,,,-/-,
한일장신대,사회복지학과,사회복지학과,2.97,4.06,,,,,,,,,,-/-,
한일장신대,신학과,신학과,3.54,4.57,,,,,,,,,,-/-,
한일장신대,심리상담학과,심리상담학과,2.97,2.97,,,,,,,,,,-/-,
한일장신대,운동처방재활학과,운동처방재활학과,,,4.06,4.57,,,,,,,,-/-,
해군사관,단일모집,단일모집,,,,,,,,,,,,-/-,
협성대,건축공학과,건축공학과,1.98,2.06,2.48,2.52,,,2.59,2.66,,,77.95,4/1,"국수영 중 2개, 탐(1)"
협성대,경영학과,경영학과,1.8,1.84,2.08,2.19,,,2.42,2.42,,,80.65,3/5,"국수영 중 2개, 탐(1)"
협성대,글로벌통상・문화학과,글로벌통상・문화학과,2.05,2.06,2.71,2.71,,,,,,,77.5,4/4,"국수영 중 2개, 탐(1)"
협성대,금융보험학과,금융보험학과,2.14,2.2,2.46,2.48,,,2.78,2.78,,,80.65,3/2,"국수영 중 2개, 탐(1)"
협성대,도시공학과,도시공학과,2.13,2.16,2.45,2.53,,,2.64,2.78,,,75.65,4/1,"국수영 중 2개, 탐(1)"
협성대,도시행정학과,도시행정학과,1.94,1.96,2.55,2.56,,,2.63,2.72,,,77.85,3/3,"국수영 중 2개, 탐(1)"
협성대,문예창작학과,문예창작학과,1.65,1.74,2.14,2.14,,,2.43,2.46,,,81.55,3/6,"국수영 중 2개, 탐(1)"
협성대,미디어영상광고학과,미디어영상광고학과,1.72,1.76,2.04,2.1,,,2.23,2.27,,,80.45,3/2,"국수영 중 2개, 탐(1)"
협성대,보건관리학과,보건관리학과,1.95,1.95,2.36,2.38,,,2.72,2.73,,,75.9,4/6,"국수영 중 2개, 탐(1)"
협성대,사회복지학과,사회복지학과,1.85,1.85,2.38,2.53,,,2.42,2.51,,,76.4,4/2,"국수영 중 2개, 탐(1)"
협성대,세무회계학과,세무회계학과,1.85,1.88,2.35,2.35,,,2.51,2.56,,,79.7,3/4,"국수영 중 2개, 탐(1)"
협성대,소프트웨어공학과,소프트웨어공학과,1.86,1.91,2.27,2.46,,,2.38,2.42,,,77.3,4/4,"국수영 중 2개, 탐(1)"
협성대,신학과,신학과,2.14,2.41,2.47,2.64,,,,,,,71.15,4/4,"국수영 중 2개, 탐(1)"
협성대,아동보육학과,아동보육학과,1.99,2.03,2.49,2.58,,,2.78,2.78,,,76.4,4/2,"국수영 중 2개, 탐(1)"
협성대,유통경영학과,유통경영학과,2.04,2.05,2.55,2.56,,,2.77,2.8,,,78.5,4/5,"국수영 중 2개, 탐(1)"
협성대,의생명화학과,의생명화학과,1.72,1.74,2.08,2.09,,,2.23,2.38,,,78.05,4/3,"국수영 중 2개, 탐(1)"
협성대,자율전공학부,자율전공학부,2.01,2.05,2.4,2.45,,,2.45,2.48,,,79.05,3/3,"국수영 중 2개, 탐(1)"
협성대,중국어문화학과,중국어문화학과,2.01,2.05,2.69,2.77,,,2.72,2.78,,,76,4/3,"국수영 중 2개, 탐(1)"
협성대,컴퓨터공학과,컴퓨터공학과,1.85,1.9,2.32,2.33,,,2.55,2.55,,,77.05,4/3,"국수영 중 2개, 탐(1)"
협성대,호텔관광경영학과,호텔관광경영학과,1.85,1.85,2.29,2.42,,,2.42,2.43,,,76.35,5/3,"국수영 중 2개, 탐(1)"
호남대,공학계열,AI융합학부,4.1,4.39,,,,,,,,,28.0004,7/5,국수영탐(1)한
호남대,기계자동차학과,AI융합학부,4.09,4.23,,,,,,,,,28.0004,7/5,국수영탐(1)한
호남대,로봇드론공학과,AI융합학부,3.66,4.25,,,,,,,,,28.0004,7/5,국수영탐(1)한
호남대,전기공학과,AI융합학부,3.88,3.76,,,,,,,,,28.0004,7/5,국수영탐(1)한
호남대,컴퓨터공학과,AI융합학부,4.29,4.44,,,,,,,,,28.0004,7/5,국수영탐(1)한
호남대,뷰티미용학과,K뷰티・패션디자인학부,3.86,4.55,,,,,,,,,24.144000000000002,7/4,국수영탐(1)한
호남대,예술계열,K뷰티・패션디자인학부,3.87,4.06,,,,,,,,,24.144000000000002,7/4,국수영탐(1)한
호남대,패션디자인학과,K뷰티・패션디자인학부,4.09,4.39,,,,,,,,,24.144000000000002,7/4,국수영탐(1)한
호남대,e스포츠산업학과,K컬쳐・미디어콘텐츠학부,3.81,4.02,,,,,,,,,18.4281,8/5,국수영탐(1)한
호남대,만화애니메이션학과,K컬쳐・미디어콘텐츠학부,3.22,3.79,,,,,,,,,24.144000000000002,7/4,국수영탐(1)한
호남대,미디어영상공연학과,K컬쳐・미디어콘텐츠학부,3.66,4.18,,,,,,,,,24.144000000000002,7/4,국수영탐(1)한
호남대,미디어커뮤니케이션학과,K컬쳐・미디어콘텐츠학부,3.73,3.94,,,,,,,,,49.4296,4/5,국수영탐(1)한
호남대,사회계열,K컬쳐・미디어콘텐츠학부,3.98,4.17,,,,,,,,,49.4296,4/5,국수영탐(1)한
호남대,시각디자인학과,K컬쳐・미디어콘텐츠학부,3.97,4.18,,,,,,,,,24.144000000000002,7/4,국수영탐(1)한
호남대,예술계열,K컬쳐・미디어콘텐츠학부,3.87,4.06,,,,,,,,,24.144000000000002,7/4,국수영탐(1)한
호남대,보건계열,K푸드-조리・영양학부,4.03,4.26,,,,,,,,,44.0021,4/6,국수영탐(1)한
호남대,식품영양학과,K푸드-조리・영양학부,3.03,3.74,,,,,,,,,44.0021,4/6,국수영탐(1)한
호남대,외식조리베이커리학과,K푸드-조리・영양학부,2.9,3.25,,,,,,,,,44.0021,4/6,국수영탐(1)한
호남대,간호학과,간호학과,2.58,2.63,2.82,2.87,,,,,,,69.4297,3/1,국수영탐(1)한
호남대,건축학부,건설시스템공학부,4.2,5,,,,,,,,,28.0004,7/5,국수영탐(1)한
호남대,공학계열,건설시스템공학부,4.1,4.39,,,,,,,,,28.0004,7/5,국수영탐(1)한
호남대,토목환경공학과,건설시스템공학부,4.55,4.57,,,,,,,,,28.0004,7/5,국수영탐(1)한
호남대,경찰행정학과,공공안전행정학부,3.81,4,,,,,,,,,49.4296,4/5,국수영탐(1)한
호남대,사회계열,공공안전행정학부,3.98,4.17,,,,,,,,,49.4296,4/5,국수영탐(1)한
호남대,소방행정학과,공공안전행정학부,3.74,3.66,,,,,,,,,49.4296,4/5,국수영탐(1)한
호남대,물리치료학과,물리치료학과,3.17,3.19,2.84,4.5,,,,,,,,-/-,국수영탐(1)한
호남대,반려동물산업학과,반려동물보건산업학과,3.78,2.73,3.85,3.93,,,,,,,,-/-,국수영탐(1)한
호남대,사회계열,사회복지・상담심리학부,3.98,4.17,,,,,,,,,49.4296,4/5,국수영탐(1)한
호남대,사회복지학과,사회복지・상담심리학부,3.93,4.04,,,,,,,,,49.4296,4/5,국수영탐(1)한
호남대,상담심리학과,사회복지・상담심리학부,2.69,3.63,,,,,,,,,49.4296,4/5,국수영탐(1)한
호남대,경영계열,서비스・경영학부,3.93,4.07,,,,,,,,,,-/-,국수영탐(1)한
호남대,경영학부,서비스・경영학부,3.84,4.41,,,,,,,,,,-/-,국수영탐(1)한
호남대,관광경영학과,서비스・경영학부,3.85,4.33,,,,,,,,,,-/-,국수영탐(1)한
호남대,항공서비스학과,서비스・경영학부,3.7,3.9,,,,,,,,,,-/-,국수영탐(1)한
호남대,호텔컨벤션학과,서비스・경영학부,3.79,4.14,,,,,,,,,,-/-,국수영탐(1)한
호남대,스포츠레저학과,스포츠과학부,4.73,4.83,,,,,,,,,18.4281,8/5,국수영탐(1)한
호남대,예술계열,스포츠과학부,3.87,4.06,,,,,,,,,24.144000000000002,7/4,국수영탐(1)한
호남대,체육계열,스포츠과학부,3.82,4.13,,,,,,,,,18.4281,8/5,국수영탐(1)한
호남대,축구학과,스포츠과학부,3.68,4.14,,,,,,,,,18.4281,8/5,국수영탐(1)한
호남대,태권도학과,스포츠과학부,4.12,4.61,,,,,,,,,18.4281,8/5,국수영탐(1)한
호남대,유아교육학과,유아교육학과,3.61,3.85,3.98,4.09,,,,,,,,-/-,국수영탐(1)한
호남대,보건계열,응급구조학과,4.03,4.26,,,,,,,,,44.0021,4/6,국수영탐(1)한
호남대,응급구조학과,응급구조학과,3.52,3.8,,,,,,,,,44.0021,4/6,국수영탐(1)한
호남대,임상병리학과,임상병리학과,3.17,3.25,3.75,3.71,,,,,,,60.428000000000004,4/2,국수영탐(1)한
호남대,자유전공학부,자유전공학부,2.46,3.95,,,,,,,,,,-/-,
호남대,작업치료학과,작업치료학과,4.01,4.01,3.74,3.91,,,,,,,,-/-,국수영탐(1)한
호남대,치기공학과,치기공학과,3.97,4.08,3.17,3.37,,,,,,,40.5715,4/2,국수영탐(1)한
호남대,치위생학과,치위생학과,3.34,3.56,3.14,3.7,,,,,,,52.000299999999996,5/4,국수영탐(1)한
호남신학대,기독교사회복지상담학과,기독교사회복지상담학과,4.57,4.57,,,,,,,,,,-/-,
호남신학대,신학과,신학과,3.54,3.54,,,,,,,,,,-/-,
호남신학대,자율전공학과,자율전공학과,,,,,,,,,,,,-/-,
호서대,AIT스쿨(계열모집),AIT대학 자유전공학부,3.17,3.45,,,,,3.03,3.19,,,,-/-,"국수영 중 2개, 탐구(1)"
호서대,간호학과,간호학과,1.71,1.77,1.16,1.25,,,1.8,2.02,,,54.25,3/3,"국수영 중 2개, 탐구(1)"
호서대,건축토목공학부,건축토목공학부,2.56,2.68,,,,,2.95,3.06,,,51.1,4/2,"국수영 중 2개, 탐구(1)"
호서대,건축학과,건축학과,1.86,1.96,2.5,2.62,,,2.35,2.38,,,,-/-,"국수영 중 2개, 탐구(1)"
호서대,게임소프트웨어학과,게임소프트웨어학과,2.17,2.27,2.88,3.06,,,2.36,2.42,,,70.15,4/3,"국수영 중 2개, 탐구(1)"
호서대,경영학과,경영학과,2.26,2.36,2.93,2.93,,,2.56,2.72,,,44.1,5/6,"국수영 중 2개, 탐구(1)"
호서대,경찰행정학과,경찰행정학과,1.97,2.04,2.4,2.41,,,2.17,2.23,,,45.5,4/3,"국수영 중 2개, 탐구(1)"
호서대,글로벌통상학과,글로벌통상학과,2.53,2.58,,,,,2.76,2.91,,,51.1,3/4,"국수영 중 2개, 탐구(1)"
호서대,기계공학과,기계공학과,2.13,2.27,2.83,2.83,,,2.58,2.65,,,70.3,2/1,"국수영 중 2개, 탐구(1)"
호서대,기독교학과,기독교학과,3.49,3.58,3.18,3.23,,,,,,,,-/-,
호서대,동물보건복지학과,동물보건복지학과,2.09,2.2,1.67,1.7,,,1.97,2.14,,,50.4,3/5,"국수영 중 2개, 탐구(1)"
호서대,디지털금융경영학과,디지털금융경영학과,2.52,2.65,,,,,2.92,3.13,,,49,3/4,"국수영 중 2개, 탐구(1)"
호서대,문화영상학부,문화영상학부,1.96,2.03,2.42,2.51,,,,,,,41.3,3/3,"국수영 중 2개, 탐구(1)"
호서대,물리치료학과,물리치료학과,1.78,1.91,1.5,1.53,,,,,,,52.15,3/5,"국수영 중 2개, 탐구(1)"
호서대,미디어커뮤니케이션학과,미디어커뮤니케이션학과,1.78,1.83,2.18,2.27,,,2.28,2.28,,,,-/-,"국수영 중 2개, 탐구(1)"
호서대,미래자동차공학과,미래자동차공학과,2.51,2.56,2.78,2.78,,,2.95,3.09,,,69.5,4/4,"국수영 중 2개, 탐구(1)"
호서대,반도체공학과,반도체공학과,2.29,2.34,2.83,2.97,,,2.72,2.75,,,54.6,2/1,"국수영 중 2개, 탐구(1)"
호서대,빅데이터AI학부,빅데이터AI학부,2.67,2.78,3.14,3.14,,,2.97,3.25,,,70.95,3/2,"국수영 중 2개, 탐구(1)"
호서대,사회복지학부,사회복지학부,2.29,2.33,,,,,2.62,2.83,,,47.6,3/5,"국수영 중 2개, 탐구(1)"
호서대,디자인스쿨,산업디자인학과,,,,,,,,,,,,-/-,
호서대,생명공학과,생명공학과,2.26,2.31,,,,,2.21,2.46,,,68.6,4/5,"국수영 중 2개, 탐구(1)"
호서대,소방방재학과,소방방재학과,2.14,2.27,2.49,2.64,,,2.64,2.72,,,72.95,4/3,"국수영 중 2개, 탐구(1)"
호서대,식품공학과,식품공학과,2.09,2.17,,,,,2.47,2.6,,,,-/-,"국수영 중 2개, 탐구(1)"
호서대,식품영양학과,식품영양학과,2.05,2.15,,,,,2.57,2.64,,,42.7,3/1,"국수영 중 2개, 탐구(1)"
호서대,심리학과,심리학과,1.93,2.03,,,,,2.35,2.45,,,47.95,3/5,"국수영 중 2개, 탐구(1)"
호서대,안전공학과,안전공학과,2.55,2.63,,,,,2.71,2.97,,,50.4,3/5,"국수영 중 2개, 탐구(1)"
호서대,화학공학과,에너지환경화학공학과,2.36,2.41,,,,,2.5,2.66,,,51.45,3/4,"국수영 중 2개, 탐구(1)"
호서대,환경공학과,에너지환경화학공학과,2.53,2.61,,,,,2.74,3,,,44.8,4/7,"국수영 중 2개, 탐구(1)"
호서대,영어영문학과,영어영문학과,2.31,2.46,,,,,2.79,2.98,,,49.35,2/2,"국수영 중 2개, 탐구(1)"
호서대,유아교육과,유아교육과,2.02,2.04,2.43,2.5,,,2.36,2.5,,,,-/-,"국수영 중 2개, 탐구(1)"
호서대,임상병리학과,임상병리학과,1.58,1.63,2.02,2.2,,,1.93,2.04,,,52.15,3/4,"국수영 중 2개, 탐구(1)"
호서대,자유전공학부,자유전공학부,1.86,1.97,,,,,,,,,,-/-,"국수영 중 2개, 탐구(1)"
호서대,전기시스템공학과,전기시스템공학과,2.28,2.42,2.71,2.71,,,2.56,2.68,,,46.9,4/1,"국수영 중 2개, 탐구(1)"
호서대,전자공학과,전자공학과,2.5,2.56,,,,,2.99,3.22,,,52.5,3/4,"국수영 중 2개, 탐구(1)"
호서대,전자재료공학과,전자재료공학과,2.71,2.85,,,,,2.7,2.74,,,,-/-,"국수영 중 2개, 탐구(1)"
호서대,정보통신공학과,정보통신공학과,2.88,2.94,,,,,2.87,2.9,,,68.65,5/3,"국수영 중 2개, 탐구(1)"
호서대,제약공학과,제약공학과,2.21,2.22,,,,,2.51,2.7,,,48.65,2/3,"국수영 중 2개, 탐구(1)"
호서대,중국학과,중국학과,2.6,2.71,,,,,3.05,3.05,,,51.45,3/4,"국수영 중 2개, 탐구(1)"
호서대,지능로봇학과,지능로봇학과,2.82,2.98,,,,,2.86,3.02,,,,-/-,"국수영 중 2개, 탐구(1)"
호서대,청소년문화・상담학과,청소년문화・상담학과,2.18,2.93,2.58,2.8,,,2.35,2.49,,,49.35,3/6,"국수영 중 2개, 탐구(1)"
호서대,컴퓨터공학과,컴퓨터공학과,2.43,2.56,3.03,3.2,,,2.75,2.93,,,69.8,4/4,"국수영 중 2개, 탐구(1)"
호서대,한국언어문화학과,한국언어문화학과,2.31,2.42,,,,,2.36,2.54,,,,-/-,"국수영 중 2개, 탐구(1)"
호서대,항공서비스학과,항공서비스학과,2.21,2.53,,,,,,,,,,-/-,
호서대,화장품과학과,화장품과학과,1.97,2.03,,,,,2.18,2.24,,,48.3,3/1,"국수영 중 2개, 탐구(1)"
호원대,간호학과,간호학과,3.54,3.54,,,,,,,,,,-/-,국수영탐(1) 중 2개
호원대,경영학과,경영학과,4.06,4.57,,,,,,,,,,-/-,국수영탐(1) 중 2개
호원대,공연미디어학부(기획.연출),공연미디어학부(기획.연출),2.97,2.97,,,,,,,,,,-/-,
호원대,물리치료학과,물리치료학과,2.97,2.97,,,,,,,,,,-/-,국수영탐(1) 중 2개
호원대,스포츠무도학과(야),스포츠학과(야),4.57,4.57,,,,,,,,,,-/-,
호원대,유아교육과,유아교육과,4.06,4.06,,,,,,,,,,-/-,국수영탐(1) 중 2개
호원대,응급구조학과,응급구조학과,4.06,4.57,,,,,,,,,,-/-,국수영탐(1) 중 2개
호원대,자동차기계공학과,자동차기계공학과,4.06,4.57,,,,,,,,,,-/-,국수영탐(1) 중 2개
호원대,글로컬자유전공학부,자유전공학부,4.06,4.57,,,,,,,,,,-/-,국수영탐(1) 중 2개
호원대,치위생학과,치위생학과,4.06,4.06,,,,,,,,,,-/-,국수영탐(1) 중 2개
호원대,한국어학과,한국어학과,,,,,,,,,,,,-/-,국수영탐(1) 중 2개
호원대,호텔외식조리학과,호텔외식조리학과,4.06,4.57,,,,,,,,,,-/-,국수영탐(1) 중 2개
홍익대,건설환경공학과,건설환경공학과,1.22,1.22,,,,,1.8,1.8,,,88.41176470588235,2/2,국수영탐(2)
홍익대,건축학부 건축학전공(5년제),건축학부 건축학전공(5년제),1.63,1.63,,,,,1.42,1.31,,,90.17647058823529,1/1,국수영탐(2)
홍익대,건축학부 실내건축학전공,건축학부 실내건축학전공,1.26,1.22,,,,,1.63,1.52,,,90.11764705882354,2/2,국수영탐(2)
홍익대,경영학부,경영학부,1.26,1.31,,,,,1.47,1.52,,,88.17647058823529,1/1,국수영탐(2)
홍익대,경제학부,경제학부,1.26,1.26,,,,,1.47,1.47,,,89,2/1,국수영탐(2)
홍익대,교육학과,교육학과,1.26,1.22,,,,,1.52,1.52,,,85.97058823529412,2/1,국수영탐(2)
홍익대,국어교육과,국어교육과,1.31,1.37,,,,,1.47,1.42,,,87.23529411764706,2/2,국수영탐(2)
홍익대,국어국문학과,국어국문학과,1.37,1.37,,,,,1.42,1.42,,,83.94117647058823,2/3,국수영탐(2)
홍익대,기계・시스템디자인공학과,기계・시스템디자인공학과,1.22,1.26,,,,,1.47,1.47,,,,-/-,국수영탐(2)
홍익대,도시공학과,도시공학과,1.37,1.37,,,,,1.52,1.58,,,86.11764705882354,2/2,국수영탐(2)
홍익대,독어독문학과,독어독문학과,1.42,1.42,,,,,2.69,2.86,,,85.61764705882354,1/1,국수영탐(2)
홍익대,법학부,법학부,1.26,1.31,,,,,1.63,1.58,,,87.61764705882354,2/1,국수영탐(2)
홍익대,불어불문학과,불어불문학과,1.31,1.31,,,,,2.17,1.63,,,88.52941176470588,1/1,국수영탐(2)
홍익대,산업데이터공학과,산업데이터공학과,1.26,1.26,,,,,1.42,1.47,,,85.47058823529412,2/1,국수영탐(2)
홍익대,서울캠퍼스자율전공(인문・예능),서울캠퍼스자율전공(인문・예능),1.22,1.26,,,,,1.69,1.58,,,89.29411764705883,2/1,국수영탐(2)
홍익대,서울캠퍼스자율전공(자연・예능),서울캠퍼스자율전공(자연・예능),1.22,1.22,,,,,1.37,1.42,,,89.29411764705883,2/1,국수영탐(2)
홍익대,수학교육과,수학교육과,1.26,1.26,,,,,1.31,1.31,,,89,2/1,국수영탐(2)
홍익대,신소재・화공시스템공학부,신소재・화공시스템공학부,1.14,1.17,,,,,1.37,1.42,,,90.17647058823529,2/1,국수영탐(2)
홍익대,역사교육과,역사교육과,1.37,1.31,,,,,,,,,87.5,2/1,국수영탐(2)
홍익대,영어교육과,영어교육과,1.26,1.26,,,,,1.47,1.47,,,88.88235294117646,2/2,국수영탐(2)
홍익대,영어영문학과,영어영문학과,1.31,1.31,,,,,2.17,2.4,,,86.5,1/2,국수영탐(2)
홍익대,예술학과,예술학과,1.37,1.37,,,,,1.63,1.69,,,,-/-,"국수탐(2) 중 2개, 영"
홍익대,전자・전기공학부,전자・전기공학부,1.17,1.22,,,,,1.47,1.52,,,86.88235294117646,2/1,국수영탐(2)
홍익대,컴퓨터공학과,컴퓨터공학과,1.22,1.22,,,,,1.42,1.47,,,91.17647058823529,2/1,국수영탐(2)
홍익대(세종),AID융합과학기술대학자율전공,AID융합과학기술대학자율전공,2.58,2.63,,,,,2.8,2.8,,,70.94117647058823,3/2,국수영탐(2)
홍익대(세종),AI기계융합공학과,AI기계융합공학과,2.46,2.46,,,,,2.8,2.75,,,67.11764705882354,3/4,국수영탐(2)
홍익대(세종),건축공학부,건축공학부,2.12,2.17,,,,,2.58,2.69,,,72.70588235294117,3/2,국수영탐(2)
홍익대(세종),게임학부 게임소프트웨어전공(공학계),게임학부 게임소프트웨어전공(공학계),2.17,2.34,,,,,2.63,2.69,,,68.17647058823529,3/2,국수영탐(2)
홍익대(세종),광고홍보학부,광고홍보학부,2.06,2.17,,,,,2.28,2.4,,,86.25,3/2,"국수 중 1개, 영탐(2)"
홍익대(세종),나노반도체공학과,나노반도체공학과,2.51,2.63,,,,,2.63,2.63,,,70.70588235294117,3/2,국수영탐(2)
홍익대(세종),바이오화학융합공학과,바이오화학융합공학과,2.28,2.34,,,,,2.8,2.92,,,71.94117647058823,3/2,국수영탐(2)
홍익대(세종),상경학부,상경학부,2.4,2.46,,,,,2.92,2.97,,,79.25,3/2,"국수 중 1개, 영탐(2)"
홍익대(세종),세종캠퍼스자율전공(인문・예능),세종캠퍼스자율전공(인문・예능),1.74,1.85,,,,,2.23,2.34,,,89.5,2/1,"국수 중 1개, 영탐(2)"
홍익대(세종),세종캠퍼스자율전공(자연・예능),세종캠퍼스자율전공(자연・예능),2.06,2.12,,,,,2.23,2.69,,,73.47058823529412,2/2,국수영탐(2)
홍익대(세종),소프트웨어융합학과,소프트웨어융합학과,2.51,2.58,,,,,2.58,2.69,,,68.88235294117646,3/3,국수영탐(2)
홍익대(세종),전자전기융합공학과,전자전기융합공학과,2.46,2.51,,,,,2.97,2.97,,,69.94117647058823,4/2,국수영탐(2)
홍익대(세종),조선해양모빌리티공학과,조선해양모빌리티공학과,2.69,2.75,,,,,3.03,3.09,,,75.3529411764706,3/2,국수영탐(2)
화성의과학대,간호학과,간호학과,1.52,1.55,,,,,,,,,62.16880000000001,4/1,"국수영 중 2개, 탐탐한 중 2개"
화성의과학대,경찰과학수사학과,경찰과학수사학과,2.31,2.63,,,,,,,,,37.0036,2/7,"국수영 중 2개, 탐탐한 중 2개"
화성의과학대,데이터사이언스학과,데이터사이언스학과,,,,,,,,,,,59.668,4/6,"국수영 중 2개, 탐탐한 중 2개"
화성의과학대,라이프스타일테크학과,라이프스타일테크학과,,,,,,,,,,,36.168200000000006,5/3,"국수영 중 2개, 탐탐한 중 2개"
화성의과학대,바이오헬스케어학과,바이오헬스케어학과,,,,,,,,,,,48.8372,5/5,"국수영 중 2개, 탐탐한 중 2개"
화성의과학대,서비스디자인학과,서비스디자인학과,,,,,,,,,,,46.833,5/7,"국수영 중 2개, 탐탐한 중 2개"
화성의과학대,스포츠과학과,스포츠과학과,,,,,,,,,,,25.1666,4/2,"국수영 중 2개, 탐탐한 중 2개"
화성의과학대,의료경영학과,의료경영학과,2.4,2.97,,,,,,,,,27.667800000000007,3/3,"국수영 중 2개, 탐탐한 중 2개"
화성의과학대,의료사회복지학과,의료사회복지학과,2.6,3.04,,,,,,,,,41.997400000000006,4/5,"국수영 중 2개, 탐탐한 중 2개"
화성의과학대,의료심리학과,의료심리학과,2.96,3.16,,,,,,,,,57.8328,4/3,"국수영 중 2개, 탐탐한 중 2개"
화성의과학대,의생명과학과,의생명과학과,2.03,2.21,,,,,,,,,38.833200000000005,3/4,"국수영 중 2개, 탐탐한 중 2개"
화성의과학대,태권도학과,태권도학과,,,,,,,,,,,,-/-,"국수영 중 2개, 탐탐한 중 2개"
한세대,자유전공학부,자유전공학부,,,,,,,,,,,,-/-,"국수 중 1개, 영탐(1)"
한세대,신학과,신학과,,,,,,,,,,,,-/-,"국수 중 1개, 영탐(1)"
한세대,인문사회학부 미디어커뮤니케이션전공,인문사회학부 미디어커뮤니케이션전공,,,,,,,,,,,,-/-,"국수 중 1개, 영탐(1)"
한세대,인문사회학부 경영학전공,인문사회학부 경영학전공,,,,,,,,,,,,-/-,"국수 중 1개, 영탐(1)"
한세대,인문사회학부 관광경영학전공,인문사회학부 관광경영학전공,,,,,,,,,,,,-/-,"국수 중 1개, 영탐(1)"
한세대,인문사회학부 경찰행정학전공,인문사회학부 경찰행정학전공,,,,,,,,,,,,-/-,"국수 중 1개, 영탐(1)"
한세대,인문사회학부 사회복지학전공,인문사회학부 사회복지학전공,,,,,,,,,,,,-/-,"국수 중 1개, 영탐(1)"
한세대,인문사회학부 영어전공,인문사회학부 영어전공,,,,,,,,,,,,-/-,"국수 중 1개, 영탐(1)"
한세대,인문사회학부 중국어전공,인문사회학부 중국어전공,,,,,,,,,,,,-/-,"국수 중 1개, 영탐(1)"
한세대,IT학부,IT학부,,,,,,,,,,,,-/-,"국수 중 1개, 영탐(1)"
한세대,간호학과,간호학과,,,,,,,,,,,,-/-,"국수 중 1개, 영탐(1)"
한세대,디자인학부,디자인학부,,,,,,,,,,,,-/-,"국수 중 1개, 영탐(1)"
